Report Number,Local Case Number,Agency Name,ACRS Report Type,Crash Date/Time,Route Type,Road Name,Cross-Street Name,Collision Type,Weather,Surface Condition,Light,Traffic Control,Driver Substance Abuse,Driver At Fault,Injury Severity,Driver Distracted By,Drivers License State,Vehicle Body Type,Speed Limit,Vehicle Year,Vehicle Make,Vehicle Model,Crash Hour,Crash Day,Crash Month
MCP21910038,200007683,Montgomery County Police,Property Damage Crash,2020-02-15 13:07:00,Maryland (State),OLD GEORGETOWN RD,ROCKVILLE PIKE,SAME DIRECTION LEFT TURN,CLEAR,DRY,DAYLIGHT,TRAFFIC SIGNAL,NONE DETECTED,Yes,No Apparent Injury,LOOKED BUT DID NOT SEE,MD,Passenger Car,35,2010.0,Toyota,CAMRY,13,Saturday,2
MCP2904001D,15053492,MONTGOMERY,Injury Crash,2015-10-21 19:57:00,Interstate (State),CAPITAL BELTWAY,UNIVERSITY BLVD E,SAME DIRECTION RIGHT TURN,CLEAR,DRY,DARK NO LIGHTS,NO CONTROLS,NONE DETECTED,Yes,No Apparent Injury,LOOKED BUT DID NOT SEE,MD,Passenger Car,55,2010.0,Honda,CIVIC,19,Wednesday,10
MCP15650041,210003105,Montgomery County Police,Injury Crash,2021-01-25 11:53:00,Maryland (State),NEW HAMPSHIRE AVE,E RANDOLPH RD,SAME DIR REAR END,CLEAR,DRY,DAYLIGHT,NO CONTROLS,NONE DETECTED,No,Suspected Minor Injury,NOT DISTRACTED,MD,Passenger Car,40,2010.0,Toyota,CAMRY,11,Monday,1
MCP2936002W,180055700,Montgomery County Police,Injury Crash,2018-11-06 16:10:00,County,MONTROSE RD,TILDENWOOD DR,STRAIGHT MOVEMENT ANGLE,RAINING,WET,DAYLIGHT,TRAFFIC SIGNAL,NONE DETECTED,Yes,No Apparent Injury,LOOKED BUT DID NOT SEE,MD,(Sport) Utility Vehicle,35,2017.0,Kia,SORENTO,16,Tuesday,11
MCP21500007,200031047,Montgomery County Police,Property Damage Crash,2020-08-10 10:45:00,County,SHADY GROVE RD,ENT TO MONT CO TRANSFER STATION,SAME DIRECTION SIDESWIPE,CLEAR,DRY,DAYLIGHT,TRAFFIC SIGNAL,NONE DETECTED,No,No Apparent Injury,NOT DISTRACTED,MD,Passenger Car,35,2006.0,Toyota,TUNDRA,10,Monday,8
DD5538001T,16049474,Rockville Police Departme,Injury Crash,2016-09-26 10:55:00,Municipality,TWINBROOK PKWY,CHAPMAN AVE,STRAIGHT MOVEMENT ANGLE,CLOUDY,DRY,DAYLIGHT,Unknown,NONE DETECTED,No,No Apparent Injury,NOT DISTRACTED,MD,Passenger Car,30,2009.0,Toyt,4S SCION,10,Monday,9
MCP1257000C,15021079,Montgomery County Police,Injury Crash,2015-05-04 12:09:00,Maryland (State),GREAT SENECA HWY,CLOPPER RD,STRAIGHT MOVEMENT ANGLE,CLEAR,DRY,DAYLIGHT,Unknown,NONE DETECTED,No,Suspected Minor Injury,NOT DISTRACTED,MD,Passenger Car,45,2006.0,Honda,ACC,12,Monday,5
MCP2848004R,170517071,Montgomery County Police,Property Damage Crash,2017-07-03 10:19:00,County,ROCKLEDGE DR,ROCKLEDGE BLVD,SAME DIR REAR END,CLEAR,DRY,DAYLIGHT,TRAFFIC SIGNAL,NONE DETECTED,No,No Apparent Injury,NOT DISTRACTED,MD,Passenger Car,30,2013.0,Toyota,CAMRY,10,Monday,7
MCP2365001X,200050290,Montgomery County Police,Injury Crash,2020-12-22 10:07:00,County,BRIGGS CHANEY RD,RAMP 1 FR US29 NB TO BRIGGS CHANEY RD WB,ANGLE MEETS LEFT TURN,CLEAR,DRY,DAYLIGHT,TRAFFIC SIGNAL,NONE DETECTED,No,Possible Injury,NOT DISTRACTED,MD,Passenger Car,35,2003.0,Honda,CRV,10,Tuesday,12
MCP28980030,200018392,Montgomery County Police,Property Damage Crash,2020-05-05 21:05:00,Maryland (State),GERMANTOWN RD,SENECA MEADOWS PKWY,STRAIGHT MOVEMENT ANGLE,RAINING,WET,DARK LIGHTS ON,TRAFFIC SIGNAL,Unknown,No,No Apparent Injury,NOT DISTRACTED,MD,(Sport) Utility Vehicle,40,2011.0,Toyt,TK,21,Tuesday,5
MCP24530001,240039388,MONTGOMERY,Property Damage Crash,2024-08-20 14:40:00,Unknown,Unknown,Unknown,Angle,Cloudy,Unknown,Daylight,Unknown,"Not Suspect of Alcohol Use, Not Suspect of Drug Use",Yes,No Apparent Injury,Unknown,MD,Sport Utility Vehicle,0,2016.0,Honda,CR-V,14,Tuesday,8
MCP20470059,240015161,MONTGOMERY,Property Damage Crash,2024-04-01 12:05:00,Maryland (State) Route,NORBECK RD,Unknown,Front to Rear,Rain,Wet,Daylight,No Controls,"Not Suspect of Alcohol Use, Not Suspect of Drug Use",No,No Apparent Injury,"Other Action (looking away from task, etc.)",MD,Passenger Car,40,2020.0,Chevrolet,TRAX,12,Monday,4
MCP3254001W,220019389,Montgomery County Police,Property Damage Crash,2022-05-07 06:21:00,Maryland (State),CLOPPER RD,METZ DR,SINGLE VEHICLE,CLEAR,WET,DAYLIGHT,NO CONTROLS,ALCOHOL CONTRIBUTED,Yes,No Apparent Injury,UNKNOWN,MD,Van,45,2006.0,Honda,ODYSSEY,6,Saturday,5
MCP3093003Y,220036920,Montgomery County Police,Property Damage Crash,2022-08-26 15:43:00,Maryland (State),BROOKVILLE RD,TAYLOR ST,OTHER,CLEAR,Unknown,DAYLIGHT,Unknown,Unknown,No,No Apparent Injury,NOT DISTRACTED,MD,"Other Light Trucks (10,000Lbs (4,536Kg) Or Less)",25,2012.0,Ford,ECOLINE,15,Friday,8
MCP3312000D,220005465,Montgomery County Police,Property Damage Crash,2022-02-08 12:20:00,Maryland (State),EAST WEST HWY,COLESVILLE RD,SAME DIR BOTH LEFT TURN,CLEAR,DRY,DAYLIGHT,NO CONTROLS,Unknown,No,No Apparent Injury,NOT DISTRACTED,MD,"Cargo Van/Light Truck 2 Axles (Over 10,000Lbs (4,536 Kg))",35,2019.0,Ford,SERVICE TRUCK,12,Tuesday,2
MCP2814003L,230010306,Montgomery County Police,Property Damage Crash,2023-03-02 08:24:00,County,SHADY GROVE RD,OAKMONT AVE,ANGLE MEETS RIGHT TURN,Unknown,DRY,DAYLIGHT,TRAFFIC SIGNAL,NONE DETECTED,No,No Apparent Injury,NOT DISTRACTED,MD,Passenger Car,45,2014.0,Honda,ACCORD,8,Thursday,3
MCP3224001G,220027873,Montgomery County Police,Property Damage Crash,2022-06-28 19:50:00,County,ENNALLS AVE,GEORGIA AVE,SAME DIRECTION LEFT TURN,CLEAR,DRY,DAYLIGHT,TRAFFIC SIGNAL,NONE DETECTED,No,No Apparent Injury,NOT DISTRACTED,MD,Passenger Car,15,2018.0,Chevrolet,CRUZ,19,Tuesday,6
MCP2456006M,220030983,Montgomery County Police,Property Damage Crash,2022-07-19 07:50:00,Maryland (State),NEW HAMPSHIRE AVE,ADELPHI RD,SAME DIR BOTH LEFT TURN,CLEAR,DRY,DAYLIGHT,TRAFFIC SIGNAL,NONE DETECTED,No,No Apparent Injury,NOT DISTRACTED,MD,Passenger Car,40,2010.0,Toyt,HB,7,Tuesday,7
MCP3002002Q,180046997,Montgomery County Police,Injury Crash,2018-09-20 13:47:00,Maryland (State),CONNECTICUT AVE,RAMP 3 FR IS 495 EB TO MD 185 NB,SAME DIR REAR END,CLOUDY,DRY,DAYLIGHT,TRAFFIC SIGNAL,NONE DETECTED,No,Possible Injury,NOT DISTRACTED,MD,(Sport) Utility Vehicle,35,2015.0,Jeep,COMPASS,13,Thursday,9
MCP3276001C,210040560,Montgomery County Police,Injury Crash,2021-10-11 03:02:00,Maryland (State),GEORGIA AVE,SPRING ST,STRAIGHT MOVEMENT ANGLE,CLEAR,WET,DARK LIGHTS ON,FLASHING TRAFFIC SIGNAL,NONE DETECTED,Yes,No Apparent Injury,LOOKED BUT DID NOT SEE,VA,Passenger Car,35,2020.0,Toyota,RAV4,3,Monday,10
MCP21020042,230031687,Montgomery County Police,Injury Crash,2023-07-03 11:16:00,Maryland (State),RIDGE RD,DAVIS MILL RD,STRAIGHT MOVEMENT ANGLE,CLEAR,DRY,DAYLIGHT,STOP SIGN,NONE DETECTED,No,Suspected Minor Injury,NOT DISTRACTED,MD,Passenger Car,40,2015.0,Kia,OPTIMA 4S,11,Monday,7
MCP3001000K,16007211,Montgomery County Police,Property Damage Crash,2016-02-12 07:29:00,County,RANDOLPH RD,HAMMONTON PL,STRAIGHT MOVEMENT ANGLE,CLEAR,DRY,DAYLIGHT,STOP SIGN,NONE DETECTED,Yes,No Apparent Injury,LOOKED BUT DID NOT SEE,MD,Passenger Car,40,1992.0,Merz,4S,7,Friday,2
MCP2399006X,230049595,Montgomery County Police,Injury Crash,2023-08-15 15:30:00,County,WATKINS MILL RD,CRESTED IRIS DR,SAME DIR REAR END,CLEAR,DRY,DAYLIGHT,NO CONTROLS,NONE DETECTED,No,Possible Injury,NOT DISTRACTED,MD,Passenger Car,35,2021.0,Toyt,C-HR,15,Tuesday,8
MCP2965005F,210042905,Montgomery County Police,Property Damage Crash,2021-10-25 10:00:00,County,BROOKEVILLE RD,ZION RD,HEAD ON,CLEAR,DRY,DAYLIGHT,NO CONTROLS,NONE DETECTED,No,No Apparent Injury,NOT DISTRACTED,MD,"Cargo Van/Light Truck 2 Axles (Over 10,000Lbs (4,536 Kg))",35,2006.0,Internation,TRK,10,Monday,10
MCP2372000H,180019693,Montgomery County Police,Injury Crash,2018-04-22 14:10:00,Maryland (State),OLD GEORGETOWN RD,BEECH AVE,HEAD ON LEFT TURN,CLEAR,DRY,DAYLIGHT,TRAFFIC SIGNAL,NONE DETECTED,No,Possible Injury,NOT DISTRACTED,MD,Passenger Car,40,2014.0,Nissan,SENTRA,14,Sunday,4
MCP2594002J,170517427,Montgomery County Police,Property Damage Crash,2017-07-05 14:00:00,Maryland (State),LAYHILL RD,ENT TO METRO STORAGE YARD,SAME DIRECTION SIDESWIPE,CLOUDY,DRY,DAYLIGHT,STOP SIGN,NONE DETECTED,Yes,No Apparent Injury,LOOKED BUT DID NOT SEE,MD,Passenger Car,40,2012.0,Chevrolet,COLORADO,14,Wednesday,7
MCP3029002M,190021962,Montgomery County Police,Injury Crash,2019-05-09 20:37:00,County,FAIRLAND RD,COLUMBIA PIKE,SAME DIR REAR END,CLEAR,DRY,DARK LIGHTS ON,NO CONTROLS,NONE DETECTED,Yes,No Apparent Injury,INATTENTIVE OR LOST IN THOUGHT,MD,Passenger Car,30,2009.0,Honda,ACCORD,20,Thursday,5
MCP2456007Z,230065301,Montgomery County Police,Property Damage Crash,2023-11-09 09:00:00,Maryland (State),UNIVERSITY BLVD E,BEGIN BRIDGE,SAME DIR REAR END,CLEAR,DRY,DAYLIGHT,NO CONTROLS,NONE DETECTED,Yes,No Apparent Injury,NOT DISTRACTED,MD,Pickup Truck,35,2004.0,Ford,PICK UP,9,Thursday,11
MCP3227003L,220025400,Montgomery County Police,Injury Crash,2022-06-13 14:40:00,US (State),COLUMBIA PIKE,ENT TO BURNT MILLS SHOPPING CENTER,STRAIGHT MOVEMENT ANGLE,CLEAR,DRY,DAYLIGHT,TRAFFIC SIGNAL,NONE DETECTED,No,Suspected Minor Injury,NOT DISTRACTED,MD,Motorcycle,40,2017.0,Kawk,EX300,14,Monday,6
MCP2399000P,15052767,MONTGOMERY,Injury Crash,2015-10-17 17:32:00,County,ODENDHAL AVE,LOST KNIFE RD,HEAD ON LEFT TURN,CLEAR,DRY,DAYLIGHT,TRAFFIC SIGNAL,NONE DETECTED,Unknown,Suspected Minor Injury,UNKNOWN,MD,(Sport) Utility Vehicle,35,2013.0,Toyota,RAV4,17,Saturday,10
MCP3138006C,240011459,MONTGOMERY,Injury Crash,2024-03-09 17:37:00,Maryland (State) Route,LAYHILL RD,Unknown,Front to Front,Rain,Wet,Dusk,No Controls,"Not Suspect of Alcohol Use, Not Suspect of Drug Use",No,Suspected Minor Injury,Not Distracted,MD,Passenger Car,40,2022.0,Toyota,RAV4,17,Saturday,3
MCP28640051,240037008,MONTGOMERY,Property Damage Crash,2024-08-06 08:22:00,Unknown,Unknown,Unknown,"Sideswipe, Same Direction",Clear,Unknown,Daylight,Unknown,"Not Suspect of Alcohol Use, Not Suspect of Drug Use",Yes,No Apparent Injury,Unknown,VA,Van - Passenger (&Lt;9 Seats),0,2009.0,Chevrolet,EXPRESS,8,Tuesday,8
MCP203900CP,250027563,MONTGOMERY,Property Damage Crash,2025-06-19 22:00:00,County Route,DELANO ST,Unknown,"Sideswipe, Same Direction",Unknown,Dry,Dark - Not Lighted,No Controls,"Not Suspect of Alcohol Use, Not Suspect of Drug Use",Yes,No Apparent Injury,"Other Action (looking away from task, etc.)",MD,Passenger Car,25,2023.0,Toyota,CAMRY,22,Thursday,6
MCP28660068,200018740,Montgomery County Police,Injury Crash,2020-05-08 15:34:00,Maryland (State),CONNECTICUT AVE,PERRY AVE,SAME DIR REAR END,RAINING,WET,DAYLIGHT,NO CONTROLS,NONE DETECTED,No,No Apparent Injury,NOT DISTRACTED,MD,Passenger Car,35,2008.0,Ford,ESCAPE,15,Friday,5
MCP271700P2,190030173,Montgomery County Police,Property Damage Crash,2019-06-24 16:45:00,Maryland (State),UNIVERSITY BLVD W,LEXINGTON ST,OTHER,RAINING,WET,DAYLIGHT,TRAFFIC SIGNAL,NONE DETECTED,Yes,No Apparent Injury,LOOKED BUT DID NOT SEE,MD,Passenger Car,35,2011.0,Hyundai,SONATA,16,Monday,6
MCP30750012,180011249,Montgomery County Police,Property Damage Crash,2018-03-05 16:34:00,County,MIDDLEBROOK RD,ENT TO MIDDLEBROOK SQ SHOPPING CENTER,OTHER,CLEAR,DRY,DAYLIGHT,Unknown,NONE DETECTED,Yes,No Apparent Injury,NOT DISTRACTED,MD,Pickup Truck,40,2005.0,Chev,SILVERADO,16,Monday,3
MCP2116005Y,17011170,Montgomery County Police,Property Damage Crash,2017-03-02 19:01:00,County,RANDOLPH RD,CHAPMAN AVE,STRAIGHT MOVEMENT ANGLE,CLEAR,DRY,DARK LIGHTS ON,TRAFFIC SIGNAL,NONE DETECTED,No,No Apparent Injury,NOT DISTRACTED,MD,Passenger Car,40,2008.0,Toyt,4S,19,Thursday,3
MCP94280037,210012912,Montgomery County Police,Property Damage Crash,2021-04-07 06:42:00,County,OBSERVATION DR,GREAT PARK CIR,SINGLE VEHICLE,CLEAR,DRY,DUSK,NO CONTROLS,NONE DETECTED,Yes,No Apparent Injury,EATING OR DRINKING,MD,(Sport) Utility Vehicle,40,2008.0,Ford,ESCAPE,6,Wednesday,4
DD561500H4,240046699,ROCKVILLE,Property Damage Crash,2024-09-30 17:00:00,Maryland (State) Route,VEIRS MILL RD (WB/L),Unknown,Front to Rear,Rain,Wet,Daylight,No Controls,"Not Suspect of Alcohol Use, Not Suspect of Drug Use",No,No Apparent Injury,Not Distracted,MD,Passenger Car,35,2023.0,Tesla,MODEL 3,17,Monday,9
MCP3414001P,250017399,MONTGOMERY,Property Damage Crash,2025-04-22 09:45:00,Maryland (State) Route,PINEY BRANCH RD,Unknown,Angle,Clear,Dry,Daylight,No Controls,"Not Suspect of Alcohol Use, Not Suspect of Drug Use",No,No Apparent Injury,Not Distracted,MD,Passenger Car,30,2015.0,Dodge,JOURNEY,9,Tuesday,4
EJ7898001B,230058477,Gaithersburg Police Depar,Property Damage Crash,2023-10-04 12:30:00,Unknown,E DEER PARK DR,CENTRAL AVE,STRAIGHT MOVEMENT ANGLE,CLEAR,DRY,DAYLIGHT,STOP SIGN,UNKNOWN,Yes,No Apparent Injury,UNKNOWN,Unknown,Passenger Car,25,2023.0,Toyota,UT,12,Wednesday,10
MCP2923002X,170507228,Montgomery County Police,Property Damage Crash,2017-05-11 13:44:00,County,RANDOLPH RD,MIDDLEVALE LA,OTHER,RAINING,WET,DAYLIGHT,TRAFFIC SIGNAL,NONE DETECTED,No,No Apparent Injury,NOT DISTRACTED,MD,Passenger Car,35,2012.0,Volk,PASSAT,13,Thursday,5
MCP2402000F,190021801,Montgomery County Police,Injury Crash,2019-05-08 21:36:00,Maryland (State),S FREDERICK RD,N WESTLAND DR,SAME DIR REAR END,CLEAR,DRY,DARK LIGHTS ON,NO CONTROLS,Unknown,Yes,No Apparent Injury,NOT DISTRACTED,MD,Passenger Car,40,2006.0,Jeep,LIBERTY,21,Wednesday,5
MCP22910083,240043444,MONTGOMERY,Property Damage Crash,2024-09-12 16:25:00,Unknown,Unknown,Unknown,Front to Rear,Clear,Unknown,Daylight,Unknown,"Unknown, Unknown",No,Unknown,Unknown,Unknown,Sport Utility Vehicle,0,2021.0,Jeep,WRANGLER,16,Thursday,9
MCP29540025,16041230,Montgomery County Police,Injury Crash,2016-08-14 14:20:00,US (State),COLESVILLE RD,TIMBERWOOD AVE,SAME DIR REAR END,CLEAR,DRY,DAYLIGHT,NO CONTROLS,NONE DETECTED,Yes,Possible Injury,UNKNOWN,MD,Passenger Car,40,1994.0,Toyota,COROLLA,14,Sunday,8
MCP3190006V,250040144,MONTGOMERY,Injury Crash,2025-09-07 15:00:00,Unknown,Unknown,Unknown,Angle,Clear,Unknown,Daylight,Unknown,"Not Suspect of Alcohol Use, Not Suspect of Drug Use",No,No Apparent Injury,Unknown,MD,Passenger Car,0,2017.0,Toyota,CAMRY,15,Sunday,9
HA23370008,17001507,Maryland-National Capital,Injury Crash,2017-11-15 14:34:00,Government,SLIGO CREEK PKWY,THREE OAKS DR,SAME DIR REAR END,CLEAR,DRY,DAYLIGHT,NO CONTROLS,Unknown,Yes,No Apparent Injury,NOT DISTRACTED,MD,Passenger Car,25,2005.0,Honda,ACCORD,14,Wednesday,11
MCP3044003D,190011121,Montgomery County Police,Injury Crash,2019-03-10 16:34:00,Unknown,Unknown,Unknown,STRAIGHT MOVEMENT ANGLE,CLEAR,Unknown,DAYLIGHT,NO CONTROLS,NONE DETECTED,No,Possible Injury,NOT DISTRACTED,MD,Passenger Car,5,2019.0,Honda,CIVIC,16,Sunday,3
MCP2971001P,16044674,Montgomery County Police,Property Damage Crash,2016-09-01 15:19:00,Maryland (State),NEW HAMPSHIRE AVE,TANLEY RD,SAME DIR REAR END,CLOUDY,DRY,DAYLIGHT,NO CONTROLS,NONE DETECTED,No,No Apparent Injury,NOT DISTRACTED,MD,Police Vehicle/Non Emergency,40,2007.0,Chev,IMPALA,15,Thursday,9
MCP13050052,210036565,Montgomery County Police,Property Damage Crash,2021-09-16 17:03:00,County,SNOUFFERS SCHOOL RD,WOODFIELD RD,SAME DIR REAR END,RAINING,WET,DAYLIGHT,NO CONTROLS,NONE DETECTED,No,No Apparent Injury,NOT DISTRACTED,MD,Passenger Car,35,2018.0,Hyun,4H,17,Thursday,9
MCP13540008,15022748,Montgomery County Police,Injury Crash,2015-05-13 00:03:00,County,W WILLARD RD,W OFFUTT RD,SINGLE VEHICLE,CLEAR,DRY,DARK NO LIGHTS,Unknown,NONE DETECTED,Yes,No Apparent Injury,NOT DISTRACTED,VA,Passenger Car,35,2015.0,Honda,ACCORD,0,Wednesday,5
MCP10940012,200024860,Montgomery County Police,Injury Crash,2020-06-25 23:28:00,Maryland (State),MUNCASTER MILL RD,SHADY GROVE RD,OTHER,CLEAR,DRY,DARK LIGHTS ON,TRAFFIC SIGNAL,NONE DETECTED,No,Possible Injury,NOT DISTRACTED,MD,Passenger Car,40,2014.0,Honda,4 DOOR,23,Thursday,6
MCP2162002B,170512577,Montgomery County Police,Injury Crash,2017-06-08 21:17:00,Maryland (State),GEORGIA AVE,EMORY LA,SAME DIR REAR END,CLEAR,DRY,DARK LIGHTS ON,TRAFFIC SIGNAL,Unknown,No,Possible Injury,NOT DISTRACTED,MD,Passenger Car,45,2013.0,Mazda,CX5,21,Thursday,6
MCP2719000X,16015056,MONTGOMERY,Property Damage Crash,2016-03-27 20:53:00,Maryland (State),UNIVERSITY BLVD W,DENNIS AVE,SAME DIR REAR END,RAINING,WET,DARK LIGHTS ON,TRAFFIC SIGNAL,Unknown,Yes,No Apparent Injury,NOT DISTRACTED,MD,Passenger Car,40,2002.0,Toyota,VAN,20,Sunday,3
MCP3042003H,210043037,Montgomery County Police,Injury Crash,2021-10-26 06:10:00,Maryland (State),GEORGIA AVE,WINDHAM LA,STRAIGHT MOVEMENT ANGLE,RAINING,WET,DARK LIGHTS ON,TRAFFIC SIGNAL,NONE DETECTED,Yes,Suspected Minor Injury,LOOKED BUT DID NOT SEE,MD,Passenger Car,35,2004.0,Hond,PILOT,6,Tuesday,10
MCP12020056,210048172,Montgomery County Police,Property Damage Crash,2021-11-27 13:33:00,County,HILLANDALE RD,CHEVY CHASE DR,HEAD ON LEFT TURN,CLEAR,DRY,DAYLIGHT,NO CONTROLS,NONE DETECTED,No,No Apparent Injury,NOT DISTRACTED,MD,Passenger Car,25,2013.0,Jeep,GRAND CHEROKEE,13,Saturday,11
MCP3123002P,210034298,Montgomery County Police,Property Damage Crash,2021-08-30 12:10:00,Unknown,Unknown,Unknown,OTHER,CLEAR,Unknown,DAYLIGHT,OTHER,NONE DETECTED,Yes,No Apparent Injury,INATTENTIVE OR LOST IN THOUGHT,MD,Passenger Car,5,2010.0,Toyota,HIGHLANDER,12,Monday,8
MCP1202004X,210019022,Montgomery County Police,Property Damage Crash,2021-05-08 17:30:00,Unknown,Unknown,Unknown,OTHER,CLEAR,Unknown,DAYLIGHT,NO CONTROLS,UNKNOWN,No,No Apparent Injury,NOT DISTRACTED,DC,Passenger Car,0,2012.0,Vw,GOLF,17,Saturday,5
DD5614000C,16006991,Rockville Police Departme,Property Damage Crash,2016-02-10 19:10:00,Municipality,CHURCH ST,ROCKVILLE PIKE,SAME DIR REAR END,Unknown,DRY,DARK LIGHTS ON,TRAFFIC SIGNAL,NONE DETECTED,No,No Apparent Injury,NOT DISTRACTED,MD,Van,25,2004.0,Toyt,VN,19,Wednesday,2
MCP2845007Z,210046804,Montgomery County Police,Property Damage Crash,2021-11-18 11:33:00,County,SOUTHWOOD AVE,COLESVILLE RD,HEAD ON,CLEAR,DRY,DAYLIGHT,TRAFFIC SIGNAL,NONE DETECTED,No,No Apparent Injury,NOT DISTRACTED,MD,Passenger Car,40,2004.0,Honda,ACCORD,11,Thursday,11
MCP2947000W,15044143,MONTGOMERY,Injury Crash,2015-09-02 14:44:00,Unknown,Unknown,Unknown,STRAIGHT MOVEMENT ANGLE,CLEAR,Unknown,DAYLIGHT,NO CONTROLS,NONE DETECTED,No,No Apparent Injury,NOT DISTRACTED,MD,Passenger Car,0,2010.0,Toyota,4D,14,Wednesday,9
MCP3380003R,250049603,MONTGOMERY,Property Damage Crash,2025-11-05 07:30:00,Maryland (State) Route,GEORGIA AVE (SB/L),Unknown,Front to Rear,Clear,Dry,Daylight,No Controls,"Not Suspect of Alcohol Use, Not Suspect of Drug Use",No,No Apparent Injury,Not Distracted,MD,Passenger Car,30,2022.0,Subaru,OUTBACK,7,Wednesday,11
MCP2198002P,170519105,Montgomery County Police,Injury Crash,2017-07-14 15:33:00,Municipality,E DIAMOND AVE,CHESTNUT ST,HEAD ON LEFT TURN,RAINING,WET,DAYLIGHT,NO CONTROLS,Unknown,No,Possible Injury,NOT DISTRACTED,MD,Passenger Car,30,2014.0,Chevrolet,CRUZE,15,Friday,7
DD5502004M,180053241,Rockville Police Departme,Property Damage Crash,2018-10-24 11:15:00,Municipality,BROADWOOD DR,GRUENTHER AVE,SAME DIRECTION LEFT TURN,CLOUDY,DRY,DAYLIGHT,NO CONTROLS,NONE DETECTED,No,No Apparent Injury,NOT DISTRACTED,MD,Passenger Car,25,2006.0,Niss,4S,11,Wednesday,10
MCP2965008P,240025217,MONTGOMERY,Injury Crash,2024-05-28 13:30:00,Maryland (State) Route,Unknown,NEW HAMPSHIRE AVE,Front to Front,Clear,Dry,Daylight,Traffic Control Signal,"Not Suspect of Alcohol Use, Not Suspect of Drug Use",Yes,Suspected Minor Injury,Unknown,MD,Passenger Car,35,2017.0,Ford,FOCUS,13,Tuesday,5
MCP33480049,250014416,MONTGOMERY,Injury Crash,2025-04-02 19:56:00,County Route,LONGMEAD CROSSING DR,LAYHILL RD (SB/L),Front to Front,Clear,Dry,Dark - Lighted,Traffic Control Signal,"Not Suspect of Alcohol Use, Not Suspect of Drug Use",Yes,Suspected Minor Injury,Not Distracted,MD,Passenger Car,35,2020.0,Toyota,COROLLA,19,Wednesday,4
MCP2674005V,250006091,MONTGOMERY,Property Damage Crash,2025-02-10 19:15:00,Maryland (State) Route,DAMASCUS RD,Unknown,Front to Rear,Clear,Dry,Dark - Not Lighted,No Controls,"Unknown, Unknown",No,Unknown,Unknown,Unknown,Pickup,40,2017.0,Chevrolet,SILVERADO,19,Monday,2
MCP29470013,15055343,MONTGOMERY,Property Damage Crash,2015-10-31 14:04:00,Maryland (State),GEORGIA AVE,BEL PRE RD,STRAIGHT MOVEMENT ANGLE,CLEAR,DRY,DAYLIGHT,TRAFFIC SIGNAL,NONE DETECTED,No,No Apparent Injury,NOT DISTRACTED,MD,(Sport) Utility Vehicle,50,2012.0,Lexus,RX350,14,Saturday,10
MCP3264000D,200033899,Montgomery County Police,Property Damage Crash,2020-08-30 12:58:00,US (State),GEORGIA AVE,BLAIR RD,STRAIGHT MOVEMENT ANGLE,CLEAR,DRY,DAYLIGHT,NO CONTROLS,UNKNOWN,Yes,No Apparent Injury,UNKNOWN,Unknown,Passenger Car,35,2000.0,Toyota,2S,12,Sunday,8
MCP3021003K,180053040,Montgomery County Police,Property Damage Crash,2018-10-23 11:30:00,US (State),COLUMBIA PIKE,FAIRLAND RD,SAME DIR REAR END,CLEAR,DRY,DAYLIGHT,NO CONTROLS,NONE DETECTED,Yes,No Apparent Injury,NOT DISTRACTED,MD,Passenger Car,50,2011.0,Toyota,RAV4,11,Tuesday,10
MCP1202004M,200044628,Montgomery County Police,Property Damage Crash,2020-11-12 09:43:00,Maryland (State),RIVER RD,BURDETTE RD,SAME DIR REAR END,RAINING,WET,DAYLIGHT,TRAFFIC SIGNAL,NONE DETECTED,No,No Apparent Injury,NOT DISTRACTED,MD,Passenger Car,35,2011.0,Mercedes,4S,9,Thursday,11
MCP1064006Y,170546904,Montgomery County Police,Property Damage Crash,2017-12-06 09:32:00,US (State),COLUMBIA PIKE,LOCKWOOD DR,SAME DIR REAR END,CLOUDY,DRY,DAYLIGHT,TRAFFIC SIGNAL,Unknown,No,No Apparent Injury,NOT DISTRACTED,DC,Van,40,2010.0,Ford,E150,9,Wednesday,12
MCP2789002V,16059098,Montgomery County Police,Property Damage Crash,2016-11-16 19:12:00,Interstate (State),CAPITAL BELTWAY,GEORGIA AVE,SAME DIR REAR END,CLEAR,Unknown,DARK LIGHTS ON,NO CONTROLS,Unknown,No,No Apparent Injury,NOT DISTRACTED,MD,Pickup Truck,55,2013.0,Ford,F150,19,Wednesday,11
MCP2059002N,16020941,Montgomery County Police,Injury Crash,2016-04-28 14:16:00,Unknown,Unknown,Unknown,STRAIGHT MOVEMENT ANGLE,RAINING,Unknown,DAYLIGHT,NO CONTROLS,NONE DETECTED,No,Suspected Minor Injury,NOT DISTRACTED,MD,Passenger Car,10,2006.0,Buick,LUCERNE,14,Thursday,4
MCP3319003M,250023848,MONTGOMERY,Property Damage Crash,2025-05-29 13:27:00,County Route,DEVON RD,DALE DR PINEY BRANCH RD THAYER PL,Angle,Cloudy,Dry,Daylight,Traffic Control Signal,"Not Suspect of Alcohol Use, Not Suspect of Drug Use",No,No Apparent Injury,Not Distracted,MD,Sport Utility Vehicle,30,2023.0,Chevrolet,SUBURBAN,13,Thursday,5
MCP3155000L,180057602,Montgomery County Police,Property Damage Crash,2018-11-16 23:03:00,Maryland (State),NEW HAMPSHIRE AVE,CHALMERS RD,HEAD ON LEFT TURN,CLEAR,DRY,DARK LIGHTS ON,NO CONTROLS,NONE DETECTED,No,No Apparent Injury,NOT DISTRACTED,MD,Passenger Car,40,2011.0,Volkswagen,JETTA,23,Friday,11