Report Number,Local Case Number,Agency Name,ACRS Report Type,Crash Date/Time,Route Type,Road Name,Cross-Street Name,Collision Type,Weather,Surface Condition,Light,Traffic Control,Driver Substance Abuse,Driver At Fault,Injury Severity,Driver Distracted By,Drivers License State,Vehicle Body Type,Speed Limit,Vehicle Year,Vehicle Make,Vehicle Model,Crash Hour,Crash Day,Crash Month
MCP2940000Z,16061435,Montgomery County Police,Property Damage Crash,2016-11-30 12:55:00,Maryland (State),WISCONSIN AVE,WALSH ST,SAME DIR REAR END,CLOUDY,WET,DAYLIGHT,NO CONTROLS,NONE DETECTED,Yes,No Apparent Injury,NOT DISTRACTED,VA,(Sport) Utility Vehicle,35,2004.0,Honda,ELEMENT,12,Wednesday,11
MCP27670087,200030140,Montgomery County Police,Injury Crash,2020-08-03 16:35:00,County,BONIFANT RD,LAYHILL RD,SAME DIR REAR END,CLOUDY,DRY,DAYLIGHT,NO CONTROLS,UNKNOWN,Yes,No Apparent Injury,UNKNOWN,Unknown,"Other Light Trucks (10,000Lbs (4,536Kg) Or Less)",35,2012.0,Chevrolet,EXPRESS,16,Monday,8
MCP2608002L,210036843,Montgomery County Police,Property Damage Crash,2021-09-18 16:00:00,Maryland (State),GEORGIA AVE,LAYHILL RD,SAME DIRECTION SIDESWIPE,CLEAR,DRY,DAYLIGHT,NO CONTROLS,NONE DETECTED,No,No Apparent Injury,NOT DISTRACTED,MD,Passenger Car,35,2009.0,Toyota,CAMRY,16,Saturday,9
MCP3126006V,250033242,MONTGOMERY,Property Damage Crash,2025-07-25 19:40:00,Unknown,Unknown,Unknown,Single Vehicle,Clear,Unknown,Daylight,Unknown,"Unknown, Unknown",No,Unknown,Unknown,Unknown,Van - Passenger (&Lt;9 Seats),0,2012.0,Mercedes-Benz,SPRINTER,19,Friday,7
MCP29370018,15064395,MONTGOMERY,Injury Crash,2015-12-17 06:28:00,US (State),COLUMBIA PIKE,BLACKBURN RD,STRAIGHT MOVEMENT ANGLE,CLEAR,DRY,DARK LIGHTS ON,TRAFFIC SIGNAL,NONE DETECTED,No,Suspected Minor Injury,NOT DISTRACTED,MD,Passenger Car,30,2000.0,Chevrolet,IMPALA,6,Thursday,12
MCP2436000Y,15054468,MONTGOMERY,Injury Crash,2015-10-27 08:48:00,County,E FRANKLIN AVE,UNIVERSITY BLVD E,STRAIGHT MOVEMENT ANGLE,CLEAR,Unknown,DAYLIGHT,TRAFFIC SIGNAL,NONE DETECTED,Yes,No Apparent Injury,UNKNOWN,DC,Passenger Car,30,2010.0,Lincoln,TOWN CAR,8,Tuesday,10
MCP1342000N,15043421,MONTGOMERY,Injury Crash,2015-08-29 13:35:00,County,MARTINSBURG RD,DARNESTOWN RD,SINGLE VEHICLE,CLEAR,"MUD, DIRT, GRAVEL",DAYLIGHT,NO CONTROLS,NONE DETECTED,Yes,Suspected Serious Injury,NOT DISTRACTED,VA,Motorcycle,35,2013.0,Harley Davidson,MC,13,Saturday,8
MCP33880021,250050164,MONTGOMERY,Property Damage Crash,2025-11-08 00:42:00,Crossover,Unknown,Unknown,Other,Rain,Wet,Dark - Lighted,Traffic Control Signal,"Not Suspect of Alcohol Use, Not Suspect of Drug Use",No,No Apparent Injury,Not Distracted,VA,Passenger Car,30,2011.0,Honda,CR-V,0,Saturday,11
DD5546000C,15034036,ROCKVILLE,Property Damage Crash,2015-07-11 13:33:00,Municipality,W EDMONSTON DR,ROCKVILLE PIKE,STRAIGHT MOVEMENT ANGLE,CLEAR,DRY,DAYLIGHT,TRAFFIC SIGNAL,NONE DETECTED,No,No Apparent Injury,NOT DISTRACTED,MD,Passenger Car,25,2007.0,Niss,4S,13,Saturday,7
MCP28660059,190007057,Montgomery County Police,Injury Crash,2019-02-13 15:40:00,Maryland (State),CONNECTICUT AVE,BRADLEY LA,SAME DIR REAR END,CLEAR,DRY,DAYLIGHT,NO CONTROLS,NONE DETECTED,No,Possible Injury,NOT DISTRACTED,MD,Passenger Car,30,2007.0,Toyota,RAV 4,15,Wednesday,2
MCP3259001B,210013407,Montgomery County Police,Property Damage Crash,2021-04-10 15:27:00,County,MONTROSE RD,FARM HAVEN DR,SAME DIRECTION SIDESWIPE,CLEAR,DRY,DAYLIGHT,TRAFFIC SIGNAL,NONE DETECTED,Yes,No Apparent Injury,OTHER DISTRACTION,MD,Passenger Car,40,2009.0,Acura,MDX,15,Saturday,4
MCP3208006Y,250026930,MONTGOMERY,Property Damage Crash,2025-06-16 20:49:00,Maryland (State) Route,UNIVERSITY BLVD W,Unknown,Angle,Rain,Wet,Dark - Lighted,No Controls,"Not Suspect of Alcohol Use, Not Suspect of Drug Use",No,No Apparent Injury,Not Distracted,MD,Passenger Car,10,2021.0,Polestar,PS2,20,Monday,6
MCP2855001V,170535184,Montgomery County Police,Injury Crash,2017-10-06 18:30:00,Maryland (State),OLD COLUMBIA PIKE,E RANDOLPH RD,HEAD ON LEFT TURN,CLEAR,DRY,DUSK,TRAFFIC SIGNAL,NONE DETECTED,No,No Apparent Injury,NOT DISTRACTED,MD,Passenger Car,35,2012.0,Mazd,BK,18,Friday,10
MCP2789004G,180018418,Montgomery County Police,Injury Crash,2018-04-15 15:45:00,County,DEXTER AVE,GEORGIA AVE,STRAIGHT MOVEMENT ANGLE,RAINING,WET,DAYLIGHT,NO CONTROLS,Unknown,Yes,No Apparent Injury,LOOKED BUT DID NOT SEE,MD,"Medium/Heavy Trucks 3 Axles (Over 10,000Lbs (4,536Kg))",35,1999.0,International,TK,15,Sunday,4
MCP3320002L,240037276,MONTGOMERY,Property Damage Crash,2024-08-07 16:50:00,County Route,FOREST GLEN RD,Unknown,"Sideswipe, Same Direction",Clear,Dry,Daylight,Traffic Control Signal,"Not Suspect of Alcohol Use, Not Suspect of Drug Use",No,No Apparent Injury,Not Distracted,WV,Passenger Car,30,2019.0,Dodge,CHARGER,16,Wednesday,8
EJ7829004F,180029791,Gaithersburg Police Depar,Injury Crash,2018-06-16 16:30:00,County,GOSHEN RD,ODENDHAL AVE,SAME DIR REAR END,CLEAR,DRY,Unknown,NO CONTROLS,Unknown,No,Possible Injury,NOT DISTRACTED,MD,Passenger Car,35,2018.0,Nissian,4D,16,Saturday,6
MCP2639007N,190036442,Montgomery County Police,Property Damage Crash,2019-07-31 07:17:00,Maryland (State),GEORGIA AVE,QUEEN MARY DR,STRAIGHT MOVEMENT ANGLE,CLOUDY,DRY,DAYLIGHT,STOP SIGN,NONE DETECTED,Yes,No Apparent Injury,NOT DISTRACTED,MD,(Sport) Utility Vehicle,30,2015.0,Jeep,GRAND CHEROKEE,7,Wednesday,7
MCP1174004M,200046551,Montgomery County Police,Property Damage Crash,2020-11-25 11:20:00,Maryland (State),WISCONSIN AVE,FAIRMONT AVE,STRAIGHT MOVEMENT ANGLE,CLEAR,DRY,DAYLIGHT,NO CONTROLS,NONE DETECTED,No,No Apparent Injury,NOT DISTRACTED,MD,Passenger Car,25,2013.0,Hyundai,ELANTRA,11,Wednesday,11
DD56680018,240042329,ROCKVILLE,Property Damage Crash,2024-09-06 16:40:00,Maryland (State) Route,W MONTGOMERY AVE,Unknown,Front to Rear,Clear,Dry,Daylight,No Controls,"Not Suspect of Alcohol Use, Not Suspect of Drug Use",No,No Apparent Injury,Not Distracted,MD,Passenger Car,25,2007.0,Ford,EXPLORER,16,Friday,9
MCP3073006T,250048615,MONTGOMERY,Property Damage Crash,2025-10-29 17:56:00,County Route,BATCHELLORS FOREST RD,GEORGIA AVE,Front to Rear,Clear,Dry,Daylight,No Controls,"Not Suspect of Alcohol Use, Not Suspect of Drug Use",No,No Apparent Injury,Not Distracted,MD,Pickup,45,2019.0,Ford,F-150,17,Wednesday,10
MCP3199005H,230050855,Montgomery County Police,Property Damage Crash,2023-08-23 10:00:00,County,INDEPENDENCE ST,TURKEY BRANCH PKWY,STRAIGHT MOVEMENT ANGLE,CLEAR,DRY,DAYLIGHT,STOP SIGN,NONE DETECTED,No,No Apparent Injury,NOT DISTRACTED,MD,Passenger Car,25,2010.0,Ford,FUSION,10,Wednesday,8
MCP2047004R,220053704,Montgomery County Police,Property Damage Crash,2022-12-05 15:00:00,Maryland (State),ROCKVILLE PIKE,ENT TO BUSINESS,SAME DIR REND RIGHT TURN,CLEAR,DRY,DAYLIGHT,NO CONTROLS,NONE DETECTED,Yes,No Apparent Injury,NOT DISTRACTED,MD,Passenger Car,45,2012.0,Mazda,3,15,Monday,12
DD5610001P,16025509,Rockville Police Departme,Property Damage Crash,2016-05-22 22:08:00,Municipality,MCAULIFFE DR,FARRAGUT AVE,SAME DIR REAR END,RAINING,WET,DARK LIGHTS ON,NO CONTROLS,Unknown,Yes,No Apparent Injury,UNKNOWN,MD,Passenger Car,25,2013.0,Volkswagon,PASSAT,22,Sunday,5
MCP29340040,200018218,Montgomery County Police,Injury Crash,2020-05-04 17:11:00,County,E JEFFERSON ST,MONTROSE PKWY,OTHER,CLEAR,DRY,DAYLIGHT,TRAFFIC SIGNAL,NONE DETECTED,Yes,No Apparent Injury,LOOKED BUT DID NOT SEE,MD,Passenger Car,35,2017.0,Volkswagon,GOLF,17,Monday,5
MCP3099000Y,180037276,Montgomery County Police,Property Damage Crash,2018-07-27 15:00:00,Maryland (State),FREDERICK RD,MONTGOMERY VILLAGE AVE,SAME DIR REAR END,CLEAR,DRY,DAYLIGHT,TRAFFIC SIGNAL,UNKNOWN,Yes,No Apparent Injury,UNKNOWN,MD,Passenger Car,40,1997.0,Subaru,OUTBACK,15,Friday,7
DD5604004B,220035181,Rockville Police Departme,Injury Crash,2022-08-15 16:02:00,Maryland (State),NORBECK RD,E GUDE DR,ANGLE MEETS LEFT TURN,CLEAR,DRY,DAYLIGHT,TRAFFIC SIGNAL,NONE DETECTED,Yes,No Apparent Injury,LOOKED BUT DID NOT SEE,MD,Passenger Car,50,2022.0,Kia,UT,16,Monday,8
MCP271700DJ,170536311,Montgomery County Police,Injury Crash,2017-10-12 17:20:00,Maryland (State),STRATHMORE AVE,EXIT FR HOLY CROSS SCHOOL,SAME DIR REAR END,CLEAR,DRY,DAYLIGHT,NO CONTROLS,NONE DETECTED,No,No Apparent Injury,NOT DISTRACTED,MD,(Sport) Utility Vehicle,30,2017.0,Honda,CRV,17,Thursday,10
MCP2335000K,16003234,Montgomery County Police,Injury Crash,2016-01-17 23:00:00,Maryland (State),GERMANTOWN RD,CRYSTAL ROCK DR,STRAIGHT MOVEMENT ANGLE,SNOW,WET,DARK LIGHTS ON,TRAFFIC SIGNAL,NONE DETECTED,No,No Apparent Injury,NOT DISTRACTED,MD,Passenger Car,45,2014.0,Honda,4S,23,Sunday,1
MCP3038004V,200046881,Montgomery County Police,Injury Crash,2020-11-27 21:05:00,Maryland (State),CAPITOL VIEW AVE,POST OFFICE RD,SINGLE VEHICLE,CLEAR,DRY,DARK LIGHTS ON,NO CONTROLS,NONE DETECTED,Yes,Possible Injury,LOOKED BUT DID NOT SEE,MD,Passenger Car,30,2010.0,Honda,FIT,21,Friday,11
MCP3377000Q,230063711,Montgomery County Police,Property Damage Crash,2023-11-01 00:11:00,County,MACARTHUR BLVD,PERSIMMON TREE RD,SINGLE VEHICLE,CLEAR,Unknown,DARK NO LIGHTS,NO CONTROLS,NONE DETECTED,Yes,No Apparent Injury,UNKNOWN,MD,Passenger Car,30,2021.0,Hond,UT,0,Wednesday,11
MCP3010001B,16041736,Montgomery County Police,Property Damage Crash,2016-08-17 13:57:00,Unknown,Unknown,Unknown,SAME DIRECTION SIDESWIPE,CLEAR,Unknown,DAYLIGHT,NO CONTROLS,UNKNOWN,Yes,No Apparent Injury,UNKNOWN,Unknown,Passenger Car,15,2014.0,Acura,4S,13,Wednesday,8
MCP25590041,200014579,Montgomery County Police,Property Damage Crash,2020-02-27 13:48:00,Unknown,Unknown,Unknown,UNKNOWN,UNKNOWN,Unknown,UNKNOWN,Unknown,Unknown,Unknown,No Apparent Injury,UNKNOWN,Unknown,Police Vehicle/Non Emergency,15,2016.0,Ford,INTERCEPTOR,13,Thursday,2
MCP27520022,170539195,Montgomery County Police,Property Damage Crash,2017-10-27 15:10:00,County,ROSEMONT DR,TUCKERMAN LA,STRAIGHT MOVEMENT ANGLE,Unknown,DRY,DAYLIGHT,STOP SIGN,NONE DETECTED,No,No Apparent Injury,NOT DISTRACTED,MD,Passenger Car,35,2004.0,Chevy,COLORADO,15,Friday,10
EJ7839002Y,180024436,Gaithersburg Police Depar,Property Damage Crash,2018-05-18 15:20:00,Maryland (State),W DIAMOND AVE,BUREAU DR,OTHER,RAINING,WET,DAYLIGHT,TRAFFIC SIGNAL,NONE DETECTED,No,No Apparent Injury,NOT DISTRACTED,MD,Passenger Car,30,2006.0,Toyota,CAMRY,15,Friday,5
MCP15630073,210045196,Montgomery County Police,Property Damage Crash,2021-11-08 10:20:00,Maryland (State),CONNECTICUT AVE,BRADLEY LA,SAME DIR REAR END,CLEAR,DRY,DAYLIGHT,TRAFFIC SIGNAL,NONE DETECTED,Yes,No Apparent Injury,UNKNOWN,DC,Passenger Car,30,2014.0,Toyota,SIENNA,10,Monday,11
MCP2251002K,240027566,MONTGOMERY,Property Damage Crash,2024-06-10 11:09:00,County Route,Unknown,Unknown,Front to Rear,Clear,Dry,Daylight,No Controls,"Not Suspect of Alcohol Use, Not Suspect of Drug Use",No,No Apparent Injury,Not Distracted,MD,Pickup,35,2007.0,Ford,F-150,11,Monday,6
MCP32330050,240039068,MONTGOMERY,Property Damage Crash,2024-08-18 19:08:00,County Route,COLERIDGE DR,Unknown,Angle,Clear,Dry,Daylight,No Controls,"Not Suspect of Alcohol Use, Not Suspect of Drug Use",Yes,No Apparent Injury,"Other Action (looking away from task, etc.)",Unknown,Passenger Car,5,2017.0,Ford,ESCAPE,19,Sunday,8
MCP2877008Y,210020569,Montgomery County Police,Property Damage Crash,2021-05-31 08:59:00,Maryland (State),RIVER RD,LITTLE FALLS PKWY,SAME DIRECTION SIDESWIPE,CLEAR,DRY,DAYLIGHT,TRAFFIC SIGNAL,NONE DETECTED,No,No Apparent Injury,NOT DISTRACTED,VA,Passenger Car,40,2006.0,Nissan,SENTRA,8,Monday,5
MCP3067002P,230033296,Montgomery County Police,Injury Crash,2023-07-12 23:20:00,County,SHADY GROVE RD,MIDCOUNTY HWY,HEAD ON LEFT TURN,CLEAR,DRY,DARK LIGHTS ON,TRAFFIC SIGNAL,NONE DETECTED,Yes,Suspected Minor Injury,NOT DISTRACTED,MD,Passenger Car,45,2021.0,Kia,FORTE,23,Wednesday,7
DD55220042,180064259,Rockville Police Departme,Injury Crash,2018-12-23 21:19:00,Municipality,GRAND CHAMPION DR,PICCARD DR,SINGLE VEHICLE,RAINING,WET,DARK LIGHTS ON,NO CONTROLS,UNKNOWN,Yes,Suspected Minor Injury,UNKNOWN,MD,Passenger Car,25,2013.0,Bmw,328I,21,Sunday,12
MCP0704000S,16029261,Montgomery County Police,Injury Crash,2016-06-10 18:15:00,Maryland (State),MONTGOMERY AVE,PEARL ST,SAME DIR REAR END,CLEAR,DRY,DAYLIGHT,TRAFFIC SIGNAL,NONE DETECTED,Yes,Possible Injury,NOT DISTRACTED,MD,Motorcycle,25,2007.0,Harley,ROADGLIDE,18,Friday,6
MCP24970012,170543904,Montgomery County Police,Injury Crash,2017-11-20 15:10:00,County,SHADY GROVE RD,GUDELSKY WAY,SAME DIR REAR END,Unknown,DRY,DAYLIGHT,TRAFFIC SIGNAL,NONE DETECTED,Yes,No Apparent Injury,NOT DISTRACTED,MD,Passenger Car,40,2015.0,Jeep,TK,15,Monday,11
DD55670079,250004905,ROCKVILLE,Property Damage Crash,2025-02-03 12:30:00,County Route,DARNESTOWN RD,W MONTGOMERY AVE (WB/L),Angle,Clear,Dry,Daylight,Traffic Control Signal,"Not Suspect of Alcohol Use, Not Suspect of Drug Use",Yes,No Apparent Injury,Not Distracted,MD,Station Wagon,35,2019.0,Subaru,FORESTER,12,Monday,2
MCP31740049,230050879,Montgomery County Police,Injury Crash,2023-08-23 11:51:00,Maryland (State),QUINCE ORCHARD RD,GREAT SENECA HWY,SAME DIR REAR END,CLEAR,DRY,DAYLIGHT,NO CONTROLS,NONE DETECTED,No,No Apparent Injury,NOT DISTRACTED,MD,Passenger Car,35,2016.0,Lexus,SEDAN,11,Wednesday,8
MCP32080062,240044396,MONTGOMERY,Property Damage Crash,2024-09-18 03:52:00,Interstate (State),CAPITAL BELTWAY (WB/L),Unknown,"Sideswipe, Same Direction",Rain,Wet,Dark - Lighted,No Controls,"Not Suspect of Alcohol Use, Not Suspect of Drug Use",No,No Apparent Injury,Not Distracted,NC,Passenger Car,55,2024.0,Bmw,X3,3,Wednesday,9
MCP2686003Z,190062371,Montgomery County Police,Property Damage Crash,2019-12-27 19:53:00,County,CINNAMON DR,MATENY RD,OPPOSITE DIRECTION SIDESWIPE,CLEAR,DRY,DARK NO LIGHTS,STOP SIGN,NONE DETECTED,Yes,No Apparent Injury,LOOKED BUT DID NOT SEE,MD,Fire Vehicle/Emergency,25,2019.0,Pierce,TK,19,Friday,12
MCP2765002H,16027907,Montgomery County Police,Injury Crash,2016-06-03 23:30:00,Unknown,Unknown,Unknown,STRAIGHT MOVEMENT ANGLE,CLEAR,Unknown,DARK LIGHTS ON,NO CONTROLS,NONE DETECTED,Yes,No Apparent Injury,UNKNOWN,MD,Passenger Car,5,2006.0,Hyun,SONATA,23,Friday,6
MCP31600015,190006147,Montgomery County Police,Property Damage Crash,2019-02-07 19:10:00,Maryland (State),RIVER RD,SEVEN LOCKS RD,STRAIGHT MOVEMENT ANGLE,CLEAR,DRY,DARK LIGHTS ON,TRAFFIC SIGNAL,NONE DETECTED,Yes,No Apparent Injury,LOOKED BUT DID NOT SEE,VA,Passenger Car,35,2007.0,Toyota,PRIUS,19,Thursday,2
MCP3396000N,240008013,MONTGOMERY,Injury Crash,2024-02-18 15:25:00,Maryland (State) Route,GEORGIA AVE,Unknown,Front to Rear,Clear,Dry,Daylight,No Controls,"Not Suspect of Alcohol Use, Not Suspect of Drug Use",No,Suspected Serious Injury,Not Distracted,MD,Motorcycle - 2 Wheeled,45,2020.0,Harley Davidson,XL883N / IRON 883,15,Sunday,2
MCP3014002C,190056728,Montgomery County Police,Property Damage Crash,2019-11-24 03:56:00,Municipality,VICTORY FARM DR,SAYBROOKE VIEW DR,SINGLE VEHICLE,RAINING,WET,DARK LIGHTS ON,NO CONTROLS,Unknown,Yes,No Apparent Injury,UNKNOWN,FL,Passenger Car,25,2010.0,Merc,2S,3,Sunday,11
MCP209400LC,230005246,Montgomery County Police,Injury Crash,2023-02-01 12:32:00,County,WESTBARD AVE,RIDGEFIELD RD,SINGLE VEHICLE,CLEAR,"MUD, DIRT, GRAVEL",DAYLIGHT,TRAFFIC SIGNAL,NONE DETECTED,Yes,Possible Injury,NOT DISTRACTED,MD,Passenger Car,25,2019.0,Honda,ACCORD,12,Wednesday,2
MCP25560009,15020490,Montgomery County Police,Injury Crash,2015-04-30 21:15:00,Maryland (State),KEY WEST AVE,JOHN HOPKINS DR,STRAIGHT MOVEMENT ANGLE,CLEAR,WET,DARK LIGHTS ON,Unknown,NONE DETECTED,No,No Apparent Injury,NOT DISTRACTED,MD,Passenger Car,45,2004.0,Hond,2S,21,Thursday,4
MCP2615001T,170510942,Montgomery County Police,Property Damage Crash,2017-05-31 17:02:00,US (State),COLUMBIA PIKE,GREENCASTLE RD,SAME DIR REAR END,CLEAR,DRY,DAYLIGHT,TRAFFIC SIGNAL,Unknown,No,No Apparent Injury,NOT DISTRACTED,DC,Passenger Car,50,2017.0,Toyota,COROLLA,17,Wednesday,5
MCP2789005C,180062518,Montgomery County Police,Property Damage Crash,2018-12-14 18:00:00,US (State),GEORGIA AVE,WAYNE AVE,SAME DIR REAR END,RAINING,WET,DARK LIGHTS ON,TRAFFIC SIGNAL,Unknown,No,No Apparent Injury,NOT DISTRACTED,MD,Passenger Car,35,2011.0,Honda,CRV,18,Friday,12
DD56260008,180031480,Rockville Police Departme,Property Damage Crash,2018-06-26 16:14:00,Maryland (State),VEIRS MILL RD,GAIL AVE,STRAIGHT MOVEMENT ANGLE,CLEAR,Unknown,DAYLIGHT,Unknown,Unknown,Yes,No Apparent Injury,NOT DISTRACTED,NC,Passenger Car,40,2014.0,Dodge,DURANGO,16,Tuesday,6
MCP3232002K,220010736,Montgomery County Police,Injury Crash,2022-03-12 15:01:00,Municipality,MARKET ST,WATER ST,ANGLE MEETS LEFT HEAD ON,SNOW,SNOW,DAYLIGHT,NO CONTROLS,ALCOHOL PRESENT,No,No Apparent Injury,TALKING OR LISTENING TO CELLULAR PHONE,MD,Passenger Car,35,2019.0,Infiniti,QX80,15,Saturday,3
MCP0113002Q,180063792,Montgomery County Police,Injury Crash,2018-12-21 13:43:00,County,JONES BRIDGE RD,MANOR RD,SAME DIR REAR END,CLOUDY,DRY,DAYLIGHT,Unknown,NONE DETECTED,No,Suspected Minor Injury,NOT DISTRACTED,MD,Passenger Car,25,1999.0,Acura,TL,13,Friday,12
MCP284800B6,210019322,Montgomery County Police,Injury Crash,2021-05-22 07:00:00,Maryland (State),KNOWLES AVE,SUMMIT AVE,SINGLE VEHICLE,CLEAR,DRY,DAYLIGHT,NO CONTROLS,NONE DETECTED,Yes,Possible Injury,UNKNOWN,MD,Passenger Car,30,2008.0,Hyundai,ELANTRA,7,Saturday,5
MCP13660067,170509195,Montgomery County Police,Property Damage Crash,2017-05-22 11:22:00,County,PINEY MEETINGHOUSE RD,SHADY GROVE RD,STRAIGHT MOVEMENT ANGLE,CLOUDY,WET,DAYLIGHT,TRAFFIC SIGNAL,NONE DETECTED,No,No Apparent Injury,NOT DISTRACTED,PA,Passenger Car,40,1999.0,Hond,4S,11,Monday,5
MCP2445001H,200006750,Montgomery County Police,Property Damage Crash,2020-02-10 11:20:00,County,GOLDENROD LA,GERMANTOWN RD,HEAD ON,CLOUDY,WET,DAYLIGHT,NO CONTROLS,NONE DETECTED,Yes,No Apparent Injury,UNKNOWN,MD,Passenger Car,30,2007.0,Toyota,PRIUS,11,Monday,2
MCP2678001L,170534601,Montgomery County Police,Injury Crash,2017-10-03 21:19:00,County,RANDOLPH RD,TIMBER VIEW CT,SAME DIR REAR END,CLEAR,DRY,DARK LIGHTS ON,NO CONTROLS,NONE DETECTED,No,No Apparent Injury,NOT DISTRACTED,MD,Passenger Car,45,2014.0,Kia,SEDONA,21,Tuesday,10
MCP2377000Q,16032975,Montgomery County Police,Property Damage Crash,2016-06-29 18:36:00,County,SHADY GROVE RD,CRABBS BRANCH WAY,ANGLE MEETS LEFT TURN,CLEAR,DRY,DAYLIGHT,TRAFFIC SIGNAL,NONE DETECTED,Yes,No Apparent Injury,NOT DISTRACTED,MD,Passenger Car,45,2006.0,Volkswagon,PASSAT,18,Wednesday,6
MCP3160004J,230026150,Montgomery County Police,Injury Crash,2023-05-31 16:00:00,Unknown,NEBEL STREET,WENTWORTH PLACE,OPPOSITE DIRECTION SIDESWIPE,CLEAR,DRY,DAYLIGHT,NO CONTROLS,NONE DETECTED,Yes,Possible Injury,LOOKED BUT DID NOT SEE,MD,Passenger Car,25,2013.0,Toyota,PRIUS,16,Wednesday,5
MCP24750034,180045060,Montgomery County Police,Property Damage Crash,2018-09-09 20:47:00,Maryland (State),NEW HAMPSHIRE AVE,OAKLAWN DR,STRAIGHT MOVEMENT ANGLE,Unknown,WET,DARK LIGHTS ON,NO CONTROLS,NONE DETECTED,Yes,No Apparent Injury,NOT DISTRACTED,MD,Passenger Car,40,2005.0,Hond,4S,20,Sunday,9
DD5663001D,240046166,ROCKVILLE,Property Damage Crash,2024-09-27 13:27:00,Maryland (State) Route,ROCKVILLE PIKE (SB/L),Unknown,Front to Rear,Rain,Wet,Daylight,No Controls,"Not Suspect of Alcohol Use, Not Suspect of Drug Use",No,No Apparent Injury,Not Distracted,MD,Sport Utility Vehicle,35,2020.0,Ford,EXPLORER,13,Friday,9
MCP003600DD,200037413,Montgomery County Police,Injury Crash,2020-09-23 17:09:00,Maryland (State),DAMASCUS RD,HOWARD CHAPEL RD,SINGLE VEHICLE,CLEAR,DRY,DAYLIGHT,NO CONTROLS,UNKNOWN,Yes,No Apparent Injury,UNKNOWN,MD,Pickup Truck,40,2010.0,Chevy,PICK UP,17,Wednesday,9
MCP29400027,180002008,Montgomery County Police,Injury Crash,2018-01-13 08:30:00,Maryland (State),GOLDSBORO RD,RIVER RD,SAME DIR REAR END,CLOUDY,DRY,DAYLIGHT,TRAFFIC SIGNAL,NONE DETECTED,No,Possible Injury,NOT DISTRACTED,MD,Passenger Car,35,2003.0,Honda,ODYSSEY,8,Saturday,1
DD5612004P,230069125,Rockville Police Departme,Property Damage Crash,2023-11-30 12:13:00,Unknown,Unknown,Unknown,OTHER,CLEAR,Unknown,DAYLIGHT,Unknown,NONE DETECTED,Yes,No Apparent Injury,UNKNOWN,MD,Passenger Car,5,2012.0,Jeep,TK,12,Thursday,11
MCP2314000C,15050155,MONTGOMERY,Property Damage Crash,2015-10-03 16:30:00,Unknown,LINDA VIEW LANE,LINDSAY HILL TERRACE,OTHER,RAINING,WET,DAYLIGHT,Unknown,Unknown,Yes,No Apparent Injury,NOT DISTRACTED,MD,Police Vehicle/Non Emergency,25,2012.0,Dodge,CHARGER,16,Saturday,10
MCP3068006H,250033995,MONTGOMERY,Property Damage Crash,2025-07-30 16:35:00,County Route,WISCONSIN CIR,WISCONSIN AVE,"Sideswipe, Same Direction",Clear,Dry,Daylight,Traffic Control Signal,"Not Suspect of Alcohol Use, Not Suspect of Drug Use",No,No Apparent Injury,Not Distracted,MD,Bus - Transit,30,2023.0,New Flyer,XCELSIOR,16,Wednesday,7
DD56430032,230053719,Rockville Police Departme,Injury Crash,2023-09-07 21:19:00,Maryland (State),ROCKVILLE PIKE,WOOTTON PKWY,Unknown,Unknown,DRY,DARK LIGHTS ON,TRAFFIC SIGNAL,NONE DETECTED,Yes,Possible Injury,LOOKED BUT DID NOT SEE,MD,Passenger Car,35,2019.0,Hond,VN,21,Thursday,9
MCP28620010,15049699,MONTGOMERY,Property Damage Crash,2015-10-01 08:23:00,County,AMBLESIDE DR,BROOKFORD RD,OTHER,RAINING,WET,DAYLIGHT,STOP SIGN,NONE DETECTED,No,No Apparent Injury,NOT DISTRACTED,MD,"Medium/Heavy Trucks 3 Axles (Over 10,000Lbs (4,536Kg))",25,1998.0,Loda,TK,8,Thursday,10
MCP3208006G,250001756,MONTGOMERY,Property Damage Crash,2025-01-13 22:50:00,County Route,THAYER AVE,Unknown,"Sideswipe, Opposite Direction",Clear,Slush,Dark - Lighted,No Controls,"Not Suspect of Alcohol Use, Not Suspect of Drug Use",Yes,No Apparent Injury,Unknown,MD,Bus - Transit,25,2009.0,Gillig,CITY TRANSIT BUS,22,Monday,1
DD5634003S,220041957,Rockville Police Departme,Injury Crash,2022-09-26 17:23:00,Maryland (State),VEIRS MILL RD,MEADOW HALL DR,STRAIGHT MOVEMENT ANGLE,CLEAR,DRY,DAYLIGHT,NO CONTROLS,Unknown,Yes,Possible Injury,LOOKED BUT DID NOT SEE,MD,Pickup Truck,40,2018.0,Chev,TK,17,Monday,9
MCP2052000Y,16033593,Montgomery County Police,Property Damage Crash,2016-07-02 21:36:00,Unknown,Unknown,Unknown,OPPOSITE DIR BOTH LEFT TURN,CLEAR,Unknown,DARK LIGHTS ON,Unknown,ALCOHOL PRESENT,Yes,No Apparent Injury,UNKNOWN,MD,Passenger Car,15,2005.0,Mits,4D LANCER,21,Saturday,7