Report Number,Local Case Number,Agency Name,ACRS Report Type,Crash Date/Time,Route Type,Road Name,Cross-Street Name,Collision Type,Weather,Surface Condition,Light,Traffic Control,Driver Substance Abuse,Driver At Fault,Injury Severity,Driver Distracted By,Drivers License State,Vehicle Body Type,Speed Limit,Vehicle Year,Vehicle Make,Vehicle Model,Crash Hour,Crash Day,Crash Month
MCP3115004W,210032584,Montgomery County Police,Injury Crash,2021-08-21 07:46:00,County,LOCKWOOD DR,ENT TO BUSINESS,SAME DIRECTION LEFT TURN,CLEAR,DRY,DAYLIGHT,Unknown,Unknown,No,Suspected Serious Injury,NOT DISTRACTED,MD,Motorcycle,35,2007.0,Honda,CRB600RR,7,Saturday,8
MCP9428004N,220037294,Montgomery County Police,Property Damage Crash,2022-08-29 06:15:00,Maryland (State),RIDGE RD,SNOWDEN FARM PKWY (PROP),SAME DIR REAR END,CLEAR,DRY,DAWN,NO CONTROLS,NONE DETECTED,No,No Apparent Injury,NOT DISTRACTED,PA,Passenger Car,40,2006.0,Acura,TL,6,Monday,8
MCP2917005K,190047266,Montgomery County Police,Injury Crash,2019-10-02 14:34:00,Maryland (State),NEW HAMPSHIRE AVE,BRIGHTON DAM RD,SAME DIR REAR END,CLEAR,DRY,DAYLIGHT,NO CONTROLS,NONE DETECTED,Unknown,No Apparent Injury,LOOKED BUT DID NOT SEE,MD,"Medium/Heavy Trucks 3 Axles (Over 10,000Lbs (4,536Kg))",40,2009.0,Ford,F350,14,Wednesday,10
MCP3030000X,170540728,Montgomery County Police,Property Damage Crash,2017-11-03 16:28:00,County,LINDEN AVE,BEECH AVE,SINGLE VEHICLE,Unknown,DRY,DAYLIGHT,STOP SIGN,NONE DETECTED,Yes,No Apparent Injury,NOT DISTRACTED,MD,School Bus,20,2015.0,Frht,BU,16,Friday,11
MCP2916000P,15040363,MONTGOMERY,Injury Crash,2015-08-13 13:04:00,County,CALVERTON BLVD,CRAIGLAWN RD,SAME DIR REAR END,CLEAR,DRY,DAYLIGHT,NO CONTROLS,NONE DETECTED,Yes,No Apparent Injury,NOT DISTRACTED,MD,Passenger Car,35,2002.0,Chevy,MALIBU,13,Thursday,8
MCP0613000C,15014283,Montgomery County Police,Property Damage Crash,2015-03-28 12:35:00,County,ARCTIC AVE,ORIENTAL ST,STRAIGHT MOVEMENT ANGLE,CLEAR,DRY,DAYLIGHT,STOP SIGN,NONE DETECTED,No,No Apparent Injury,NOT DISTRACTED,MD,Pickup Truck,25,2014.0,Chevy,SILVERADO,12,Saturday,3
MCP25520061,230026457,Montgomery County Police,Injury Crash,2023-06-02 08:31:00,County,QUINCE ORCHARD RD,DARNESTOWN RD,SAME DIR REAR END,CLEAR,DRY,DAYLIGHT,TRAFFIC SIGNAL,Unknown,Yes,Possible Injury,NOT DISTRACTED,MD,Passenger Car,35,1999.0,Toyota,RAV4,8,Friday,6
EJ7858006P,220017486,Gaithersburg Police Depar,Injury Crash,2022-04-25 07:35:00,Maryland (State),W DIAMOND AVE,EISENHOWER MEMORIAL HWY,HEAD ON,CLOUDY,DRY,DAYLIGHT,Unknown,Unknown,Yes,Suspected Minor Injury,UNKNOWN,MD,Passenger Car,35,2018.0,Toyt,SD,7,Monday,4
MCP26270016,170523023,Montgomery County Police,Property Damage Crash,2017-08-04 17:45:00,County,DEMOCRACY BLVD,FERNWOOD RD,SAME DIR BOTH LEFT TURN,CLEAR,DRY,DAYLIGHT,TRAFFIC SIGNAL,NONE DETECTED,Unknown,No Apparent Injury,NOT DISTRACTED,MD,Pickup Truck,35,2013.0,Chev,TK,17,Friday,8
MCP3305003C,240023875,MONTGOMERY,Property Damage Crash,2024-05-20 23:00:00,Maryland (State) Route,NEW HAMPSHIRE AVE (SB/L),Unknown,Front to Rear,Clear,Dry,Dark - Not Lighted,Traffic Control Signal,"Suspect of Alcohol Use, Not Suspect of Drug Use",Yes,No Apparent Injury,Unknown,MD,Passenger Car,40,2010.0,Volkswagen,JETTA,23,Monday,5
MCP2503000Y,180031565,Montgomery County Police,Property Damage Crash,2018-06-27 01:09:00,Maryland (State),FISHER AVE,TOM FOX AVE,SINGLE VEHICLE,CLEAR,DRY,DARK LIGHTS ON,Unknown,Unknown,No,No Apparent Injury,NOT DISTRACTED,MD,Passenger Car,35,1989.0,Dodg,TK,1,Wednesday,6
MCP2855001W,170535703,Montgomery County Police,Property Damage Crash,2017-10-09 19:34:00,County,APRIL LA,STEWART LA,HEAD ON LEFT TURN,CLEAR,DRY,DARK LIGHTS ON,NO CONTROLS,NONE DETECTED,No,No Apparent Injury,NOT DISTRACTED,MD,Passenger Car,25,2012.0,Mazd,VAN,19,Monday,10
MCP209400C8,180048260,Montgomery County Police,Property Damage Crash,2018-09-27 10:54:00,County,N CHELSEA LA,LYNBROOK DR,SINGLE VEHICLE,Unknown,DRY,DAYLIGHT,NO CONTROLS,NONE DETECTED,Yes,No Apparent Injury,UNKNOWN,MD,School Bus,25,2007.0,Thomas Built,BUS,10,Thursday,9
MCP2356000P,180016440,Montgomery County Police,Property Damage Crash,2018-05-29 18:52:00,Municipality,WATTS BRANCH PKWY,FALLSWOOD DR,SAME DIR REAR END,CLEAR,DRY,DAYLIGHT,Unknown,NONE DETECTED,Yes,No Apparent Injury,INATTENTIVE OR LOST IN THOUGHT,MD,Passenger Car,30,2010.0,Toyt,PRIUS,18,Tuesday,5
MCP2968001M,170521143,Montgomery County Police,Property Damage Crash,2017-07-25 18:39:00,County,SHADY GROVE RD,SPUR TO MD 28,SAME DIR REAR END,CLEAR,DRY,DAYLIGHT,Unknown,Unknown,Yes,No Apparent Injury,LOOKED BUT DID NOT SEE,MD,Passenger Car,40,2001.0,Toyt,4D,18,Tuesday,7
MCP2162003T,190019770,Montgomery County Police,Property Damage Crash,2019-04-27 14:15:00,Unknown,Unknown,Unknown,OTHER,CLEAR,Unknown,DAYLIGHT,NO CONTROLS,Unknown,Yes,No Apparent Injury,UNKNOWN,Unknown,Passenger Car,5,2019.0,Unknown,UNKNOWN,14,Saturday,4
MCP3441000F,250017884,MONTGOMERY,Property Damage Crash,2025-04-24 19:52:00,Maryland (State) Route,ROCKVILLE PIKE,Unknown,Angle,Clear,Dry,Dark - Lighted,No Controls,"Not Suspect of Alcohol Use, Not Suspect of Drug Use",No,No Apparent Injury,Not Distracted,VA,Truck Tractor,45,2023.0,International,LT62A,19,Thursday,4
MCP242500GW,210021601,Montgomery County Police,Property Damage Crash,2021-06-07 11:41:00,Maryland (State),GEORGIA AVE,LOCUST GROVE RD,SAME DIR REAR END,CLEAR,DRY,DAYLIGHT,NO CONTROLS,Unknown,No,No Apparent Injury,NOT DISTRACTED,MD,Passenger Car,35,2009.0,Hyunudai,GENISIS,11,Monday,6
DD5583005P,190036993,Rockville Police Departme,Property Damage Crash,2019-08-03 10:16:00,Unknown,Unknown,Unknown,SAME DIR REAR END,CLEAR,Unknown,DAYLIGHT,STOP SIGN,NONE DETECTED,Yes,No Apparent Injury,LOOKED BUT DID NOT SEE,MD,"Medium/Heavy Trucks 3 Axles (Over 10,000Lbs (4,536Kg))",0,2016.0,Intl,TK,10,Saturday,8
MCP31680065,230069379,Montgomery County Police,Injury Crash,2023-12-01 19:27:00,County,MONTROSE RD,RAMP 8 FR IS 270 SB TO MD 927 WB,SAME DIR REAR END,RAINING,WET,DARK LIGHTS ON,NO CONTROLS,NONE DETECTED,Yes,Possible Injury,LOOKED BUT DID NOT SEE,MD,Passenger Car,35,2015.0,Volk,GOLF,19,Friday,12
MCP2891001G,15050084,MONTGOMERY,Injury Crash,2015-10-03 06:17:00,Maryland (State),16TH ST,GEORGIA AVE,SAME DIRECTION SIDESWIPE,RAINING,WET,DARK LIGHTS ON,TRAFFIC SIGNAL,NONE DETECTED,No,No Apparent Injury,NOT DISTRACTED,DC,Passenger Car,35,2007.0,Toyota,COROLLA,6,Saturday,10
MCP2907001H,16067265,Montgomery County Police,Property Damage Crash,2016-12-31 00:57:00,County,OXBOW RD,ASHLEY DR,SAME DIRECTION SIDESWIPE,CLEAR,DRY,UNKNOWN,NO CONTROLS,UNKNOWN,Yes,No Apparent Injury,NOT DISTRACTED,MD,Passenger Car,25,1999.0,Toyota,CAMRY,0,Saturday,12
MCP158000DW,210020882,Montgomery County Police,Injury Crash,2021-06-02 10:20:00,County,LOST KNIFE RD,MONTGOMERY VILLAGE AVE,SAME DIR REAR END,CLOUDY,DRY,DAYLIGHT,TRAFFIC SIGNAL,NONE DETECTED,Yes,No Apparent Injury,UNKNOWN,MD,Pickup Truck,25,2005.0,Chevy,AVALANCHE PU,10,Wednesday,6
MCP29050047,180050937,Montgomery County Police,Property Damage Crash,2018-10-11 16:34:00,County,SEVEN LOCKS RD,DEMOCRACY BLVD,HEAD ON LEFT TURN,RAINING,WET,DAYLIGHT,TRAFFIC SIGNAL,Unknown,No,No Apparent Injury,NOT DISTRACTED,MD,Passenger Car,35,2008.0,Honda,ACCORD,16,Thursday,10
MCP2868002Q,190000800,Montgomery County Police,Property Damage Crash,2019-01-05 15:12:00,Maryland (State),RIVER RD,LITTLE FALLS PKWY,HEAD ON LEFT TURN,RAINING,WET,DAYLIGHT,TRAFFIC SIGNAL,NONE DETECTED,No,No Apparent Injury,NOT DISTRACTED,DC,Passenger Car,35,2009.0,Nissan,4D,15,Saturday,1
MCP263900F7,220046837,Montgomery County Police,Property Damage Crash,2022-10-25 14:07:00,Maryland (State),GEORGIA AVE,PRICHARD RD,OTHER,CLOUDY,DRY,DAYLIGHT,NO CONTROLS,NONE DETECTED,Yes,No Apparent Injury,LOOKED BUT DID NOT SEE,MD,Van,25,1999.0,Chevrolet,W4500,14,Tuesday,10
MCP2738000S,15025741,Montgomery County Police,Property Damage Crash,2015-05-28 15:49:00,County,BROADBIRCH DR,PLUM ORCHARD DR,STRAIGHT MOVEMENT ANGLE,CLEAR,DRY,DAYLIGHT,STOP SIGN,NONE DETECTED,No,No Apparent Injury,NOT DISTRACTED,MD,Passenger Car,25,2006.0,Hond,4S,15,Thursday,5
MCP2799003T,180010826,Montgomery County Police,Property Damage Crash,2018-03-02 19:00:00,Maryland (State),NEW HAMPSHIRE AVE,SPENCERVILLE RD,STRAIGHT MOVEMENT ANGLE,CLEAR,DRY,DARK NO LIGHTS,TRAFFIC SIGNAL,NONE DETECTED,No,No Apparent Injury,NOT DISTRACTED,MD,Passenger Car,45,2015.0,Hyun,SONATA,19,Friday,3
MCP21980019,15055262,MONTGOMERY,Property Damage Crash,2015-10-30 18:52:00,Municipality,FIRSTFIELD RD,CLOPPER RD,OPPOSITE DIRECTION SIDESWIPE,CLEAR,DRY,DARK LIGHTS ON,TRAFFIC SIGNAL,Unknown,Yes,No Apparent Injury,UNKNOWN,MD,Passenger Car,35,2003.0,Volkswagen,GOLF,18,Friday,10
MCP29600029,170541999,Montgomery County Police,Property Damage Crash,2017-11-10 08:00:00,County,BEL PRE RD,HOMECREST RD,SAME DIRECTION SIDESWIPE,Unknown,DRY,DAYLIGHT,NO CONTROLS,Unknown,No,No Apparent Injury,NOT DISTRACTED,MD,Transit Bus,40,2016.0,Gill,BU,8,Friday,11
MCP1522000S,15062155,MONTGOMERY,Injury Crash,2015-12-05 13:42:00,County,FIELDCREST RD,STREAM VALLEY DR,STRAIGHT MOVEMENT ANGLE,CLEAR,DRY,DAYLIGHT,NO CONTROLS,Unknown,Yes,Suspected Minor Injury,UNKNOWN,DC,"Other Light Trucks (10,000Lbs (4,536Kg) Or Less)",40,2012.0,Chevrolet,TK,13,Saturday,12
MCP91330015,17003641,Montgomery County Police,Injury Crash,2017-01-21 13:53:00,Maryland (State),FREDERICK RD,OXBRIDGE DR,SAME DIRECTION SIDESWIPE,CLOUDY,WET,DAYLIGHT,NO CONTROLS,NONE DETECTED,No,No Apparent Injury,NOT DISTRACTED,BC,Passenger Car,40,2005.0,Honda,ACCORD,13,Saturday,1
MCP2498001X,220012554,Montgomery County Police,Property Damage Crash,2022-03-23 15:44:00,County,WARING STATION RD,STONEY BOTTOM RD,SAME DIR REAR END,RAINING,WET,DAYLIGHT,OTHER,ALCOHOL PRESENT,Yes,No Apparent Injury,UNKNOWN,Unknown,Passenger Car,30,1997.0,Toyota,CAMRY,15,Wednesday,3
MCP3026009B,230009505,Montgomery County Police,Property Damage Crash,2023-02-25 13:37:00,County,CORDELL AVE,NORFOLK AVE,OTHER,RAINING,WET,DAYLIGHT,NO CONTROLS,NONE DETECTED,No,No Apparent Injury,NOT DISTRACTED,MD,Passenger Car,25,2011.0,Toyota,RAV4,13,Saturday,2
MCP3048000Z,170512172,Montgomery County Police,Property Damage Crash,2017-06-06 17:00:00,Unknown,Unknown,Unknown,OTHER,CLEAR,Unknown,DAYLIGHT,Unknown,UNKNOWN,Yes,No Apparent Injury,LOOKED BUT DID NOT SEE,MD,Passenger Car,0,2002.0,Toyota,COROLLA,17,Tuesday,6
DD5575001H,190011917,Rockville Police Departme,Property Damage Crash,2019-03-15 00:16:00,Municipality,FREDERICK AVE,LENMOR AVE,OTHER,CLEAR,DRY,DARK LIGHTS ON,NO CONTROLS,NONE DETECTED,Yes,No Apparent Injury,UNKNOWN,MD,Passenger Car,25,2013.0,Hyund,ELANTRA,0,Friday,3
MCP2191002G,180041584,Montgomery County Police,Injury Crash,2018-08-21 12:20:00,Maryland (State),ROCKVILLE PIKE,EXECUTIVE BLVD,SAME DIR REAR END,RAINING,WET,DAYLIGHT,NO CONTROLS,Unknown,No,No Apparent Injury,NOT DISTRACTED,MD,Passenger Car,35,2017.0,Hyundai,SOANTA,12,Tuesday,8
MCP272300B6,250055925,MONTGOMERY,Injury Crash,2025-12-14 17:50:00,Maryland (State) Route,GEORGIA AVE (SB/L),CONNECTICUT AVE (SB/L),Front to Rear,Clear,Dry,Dark - Lighted,Traffic Control Signal,"Not Suspect of Alcohol Use, Not Suspect of Drug Use",No,Possible Injury,Not Distracted,MD,Passenger Car,35,2016.0,Chevrolet,COLORADO,17,Sunday,12
MCP3130005W,230003561,Montgomery County Police,Injury Crash,2023-01-22 13:14:00,County,WELLER RD,CONNECTICUT AVE,STRAIGHT MOVEMENT ANGLE,RAINING,WET,DAYLIGHT,TRAFFIC SIGNAL,NONE DETECTED,No,Suspected Minor Injury,NOT DISTRACTED,MD,Passenger Car,30,2006.0,Honda,ODYSSEY,13,Sunday,1
MCP3145002Z,200050074,Montgomery County Police,Property Damage Crash,2020-12-20 20:45:00,Maryland (State),NEW HAMPSHIRE AVE,SPENCERVILLE RD,SAME DIR REAR END,CLEAR,WET,DARK LIGHTS ON,TRAFFIC SIGNAL,UNKNOWN,Yes,No Apparent Injury,LOOKED BUT DID NOT SEE,Unknown,Passenger Car,40,2006.0,Volkswagon,4D,20,Sunday,12
MCP2513000B,16035581,Montgomery County Police,Injury Crash,2016-07-14 00:31:00,US (State),COLESVILLE RD,DALE DR,STRAIGHT MOVEMENT ANGLE,CLEAR,DRY,DARK LIGHTS ON,FLASHING TRAFFIC SIGNAL,NONE DETECTED,Yes,No Apparent Injury,NOT DISTRACTED,MD,Passenger Car,25,2011.0,Toyota,CAMRY,0,Thursday,7
MCP27450019,15066824,Montgomery County Police,Injury Crash,2015-12-29 21:34:00,County,MIDCOUNTY HWY,SHADY GROVE RD,SINGLE VEHICLE,CLEAR,DRY,DARK LIGHTS ON,TRAFFIC SIGNAL,ALCOHOL PRESENT,Yes,Possible Injury,BY MOVING OBJECT IN VEHICLE,OH,Passenger Car,45,2004.0,Audi,4S,21,Tuesday,12
MCP94190038,220016766,Montgomery County Police,Property Damage Crash,2022-04-19 16:00:00,Maryland (State),CONNECTICUT AVE,CHEVY CHASE CIR,SAME DIR BOTH LEFT TURN,CLEAR,DRY,DAYLIGHT,NO CONTROLS,Unknown,No,No Apparent Injury,NOT DISTRACTED,MD,Passenger Car,30,2007.0,Chevy,MALIBU,16,Tuesday,4
MCP1580008N,180022472,Montgomery County Police,Property Damage Crash,2018-05-07 17:24:00,County,SHADY GROVE RD,MUNCASTER MILL RD,SAME DIR REAR END,CLEAR,DRY,DAYLIGHT,TRAFFIC SIGNAL,NONE DETECTED,No,No Apparent Injury,NOT DISTRACTED,MD,Police Vehicle/Emergency,45,2007.0,Chev,IMPALA,17,Monday,5
MCP2987004L,190001210,Montgomery County Police,Injury Crash,2019-01-08 10:31:00,Maryland (State),UNIVERSITY BLVD E,WILLIAMSBURG DR,STRAIGHT MOVEMENT ANGLE,CLOUDY,DRY,DAYLIGHT,TRAFFIC SIGNAL,NONE DETECTED,Yes,No Apparent Injury,INATTENTIVE OR LOST IN THOUGHT,MD,"Medium/Heavy Trucks 3 Axles (Over 10,000Lbs (4,536Kg))",35,2008.0,Pete,DUMP TRUCK,10,Tuesday,1
MCP31330048,230009493,Montgomery County Police,Property Damage Crash,2023-02-22 17:20:00,County,WELLER RD,JINGLE LA,SAME DIRECTION SIDESWIPE,UNKNOWN,DRY,DAYLIGHT,NO CONTROLS,UNKNOWN,Yes,No Apparent Injury,UNKNOWN,Unknown,Passenger Car,25,2016.0,Toyota,COROLLA,17,Wednesday,2
MCP26780017,16039937,Montgomery County Police,Property Damage Crash,2016-08-07 00:56:00,Maryland (State),LAYHILL RD,INTERCOUNTY CONNECTOR,SAME DIR REAR END,CLEAR,DRY,DARK LIGHTS ON,TRAFFIC SIGNAL,Unknown,No,No Apparent Injury,NOT DISTRACTED,MD,Passenger Car,45,2012.0,Honda,4S,0,Sunday,8
MCP3386001R,240049533,MONTGOMERY,Property Damage Crash,2024-10-16 19:30:00,Maryland (State) Route,WISCONSIN AVE,Unknown,"Sideswipe, Same Direction",Clear,Dry,Dark - Lighted,Traffic Control Signal,"Not Suspect of Alcohol Use, Not Suspect of Drug Use",No,No Apparent Injury,Not Distracted,Unknown,Passenger Car,25,2024.0,Honda,CR-V,19,Wednesday,10
MCP9419003L,220025346,Montgomery County Police,Property Damage Crash,2022-06-13 10:31:00,Maryland (State),ROCKVILLE PIKE,CHURCH ST,SAME DIR REAR END,CLEAR,DRY,DAYLIGHT,TRAFFIC SIGNAL,NONE DETECTED,Yes,No Apparent Injury,NOT DISTRACTED,MD,Passenger Car,30,2020.0,Niss,SD,10,Monday,6
MCP3085004Z,240039195,MONTGOMERY,Property Damage Crash,2024-08-19 15:10:00,County Route,JONES BRIDGE RD,ROCKVILLE PIKE,Front to Rear,Clear,Dry,Daylight,No Controls,"Not Suspect of Alcohol Use, Not Suspect of Drug Use",No,No Apparent Injury,Not Distracted,MD,Passenger Car,30,2003.0,Mercedes-Benz,E-CLASS,15,Monday,8
MCP3037000N,17012448,Montgomery County Police,Property Damage Crash,2017-03-09 16:04:00,Maryland (State),RIDGE RD,VALLEY PARK DR,ANGLE MEETS LEFT TURN,CLEAR,DRY,DAYLIGHT,STOP SIGN,NONE DETECTED,No,No Apparent Injury,NOT DISTRACTED,MD,Passenger Car,30,2003.0,Ford,FOCUS,16,Thursday,3
MCP1233001C,16064384,Montgomery County Police,Property Damage Crash,2016-12-15 15:45:00,Maryland (State),MONTGOMERY AVE,PEARL ST,SAME DIRECTION RIGHT TURN,CLEAR,DRY,DAYLIGHT,NO CONTROLS,NONE DETECTED,No,No Apparent Injury,NOT DISTRACTED,MD,Transit Bus,30,2011.0,New Flyer,TBU,15,Thursday,12
MCP3249002K,210039344,Montgomery County Police,Property Damage Crash,2021-10-03 20:36:00,County,BRIGGS CHANEY RD,GATESHEAD MANOR WAY,SAME DIR REAR END,CLEAR,DRY,DARK LIGHTS ON,TRAFFIC SIGNAL,NONE DETECTED,No,No Apparent Injury,NOT DISTRACTED,VA,Passenger Car,35,2017.0,Hyundai,ELANTRA,20,Sunday,10
MCP3126004G,230028504,Montgomery County Police,Property Damage Crash,2023-06-13 17:17:00,County,RIDGE RD,OBSERVATION DR,SAME DIR REAR END,CLEAR,DRY,DAYLIGHT,TRAFFIC SIGNAL,NONE DETECTED,Yes,No Apparent Injury,UNKNOWN,MD,Passenger Car,40,2022.0,Chevrolet,CAMERO,17,Tuesday,6
EJ7846003V,190013038,Gaithersburg Police Depar,Property Damage Crash,2019-03-21 12:15:00,Unknown,Unknown,Unknown,STRAIGHT MOVEMENT ANGLE,RAINING,Unknown,DAYLIGHT,Unknown,NONE DETECTED,No,No Apparent Injury,NOT DISTRACTED,MD,Passenger Car,5,2013.0,Dodg,VN,12,Thursday,3
MCP2582003M,200036804,Montgomery County Police,Property Damage Crash,2020-09-19 21:42:00,Maryland (State),NORBECK RD,ROCKING SPRING DR,SINGLE VEHICLE,Unknown,DRY,DARK LIGHTS ON,NO CONTROLS,NONE DETECTED,Yes,No Apparent Injury,UNKNOWN,AK,Passenger Car,40,2012.0,Hyundai,SONATA,21,Saturday,9
MCP3162003H,200021505,Montgomery County Police,Property Damage Crash,2020-05-31 12:00:00,Unknown,Unknown,Unknown,SINGLE VEHICLE,CLEAR,Unknown,DAYLIGHT,NO CONTROLS,NONE DETECTED,Yes,No Apparent Injury,NOT DISTRACTED,MD,Passenger Car,5,2008.0,Land Rover,SPORT,12,Sunday,5
MCP271700WV,220007846,Montgomery County Police,Property Damage Crash,2022-02-22 18:35:00,US (State),COLUMBIA PIKE,GREENCASTLE RD,SAME DIR REAR END,CLEAR,WET,DARK LIGHTS ON,TRAFFIC SIGNAL,NONE DETECTED,No,No Apparent Injury,NOT DISTRACTED,DC,Passenger Car,50,2009.0,Honda,CIVIC,18,Tuesday,2
MCP27990032,170520397,Montgomery County Police,Property Damage Crash,2017-07-21 17:10:00,Maryland (State),GEORGIA AVE,HOLIDAY DR,SAME DIR REAR END,CLEAR,DRY,DAYLIGHT,Unknown,NONE DETECTED,No,No Apparent Injury,NOT DISTRACTED,MD,Passenger Car,30,2009.0,Toyt,4S,17,Friday,7
MCP23580036,170509786,Montgomery County Police,Property Damage Crash,2017-05-25 10:20:00,County,MACARTHUR BLVD,CLARA BARTON PKWY,SINGLE VEHICLE,RAINING,WET,DAYLIGHT,NO CONTROLS,Unknown,Yes,No Apparent Injury,NOT DISTRACTED,MD,Passenger Car,35,1994.0,Ford,EXPLORER,10,Thursday,5
MCP21590035,250012169,MONTGOMERY,Injury Crash,2025-03-20 07:05:00,County Route,SENECA MEADOWS PKWY,GERMANTOWN RD (SB/L),Angle,Clear,Dry,Daylight,Traffic Control Signal,"Not Suspect of Alcohol Use, Not Suspect of Drug Use",No,Suspected Minor Injury,Unknown,CA,Passenger Car,45,2010.0,Toyota,PRIUS,7,Thursday,3
DD5611005J,190000753,Rockville Police Departme,Property Damage Crash,2019-01-05 08:30:00,Municipality,W EDMONSTON DR,ROCKVILLE PIKE,SAME DIRECTION RIGHT TURN,RAINING,WET,DAYLIGHT,TRAFFIC SIGNAL,NONE DETECTED,No,No Apparent Injury,NOT DISTRACTED,MD,Passenger Car,25,2003.0,Honda,4S,8,Saturday,1
MCP26170035,17008864,Montgomery County Police,Injury Crash,2017-02-18 15:29:00,County,FALLS RD,MACARTHUR BLVD,SAME DIR REAR END,CLEAR,DRY,DAYLIGHT,STOP SIGN,NONE DETECTED,No,Possible Injury,NOT DISTRACTED,MD,Police Vehicle/Emergency,35,2008.0,Ford,CROWN VIC,15,Saturday,2
MCP25030025,250021367,MONTGOMERY,Injury Crash,2025-05-15 08:08:00,Maryland (State) Route,Unknown,Unknown,"Sideswipe, Same Direction",Cloudy,Dry,Daylight,Traffic Control Signal,"Not Suspect of Alcohol Use, Not Suspect of Drug Use",Yes,Suspected Minor Injury,Not Distracted,MD,Sport Utility Vehicle,50,2018.0,Dodge,JOURNEY,8,Thursday,5
MCP1604001K,190002464,Montgomery County Police,Property Damage Crash,2019-01-16 11:25:00,Maryland (State),MUNCASTER MILL RD,ENT TO BUSINESS,STRAIGHT MOVEMENT ANGLE,CLEAR,DRY,DAYLIGHT,NO CONTROLS,NONE DETECTED,No,No Apparent Injury,NOT DISTRACTED,MD,Passenger Car,35,2007.0,Volk,RABBIT,11,Wednesday,1
MCP3042001T,180024581,Montgomery County Police,Property Damage Crash,2018-05-19 12:45:00,County,RANDOLPH RD,GRANDVIEW AVE,SAME DIRECTION SIDESWIPE,RAINING,WET,DAYLIGHT,NO CONTROLS,NONE DETECTED,Yes,No Apparent Injury,OTHER DISTRACTION,XX,Passenger Car,45,2018.0,Ford,ESCAPE,12,Saturday,5
DM8528000F,250021758,TAKOMA,Injury Crash,2025-05-17 04:20:00,Maryland (State) Route,Unknown,PINEY BRANCH RD,Front to Rear,Clear,Dry,Dark - Lighted,Traffic Control Signal,"Not Suspect of Alcohol Use, Not Suspect of Drug Use",No,Possible Injury,Not Distracted,MD,Passenger Car,30,2015.0,Mercedes-Benz,GLA-CLASS,4,Saturday,5
MCP3225003H,230006899,Montgomery County Police,Property Damage Crash,2023-02-10 20:10:00,Maryland (State),NORBECK RD,BAUER DR,OTHER,CLEAR,DRY,DARK LIGHTS ON,TRAFFIC SIGNAL,NONE DETECTED,No,No Apparent Injury,NOT DISTRACTED,MD,Police Vehicle/Non Emergency,45,2014.0,Dodge,CHARGER,20,Friday,2
MCP33250031,240020334,MONTGOMERY,Injury Crash,2024-05-01 14:45:00,County Route,SHERWOOD FOREST DR,RANDOLPH RD (WB/L),Angle,Clear,Dry,Daylight,No Controls,"Not Suspect of Alcohol Use, Not Suspect of Drug Use",No,No Apparent Injury,Not Distracted,MD,All-Terrain Vehicle/All-Terrain Cycle (Atv/Atc),40,2006.0,Honda,PILOT,14,Wednesday,5
MCP2945000F,15025908,Montgomery County Police,Injury Crash,2015-05-29 11:03:00,Maryland (State),UNIVERSITY BLVD W,VALLEY VIEW AVE,SAME DIR REAR END,CLEAR,DRY,DAYLIGHT,TRAFFIC SIGNAL,NONE DETECTED,No,Suspected Minor Injury,NOT DISTRACTED,MD,Other,40,2012.0,Ford,TCG,11,Friday,5
MCP3342001T,240055085,MONTGOMERY,Injury Crash,2024-11-17 01:20:00,County Route,HENDERSON AVE,Unknown,Front to Rear,Clear,Dry,Dark - Lighted,Stop Sign,"Not Suspect of Alcohol Use, Not Suspect of Drug Use",No,Suspected Minor Injury,Not Distracted,MD,Passenger Car,25,2018.0,Nissan,ALTIMA,1,Sunday,11
MCP003600CQ,20000912,Montgomery County Police,Injury Crash,2020-01-06 15:40:00,Maryland (State),RIDGE RD,FREDERICK RD,STRAIGHT MOVEMENT ANGLE,CLEAR,DRY,DAYLIGHT,TRAFFIC SIGNAL,NONE DETECTED,Yes,Possible Injury,UNKNOWN,MD,Passenger Car,45,2015.0,Honda,ACCORD,15,Monday,1
MCP33120012,220017655,Montgomery County Police,Injury Crash,2022-04-26 08:50:00,US (State),COLUMBIA PIKE,ENT TO BURNT MILLS SHOPPING CENTER,SAME DIR REAR END,CLEAR,DRY,DAYLIGHT,TRAFFIC SIGNAL,NONE DETECTED,Yes,No Apparent Injury,LOOKED BUT DID NOT SEE,PA,Passenger Car,35,2008.0,Ford,TK,8,Tuesday,4
MCP1015001J,180034689,Montgomery County Police,Injury Crash,2018-07-13 16:25:00,Maryland (State),KEMPTOWN RD,MOXLEY RD,HEAD ON LEFT TURN,CLEAR,DRY,DAYLIGHT,NO CONTROLS,NONE DETECTED,Yes,Possible Injury,DISTRACTED BY OUTSIDE PERSON OBJECT OR EVENT,MD,Passenger Car,45,2010.0,Chev,4S,16,Friday,7
MCP2952001S,16021124,Montgomery County Police,Property Damage Crash,2016-04-29 14:56:00,US (State),COLESVILLE RD,FENTON ST,SAME DIR REAR END,CLOUDY,DRY,DAYLIGHT,TRAFFIC SIGNAL,NONE DETECTED,Yes,No Apparent Injury,NOT DISTRACTED,FL,Passenger Car,35,1997.0,Plymouth,BREEZE,14,Friday,4
MCP3129007M,230048247,Montgomery County Police,Property Damage Crash,2023-08-07 14:04:00,County,BONIFANT RD,SANDY RIDGE RD,SAME DIR REAR END,CLEAR,DRY,DAYLIGHT,NO CONTROLS,NONE DETECTED,Yes,No Apparent Injury,LOOKED BUT DID NOT SEE,MD,Passenger Car,35,2016.0,Buic,UT,14,Monday,8