Report Number,Local Case Number,Agency Name,ACRS Report Type,Crash Date/Time,Route Type,Road Name,Cross-Street Name,Collision Type,Weather,Surface Condition,Light,Traffic Control,Driver Substance Abuse,Driver At Fault,Injury Severity,Driver Distracted By,Drivers License State,Vehicle Body Type,Speed Limit,Vehicle Year,Vehicle Make,Vehicle Model,Crash Hour,Crash Day,Crash Month
MCP2674004X,240020208,MONTGOMERY,Injury Crash,2024-04-30 17:54:00,Maryland (State) Route,FREDERICK RD,Unknown,"Sideswipe, Same Direction",Clear,Dry,Daylight,No Controls,"Not Suspect of Alcohol Use, Not Suspect of Drug Use",No,No Apparent Injury,Not Distracted,MD,Passenger Car,40,2010.0,Nissan,SENTRA,17,Tuesday,4
MCP26560050,200050075,Montgomery County Police,Injury Crash,2020-12-20 20:50:00,Unknown,Unknown,Unknown,OTHER,Unknown,Unknown,DARK LIGHTS ON,Unknown,Unknown,No,No Apparent Injury,NOT DISTRACTED,MD,Passenger Car,20,2018.0,Toyota,COROLLA,20,Sunday,12
MCP15150005,15003603,Montgomery County Police,Injury Crash,2015-01-22 18:28:00,Maryland (State),DARNESTOWN RD,ENT TO POTOMAC VALLEY SHOPPING CTR,HEAD ON LEFT TURN,CLOUDY,DRY,DARK LIGHTS ON,TRAFFIC SIGNAL,NONE DETECTED,No,Suspected Minor Injury,NOT DISTRACTED,MD,Passenger Car,30,1996.0,Acura,INTEGRA,18,Thursday,1
MCP1030000L,170546661,Montgomery County Police,Injury Crash,2017-12-05 07:50:00,Maryland (State),FREDERICK RD,SHAKESPEARE BLVD,SAME DIR BOTH LEFT TURN,CLEAR,DRY,DAYLIGHT,TRAFFIC SIGNAL,NONE DETECTED,No,No Apparent Injury,NOT DISTRACTED,MD,Passenger Car,35,2017.0,Niss,ALTIMA,7,Tuesday,12
MCP2586004P,190009849,Montgomery County Police,Property Damage Crash,2019-03-02 13:00:00,Unknown,Unknown,Unknown,OTHER,CLEAR,Unknown,DAYLIGHT,Unknown,UNKNOWN,Yes,No Apparent Injury,UNKNOWN,Unknown,Passenger Car,20,2013.0,Mercedes,4DR,13,Saturday,3
MCP2311002V,180001237,Montgomery County Police,Property Damage Crash,2018-01-09 08:30:00,Municipality,PROFESSIONAL DR,ROAD END,OTHER,WINTRY MIX,ICE,DAYLIGHT,Unknown,Unknown,Yes,No Apparent Injury,NOT DISTRACTED,MD,Passenger Car,25,2012.0,Chry,4S,8,Tuesday,1
MCP1151003F,15049496,MONTGOMERY,Injury Crash,2015-09-30 08:41:00,County,RIDGE RD,OBSERVATION DR,SAME DIR REAR END,RAINING,WET,DAYLIGHT,Unknown,NONE DETECTED,No,Possible Injury,NOT DISTRACTED,MD,Police Vehicle/Non Emergency,45,2012.0,Dodg,CHARGER,8,Wednesday,9
EJ7884007N,250052185,GAITHERSBURG,Property Damage Crash,2025-11-20 22:25:00,Ramp,RAMP 1 FR WASH. BLVD TO SAM EIG HWY WB,RAMP 7 FR RAMP 1 (FR IS270) TO WASH BLVD WASHINGTONIAN BLVD,Angle,Clear,Dry,Dark - Lighted,Traffic Control Signal,"Not Suspect of Alcohol Use, Not Suspect of Drug Use",Yes,No Apparent Injury,Unknown,Unknown,Sport Utility Vehicle,35,2014.0,Nissan,PATHFINDER,22,Thursday,11
MCP33370026,230074234,Montgomery County Police,Property Damage Crash,2023-12-30 01:20:00,County,RANDOLPH RD,NEW HAMPSHIRE AVE,SAME DIR REAR END,CLEAR,DRY,DARK LIGHTS ON,TRAFFIC SIGNAL,NONE DETECTED,Yes,No Apparent Injury,NOT DISTRACTED,MD,Passenger Car,40,2014.0,Volk,PASSAT,1,Saturday,12
MCP30140045,230060396,Montgomery County Police,Property Damage Crash,2023-10-13 21:17:00,Maryland (State),CONNECTICUT AVE,STRUC #15088,SAME DIRECTION SIDESWIPE,CLEAR,DRY,DARK LIGHTS ON,NO CONTROLS,NONE DETECTED,Yes,No Apparent Injury,NOT DISTRACTED,MD,Passenger Car,35,2023.0,Honda,ACCORD,21,Friday,10
MCP3076003S,220017212,Montgomery County Police,Property Damage Crash,2022-04-23 00:51:00,County,OLD COLUMBIA PIKE,GREENCASTLE RD,SAME DIR REAR END,CLEAR,DRY,DARK LIGHTS ON,TRAFFIC SIGNAL,NONE DETECTED,Yes,No Apparent Injury,INATTENTIVE OR LOST IN THOUGHT,MD,Passenger Car,55,2009.0,Dodge,CHARGER,0,Saturday,4
EJ7865002H,180005532,Gaithersburg Police Depar,Injury Crash,2018-02-01 14:55:00,Maryland (State),FREDERICK RD,MONTGOMERY VILLAGE AVE,SAME DIR REAR END,CLEAR,DRY,DAYLIGHT,NO CONTROLS,NONE DETECTED,Yes,No Apparent Injury,NOT DISTRACTED,MD,Passenger Car,40,2004.0,Mercedez,4S,14,Thursday,2
MCP20520022,200046898,Montgomery County Police,Property Damage Crash,2020-11-28 00:57:00,County,MUDDY BRANCH RD,PENSACOLA DR,SINGLE VEHICLE,CLEAR,DRY,DARK LIGHTS ON,Unknown,NONE DETECTED,No,No Apparent Injury,NOT DISTRACTED,MD,Police Vehicle/Non Emergency,45,2018.0,Ford,INTERCEPTER,0,Saturday,11
MCP2639006D,190014295,Montgomery County Police,Property Damage Crash,2019-03-28 06:10:00,County,BRIGGS CHANEY RD,LEAR LA,SAME DIRECTION LEFT TURN,CLEAR,DRY,DARK NO LIGHTS,NO CONTROLS,NONE DETECTED,No,No Apparent Injury,NOT DISTRACTED,MD,Passenger Car,35,2007.0,Ford,MUSTANG,6,Thursday,3
MCP1022002T,15031973,MONTGOMERY,Property Damage Crash,2015-06-30 13:54:00,County,MIDDLEBROOK RD,FATHER HURLEY BLVD,SINGLE VEHICLE,CLEAR,DRY,DAYLIGHT,TRAFFIC SIGNAL,NONE DETECTED,Yes,No Apparent Injury,NOT DISTRACTED,MD,Passenger Car,40,2003.0,Honda,ACCORD,13,Tuesday,6
MCP26560033,180039206,Montgomery County Police,Property Damage Crash,2018-08-07 15:47:00,US (State),COLUMBIA PIKE,STEWART LA,SINGLE VEHICLE,CLEAR,DRY,DAYLIGHT,Unknown,Unknown,Yes,No Apparent Injury,NOT DISTRACTED,MA,Passenger Car,50,2016.0,Toyota,COROLLA,15,Tuesday,8
MCP32290020,240010197,MONTGOMERY,Property Damage Crash,2024-03-02 10:22:00,Maryland (State) Route,RIVER RD,BROOKSIDE DR BROOKSIDE DR (NB/L) RIDGEFIELD RD,Front to Rear,Rain,Wet,Daylight,Traffic Control Signal,"Not Suspect of Alcohol Use, Not Suspect of Drug Use",No,No Apparent Injury,Not Distracted,MD,Passenger Car,35,2023.0,Toyota,HIGHLANDER,10,Saturday,3
MCP27860031,200023182,Montgomery County Police,Property Damage Crash,2020-06-12 22:17:00,Maryland (State),SPENCERVILLE RD,SANTINI RD,HEAD ON,CLEAR,DRY,DARK LIGHTS ON,Unknown,NONE DETECTED,No,No Apparent Injury,NOT DISTRACTED,FL,(Sport) Utility Vehicle,35,2008.0,Jeep,LIBERTY,22,Friday,6
MCP3380003V,250050727,MONTGOMERY,Property Damage Crash,2025-11-12 08:54:00,County Route,ARCOLA AVE,Unknown,Angle,Clear,Dry,Daylight,No Controls,"Not Suspect of Alcohol Use, Not Suspect of Drug Use",No,No Apparent Injury,Not Distracted,MD,Passenger Car,25,2018.0,Mazda,CX-5,8,Wednesday,11
MCP272600CH,250002731,MONTGOMERY,Property Damage Crash,2025-01-20 08:30:00,County Route,E GUDE DR,DOVER RD,Other,Clear,Slush,Daylight,Traffic Control Signal,"Not Suspect of Alcohol Use, Not Suspect of Drug Use",Yes,No Apparent Injury,Not Distracted,MD,Passenger Car,40,2002.0,Chevrolet,SILVERADO,8,Monday,1
MCP2761002N,210011452,Montgomery County Police,Injury Crash,2021-03-26 22:34:00,County,CRYSTAL ROCK DR,CLOVERLEAF CENTER DR,STRAIGHT MOVEMENT ANGLE,CLEAR,DRY,DARK LIGHTS ON,NO CONTROLS,NONE DETECTED,No,Possible Injury,NOT DISTRACTED,MD,Passenger Car,40,2006.0,Toyt,4S,22,Friday,3
MCP3163008Z,250030735,MONTGOMERY,Property Damage Crash,2025-07-10 15:01:00,Maryland (State) Route,EAST WEST HWY,GLENDALE RD,Front to Rear,Clear,Dry,Daylight,No Controls,"Not Suspect of Alcohol Use, Not Suspect of Drug Use",No,No Apparent Injury,Not Distracted,MD,Passenger Car,35,2010.0,Toyota,PRIUS,15,Thursday,7
DD5637000B,190039943,Rockville Police Departme,Injury Crash,2019-08-21 10:12:00,Municipality,MARYLAND AVE,GREAT FALLS RD,SAME DIR REAR END,CLEAR,DRY,DAYLIGHT,NO CONTROLS,NONE DETECTED,No,Suspected Minor Injury,NOT DISTRACTED,MD,(Sport) Utility Vehicle,30,2014.0,Toyota,RAV4,10,Wednesday,8
MCP26080025,170521124,Montgomery County Police,Property Damage Crash,2017-07-26 18:00:00,Maryland (State),GEORGIA AVE,FLORA LA,SAME DIRECTION SIDESWIPE,CLEAR,DRY,DAYLIGHT,NO CONTROLS,NONE DETECTED,No,No Apparent Injury,NOT DISTRACTED,MD,Pickup Truck,35,2013.0,Chevrolet,TK,18,Wednesday,7
MCP3012000F,16005195,Montgomery County Police,Injury Crash,2016-02-01 09:23:00,Maryland (State),VEIRS MILL RD,TWINBROOK PKWY,SAME DIR REAR END,CLEAR,Unknown,DAYLIGHT,NO CONTROLS,NONE DETECTED,No,No Apparent Injury,NOT DISTRACTED,MD,Passenger Car,40,2013.0,Honda,CIVIC,9,Monday,2
MCP2914008C,190005121,Montgomery County Police,Property Damage Crash,2019-02-01 15:28:00,Maryland (State),NEW HAMPSHIRE AVE,OAKVIEW DR,OTHER,SNOW,SNOW,DAYLIGHT,TRAFFIC SIGNAL,Unknown,No,No Apparent Injury,NOT DISTRACTED,MD,Passenger Car,30,2008.0,Toyt,TK,15,Friday,2
MCP27520055,230015210,Montgomery County Police,Property Damage Crash,2023-03-29 18:00:00,Maryland (State),CONNECTICUT AVE,BALTIMORE ST,STRAIGHT MOVEMENT ANGLE,CLEAR,DRY,DAYLIGHT,NO CONTROLS,NONE DETECTED,Yes,No Apparent Injury,LOOKED BUT DID NOT SEE,MD,Passenger Car,35,2014.0,Toyt,COROLLA,18,Wednesday,3
DD56330016,190013069,Rockville Police Departme,Property Damage Crash,2019-03-21 16:25:00,Municipality,AVERY RD,NORBECK RD,SAME DIR REAR END,RAINING,WET,DAYLIGHT,Unknown,NONE DETECTED,No,No Apparent Injury,NOT DISTRACTED,MD,Passenger Car,50,2013.0,Niss,4S,16,Thursday,3
MCP3170004D,250044810,MONTGOMERY,Property Damage Crash,2025-10-05 17:29:00,Unknown,Unknown,Unknown,Front to Rear,Clear,Unknown,Daylight,Unknown,"Not Suspect of Alcohol Use, Not Suspect of Drug Use",No,No Apparent Injury,Not Distracted,MD,Passenger Car,0,2020.0,Honda,CR-V,17,Sunday,10
MCP20460093,180050332,Montgomery County Police,Injury Crash,2018-10-08 16:33:00,US (State),COLUMBIA PIKE,FAIRLAND RD,STRAIGHT MOVEMENT ANGLE,CLEAR,DRY,DAYLIGHT,TRAFFIC SIGNAL,NONE DETECTED,Yes,Possible Injury,NOT DISTRACTED,MD,Passenger Car,50,2018.0,Bmw,430C,16,Monday,10
MCP292300BQ,240011386,MONTGOMERY,Injury Crash,2024-03-09 07:39:00,County Route,HEURICH RD,RANDOLPH RD,Front to Rear,Rain,Wet,Daylight,Traffic Control Signal,"Not Suspect of Alcohol Use, Not Suspect of Drug Use",No,Suspected Minor Injury,Unknown,MD,Passenger Car,30,2004.0,Hyundai,ACCENT,7,Saturday,3
MCP29170041,190014388,Montgomery County Police,Property Damage Crash,2019-03-28 15:17:00,Maryland (State),NORBECK RD,NORBECK BLVD,SAME DIR REAR END,CLEAR,DRY,DAYLIGHT,NO CONTROLS,NONE DETECTED,No,No Apparent Injury,NOT DISTRACTED,MD,Passenger Car,40,2015.0,Dodge,DURANGO,15,Thursday,3
MCP3080004J,240017397,MONTGOMERY,Injury Crash,2024-04-14 19:42:00,Maryland (State) Route,Unknown,Unknown,Front to Rear,Clear,Dry,Dark - Lighted,No Controls,"Not Suspect of Alcohol Use, Not Suspect of Drug Use",No,Possible Injury,Not Distracted,MD,Passenger Car,40,2020.0,Hyundai,SANTA FE,19,Sunday,4
MCP1595000W,170539099,Montgomery County Police,Property Damage Crash,2017-10-27 03:49:00,Unknown,Unknown,Unknown,OTHER,CLEAR,Unknown,DARK LIGHTS ON,NO CONTROLS,NONE DETECTED,No,No Apparent Injury,NOT DISTRACTED,MD,Passenger Car,15,2014.0,Acura,TSX,3,Friday,10
MCP271700TV,210009343,Montgomery County Police,Property Damage Crash,2021-03-12 15:30:00,Unknown,Unknown,Unknown,OTHER,CLEAR,Unknown,DAYLIGHT,NO CONTROLS,NONE DETECTED,Unknown,No Apparent Injury,LOOKED BUT DID NOT SEE,MD,Pickup Truck,0,2014.0,Ford,F150,15,Friday,3
MCP3231001C,240028574,MONTGOMERY,Injury Crash,2024-06-15 22:45:00,County Route,ELM ST,ARLINGTON RD,Single Vehicle,Clear,Dry,Dark - Lighted,Traffic Control Signal,"Not Suspect of Alcohol Use, Not Suspect of Drug Use",No,No Apparent Injury,Not Distracted,MD,Passenger Car,25,2023.0,Toyota,COROLLA,22,Saturday,6
MCP2766002D,16012822,MONTGOMERY,Property Damage Crash,2016-03-15 18:06:00,Maryland (State),GEORGIA AVE,HEATHFIELD RD,SAME DIRECTION LEFT TURN,CLEAR,DRY,DAYLIGHT,Unknown,NONE DETECTED,Yes,No Apparent Injury,LOOKED BUT DID NOT SEE,MD,Station Wagon,45,2009.0,Honda,ODYSSEY,18,Tuesday,3
MCP2678002F,200029801,Montgomery County Police,Property Damage Crash,2020-08-01 01:17:00,County,NOTLEY RD,BONIFANT RD,SINGLE VEHICLE,RAINING,WET,DARK LIGHTS ON,TRAFFIC SIGNAL,NONE DETECTED,Yes,No Apparent Injury,NOT DISTRACTED,VA,Passenger Car,35,2012.0,Honda,4S,1,Saturday,8
MCP30120013,16040125,Montgomery County Police,Property Damage Crash,2016-08-08 09:19:00,Maryland (State),GEORGIA AVE,HERITAGE HILLS DR,SAME DIRECTION LEFT TURN,CLEAR,DRY,DAYLIGHT,NO CONTROLS,NONE DETECTED,Yes,No Apparent Injury,NOT DISTRACTED,MD,Passenger Car,35,2007.0,Toyta,CAMRY,9,Monday,8
MCP2048001M,170539834,Montgomery County Police,Property Damage Crash,2017-10-30 16:30:00,Unknown,Unknown,Unknown,STRAIGHT MOVEMENT ANGLE,CLEAR,Unknown,DAYLIGHT,Unknown,NONE DETECTED,Yes,No Apparent Injury,LOOKED BUT DID NOT SEE,MD,School Bus,15,2006.0,Thom,BU,16,Monday,10
MCP28980013,15047159,MONTGOMERY,Injury Crash,2015-09-17 17:26:00,Maryland (State),GERMANTOWN RD,CLOPPER RD,SAME DIR REAR END,CLEAR,DRY,DAYLIGHT,YIELD SIGN,Unknown,Yes,No Apparent Injury,NOT DISTRACTED,MD,Passenger Car,40,2015.0,Honda,ACCORD,17,Thursday,9
DD5630001R,190032305,Rockville Police Departme,Property Damage Crash,2019-07-07 16:35:00,Maryland (State),ROCKVILLE PIKE,CROSSOVER,SAME DIRECTION SIDESWIPE,CLEAR,DRY,DAYLIGHT,NO CONTROLS,NONE DETECTED,Yes,No Apparent Injury,LOOKED BUT DID NOT SEE,MD,Passenger Car,40,2005.0,Honda,ACCORD,16,Sunday,7
DD5610001G,15058694,ROCKVILLE,Property Damage Crash,2015-11-17 14:32:00,Maryland (State),HUNGERFORD DR,N CAMPUS DR,STRAIGHT MOVEMENT ANGLE,CLEAR,DRY,DAYLIGHT,NO CONTROLS,Unknown,No,No Apparent Injury,NOT DISTRACTED,MD,Passenger Car,15,2004.0,Toyt,4S,14,Tuesday,11
MCP137800QM,190020651,Montgomery County Police,Injury Crash,2019-05-02 16:38:00,County,MUNCASTER RD,WILD FLOWER CT,HEAD ON,RAINING,WET,DAYLIGHT,NO CONTROLS,NONE DETECTED,Yes,Suspected Serious Injury,NOT DISTRACTED,MD,Passenger Car,30,2010.0,Mercedes,S550,16,Thursday,5
MCP2904003H,170510966,Montgomery County Police,Property Damage Crash,2017-05-31 19:17:00,County,11TH AVE,RUATAN ST,HEAD ON LEFT TURN,Unknown,DRY,DAYLIGHT,NO CONTROLS,NONE DETECTED,Yes,No Apparent Injury,UNKNOWN,MD,Passenger Car,35,2008.0,Chevrolet,TRAIL BLAZER,19,Wednesday,5
MCP28320013,15007586,Montgomery County Police,Property Damage Crash,2015-02-15 09:36:00,Maryland (State),VEIRS MILL RD,CONNECTICUT AVE,SAME DIRECTION SIDESWIPE,Unknown,ICE,DAYLIGHT,TRAFFIC SIGNAL,NONE DETECTED,No,No Apparent Injury,NOT DISTRACTED,MD,(Sport) Utility Vehicle,45,2008.0,Suzu,TK,9,Sunday,2
MCP2764003Y,250035485,MONTGOMERY,Property Damage Crash,2025-08-09 11:47:00,Maryland (State) Route,EAST WEST HWY (WB/L),Unknown,"Sideswipe, Same Direction",Clear,Dry,Daylight,Traffic Control Signal,"Not Suspect of Alcohol Use, Not Suspect of Drug Use",No,No Apparent Injury,Not Distracted,MD,Bus - Transit,25,2023.0,New Flyer,XCELSIOR,11,Saturday,8
MCP2894001V,16013971,MONTGOMERY,Property Damage Crash,2016-03-22 08:00:00,County,TUCKERMAN LA,ROCKVILLE PIKE,STRAIGHT MOVEMENT ANGLE,Unknown,DRY,DAYLIGHT,NO CONTROLS,NONE DETECTED,No,No Apparent Injury,NOT DISTRACTED,MD,Passenger Car,35,2007.0,Honda,CIVIC,8,Tuesday,3
MCP26030075,250052402,MONTGOMERY,Injury Crash,2025-11-22 09:42:00,Maryland (State) Route,MIDCOUNTY HWY (SB/L),Unknown,Single Vehicle,Rain,Wet,Daylight,No Controls,"Not Suspect of Alcohol Use, Not Suspect of Drug Use",Yes,Possible Injury,Unknown,Unknown,Passenger Car,50,2001.0,Ford,MUSTANG,9,Saturday,11
MCP121300B1,240058055,MONTGOMERY,Property Damage Crash,2024-12-04 18:10:00,County Route,NOTLEY RD,Unknown,Front to Rear,Clear,Dry,Dark - Not Lighted,No Controls,"Not Suspect of Alcohol Use, Not Suspect of Drug Use",No,No Apparent Injury,Not Distracted,MD,Passenger Car,30,2014.0,Toyota,COROLLA,18,Wednesday,12
MCP2635006Q,210022522,Montgomery County Police,Injury Crash,2021-06-12 22:40:00,Maryland (State),OLNEY LAYTONSVILLE RD,WICKHAM RD,SAME DIR REAR END,CLEAR,Unknown,DARK NO LIGHTS,NO CONTROLS,Unknown,No,No Apparent Injury,NOT DISTRACTED,MD,Passenger Car,40,2014.0,Acura,TSX,22,Saturday,6
MCP271700K9,180044548,Montgomery County Police,Injury Crash,2018-09-06 17:00:00,Maryland (State),OLD COLUMBIA PIKE,ENT TO BUSINESS,SAME DIR REAR END,CLEAR,DRY,DAYLIGHT,NO CONTROLS,NONE DETECTED,Yes,No Apparent Injury,UNKNOWN,MD,Pickup Truck,35,2002.0,Ford,TK,17,Thursday,9
MCP2726008Y,240006120,MONTGOMERY,Property Damage Crash,2024-02-07 11:40:00,Local Route,PARK CUT THRU CUT,Unknown,Other,Clear,Dry,Daylight,No Controls,"Not Suspect of Alcohol Use, Not Suspect of Drug Use",No,No Apparent Injury,Not Distracted,MD,Bus - School,15,2021.0,Thomas Built,SCHOOL BUS,11,Wednesday,2
MCP31930018,200021537,Montgomery County Police,Property Damage Crash,2020-05-31 16:15:00,County,GRANDVIEW AVE,ARCOLA AVE,OTHER,CLEAR,DRY,DAYLIGHT,NO CONTROLS,NONE DETECTED,No,No Apparent Injury,NOT DISTRACTED,VA,Passenger Car,25,2005.0,Honda,ACCORD,16,Sunday,5
EJ7876001D,190052981,Gaithersburg Police Depar,Property Damage Crash,2019-11-03 18:05:00,Maryland (State),FREDERICK RD,MONTGOMERY VILLAGE AVE,SAME DIR REAR END,CLEAR,DRY,DARK LIGHTS ON,TRAFFIC SIGNAL,NONE DETECTED,No,No Apparent Injury,NOT DISTRACTED,MD,Passenger Car,35,2014.0,Ford,4S,18,Sunday,11
MCP27610051,230069444,Montgomery County Police,Property Damage Crash,2023-12-02 09:45:00,Maryland (State),CLOPPER RD,MATENEY RD,SAME DIR REAR END,CLOUDY,WET,DAYLIGHT,NO CONTROLS,NONE DETECTED,Yes,No Apparent Injury,UNKNOWN,MD,Passenger Car,35,2021.0,Honda,ACCORD,9,Saturday,12
MCP1438000R,15048270,MONTGOMERY,Property Damage Crash,2015-09-23 15:41:00,Maryland (State),S FREDERICK RD,E DEER PARK DR,STRAIGHT MOVEMENT ANGLE,CLEAR,DRY,DAYLIGHT,TRAFFIC SIGNAL,NONE DETECTED,Yes,No Apparent Injury,LOOKED BUT DID NOT SEE,MD,Passenger Car,45,2016.0,Hyun,4S,15,Wednesday,9
MCP3173003D,240033870,MONTGOMERY,Property Damage Crash,2024-07-17 22:00:00,County Route,DIAMONDBACK DR,MUDDY BRANCH RD,Other,Clear,Dry,Dark - Lighted,Traffic Control Signal,"Not Suspect of Alcohol Use, Not Suspect of Drug Use",No,No Apparent Injury,Not Distracted,MD,Passenger Car,45,2016.0,Toyota,SCION IA,22,Wednesday,7
MCP296200BP,250049045,MONTGOMERY,Injury Crash,2025-11-01 13:26:00,County Route,MIDDLEBROOK RD (WB/L),Unknown,Front to Rear,Clear,Dry,Daylight,No Controls,"Not Suspect of Alcohol Use, Not Suspect of Drug Use",No,No Apparent Injury,Not Distracted,MD,Passenger Car,35,2024.0,Honda,ACCORD,13,Saturday,11
MCP28370063,240016954,MONTGOMERY,Property Damage Crash,2024-04-12 07:11:00,County Route,Unknown,Unknown,Angle,Rain,Wet,Daylight,No Controls,"Not Suspect of Alcohol Use, Not Suspect of Drug Use",No,No Apparent Injury,Not Distracted,MD,Passenger Car,40,2015.0,Honda,ACCORD,7,Friday,4
MCP2948005J,220038900,Montgomery County Police,Property Damage Crash,2022-09-07 18:00:00,Maryland (State),UNIVERSITY BLVD W,EASECREST DR,STRAIGHT MOVEMENT ANGLE,CLEAR,DRY,DAYLIGHT,NO CONTROLS,NONE DETECTED,No,No Apparent Injury,NOT DISTRACTED,MD,Passenger Car,35,2002.0,Honda,CIVIC,18,Wednesday,9
DD5617002S,220017927,Rockville Police Departme,Property Damage Crash,2022-04-27 16:12:00,Municipality,CHOKE CHERRY RD,CROSSOVER,SAME DIRECTION SIDESWIPE,Unknown,Unknown,DAYLIGHT,Unknown,Unknown,No,No Apparent Injury,UNKNOWN,MD,Unknown,30,2020.0,Kia,SEDAN,16,Wednesday,4
HA24980002,22000423,Maryland-National Capital,Property Damage Crash,2022-03-27 19:30:00,Government,SLIGO CREEK PKWY,PINEY BRANCH RD,SINGLE VEHICLE,CLEAR,DRY,DUSK,TRAFFIC SIGNAL,NONE DETECTED,Yes,No Apparent Injury,NOT DISTRACTED,MD,Passenger Car,15,2008.0,Honda,CIVIC,19,Sunday,3
MCP27600026,190020721,Montgomery County Police,Property Damage Crash,2019-05-02 22:45:00,Municipality,FIRSTFIELD RD,CLOPPER RD,STRAIGHT MOVEMENT ANGLE,CLEAR,DRY,DARK LIGHTS ON,NO CONTROLS,Unknown,Yes,No Apparent Injury,LOOKED BUT DID NOT SEE,MD,Passenger Car,25,2015.0,Suba,SW,22,Thursday,5
MCP26030049,220037823,Montgomery County Police,Injury Crash,2022-09-01 08:49:00,County,MONTGOMERY VILLAGE AVE,WALKERS CHOICE RD,SAME DIR REAR END,Unknown,DRY,DAYLIGHT,Unknown,Unknown,No,No Apparent Injury,NOT DISTRACTED,MD,Passenger Car,35,2014.0,Toyota,SEDAN,8,Thursday,9
MCP2635003K,17005118,Montgomery County Police,Property Damage Crash,2017-01-29 19:16:00,Maryland (State),ASHTON RD,NEW HAMPSHIRE AVE,SINGLE VEHICLE,Unknown,DRY,DARK NO LIGHTS,TRAFFIC SIGNAL,Unknown,Yes,No Apparent Injury,UNKNOWN,MD,Passenger Car,30,2005.0,Toyota,SOLARA,19,Sunday,1
MCP31610031,210027646,Montgomery County Police,Property Damage Crash,2021-07-17 17:00:00,Maryland (State),ROCKVILLE PIKE,BELLEVUE DR,HEAD ON LEFT TURN,RAINING,WET,DAYLIGHT,TRAFFIC SIGNAL,NONE DETECTED,Yes,No Apparent Injury,UNKNOWN,MD,Passenger Car,35,2004.0,Volkswagon,GTI,17,Saturday,7
MCP1291002M,190062614,Montgomery County Police,Property Damage Crash,2019-12-29 17:10:00,Municipality,KENTLANDS BLVD,GREAT SENECA HWY,STRAIGHT MOVEMENT ANGLE,RAINING,WET,DARK LIGHTS ON,NO CONTROLS,Unknown,Yes,No Apparent Injury,NOT DISTRACTED,MD,Passenger Car,25,2017.0,Chevrolet,MALIBU,17,Sunday,12
EJ7916000P,250038709,GAITHERSBURG,Injury Crash,2025-08-29 15:15:00,County Route,MUDDY BRANCH RD (SB/L),Unknown,Angle,Clear,Dry,Daylight,No Controls,"Not Suspect of Alcohol Use, Not Suspect of Drug Use",No,Possible Injury,Unknown,DE,Passenger Car,40,2007.0,Gmc,ENVOY,15,Friday,8
MCP11520011,200003195,Montgomery County Police,Injury Crash,2020-01-20 08:12:00,Maryland (State),WISCONSIN AVE,OLD GEORGETOWN RD,SAME DIR REAR END,CLEAR,DRY,DAYLIGHT,TRAFFIC SIGNAL,Unknown,Yes,No Apparent Injury,UNKNOWN,MD,Pickup Truck,25,2003.0,Ford,TK,8,Monday,1
MCP3068000P,170546779,Montgomery County Police,Property Damage Crash,2017-12-05 17:27:00,Maryland (State),ROCKVILLE PIKE,POOKS HILL RD,SAME DIR REAR END,RAINING,WET,DARK LIGHTS ON,Unknown,Unknown,No,No Apparent Injury,NOT DISTRACTED,MD,(Sport) Utility Vehicle,35,2016.0,Chevrolet,SUBURBAN,17,Tuesday,12
MCP30340023,180043592,Montgomery County Police,Injury Crash,2018-09-01 06:38:00,County,SECOND AVE,HANOVER ST,SAME DIR REAR END,CLEAR,DRY,DUSK,NO CONTROLS,NONE DETECTED,No,Possible Injury,NOT DISTRACTED,FL,Passenger Car,25,2007.0,Toyota,YARIS,6,Saturday,9
MCP3212003R,220036948,Montgomery County Police,Injury Crash,2022-08-28 18:00:00,Maryland (State),COLESVILLE RD,SECOND AVE,SAME DIRECTION SIDESWIPE,CLEAR,DRY,DAYLIGHT,NO CONTROLS,ALCOHOL PRESENT,Yes,Suspected Minor Injury,OTHER DISTRACTION,DC,Passenger Car,25,2007.0,Chevy,TAHOE,18,Sunday,8
MCP31630090,250034131,MONTGOMERY,Injury Crash,2025-07-31 14:50:00,Unknown,Unknown,Unknown,Single Vehicle,Rain,Unknown,Daylight,Unknown,"Not Suspect of Alcohol Use, Not Suspect of Drug Use",Yes,No Apparent Injury,Not Distracted,MD,Passenger Car,0,2018.0,Hyundai,ELANTRA,14,Thursday,7
MCP3136007J,250030867,MONTGOMERY,Property Damage Crash,2025-07-11 10:38:00,County Route,APPLE AVE,Unknown,"Sideswipe, Same Direction",Clear,Dry,Daylight,No Controls,"Not Suspect of Alcohol Use, Not Suspect of Drug Use",No,No Apparent Injury,Not Distracted,MD,Passenger Car,25,2013.0,Buick,ENCORE,10,Friday,7