Report Number,Local Case Number,Agency Name,ACRS Report Type,Crash Date/Time,Route Type,Road Name,Cross-Street Name,Collision Type,Weather,Surface Condition,Light,Traffic Control,Driver Substance Abuse,Driver At Fault,Injury Severity,Driver Distracted By,Drivers License State,Vehicle Body Type,Speed Limit,Vehicle Year,Vehicle Make,Vehicle Model,Crash Hour,Crash Day,Crash Month
MCP2987005P,190051708,Montgomery County Police,Property Damage Crash,2019-10-27 16:32:00,County,LOCKWOOD DR,OAK LEAF DR,SAME DIR REAR END,CLEAR,DRY,DAYLIGHT,NO CONTROLS,NONE DETECTED,No,No Apparent Injury,NOT DISTRACTED,MD,Passenger Car,30,2020.0,Toyota,COROLLA,16,Sunday,10
MCP2539000L,16021714,Montgomery County Police,Property Damage Crash,2016-05-02 21:33:00,Maryland (State),BRADLEY BLVD,ARLINGTON RD,STRAIGHT MOVEMENT ANGLE,RAINING,WATER(STANDING/MOVING),DARK LIGHTS ON,TRAFFIC SIGNAL,NONE DETECTED,No,No Apparent Injury,NOT DISTRACTED,MO,Passenger Car,35,2016.0,Toyt,VAN,21,Monday,5
MCP3112003J,190049350,Montgomery County Police,Injury Crash,2019-10-14 19:38:00,Unknown,Unknown,Unknown,SINGLE VEHICLE,CLEAR,Unknown,DARK NO LIGHTS,Unknown,NONE DETECTED,Yes,No Apparent Injury,NOT DISTRACTED,MD,Station Wagon,0,1999.0,Bmw,528,19,Monday,10
EJ7890000Q,210044011,Gaithersburg Police Depar,Property Damage Crash,2021-10-31 23:06:00,Municipality,GIRARD ST,VICTORY FARM DR,SAME DIRECTION SIDESWIPE,CLEAR,DRY,DARK LIGHTS ON,YIELD SIGN,UNKNOWN,Yes,No Apparent Injury,UNKNOWN,Unknown,Passenger Car,25,2008.0,Cadillac,ESCALADE,23,Sunday,10
MCP3136005S,230006039,Montgomery County Police,Property Damage Crash,2023-02-06 13:22:00,Unknown,Unknown,Unknown,SINGLE VEHICLE,CLOUDY,Unknown,DAYLIGHT,NO CONTROLS,NONE DETECTED,Yes,No Apparent Injury,NOT DISTRACTED,MD,School Bus,5,2014.0,Thoms,BUS,13,Monday,2
MCP1465001W,16002288,Montgomery County Police,Property Damage Crash,2016-01-13 06:55:00,Maryland (State),VEIRS MILL RD,EDMONSTON DR,SAME DIRECTION RIGHT TURN,CLEAR,DRY,DARK LIGHTS ON,TRAFFIC SIGNAL,NONE DETECTED,Yes,No Apparent Injury,NOT DISTRACTED,MD,Passenger Car,35,2002.0,Chrysler,PT,6,Wednesday,1
MCP3341005C,250042956,MONTGOMERY,Property Damage Crash,2025-09-24 12:09:00,County Route,BUSHEY DR,Unknown,Other,Clear,Dry,Daylight,No Controls,"Not Suspect of Alcohol Use, Not Suspect of Drug Use",Yes,No Apparent Injury,Unknown,MD,Passenger Car,25,2022.0,Ford,F-250,12,Wednesday,9
MCP29680043,210051580,Montgomery County Police,Injury Crash,2021-12-18 15:00:00,County,SEVEN LOCKS RD,IVYMOUNT TERR,OTHER,RAINING,WET,DAYLIGHT,NO CONTROLS,Unknown,No,No Apparent Injury,NOT DISTRACTED,MD,Passenger Car,35,2003.0,Honda,CIVIC,15,Saturday,12
MCP20080010,15016323,Montgomery County Police,Property Damage Crash,2015-04-08 19:52:00,Maryland (State),WISCONSIN AVE,MONTGOMERY AVE,SAME DIR REAR END,CLEAR,DRY,DARK LIGHTS ON,TRAFFIC SIGNAL,NONE DETECTED,Yes,No Apparent Injury,NOT DISTRACTED,VA,Passenger Car,25,2012.0,Niss,MURANO,19,Wednesday,4
MCP3190001B,190043039,Montgomery County Police,Injury Crash,2019-09-08 14:35:00,Maryland (State),VEIRS MILL RD,GAIL ST,STRAIGHT MOVEMENT ANGLE,CLEAR,DRY,DAYLIGHT,NO CONTROLS,NONE DETECTED,Yes,No Apparent Injury,LOOKED BUT DID NOT SEE,MD,Passenger Car,40,2006.0,Honda,CRV,14,Sunday,9
MCP23990046,200046496,Montgomery County Police,Property Damage Crash,2020-11-24 22:05:00,County,MONTGOMERY VILLAGE AVE,STEWARTOWN RD,SINGLE VEHICLE,CLEAR,DRY,DARK LIGHTS ON,NO CONTROLS,UNKNOWN,Yes,No Apparent Injury,UNKNOWN,Unknown,Passenger Car,35,2013.0,Volk,PASSAT,22,Tuesday,11
MCP3317003J,250016400,MONTGOMERY,Injury Crash,2025-04-15 14:27:00,Maryland (State) Route,Unknown,Unknown,Front to Rear,Clear,Dry,Daylight,No Controls,"Not Suspect of Alcohol Use, Not Suspect of Drug Use",No,No Apparent Injury,Not Distracted,MD,Other Trucks,25,2018.0,Mack,GU (GRANITE),14,Tuesday,4
MCP2545001X,250055569,MONTGOMERY,Property Damage Crash,2025-12-12 09:20:00,County Route,HENDERSON AVE,GARNER ST,"Sideswipe, Same Direction",Cloudy,Dry,Daylight,Stop Sign,"Not Suspect of Alcohol Use, Not Suspect of Drug Use",Yes,No Apparent Injury,Not Distracted,MD,Pickup,30,2014.0,Ford,F-550,9,Friday,12
MCP22440032,190021645,Montgomery County Police,Injury Crash,2019-05-08 07:19:00,County,LOCKWOOD DR,NEW HAMPSHIRE AVE,SAME DIRECTION LEFT TURN,CLEAR,DRY,DAYLIGHT,TRAFFIC SIGNAL,NONE DETECTED,No,No Apparent Injury,NOT DISTRACTED,MD,Transit Bus,30,2016.0,Gillig,BUS,7,Wednesday,5
MCP33310010,220049975,Montgomery County Police,Property Damage Crash,2022-11-12 08:56:00,Maryland (State),UNIVERSITY BLVD W,ELKIN ST,STRAIGHT MOVEMENT ANGLE,CLEAR,DRY,DAYLIGHT,NO CONTROLS,NONE DETECTED,No,No Apparent Injury,NOT DISTRACTED,MD,(Sport) Utility Vehicle,35,2014.0,Ford,ESCAPE,8,Saturday,11
MCP3307002D,240035681,MONTGOMERY,Injury Crash,2024-07-29 10:00:00,Unknown,Unknown,Unknown,Front to Rear,Clear,Unknown,Daylight,Unknown,"Not Suspect of Alcohol Use, Not Suspect of Drug Use",No,Suspected Minor Injury,Not Distracted,MD,Passenger Car,0,2024.0,Subaru,CROSSTREK,10,Monday,7
MCP3094000P,180024530,Montgomery County Police,Property Damage Crash,2018-05-19 00:39:00,Maryland (State),MONTGOMERY VILLAGE AVE,LOST KNIFE RD,STRAIGHT MOVEMENT ANGLE,RAINING,WET,DARK LIGHTS ON,TRAFFIC SIGNAL,NONE DETECTED,Yes,No Apparent Injury,LOOKED BUT DID NOT SEE,MD,Passenger Car,35,2012.0,Chevrolet,MALIBU,0,Saturday,5
MCP3207000P,190054555,Montgomery County Police,Injury Crash,2019-11-12 16:10:00,Maryland (State),SPENCERVILLE RD,OURSLER RD,HEAD ON,CLEAR,DRY,DAYLIGHT,Unknown,NONE DETECTED,Yes,Possible Injury,LOOKED BUT DID NOT SEE,MD,Passenger Car,40,1999.0,Honda,CIVIC,16,Tuesday,11
MCP3085003X,230020001,Montgomery County Police,Property Damage Crash,2023-04-26 16:13:00,County,BETHESDA AVE,WISCONSIN AVE,ANGLE MEETS LEFT TURN,CLEAR,DRY,DAYLIGHT,NO CONTROLS,NONE DETECTED,No,No Apparent Injury,NOT DISTRACTED,VA,Passenger Car,25,2018.0,Tesla,MODEL 3,16,Wednesday,4
MCP29730049,180053765,Montgomery County Police,Property Damage Crash,2018-10-27 00:30:00,County,RANDOLPH RD,GLENMONT CIR #1,SAME DIRECTION LEFT TURN,RAINING,WET,DARK LIGHTS ON,TRAFFIC SIGNAL,NONE DETECTED,No,No Apparent Injury,NOT DISTRACTED,MD,Passenger Car,40,2017.0,Jeep,TK,0,Saturday,10
MCP2016001N,170502328,Montgomery County Police,Property Damage Crash,2017-04-15 14:06:00,County,MONTROSE RD,E JEFFERSON ST,OPPOSITE DIRECTION SIDESWIPE,CLEAR,DRY,DAYLIGHT,TRAFFIC SIGNAL,Unknown,Yes,No Apparent Injury,NOT DISTRACTED,MD,Passenger Car,35,2015.0,Toyota,RAV4,14,Saturday,4
MCP2466005F,240052492,MONTGOMERY,Property Damage Crash,2024-10-28 06:00:00,Unknown,Unknown,Unknown,Rear To Rear,Clear,Unknown,Dark - Lighted,Unknown,"Unknown, Unknown",No,Unknown,Unknown,Unknown,Sport Utility Vehicle,0,2024.0,Tesla,MODEL Y,6,Monday,10
MCP2813004S,180019545,Montgomery County Police,Property Damage Crash,2018-04-21 15:30:00,County,RANDOLPH RD,ATHERTON DR,SAME DIR REAR END,CLEAR,DRY,DAYLIGHT,NO CONTROLS,Unknown,Yes,No Apparent Injury,LOOKED BUT DID NOT SEE,MD,Passenger Car,35,2001.0,Toyota,CAMRY,15,Saturday,4
MCP14170032,15019041,Montgomery County Police,Injury Crash,2015-04-23 08:54:00,Maryland (State),QUINCE ORCHARD RD,FIRSTFIELD RD,SAME DIR REAR END,CLEAR,DRY,DAYLIGHT,TRAFFIC SIGNAL,NONE DETECTED,No,Suspected Minor Injury,NOT DISTRACTED,MD,Passenger Car,35,2015.0,Hyundai,SONATA,8,Thursday,4
MCP27170012,15011175,Montgomery County Police,Property Damage Crash,2015-03-11 00:30:00,County,SOLMAR DR,FAIRRIDGE DR,SINGLE VEHICLE,RAINING,WET,DARK LIGHTS ON,STOP SIGN,UNKNOWN,Yes,No Apparent Injury,UNKNOWN,MD,(Sport) Utility Vehicle,20,2007.0,Acura,SUV,0,Wednesday,3
DD5633000H,180044094,Rockville Police Departme,Property Damage Crash,2018-09-04 11:00:00,Service Road,N CAMPUS DR,HUNGERFORD DR,STRAIGHT MOVEMENT ANGLE,CLEAR,DRY,DAYLIGHT,Unknown,NONE DETECTED,No,No Apparent Injury,USING DEVICE OBJECT BROUGHT INTO VEHICLE,MD,Truck Tractor,25,2000.0,Mack,TRUCK,11,Tuesday,9
MCP2859000V,15012238,Montgomery County Police,Property Damage Crash,2015-03-15 10:15:00,County,FIFESHIRE DR,FIFESHIRE CT,OTHER,CLEAR,DRY,DAYLIGHT,NO CONTROLS,UNKNOWN,Yes,No Apparent Injury,UNKNOWN,Unknown,Passenger Car,5,2013.0,Jeep,WRANGLER,10,Sunday,3
MCP2686001Q,17004213,Montgomery County Police,Property Damage Crash,2017-01-24 18:16:00,Maryland (State),GERMANTOWN RD,OBSERVATION DR,HEAD ON,CLEAR,DRY,DARK LIGHTS ON,TRAFFIC SIGNAL,UNKNOWN,Yes,No Apparent Injury,UNKNOWN,MD,Passenger Car,35,2008.0,Nissan,SENTRA,18,Tuesday,1
MCP3048003F,180038090,Montgomery County Police,Property Damage Crash,2018-08-01 09:36:00,Maryland (State),RIVER RD,LITTLE FALLS PKWY,SAME DIR REAR END,CLEAR,DRY,DAYLIGHT,TRAFFIC SIGNAL,Unknown,No,No Apparent Injury,NOT DISTRACTED,MD,Passenger Car,30,2011.0,Toyota,4DR,9,Wednesday,8
MCP29400013,16066900,Montgomery County Police,Injury Crash,2016-12-29 08:21:00,Maryland (State),ROCKVILLE PIKE,CEDAR LA,SAME DIR REAR END,RAINING,WET,DAYLIGHT,TRAFFIC SIGNAL,NONE DETECTED,Yes,Possible Injury,BY OTHER OCCUPANTS,MD,Passenger Car,35,2010.0,Hyun,4S,8,Thursday,12
MCP2677001M,180032664,Montgomery County Police,Injury Crash,2018-07-02 21:44:00,County,CENTURY BLVD,MIDDLEBROOK RD,OTHER,CLEAR,DRY,DARK LIGHTS ON,Unknown,Unknown,Yes,Suspected Minor Injury,UNKNOWN,MD,Passenger Car,15,2009.0,Dodge,4D,21,Monday,7
MCP0617003J,220010472,Montgomery County Police,Injury Crash,2022-03-11 08:00:00,County,FAIRLAND RD,TAMARACK RD,SAME DIRECTION RIGHT TURN,CLEAR,DRY,DAYLIGHT,NO CONTROLS,NONE DETECTED,Yes,No Apparent Injury,LOOKED BUT DID NOT SEE,MD,Passenger Car,40,2014.0,Chev,4S,8,Friday,3
MCP2850002H,230046289,Montgomery County Police,Property Damage Crash,2023-07-25 04:50:00,County,ODENDHAL AVE,CONTOUR RD,STRAIGHT MOVEMENT ANGLE,CLEAR,DRY,DARK LIGHTS ON,FLASHING TRAFFIC SIGNAL,Unknown,Yes,No Apparent Injury,LOOKED BUT DID NOT SEE,MD,Passenger Car,35,2018.0,Ford,EXPLORER,4,Tuesday,7
MCP23610010,180062105,Montgomery County Police,Property Damage Crash,2018-12-12 18:27:00,Maryland (State),WOODFIELD RD,POMPANO TERR,SAME DIR REAR END,CLEAR,DRY,DARK LIGHTS ON,Unknown,NONE DETECTED,No,No Apparent Injury,NOT DISTRACTED,MD,Passenger Car,40,2001.0,Kia,SORENTO,18,Wednesday,12
MCP2534002T,190018920,Montgomery County Police,Property Damage Crash,2019-04-22 23:30:00,County,RANDOLPH RD,GLENALLAN AVE,SAME DIR REAR END,CLEAR,DRY,DARK LIGHTS ON,TRAFFIC SIGNAL,NONE DETECTED,No,No Apparent Injury,NOT DISTRACTED,MD,(Sport) Utility Vehicle,40,2016.0,Nissan,ROGUE,23,Monday,4
EJ7837002T,180033937,Gaithersburg Police Depar,Injury Crash,2018-07-09 21:30:00,Maryland (State),MONTGOMERY VILLAGE AVE,SPUR TO MD 355,SAME DIR REAR END,CLEAR,DRY,DARK LIGHTS ON,TRAFFIC SIGNAL,Unknown,No,Possible Injury,NOT DISTRACTED,MD,Police Vehicle/Non Emergency,35,2015.0,Ford,TK,21,Monday,7
MCP9379005C,240060419,MONTGOMERY,Property Damage Crash,2024-12-18 10:00:00,Bicycle Route,Unknown,Unknown,Rear To Side,Clear,Dry,Daylight,No Controls,"Not Suspect of Alcohol Use, Not Suspect of Drug Use",Yes,No Apparent Injury,Unknown,MD,Bus - School,5,2016.0,Thomas Built,HDX,10,Wednesday,12
MCP2739003X,210004555,Montgomery County Police,Property Damage Crash,2021-02-04 22:24:00,Maryland (State),NEW HAMPSHIRE AVE,OAKVIEW DR,STRAIGHT MOVEMENT ANGLE,CLEAR,DRY,DARK LIGHTS ON,TRAFFIC SIGNAL,NONE DETECTED,Yes,No Apparent Injury,UNKNOWN,MD,Passenger Car,40,2008.0,Infiniti,G37,22,Thursday,2
EJ7873003K,200051485,Gaithersburg Police Depar,Property Damage Crash,2020-12-31 14:24:00,Unknown,Unknown,Unknown,OTHER,CLOUDY,Unknown,DAYLIGHT,NO CONTROLS,NONE DETECTED,No,No Apparent Injury,NOT DISTRACTED,MD,Passenger Car,20,2010.0,Nissan,VERSA,14,Thursday,12
EJ7852005W,220033799,Gaithersburg Police Depar,Property Damage Crash,2022-08-06 13:00:00,Unknown,Unknown,Unknown,OTHER,Unknown,Unknown,DAYLIGHT,NO CONTROLS,UNKNOWN,Unknown,No Apparent Injury,UNKNOWN,Unknown,Passenger Car,5,2010.0,Mazda,SUV,13,Saturday,8
MCP2552005D,230001771,Montgomery County Police,Property Damage Crash,2023-01-11 17:47:00,Maryland (State),FREDERICK RD,OUT CORP LMTS ROCKVILLE,HEAD ON LEFT TURN,CLEAR,DRY,DARK LIGHTS ON,TRAFFIC SIGNAL,Unknown,Yes,No Apparent Injury,NOT DISTRACTED,MD,Passenger Car,35,2011.0,Lexus,ES350,17,Wednesday,1
MCP1604001H,180060548,Montgomery County Police,Property Damage Crash,2018-12-04 07:37:00,Maryland (State),MUNCASTER MILL RD,REDLAND RD,SAME DIRECTION SIDESWIPE,CLEAR,DRY,DAYLIGHT,Unknown,NONE DETECTED,Yes,No Apparent Injury,UNKNOWN,MD,Passenger Car,35,2007.0,Nissan,4S,7,Tuesday,12
MCP2046009H,190004682,Montgomery County Police,Injury Crash,2019-01-30 06:44:00,US (State),COLUMBIA PIKE,STEWART LA,STRAIGHT MOVEMENT ANGLE,CLEAR,Unknown,DARK LIGHTS ON,TRAFFIC SIGNAL,NONE DETECTED,Yes,No Apparent Injury,NOT DISTRACTED,MD,(Sport) Utility Vehicle,45,2016.0,Hond,CRV,6,Wednesday,1
MCP3021005D,200038084,Montgomery County Police,Property Damage Crash,2020-09-28 09:30:00,County,BROADBIRCH DR,PLUM ORCHARD DR,STRAIGHT MOVEMENT ANGLE,CLEAR,DRY,DAYLIGHT,TRAFFIC SIGNAL,NONE DETECTED,No,No Apparent Injury,NOT DISTRACTED,MD,Passenger Car,30,2016.0,Kia,SORRENTO,9,Monday,9
MCP21210015,170537380,Montgomery County Police,Property Damage Crash,2017-10-19 13:55:00,Unknown,Unknown,Unknown,OTHER,CLEAR,Unknown,DAYLIGHT,Unknown,NONE DETECTED,Yes,No Apparent Injury,NOT DISTRACTED,MD,Pickup Truck,0,2003.0,Gmc,2500,13,Thursday,10
MCP3058004X,230017544,Montgomery County Police,Injury Crash,2023-04-12 22:27:00,Maryland (State),FREDERICK RD,REDLAND BLVD,STRAIGHT MOVEMENT ANGLE,CLEAR,DRY,DARK LIGHTS ON,TRAFFIC SIGNAL,NONE DETECTED,Yes,Suspected Minor Injury,INATTENTIVE OR LOST IN THOUGHT,MD,Passenger Car,40,1997.0,Chevy,SILVERADO,22,Wednesday,4
MCP3259000J,200036633,Montgomery County Police,Property Damage Crash,2020-09-18 15:46:00,Maryland (State),W MONTGOMERY AVE,RAMP 7 FR MD 28 WB TO IS 270 SB,SAME DIR REAR END,CLEAR,DRY,DAYLIGHT,NO CONTROLS,NONE DETECTED,Yes,No Apparent Injury,UNKNOWN,MD,Passenger Car,40,2018.0,Chevy,TRAVERSE,15,Friday,9
MCP23530055,180017554,Montgomery County Police,Property Damage Crash,2018-04-11 08:05:00,County,BRADLEY BLVD,CONGRESSIONAL CT,SAME DIR REAR END,CLOUDY,DRY,DAYLIGHT,NO CONTROLS,Unknown,No,No Apparent Injury,NOT DISTRACTED,MD,(Sport) Utility Vehicle,25,2016.0,Volvo,XC90,8,Wednesday,4
MCP31900072,250045257,MONTGOMERY,Property Damage Crash,2025-10-08 15:16:00,County Route,RUSSETT RD,Unknown,Front to Rear,Clear,Dry,Daylight,No Controls,"Not Suspect of Alcohol Use, Not Suspect of Drug Use",No,No Apparent Injury,Not Distracted,VA,Van - Passenger (&Lt;9 Seats),30,2016.0,Nissan,NV,15,Wednesday,10
EJ7887006K,2500378141,GAITHERSBURG,Injury Crash,2025-12-21 10:00:00,Unknown,Unknown,Unknown,Front to Rear,Cloudy,Unknown,Daylight,Unknown,"Not Suspect of Alcohol Use, Not Suspect of Drug Use",No,No Apparent Injury,Not Distracted,MD,Sport Utility Vehicle,0,2017.0,Mercedes-Benz,GLS-CLASS,10,Sunday,12
MCP14530055,180004937,Montgomery County Police,Property Damage Crash,2018-01-29 12:42:00,Unknown,Unknown,Unknown,STRAIGHT MOVEMENT ANGLE,CLOUDY,Unknown,DAYLIGHT,NO CONTROLS,NONE DETECTED,Yes,No Apparent Injury,NOT DISTRACTED,MD,Van,0,2002.0,Chevy,EXPRESS,12,Monday,1
MCP3061002N,240044377,MONTGOMERY,Property Damage Crash,2024-09-17 22:09:00,Spur,Unknown,Unknown,Single Vehicle,Cloudy,Wet,Dark - Lighted,Yield Sign,"Not Suspect of Alcohol Use, Not Suspect of Drug Use",No,No Apparent Injury,Not Distracted,MD,Passenger Car,40,2005.0,Subaru,WRX,22,Tuesday,9
MCP32080032,220021629,Montgomery County Police,Injury Crash,2022-05-21 00:10:00,Maryland (State),NEW HAMPSHIRE AVE,OAKVIEW DR,SAME DIR REAR END,CLEAR,DRY,DARK LIGHTS ON,TRAFFIC SIGNAL,NONE DETECTED,Yes,No Apparent Injury,OTHER CELLULAR PHONE RELATED,MD,Passenger Car,40,2017.0,Honda,SD,0,Saturday,5
MCP3170004J,250051022,MONTGOMERY,Injury Crash,2025-11-13 17:37:00,County Route,COMUS RD,Unknown,Rear To Rear,Clear,Dry,Dark - Not Lighted,No Controls,"Not Suspect of Alcohol Use, Not Suspect of Drug Use",No,No Apparent Injury,Unknown,MD,Passenger Car,30,2014.0,Honda,CR-V,17,Thursday,11
MCP157500B0,190059339,Montgomery County Police,Property Damage Crash,2019-12-09 15:32:00,County,GREEN WATCH WAY,GREEN WATCH CT,OTHER,RAINING,WET,DAYLIGHT,NO CONTROLS,NONE DETECTED,No,No Apparent Injury,NOT DISTRACTED,MD,Van,25,2000.0,Ford,UTILMASTER,15,Monday,12
MCP32450037,220028158,Montgomery County Police,Property Damage Crash,2022-06-30 15:26:00,Interstate (State),EISENHOWER MEMORIAL HWY,EXIT #13,SAME DIR REAR END,CLEAR,DRY,DAYLIGHT,NO CONTROLS,NONE DETECTED,No,No Apparent Injury,NOT DISTRACTED,MD,Police Vehicle/Non Emergency,55,2016.0,Ford,EXPEDITION,15,Thursday,6
MCP2512001N,15067141,MONTGOMERY,Property Damage Crash,2015-12-31 15:16:00,County,SHADY GROVE RD,EPSILON DR,SAME DIR REAR END,CLOUDY,DRY,DAYLIGHT,TRAFFIC SIGNAL,NONE DETECTED,No,No Apparent Injury,NOT DISTRACTED,MD,(Sport) Utility Vehicle,45,2015.0,Honda,CRV,15,Thursday,12
MCP2977005P,190020630,Montgomery County Police,Injury Crash,2019-05-02 14:40:00,County,FLOWER AVE,PLYMOUTH ST,ANGLE MEETS RIGHT TURN,CLEAR,DRY,DAYLIGHT,STOP SIGN,Unknown,Yes,No Apparent Injury,OTHER ELECTRONIC DEVICE (NAVIGATIONAL PALM PILOT),MD,Passenger Car,5,2000.0,Buic,CENTURY,14,Thursday,5
MCP2976004V,230026443,Montgomery County Police,Property Damage Crash,2023-06-02 04:55:00,County,FAIRLAND RD,OLD COLUMBIA PIKE,STRAIGHT MOVEMENT ANGLE,CLEAR,DRY,DARK LIGHTS ON,FLASHING TRAFFIC SIGNAL,NONE DETECTED,No,No Apparent Injury,NOT DISTRACTED,MD,Passenger Car,35,2016.0,Toyota,COROLLA,4,Friday,6
MCP3093000C,180019380,Montgomery County Police,Property Damage Crash,2018-04-20 16:00:00,County,TOMLINSON AVE,PERSIMMON TREE RD,OTHER,CLEAR,DRY,DAYLIGHT,STOP SIGN,Unknown,No,No Apparent Injury,NOT DISTRACTED,MD,Pickup Truck,25,2005.0,Chevy,TRUCK,16,Friday,4
MCP3328002M,230060328,Montgomery County Police,Property Damage Crash,2023-10-13 15:03:00,County,ARCOLA AVE,KENBROOK DR,STRAIGHT MOVEMENT ANGLE,CLEAR,DRY,DAYLIGHT,NO CONTROLS,NONE DETECTED,No,No Apparent Injury,NOT DISTRACTED,MD,Passenger Car,35,2015.0,Nissan,ROGUE,15,Friday,10
MCP2767003T,170546992,Montgomery County Police,Property Damage Crash,2017-12-06 16:21:00,County,PLYERS MILL RD,DAYTON ST,HEAD ON,CLOUDY,DRY,DAYLIGHT,NO CONTROLS,NONE DETECTED,Yes,No Apparent Injury,LOOKED BUT DID NOT SEE,LA,Passenger Car,20,2016.0,Chevy,SONIC,16,Wednesday,12
MCP30100029,170545747,Montgomery County Police,Injury Crash,2017-11-30 08:19:00,Maryland (State),CONNECTICUT AVE,CAPITAL BELTWAY,SAME DIRECTION SIDESWIPE,CLEAR,DRY,DAYLIGHT,NO CONTROLS,Unknown,No,No Apparent Injury,NOT DISTRACTED,MD,Passenger Car,35,2016.0,Subaru,FORESTER,8,Thursday,11
MCP27630040,220018671,Montgomery County Police,Property Damage Crash,2022-05-02 16:48:00,Municipality,WATKINS MILL RD,RUSSELL AVE,OPPOSITE DIRECTION SIDESWIPE,CLEAR,DRY,DAYLIGHT,STOP SIGN,NONE DETECTED,No,No Apparent Injury,NOT DISTRACTED,MD,School Bus,30,2016.0,Thomas,BUS,16,Monday,5
MCP2353001L,15051005,MONTGOMERY,Property Damage Crash,2015-10-08 11:48:00,Maryland (State),OLD GEORGETOWN RD,CORDELL AVE,STRAIGHT MOVEMENT ANGLE,CLEAR,DRY,DAYLIGHT,NO CONTROLS,NONE DETECTED,No,No Apparent Injury,NOT DISTRACTED,VA,Van,30,2014.0,Honda,ODYSSEY,11,Thursday,10
MCP3245006X,240059659,MONTGOMERY,Property Damage Crash,2024-12-13 15:32:00,County Route,PARK MILL DR,Unknown,"Sideswipe, Same Direction",Clear,Dry,Daylight,No Controls,"Not Suspect of Alcohol Use, Not Suspect of Drug Use",No,No Apparent Injury,Not Distracted,MD,Bus - School,25,2024.0,Freightliner,B2 106 ELECTRIC CONVENTIONAL CHASSIS,15,Friday,12
MCP2708006F,200012260,Montgomery County Police,Injury Crash,2020-03-12 18:09:00,US (State),COLESVILLE RD,LANARK WAY,STRAIGHT MOVEMENT ANGLE,CLOUDY,DRY,DAYLIGHT,TRAFFIC SIGNAL,NONE DETECTED,No,Possible Injury,NOT DISTRACTED,MD,Police Vehicle/Non Emergency,35,2014.0,Dodge,CHARGER,18,Thursday,3
MCP2739002N,190046742,Montgomery County Police,Property Damage Crash,2019-09-29 22:16:00,Maryland (State),NEW HAMPSHIRE AVE,POWDER MILL RD,SAME DIR REAR END,CLEAR,DRY,DARK LIGHTS ON,NO CONTROLS,NONE DETECTED,Yes,No Apparent Injury,UNKNOWN,MD,Passenger Car,40,2009.0,Chevrolet,AVEO,22,Sunday,9
MCP1366004R,16035916,Montgomery County Police,Injury Crash,2016-07-15 16:44:00,Maryland (State),MUNCASTER MILL RD,NEEDWOOD RD,SAME DIR REAR END,CLEAR,DRY,DAYLIGHT,TRAFFIC SIGNAL,NONE DETECTED,No,Suspected Minor Injury,NOT DISTRACTED,MD,Station Wagon,35,2016.0,Mazda,SW,16,Friday,7
MCP2908001H,16012278,MONTGOMERY,Property Damage Crash,2016-03-12 09:59:00,US (State),COLESVILLE RD,LORAIN AVE,SAME DIR REAR END,CLEAR,DRY,DAYLIGHT,NO CONTROLS,NONE DETECTED,Yes,No Apparent Injury,LOOKED BUT DID NOT SEE,MD,Passenger Car,40,2012.0,Hond,4S,9,Saturday,3
EJ7836002B,200031153,Gaithersburg Police Depar,Property Damage Crash,2020-08-10 20:50:00,County,SAM EIG HWY,FIELDS RD,SAME DIR REAR END,CLEAR,DRY,DARK LIGHTS ON,TRAFFIC SIGNAL,Unknown,No,No Apparent Injury,NOT DISTRACTED,MD,Passenger Car,50,2017.0,Honda,ACCORD,20,Monday,8
EJ7884006D,240007581,GAITHERSBURG,Injury Crash,2024-02-15 22:45:00,Maryland (State) Route,S FREDERICK RD,Unknown,Front to Rear,Clear,Dry,Dark - Lighted,No Controls,"Not Suspect of Alcohol Use, Not Suspect of Drug Use",No,No Apparent Injury,Not Distracted,MD,Passenger Car,35,2019.0,Kia,SD,22,Thursday,2
MCP33560034,250041676,MONTGOMERY,Property Damage Crash,2025-09-16 16:09:00,County Route,WATERS LANDING DR,Unknown,Front to Rear,Cloudy,Dry,Daylight,No Controls,"Unknown, Unknown",No,Unknown,Unknown,Unknown,Pickup,25,2005.0,Dodge,RAM,16,Tuesday,9
MCP2487002D,210052030,Montgomery County Police,Injury Crash,2021-12-21 13:51:00,Unknown,Unknown,Unknown,SINGLE VEHICLE,CLEAR,Unknown,DAYLIGHT,NO CONTROLS,NONE DETECTED,Yes,Suspected Minor Injury,NOT DISTRACTED,MD,Van,15,2021.0,Dodge,RAM,13,Tuesday,12
MCP3079004B,220014559,Montgomery County Police,Injury Crash,2022-04-05 20:08:00,County,MIDDLEBROOK RD,CENTURY BLVD,STRAIGHT MOVEMENT ANGLE,RAINING,WET,DARK LIGHTS ON,TRAFFIC SIGNAL,NONE DETECTED,Unknown,No Apparent Injury,NOT DISTRACTED,MD,Passenger Car,35,2004.0,Honda,CIVIC,20,Tuesday,4
MCP3430000B,250017973,MONTGOMERY,Property Damage Crash,2025-04-25 13:20:00,Maryland (State) Route,EAST WEST HWY (WB/L),16TH ST (SB/L),Angle,Clear,Dry,Daylight,Traffic Control Signal,"Not Suspect of Alcohol Use, Not Suspect of Drug Use",Yes,No Apparent Injury,Not Distracted,MA,Passenger Car,30,2020.0,Toyota,CAMRY,13,Friday,4