Report Number,Local Case Number,Agency Name,ACRS Report Type,Crash Date/Time,Route Type,Road Name,Cross-Street Name,Collision Type,Weather,Surface Condition,Light,Traffic Control,Driver Substance Abuse,Driver At Fault,Injury Severity,Driver Distracted By,Drivers License State,Vehicle Body Type,Speed Limit,Vehicle Year,Vehicle Make,Vehicle Model,Crash Hour,Crash Day,Crash Month
MCP29410056,240014604,MONTGOMERY,Injury Crash,2024-03-28 11:40:00,Maryland (State) Route,FREDERICK RD,CHRISTOPHER AVE (SB/L),Angle,Cloudy,Dry,Daylight,Traffic Control Signal,"Not Suspect of Alcohol Use, Not Suspect of Drug Use",Yes,Possible Injury,Not Distracted,MD,Passenger Car,35,2018.0,Honda,PILOT,11,Thursday,3
MCP2625000N,190051803,Montgomery County Police,Property Damage Crash,2019-10-28 09:54:00,Interstate (State),CAPITAL BELTWAY,EXIT #34,SAME DIR REAR END,CLEAR,DRY,DAYLIGHT,NO CONTROLS,NONE DETECTED,No,No Apparent Injury,NOT DISTRACTED,MD,"Cargo Van/Light Truck 2 Axles (Over 10,000Lbs (4,536 Kg))",55,1999.0,Ford,F150,9,Monday,10
EJ78260022,170506993,Gaithersburg Police Depar,Injury Crash,2017-05-10 09:10:00,County,SAM EIG HWY,DIAMONDBACK DR,SAME DIR REAR END,CLEAR,DRY,DAYLIGHT,TRAFFIC SIGNAL,Unknown,No,Possible Injury,NOT DISTRACTED,MD,Passenger Car,50,2009.0,Jeep,TK,9,Wednesday,5
MCP2857002W,190034550,Montgomery County Police,Property Damage Crash,2019-07-20 17:19:00,County,RICKENBACKER DR,CUL DE SAC,OTHER,CLEAR,DRY,DAYLIGHT,NO CONTROLS,ALCOHOL PRESENT,Yes,No Apparent Injury,INATTENTIVE OR LOST IN THOUGHT,MD,Passenger Car,30,2018.0,Toyota,RAV4,17,Saturday,7
MCP3037001Z,180032296,Montgomery County Police,Injury Crash,2018-06-30 15:46:00,Maryland (State),FREDERICK RD,BRINK RD,SAME DIR REAR END,CLEAR,DRY,DAYLIGHT,NO CONTROLS,NONE DETECTED,No,Suspected Minor Injury,NOT DISTRACTED,MD,Passenger Car,40,2014.0,Lexus,ES350,15,Saturday,6
MCP2861005Y,230030941,Montgomery County Police,Injury Crash,2023-06-28 16:50:00,County,FERNWOOD RD,LONE OAK DR,STRAIGHT MOVEMENT ANGLE,Unknown,DRY,DAYLIGHT,NO CONTROLS,NONE DETECTED,No,No Apparent Injury,NOT DISTRACTED,DC,Passenger Car,25,2014.0,Toyota,YARIS,16,Wednesday,6
MCP9428005F,240052242,MONTGOMERY,Injury Crash,2024-10-31 12:18:00,Unknown,Unknown,Unknown,Single Vehicle,Clear,Unknown,Daylight,Unknown,"Not Suspect of Alcohol Use, Not Suspect of Drug Use",No,No Apparent Injury,Not Distracted,MD,Sport Utility Vehicle,0,2022.0,Jeep,COMPASS,12,Thursday,10
MCP2353007T,190059513,Montgomery County Police,Property Damage Crash,2019-12-10 15:03:00,County,TUCKERMAN LA,STRUC METRO OVERHEAD,SINGLE VEHICLE,RAINING,WET,DAYLIGHT,TRAFFIC SIGNAL,ILLEGAL DRUG PRESENT,Yes,No Apparent Injury,UNKNOWN,MD,Passenger Car,25,2015.0,Mercedes,GLA250,15,Tuesday,12
MCP2990000W,210037024,Montgomery County Police,Injury Crash,2021-09-20 01:59:00,Maryland (State),GREAT SENECA HWY,LONGDRAFT RD,STRAIGHT MOVEMENT ANGLE,CLEAR,DRY,DARK LIGHTS ON,TRAFFIC SIGNAL,NONE DETECTED,Yes,No Apparent Injury,NOT DISTRACTED,MD,Passenger Car,30,2015.0,Toyota,4S,1,Monday,9
MCP2813004T,180020957,Montgomery County Police,Injury Crash,2018-04-29 16:57:00,County,RANDOLPH RD,GLENALLAN AVE,SAME DIR REAR END,CLEAR,DRY,DAYLIGHT,TRAFFIC SIGNAL,Unknown,No,Possible Injury,NOT DISTRACTED,MD,Passenger Car,0,2005.0,Honda,SEDAN,16,Sunday,4
MCP1213008K,230060550,Montgomery County Police,Property Damage Crash,2023-10-14 19:00:00,County,NOTLEY RD,BONIFANT RD,SAME DIR REAR END,RAINING,WET,DARK LIGHTS ON,TRAFFIC SIGNAL,NONE DETECTED,No,No Apparent Injury,NOT DISTRACTED,MD,(Sport) Utility Vehicle,30,2014.0,Toyt,UT,19,Saturday,10
MCP2552001L,17002322,Montgomery County Police,Property Damage Crash,2017-01-13 19:12:00,County,BOU AVE,CHAPMAN AVE,STRAIGHT MOVEMENT ANGLE,CLEAR,DRY,DARK LIGHTS ON,Unknown,Unknown,Yes,No Apparent Injury,UNKNOWN,MD,Passenger Car,25,2011.0,Kia,FORTE,19,Friday,1
MCP24010021,250020702,MONTGOMERY,Property Damage Crash,2025-05-11 01:11:00,Maryland (State) Route,BEALLSVILLE RD,Unknown,Single Vehicle,Clear,Dry,Dark - Not Lighted,"Other Pavement Marking (excluding edgelines, centerlines, or lane lines)","Not Suspect of Alcohol Use, Not Suspect of Drug Use",No,No Apparent Injury,Unknown,MD,Passenger Car,30,2006.0,Toyota,SCION TC,1,Sunday,5
MCP2475004F,190058693,Montgomery County Police,Property Damage Crash,2019-12-06 14:00:00,Maryland (State),PINEY BRANCH RD,DALE DR,SAME DIR REAR END,Unknown,DRY,DAYLIGHT,NO CONTROLS,NONE DETECTED,No,No Apparent Injury,NOT DISTRACTED,MD,Passenger Car,40,2013.0,Buick,VERANO,14,Friday,12
MCP29230018,15061508,MONTGOMERY,Property Damage Crash,2015-12-02 09:50:00,County,ARCOLA AVE,KERSEY RD,SAME DIR REAR END,RAINING,WET,DAYLIGHT,NO CONTROLS,NONE DETECTED,No,No Apparent Injury,NOT DISTRACTED,MD,(Sport) Utility Vehicle,30,2009.0,Ford,EXPLORER,9,Wednesday,12
MCP3073003R,190033183,Montgomery County Police,Injury Crash,2019-07-12 18:29:00,Maryland (State),VEIRS MILL RD,ASPEN HILL RD,SAME DIR REAR END,Unknown,Unknown,DAYLIGHT,TRAFFIC SIGNAL,Unknown,Yes,No Apparent Injury,UNKNOWN,MD,Passenger Car,45,2011.0,Toyota,CAMRY,18,Friday,7
MCP156300BZ,250042363,MONTGOMERY,Injury Crash,2025-09-20 11:29:00,Maryland (State) Route,OLD GEORGETOWN RD (SB/L),RAMP 10 FR MD 187B TO MD 187 NB,Angle,Clear,Dry,Daylight,Traffic Control Signal,"Not Suspect of Alcohol Use, Not Suspect of Drug Use",Yes,Possible Injury,Not Distracted,MD,Passenger Car,35,2022.0,Toyota,CAMRY,11,Saturday,9
MCP2977004P,180053222,Montgomery County Police,Injury Crash,2018-10-24 09:55:00,US (State),COLESVILLE RD,LANARK WAY,SAME DIR REAR END,CLEAR,DRY,DAYLIGHT,NO CONTROLS,Unknown,No,Possible Injury,NOT DISTRACTED,MD,Passenger Car,35,2011.0,Niss,PATHFIND,9,Wednesday,10
MCP3319002P,240035528,MONTGOMERY,Property Damage Crash,2024-07-28 05:42:00,Maryland (State) Route,GEORGIA AVE,AUGUST DR,Front to Rear,Clear,Dry,Daylight,Traffic Control Signal,"Not Suspect of Alcohol Use, Not Suspect of Drug Use",Yes,No Apparent Injury,Not Distracted,MD,Passenger Car,35,2008.0,Ford,MUSTANG,5,Sunday,7
MCP2814000Z,15022050,Montgomery County Police,Property Damage Crash,2015-05-09 00:01:00,Unknown,Unknown,Unknown,SAME DIR REAR END,CLEAR,Unknown,DARK LIGHTS ON,NO CONTROLS,ALCOHOL CONTRIBUTED,Yes,No Apparent Injury,NOT DISTRACTED,MD,Passenger Car,15,2000.0,Lexus,SUV,0,Saturday,5
MCP2973005F,210010449,Montgomery County Police,Property Damage Crash,2021-03-20 01:00:00,County,SELFRIDGE RD,HIGHVIEW DR,OTHER,CLEAR,DRY,DARK LIGHTS ON,NO CONTROLS,Unknown,Yes,No Apparent Injury,LOOKED BUT DID NOT SEE,MD,Passenger Car,25,2003.0,Honda,4S,1,Saturday,3
MCP31390028,200044454,Montgomery County Police,Property Damage Crash,2020-11-10 19:30:00,Maryland (State),UNIVERSITY BLVD E,LEXINGTON DR,ANGLE MEETS LEFT TURN,CLEAR,DRY,DARK NO LIGHTS,TRAFFIC SIGNAL,Unknown,Unknown,No Apparent Injury,UNKNOWN,MD,Passenger Car,35,2005.0,Scion,TC,19,Tuesday,11
MCP2720006M,220012773,Montgomery County Police,Property Damage Crash,2022-03-24 22:20:00,County,PARKLAND DR,FAROE PL,SAME DIRECTION SIDESWIPE,RAINING,WET,DARK LIGHTS ON,STOP SIGN,NONE DETECTED,Yes,No Apparent Injury,NOT DISTRACTED,MD,Fire Vehicle/Emergency,25,2019.0,Pierce,FIRE ENGINE,22,Thursday,3
MCP2678000R,15022075,Montgomery County Police,Property Damage Crash,2015-05-09 03:09:00,Maryland (State),INTERCOUNTY CONNECTOR,RAMP 8 FR MD 182 SB TO MD 200 WB,SAME DIR REAR END,CLEAR,DRY,DARK LIGHTS ON,TRAFFIC SIGNAL,NONE DETECTED,No,No Apparent Injury,NOT DISTRACTED,MD,Station Wagon,25,2008.0,Ford,TK,3,Saturday,5
DM8457000F,170508695,Takoma Park Police Depart,Property Damage Crash,2017-05-19 14:19:00,Maryland (State),ETHAN ALLEN AVE,NEW HAMPSHIRE AVE,STRAIGHT MOVEMENT ANGLE,CLEAR,DRY,DAYLIGHT,NO CONTROLS,NONE DETECTED,No,No Apparent Injury,LOOKED BUT DID NOT SEE,MD,Passenger Car,25,2011.0,Lexus,4S,14,Friday,5
MCP3005003D,170549868,Montgomery County Police,Injury Crash,2017-12-21 07:50:00,County,ARCOLA AVE,AMHERST AVE,SAME DIR REAR END,CLEAR,DRY,DAYLIGHT,TRAFFIC SIGNAL,NONE DETECTED,Yes,No Apparent Injury,BY MOVING OBJECT IN VEHICLE,MD,Passenger Car,30,2010.0,Lexus,TK,7,Thursday,12
MCP0704001D,180019216,Montgomery County Police,Property Damage Crash,2018-04-19 20:32:00,County,WYNDALE RD,DANIEL RD,SAME DIR REAR END,CLEAR,DRY,DARK LIGHTS ON,Unknown,NONE DETECTED,Yes,No Apparent Injury,NOT DISTRACTED,MD,Passenger Car,25,2010.0,Volk,PASSAT,20,Thursday,4
DD56010041,180039063,Rockville Police Departme,Injury Crash,2018-08-06 19:00:00,Maryland (State),ROCKVILLE PIKE,ENT TO WINTERGREEN PLAZA,SAME DIR REAR END,CLEAR,DRY,DAYLIGHT,NO CONTROLS,Unknown,Yes,Suspected Minor Injury,UNKNOWN,MD,Passenger Car,40,2016.0,Mazda,3,19,Monday,8
MCP9399002D,240034851,MONTGOMERY,Property Damage Crash,2024-07-23 22:12:00,County Route,SAM EIG HWY,GREAT SENECA HWY (SB/L),"Sideswipe, Same Direction",Rain,Wet,Dark - Lighted,Traffic Control Signal,"Not Suspect of Alcohol Use, Not Suspect of Drug Use",No,No Apparent Injury,Not Distracted,MD,Passenger Car,50,2005.0,Toyota,CAMRY,22,Tuesday,7
MCP2291007K,240016709,MONTGOMERY,Property Damage Crash,2024-04-10 13:15:00,Maryland (State) Route,RIVER RD,Unknown,"Sideswipe, Same Direction",Clear,Dry,Daylight,No Controls,"Unknown, Unknown",No,No Apparent Injury,Unknown,MD,Unknown,35,2014.0,Chevrolet,EXPRESS,13,Wednesday,4
DD56340028,190046140,Rockville Police Departme,Property Damage Crash,2019-09-26 10:45:00,Maryland (State),VEIRS MILL RD,EDMONSTON DR,SAME DIR REAR END,CLEAR,DRY,DAYLIGHT,TRAFFIC SIGNAL,Unknown,No,No Apparent Injury,NOT DISTRACTED,MD,Passenger Car,35,2009.0,Toyt,4S,10,Thursday,9
MCP0973000T,180025556,Montgomery County Police,Property Damage Crash,2018-05-24 18:25:00,Unknown,Unknown,Unknown,STRAIGHT MOVEMENT ANGLE,CLEAR,Unknown,DAYLIGHT,Unknown,NONE DETECTED,Yes,No Apparent Injury,LOOKED BUT DID NOT SEE,MD,Passenger Car,0,2002.0,Toyota,CAMRY,18,Thursday,5
MCP3227006J,250034287,MONTGOMERY,Property Damage Crash,2025-08-01 14:28:00,Maryland (State) Route,Unknown,Unknown,"Sideswipe, Same Direction",Cloudy,Dry,Daylight,No Controls,"Not Suspect of Alcohol Use, Not Suspect of Drug Use",Yes,No Apparent Injury,Unknown,MD,Passenger Car,35,2024.0,Jeep,COMPASS,14,Friday,8
MCP11480025,18000526,Montgomery County Police,Injury Crash,2018-01-31 07:50:00,County,WOODMONT AVE,BATTERY LA,STRAIGHT MOVEMENT ANGLE,CLEAR,DRY,DAYLIGHT,TRAFFIC SIGNAL,NONE DETECTED,Yes,No Apparent Injury,NOT DISTRACTED,MD,Passenger Car,25,2013.0,Hond,TK,7,Wednesday,1
HA2549000K,25002238,MCPARK,Property Damage Crash,2025-10-18 11:24:00,Government Route,Unknown,Unknown,Rear To Side,Clear,Dry,Daylight,Traffic Control Signal,"Not Suspect of Alcohol Use, Not Suspect of Drug Use",No,No Apparent Injury,Unknown,MD,Passenger Car,25,2016.0,Volvo,V60CC,11,Saturday,10
MCP22980053,15015887,Montgomery County Police,Injury Crash,2015-04-06 15:40:00,County,SUNDOWN RD,HOWARD CHAPEL RD,SAME DIR REAR END,CLEAR,DRY,DAYLIGHT,NO CONTROLS,NONE DETECTED,Yes,No Apparent Injury,NOT DISTRACTED,MD,Passenger Car,40,2003.0,Chevy,VENTURE,15,Monday,4
MCP29650062,220031414,Montgomery County Police,Property Damage Crash,2022-07-21 12:55:00,Maryland (State),GEORGIA AVE,EMORY CHURCH RD,STRAIGHT MOVEMENT ANGLE,CLEAR,DRY,DAYLIGHT,TRAFFIC SIGNAL,NONE DETECTED,No,No Apparent Injury,NOT DISTRACTED,MD,Passenger Car,45,2013.0,Hyun,4S,12,Thursday,7
MCP2651003L,190055131,Montgomery County Police,Property Damage Crash,2019-11-15 14:00:00,Maryland (State),NEW HAMPSHIRE AVE,ELTON RD,STRAIGHT MOVEMENT ANGLE,CLEAR,DRY,DAYLIGHT,TRAFFIC SIGNAL,Unknown,Yes,No Apparent Injury,NOT DISTRACTED,MD,Passenger Car,40,2005.0,Scion,2D,14,Friday,11
MCP31070029,240002854,MONTGOMERY,Property Damage Crash,2024-01-18 16:46:00,County Route,E JEFFERSON ST,Unknown,Angle,Clear,Dry,Daylight,No Controls,"Not Suspect of Alcohol Use, Not Suspect of Drug Use",No,No Apparent Injury,Not Distracted,MD,Passenger Car,25,2023.0,Nissan,ALTIMA,16,Thursday,1
MCP3255000T,200042092,Montgomery County Police,Property Damage Crash,2020-10-25 13:52:00,Maryland (State),MONTGOMERY VILLAGE AVE,RUSSELL AVE,HEAD ON LEFT TURN,RAINING,WET,DAYLIGHT,TRAFFIC SIGNAL,NONE DETECTED,Yes,No Apparent Injury,LOOKED BUT DID NOT SEE,MD,Passenger Car,35,2016.0,Niss,4S,13,Sunday,10
MCP3407001S,250048257,MONTGOMERY,Property Damage Crash,2025-10-27 15:27:00,Other Public Roadway,HENDERSON CORNER RD (NB/L),SENECA CROSSING DR,Angle,Clear,Dry,Daylight,Stop Sign,"Not Suspect of Alcohol Use, Not Suspect of Drug Use",No,No Apparent Injury,Not Distracted,MD,Passenger Car,15,2018.0,Tesla,MODEL S,15,Monday,10
MCP3262004J,240035601,MONTGOMERY,Injury Crash,2024-07-28 19:00:00,Maryland (State) Route,CHERRY HILL RD,Unknown,Front to Rear,Clear,Dry,Daylight,Traffic Control Signal,"Not Suspect of Alcohol Use, Not Suspect of Drug Use",No,Possible Injury,Not Distracted,MD,Passenger Car,40,2022.0,Mercedes-Benz,GLA-CLASS,19,Sunday,7
MCP271700JQ,180036497,Montgomery County Police,Property Damage Crash,2018-07-23 18:15:00,Maryland (State),UNIVERSITY BLVD E,FRANKLIN AVE,ANGLE MEETS LEFT TURN,CLEAR,DRY,DAYLIGHT,TRAFFIC SIGNAL,NONE DETECTED,Yes,No Apparent Injury,UNKNOWN,MD,Passenger Car,35,2018.0,Ford,FUSION,18,Monday,7
DD56430038,230068278,Rockville Police Departme,Property Damage Crash,2023-11-26 00:15:00,Municipality,WOOTTON PKWY,SEVEN LOCKS RD,STRAIGHT MOVEMENT ANGLE,Unknown,DRY,Unknown,FLASHING TRAFFIC SIGNAL,NONE DETECTED,Yes,No Apparent Injury,NOT DISTRACTED,MD,Passenger Car,35,2015.0,Hyun,4S,0,Sunday,11
MCP2327000D,15022479,Montgomery County Police,Property Damage Crash,2015-05-11 16:49:00,Maryland (State),WOODFIELD RD,HAWKINS CREAMERY RD,HEAD ON LEFT TURN,CLEAR,DRY,DAYLIGHT,TRAFFIC SIGNAL,NONE DETECTED,No,No Apparent Injury,NOT DISTRACTED,MD,Passenger Car,40,2004.0,Ford,2S,16,Monday,5
DD56440021,210049695,Rockville Police Departme,Property Damage Crash,2021-12-07 14:15:00,Municipality,EDMONSTON DR,ROCKVILLE PIKE,SAME DIR REAR END,CLEAR,DRY,DAYLIGHT,TRAFFIC SIGNAL,NONE DETECTED,No,No Apparent Injury,NOT DISTRACTED,MD,(Sport) Utility Vehicle,35,2021.0,Tesl,UT,14,Tuesday,12
MCP3335000Q,220040545,Montgomery County Police,Property Damage Crash,2022-09-18 08:13:00,County,BRUNSWICK AVE,FINCH ST,SAME DIR REAR END,CLEAR,DRY,DAYLIGHT,Unknown,NONE DETECTED,Yes,No Apparent Injury,OTHER DISTRACTION,OH,Passenger Car,30,2019.0,Honda,CIVIC,8,Sunday,9
MCP3353002F,240019321,MONTGOMERY,Property Damage Crash,2024-04-25 14:29:00,Maryland (State) Route,LAYHILL RD (SB/L),Unknown,"Sideswipe, Same Direction",Clear,Dry,Daylight,No Controls,"Not Suspect of Alcohol Use, Not Suspect of Drug Use",No,No Apparent Injury,Not Distracted,MD,Pickup,40,2006.0,Lincoln,MARK LT,14,Thursday,4
MCP2765005V,210031247,Montgomery County Police,Property Damage Crash,2021-08-11 18:00:00,County,E GUDE DR,DOVER RD,SAME DIR REAR END,RAINING,WET,DAYLIGHT,TRAFFIC SIGNAL,NONE DETECTED,Yes,No Apparent Injury,UNKNOWN,MD,"Medium/Heavy Trucks 3 Axles (Over 10,000Lbs (4,536Kg))",40,2017.0,Hino,TOW TRUCK,18,Wednesday,8
MCP2351002M,180053804,Montgomery County Police,Injury Crash,2018-10-27 12:00:00,County,TWINBROOK PKWY,HALPINE RD,STRAIGHT MOVEMENT ANGLE,RAINING,WET,DAYLIGHT,NO CONTROLS,NONE DETECTED,Yes,Possible Injury,UNKNOWN,MD,Passenger Car,35,2004.0,Subaru,FORESTER,12,Saturday,10
MCP2231002F,16047070,Montgomery County Police,Injury Crash,2016-09-14 07:50:00,County,STONEYBROOK DR,HILL ST,SAME DIR REAR END,CLEAR,DRY,DAYLIGHT,NO CONTROLS,NONE DETECTED,Yes,No Apparent Injury,NOT DISTRACTED,MD,Passenger Car,35,1998.0,Honda,CIVIC,7,Wednesday,9
MCP3213000F,190044381,Montgomery County Police,Injury Crash,2019-09-17 16:26:00,Maryland (State),GEORGIA AVE,RAMP 4 FR MD 97 NB TO IS 495 EB,SAME DIR REAR END,CLEAR,DRY,DAYLIGHT,NO CONTROLS,NONE DETECTED,Yes,No Apparent Injury,NOT DISTRACTED,MD,Passenger Car,35,2008.0,Nissan,ALTIMA,16,Tuesday,9
MCP271700L2,180052315,Montgomery County Police,Injury Crash,2018-10-19 06:45:00,County,FAIRLAND RD,FAIRRIDGE DR,ANGLE MEETS LEFT TURN,CLEAR,DRY,DARK LIGHTS ON,STOP SIGN,NONE DETECTED,Yes,No Apparent Injury,LOOKED BUT DID NOT SEE,MD,(Sport) Utility Vehicle,25,2009.0,Honda,CRV,6,Friday,10
MCP2683000S,15010405,Montgomery County Police,Property Damage Crash,2015-03-06 08:45:00,County,EMORY GROVE RD,MEADOW GREEN WAY,STRAIGHT MOVEMENT ANGLE,CLEAR,SNOW,DAYLIGHT,STOP SIGN,NONE DETECTED,Yes,No Apparent Injury,NOT DISTRACTED,MD,Passenger Car,35,2013.0,Toyota,RAV 4,8,Friday,3
MCP3010003R,190018974,Montgomery County Police,Property Damage Crash,2019-04-22 12:00:00,County,EXECUTIVE BLVD,ROCKVILLE PIKE,OTHER,CLEAR,UNKNOWN,DAYLIGHT,NO CONTROLS,UNKNOWN,Yes,No Apparent Injury,UNKNOWN,XX,Passenger Car,25,2018.0,Chevy,IMPALA,12,Monday,4
MCP32870012,210018922,Montgomery County Police,Injury Crash,2021-05-21 16:24:00,County,BLACK ROCK RD,BURDETTE LA,OPPOSITE DIRECTION SIDESWIPE,CLEAR,DRY,DAYLIGHT,NO CONTROLS,Unknown,Yes,No Apparent Injury,UNKNOWN,MD,Passenger Car,35,2013.0,Honda,CIVIC,16,Friday,5
MCP9429000Z,240044344,MONTGOMERY,Property Damage Crash,2024-09-17 17:49:00,US (State),Unknown,WOODSIDE PKWY,"Sideswipe, Opposite Direction",Cloudy,Wet,Daylight,"Other Pavement Marking (excluding edgelines, centerlines, or lane lines)","Not Suspect of Alcohol Use, Not Suspect of Drug Use",No,No Apparent Injury,Not Distracted,MD,Passenger Car,35,2019.0,Nissan,ALTIMA,17,Tuesday,9
MCP3133005N,240050513,MONTGOMERY,Injury Crash,2024-10-22 10:37:00,Maryland (State) Route,NEW HAMPSHIRE AVE (SB/L),NORBECK RD SPENCERVILLE RD,Front to Front,Clear,Dry,Daylight,Traffic Control Signal,"Not Suspect of Alcohol Use, Not Suspect of Drug Use",No,No Apparent Injury,Not Distracted,WV,Pickup,45,2014.0,Ford,F-150,10,Tuesday,10
MCP30210057,200011094,Montgomery County Police,Property Damage Crash,2020-03-06 11:00:00,Unknown,Unknown,Unknown,SAME DIRECTION RIGHT TURN,RAINING,Unknown,DAYLIGHT,Unknown,NONE DETECTED,No,No Apparent Injury,NOT DISTRACTED,MD,Passenger Car,0,2017.0,Lexs,ES350,11,Friday,3
MCP2848004P,170516824,Montgomery County Police,Property Damage Crash,2017-07-01 15:08:00,Maryland (State),BRADLEY BLVD,RAYBURN RD,STRAIGHT MOVEMENT ANGLE,CLOUDY,DRY,DAYLIGHT,STOP SIGN,NONE DETECTED,Yes,No Apparent Injury,LOOKED BUT DID NOT SEE,NY,Passenger Car,35,2014.0,Jeep,GRAND CHEROKEE,15,Saturday,7
MCP2667003H,17011625,Montgomery County Police,Injury Crash,2017-03-05 10:36:00,Unknown,Unknown,Unknown,STRAIGHT MOVEMENT ANGLE,CLEAR,Unknown,DAYLIGHT,NO CONTROLS,NONE DETECTED,No,No Apparent Injury,NOT DISTRACTED,MD,Passenger Car,0,2015.0,Chev,4S,10,Sunday,3
MCP2586005L,220001740,Montgomery County Police,Property Damage Crash,2022-01-14 14:54:00,County,GOSHEN SCHOOL RD,HUNTMASTER RD,STRAIGHT MOVEMENT ANGLE,CLEAR,DRY,DAYLIGHT,NO CONTROLS,NONE DETECTED,No,No Apparent Injury,NOT DISTRACTED,MD,Passenger Car,35,2003.0,Mazda,PROTOGE,14,Friday,1
MCP2844004Y,210013300,Montgomery County Police,Property Damage Crash,2021-04-09 16:30:00,County,RANDOLPH RD,BLUHILL RD,STRAIGHT MOVEMENT ANGLE,Unknown,DRY,DAYLIGHT,NO CONTROLS,NONE DETECTED,Yes,No Apparent Injury,LOOKED BUT DID NOT SEE,MD,Passenger Car,25,2002.0,Ford,EXPLORER,16,Friday,4
MCP27070028,210051801,Montgomery County Police,Property Damage Crash,2021-12-20 08:25:00,Maryland (State),FREDERICK RD,MONTGOMERY VILLAGE AVE,SAME DIR REAR END,CLEAR,DRY,DAYLIGHT,TRAFFIC SIGNAL,NONE DETECTED,No,No Apparent Injury,NOT DISTRACTED,MD,Passenger Car,35,2008.0,Toyt,CAMRY,8,Monday,12
MCP32300042,230007039,Montgomery County Police,Property Damage Crash,2023-02-11 19:45:00,Maryland (State),LAYHILL RD,DECKMAN LA,STRAIGHT MOVEMENT ANGLE,CLEAR,DRY,DARK LIGHTS ON,Unknown,NONE DETECTED,Yes,No Apparent Injury,NOT DISTRACTED,GA,Passenger Car,40,2013.0,Honda,CIVIC,19,Saturday,2
MCP30120058,190055272,Montgomery County Police,Property Damage Crash,2019-11-16 08:03:00,County,CHARLES RD,GRIDLEY RD,SAME DIR REAR END,CLEAR,DRY,DAYLIGHT,NO CONTROLS,Unknown,No,No Apparent Injury,NOT DISTRACTED,MD,"Medium/Heavy Trucks 3 Axles (Over 10,000Lbs (4,536Kg))",25,2017.0,Mack,TRUCK,8,Saturday,11
EJ78940034,230033698,Gaithersburg Police Depar,Property Damage Crash,2023-07-15 10:47:00,Municipality,W DEER PARK RD,CEDAR AVE,SAME DIR REAR END,CLEAR,DRY,DAYLIGHT,NO CONTROLS,NONE DETECTED,Yes,No Apparent Injury,LOOKED BUT DID NOT SEE,MD,Passenger Car,25,1996.0,Toyt,SD,10,Saturday,7
MCP2791002G,16031060,Montgomery County Police,Property Damage Crash,2016-06-19 18:55:00,County,LOCKWOOD DR,WHITE OAK SHOPPIING CENTER,HEAD ON LEFT TURN,CLEAR,DRY,DAYLIGHT,NO CONTROLS,NONE DETECTED,Yes,No Apparent Injury,LOOKED BUT DID NOT SEE,MD,Passenger Car,30,2002.0,Merz,ML320,18,Sunday,6
MCP2351000W,17009486,Montgomery County Police,Property Damage Crash,2017-02-22 08:16:00,County,WILKINS AVE,PARKLAWN DR,SAME DIR REAR END,CLEAR,DRY,DAYLIGHT,Unknown,UNKNOWN,Yes,No Apparent Injury,UNKNOWN,MD,(Sport) Utility Vehicle,25,2006.0,Chevrolet,SILVERADO,8,Wednesday,2
MCP15750092,190037266,Montgomery County Police,Injury Crash,2019-08-05 13:08:00,Unknown,Unknown,Unknown,OTHER,CLEAR,Unknown,DAYLIGHT,NO CONTROLS,NONE DETECTED,Yes,No Apparent Injury,NOT DISTRACTED,MD,Van,0,2012.0,Hond,ODYSSEY,13,Monday,8
MCP21920037,190011958,Montgomery County Police,Injury Crash,2019-03-15 10:37:00,Maryland (State),NEW HAMPSHIRE AVE,STONEGATE DR,OTHER,CLEAR,DRY,DAYLIGHT,STOP SIGN,NONE DETECTED,Yes,Possible Injury,LOOKED BUT DID NOT SEE,MD,Passenger Car,45,2013.0,Chevrolet,IMPALA,10,Friday,3
EJ78370081,240020729,GAITHERSBURG,Injury Crash,2024-05-03 10:50:00,Municipality Route,BUREAU DR (SB/L),W DIAMOND AVE,Rear To Side,Clear,Dry,Daylight,Traffic Control Signal,"Not Suspect of Alcohol Use, Not Suspect of Drug Use",Yes,Suspected Minor Injury,Not Distracted,NC,Passenger Car,35,2009.0,Dodge,CARAVAN/GRAND CARAVAN,10,Friday,5
DD5612000N,170504372,Rockville Police Departme,Injury Crash,2017-04-26 17:38:00,Municipality,RESEARCH BLVD,RESEARCH BLVD (AHEAD),SAME DIRECTION SIDESWIPE,CLOUDY,DRY,DAYLIGHT,Unknown,NONE DETECTED,No,Possible Injury,NOT DISTRACTED,VA,Passenger Car,35,2005.0,Honda,CIVIC,17,Wednesday,4
MCP21870026,240041654,MONTGOMERY,Property Damage Crash,2024-09-03 08:49:00,Other Public Roadway,FAIRHAVEN DR,Unknown,Rear To Side,Clear,Dry,Daylight,No Controls,"Not Suspect of Alcohol Use, Not Suspect of Drug Use",Yes,No Apparent Injury,Not Distracted,MD,Bus - School,15,2020.0,Thomas Built,SCHOOL BUS,8,Tuesday,9
MCP27660068,210024856,Montgomery County Police,Property Damage Crash,2021-06-28 21:28:00,Unknown,LAYHILL RD,POPLAR RUN DR,SAME DIRECTION SIDESWIPE,CLEAR,DRY,DARK LIGHTS ON,TRAFFIC SIGNAL,NONE DETECTED,Yes,No Apparent Injury,NOT DISTRACTED,MD,(Sport) Utility Vehicle,40,2014.0,Ford,EXPLORER,21,Monday,6