Report Number,Local Case Number,Agency Name,ACRS Report Type,Crash Date/Time,Route Type,Road Name,Cross-Street Name,Collision Type,Weather,Surface Condition,Light,Traffic Control,Driver Substance Abuse,Driver At Fault,Injury Severity,Driver Distracted By,Drivers License State,Vehicle Body Type,Speed Limit,Vehicle Year,Vehicle Make,Vehicle Model,Crash Hour,Crash Day,Crash Month
MCP2871002W,16010680,MONTGOMERY,Injury Crash,2016-03-03 17:30:00,County,DEMOCRACY BLVD,RAMP 8 FR IS 270Y SB TO DEMOCRACY BLVD,SAME DIR REAR END,CLEAR,DRY,DAYLIGHT,TRAFFIC SIGNAL,NONE DETECTED,Yes,No Apparent Injury,NOT DISTRACTED,MD,Passenger Car,35,2000.0,Ford,TAURUS,17,Thursday,3
MCP2251002B,230023812,Montgomery County Police,Injury Crash,2023-05-18 09:04:00,County,BELLS MILL RD,BOLTON DR,SAME DIR REAR END,CLEAR,DRY,DAYLIGHT,NO CONTROLS,NONE DETECTED,Yes,Suspected Serious Injury,NOT DISTRACTED,MD,Passenger Car,30,2004.0,Cadilac,DEVILLE,9,Thursday,5
MCP2330004L,230072120,Montgomery County Police,Property Damage Crash,2023-12-16 23:08:00,County,DALEWOOD DR,RANDOLPH RD,STRAIGHT MOVEMENT ANGLE,CLEAR,DRY,DARK LIGHTS ON,TRAFFIC SIGNAL,NONE DETECTED,No,No Apparent Injury,NOT DISTRACTED,MD,Passenger Car,25,2020.0,Toyota,COROLLA,23,Saturday,12
MCP1148002J,180051096,Montgomery County Police,Property Damage Crash,2018-10-12 14:15:00,County,MONTGOMERY LA,WOODMONT AVE,SAME DIR BOTH LEFT TURN,CLEAR,DRY,DAYLIGHT,TRAFFIC SIGNAL,Unknown,No,No Apparent Injury,NOT DISTRACTED,MD,Passenger Car,25,2001.0,Toyota,TAKOMA,14,Friday,10
MCP3000000R,16025315,Montgomery County Police,Property Damage Crash,2016-05-21 17:14:00,County,SCHAEFFER RD,TATANI DR,STRAIGHT MOVEMENT ANGLE,RAINING,WET,OTHER,STOP SIGN,NONE DETECTED,No,No Apparent Injury,NOT DISTRACTED,MD,Passenger Car,30,2001.0,Toyota,CAMRY,17,Saturday,5
MCP1438001N,16007224,Montgomery County Police,Property Damage Crash,2016-02-12 10:21:00,Interstate (State),EISENHOWER MEMORIAL HWY,SPUR TO C/D LANE (SB/L),SAME DIR REAR END,CLEAR,DRY,DAYLIGHT,NO CONTROLS,NONE DETECTED,Yes,No Apparent Injury,NOT DISTRACTED,MD,Passenger Car,55,2009.0,Hond,4S,10,Friday,2
MCP1553001B,15020139,Montgomery County Police,Property Damage Crash,2015-04-29 07:54:00,Maryland (State),NEW HAMPSHIRE AVE,E RANDOLPH RD,SAME DIRECTION SIDESWIPE,CLEAR,DRY,DAYLIGHT,Unknown,NONE DETECTED,No,No Apparent Injury,NOT DISTRACTED,ND,Police Vehicle/Non Emergency,45,2014.0,Dodge,CHARGER,7,Wednesday,4
MCP0487000Q,16013565,MONTGOMERY,Injury Crash,2016-03-19 13:30:00,County,LAYTONIA DR,MUNCASTER MILL RD,SINGLE VEHICLE,RAINING,WET,DAYLIGHT,NO CONTROLS,NONE DETECTED,Yes,No Apparent Injury,NOT DISTRACTED,MD,Passenger Car,25,2010.0,Suburu,4DR,13,Saturday,3
MCP2245000D,200025726,Montgomery County Police,Property Damage Crash,2020-07-02 16:00:00,Maryland (State),FREDERICK RD,NO NAME,SAME DIR REAR END,CLEAR,Unknown,DAYLIGHT,NO CONTROLS,NONE DETECTED,Yes,No Apparent Injury,OTHER ELECTRONIC DEVICE (NAVIGATIONAL PALM PILOT),MD,Passenger Car,45,2016.0,Honda,ACCORD,16,Thursday,7
MCP32640024,210045691,Montgomery County Police,Property Damage Crash,2021-11-11 10:12:00,Unknown,Unknown,Unknown,STRAIGHT MOVEMENT ANGLE,CLEAR,Unknown,DAYLIGHT,NO CONTROLS,NONE DETECTED,No,No Apparent Injury,NOT DISTRACTED,MD,Police Vehicle/Emergency,5,2007.0,Pontiac,GRAND PRIX,10,Thursday,11
MCP2934002J,170501917,Montgomery County Police,Property Damage Crash,2017-04-13 13:03:00,Maryland (State),ROCKVILLE PIKE,TUCKERMAN LA,SAME DIR REAR END,CLEAR,DRY,DAYLIGHT,TRAFFIC SIGNAL,NONE DETECTED,No,No Apparent Injury,NOT DISTRACTED,MD,Passenger Car,40,2013.0,Ford,ESCAPE,13,Thursday,4
MCP3396001H,240053017,MONTGOMERY,Property Damage Crash,2024-11-04 22:49:00,Maryland (State) Route,GEORGIA AVE (SB/L),ARCOLA AVE,Angle,Clear,Dry,Dark - Lighted,Traffic Control Signal,"Not Suspect of Alcohol Use, Not Suspect of Drug Use",No,No Apparent Injury,Not Distracted,MD,Passenger Car,25,2005.0,Nissan,ALTIMA,22,Monday,11
MCP08990034,180034089,Montgomery County Police,Property Damage Crash,2018-07-10 15:45:00,Maryland (State),OLD GEORGETOWN RD,DEL RAY AVE,HEAD ON LEFT TURN,CLEAR,DRY,DAYLIGHT,NO CONTROLS,NONE DETECTED,No,No Apparent Injury,NOT DISTRACTED,MD,Passenger Car,25,2017.0,Hyundai,ELANTRA,15,Tuesday,7
MCP3174002Q,200039202,Montgomery County Police,Property Damage Crash,2020-10-05 16:17:00,County,SNOUFFERS SCHOOL RD,CHERRY LAUREL LA,SAME DIR REAR END,CLEAR,DRY,DAYLIGHT,Unknown,NONE DETECTED,Yes,No Apparent Injury,NOT DISTRACTED,MD,Pickup Truck,35,2011.0,Ford,250,16,Monday,10
DD56280053,210049481,Rockville Police Departme,Property Damage Crash,2021-12-06 11:29:00,Unknown,Unknown,Unknown,OTHER,CLOUDY,Unknown,DAYLIGHT,NO CONTROLS,NONE DETECTED,Yes,No Apparent Injury,LOOKED BUT DID NOT SEE,VA,Passenger Car,5,2022.0,Hyundai,ELANTRA,11,Monday,12
MCP3067001G,190031442,Montgomery County Police,Property Damage Crash,2019-07-02 00:50:00,County,MONTGOMERY VILLAGE AVE,CLUB HOUSE RD,STRAIGHT MOVEMENT ANGLE,CLEAR,DRY,DARK LIGHTS ON,FLASHING TRAFFIC SIGNAL,NONE DETECTED,No,No Apparent Injury,NOT DISTRACTED,MD,Passenger Car,35,2013.0,Hond,4S,0,Tuesday,7
MCP26660030,190035121,Montgomery County Police,Property Damage Crash,2019-07-24 06:50:00,County,CARROLL AVE,OSAGE ST,SAME DIR REAR END,CLEAR,DRY,DAYLIGHT,NO CONTROLS,NONE DETECTED,No,No Apparent Injury,NOT DISTRACTED,MD,Passenger Car,35,2007.0,Lexus,ES350,6,Wednesday,7
MCP12020045,190053400,Montgomery County Police,Injury Crash,2019-11-06 07:47:00,Maryland (State),ROCKVILLE PIKE,POOKS HILL RD,SAME DIR REAR END,CLEAR,DRY,DAYLIGHT,TRAFFIC SIGNAL,NONE DETECTED,Yes,No Apparent Injury,NOT DISTRACTED,MD,Passenger Car,35,2011.0,Toyota,CAMRY,7,Wednesday,11
MCP3027000V,170517046,Montgomery County Police,Injury Crash,2017-07-03 06:24:00,US (State),COLESVILLE RD,DALE DR,HEAD ON LEFT TURN,CLEAR,DRY,DAYLIGHT,TRAFFIC SIGNAL,NONE DETECTED,Yes,Possible Injury,LOOKED BUT DID NOT SEE,VA,Passenger Car,35,2015.0,Honda,CRV,6,Monday,7
MCP2511000P,16031741,Montgomery County Police,Property Damage Crash,2016-06-23 13:37:00,Municipality,RUSSELL AVE,CHRISTOPHER AVE,ANGLE MEETS RIGHT TURN,CLEAR,DRY,DAYLIGHT,NO CONTROLS,NONE DETECTED,No,No Apparent Injury,NOT DISTRACTED,MD,Passenger Car,25,2006.0,Niss,4S,13,Thursday,6
MCP2861005K,220043894,Montgomery County Police,Injury Crash,2022-10-07 17:00:00,County,FERNWOOD RD,LONE OAK DR,SAME DIR REAR END,CLEAR,DRY,DAYLIGHT,NO CONTROLS,NONE DETECTED,Yes,No Apparent Injury,LOOKED BUT DID NOT SEE,MD,Passenger Car,25,2018.0,Mazda,CX5,17,Friday,10
DD5583001S,16044010,Rockville Police Departme,Property Damage Crash,2016-08-29 14:43:00,Unknown,Unknown,Unknown,SINGLE VEHICLE,CLEAR,Unknown,DAYLIGHT,Unknown,NONE DETECTED,Yes,No Apparent Injury,NOT DISTRACTED,PA,Truck Tractor,0,2005.0,Kemworth,TRACTOR,14,Monday,8
MCP30950030,210052953,Montgomery County Police,Injury Crash,2021-12-28 16:18:00,US (State),COLUMBIA PIKE,INDUSTRIAL PKWY,SAME DIR REAR END,Unknown,DRY,DAYLIGHT,TRAFFIC SIGNAL,NONE DETECTED,Yes,Suspected Minor Injury,INATTENTIVE OR LOST IN THOUGHT,MD,Passenger Car,50,2005.0,Lexus,LS,16,Tuesday,12
MCP2869003X,190047337,Montgomery County Police,Injury Crash,2019-10-02 21:00:00,Maryland (State),UNIVERSITY BLVD W,ELKIN ST,STRAIGHT MOVEMENT ANGLE,Unknown,DRY,DARK LIGHTS ON,STOP SIGN,ALCOHOL PRESENT,Yes,No Apparent Injury,INATTENTIVE OR LOST IN THOUGHT,MD,Pickup Truck,35,2014.0,Ford,F150,21,Wednesday,10
MCP3396001V,250016417,MONTGOMERY,Injury Crash,2025-04-15 15:57:00,Maryland (State) Route,NORBECK RD,Unknown,Front to Rear,Clear,Dry,Daylight,No Controls,"Not Suspect of Alcohol Use, Not Suspect of Drug Use",Yes,No Apparent Injury,Not Distracted,MD,Passenger Car,40,2021.0,Chevrolet,TRAX,15,Tuesday,4
MCP2678004Z,240044698,MONTGOMERY,Injury Crash,2024-09-19 13:16:00,Maryland (State) Route,VEIRS MILL RD (WB/L),GALT AVE,Angle,Clear,Dry,Daylight,No Controls,"Not Suspect of Alcohol Use, Not Suspect of Drug Use",No,No Apparent Injury,Not Distracted,MD,Van - Passenger (&Lt;9 Seats),35,2019.0,Ford,TRANSIT,13,Thursday,9
EJ78730068,220046948,Gaithersburg Police Depar,Property Damage Crash,2022-10-26 07:41:00,Maryland (State),S FREDERICK RD,S SUMMIT AVE,OTHER,CLOUDY,WET,DAYLIGHT,TRAFFIC SIGNAL,NONE DETECTED,No,No Apparent Injury,NOT DISTRACTED,MD,Passenger Car,30,2019.0,Acura,4S,7,Wednesday,10
MCP2612005F,230050178,Montgomery County Police,Injury Crash,2023-08-18 21:02:00,Maryland (State),VEIRS MILL RD,ASPEN HILL RD,SAME DIR REAR END,CLEAR,DRY,DARK LIGHTS ON,TRAFFIC SIGNAL,NONE DETECTED,No,No Apparent Injury,NOT DISTRACTED,MD,Passenger Car,40,2023.0,Honda,CIVIC,21,Friday,8
MCP2944000C,15020953,Montgomery County Police,Property Damage Crash,2015-05-03 16:54:00,Maryland (State),OLD GEORGETOWN RD,EXECUTIVE BLVD,SAME DIRECTION RIGHT TURN,CLEAR,DRY,DAYLIGHT,Unknown,NONE DETECTED,No,No Apparent Injury,NOT DISTRACTED,MD,(Sport) Utility Vehicle,40,2009.0,Ford,EXPLORER,16,Sunday,5
DD5666001P,240052506,ROCKVILLE,Property Damage Crash,2024-11-01 14:41:00,Maryland (State) Route,E JEFFERSON ST (WB/L),Unknown,"Sideswipe, Same Direction",Clear,Dry,Daylight,Traffic Control Signal,"Not Suspect of Alcohol Use, Not Suspect of Drug Use",No,No Apparent Injury,Not Distracted,MD,Passenger Car,35,1994.0,Acura,INTEGRA,14,Friday,11
EJ78650067,230068826,Gaithersburg Police Depar,Property Damage Crash,2023-11-28 23:50:00,County,MIDCOUNTY HWY,WOODFIELD RD,SAME DIR REAR END,CLEAR,DRY,DARK NO LIGHTS,NO CONTROLS,NONE DETECTED,No,No Apparent Injury,NOT DISTRACTED,MD,Passenger Car,45,2012.0,Honda,CROSSTOUR,23,Tuesday,11
DD5522003B,170523126,Rockville Police Departme,Injury Crash,2017-08-05 05:21:00,Maryland (State),ROCKVILLE PIKE,W EDMONSTON DR,STRAIGHT MOVEMENT ANGLE,CLEAR,DRY,DARK LIGHTS ON,FLASHING TRAFFIC SIGNAL,NONE DETECTED,No,No Apparent Injury,NOT DISTRACTED,ND,Passenger Car,40,1996.0,Toyota,CAMRY,5,Saturday,8
MCP27610048,230007951,Montgomery County Police,Property Damage Crash,2023-02-16 12:30:00,Unknown,Unknown,Unknown,SAME DIR REAR END,CLEAR,Unknown,DAYLIGHT,NO CONTROLS,Unknown,Yes,No Apparent Injury,UNKNOWN,Unknown,(Sport) Utility Vehicle,10,1999.0,Ford,TK,12,Thursday,2
MCP9130009B,200010404,Montgomery County Police,Injury Crash,2020-03-02 13:59:00,Maryland (State),NEW HAMPSHIRE AVE,OAKVIEW DR,SAME DIR REAR END,CLEAR,DRY,DAYLIGHT,NO CONTROLS,NONE DETECTED,Yes,No Apparent Injury,UNKNOWN,MD,Passenger Car,40,2015.0,Honda,CRV,13,Monday,3
MCP2617007H,190023855,Montgomery County Police,Injury Crash,2019-05-20 13:00:00,Maryland (State),CONNECTICUT AVE,INDEPENDENCE ST,STRAIGHT MOVEMENT ANGLE,CLEAR,DRY,DAYLIGHT,TRAFFIC SIGNAL,NONE DETECTED,No,Possible Injury,NOT DISTRACTED,MD,Passenger Car,35,2018.0,Toyota,HIGHLANDER,13,Monday,5
MCP2892001S,16039715,Montgomery County Police,Property Damage Crash,2016-08-05 19:23:00,Maryland (State),GEORGIA AVE,TILTON DR,SAME DIR REAR END,CLEAR,DRY,DAYLIGHT,NO CONTROLS,UNKNOWN,No,No Apparent Injury,UNKNOWN,Unknown,Passenger Car,50,2015.0,Nissan,4D,19,Friday,8
MCP3259000F,200036203,Montgomery County Police,Property Damage Crash,2020-09-15 17:37:00,Maryland (State),RIVER RD,TRAVILAH RD,SAME DIR REAR END,CLEAR,DRY,DAYLIGHT,NO CONTROLS,NONE DETECTED,No,No Apparent Injury,NOT DISTRACTED,MD,Passenger Car,30,2010.0,Mercedes,4S,17,Tuesday,9
MCP28810014,15026997,Montgomery County Police,Property Damage Crash,2015-06-04 08:10:00,Maryland (State),GERMANTOWN RD,AIRCRAFT DR,SAME DIR REAR END,RAINING,WET,OTHER,TRAFFIC SIGNAL,NONE DETECTED,No,No Apparent Injury,NOT DISTRACTED,VA,Passenger Car,45,2008.0,Mazda,5,8,Thursday,6
MCP29340059,230013063,Montgomery County Police,Injury Crash,2023-03-17 19:34:00,County,ROCKLEDGE DR,ENT TO WALTER JOHNSON HIGH SCHOOL,SAME DIR REAR END,CLEAR,DRY,DARK LIGHTS ON,NO CONTROLS,NONE DETECTED,No,Possible Injury,NOT DISTRACTED,MD,Passenger Car,35,2007.0,Honda,CIVIC,19,Friday,3
MCP2723003L,180038309,Montgomery County Police,Injury Crash,2018-08-02 13:12:00,Maryland (State),NORBECK RD,BAILEYS LA,STRAIGHT MOVEMENT ANGLE,CLEAR,DRY,DAYLIGHT,NO CONTROLS,Unknown,Yes,Suspected Serious Injury,UNKNOWN,MD,Passenger Car,40,2006.0,Toyt,4S,13,Thursday,8
MCP30970030,230051941,Montgomery County Police,Property Damage Crash,2023-08-29 04:54:00,US (State),COLUMBIA PIKE,FAIRLAND RD,SAME DIR REAR END,Unknown,Unknown,DARK LIGHTS ON,NO CONTROLS,NONE DETECTED,Yes,No Apparent Injury,LOOKED BUT DID NOT SEE,MD,Pickup Truck,50,2012.0,Subaru,LEGACY,4,Tuesday,8
MCP9130006M,190001369,Montgomery County Police,Injury Crash,2019-01-09 08:06:00,County,MANCHESTER RD,BRADFORD RD,HEAD ON,CLOUDY,DRY,DAYLIGHT,NO CONTROLS,NONE DETECTED,Yes,Possible Injury,NOT DISTRACTED,MD,Passenger Car,30,2008.0,Honda,CIVIC,8,Wednesday,1
MCP2535002H,220044002,Montgomery County Police,Injury Crash,2022-10-08 12:45:00,Maryland (State),EAST WEST HWY,GLENDALE RD,STRAIGHT MOVEMENT ANGLE,CLEAR,DRY,DAYLIGHT,STOP SIGN,NONE DETECTED,No,Possible Injury,NOT DISTRACTED,NC,Passenger Car,30,2002.0,Toyota,AVALON,12,Saturday,10
DD56050047,170529911,Rockville Police Departme,Property Damage Crash,2017-09-11 15:00:00,County,SHADY GROVE RD,RESEARCH BLVD,SAME DIR REAR END,CLEAR,DRY,DAYLIGHT,TRAFFIC SIGNAL,NONE DETECTED,Yes,No Apparent Injury,INATTENTIVE OR LOST IN THOUGHT,MD,Passenger Car,40,2016.0,Merz,2S,15,Monday,9
MCP3053003N,190045209,Montgomery County Police,Injury Crash,2019-09-21 00:30:00,Maryland (State),GEORGIA AVE,WELLER RD,ANGLE MEETS LEFT TURN,CLEAR,DRY,DARK LIGHTS ON,NO CONTROLS,Unknown,Yes,No Apparent Injury,NOT DISTRACTED,MD,Passenger Car,30,2016.0,Hond,4S,0,Saturday,9
MCP3168003M,210042010,Montgomery County Police,Property Damage Crash,2021-10-19 16:07:00,Maryland (State),NORBECK RD,E GUDE DR,SAME DIR REAR END,CLEAR,DRY,DAYLIGHT,TRAFFIC SIGNAL,NONE DETECTED,Yes,No Apparent Injury,LOOKED BUT DID NOT SEE,MD,Passenger Car,35,2005.0,Nissan,ALTIMA,16,Tuesday,10
MCP9106000K,15030101,Montgomery County Police,Injury Crash,2015-06-20 09:54:00,County,MIDDLEBROOK RD,GREAT SENECA HWY,HEAD ON LEFT TURN,CLOUDY,DRY,DAYLIGHT,TRAFFIC SIGNAL,NONE DETECTED,No,Suspected Serious Injury,NOT DISTRACTED,MD,Passenger Car,40,2012.0,Ford,FOCUS,9,Saturday,6
MCP3163005M,230035132,Montgomery County Police,Property Damage Crash,2023-07-23 22:18:00,Maryland (State),ROCKVILLE PIKE,GROSVENOR LA,SAME DIR REAR END,CLEAR,DRY,DARK LIGHTS ON,Unknown,Unknown,Yes,No Apparent Injury,LOOKED BUT DID NOT SEE,MD,Passenger Car,35,2015.0,Niss,4S,22,Sunday,7
MCP31430026,200015854,Montgomery County Police,Property Damage Crash,2020-04-13 12:55:00,Interstate (State),CAPITAL BELTWAY,EXIT #31,SAME DIR REAR END,RAINING,Unknown,DAYLIGHT,Unknown,NONE DETECTED,Yes,No Apparent Injury,INATTENTIVE OR LOST IN THOUGHT,MD,Passenger Car,55,2004.0,Mazda,3,12,Monday,4
MCP1378012Q,220051521,Montgomery County Police,Injury Crash,2022-11-21 16:59:00,County,FENTON ST,ELLSWORTH DR,SINGLE VEHICLE,CLEAR,DRY,DARK LIGHTS ON,NO CONTROLS,NONE DETECTED,No,No Apparent Injury,NOT DISTRACTED,MD,Farm Vehicle,30,2009.0,Gillig,BUS,16,Monday,11
MCP13230011,200023872,Montgomery County Police,Injury Crash,2020-06-18 13:05:00,Maryland (State),16TH ST,EAST WEST HWY,SAME DIR REAR END,CLEAR,DRY,DAYLIGHT,NO CONTROLS,NONE DETECTED,No,Suspected Minor Injury,NOT DISTRACTED,MD,Passenger Car,35,2004.0,Honda,ACCORD,13,Thursday,6
MCP3060000V,170548696,Montgomery County Police,Property Damage Crash,2017-12-15 07:03:00,Maryland (State),WISCONSIN AVE,HUNT AVE,STRAIGHT MOVEMENT ANGLE,CLEAR,DRY,DAWN,STOP SIGN,Unknown,No,No Apparent Injury,NOT DISTRACTED,MD,Passenger Car,35,2017.0,Toyota,CAMRY,7,Friday,12
MCP3156003H,250015444,MONTGOMERY,Injury Crash,2025-04-09 13:11:00,County Route,LANGLEY DR,UNIVERSITY BLVD E,Angle,Clear,Dry,Daylight,No Controls,"Not Suspect of Alcohol Use, Not Suspect of Drug Use",No,No Apparent Injury,Not Distracted,MD,Passenger Car,35,2023.0,Chrysler,VOYAGER,13,Wednesday,4
MCP289100BD,220017820,Montgomery County Police,Injury Crash,2022-04-27 08:12:00,Interstate (State),CAPITAL BELTWAY,EXIT #33,SAME DIR REAR END,CLEAR,DRY,DAYLIGHT,Unknown,NONE DETECTED,No,Suspected Minor Injury,NOT DISTRACTED,MD,Passenger Car,55,2020.0,Hyundai,PALISADE,8,Wednesday,4
MCP32270069,250011277,MONTGOMERY,Property Damage Crash,2025-02-22 22:30:00,County Route,GLENVILLE RD,Unknown,"Sideswipe, Same Direction",Unknown,Unknown,Dark - Not Lighted,No Controls,"Unknown, Unknown",No,Unknown,Unknown,Unknown,Passenger Car,30,2013.0,Honda,ODYSSEY,22,Saturday,2
MCP2683003Z,190042930,Montgomery County Police,Property Damage Crash,2019-09-07 16:35:00,Municipality,LAKE FOREST BLVD,SPUR TO MD 355,SAME DIR REAR END,CLEAR,DRY,DAYLIGHT,NO CONTROLS,NONE DETECTED,No,No Apparent Injury,NOT DISTRACTED,MD,Passenger Car,35,2007.0,Volk,JETTA,16,Saturday,9
MCP1453007B,190022012,Montgomery County Police,Property Damage Crash,2019-05-10 07:56:00,Maryland (State),FREDERICK RD,GERMANTOWN RD,SAME DIRECTION SIDESWIPE,RAINING,WET,DAYLIGHT,TRAFFIC SIGNAL,NONE DETECTED,Yes,No Apparent Injury,LOOKED BUT DID NOT SEE,MD,Passenger Car,45,2011.0,Toyota,CAMRY,7,Friday,5
MCP3076001B,180010346,Montgomery County Police,Property Damage Crash,2018-02-28 11:00:00,US (State),GEORGIA AVE,KING ST,HEAD ON LEFT TURN,CLEAR,DRY,DAYLIGHT,NO CONTROLS,NONE DETECTED,Yes,No Apparent Injury,LOOKED BUT DID NOT SEE,VA,Passenger Car,35,2014.0,Toyota,CAMRY,11,Wednesday,2
MCP25340027,170539585,Montgomery County Police,Injury Crash,2017-10-29 03:07:00,Maryland (State),NORBECK RD,MUNCASTER MILL RD,STRAIGHT MOVEMENT ANGLE,CLEAR,DRY,DARK LIGHTS ON,TRAFFIC SIGNAL,NONE DETECTED,Yes,Possible Injury,NOT DISTRACTED,MD,Passenger Car,40,1996.0,Nissan,MAXIMA,3,Sunday,10
DM8528000S,250043852,TAKOMA,Property Damage Crash,2025-09-29 19:30:00,Unknown,Unknown,Unknown,"Sideswipe, Opposite Direction",Clear,Unknown,Dark - Lighted,Unknown,"Not Suspect of Alcohol Use, Not Suspect of Drug Use",No,No Apparent Injury,Not Distracted,IL,Passenger Car,0,2015.0,Mercedes-Benz,GL-CLASS,19,Monday,9
MCP3313002L,250025309,MONTGOMERY,Property Damage Crash,2025-06-06 22:27:00,County Route,URBANA DR,Unknown,Front to Front,Clear,Dry,Dark - Lighted,No Controls,"Not Suspect of Alcohol Use, Not Suspect of Drug Use",Yes,No Apparent Injury,Not Distracted,MD,Passenger Car,25,2023.0,Kia,SPORTAGE,22,Friday,6
MCP94060024,190045822,Montgomery County Police,Injury Crash,2019-09-24 17:00:00,Maryland (State),VEIRS MILL RD,ENNALLS AVE,HEAD ON LEFT TURN,CLEAR,DRY,DAYLIGHT,NO CONTROLS,NONE DETECTED,Yes,No Apparent Injury,NOT DISTRACTED,MD,Passenger Car,35,2006.0,Hyun,4S,17,Tuesday,9
MCP137800ZX,210052041,Montgomery County Police,Property Damage Crash,2021-12-21 15:21:00,Maryland (State),NEW HAMPSHIRE AVE,NOTLEY RD,SAME DIRECTION SIDESWIPE,CLOUDY,DRY,DAYLIGHT,NO CONTROLS,NONE DETECTED,No,No Apparent Injury,NOT DISTRACTED,DC,Transit Bus,40,2009.0,Tbu,BUS,15,Tuesday,12
MCP2753004Q,200013384,Montgomery County Police,Property Damage Crash,2020-03-20 12:43:00,Maryland (State),GEORGIA AVE,ASPEN HILL RD,SAME DIR REAR END,RAINING,WET,DAYLIGHT,TRAFFIC SIGNAL,ILLEGAL DRUG PRESENT,No,No Apparent Injury,UNKNOWN,MD,Passenger Car,45,2010.0,Audi,4S,12,Friday,3
MCP2040000K,17500121,Montgomery County Police,Injury Crash,2017-04-03 07:05:00,Maryland (State),DARNESTOWN RD,MARTINSBURG RD,OTHER,CLEAR,Unknown,DAWN,Unknown,NONE DETECTED,No,No Apparent Injury,NOT DISTRACTED,PA,Pickup Truck,40,2008.0,Dodge,RAM 2500,7,Monday,4
MCP24360033,170507177,Montgomery County Police,Property Damage Crash,2017-05-11 09:10:00,Maryland (State),UNIVERSITY BLVD E,LANGLEY DR,SAME DIR REAR END,RAINING,WET,DAYLIGHT,NO CONTROLS,NONE DETECTED,Yes,No Apparent Injury,UNKNOWN,MD,Passenger Car,40,2003.0,Nissan,ALTIMA,9,Thursday,5
MCP913000GP,230054261,Montgomery County Police,Injury Crash,2023-09-11 14:49:00,US (State),COLESVILLE RD,SOUTHWOOD AVE,SAME DIR REAR END,CLOUDY,WET,DAYLIGHT,TRAFFIC SIGNAL,NONE DETECTED,No,No Apparent Injury,NOT DISTRACTED,MD,(Sport) Utility Vehicle,40,2015.0,Jeep,RENEGADE,14,Monday,9
MCP9133000M,16001764,Montgomery County Police,Property Damage Crash,2016-01-10 12:51:00,Maryland (State),FREDERICK RD,MIDDLEBROOK RD,SAME DIR REAR END,CLEAR,WET,DAYLIGHT,TRAFFIC SIGNAL,NONE DETECTED,No,No Apparent Injury,NOT DISTRACTED,MD,Passenger Car,40,2012.0,Volkswagon,WAGON,12,Sunday,1
MCP3026008R,220051184,Montgomery County Police,Property Damage Crash,2022-11-19 11:20:00,Unknown,Unknown,Unknown,SAME DIR REND RIGHT TURN,CLEAR,Unknown,DAYLIGHT,TRAFFIC SIGNAL,NONE DETECTED,No,No Apparent Injury,NOT DISTRACTED,WV,"Medium/Heavy Trucks 3 Axles (Over 10,000Lbs (4,536Kg))",10,2019.0,Freightliner,TK,11,Saturday,11
EJ78440010,20004331,Gaithersburg Police Depar,Property Damage Crash,2020-11-02 19:20:00,Maryland (State),FREDERICK RD,ODENDHAL AVE,HEAD ON LEFT TURN,CLEAR,DRY,DARK LIGHTS ON,Unknown,NONE DETECTED,No,No Apparent Injury,NOT DISTRACTED,VA,(Sport) Utility Vehicle,35,2007.0,Toy,4RUNNER,19,Monday,11
MCP3199006G,240031851,MONTGOMERY,Injury Crash,2024-07-06 13:34:00,County Route,CONNECTICUT AVE,BEL PRE RD BEL PRE RD (EB/L),Front to Front,Clear,Dry,Daylight,Traffic Control Signal,"Not Suspect of Alcohol Use, Not Suspect of Drug Use",No,Suspected Minor Injury,Unknown,MD,Passenger Car,40,2023.0,Mitsubishi,MIRAGE,13,Saturday,7
MCP2072001B,17003885,Montgomery County Police,Property Damage Crash,2017-01-23 06:43:00,Maryland (State),FREDERICK RD,APPLEDOWRE WAY,SINGLE VEHICLE,RAINING,WET,DARK NO LIGHTS,NO CONTROLS,NONE DETECTED,Yes,No Apparent Injury,NOT DISTRACTED,MD,Passenger Car,35,2014.0,Toyota,CAMRY,6,Monday,1
MCP291700DT,240048223,MONTGOMERY,Property Damage Crash,2024-10-09 14:08:00,County Route,DALEWOOD DR,Unknown,Front to Rear,Clear,Dry,Daylight,No Controls,"Not Suspect of Alcohol Use, Not Suspect of Drug Use",Yes,No Apparent Injury,Not Distracted,Unknown,Passenger Car,25,2006.0,Honda,ACCORD,14,Wednesday,10
EJ7852005N,220028167,Gaithersburg Police Depar,Property Damage Crash,2022-06-30 16:05:00,Municipality,KENTLANDS BLVD,CHEVY CHASE ST,STRAIGHT MOVEMENT ANGLE,Unknown,Unknown,DAYLIGHT,STOP SIGN,NONE DETECTED,No,No Apparent Injury,NOT DISTRACTED,MD,Passenger Car,35,2018.0,Hond,TK,16,Thursday,6
MCP22310056,190049939,Montgomery County Police,Property Damage Crash,2019-10-18 07:44:00,Maryland (State),FREDERICK RD,DALAMAR ST,SAME DIR REAR END,CLEAR,DRY,DAYLIGHT,OTHER,NONE DETECTED,No,No Apparent Injury,NOT DISTRACTED,MD,Passenger Car,30,2013.0,Ford,FUSION,7,Friday,10