Report Number,Local Case Number,Agency Name,ACRS Report Type,Crash Date/Time,Route Type,Road Name,Cross-Street Name,Collision Type,Weather,Surface Condition,Light,Traffic Control,Driver Substance Abuse,Driver At Fault,Injury Severity,Driver Distracted By,Drivers License State,Vehicle Body Type,Speed Limit,Vehicle Year,Vehicle Make,Vehicle Model,Crash Hour,Crash Day,Crash Month
MCP3000002W,190052868,Montgomery County Police,Property Damage Crash,2019-11-03 00:33:00,County,MIDDLEBROOK RD,GERMANTOWN RD,SAME DIR REAR END,CLEAR,DRY,DARK LIGHTS ON,TRAFFIC SIGNAL,NONE DETECTED,No,No Apparent Injury,NOT DISTRACTED,MD,Passenger Car,40,2015.0,Hond,ACCORD,0,Sunday,11
MCP30580023,180049668,Montgomery County Police,Property Damage Crash,2018-10-04 17:26:00,Maryland (State),DARNESTOWN RD,ENT TO QUINCE ORCHARD MARKETPLACE,STRAIGHT MOVEMENT ANGLE,CLOUDY,DRY,DAYLIGHT,TRAFFIC SIGNAL,NONE DETECTED,No,No Apparent Injury,NOT DISTRACTED,MD,Passenger Car,35,2011.0,Toyota,4S,17,Thursday,10
MCP2917003H,190001819,Montgomery County Police,Property Damage Crash,2019-01-11 16:50:00,County,HEATHFIELD RD,LONDON LA,SAME DIRECTION SIDESWIPE,CLEAR,DRY,DARK NO LIGHTS,NO CONTROLS,NONE DETECTED,Yes,No Apparent Injury,OTHER DISTRACTION,MD,Pickup Truck,35,2017.0,Dodge,RAM,16,Friday,1
MCP3339003L,240010734,MONTGOMERY,Property Damage Crash,2024-03-05 14:53:00,Unknown,Unknown,Unknown,"Sideswipe, Same Direction","Fog, Smog, Smoke",Unknown,Daylight,Unknown,"Not Suspect of Alcohol Use, Not Suspect of Drug Use",No,No Apparent Injury,Not Distracted,MD,Bus - School,0,2013.0,Ford,ECOSPORT,14,Tuesday,3
MCP285900D2,230018683,Montgomery County Police,Injury Crash,2023-04-19 12:20:00,County,LONGDRAFT RD,GREAT SENECA HWY,STRAIGHT MOVEMENT ANGLE,CLEAR,DRY,DAYLIGHT,TRAFFIC SIGNAL,NONE DETECTED,Yes,No Apparent Injury,UNKNOWN,MD,Passenger Car,30,2011.0,Hond,CRV,12,Wednesday,4
MCP3009001C,190020579,Montgomery County Police,Property Damage Crash,2019-05-02 10:00:00,Maryland (State),FREDERICK RD,ROSECREST DR,SAME DIR REAR END,CLEAR,DRY,Unknown,NO CONTROLS,Unknown,No,No Apparent Injury,NOT DISTRACTED,MD,Passenger Car,40,2012.0,Toyota,2H,10,Thursday,5
MCP1205005D,190043152,Montgomery County Police,Injury Crash,2019-09-09 11:20:00,Maryland (State),EAST WEST HWY,GLENDALE RD,STRAIGHT MOVEMENT ANGLE,CLOUDY,DRY,DAYLIGHT,STOP SIGN,NONE DETECTED,Yes,Possible Injury,NOT DISTRACTED,PA,Passenger Car,35,2014.0,Infiniti,QX 80,11,Monday,9
MCP30350029,190045360,Montgomery County Police,Injury Crash,2019-09-21 23:40:00,Maryland (State),WOODFIELD RD,MUNCASTER MILL RD,SAME DIR REAR END,CLEAR,DRY,DARK LIGHTS ON,NO CONTROLS,NONE DETECTED,Yes,No Apparent Injury,INATTENTIVE OR LOST IN THOUGHT,MD,Passenger Car,35,2019.0,Jeep,SUV,23,Saturday,9
MCP2946003R,210025390,Montgomery County Police,Injury Crash,2021-07-02 10:51:00,Maryland (State),WOODFIELD RD,MAIN ST,STRAIGHT MOVEMENT ANGLE,CLOUDY,DRY,DAYLIGHT,TRAFFIC SIGNAL,NONE DETECTED,Yes,Possible Injury,OTHER DISTRACTION,TN,(Sport) Utility Vehicle,30,2010.0,Cadillac,SRX4,10,Friday,7
MCP1453007P,190045917,Montgomery County Police,Property Damage Crash,2019-09-25 08:17:00,County,BROOKEVILLE RD,OLNEY LAYTONSVILLE RD,SAME DIR REAR END,CLEAR,DRY,DAYLIGHT,STOP SIGN,NONE DETECTED,Yes,No Apparent Injury,NOT DISTRACTED,MD,Passenger Car,30,2009.0,Toyota,COROLLA,8,Wednesday,9
MCP06850063,210013745,Montgomery County Police,Property Damage Crash,2021-04-13 09:38:00,County,SHADY GROVE RD,RESEARCH BLVD,STRAIGHT MOVEMENT ANGLE,CLOUDY,DRY,DAYLIGHT,TRAFFIC SIGNAL,NONE DETECTED,No,No Apparent Injury,NOT DISTRACTED,MD,(Sport) Utility Vehicle,40,2014.0,Jeep,PATRIOT,9,Tuesday,4
EJ78510065,200051107,Gaithersburg Police Depar,Property Damage Crash,2020-12-28 19:00:00,Unknown,Unknown,Unknown,OPPOSITE DIRECTION SIDESWIPE,CLEAR,Unknown,DARK LIGHTS ON,NO CONTROLS,NONE DETECTED,Yes,No Apparent Injury,TALKING OR LISTENING TO CELLULAR PHONE,MD,Passenger Car,15,2003.0,Toyota,COROLLA,19,Monday,12
DD5648002C,230062091,Rockville Police Departme,Property Damage Crash,2023-10-23 11:00:00,Interstate (State),EISENHOWER MEMORIAL HWY,FALLS RD,SAME DIRECTION SIDESWIPE,CLEAR,Unknown,DAYLIGHT,Unknown,NONE DETECTED,Yes,No Apparent Injury,INATTENTIVE OR LOST IN THOUGHT,MD,(Sport) Utility Vehicle,55,2011.0,Mercedes,ML350,11,Monday,10
MCP3121002H,190051196,Montgomery County Police,Property Damage Crash,2019-10-24 19:10:00,County,MONTGOMERY VILLAGE AVE,CENTERWAY RD,HEAD ON LEFT TURN,CLEAR,DRY,DARK LIGHTS ON,TRAFFIC SIGNAL,NONE DETECTED,Yes,No Apparent Injury,UNKNOWN,MD,Passenger Car,35,2011.0,Cadi,SRX,19,Thursday,10
MCP1301000S,170501543,Montgomery County Police,Fatal Crash,2017-04-11 07:58:00,Maryland (State),CONNECTICUT AVE,THORNAPPLE ST,HEAD ON LEFT TURN,Unknown,DRY,DAYLIGHT,NO CONTROLS,UNKNOWN,Unknown,Fatal Injury,UNKNOWN,VA,Motorcycle,30,2008.0,Triumph,BONNEVILLE,7,Tuesday,4
MCP2637003H,190059645,Montgomery County Police,Property Damage Crash,2019-12-11 09:38:00,County,LAKE WINDS WAY,ROLLING GREEN WAY,STRAIGHT MOVEMENT ANGLE,CLEAR,DRY,DAYLIGHT,STOP SIGN,NONE DETECTED,Yes,No Apparent Injury,LOOKED BUT DID NOT SEE,MD,Passenger Car,35,2009.0,Hyundai,SONANTA,9,Wednesday,12
EJ78730010,190025814,Gaithersburg Police Depar,Injury Crash,2019-05-30 16:12:00,Municipality,BROOKS AVE,RUSSELL AVE,SAME DIR REAR END,CLOUDY,WET,DAYLIGHT,STOP SIGN,NONE DETECTED,Yes,No Apparent Injury,LOOKED BUT DID NOT SEE,MD,Passenger Car,35,2005.0,Toyota,COROLLA,16,Thursday,5
DD5607004Y,240006515,ROCKVILLE,Injury Crash,2024-02-09 13:15:00,Crossover,Unknown,Unknown,Front to Rear,Clear,Dry,Daylight,No Controls,"Not Suspect of Alcohol Use, Not Suspect of Drug Use",No,No Apparent Injury,Not Distracted,MD,Passenger Car,40,2015.0,Bmw,535XI,13,Friday,2
MCP271700R5,190055224,Montgomery County Police,Property Damage Crash,2019-11-15 22:45:00,County,MONTROSE RD,FARM HAVEN DR,SAME DIR REAR END,CLEAR,DRY,DARK LIGHTS ON,TRAFFIC SIGNAL,ALCOHOL CONTRIBUTED,Yes,No Apparent Injury,TEXTING FROM A CELLULAR PHONE,MD,Passenger Car,40,2019.0,Toyota,COROLLA,22,Friday,11
MCP2921001P,170503393,Montgomery County Police,Injury Crash,2017-04-21 16:39:00,Maryland (State),FREDERICK RD,GAME PRESERVE RD,SAME DIR REAR END,RAINING,WET,DAYLIGHT,Unknown,Unknown,No,No Apparent Injury,NOT DISTRACTED,MD,Passenger Car,40,2006.0,Suzuki,VITARA,16,Friday,4
MCP304800DP,250015283,MONTGOMERY,Injury Crash,2025-04-08 13:50:00,County Route,LEXINGTON ST,UNIVERSITY BLVD W,Angle,Clear,Dry,Daylight,Traffic Control Signal,"Not Suspect of Alcohol Use, Not Suspect of Drug Use",No,Suspected Minor Injury,Not Distracted,MD,Passenger Car,25,2021.0,Lexus,RX,13,Tuesday,4
MCP2450005G,240054894,MONTGOMERY,Injury Crash,2024-11-15 18:00:00,Interstate (State),EISENHOWER MEMORIAL HWY,Unknown,Front to Rear,Clear,Dry,Dark - Lighted,No Controls,"Not Suspect of Alcohol Use, Not Suspect of Drug Use",Yes,No Apparent Injury,Unknown,MD,Passenger Car,55,2015.0,Hyundai,SONATA,18,Friday,11
DM84390040,240019871,TAKOMA,Property Damage Crash,2024-04-28 23:23:00,Maryland (State) Route,NEW HAMPSHIRE AVE (SB/L),Unknown,Single Vehicle,Clear,Dry,Dark - Lighted,No Controls,"Not Suspect of Alcohol Use, Not Suspect of Drug Use",No,No Apparent Injury,Not Distracted,MD,Passenger Car,35,2018.0,Toyota,CAMRY,23,Sunday,4
MCP2987008P,240033835,MONTGOMERY,Property Damage Crash,2024-07-17 18:02:00,County Route,CHERRY HILL RD,GRACEFIELD RD,Front to Rear,Rain,Wet,Daylight,No Controls,"Not Suspect of Alcohol Use, Not Suspect of Drug Use",No,No Apparent Injury,Not Distracted,Unknown,Passenger Car,40,2004.0,Honda,ODYSSEY,18,Wednesday,7
MCP3160002H,200002359,Montgomery County Police,Property Damage Crash,2020-01-14 14:00:00,Maryland (State),WILSON LA,WHITTIER BLVD,SAME DIR REAR END,CLOUDY,WET,DAYLIGHT,TRAFFIC SIGNAL,NONE DETECTED,Yes,No Apparent Injury,LOOKED BUT DID NOT SEE,MD,Passenger Car,25,2015.0,Toyota,COROLLA,14,Tuesday,1
MCP12330059,230060118,Montgomery County Police,Injury Crash,2023-10-12 16:18:00,County,CEDAR LA,ELMHIRST PKWY,STRAIGHT MOVEMENT ANGLE,CLEAR,DRY,DAYLIGHT,TRAFFIC SIGNAL,NONE DETECTED,Yes,No Apparent Injury,INATTENTIVE OR LOST IN THOUGHT,CO,Passenger Car,35,2023.0,Dodge,CHARGER,16,Thursday,10
MCP2869002K,180033044,Montgomery County Police,Property Damage Crash,2018-07-04 22:10:00,County,VEIRS MILL RD,GRIDLEY RD,STRAIGHT MOVEMENT ANGLE,Unknown,DRY,DARK LIGHTS ON,YIELD SIGN,NONE DETECTED,No,No Apparent Injury,NOT DISTRACTED,MD,Passenger Car,45,1999.0,Volks,CN,22,Wednesday,7
MCP3112002X,190035228,Montgomery County Police,Injury Crash,2019-07-24 18:24:00,Maryland (State),MONTGOMERY AVE,PEARL ST,SAME DIR REAR END,CLEAR,DRY,DAYLIGHT,NO CONTROLS,UNKNOWN,Yes,No Apparent Injury,UNKNOWN,MD,(Sport) Utility Vehicle,25,2015.0,Bmw,X6,18,Wednesday,7
EJ7891000T,210052553,Gaithersburg Police Depar,Property Damage Crash,2021-12-25 01:44:00,Municipality,N SUMMIT AVE,N SUMMIT AVE (AHEAD),SAME DIRECTION LEFT TURN,CLEAR,DRY,DARK LIGHTS ON,TRAFFIC SIGNAL,NONE DETECTED,No,No Apparent Injury,NOT DISTRACTED,MD,Passenger Car,35,2008.0,Toyota,TUNDRA,1,Saturday,12
MCP3211002X,220039616,Montgomery County Police,Injury Crash,2022-09-12 12:30:00,Maryland (State),BRADLEY BLVD,PEMBROKE TERR,SINGLE VEHICLE,CLEAR,DRY,DAYLIGHT,NO CONTROLS,NONE DETECTED,Yes,Possible Injury,NOT DISTRACTED,DC,Passenger Car,35,2019.0,Lexus,NX300,12,Monday,9
MCP27380058,240028902,MONTGOMERY,Property Damage Crash,2024-06-17 23:34:00,County Route,Unknown,TECH RD TREETOP DR,Other,Clear,Dry,Dark - Lighted,Stop Sign,"Not Suspect of Alcohol Use, Not Suspect of Drug Use",No,No Apparent Injury,Not Distracted,MD,Passenger Car,35,2010.0,Toyota,COROLLA,23,Monday,6
EJ7870000X,180063028,Gaithersburg Police Depar,Property Damage Crash,2018-12-17 17:45:00,Municipality,RUSSELL AVE,MARYLAND AVE,SAME DIRECTION SIDESWIPE,CLEAR,DRY,DARK LIGHTS ON,PERSON,NONE DETECTED,No,No Apparent Injury,NOT DISTRACTED,MD,Passenger Car,25,2016.0,Chevrolet,TK,17,Monday,12
MCP291700BR,230010162,Montgomery County Police,Property Damage Crash,2023-03-01 11:16:00,County,REEDIE DR,FERN ST,SAME DIRECTION SIDESWIPE,CLEAR,DRY,DAYLIGHT,TRAFFIC SIGNAL,NONE DETECTED,Unknown,No Apparent Injury,NOT DISTRACTED,MD,Passenger Car,35,2019.0,Toyota,RAV4,11,Wednesday,3
DM8514001V,240060459,TAKOMA,Property Damage Crash,2024-12-14 19:21:00,Unknown,Unknown,Unknown,Front to Rear,Clear,Unknown,Dark - Lighted,Unknown,"Not Suspect of Alcohol Use, Not Suspect of Drug Use",No,No Apparent Injury,Not Distracted,Unknown,Passenger Car,0,2024.0,Toyota,TACOMA,19,Saturday,12
MCP2966004Q,180040662,Montgomery County Police,Injury Crash,2018-08-15 19:00:00,County,PARKLAND DR,VEIRS MILL RD,SAME DIR REAR END,CLEAR,DRY,DAYLIGHT,TRAFFIC SIGNAL,NONE DETECTED,Unknown,No Apparent Injury,NOT DISTRACTED,MD,Passenger Car,40,2013.0,Nissan,ALTIMA,19,Wednesday,8
MCP24560020,170525118,Montgomery County Police,Property Damage Crash,2017-08-16 10:16:00,US (State),COLUMBIA PIKE,LOCKWOOD DR,SAME DIR REAR END,CLEAR,DRY,DAYLIGHT,NO CONTROLS,NONE DETECTED,Yes,No Apparent Injury,NOT DISTRACTED,MD,Passenger Car,40,2002.0,Nissan,MAXIMA,10,Wednesday,8
MCP32420012,210036377,Montgomery County Police,Property Damage Crash,2021-09-15 13:22:00,County,GIST AVE,FENTON ST,STRAIGHT MOVEMENT ANGLE,CLEAR,DRY,DAYLIGHT,STOP SIGN,NONE DETECTED,Unknown,No Apparent Injury,NOT DISTRACTED,MD,Passenger Car,30,2006.0,Honda,ACCORD,13,Wednesday,9
MCP20590076,220023614,Montgomery County Police,Property Damage Crash,2022-06-02 13:00:00,Unknown,Unknown,Unknown,STRAIGHT MOVEMENT ANGLE,CLOUDY,Unknown,DAYLIGHT,NO CONTROLS,UNKNOWN,Yes,No Apparent Injury,INATTENTIVE OR LOST IN THOUGHT,MD,Passenger Car,10,2015.0,Ford,FUSION,13,Thursday,6
MCP11190012,15030489,Montgomery County Police,Property Damage Crash,2015-06-22 18:59:00,Maryland (State),GEORGIA AVE,GLENALLAN AVE,SAME DIRECTION SIDESWIPE,CLEAR,DRY,DAYLIGHT,NO CONTROLS,NONE DETECTED,No,No Apparent Injury,NOT DISTRACTED,MD,Passenger Car,30,2006.0,Toyota,COROLLA,18,Monday,6
MCP2939003Y,190035647,Montgomery County Police,Injury Crash,2019-07-26 17:56:00,Maryland (State),WOODFIELD RD,GOSHEN SCHOOL RD,SAME DIR REAR END,CLEAR,DRY,DAYLIGHT,NO CONTROLS,NONE DETECTED,No,Suspected Minor Injury,NOT DISTRACTED,PA,Passenger Car,40,2007.0,Honda,ACCORD,17,Friday,7
MCP3093005Q,240045778,MONTGOMERY,Property Damage Crash,2024-09-25 15:11:00,County Route,MANOR RD,Unknown,Other,Rain,Wet,Daylight,No Controls,"Not Suspect of Alcohol Use, Not Suspect of Drug Use",No,No Apparent Injury,Unknown,MD,Passenger Car,30,2017.0,Toyota,COROLLA,15,Wednesday,9
MCP24200017,16003878,Montgomery County Police,Property Damage Crash,2016-01-21 18:28:00,Maryland (State),OLNEY LAYTONSVILLE RD,QUEEN ELIZABETH DR,SAME DIR REAR END,CLOUDY,DRY,DARK LIGHTS ON,NO CONTROLS,NONE DETECTED,Yes,No Apparent Injury,ADJUSTING AUDIO AND OR CLIMATE CONTROLS,MD,(Sport) Utility Vehicle,40,2005.0,Toyt,TK,18,Thursday,1
MCP27850013,16000239,Montgomery County Police,Property Damage Crash,2016-01-02 11:49:00,Other Public Roadway,TECH RD,OLD COLUMBIA PIKE,STRAIGHT MOVEMENT ANGLE,CLEAR,DRY,DAYLIGHT,STOP SIGN,Unknown,No,No Apparent Injury,NOT DISTRACTED,DC,(Sport) Utility Vehicle,30,2015.0,Kia,SOUL,11,Saturday,1
MCP3074006Q,250040580,MONTGOMERY,Injury Crash,2025-09-09 21:17:00,County Route,FOREST GLEN RD (WB/L),FOREST GLEN RD (WB/L) GEORGIA AVE,Front to Front,Clear,Dry,Dark - Lighted,Traffic Control Signal,"Not Suspect of Alcohol Use, Not Suspect of Drug Use",Yes,No Apparent Injury,Not Distracted,VA,Passenger Car,30,2017.0,Toyota,COROLLA,21,Tuesday,9
MCP2867004Z,170544954,Montgomery County Police,Property Damage Crash,2017-11-26 09:09:00,Maryland (State),NEW HAMPSHIRE AVE,DILSTON RD,SAME DIR REAR END,CLEAR,DRY,DAYLIGHT,TRAFFIC SIGNAL,NONE DETECTED,Yes,No Apparent Injury,UNKNOWN,MD,Passenger Car,40,2011.0,Hyundai,ELANTRA,9,Sunday,11
EJ7876002D,200023646,Gaithersburg Police Depar,Property Damage Crash,2020-06-16 18:10:00,Maryland (State),WOODFIELD RD,EMORY GROVE RD,STRAIGHT MOVEMENT ANGLE,CLEAR,DRY,DAYLIGHT,TRAFFIC SIGNAL,NONE DETECTED,Yes,No Apparent Injury,INATTENTIVE OR LOST IN THOUGHT,MD,Passenger Car,40,2010.0,Toyota,TACOMA,18,Tuesday,6
MCP3019000V,170506557,Montgomery County Police,Injury Crash,2017-05-08 11:09:00,Maryland (State),ROCKVILLE PIKE,BELLEVUE DR,HEAD ON LEFT TURN,CLEAR,DRY,DAYLIGHT,TRAFFIC SIGNAL,NONE DETECTED,No,No Apparent Injury,NOT DISTRACTED,WA,Passenger Car,45,2006.0,Toyota,SIENNA,11,Monday,5
MCP26080043,220029165,Montgomery County Police,Property Damage Crash,2022-07-07 16:00:00,County,NEW HAMPSHIRE AVE SERV RD,FOX ST,SAME DIR REAR END,CLEAR,DRY,DAYLIGHT,NO CONTROLS,Unknown,No,No Apparent Injury,NOT DISTRACTED,MD,Passenger Car,30,2019.0,Toyota,UT,16,Thursday,7
MCP28180025,16047254,Montgomery County Police,Property Damage Crash,2016-09-14 22:45:00,County,DALE DR,FLEETWOOD ST,SAME DIR REAR END,CLEAR,DRY,DARK LIGHTS ON,Unknown,ALCOHOL PRESENT,Yes,No Apparent Injury,UNKNOWN,TX,Passenger Car,25,2013.0,Ford,MUSTANG,22,Wednesday,9
MCP2347002F,190055792,Montgomery County Police,Injury Crash,2019-11-19 09:05:00,US (State),COLUMBIA PIKE,CHERRY HILL RD,SAME DIR REAR END,CLEAR,DRY,DAYLIGHT,NO CONTROLS,NONE DETECTED,No,No Apparent Injury,NOT DISTRACTED,MD,Passenger Car,40,2019.0,Honda,INSIGHT,9,Tuesday,11
DD5610007H,220057817,Rockville Police Departme,Property Damage Crash,2022-12-30 09:17:00,Unknown,UPPER ROCK CR,CHOKE CHERRY RD,SAME DIR REAR END,CLEAR,DRY,DAYLIGHT,NO CONTROLS,Unknown,Yes,No Apparent Injury,UNKNOWN,VA,Passenger Car,15,2010.0,Toyota,PRIUS,9,Friday,12
MCP2776003Y,220037925,Montgomery County Police,Property Damage Crash,2022-09-01 16:05:00,County,BONIFANT RD,ALDERTON RD,HEAD ON LEFT TURN,CLEAR,DRY,DAYLIGHT,NO CONTROLS,NONE DETECTED,No,No Apparent Injury,NOT DISTRACTED,MD,Passenger Car,35,2017.0,Toyota,CAMRY,16,Thursday,9
MCP2046004B,15051699,MONTGOMERY,Injury Crash,2015-10-12 12:27:00,County,BROADBIRCH DR,BOURNEFIELD WAY,SAME DIR REAR END,CLEAR,DRY,DAYLIGHT,STOP SIGN,NONE DETECTED,Yes,No Apparent Injury,NOT DISTRACTED,MD,Passenger Car,35,2004.0,Hond,ACCORD,12,Monday,10
MCP28910085,190032872,Montgomery County Police,Injury Crash,2019-07-11 07:44:00,Maryland (State),FOREST GLEN RD,DARCY FOREST DR,STRAIGHT MOVEMENT ANGLE,CLEAR,DRY,DAYLIGHT,STOP SIGN,NONE DETECTED,Yes,No Apparent Injury,LOOKED BUT DID NOT SEE,MD,Passenger Car,35,2018.0,Mazda,CX-5,7,Thursday,7
MCP3224000Y,210010430,Montgomery County Police,Injury Crash,2021-03-19 22:03:00,Maryland (State),COLESVILLE RD,GEORGIA AVE,STRAIGHT MOVEMENT ANGLE,CLEAR,DRY,DARK LIGHTS ON,TRAFFIC SIGNAL,NONE DETECTED,No,No Apparent Injury,NOT DISTRACTED,MD,Passenger Car,35,2019.0,Toyota,CAMRY,22,Friday,3
MCP2813004X,180024501,Montgomery County Police,Property Damage Crash,2018-05-18 21:30:00,Maryland (State),GEORGIA AVE,REEDIE DR,ANGLE MEETS LEFT TURN,RAINING,WET,DARK LIGHTS ON,TRAFFIC SIGNAL,ALCOHOL PRESENT,Yes,No Apparent Injury,LOOKED BUT DID NOT SEE,MD,Passenger Car,35,2013.0,Nissan,ALTIMA,21,Friday,5
DM8458000C,170500316,Takoma Park Police Depart,Injury Crash,2017-04-04 09:53:00,Maryland (State),PINEY BRANCH RD,IN CORP LMTS TAKOMA PARK,SAME DIR REAR END,CLEAR,WET,DAYLIGHT,NO CONTROLS,Unknown,No,Possible Injury,NOT DISTRACTED,MD,Other,30,2016.0,Dodge,GRAND CARAVAN,9,Tuesday,4
MCP0036005Z,17013318,Montgomery County Police,Injury Crash,2017-03-15 08:27:00,Maryland (State),WOODFIELD RD,BRINK RD,SAME DIR REAR END,Unknown,DRY,DAYLIGHT,NO CONTROLS,NONE DETECTED,Yes,Possible Injury,NOT DISTRACTED,MD,Passenger Car,40,2016.0,Jeep,TK,8,Wednesday,3
MCP29170089,210034446,Montgomery County Police,Property Damage Crash,2021-09-02 18:01:00,Unknown,WEEPING WILLOW COURT,PEAR TREE LANE,OTHER,CLEAR,DRY,DAYLIGHT,NO CONTROLS,NONE DETECTED,Yes,No Apparent Injury,NOT DISTRACTED,MD,Fire Vehicle/Non Emergency,15,2000.0,E-One,TOWER,18,Thursday,9
EJ78950063,240036829,GAITHERSBURG,Injury Crash,2024-08-05 07:05:00,County Route,MUDDY BRANCH RD (SB/L),SUFFIELD DR,Front to Front,Clear,Dry,Daylight,No Controls,"Not Suspect of Alcohol Use, Not Suspect of Drug Use",No,No Apparent Injury,Unknown,MD,Sport Utility Vehicle,35,2003.0,Lexus,RX,7,Monday,8
MCP3031002B,180018731,Montgomery County Police,Injury Crash,2018-04-17 14:45:00,Maryland (State),OLNEY SANDY SPRING RD,SHERWOOD HIGH SCHOOL,SAME DIR REAR END,CLEAR,DRY,DAYLIGHT,TRAFFIC SIGNAL,NONE DETECTED,No,Possible Injury,NOT DISTRACTED,MD,Passenger Car,30,2005.0,Toyt,4S,14,Tuesday,4
MCP2986001W,170516536,Montgomery County Police,Injury Crash,2017-06-29 23:55:00,Maryland (State),NEW HAMPSHIRE AVE,ADELPHI RD,SAME DIR REND LEFT TURN,Unknown,DRY,DARK LIGHTS ON,TRAFFIC SIGNAL,NONE DETECTED,No,Possible Injury,NOT DISTRACTED,WA,Passenger Car,40,2014.0,Ford,ESCAPE,23,Thursday,6
MCP3352000P,230027779,Montgomery County Police,Property Damage Crash,2023-06-09 15:12:00,County,EPSILON DR,SHADY GROVE RD,STRAIGHT MOVEMENT ANGLE,CLEAR,DRY,DAYLIGHT,TRAFFIC SIGNAL,NONE DETECTED,No,No Apparent Injury,NOT DISTRACTED,MD,Passenger Car,45,2019.0,Honda,CIVIC,15,Friday,6
DM8340000C,17000857,Takoma Park Police Depart,Property Damage Crash,2017-01-05 19:16:00,Municipality,ASPEN AVE,SLIGO CREEK PKWY,SAME DIR REND RIGHT TURN,Unknown,DRY,DARK LIGHTS ON,Unknown,NONE DETECTED,Yes,No Apparent Injury,OTHER DISTRACTION,MD,Police Vehicle/Non Emergency,15,2013.0,Ford,EXPLORER,19,Thursday,1
MCP2394001X,16002879,Montgomery County Police,Property Damage Crash,2016-01-15 20:52:00,County,E GUDE DR,CECIL ST,SAME DIR REAR END,RAINING,WET,DARK LIGHTS ON,TRAFFIC SIGNAL,NONE DETECTED,Yes,No Apparent Injury,DISTRACTED BY OUTSIDE PERSON OBJECT OR EVENT,MD,Passenger Car,40,1998.0,Toyt,CAMRY,20,Friday,1
MCP32130019,210052422,Montgomery County Police,Injury Crash,2021-12-23 23:50:00,Maryland (State),SPENCERVILLE RD,SANTINI RD,SINGLE VEHICLE,Unknown,DRY,DARK LIGHTS ON,NO CONTROLS,ALCOHOL PRESENT,Yes,Suspected Minor Injury,UNKNOWN,Unknown,Police Vehicle/Emergency,40,2003.0,Chev,AVALANCHE,23,Thursday,12
MCP27650061,220041585,Montgomery County Police,Property Damage Crash,2022-09-24 01:50:00,US (State),COLESVILLE RD,UNIVERSITY BLVD E,STRAIGHT MOVEMENT ANGLE,CLEAR,DRY,DARK LIGHTS ON,TRAFFIC SIGNAL,NONE DETECTED,No,No Apparent Injury,NOT DISTRACTED,MD,Passenger Car,40,2017.0,Hyun,ACCENT,1,Saturday,9
MCP2820001Q,15054000,MONTGOMERY,Property Damage Crash,2015-10-24 10:51:00,Unknown,Unknown,Unknown,OTHER,Unknown,Unknown,DAYLIGHT,NO CONTROLS,UNKNOWN,Yes,No Apparent Injury,UNKNOWN,MD,Passenger Car,15,2001.0,Dodge,VAN,10,Saturday,10
MCP2274000K,15059674,MONTGOMERY,Property Damage Crash,2015-11-22 10:51:00,Municipality,GIRARD ST,VICTORY FARM DR,SINGLE VEHICLE,Unknown,DRY,DAYLIGHT,Unknown,NONE DETECTED,Yes,No Apparent Injury,NOT DISTRACTED,MD,Passenger Car,25,2016.0,Toyota,CAMRY,10,Sunday,11
HA2368000B,16000959,Maryland-National Capital,Property Damage Crash,2016-07-29 13:20:00,County,CAMERON ST,GEORGIA AVE,OTHER,CLEAR,DRY,DAYLIGHT,TRAFFIC SIGNAL,NONE DETECTED,Yes,No Apparent Injury,NOT DISTRACTED,PA,Passenger Car,25,2005.0,Buick,LACROSSE,13,Friday,7
MCP28920021,17003336,Montgomery County Police,Property Damage Crash,2017-01-19 17:22:00,County,FLOWER AVE,E SCHUYLER RD,SAME DIR REAR END,CLEAR,DRY,DARK LIGHTS ON,NO CONTROLS,NONE DETECTED,No,No Apparent Injury,NOT DISTRACTED,NC,Passenger Car,25,2011.0,Nissan,ROGUE,17,Thursday,1
MCP28690026,170517715,Montgomery County Police,Property Damage Crash,2017-07-07 21:25:00,County,BEL PRE RD,GRAND PRE RD,STRAIGHT MOVEMENT ANGLE,RAINING,WET,DARK LIGHTS ON,NO CONTROLS,NONE DETECTED,Yes,No Apparent Injury,NOT DISTRACTED,MD,Pickup Truck,35,2012.0,Ford,TRUCK,21,Friday,7
MCP22030089,240014581,MONTGOMERY,Property Damage Crash,2024-03-28 01:00:00,County Route,KEMP MILL RD,Unknown,Single Vehicle,Unknown,Unknown,Dark - Unknown Lighting,No Controls,"Unknown, Unknown",Yes,No Apparent Injury,Unknown,MD,Sport Utility Vehicle,35,2019.0,Toyota,RAV4,1,Thursday,3
MCP15750039,15059806,MONTGOMERY,Injury Crash,2015-11-23 08:43:00,Maryland (State),NORBECK RD,AVERY RD,SAME DIR REAR END,CLEAR,DRY,DAYLIGHT,NO CONTROLS,NONE DETECTED,Yes,No Apparent Injury,NOT DISTRACTED,MD,(Sport) Utility Vehicle,45,2002.0,Ford,EXPLORER,8,Monday,11
MCP263900BC,200050453,Montgomery County Police,Property Damage Crash,2020-12-23 09:48:00,Unknown,Unknown,Unknown,OPPOSITE DIRECTION SIDESWIPE,CLEAR,Unknown,DAYLIGHT,NO CONTROLS,NONE DETECTED,Yes,No Apparent Injury,LOOKED BUT DID NOT SEE,MD,Van,15,2014.0,Dodge,SPRINTER,9,Wednesday,12