Report Number,Local Case Number,Agency Name,ACRS Report Type,Crash Date/Time,Route Type,Road Name,Cross-Street Name,Collision Type,Weather,Surface Condition,Light,Traffic Control,Driver Substance Abuse,Driver At Fault,Injury Severity,Driver Distracted By,Drivers License State,Vehicle Body Type,Speed Limit,Vehicle Year,Vehicle Make,Vehicle Model,Crash Hour,Crash Day,Crash Month
MCP14000019,220023714,Montgomery County Police,Property Damage Crash,2022-06-03 00:41:00,Maryland (State),GEORGIA AVE,MORNINGWOOD DR,STRAIGHT MOVEMENT ANGLE,CLEAR,DRY,DARK LIGHTS ON,FLASHING TRAFFIC SIGNAL,NONE DETECTED,No,No Apparent Injury,NOT DISTRACTED,MD,Passenger Car,30,2020.0,Hyundai,TUSCON,0,Friday,6
MCP2934004G,220008536,Montgomery County Police,Property Damage Crash,2022-02-27 16:25:00,County,DEMOCRACY BLVD,WESTLAKE DR,SAME DIRECTION SIDESWIPE,CLEAR,DRY,DAYLIGHT,TRAFFIC SIGNAL,NONE DETECTED,No,No Apparent Injury,NOT DISTRACTED,MD,Passenger Car,35,2002.0,Mercedes,SL500,16,Sunday,2
MCP3294000V,220031346,Montgomery County Police,Property Damage Crash,2022-07-21 02:10:00,County,GREAT SENECA HWY,GREAT SENECA HWY (AHEAD),SINGLE VEHICLE,Unknown,WET,DARK LIGHTS ON,Unknown,NONE DETECTED,Yes,No Apparent Injury,LOOKED BUT DID NOT SEE,MD,Passenger Car,50,2009.0,Toyota,CAMRY,2,Thursday,7
MCP29070029,200029778,Montgomery County Police,Property Damage Crash,2020-07-31 22:19:00,Maryland (State),OLD GEORGETOWN RD,WILSON LA,OTHER,RAINING,WET,DARK LIGHTS ON,TRAFFIC SIGNAL,NONE DETECTED,No,No Apparent Injury,NOT DISTRACTED,VA,Passenger Car,25,2017.0,Volkswagen,JETTA,22,Friday,7
MCP2785000T,15053179,MONTGOMERY,Property Damage Crash,2015-10-20 11:00:00,Unknown,Unknown,Unknown,ANGLE MEETS LEFT TURN,CLEAR,Unknown,DAYLIGHT,NO CONTROLS,Unknown,Yes,No Apparent Injury,LOOKED BUT DID NOT SEE,MD,Passenger Car,5,2005.0,Toyota,4RUNNER,11,Tuesday,10
MCP32150018,200033587,Montgomery County Police,Property Damage Crash,2020-08-27 22:29:00,Maryland (State),ROCKVILLE PIKE,TUCKERMAN LA,SAME DIR REAR END,CLEAR,DRY,DARK LIGHTS ON,TRAFFIC SIGNAL,ALCOHOL PRESENT,Yes,No Apparent Injury,NOT DISTRACTED,MD,Passenger Car,45,2018.0,Hond,2S,22,Thursday,8
MCP2962005H,210005458,Montgomery County Police,Property Damage Crash,2021-02-11 14:12:00,Maryland (State),GERMANTOWN RD,RICHTER FARM RD,STRAIGHT MOVEMENT ANGLE,CLOUDY,WET,DAYLIGHT,TRAFFIC SIGNAL,NONE DETECTED,Yes,No Apparent Injury,INATTENTIVE OR LOST IN THOUGHT,MD,Pickup Truck,40,2019.0,Hond,TK,14,Thursday,2
MCP25160038,210004737,Montgomery County Police,Injury Crash,2021-02-06 10:55:00,Maryland (State),DAMASCUS RD,JARL DR,SINGLE VEHICLE,CLEAR,DRY,DAYLIGHT,NO CONTROLS,MEDICATION PRESENT,Yes,Suspected Minor Injury,INATTENTIVE OR LOST IN THOUGHT,MD,Pickup Truck,45,2006.0,Chev,TK,10,Saturday,2
MCP26170028,16036416,Montgomery County Police,Property Damage Crash,2016-07-18 18:41:00,County,RIVER TRAIL CT,CUL DE SAC,OTHER,CLEAR,WET,DAYLIGHT,NO CONTROLS,NONE DETECTED,Yes,No Apparent Injury,UNKNOWN,MD,(Sport) Utility Vehicle,25,2006.0,Honda,PILOT,18,Monday,7
MCP3065002G,190002214,Montgomery County Police,Property Damage Crash,2019-01-15 05:45:00,County,RUPPERT RD,LILAC PL,OPPOSITE DIR BOTH LEFT TURN,SNOW,ICE,DARK LIGHTS ON,Unknown,NONE DETECTED,Yes,No Apparent Injury,LOOKED BUT DID NOT SEE,MD,"Medium/Heavy Trucks 3 Axles (Over 10,000Lbs (4,536Kg))",25,2017.0,Mack,TK,5,Tuesday,1
MCP2203001G,16056486,Montgomery County Police,Property Damage Crash,2016-11-02 12:27:00,Maryland (State),VEIRS MILL RD,CLARIDGE RD,SAME DIR REAR END,CLEAR,DRY,DAYLIGHT,Unknown,NONE DETECTED,No,No Apparent Injury,NOT DISTRACTED,MD,Passenger Car,40,2003.0,Hond,CIVIC,12,Wednesday,11
MCP26670094,240020102,MONTGOMERY,Property Damage Crash,2024-04-30 08:00:00,County Route,MONTGOMERY VILLAGE AVE,LAKE SHORE DR (WB/L),Single Vehicle,Clear,Dry,Daylight,Pedestrian Crossing Sign,"Not Suspect of Alcohol Use, Not Suspect of Drug Use",Yes,No Apparent Injury,Unknown,MD,Passenger Car,35,2018.0,Nissan,ALTIMA,8,Tuesday,4
MCP2953000Z,16014857,MONTGOMERY,Property Damage Crash,2016-03-26 12:06:00,Maryland (State),GEORGIA AVE,INTERNATIONAL DR,SAME DIR REAR END,CLEAR,DRY,DAYLIGHT,TRAFFIC SIGNAL,NONE DETECTED,Yes,No Apparent Injury,UNKNOWN,MD,Passenger Car,40,2006.0,Toyt,2S,12,Saturday,3
DD56100076,220012660,Rockville Police Departme,Injury Crash,2022-03-24 11:29:00,Other Public Roadway,CRESTFIELD DR,KING FARM BLVD,STRAIGHT MOVEMENT ANGLE,CLOUDY,DRY,DAYLIGHT,YIELD SIGN,Unknown,No,Possible Injury,NOT DISTRACTED,MD,Passenger Car,25,2017.0,Toyota,4DR,11,Thursday,3
MCP2966003L,170548587,Montgomery County Police,Property Damage Crash,2017-12-14 16:00:00,County,ASPEN HILL RD,CONNECTICUT AVE,SAME DIRECTION SIDESWIPE,CLEAR,DRY,DAYLIGHT,NO CONTROLS,Unknown,Unknown,No Apparent Injury,NOT DISTRACTED,MD,Passenger Car,25,2009.0,Chev,TK,16,Thursday,12
MCP27840020,15057603,MONTGOMERY,Injury Crash,2015-11-11 18:15:00,County,NORBECK RD,FIRESTONE DR,OTHER,CLEAR,DRY,DARK NO LIGHTS,NO CONTROLS,NONE DETECTED,Yes,No Apparent Injury,UNKNOWN,MD,Passenger Car,40,1999.0,Ford,E250,18,Wednesday,11
MCP2107000N,16006728,Montgomery County Police,Property Damage Crash,2016-02-08 12:00:00,Unknown,Unknown,Unknown,SAME DIRECTION SIDESWIPE,CLEAR,Unknown,DAYLIGHT,OTHER,UNKNOWN,Yes,No Apparent Injury,NOT DISTRACTED,MD,(Sport) Utility Vehicle,10,2010.0,Bmw,X5,12,Monday,2
MCP30940007,180008573,Montgomery County Police,Property Damage Crash,2018-02-26 02:05:00,County,SAM EIG HWY,FIELDS RD,SAME DIR REAR END,CLEAR,DRY,DARK LIGHTS ON,TRAFFIC SIGNAL,NONE DETECTED,No,No Apparent Injury,NOT DISTRACTED,MD,Passenger Car,50,2012.0,Nissan,ALTIMA,2,Monday,2
DM85030003,210021416,Takoma Park Police Depart,Property Damage Crash,2021-06-05 21:39:00,Maryland (State),PINEY BRANCH RD,PHILADELPHIA AVE,SAME DIR REAR END,CLEAR,DRY,DARK LIGHTS ON,Unknown,ALCOHOL PRESENT,Yes,No Apparent Injury,UNKNOWN,DC,Passenger Car,40,2006.0,Saturn,4S,21,Saturday,6
MCP2358000M,15000225,Montgomery County Police,Property Damage Crash,2015-01-02 09:07:00,Maryland (State),WISCONSIN AVE,SOMERSET TERRACE,OTHER,CLEAR,DRY,DAYLIGHT,NO CONTROLS,UNKNOWN,Yes,No Apparent Injury,UNKNOWN,MD,Passenger Car,35,2014.0,Isuzu,BOX TRUCK,9,Friday,1
MCP2953000J,15044571,MONTGOMERY,Property Damage Crash,2015-09-04 13:16:00,County,ASPEN HILL RD,CONNECTICUT AVE,SAME DIRECTION SIDESWIPE,CLEAR,DRY,DAYLIGHT,OTHER,NONE DETECTED,Yes,No Apparent Injury,NOT DISTRACTED,MD,Pickup Truck,25,2005.0,Dodg,DAKOTA,13,Friday,9
MCP28180021,16038763,Montgomery County Police,Property Damage Crash,2016-07-31 17:51:00,County,FENTON ST,WAYNE AVE,OTHER,Unknown,DRY,DAYLIGHT,NO CONTROLS,NONE DETECTED,Yes,No Apparent Injury,LOOKED BUT DID NOT SEE,MD,(Sport) Utility Vehicle,30,2004.0,Acura,MDX,17,Sunday,7
MCP3145002V,200047841,Montgomery County Police,Injury Crash,2020-12-04 17:30:00,Maryland (State),NEW HAMPSHIRE AVE,ORCHARD WAY,SAME DIR REAR END,CLEAR,WET,DARK LIGHTS ON,NO CONTROLS,NONE DETECTED,No,Suspected Minor Injury,NOT DISTRACTED,MD,Passenger Car,40,2011.0,Kia,SPORTAGE,17,Friday,12
EJ78850042,240003563,GAITHERSBURG,Injury Crash,2024-01-23 15:34:00,Maryland (State) Route,FREDERICK RD,Unknown,"Sideswipe, Same Direction",Clear,Dry,Daylight,No Controls,"Not Suspect of Alcohol Use, Not Suspect of Drug Use",Yes,No Apparent Injury,Not Distracted,NH,Snowmobile,30,2007.0,Nissan,QUEST,15,Tuesday,1
EJ7860001V,190000700,Gaithersburg Police Depar,Property Damage Crash,2019-01-04 20:25:00,Maryland (State),S FREDERICK RD,CENTRAL AVE,STRAIGHT MOVEMENT ANGLE,RAINING,WET,DARK LIGHTS ON,STOP SIGN,NONE DETECTED,Yes,No Apparent Injury,NOT DISTRACTED,MD,Passenger Car,35,2004.0,Lexs,ES 330,20,Friday,1
MCP2564000Q,15061022,MONTGOMERY,Property Damage Crash,2015-11-29 20:55:00,County,BRINK RD,WIGHTMAN RD,SINGLE VEHICLE,CLEAR,WET,DARK NO LIGHTS,NO CONTROLS,NONE DETECTED,Yes,No Apparent Injury,NOT DISTRACTED,MD,Passenger Car,35,1992.0,Geo,METRO,20,Sunday,11
MCP3445000M,250029364,MONTGOMERY,Property Damage Crash,2025-07-02 08:58:00,Maryland (State) Route,ROCKVILLE PIKE (SB/L),ALTA VISTA RD,"Sideswipe, Same Direction",Cloudy,Wet,Daylight,Traffic Control Signal,"Not Suspect of Alcohol Use, Not Suspect of Drug Use",No,No Apparent Injury,Not Distracted,XX,Passenger Car,35,2014.0,Hyundai,ELANTRA,8,Wednesday,7
MCP3155000S,190000417,Montgomery County Police,Property Damage Crash,2018-11-16 12:00:00,Unknown,Unknown,Unknown,SAME DIR REAR END,CLEAR,Unknown,DAYLIGHT,NO CONTROLS,NONE DETECTED,No,No Apparent Injury,NOT DISTRACTED,MD,Passenger Car,5,2007.0,Ford,F-150,12,Friday,11
MCP2897001X,200010801,Montgomery County Police,Property Damage Crash,2020-03-04 16:11:00,Unknown,Unknown,Unknown,OTHER,CLEAR,Unknown,DAYLIGHT,Unknown,ALCOHOL PRESENT,Yes,No Apparent Injury,NOT DISTRACTED,MD,Passenger Car,25,2014.0,Toyota,SIENNA,16,Wednesday,3
MCP2601000F,17002068,Montgomery County Police,Property Damage Crash,2017-01-12 18:19:00,Maryland (State),UNIVERSITY BLVD W,LORAIN AVE,SAME DIR REAR END,CLEAR,DRY,DARK LIGHTS ON,NO CONTROLS,NONE DETECTED,No,No Apparent Injury,NOT DISTRACTED,MD,Passenger Car,35,2016.0,Hyundai,ELANTRA,18,Thursday,1
MCP31340026,190049748,Montgomery County Police,Injury Crash,2019-10-17 08:41:00,Maryland (State),NEW HAMPSHIRE AVE,LOCKWOOD DR,SAME DIR REAR END,CLEAR,DRY,DAYLIGHT,NO CONTROLS,Unknown,No,No Apparent Injury,NOT DISTRACTED,MD,(Sport) Utility Vehicle,45,2017.0,Jeep,TK,8,Thursday,10
MCP34020042,250034254,MONTGOMERY,Injury Crash,2025-08-01 12:30:00,County Route,SERPENTINE WAY,Unknown,Single Vehicle,Clear,Dry,Daylight,No Controls,"Not Suspect of Alcohol Use, Not Suspect of Drug Use",No,Possible Injury,Not Distracted,MD,Passenger Car,25,2018.0,Chevrolet,EQUINOX,12,Friday,8
MCP1595002K,240014389,MONTGOMERY,Property Damage Crash,2024-03-27 01:51:00,Maryland (State) Route,UNIVERSITY BLVD W (WB/L),VEIRS MILL RD,Angle,Clear,Dry,Dark - Lighted,Traffic Control Signal,"Not Suspect of Alcohol Use, Not Suspect of Drug Use",Yes,No Apparent Injury,Unknown,MD,Passenger Car,30,2019.0,Toyota,C-HR,1,Wednesday,3
DD5567002T,240008267,ROCKVILLE,Property Damage Crash,2024-02-20 09:32:00,Maryland (State) Route,FIRST ST (WB/L),Unknown,Front to Rear,Clear,Dry,Daylight,No Controls,"Not Suspect of Alcohol Use, Not Suspect of Drug Use",Yes,No Apparent Injury,Not Distracted,MD,Passenger Car,40,2017.0,Hyundai,ELANTRA,9,Tuesday,2
MCP3000000C,16001351,Montgomery County Police,Injury Crash,2016-01-08 11:49:00,Maryland (State),FREDERICK RD,MIDDLEBROOK RD,SAME DIR REAR END,RAINING,WET,DAYLIGHT,TRAFFIC SIGNAL,NONE DETECTED,No,Suspected Minor Injury,NOT DISTRACTED,MD,Passenger Car,40,2006.0,Toyt,COROLLA 4S,11,Friday,1
MCP3123003L,220011081,Montgomery County Police,Injury Crash,2022-03-15 08:15:00,Maryland (State),DARNESTOWN RD,BERRYVILLE RD,HEAD ON LEFT TURN,CLEAR,DRY,DAYLIGHT,NO CONTROLS,Unknown,No,Possible Injury,NOT DISTRACTED,MD,Passenger Car,50,2017.0,Maserati,SQ4,8,Tuesday,3
MCP33780018,240052760,MONTGOMERY,Injury Crash,2024-11-03 05:00:00,County Route,BEL PRE RD,Unknown,Front to Rear,Clear,Dry,Dark - Lighted,No Controls,"Unknown, Unknown",No,Unknown,Unknown,Unknown,Passenger Car,25,2001.0,Toyota,CAMRY,5,Sunday,11
MCP1283000Q,16053014,Montgomery County Police,Property Damage Crash,2016-10-15 09:55:00,Interstate (State),EISENHOWER MEMORIAL HWY,COMUS RD,SAME DIRECTION SIDESWIPE,CLEAR,DRY,DAYLIGHT,Unknown,NONE DETECTED,No,No Apparent Injury,NOT DISTRACTED,MD,Passenger Car,55,2014.0,Mazda,4S,9,Saturday,10
MCP2102000F,16062739,Montgomery County Police,Property Damage Crash,2016-12-07 07:59:00,Maryland (State),VEIRS MILL RD,CLARIDGE RD,SAME DIR REAR END,CLOUDY,WET,DAYLIGHT,Unknown,NONE DETECTED,No,No Apparent Injury,NOT DISTRACTED,MD,Van,40,2014.0,Dodge,GR. CARAVAN,7,Wednesday,12
MCP2760005P,240035338,MONTGOMERY,Property Damage Crash,2024-07-26 17:27:00,County Route,Unknown,Unknown,Front to Rear,Clear,Dry,Daylight,No Controls,"Not Suspect of Alcohol Use, Not Suspect of Drug Use",No,No Apparent Injury,Not Distracted,MD,Passenger Car,35,2022.0,Honda,CIVIC,17,Friday,7
MCP3063002D,200014324,Montgomery County Police,Property Damage Crash,2020-03-28 17:48:00,County,FAIRLAND RD,COLUMBIA PIKE,SINGLE VEHICLE,RAINING,WET,DAYLIGHT,TRAFFIC SIGNAL,NONE DETECTED,Yes,No Apparent Injury,NOT DISTRACTED,MD,Passenger Car,40,2016.0,Merz,C300,17,Saturday,3
MCP28290036,170511677,Montgomery County Police,Property Damage Crash,2017-06-04 01:59:00,Interstate (State),CAPITAL BELTWAY,RAMP 1 FR MD 97 NB TO IS 495 WB,SINGLE VEHICLE,CLEAR,DRY,DARK LIGHTS ON,NO CONTROLS,ALCOHOL PRESENT,Yes,No Apparent Injury,NOT DISTRACTED,MD,Passenger Car,25,2015.0,Hyundai,SONATA,1,Sunday,6
MCP2708003W,180061926,Montgomery County Police,Property Damage Crash,2018-12-11 18:06:00,County,CARROLL AVE,UNIVERSITY BLVD E SERV RD,SAME DIR REAR END,Unknown,DRY,DARK LIGHTS ON,NO CONTROLS,UNKNOWN,Yes,No Apparent Injury,UNKNOWN,Unknown,(Sport) Utility Vehicle,30,2016.0,Honda,PILOT,18,Tuesday,12
MCP31150011,180024173,Montgomery County Police,Property Damage Crash,2018-05-17 08:00:00,Maryland (State),GEORGIA AVE,LOCUST GROVE RD,SAME DIR REAR END,RAINING,WET,DAYLIGHT,Unknown,Unknown,Yes,No Apparent Injury,LOOKED BUT DID NOT SEE,MD,Passenger Car,35,2006.0,Kia,RIO,8,Thursday,5
MCP2254000B,15048238,MONTGOMERY,Property Damage Crash,2015-09-23 13:00:00,Maryland (State),FREDERICK RD,WEST OLD BALTIMORE RD,STRAIGHT MOVEMENT ANGLE,Unknown,DRY,DAYLIGHT,NO CONTROLS,NONE DETECTED,Yes,No Apparent Injury,NOT DISTRACTED,MD,"Other Light Trucks (10,000Lbs (4,536Kg) Or Less)",40,2009.0,Mazd,4S,13,Wednesday,9
MCP30210072,230068909,Montgomery County Police,Property Damage Crash,2023-11-29 12:35:00,County,CHERRY HILL RD,BROADBIRCH DR,SAME DIR REAR END,CLEAR,Unknown,DAYLIGHT,NO CONTROLS,NONE DETECTED,Yes,No Apparent Injury,INATTENTIVE OR LOST IN THOUGHT,MD,Van,35,2013.0,Niss,CG,12,Wednesday,11
MCP01130017,17010639,Montgomery County Police,Injury Crash,2017-02-28 08:05:00,Maryland (State),ROCKVILLE PIKE,TUCKERMAN LA,SAME DIR REAR END,CLEAR,DRY,DAYLIGHT,NO CONTROLS,NONE DETECTED,No,No Apparent Injury,NOT DISTRACTED,MD,Passenger Car,0,2016.0,Chev,TK,8,Tuesday,2
MCP31600022,190042624,Montgomery County Police,Property Damage Crash,2019-09-06 19:00:00,Ramp,RAMP 6 FR CLARA BARTON PKWY TO IS 495 SB,CLARA BARTON PKWY,SAME DIRECTION SIDESWIPE,CLEAR,DRY,DAYLIGHT,NO CONTROLS,Unknown,Yes,No Apparent Injury,LOOKED BUT DID NOT SEE,VA,Passenger Car,65,2018.0,Subaru,4D,19,Friday,9
MCP3282000S,210034329,Montgomery County Police,Injury Crash,2021-09-02 05:26:00,Maryland (State),GERMANTOWN RD,CRYSTAL ROCK DR,ANGLE MEETS LEFT TURN,CLEAR,DRY,DARK LIGHTS ON,FLASHING TRAFFIC SIGNAL,NONE DETECTED,Yes,No Apparent Injury,LOOKED BUT DID NOT SEE,MD,Passenger Car,40,2018.0,Merz,GLC 350,5,Thursday,9
MCP3395002C,240049627,MONTGOMERY,Property Damage Crash,2024-10-17 09:50:00,Ramp,RAMP 1 FR MD 355 NB TO IS 495 WB,Unknown,Front to Rear,Clear,Dry,Daylight,No Controls,"Not Suspect of Alcohol Use, Not Suspect of Drug Use",Yes,No Apparent Injury,Not Distracted,MD,Van - Passenger (&Lt;9 Seats),55,2020.0,Chevrolet,EXPRESS,9,Thursday,10
MCP2552001W,170509073,Montgomery County Police,Property Damage Crash,2017-05-12 12:00:00,Unknown,Unknown,Unknown,HEAD ON,Unknown,Unknown,DAYLIGHT,Unknown,Unknown,Yes,No Apparent Injury,UNKNOWN,MD,Passenger Car,5,2003.0,Acura,4D,12,Friday,5
MCP27710019,220034993,Montgomery County Police,Injury Crash,2022-08-14 08:25:00,Maryland (State),GEORGIA AVE,NORBECK RD,STRAIGHT MOVEMENT ANGLE,CLEAR,DRY,DAYLIGHT,TRAFFIC SIGNAL,Unknown,Yes,Suspected Minor Injury,OTHER DISTRACTION,MD,Passenger Car,45,2017.0,Lincoln,4S,8,Sunday,8
MCP3040004H,200009968,Montgomery County Police,Injury Crash,2020-02-28 18:00:00,County,QUEEN ELIZABETH DR,GEORGIA AVE,STRAIGHT MOVEMENT ANGLE,CLEAR,DRY,DARK NO LIGHTS,TRAFFIC SIGNAL,Unknown,No,No Apparent Injury,NOT DISTRACTED,MD,Passenger Car,30,2019.0,Pierce,ENFORCER,18,Friday,2
MCP28130085,200008791,Montgomery County Police,Property Damage Crash,2020-02-21 21:00:00,Maryland (State),UNIVERSITY BLVD W,GEORGIA AVE,SAME DIRECTION SIDESWIPE,CLEAR,DRY,DARK LIGHTS ON,Unknown,Unknown,No,No Apparent Injury,NOT DISTRACTED,MD,Passenger Car,25,2018.0,Toyt,COROLLA,21,Friday,2
MCP2835002J,210032395,Montgomery County Police,Property Damage Crash,2021-08-20 04:27:00,Maryland (State),EAST WEST HWY,SUNDALE DR,SAME DIRECTION LEFT TURN,RAINING,WET,DARK LIGHTS ON,TRAFFIC SIGNAL,NONE DETECTED,No,No Apparent Injury,NOT DISTRACTED,DC,(Sport) Utility Vehicle,35,2005.0,Cadillac,ESCALADE,4,Friday,8
EJ7839001D,16029610,Gaithersburg Police Depar,Property Damage Crash,2016-06-12 16:31:00,Municipality,MARKET ST,KENTLANDS BLVD,STRAIGHT MOVEMENT ANGLE,CLEAR,DRY,DAYLIGHT,STOP SIGN,NONE DETECTED,Unknown,No Apparent Injury,NOT DISTRACTED,MD,Passenger Car,10,2012.0,Buick,ENCLAVE,16,Sunday,6
MCP2769000Y,17005876,Montgomery County Police,Property Damage Crash,2017-02-02 23:55:00,Maryland (State),WOODFIELD RD,FLOWER HILL WAY,HEAD ON,CLEAR,DRY,DARK LIGHTS ON,OTHER,NONE DETECTED,Yes,No Apparent Injury,UNKNOWN,MD,Passenger Car,35,1998.0,Lexus,SC 400,23,Thursday,2
MCP29740022,190000814,Montgomery County Police,Property Damage Crash,2019-01-05 16:24:00,Maryland (State),NEW HAMPSHIRE AVE,OAKVIEW DR,SAME DIR REAR END,Unknown,WET,DAYLIGHT,Unknown,NONE DETECTED,No,No Apparent Injury,NOT DISTRACTED,MD,Passenger Car,40,2006.0,Volks,4S,16,Saturday,1
MCP1174000T,15019262,Montgomery County Police,Injury Crash,2015-04-24 10:26:00,Maryland (State),MONTGOMERY AVE,WAVERLY ST,SAME DIRECTION SIDESWIPE,CLEAR,DRY,DAYLIGHT,TRAFFIC SIGNAL,NONE DETECTED,Yes,No Apparent Injury,NOT DISTRACTED,CT,Pickup Truck,25,2015.0,Chev,SILVERADO,10,Friday,4
MCP2466001N,16059272,Montgomery County Police,Injury Crash,2016-11-17 17:36:00,County,E RANDOLPH RD,BEA KAY DR,SINGLE VEHICLE,CLEAR,DRY,DARK LIGHTS ON,NO CONTROLS,Unknown,Yes,Possible Injury,NOT DISTRACTED,MD,Passenger Car,40,2009.0,Kia,RIO 4S,17,Thursday,11
EJ78510066,210003579,Gaithersburg Police Depar,Property Damage Crash,2021-01-28 16:25:00,Maryland (State),QUINCE ORCHARD RD,DARNESTOWN RD,SAME DIR REAR END,CLEAR,DRY,DAYLIGHT,NO CONTROLS,NONE DETECTED,No,No Apparent Injury,NOT DISTRACTED,MD,Passenger Car,35,2010.0,Acur,TK,16,Thursday,1
MCP2291007R,240024492,MONTGOMERY,Property Damage Crash,2024-05-23 17:50:00,County Route,NEWBRIDGE DR,RIVER RD,Front to Rear,Clear,Dry,Daylight,Stop Sign,"Not Suspect of Alcohol Use, Not Suspect of Drug Use",No,No Apparent Injury,Not Distracted,MD,Passenger Car,25,2014.0,Audi,A4,17,Thursday,5
MCP2934005V,240015760,MONTGOMERY,Property Damage Crash,2024-04-04 16:51:00,County Route,WESTLAKE TERR,Unknown,Single Vehicle,Clear,Wet,Daylight,No Controls,"Not Suspect of Alcohol Use, Not Suspect of Drug Use",Yes,No Apparent Injury,Not Distracted,Unknown,Pickup,35,2008.0,Nissan,FRONTIER,16,Thursday,4
MCP2917008F,210041414,Montgomery County Police,Injury Crash,2021-10-15 18:18:00,Maryland (State),GEORGIA AVE,HEATHFIELD RD,SAME DIR REAR END,CLEAR,DRY,DARK NO LIGHTS,TRAFFIC SIGNAL,NONE DETECTED,No,Possible Injury,NOT DISTRACTED,MD,Passenger Car,40,2005.0,Hond,TK,18,Friday,10
MCP20470029,180015003,Montgomery County Police,Injury Crash,2018-03-27 15:07:00,Municipality,E JEFFERSON ST,ROLLINS AVE,HEAD ON LEFT TURN,CLOUDY,DRY,DAYLIGHT,NO CONTROLS,NONE DETECTED,No,No Apparent Injury,NOT DISTRACTED,MD,Recreational Vehicle,30,2016.0,Honda,CRV,15,Tuesday,3
MCP27030020,180012666,Montgomery County Police,Property Damage Crash,2018-03-13 17:05:00,County,OLD COLUMBIA PIKE,FAIRLAND RD,SAME DIR REAR END,CLEAR,DRY,DAYLIGHT,TRAFFIC SIGNAL,Unknown,Yes,No Apparent Injury,LOOKED BUT DID NOT SEE,MD,Passenger Car,35,2004.0,Suba,OUTBACK,17,Tuesday,3
MCP2774001M,16009155,MONTGOMERY,Injury Crash,2016-02-23 21:55:00,Unknown,Unknown,Unknown,OTHER,Unknown,Unknown,DARK LIGHTS ON,Unknown,Unknown,Yes,No Apparent Injury,NOT DISTRACTED,MD,"Other Light Trucks (10,000Lbs (4,536Kg) Or Less)",10,2009.0,Chevrolet,2500HD,21,Tuesday,2
MCP3339002M,230056764,Montgomery County Police,Injury Crash,2023-09-25 12:16:00,Maryland (State),GEORGIA AVE,RANDOLPH RD,STRAIGHT MOVEMENT ANGLE,CLEAR,DRY,DAYLIGHT,TRAFFIC SIGNAL,NONE DETECTED,No,No Apparent Injury,NOT DISTRACTED,MD,Passenger Car,35,2021.0,Dodge,CHARGER,12,Monday,9
MCP27530022,17014399,Montgomery County Police,Property Damage Crash,2017-03-21 09:55:00,County,BEL PRE RD,HOMECREST RD,ANGLE MEETS RIGHT TURN,CLOUDY,DRY,DAYLIGHT,TRAFFIC SIGNAL,NONE DETECTED,No,No Apparent Injury,NOT DISTRACTED,MD,Passenger Car,40,2007.0,Linc,4D,9,Tuesday,3
MCP32630039,230021196,Montgomery County Police,Injury Crash,2023-05-03 16:15:00,Maryland (State),CONNECTICUT AVE,ADAMS DR,HEAD ON LEFT TURN,RAINING,WET,DAYLIGHT,TRAFFIC SIGNAL,NONE DETECTED,No,No Apparent Injury,NOT DISTRACTED,MD,Passenger Car,40,2015.0,Nissan,ALTIMA,16,Wednesday,5
MCP9130009V,200027046,Montgomery County Police,Property Damage Crash,2020-07-12 14:30:00,Maryland (State),PINEY BRANCH RD,GARLAND AVE,SAME DIR REAR END,CLOUDY,DRY,DAYLIGHT,NO CONTROLS,NONE DETECTED,Yes,No Apparent Injury,UNKNOWN,MD,Passenger Car,30,2002.0,Toyota,COROLLA,14,Sunday,7
MCP2396001V,17000202,Montgomery County Police,Injury Crash,2017-01-02 10:14:00,Unknown,Unknown,Unknown,OTHER,RAINING,Unknown,DAYLIGHT,Unknown,NONE DETECTED,Yes,Suspected Minor Injury,NOT DISTRACTED,MD,Passenger Car,5,2013.0,Cadillac,4DR,10,Monday,1
MCP2844003Z,190035641,Montgomery County Police,Property Damage Crash,2019-07-26 17:30:00,Maryland (State),VEIRS MILL RD,FERRARA AVE,SAME DIR REAR END,CLEAR,DRY,DAYLIGHT,NO CONTROLS,NONE DETECTED,Unknown,No Apparent Injury,NOT DISTRACTED,MD,Passenger Car,40,2005.0,Honda,PILOT,17,Friday,7
MCP3193001B,200022330,Montgomery County Police,Property Damage Crash,2020-06-06 14:48:00,Maryland (State),UNIVERSITY BLVD W,VEIRS MILL RD,STRAIGHT MOVEMENT ANGLE,CLEAR,DRY,DAYLIGHT,TRAFFIC SIGNAL,NONE DETECTED,Yes,No Apparent Injury,LOOKED BUT DID NOT SEE,MD,Passenger Car,30,2020.0,Toyota,COROLLA,14,Saturday,6
MCP23110052,180061036,Montgomery County Police,Injury Crash,2018-12-06 15:28:00,County,WARFIELD RD,ADDENBROOK WAY,STRAIGHT MOVEMENT ANGLE,CLEAR,DRY,DAYLIGHT,STOP SIGN,Unknown,Yes,No Apparent Injury,NOT DISTRACTED,MD,Pickup Truck,35,2007.0,Dodge,TK,15,Thursday,12
MCP3171001Y,220038558,Montgomery County Police,Property Damage Crash,2022-09-06 02:41:00,Unknown,Unknown,Unknown,OTHER,RAINING,Unknown,DARK LIGHTS ON,NO CONTROLS,NONE DETECTED,Yes,No Apparent Injury,NOT DISTRACTED,MD,Passenger Car,5,2012.0,Hyundai,SONATA,2,Tuesday,9