Report Number,Local Case Number,Agency Name,ACRS Report Type,Crash Date/Time,Route Type,Road Name,Cross-Street Name,Collision Type,Weather,Surface Condition,Light,Traffic Control,Driver Substance Abuse,Driver At Fault,Injury Severity,Driver Distracted By,Drivers License State,Vehicle Body Type,Speed Limit,Vehicle Year,Vehicle Make,Vehicle Model,Crash Hour,Crash Day,Crash Month
MCP20080040,170518536,Montgomery County Police,Property Damage Crash,2017-07-11 19:28:00,Maryland (State),ROCKVILLE PIKE,POOKS HILL RD,STRAIGHT MOVEMENT ANGLE,RAINING,WET,DAYLIGHT,TRAFFIC SIGNAL,NONE DETECTED,No,No Apparent Injury,NOT DISTRACTED,MD,Passenger Car,35,2013.0,Volks,4S,19,Tuesday,7
MCP28680029,17012060,Montgomery County Police,Injury Crash,2017-03-07 18:08:00,Maryland (State),WILSON LA,EXETER RD,STRAIGHT MOVEMENT ANGLE,RAINING,WET,DARK LIGHTS ON,STOP SIGN,NONE DETECTED,Yes,No Apparent Injury,LOOKED BUT DID NOT SEE,MD,(Sport) Utility Vehicle,30,2010.0,Honda,4D,18,Tuesday,3
MCP1030000G,16001581,Montgomery County Police,Injury Crash,2016-01-09 10:56:00,Maryland (State),GERMANTOWN RD,FATHER HURLEY BLVD,SAME DIR REAR END,RAINING,WET,DAYLIGHT,TRAFFIC SIGNAL,NONE DETECTED,No,No Apparent Injury,NOT DISTRACTED,MD,Passenger Car,45,2014.0,Ford,FIESTA,10,Saturday,1
MCP2270003H,240042969,MONTGOMERY,Injury Crash,2024-09-10 11:25:00,Crossover,Unknown,EISENHOWER MEMORIAL HWY,Single Vehicle,Clear,Dry,Daylight,No Controls,"Not Suspect of Alcohol Use, Not Suspect of Drug Use",No,Suspected Minor Injury,"Other Action (looking away from task, etc.)",MD,Passenger Car,55,2012.0,Toyota,CAMRY,11,Tuesday,9
MCP3376002Q,250047369,MONTGOMERY,Property Damage Crash,2025-10-21 18:17:00,Maryland (State) Route,UNIVERSITY BLVD W (WB/L),Unknown,Front to Rear,Clear,Dry,Dark - Lighted,No Controls,"Not Suspect of Alcohol Use, Not Suspect of Drug Use",No,No Apparent Injury,Not Distracted,MD,Passenger Car,35,2010.0,Toyota,CAMRY,18,Tuesday,10
MCP3109006P,220023940,Montgomery County Police,Injury Crash,2022-06-04 11:30:00,Maryland (State),UNIVERSITY BLVD E,RAMP 6 FR IS 495 EB TO MD 193 SB,SAME DIR REAR END,CLEAR,DRY,DAYLIGHT,YIELD SIGN,NONE DETECTED,Yes,No Apparent Injury,NOT DISTRACTED,MD,Passenger Car,35,2012.0,Honda,ACCORD,11,Saturday,6
MCP93010053,240017855,MONTGOMERY,Injury Crash,2024-04-17 05:55:00,Unknown,Unknown,Unknown,Rear To Rear,Clear,Unknown,Dark - Lighted,Unknown,"Not Suspect of Alcohol Use, Not Suspect of Drug Use",Yes,No Apparent Injury,Not Distracted,MD,Sport Utility Vehicle,0,2004.0,Gmc,ENVOY,5,Wednesday,4
MCP3112000H,180024814,Montgomery County Police,Injury Crash,2018-05-20 22:05:00,Unknown,MONTROSE PKWY,TOWNE ROAD,SAME DIR REAR END,CLEAR,DRY,DARK -- UNKNOWN LIGHTING,TRAFFIC SIGNAL,NONE DETECTED,No,Suspected Minor Injury,NOT DISTRACTED,MD,Passenger Car,40,2017.0,Hyun,4S,22,Sunday,5
MCP31530032,210042340,Montgomery County Police,Injury Crash,2021-10-21 14:28:00,Maryland (State),LAYHILL RD,RAMP 6 FR MD 200 EB TO MD 182,ANGLE MEETS RIGHT TURN,CLEAR,DRY,DAYLIGHT,TRAFFIC SIGNAL,NONE DETECTED,Yes,Possible Injury,NOT DISTRACTED,MD,Passenger Car,40,2014.0,Nissan,SENTRA,14,Thursday,10
MCP3351000J,230017682,Montgomery County Police,Property Damage Crash,2023-04-13 17:14:00,County,RIPLEY ST,GEORGIA AVE,HEAD ON LEFT TURN,CLEAR,DRY,DAYLIGHT,NO CONTROLS,NONE DETECTED,No,No Apparent Injury,NOT DISTRACTED,MD,Passenger Car,25,2020.0,Hyundai,4S,17,Thursday,4
MCP2351001P,170547897,Montgomery County Police,Property Damage Crash,2017-12-07 10:40:00,Unknown,Unknown,Unknown,OTHER,Unknown,Unknown,Unknown,Unknown,Unknown,Yes,No Apparent Injury,NOT DISTRACTED,MD,Ambulance/Emergency,5,2017.0,Dodge,RAM AMBULANCE,10,Thursday,12
MCP23580027,16046398,Montgomery County Police,Property Damage Crash,2016-09-10 11:29:00,Maryland (State),ROCKVILLE PIKE,POOKS HILL RD,SAME DIR REAR END,CLEAR,Unknown,DAYLIGHT,TRAFFIC SIGNAL,NONE DETECTED,No,No Apparent Injury,NOT DISTRACTED,MD,Passenger Car,40,2010.0,Gmc,TG33,11,Saturday,9
MCP2286006D,240033086,MONTGOMERY,Property Damage Crash,2024-07-13 15:30:00,County Route,BOU AVE,CHAPMAN AVE,Angle,Clear,Dry,Daylight,Traffic Control Signal,"Not Suspect of Alcohol Use, Not Suspect of Drug Use",Yes,No Apparent Injury,Unknown,MD,Passenger Car,35,2017.0,Honda,FIT,15,Saturday,7
MCP3145002T,200045012,Montgomery County Police,Injury Crash,2020-11-14 18:00:00,Maryland (State),NEW HAMPSHIRE AVE,RANDOLPH RD,SINGLE VEHICLE,CLEAR,DRY,DARK LIGHTS ON,TRAFFIC SIGNAL,NONE DETECTED,No,No Apparent Injury,NOT DISTRACTED,MD,Passenger Car,30,2014.0,Jeep,TK,18,Saturday,11
MCP2048002B,190052296,Montgomery County Police,Property Damage Crash,2019-10-30 19:00:00,Maryland (State),NEW HAMPSHIRE AVE,RUPPERT RD,SAME DIRECTION SIDESWIPE,RAINING,WET,DARK LIGHTS ON,Unknown,NONE DETECTED,Yes,No Apparent Injury,NOT DISTRACTED,MD,Passenger Car,35,2015.0,Jeep,TK,19,Wednesday,10
MCP15650036,190001263,Montgomery County Police,Property Damage Crash,2019-01-08 14:11:00,County,EMBRY ST,CENTERHILL ST,OTHER,CLEAR,DRY,DAYLIGHT,STOP SIGN,NONE DETECTED,Yes,No Apparent Injury,UNKNOWN,MD,School Bus,25,2014.0,Thomas,BUS,14,Tuesday,1
MCP28930010,15011679,Montgomery County Police,Property Damage Crash,2015-03-13 19:46:00,County,FIELDCREST RD,WOODFIELD RD,SAME DIR REAR END,CLEAR,DRY,DARK LIGHTS ON,NO CONTROLS,NONE DETECTED,Yes,No Apparent Injury,LOOKED BUT DID NOT SEE,MD,Passenger Car,50,2009.0,Toyota,4S,19,Friday,3
EJ7860002H,200012681,Gaithersburg Police Depar,Property Damage Crash,2020-03-15 01:01:00,Municipality,BROOKS AVE,FREDERICK RD,OTHER,RAINING,WET,DARK LIGHTS ON,STOP SIGN,ALCOHOL PRESENT,Yes,No Apparent Injury,UNKNOWN,MD,Passenger Car,10,2003.0,Honda,ACCORD,1,Sunday,3
MCP31250017,190004474,Montgomery County Police,Property Damage Crash,2019-01-28 19:50:00,Maryland (State),FALLS RD,RAMP 4 FR IS 270 NB TO MD 189 EB,SAME DIRECTION LEFT TURN,CLEAR,DRY,DARK LIGHTS ON,YIELD SIGN,Unknown,Yes,No Apparent Injury,INATTENTIVE OR LOST IN THOUGHT,DC,Passenger Car,40,2007.0,Toyota,4S,19,Monday,1
MCP3274000F,210005911,Montgomery County Police,Injury Crash,2021-02-15 10:49:00,County,BROAD ST,GREENLAWN DR,OTHER,Unknown,DRY,DAYLIGHT,NO CONTROLS,NONE DETECTED,Yes,No Apparent Injury,DISTRACTED BY OUTSIDE PERSON OBJECT OR EVENT,MD,Van,25,2018.0,Ram,TRK,10,Monday,2
MCP3230000C,200008311,Montgomery County Police,Property Damage Crash,2020-02-19 15:55:00,Unknown,Unknown,Unknown,SAME DIR REAR END,SLEET,Unknown,DAYLIGHT,NO CONTROLS,NONE DETECTED,Yes,No Apparent Injury,INATTENTIVE OR LOST IN THOUGHT,MD,School Bus,15,2011.0,Thomas,BUS,15,Wednesday,2
MCP220300BJ,260000966,MONTGOMERY,Property Damage Crash,2026-01-07 12:30:00,Unknown,Unknown,Unknown,Rear To Rear,Clear,Unknown,Daylight,Unknown,"Not Suspect of Alcohol Use, Not Suspect of Drug Use",Yes,No Apparent Injury,Not Distracted,MD,Bus - School,0,2014.0,Freightliner,B2 BUS CHASSIS,12,Wednesday,1
MCP23480021,16054446,Montgomery County Police,Injury Crash,2016-10-22 17:26:00,County,DENNIS AVE,MEDICAL PARK DR,ANGLE MEETS LEFT TURN,CLEAR,DRY,DAYLIGHT,STOP SIGN,NONE DETECTED,Yes,No Apparent Injury,NOT DISTRACTED,MD,(Sport) Utility Vehicle,35,2008.0,Toyt,RAV4,17,Saturday,10
DD5605002W,16060891,Rockville Police Departme,Property Damage Crash,2016-11-27 09:21:00,Maryland (State),FREDERICK RD,ENT TO SHADY GROVE METRO STATION,STRAIGHT MOVEMENT ANGLE,CLEAR,DRY,DAYLIGHT,TRAFFIC SIGNAL,NONE DETECTED,Yes,No Apparent Injury,LOOKED BUT DID NOT SEE,MD,Passenger Car,40,2016.0,Saab,2H,9,Sunday,11
MCP01130015,17002706,Montgomery County Police,Injury Crash,2017-01-16 09:49:00,Maryland (State),ROCKVILLE PIKE,ENT TO GEORGETOWN PREP. SCHOOL,HEAD ON LEFT TURN,CLOUDY,DRY,DAYLIGHT,TRAFFIC SIGNAL,NONE DETECTED,No,No Apparent Injury,NOT DISTRACTED,MD,Passenger Car,45,2010.0,Nissan,ALTIMA,9,Monday,1
MCP2717008R,16061755,Montgomery County Police,Injury Crash,2016-12-01 19:00:00,Maryland (State),RIVER RD,ROYAL DOMINION DR,SAME DIR REAR END,CLEAR,DRY,DARK LIGHTS ON,NO CONTROLS,NONE DETECTED,No,Suspected Minor Injury,NOT DISTRACTED,MD,(Sport) Utility Vehicle,45,2015.0,Jeep,GRAND CHEROKEE,19,Thursday,12
MCP29460071,240039892,MONTGOMERY,Property Damage Crash,2024-08-23 12:25:00,Maryland (State) Route,Unknown,ANNAPOLIS ROCK RD,Angle,Clear,Dry,Daylight,Stop Sign,"Not Suspect of Alcohol Use, Not Suspect of Drug Use",Yes,No Apparent Injury,Not Distracted,MD,Passenger Car,35,2018.0,Ford,FIESTA,12,Friday,8
MCP25260028,220004055,Montgomery County Police,Injury Crash,2022-01-30 19:43:00,Maryland (State),WHITES FERRY RD,PARTNERSHIP RD,SINGLE VEHICLE,CLEAR,DRY,DARK NO LIGHTS,Unknown,ALCOHOL CONTRIBUTED,Yes,Possible Injury,NOT DISTRACTED,MD,(Sport) Utility Vehicle,30,2016.0,Ford,EXPLORER,19,Sunday,1
MCP2329002Q,230072724,Montgomery County Police,Injury Crash,2023-12-20 10:40:00,Municipality,CHRISTOPHER AVE,RUSSELL AVE,STRAIGHT MOVEMENT ANGLE,CLEAR,DRY,DAYLIGHT,NO CONTROLS,Unknown,No,No Apparent Injury,NOT DISTRACTED,MD,Passenger Car,35,2007.0,Lexs,SD,10,Wednesday,12
MCP24450046,220056938,Montgomery County Police,Property Damage Crash,2022-12-22 07:30:00,Unknown,Unknown,Unknown,OPPOSITE DIRECTION SIDESWIPE,Unknown,Unknown,UNKNOWN,NO CONTROLS,UNKNOWN,Yes,No Apparent Injury,UNKNOWN,MD,Passenger Car,0,2018.0,Toyota,COROLLA,7,Thursday,12
MCP3277003P,240041365,MONTGOMERY,Property Damage Crash,2024-09-01 03:45:00,County Route,CLUB HOUSE RD,MONTGOMERY VILLAGE AVE,Angle,Clear,Dry,Dark - Lighted,Flashing Traffic Control Signal,"Not Suspect of Alcohol Use, Not Suspect of Drug Use",No,No Apparent Injury,Not Distracted,MD,Passenger Car,35,2014.0,Toyota,COROLLA,3,Sunday,9
MCP3230007H,250037215,MONTGOMERY,Injury Crash,2025-08-20 14:20:00,County Route,ASPEN HILL RD,Unknown,Single Vehicle,Clear,Dry,Daylight,Pedestrian Crossing Sign,"Not Suspect of Alcohol Use, Not Suspect of Drug Use",Yes,No Apparent Injury,Not Distracted,MD,Sport Utility Vehicle,35,2022.0,Buick,ENCORE,14,Wednesday,8
MCP33290024,230060738,Montgomery County Police,Property Damage Crash,2023-10-15 19:00:00,County,LOCKWOOD DR,NEW HAMPSHIRE AVE,SAME DIRECTION SIDESWIPE,CLEAR,DRY,DARK LIGHTS ON,TRAFFIC SIGNAL,NONE DETECTED,No,No Apparent Injury,NOT DISTRACTED,MD,Transit Bus,35,2020.0,Nova,BU,19,Sunday,10
EJ786600GL,250044969,GAITHERSBURG,Injury Crash,2025-10-06 17:50:00,Maryland (State) Route,FREDERICK RD,Unknown,"Sideswipe, Same Direction",Clear,Dry,Daylight,No Controls,"Not Suspect of Alcohol Use, Not Suspect of Drug Use",Yes,No Apparent Injury,Unknown,MD,Van - Passenger (&Lt;9 Seats),35,2025.0,Toyota,SIENNA,17,Monday,10
MCP2586006X,230072599,Montgomery County Police,Injury Crash,2023-12-19 16:17:00,County,FATHER HURLEY BLVD,RAMP 8 FR IS270 SB TO FATHER HURLEY BLVD,STRAIGHT MOVEMENT ANGLE,CLEAR,DRY,DAYLIGHT,TRAFFIC SIGNAL,NONE DETECTED,No,No Apparent Injury,NOT DISTRACTED,MD,(Sport) Utility Vehicle,40,2007.0,Ford,EDGE,16,Tuesday,12
MCP3180003J,230027363,Montgomery County Police,Property Damage Crash,2023-06-07 14:55:00,Maryland (State),OLNEY SANDY SPRING RD,PRINCE PHILIP DR,SAME DIR REAR END,CLEAR,DRY,DAYLIGHT,TRAFFIC SIGNAL,NONE DETECTED,Yes,No Apparent Injury,LOOKED BUT DID NOT SEE,MD,School Bus,30,2014.0,Thomas,BUS,14,Wednesday,6
MCP133400B5,200039629,Montgomery County Police,Injury Crash,2020-10-08 13:11:00,County,GOSHEN RD,WILLOW CREEK DR,SAME DIR REAR END,CLEAR,DRY,DAYLIGHT,TRAFFIC SIGNAL,NONE DETECTED,Yes,No Apparent Injury,LOOKED BUT DID NOT SEE,MD,(Sport) Utility Vehicle,30,2014.0,Bmw,TK,13,Thursday,10
MCP0617002Z,210032109,Montgomery County Police,Injury Crash,2021-08-18 08:14:00,County,BONIFANT RD,ALDERTON RD,SAME DIR REAR END,CLOUDY,WET,DAYLIGHT,NO CONTROLS,NONE DETECTED,Yes,No Apparent Injury,NOT DISTRACTED,MD,Passenger Car,30,2004.0,Buick,4DR,8,Wednesday,8
MCP1419000X,16005168,Montgomery County Police,Property Damage Crash,2016-02-01 06:55:00,Maryland (State),KEY WEST AVE,SPUR FR SHADY GROVE RD,SAME DIR REAR END,CLOUDY,WET,DARK LIGHTS ON,TRAFFIC SIGNAL,NONE DETECTED,Yes,No Apparent Injury,UNKNOWN,MD,Passenger Car,40,2013.0,Chevrolet,MALIBU,6,Monday,2
MCP2591000N,15064992,Montgomery County Police,Property Damage Crash,2015-12-19 20:04:00,Maryland (State),GREAT SENECA HWY,MUDDY BRANCH RD,SAME DIR REAR END,CLEAR,DRY,DARK NO LIGHTS,Unknown,NONE DETECTED,Yes,No Apparent Injury,INATTENTIVE OR LOST IN THOUGHT,MD,Station Wagon,35,2008.0,Suba,SW,20,Saturday,12
MCP1382004Z,190027635,Montgomery County Police,Property Damage Crash,2019-06-10 08:47:00,County,POWDER MILL RD,NEW HAMPSHIRE AVE,SAME DIR BOTH LEFT TURN,CLOUDY,WET,DAYLIGHT,TRAFFIC SIGNAL,NONE DETECTED,Yes,No Apparent Injury,NOT DISTRACTED,MD,Truck Tractor,35,2012.0,Volvo,TRUCK,8,Monday,6
MCP3078005S,240035550,MONTGOMERY,Property Damage Crash,2024-07-28 10:42:00,Maryland (State) Route,NEW HAMPSHIRE AVE,SOUTHVIEW AVE,Angle,Clear,Dry,Daylight,No Controls,"Not Suspect of Alcohol Use, Not Suspect of Drug Use",No,No Apparent Injury,Not Distracted,MD,Passenger Car,35,2017.0,Honda,ACCORD,10,Sunday,7
MCP3398001N,250033269,MONTGOMERY,Injury Crash,2025-07-25 11:00:00,County Route,SHADY GROVE RD,MILL RUN DR,Angle,Clear,Dry,Unknown,Traffic Control Signal,"Not Suspect of Alcohol Use, Not Suspect of Drug Use",Yes,No Apparent Injury,Not Distracted,MD,Sport Utility Vehicle,45,2015.0,Toyota,VENZA,11,Friday,7
DM84230028,200043060,Takoma Park Police Depart,Property Damage Crash,2020-11-01 09:00:00,Maryland (State),PHILADELPHIA AVE,PARK AVE,SINGLE VEHICLE,CLOUDY,DRY,DAYLIGHT,Unknown,NONE DETECTED,Unknown,No Apparent Injury,NOT DISTRACTED,MD,Passenger Car,25,2005.0,Audi,ALLROAD,9,Sunday,11
MCP3153002P,210013775,Montgomery County Police,Injury Crash,2021-04-13 11:57:00,County,ASPEN HILL RD,ARCTIC AVE,SAME DIR REAR END,CLOUDY,DRY,DAYLIGHT,TRAFFIC SIGNAL,NONE DETECTED,Yes,No Apparent Injury,OTHER DISTRACTION,MD,Passenger Car,30,2001.0,Toyt,TK,11,Tuesday,4
MCP3197003Q,230064762,Montgomery County Police,Injury Crash,2023-11-06 17:35:00,County,BEL PRE RD,GEORGIA AVE,SAME DIR REAR END,CLEAR,DRY,DARK LIGHTS ON,TRAFFIC SIGNAL,NONE DETECTED,No,Possible Injury,NOT DISTRACTED,MD,Police Vehicle/Emergency,35,2013.0,Nissan,VERSA,17,Monday,11
EJ7884000W,200043133,Gaithersburg Police Depar,Injury Crash,2020-11-01 19:39:00,Maryland (State),MONTGOMERY VILLAGE AVE,FREDERICK RD,SAME DIR REAR END,CLEAR,DRY,DARK NO LIGHTS,Unknown,Unknown,Yes,No Apparent Injury,UNKNOWN,MD,Passenger Car,35,2004.0,Nissan,SENTRA,19,Sunday,11
MCP29820025,170534337,Montgomery County Police,Injury Crash,2017-10-02 15:44:00,County,WAYNE AVE,CEDAR ST,SAME DIR REAR END,CLEAR,DRY,DAYLIGHT,TRAFFIC SIGNAL,NONE DETECTED,Yes,No Apparent Injury,INATTENTIVE OR LOST IN THOUGHT,MD,Passenger Car,25,1996.0,Ford,F250,15,Monday,10
MCP209400BX,180038149,Montgomery County Police,Property Damage Crash,2018-08-01 14:55:00,Maryland (State),CONNECTICUT AVE,JONES BRIDGE RD,SAME DIR REAR END,CLEAR,DRY,DAYLIGHT,NO CONTROLS,NONE DETECTED,No,No Apparent Injury,NOT DISTRACTED,MD,(Sport) Utility Vehicle,35,2017.0,Subaru,FORESTER,14,Wednesday,8
MCP3214002F,230065489,Montgomery County Police,Injury Crash,2023-11-09 23:05:00,County,BRINK RD,LAWLAND CT,SINGLE VEHICLE,CLEAR,DRY,DARK NO LIGHTS,NO CONTROLS,NONE DETECTED,Yes,No Apparent Injury,NOT DISTRACTED,MD,Passenger Car,40,2016.0,Honda,ACCORD,23,Thursday,11
MCP30520019,180028734,Montgomery County Police,Property Damage Crash,2018-06-10 22:30:00,County,ARROWHEAD RD,CHATTEROY PL,SAME DIR REAR END,Unknown,DRY,DARK NO LIGHTS,STOP SIGN,NONE DETECTED,No,No Apparent Injury,NOT DISTRACTED,MD,Passenger Car,35,2006.0,Pors,TK,22,Sunday,6
MCP1550002V,190020042,Montgomery County Police,Property Damage Crash,2019-04-30 12:26:00,Maryland (State),RIVER RD,WESTBARD AVE,SAME DIR REAR END,CLEAR,DRY,DAYLIGHT,NO CONTROLS,NONE DETECTED,No,No Apparent Injury,NOT DISTRACTED,VA,Passenger Car,35,2008.0,Honda,ACCORD,12,Tuesday,4
MCP3113007P,250050125,MONTGOMERY,Property Damage Crash,2025-11-07 18:33:00,US (State),COLUMBIA PIKE (SB/L),Unknown,Front to Rear,Clear,Dry,Dark - Lighted,No Controls,"Not Suspect of Alcohol Use, Not Suspect of Drug Use",No,No Apparent Injury,Not Distracted,MD,Passenger Car,40,2024.0,Bmw,X5,18,Friday,11
MCP209400F3,190027619,Montgomery County Police,Property Damage Crash,2019-06-10 08:20:00,Maryland (State),CONNECTICUT AVE,CAPITAL BELTWAY,SAME DIR REAR END,RAINING,WET,DAYLIGHT,NO CONTROLS,NONE DETECTED,Yes,No Apparent Injury,UNKNOWN,MD,Pickup Truck,35,2005.0,Chevy,COLORADO,8,Monday,6
MCP34030010,240028421,MONTGOMERY,Property Damage Crash,2024-06-14 21:46:00,County Route,DOWNS DR,Unknown,"Sideswipe, Same Direction",Rain,Wet,Dark - Not Lighted,No Controls,"Unknown, Unknown",Yes,No Apparent Injury,Unknown,MD,Passenger Car,25,2013.0,Toyota,PRIUS V,21,Friday,6
MCP27980056,220040031,Montgomery County Police,Property Damage Crash,2022-09-14 18:08:00,County,WISTERIA DR,GERMANTOWN RD,HEAD ON LEFT TURN,Unknown,DRY,DAYLIGHT,NO CONTROLS,NONE DETECTED,No,No Apparent Injury,NOT DISTRACTED,MD,Passenger Car,30,2011.0,Chev,HHR,18,Wednesday,9
MCP2509000R,15043669,MONTGOMERY,Injury Crash,2015-08-31 07:42:00,Maryland (State),UNIVERSITY BLVD E,MOSS AVE SPUR,SAME DIR REAR END,CLEAR,DRY,DAYLIGHT,NO CONTROLS,NONE DETECTED,No,No Apparent Injury,NOT DISTRACTED,MD,Passenger Car,40,2013.0,Hyundai,SONATA,7,Monday,8
MCP3093004X,230049630,Montgomery County Police,Injury Crash,2023-08-15 18:00:00,Maryland (State),ROCKVILLE PIKE,SOUTHWOOD DR,OTHER,Unknown,DRY,DAYLIGHT,Unknown,Unknown,No,Possible Injury,NOT DISTRACTED,MD,Passenger Car,35,2006.0,Niss,ALTIMA,18,Tuesday,8
MCP9419003W,220048930,Montgomery County Police,Property Damage Crash,2022-11-06 09:53:00,County,CRABBS BRANCH WAY,REDLAND RD,STRAIGHT MOVEMENT ANGLE,RAINING,WET,DAYLIGHT,TRAFFIC SIGNAL,NONE DETECTED,Yes,No Apparent Injury,NOT DISTRACTED,MD,Passenger Car,35,2008.0,Hond,4S,9,Sunday,11
MCP91180049,240006753,MONTGOMERY,Injury Crash,2024-02-10 21:52:00,County Route,SHOREFIELD RD,GEORGIA AVE,"Sideswipe, Same Direction",Clear,Dry,Dark - Lighted,No Controls,"Not Suspect of Alcohol Use, Not Suspect of Drug Use",No,Possible Injury,Not Distracted,MD,Sport Utility Vehicle,35,2017.0,Jeep,RENEGADE,21,Saturday,2
MCP2794001T,180006975,Montgomery County Police,Property Damage Crash,2018-02-09 23:26:00,County,BONIFANT RD,NOTLEY RD,SAME DIR REAR END,CLEAR,DRY,DARK LIGHTS ON,TRAFFIC SIGNAL,NONE DETECTED,No,No Apparent Injury,NOT DISTRACTED,MD,Passenger Car,35,2017.0,Kia,TK,23,Friday,2
DM8498000C,220007501,Takoma Park Police Depart,Property Damage Crash,2022-02-20 18:32:00,County,NEW HAMPSHIRE AVE SER RD,NEW HAMPSHIRE AVE,SAME DIR REAR END,Unknown,DRY,DARK LIGHTS ON,NO CONTROLS,NONE DETECTED,Yes,No Apparent Injury,NOT DISTRACTED,MD,(Sport) Utility Vehicle,25,2005.0,Honda,PILOT,18,Sunday,2
MCP2291006K,230006281,Montgomery County Police,Injury Crash,2023-02-07 19:14:00,Maryland (State),RIVER RD,BRADLEY BLVD,HEAD ON,CLEAR,DRY,DARK LIGHTS ON,TRAFFIC SIGNAL,NONE DETECTED,No,Suspected Serious Injury,NOT DISTRACTED,MD,(Sport) Utility Vehicle,40,2021.0,Landrover,RANGE ROVER,19,Tuesday,2
MCP2102004L,240006304,MONTGOMERY,Property Damage Crash,2024-02-08 11:29:00,County Route,CELEBRATION WAY,MIDDLEBROOK RD,Angle,Clear,Dry,Daylight,No Controls,"Not Suspect of Alcohol Use, Not Suspect of Drug Use",No,No Apparent Injury,Not Distracted,MD,Van - Passenger (&Lt;9 Seats),35,2005.0,Chrysler,TOWN AND COUNTRY,11,Thursday,2
MCP3125002C,200025754,Montgomery County Police,Property Damage Crash,2020-07-02 19:15:00,County,RANDOLPH RD,PARKLAWN DR,OTHER,Unknown,DRY,DAYLIGHT,NO CONTROLS,NONE DETECTED,No,No Apparent Injury,NOT DISTRACTED,MD,Passenger Car,35,2009.0,Toyt,4S,19,Thursday,7
MCP296500B5,250019879,MONTGOMERY,Injury Crash,2025-05-06 12:39:00,Maryland (State) Route,NEW HAMPSHIRE AVE (SB/L),NORBECK RD (WB/L) SPENCERVILLE RD (WB/L),Angle,Clear,Dry,Daylight,Traffic Control Signal,"Not Suspect of Alcohol Use, Not Suspect of Drug Use",No,Suspected Minor Injury,Not Distracted,MD,Passenger Car,40,2021.0,Toyota,COROLLA,12,Tuesday,5
DD5615001D,16002845,Rockville Police Departme,Property Damage Crash,2016-01-15 17:20:00,Unknown,Unknown,Unknown,OTHER,CLEAR,Unknown,DARK LIGHTS ON,NO CONTROLS,NONE DETECTED,No,No Apparent Injury,NOT DISTRACTED,MD,(Sport) Utility Vehicle,10,2014.0,Chev,TK,17,Friday,1
DD55080021,16039486,Rockville Police Departme,Property Damage Crash,2016-08-04 16:37:00,Municipality,WOOTTON PKWY,FLEET ST,HEAD ON LEFT TURN,CLEAR,DRY,DAYLIGHT,STOP SIGN,NONE DETECTED,Yes,No Apparent Injury,OTHER DISTRACTION,MD,Passenger Car,35,2014.0,Toyota,COROLLA,16,Thursday,8
MCP3312005Q,240054294,MONTGOMERY,Property Damage Crash,2024-11-12 09:50:00,County Route,BOURNEFIELD WAY,BROADBIRCH DR,Front to Rear,Clear,Dry,Daylight,Stop Sign,"Not Suspect of Alcohol Use, Not Suspect of Drug Use",No,No Apparent Injury,Not Distracted,MD,Bus - School,30,2012.0,Freightliner,B2 BUS CHASSIS,9,Tuesday,11
MCP209400FS,200001244,Montgomery County Police,Property Damage Crash,2020-01-08 09:20:00,Interstate (State),CAPITAL BELTWAY,CEDAR LA,SAME DIRECTION SIDESWIPE,Unknown,WET,DAYLIGHT,NO CONTROLS,NONE DETECTED,No,No Apparent Injury,NOT DISTRACTED,VA,(Sport) Utility Vehicle,55,2014.0,Subaru,FORESTER,9,Wednesday,1
DD5646000M,200048648,Rockville Police Departme,Injury Crash,2020-12-10 12:15:00,Unknown,Unknown,Unknown,STRAIGHT MOVEMENT ANGLE,CLEAR,Unknown,DAYLIGHT,Unknown,NONE DETECTED,No,Possible Injury,UNKNOWN,VA,Passenger Car,0,2015.0,Chevy,MALIBU,12,Thursday,12
MCP2952000Y,15041241,MONTGOMERY,Property Damage Crash,2015-08-18 08:02:00,US (State),COLESVILLE RD,TIMBERWOOD AVE,SAME DIRECTION SIDESWIPE,CLEAR,DRY,DAYLIGHT,Unknown,UNKNOWN,Yes,No Apparent Injury,UNKNOWN,Unknown,Passenger Car,40,2005.0,Nissan,ARMADA,8,Tuesday,8
EJ7833005L,190038665,Gaithersburg Police Depar,Injury Crash,2019-08-13 16:50:00,Municipality,N SUMMIT AVE,N SUMMIT AVE (AHEAD),SAME DIR REAR END,CLOUDY,DRY,DAYLIGHT,NO CONTROLS,NONE DETECTED,No,No Apparent Injury,NOT DISTRACTED,MD,Passenger Car,25,2017.0,Toyt,COROLLA,16,Tuesday,8
MCP3169005D,220031525,Montgomery County Police,Property Damage Crash,2022-07-22 07:48:00,Maryland (State),UNIVERSITY BLVD E,MERRIMAC DR,STRAIGHT MOVEMENT ANGLE,CLEAR,DRY,DAYLIGHT,STOP SIGN,Unknown,No,No Apparent Injury,NOT DISTRACTED,MD,(Sport) Utility Vehicle,35,2010.0,Jeep,GRAND CHEROKEE,7,Friday,7
MCP30610026,230046728,Montgomery County Police,Injury Crash,2023-07-28 22:50:00,Maryland (State),CLOPPER RD,MATENY RD,STRAIGHT MOVEMENT ANGLE,CLOUDY,DRY,DARK LIGHTS ON,FLASHING TRAFFIC SIGNAL,Unknown,Yes,No Apparent Injury,LOOKED BUT DID NOT SEE,MD,Passenger Car,30,2016.0,Toyota,COROLLA,22,Friday,7