Report Number,Local Case Number,Agency Name,ACRS Report Type,Crash Date/Time,Route Type,Road Name,Cross-Street Name,Collision Type,Weather,Surface Condition,Light,Traffic Control,Driver Substance Abuse,Driver At Fault,Injury Severity,Driver Distracted By,Drivers License State,Vehicle Body Type,Speed Limit,Vehicle Year,Vehicle Make,Vehicle Model,Crash Hour,Crash Day,Crash Month
MCP2969008J,200001219,Montgomery County Police,Property Damage Crash,2020-01-08 07:03:00,Maryland (State),SPENCERVILLE RD,NEW HAMPSHIRE AVE,SAME DIR REAR END,SNOW,ICE,DUSK,NO CONTROLS,NONE DETECTED,No,No Apparent Injury,NOT DISTRACTED,MD,Passenger Car,40,2012.0,Acura,MDX,7,Wednesday,1
MCP137800TT,200038119,Montgomery County Police,Injury Crash,2020-09-28 12:49:00,Maryland (State),CLOPPER RD,PHEASANT RUN DR,SAME DIR REAR END,CLOUDY,DRY,DAYLIGHT,TRAFFIC SIGNAL,NONE DETECTED,No,No Apparent Injury,NOT DISTRACTED,MD,Passenger Car,35,2006.0,Buic,LACROSSE,12,Monday,9
MCP1265000N,190043291,Montgomery County Police,Property Damage Crash,2019-09-10 07:30:00,Maryland (State),UNIVERSITY BLVD E,RAMP 4 FR MD 193 NB TO IS 495 EB,SAME DIRECTION SIDESWIPE,CLEAR,DRY,DAYLIGHT,Unknown,NONE DETECTED,Yes,No Apparent Injury,NOT DISTRACTED,MD,Van,35,1999.0,Chev,EXPRESS,7,Tuesday,9
MCP26390038,180010373,Montgomery County Police,Property Damage Crash,2018-02-28 13:16:00,Maryland (State),RIVER RD,WINSTON DR,STRAIGHT MOVEMENT ANGLE,CLEAR,DRY,DAYLIGHT,TRAFFIC SIGNAL,NONE DETECTED,No,No Apparent Injury,NOT DISTRACTED,US,Passenger Car,30,2015.0,Toyota,AVALON,13,Wednesday,2
MCP2837004P,220048408,Montgomery County Police,Property Damage Crash,2022-11-03 12:29:00,County,SHADY GROVE RD,BRIARDALE RD,SAME DIRECTION LEFT TURN,Unknown,Unknown,DAYLIGHT,Unknown,NONE DETECTED,Yes,No Apparent Injury,UNKNOWN,MD,Passenger Car,40,2004.0,Dodge,TK,12,Thursday,11
MCP3329004N,250041465,MONTGOMERY,Injury Crash,2025-09-15 14:48:00,Maryland (State) Route,CONNECTICUT AVE,PERRY AVE,Angle,Clear,Dry,Daylight,Traffic Control Signal,"Not Suspect of Alcohol Use, Not Suspect of Drug Use",Yes,No Apparent Injury,Unknown,MD,Passenger Car,35,2005.0,Toyota,RAV4,14,Monday,9
MCP2986001N,170500641,Montgomery County Police,Property Damage Crash,2017-04-06 04:53:00,Maryland (State),NEW HAMPSHIRE AVE,RAMP 4 FR MD 650 NB TO IS 495 EB,SAME DIRECTION SIDESWIPE,CLEAR,DRY,DARK LIGHTS ON,Unknown,NONE DETECTED,No,No Apparent Injury,NOT DISTRACTED,MD,Passenger Car,40,2004.0,Nissan,ALTIMA,4,Thursday,4
DD5630003H,210016162,Rockville Police Departme,Injury Crash,2021-04-30 17:49:00,Maryland (State),VEIRS MILL RD,MEADOW HALL DR,STRAIGHT MOVEMENT ANGLE,CLOUDY,DRY,DAYLIGHT,NO CONTROLS,NONE DETECTED,Unknown,No Apparent Injury,NOT DISTRACTED,MD,Passenger Car,40,2005.0,Merc,4S,17,Friday,4
MCP29390015,16052320,Montgomery County Police,Injury Crash,2016-10-11 16:14:00,Interstate (State),EISENHOWER MEMORIAL HWY,MIDDLEBROOK RD,SAME DIR REAR END,CLEAR,DRY,DAYLIGHT,NO CONTROLS,NONE DETECTED,No,No Apparent Injury,NOT DISTRACTED,MA,Passenger Car,55,2014.0,Ford,ESCAPE,16,Tuesday,10
MCP9322000L,16066878,Montgomery County Police,Property Damage Crash,2016-12-29 02:18:00,County,MORNINGWOOD DR,BILNEY DR,SAME DIR REAR END,Unknown,DRY,DARK LIGHTS ON,NO CONTROLS,ALCOHOL PRESENT,Yes,No Apparent Injury,NOT DISTRACTED,MD,Passenger Car,30,2002.0,Mercedes,S500,2,Thursday,12
MCP3362002F,230071873,Montgomery County Police,Property Damage Crash,2023-12-12 06:30:00,Maryland (State),UNIVERSITY BLVD W,DENNIS AVE,SAME DIR REAR END,CLEAR,ICE,DAWN,NO CONTROLS,NONE DETECTED,Yes,No Apparent Injury,DISTRACTED BY OUTSIDE PERSON OBJECT OR EVENT,VA,"Medium/Heavy Trucks 3 Axles (Over 10,000Lbs (4,536Kg))",35,2017.0,Mac,COMMERCIAL TRACTOR,6,Tuesday,12
MCP2043000V,17013634,Montgomery County Police,Property Damage Crash,2017-03-16 22:41:00,County,SHADY GROVE RD,OAKMONT AVE,OTHER,CLEAR,DRY,DARK LIGHTS ON,TRAFFIC SIGNAL,NONE DETECTED,No,No Apparent Injury,NOT DISTRACTED,MD,Passenger Car,45,2004.0,Gmc,TK,22,Thursday,3
MCP2656006N,230010728,Montgomery County Police,Property Damage Crash,2023-03-04 15:20:00,Maryland (State),GERMANTOWN RD,MIDDLEBROOK RD,OTHER,Unknown,WET,DAYLIGHT,Unknown,Unknown,Yes,No Apparent Injury,NOT DISTRACTED,MD,Pickup Truck,30,2019.0,Ford,PICKUP TRK,15,Saturday,3
MCP2760005M,240033957,MONTGOMERY,Property Damage Crash,2024-07-18 15:41:00,County Route,MONTGOMERY VILLAGE AVE,Unknown,"Sideswipe, Same Direction",Clear,Dry,Daylight,No Controls,"Not Suspect of Alcohol Use, Not Suspect of Drug Use",No,No Apparent Injury,Not Distracted,MD,Bus - Transit,35,2020.0,Gillig,CITY TRANSIT BUS,15,Thursday,7
MCP9379001K,170540369,Montgomery County Police,Property Damage Crash,2017-11-02 06:44:00,Maryland (State),HUNGERFORD DR,COLLEGE PKWY,SINGLE VEHICLE,CLEAR,DRY,DARK LIGHTS ON,TRAFFIC SIGNAL,NONE DETECTED,Yes,No Apparent Injury,NOT DISTRACTED,MD,Passenger Car,40,2017.0,Ford,CMAX,6,Thursday,11
MCP24440015,15030466,Montgomery County Police,Property Damage Crash,2015-06-22 17:23:00,Maryland (State),EAST WEST HWY,CAREY LA,SAME DIR REAR END,CLEAR,DRY,DAYLIGHT,NO CONTROLS,NONE DETECTED,Yes,No Apparent Injury,UNKNOWN,MD,Passenger Car,35,2008.0,Toyota,AVALON,17,Monday,6
MCP2667001R,15063782,MONTGOMERY,Injury Crash,2015-12-14 08:02:00,County,AIRPARK RD,MUNCASTER MILL RD,HEAD ON,CLEAR,WET,DUSK,NO CONTROLS,NONE DETECTED,No,No Apparent Injury,NOT DISTRACTED,MD,"Medium/Heavy Trucks 3 Axles (Over 10,000Lbs (4,536Kg))",50,2005.0,International,BUCKET TRUCK,8,Monday,12
MCP1575007V,180055613,Montgomery County Police,Property Damage Crash,2018-11-06 08:36:00,Unknown,Unknown,Unknown,SAME DIRECTION LEFT TURN,RAINING,Unknown,DAYLIGHT,NO CONTROLS,NONE DETECTED,No,No Apparent Injury,NOT DISTRACTED,MD,Van,35,2005.0,Niss,VN,8,Tuesday,11
MCP3257001S,210016318,Montgomery County Police,Property Damage Crash,2021-05-01 20:30:00,County,MONTROSE AVE,TUCKERMAN LA,SAME DIR REAR END,CLEAR,DRY,DARK LIGHTS ON,NO CONTROLS,NONE DETECTED,Yes,No Apparent Injury,UNKNOWN,MD,Passenger Car,20,2015.0,Volkswagon,JETTA,20,Saturday,5
MCP3086003J,190058007,Montgomery County Police,Property Damage Crash,2019-12-02 14:25:00,County,CENTERWAY RD,STRAWBERRY KNOLL RD,ANGLE MEETS LEFT TURN,CLEAR,DRY,DAYLIGHT,STOP SIGN,NONE DETECTED,No,No Apparent Injury,NOT DISTRACTED,MD,Passenger Car,25,2018.0,Toyota,CAMRY,14,Monday,12
DD5529001L,16052899,Rockville Police Departme,Property Damage Crash,2016-10-14 18:43:00,Maryland (State),ROCKVILLE PIKE,WOOTTON PKWY,STRAIGHT MOVEMENT ANGLE,CLEAR,DRY,DUSK,NO CONTROLS,NONE DETECTED,No,No Apparent Injury,NOT DISTRACTED,MD,Snowmobile,40,2016.0,Chev,EQUINOX,18,Friday,10
MCP3325001L,220055961,Montgomery County Police,Property Damage Crash,2022-12-17 18:26:00,Maryland (State),NEW HAMPSHIRE AVE,CANNON RD,SAME DIR REAR END,CLOUDY,DRY,DARK LIGHTS ON,NO CONTROLS,NONE DETECTED,Yes,No Apparent Injury,LOOKED BUT DID NOT SEE,DC,Passenger Car,40,2013.0,Infiniti,M37X,18,Saturday,12
MCP33170033,240061901,MONTGOMERY,Injury Crash,2024-12-28 15:14:00,County Route,BRIGGS CHANEY RD (WB/L),COLUMBIA PIKE,Front to Rear,Rain,Wet,Daylight,Traffic Control Signal,"Not Suspect of Alcohol Use, Not Suspect of Drug Use",No,No Apparent Injury,Not Distracted,MD,Sport Utility Vehicle,35,2016.0,Mazda,CX-5,15,Saturday,12
MCP26740020,200046069,Montgomery County Police,Property Damage Crash,2020-11-21 20:20:00,Maryland (State),FREDERICK RD,SHAKESPEARE BLVD,HEAD ON LEFT TURN,CLEAR,DRY,DARK LIGHTS ON,TRAFFIC SIGNAL,NONE DETECTED,Yes,No Apparent Injury,NOT DISTRACTED,MD,(Sport) Utility Vehicle,40,2012.0,Toyt,TK,20,Saturday,11
MCP1580009F,180049582,Montgomery County Police,Property Damage Crash,2018-10-04 09:02:00,Municipality,QUINCE ORCHARD BLVD,FIRSTFIELD RD,SAME DIR REAR END,CLEAR,DRY,DAYLIGHT,STOP SIGN,NONE DETECTED,Yes,No Apparent Injury,UNKNOWN,MD,Van,30,2007.0,Hond,ODYSSEY,9,Thursday,10
MCP3012003R,180055450,Montgomery County Police,Injury Crash,2018-11-05 12:58:00,Unknown,Unknown,Unknown,HEAD ON LEFT TURN,Unknown,Unknown,DAYLIGHT,STOP SIGN,NONE DETECTED,Yes,No Apparent Injury,UNKNOWN,CA,Passenger Car,15,2013.0,Chevorlet,CAMERO,12,Monday,11
MCP1334001R,15006506,Montgomery County Police,Property Damage Crash,2015-02-09 09:00:00,County,GOSHEN RD,EMORY GROVE RD,SAME DIRECTION SIDESWIPE,RAINING,WET,DAYLIGHT,Unknown,NONE DETECTED,No,No Apparent Injury,NOT DISTRACTED,MD,Passenger Car,35,2004.0,Chevrolet,AVEO,9,Monday,2
DD5624000F,180011367,Rockville Police Departme,Property Damage Crash,2018-03-06 12:26:00,Maryland (State),ROCKVILLE PIKE,TALBOTT ST,SAME DIR REAR END,CLEAR,DRY,DAYLIGHT,NO CONTROLS,NONE DETECTED,No,No Apparent Injury,NOT DISTRACTED,MD,Passenger Car,40,2018.0,Toyota,CAMRY,12,Tuesday,3
MCP2107003F,210050191,Montgomery County Police,Property Damage Crash,2021-12-10 14:34:00,Maryland (State),BARNESVILLE RD,SPUR FR MD 117 TO MD 117,SAME DIR REAR END,CLEAR,DRY,DAYLIGHT,NO CONTROLS,NONE DETECTED,No,No Apparent Injury,NOT DISTRACTED,MD,"Cargo Van/Light Truck 2 Axles (Over 10,000Lbs (4,536 Kg))",30,1993.0,Gmc,MAIL TRUCK,14,Friday,12
MCP2797000L,15006126,Montgomery County Police,Property Damage Crash,2015-02-06 20:03:00,Maryland (State),UNIVERSITY BLVD W,GRANDVIEW AVE,ANGLE MEETS RIGHT TURN,CLEAR,DRY,DARK LIGHTS ON,TRAFFIC SIGNAL,NONE DETECTED,No,No Apparent Injury,NOT DISTRACTED,MD,Passenger Car,25,2004.0,Toyt,CAMRY,20,Friday,2
MCP2919001Y,16045972,Montgomery County Police,Injury Crash,2016-09-08 11:45:00,Maryland (State),PINEY BRANCH RD,SILVER SPRING AVE,SAME DIRECTION LEFT TURN,CLEAR,DRY,DAYLIGHT,NO CONTROLS,NONE DETECTED,No,No Apparent Injury,NOT DISTRACTED,MD,Passenger Car,30,2005.0,Nissan,QUEST VAN,11,Thursday,9
MCP9419001V,180048089,Montgomery County Police,Injury Crash,2018-09-26 13:01:00,Maryland (State),HUNGERFORD DR,N CAMPUS DR,STRAIGHT MOVEMENT ANGLE,CLOUDY,DRY,DAYLIGHT,TRAFFIC SIGNAL,NONE DETECTED,No,Possible Injury,NOT DISTRACTED,MD,(Sport) Utility Vehicle,40,2004.0,Toyota,RAV4,13,Wednesday,9
DD5612000G,17016120,Rockville Police Departme,Property Damage Crash,2017-03-30 08:44:00,Municipality,HALPINE RD,ROCKVILLE PIKE,SAME DIRECTION SIDESWIPE,CLOUDY,DRY,DAYLIGHT,NO CONTROLS,NONE DETECTED,No,No Apparent Injury,NOT DISTRACTED,VA,Passenger Car,25,2010.0,Toyota,HIGHLANDER,8,Thursday,3
MCP2611000R,15042485,MONTGOMERY,Property Damage Crash,2015-08-24 17:30:00,County,OLD COLUMBIA PIKE,CLIFTONDALE DR,STRAIGHT MOVEMENT ANGLE,CLEAR,DRY,DAYLIGHT,NO CONTROLS,NONE DETECTED,No,No Apparent Injury,NOT DISTRACTED,MD,Passenger Car,35,2013.0,Kia,4S,17,Monday,8
MCP2932002L,190006386,Montgomery County Police,Property Damage Crash,2019-02-09 05:30:00,Unknown,Unknown,Unknown,OTHER,Unknown,Unknown,DARK LIGHTS ON,Unknown,ALCOHOL PRESENT,Yes,No Apparent Injury,OTHER DISTRACTION,DC,(Sport) Utility Vehicle,5,2004.0,Lexus,RX330,5,Saturday,2
EJ7905000R,240027737,GAITHERSBURG,Injury Crash,2024-06-11 09:11:00,Private Route,Unknown,BUREAU DR (SB/L) W DIAMOND AVE,Rear To Side,Clear,Dry,Daylight,Traffic Control Signal,"Not Suspect of Alcohol Use, Not Suspect of Drug Use",Yes,Suspected Minor Injury,Unknown,DC,Passenger Car,35,2015.0,Jeep,WRANGLER,9,Tuesday,6
MCP20940080,17010672,Montgomery County Police,Injury Crash,2017-02-28 10:37:00,Maryland (State),OLD GEORGETOWN RD,CORDELL AVE,STRAIGHT MOVEMENT ANGLE,CLEAR,DRY,DAYLIGHT,STOP SIGN,NONE DETECTED,Yes,Suspected Serious Injury,OTHER DISTRACTION,MD,Passenger Car,25,2016.0,Hyundia,SONATA,10,Tuesday,2
MCP9428001D,17006158,Montgomery County Police,Property Damage Crash,2017-02-04 13:09:00,Unknown,Unknown,Unknown,SAME DIR REAR END,Unknown,Unknown,DAYLIGHT,STOP SIGN,Unknown,No,No Apparent Injury,NOT DISTRACTED,MD,Passenger Car,25,2009.0,Ford,FLEX,13,Saturday,2
MCP9428002T,200014274,Montgomery County Police,Property Damage Crash,2020-03-28 07:46:00,Maryland (State),FREDERICK RD,ENT TO BUSINESS,SINGLE VEHICLE,RAINING,WET,DAYLIGHT,NO CONTROLS,NONE DETECTED,Yes,No Apparent Injury,NOT DISTRACTED,OH,Passenger Car,45,2007.0,Ford,TAURUS,7,Saturday,3
MCP21160016,15001117,Montgomery County Police,Injury Crash,2015-01-07 18:11:00,Maryland (State),FREDERICK RD,INDIANOLA DR,STRAIGHT MOVEMENT ANGLE,CLEAR,DRY,DARK LIGHTS ON,TRAFFIC SIGNAL,Unknown,No,No Apparent Injury,NOT DISTRACTED,MD,Passenger Car,40,2003.0,Nissan,TK,18,Wednesday,1
MCP3380000P,240019679,MONTGOMERY,Property Damage Crash,2024-04-27 15:10:00,Maryland (State) Route,GEORGIA AVE,HENDERSON AVE,Front to Rear,Rain,Wet,Daylight,No Controls,"Unknown, Unknown",No,Unknown,Unknown,Unknown,Passenger Car,35,2019.0,Chevrolet,EQUINOX,15,Saturday,4
MCP27170100,250027211,MONTGOMERY,Property Damage Crash,2025-06-18 16:00:00,Unknown,Unknown,Unknown,"Sideswipe, Same Direction",Clear,Unknown,Daylight,Unknown,"Not Suspect of Alcohol Use, Not Suspect of Drug Use",No,No Apparent Injury,Not Distracted,MD,Bus - Transit,0,2012.0,New Flyer,XCELSIOR,16,Wednesday,6
MCP2892001T,16052301,Montgomery County Police,Property Damage Crash,2016-10-11 15:35:00,Maryland (State),GEORGIA AVE,RAMP 5 FR MD 97 SB TO IS 495 EB,SAME DIRECTION RIGHT TURN,CLEAR,DRY,DAYLIGHT,NO CONTROLS,NONE DETECTED,No,No Apparent Injury,NOT DISTRACTED,MD,Transit Bus,35,2006.0,Tbu,BUS,15,Tuesday,10
MCP1064009R,190060628,Montgomery County Police,Property Damage Crash,2019-12-16 16:50:00,Maryland (State),16TH ST,WASH DC LINE,SAME DIRECTION LEFT TURN,RAINING,WET,DARK LIGHTS ON,YIELD SIGN,Unknown,Yes,No Apparent Injury,UNKNOWN,MD,Transit Bus,35,2010.0,New Flyer,BUS,16,Monday,12
DM8403000G,200021103,Takoma Park Police Depart,Property Damage Crash,2020-05-28 07:18:00,Municipality,WESTMORELAND AVE,CARROLL AVE,SAME DIRECTION SIDESWIPE,RAINING,WET,DAYLIGHT,Unknown,NONE DETECTED,No,No Apparent Injury,NOT DISTRACTED,MD,Pickup Truck,15,2003.0,Ford,TK,7,Thursday,5
MCP0936001V,16054004,Montgomery County Police,Property Damage Crash,2016-10-20 13:46:00,Maryland (State),ROCKVILLE PIKE,GROSVENOR LA,SAME DIRECTION SIDESWIPE,CLEAR,DRY,DAYLIGHT,NO CONTROLS,NONE DETECTED,Yes,No Apparent Injury,LOOKED BUT DID NOT SEE,MD,Pickup Truck,35,2008.0,Toyota,TUNDRA,13,Thursday,10
EJ78840023,210020814,Gaithersburg Police Depar,Property Damage Crash,2021-06-01 19:39:00,Maryland (State),MONTGOMERY VILLAGE AVE,FREDERICK RD,SAME DIR REAR END,CLEAR,DRY,DAYLIGHT,YIELD SIGN,NONE DETECTED,Yes,No Apparent Injury,LOOKED BUT DID NOT SEE,VA,Passenger Car,30,2020.0,Mazda,6,19,Tuesday,6
MCP27710020,230018633,Montgomery County Police,Property Damage Crash,2023-04-19 08:50:00,Maryland (State),CONNECTICUT AVE,ENT TO BUSINESS,STRAIGHT MOVEMENT ANGLE,CLEAR,DRY,DAYLIGHT,STOP SIGN,Unknown,No,No Apparent Injury,NOT DISTRACTED,MD,Passenger Car,35,2009.0,Toyt,YARIS,8,Wednesday,4
MCP29600025,170529117,Montgomery County Police,Property Damage Crash,2017-09-07 07:25:00,County,BEL PRE RD,ASTRODOME DR,SAME DIR REAR END,Unknown,DRY,DAYLIGHT,Unknown,Unknown,Yes,No Apparent Injury,NOT DISTRACTED,MD,Passenger Car,35,2005.0,Volk,4S,7,Thursday,9
MCP3247001C,210023211,Montgomery County Police,Injury Crash,2021-06-17 16:43:00,Maryland (State),PINEY BRANCH RD,RITCHIE AVE,STRAIGHT MOVEMENT ANGLE,CLEAR,DRY,DAYLIGHT,NO CONTROLS,NONE DETECTED,Yes,Possible Injury,LOOKED BUT DID NOT SEE,MD,Passenger Car,30,2012.0,Gmc,ACADIA,16,Thursday,6
MCP3260000N,240025444,MONTGOMERY,Property Damage Crash,2024-05-29 13:45:00,Maryland (State) Route,NEW HAMPSHIRE AVE,Unknown,Front to Rear,Clear,Dry,Daylight,No Controls,"Not Suspect of Alcohol Use, Not Suspect of Drug Use",No,No Apparent Injury,Not Distracted,MD,Passenger Car,35,2015.0,Kia,SOUL,13,Wednesday,5
DD5567006Z,250002219,ROCKVILLE,Injury Crash,2025-01-16 18:47:00,Maryland (State) Route,HUNGERFORD DR (SB/L),Unknown,Single Vehicle,Snow,Wet,Dark - Lighted,No Controls,"Not Suspect of Alcohol Use, Not Suspect of Drug Use",No,No Apparent Injury,Not Distracted,DC,Sport Utility Vehicle,35,2019.0,Dodge,DURANGO,18,Thursday,1
MCP30900023,190014318,Montgomery County Police,Injury Crash,2019-03-28 09:30:00,Ramp,RAMP 7 FR IS 370 WB TO MD 355 SB,RAMP 2 FR RP 7 (FR IS370 WB) TO MD355 NB,SAME DIR REAR END,CLEAR,DRY,DAYLIGHT,NO CONTROLS,Unknown,No,No Apparent Injury,NOT DISTRACTED,MD,Passenger Car,55,2019.0,Volk,JETTA,9,Thursday,3
MCP20390055,190011789,Montgomery County Police,Property Damage Crash,2019-03-14 11:54:00,Maryland (State),GEORGIA AVE,WELLER RD,STRAIGHT MOVEMENT ANGLE,CLEAR,DRY,DAYLIGHT,STOP SIGN,Unknown,No,No Apparent Injury,NOT DISTRACTED,MD,Passenger Car,50,2015.0,Hyundai,SONATA,11,Thursday,3
MCP26070012,15050146,MONTGOMERY,Injury Crash,2015-10-03 15:55:00,Maryland (State),FREDERICK RD,CHESTNUT ST,STRAIGHT MOVEMENT ANGLE,RAINING,WET,DAYLIGHT,NO CONTROLS,NONE DETECTED,Yes,Suspected Minor Injury,LOOKED BUT DID NOT SEE,MD,Passenger Car,30,2012.0,Dodg,TK,15,Saturday,10
MCP3170001K,200032281,Montgomery County Police,Property Damage Crash,2020-08-18 16:14:00,Maryland (State),CLOPPER RD,GERMANTOWN RD,SAME DIR REND LEFT TURN,CLEAR,Unknown,DAYLIGHT,TRAFFIC SIGNAL,NONE DETECTED,Yes,No Apparent Injury,LOOKED BUT DID NOT SEE,PA,Passenger Car,40,2016.0,Ford,INTERCEPTOR,16,Tuesday,8
DM8352000L,230019537,Takoma Park Police Depart,Injury Crash,2023-04-24 12:02:00,Maryland (State),NEW HAMPSHIRE AVE,EAST WEST HWY (PG CO),OPPOSITE DIR BOTH LEFT TURN,CLEAR,DRY,DAYLIGHT,TRAFFIC SIGNAL,Unknown,Yes,No Apparent Injury,NOT DISTRACTED,MD,Police Vehicle/Non Emergency,25,2016.0,Ford,EXPLORER,12,Monday,4
MCP2723006Y,230000806,Montgomery County Police,Injury Crash,2023-01-05 20:10:00,County,RANDOLPH RD,DENLEY RD,SAME DIR REAR END,CLEAR,DRY,DARK LIGHTS ON,TRAFFIC SIGNAL,NONE DETECTED,Yes,No Apparent Injury,UNKNOWN,MD,Passenger Car,30,2021.0,Toyota,SIENA,20,Thursday,1
MCP137800L1,180021289,Montgomery County Police,Property Damage Crash,2017-10-04 07:30:00,County,OLDE WOODS WAY,BEECH CREEK DR,OPPOSITE DIRECTION SIDESWIPE,CLEAR,DRY,DAYLIGHT,Unknown,NONE DETECTED,Yes,No Apparent Injury,NOT DISTRACTED,MD,Passenger Car,20,2011.0,Toyota,AVALON,7,Wednesday,10
DD5610000X,15018688,Rockville Police Departme,Injury Crash,2015-04-21 11:08:00,County,SHADY GROVE RD,CORPORATE BLVD,HEAD ON LEFT TURN,CLEAR,DRY,DAYLIGHT,TRAFFIC SIGNAL,Unknown,No,No Apparent Injury,NOT DISTRACTED,MD,Passenger Car,45,2008.0,Mazda,2S,11,Tuesday,4
MCP2311001T,16012831,MONTGOMERY,Injury Crash,2016-03-15 18:47:00,Maryland (State),MONTGOMERY VILLAGE AVE,CHRISTOPHER AVE,STRAIGHT MOVEMENT ANGLE,CLEAR,DRY,DAYLIGHT,TRAFFIC SIGNAL,Unknown,Yes,No Apparent Injury,NOT DISTRACTED,XX,Passenger Car,35,1998.0,Toyt,4S,18,Tuesday,3
MCP3113001R,190043721,Montgomery County Police,Injury Crash,2019-09-12 16:41:00,US (State),COLUMBIA PIKE,INDUSTRIAL PKWY,SAME DIR REAR END,Unknown,DRY,DAYLIGHT,NO CONTROLS,Unknown,Yes,No Apparent Injury,INATTENTIVE OR LOST IN THOUGHT,MD,Passenger Car,50,2012.0,Dodg,VN,16,Thursday,9
MCP11510088,180049566,Montgomery County Police,Property Damage Crash,2018-10-04 06:10:00,County,RIDGE RD,RAMP 2 FR RIDGE RD WB TO IS 270 NB,SAME DIR REAR END,CLEAR,DRY,DARK LIGHTS ON,TRAFFIC SIGNAL,NONE DETECTED,No,No Apparent Injury,NOT DISTRACTED,MD,Passenger Car,45,2016.0,Scion,IA,6,Thursday,10
MCP2967000Q,15046717,MONTGOMERY,Property Damage Crash,2015-09-15 15:46:00,County,NEVIS RD,RIVER RD,SAME DIR REAR END,CLEAR,DRY,DAYLIGHT,TRAFFIC SIGNAL,NONE DETECTED,No,No Apparent Injury,NOT DISTRACTED,VA,Pickup Truck,45,2012.0,Chevy,SILVERADO,15,Tuesday,9
MCP2936000R,15053602,MONTGOMERY,Property Damage Crash,2015-10-22 13:05:00,Maryland (State),ROCKVILLE PIKE,BROAD BROOK DR,SAME DIR REAR END,CLEAR,DRY,DAYLIGHT,NO CONTROLS,NONE DETECTED,Yes,No Apparent Injury,INATTENTIVE OR LOST IN THOUGHT,MD,Passenger Car,35,2005.0,Hond,TK,13,Thursday,10
MCP3200007L,230009799,Montgomery County Police,Property Damage Crash,2023-02-27 15:39:00,Maryland (State),CONNECTICUT AVE,DECATUR AVE,STRAIGHT MOVEMENT ANGLE,CLOUDY,WET,DAYLIGHT,STOP SIGN,NONE DETECTED,No,No Apparent Injury,NOT DISTRACTED,MD,(Sport) Utility Vehicle,35,2010.0,Honda,CR-V,15,Monday,2
MCP28590040,170517264,Montgomery County Police,Injury Crash,2017-07-04 14:10:00,County,MUDDY BRANCH RD,CLIFFTOP DR,SAME DIR REAR END,CLEAR,DRY,DAYLIGHT,NO CONTROLS,NONE DETECTED,No,No Apparent Injury,NOT DISTRACTED,MD,Transit Bus,30,2005.0,Orio,BUS,14,Tuesday,7
MCP2039003H,170545144,Montgomery County Police,Injury Crash,2017-11-27 12:20:00,Maryland (State),GEORGIA AVE,HEWITT AVE,SAME DIR REAR END,CLEAR,DRY,DAYLIGHT,OTHER,Unknown,Yes,No Apparent Injury,LOOKED BUT DID NOT SEE,MD,Passenger Car,45,2007.0,Hond,FIT,12,Monday,11
MCP26660030,190035121,Montgomery County Police,Property Damage Crash,2019-07-24 06:50:00,County,CARROLL AVE,OSAGE ST,SAME DIR REAR END,CLEAR,DRY,DAYLIGHT,NO CONTROLS,NONE DETECTED,No,No Apparent Injury,NOT DISTRACTED,MD,Passenger Car,35,2016.0,Hyundai,SANTA FE,6,Wednesday,7
MCP28770058,180030034,Montgomery County Police,Property Damage Crash,2018-06-18 10:40:00,Maryland (State),GEORGIA AVE,CAPITAL BELTWAY,SAME DIR REAR END,CLEAR,DRY,DAYLIGHT,NO CONTROLS,NONE DETECTED,Yes,No Apparent Injury,INATTENTIVE OR LOST IN THOUGHT,MD,Passenger Car,40,2013.0,Mercedez,C300,10,Monday,6
MCP3150000T,190015124,Montgomery County Police,Injury Crash,2019-04-01 18:48:00,County,RANDOLPH RD,LOCKSLEY LA,HEAD ON LEFT TURN,CLEAR,DRY,DAYLIGHT,TRAFFIC SIGNAL,Unknown,Yes,No Apparent Injury,OTHER CELLULAR PHONE RELATED,MD,Passenger Car,40,2018.0,Toyota,CAMRY,18,Monday,4
MCP2203006J,220050446,Montgomery County Police,Property Damage Crash,2022-11-15 11:10:00,Unknown,Unknown,Unknown,ANGLE MEETS LEFT TURN,CLEAR,Unknown,DAYLIGHT,Unknown,NONE DETECTED,Yes,No Apparent Injury,NOT DISTRACTED,MD,Passenger Car,15,2014.0,Suba,OUTBACK,11,Tuesday,11
MCP2986001Y,170521196,Montgomery County Police,Property Damage Crash,2017-07-09 10:02:00,Maryland (State),GEORGIA AVE,RAMP 3 FR IS 495 EB TO MD 97 NB,SAME DIRECTION SIDESWIPE,CLEAR,DRY,DAYLIGHT,Unknown,NONE DETECTED,Unknown,No Apparent Injury,NOT DISTRACTED,MD,Other,35,2009.0,Gill,BUS,10,Sunday,7
MCP11210016,15066993,MONTGOMERY,Property Damage Crash,2015-12-30 18:44:00,Maryland (State),WOODFIELD RD,FLOWER HILL WAY,SAME DIRECTION LEFT TURN,RAINING,WET,DARK LIGHTS ON,NO CONTROLS,NONE DETECTED,Yes,No Apparent Injury,NOT DISTRACTED,MD,(Sport) Utility Vehicle,35,2004.0,Dodge,GRAND CARAVAN,18,Wednesday,12
MCP304800BZ,240006493,MONTGOMERY,Property Damage Crash,2024-02-06 15:00:00,Spur,Unknown,CONNECTICUT AVE,"Sideswipe, Same Direction",Clear,Dry,Daylight,Traffic Control Signal,"Not Suspect of Alcohol Use, Not Suspect of Drug Use",No,No Apparent Injury,Not Distracted,MD,Passenger Car,30,2012.0,Chevrolet,EXPRESS,15,Tuesday,2