Report Number,Local Case Number,Agency Name,ACRS Report Type,Crash Date/Time,Route Type,Road Name,Cross-Street Name,Collision Type,Weather,Surface Condition,Light,Traffic Control,Driver Substance Abuse,Driver At Fault,Injury Severity,Driver Distracted By,Drivers License State,Vehicle Body Type,Speed Limit,Vehicle Year,Vehicle Make,Vehicle Model,Crash Hour,Crash Day,Crash Month
MCP3294002M,240053885,MONTGOMERY,Property Damage Crash,2024-11-09 20:00:00,Maryland (State) Route,MIDCOUNTY HWY (SB/L),Unknown,"Sideswipe, Same Direction",Clear,Dry,Dark - Lighted,Traffic Control Signal,"Not Suspect of Alcohol Use, Not Suspect of Drug Use",No,No Apparent Injury,Not Distracted,MD,Passenger Car,50,2017.0,Toyota,COROLLA,20,Saturday,11
MCP1382005C,190051482,Montgomery County Police,Property Damage Crash,2019-10-26 09:41:00,Maryland (State),UNIVERSITY BLVD E,RAMP 7 FR RP 2 (FR IS495 WB) TO 193,ANGLE MEETS RIGHT TURN,CLOUDY,DRY,DAYLIGHT,TRAFFIC SIGNAL,NONE DETECTED,No,No Apparent Injury,NOT DISTRACTED,MD,Van,35,2002.0,Hond,VAN ODYSSEY,9,Saturday,10
MCP2989001W,220050096,Montgomery County Police,Property Damage Crash,2022-11-13 03:36:00,Maryland (State),NEW HAMPSHIRE AVE,NORTHAMPTON DR,HEAD ON LEFT TURN,CLEAR,DRY,DARK LIGHTS ON,FLASHING TRAFFIC SIGNAL,ALCOHOL PRESENT,Yes,No Apparent Injury,OTHER DISTRACTION,MD,Passenger Car,35,2007.0,Honda,RIDGELINE,3,Sunday,11
MCP3299004C,250012248,MONTGOMERY,Property Damage Crash,2025-03-20 13:43:00,Maryland (State) Route,GEORGIA AVE,Unknown,"Sideswipe, Opposite Direction",Clear,Dry,Daylight,No Controls,"Not Suspect of Alcohol Use, Not Suspect of Drug Use",No,No Apparent Injury,Not Distracted,MD,Passenger Car,40,2024.0,Acura,RDX,13,Thursday,3
MCP2399006K,230005784,Montgomery County Police,Property Damage Crash,2023-02-04 18:15:00,County,STEDWICK RD,MILLS CHOICE RD,HEAD ON,CLEAR,DRY,DARK -- UNKNOWN LIGHTING,Unknown,NONE DETECTED,Yes,No Apparent Injury,NOT DISTRACTED,MD,Van,25,2010.0,Toyt,SIENNA,18,Saturday,2
MCP28940056,180053795,Montgomery County Police,Property Damage Crash,2018-10-27 10:50:00,Other Public Roadway,MONTROSE PKWY,E JEFFERSON ST,SINGLE VEHICLE,RAINING,WET,DAYLIGHT,NO CONTROLS,NONE DETECTED,Yes,No Apparent Injury,NOT DISTRACTED,MD,Other,35,2005.0,Ford,MAIL TRUCK,10,Saturday,10
EJ7856004V,180017056,Gaithersburg Police Depar,Property Damage Crash,2018-04-08 16:11:00,Maryland (State),MONTGOMERY VILLAGE AVE,RUSSELL AVE,SAME DIR REAR END,CLEAR,DRY,DAYLIGHT,Unknown,Unknown,No,No Apparent Injury,NOT DISTRACTED,MD,Passenger Car,35,2013.0,Hyundai,SONATA,16,Sunday,4
MCP9392000D,16006168,Montgomery County Police,Injury Crash,2016-02-06 01:16:00,Maryland (State),RIDGE RD,BRINK RD,STRAIGHT MOVEMENT ANGLE,CLEAR,DRY,DARK LIGHTS ON,FLASHING TRAFFIC SIGNAL,NONE DETECTED,Yes,No Apparent Injury,LOOKED BUT DID NOT SEE,MD,Passenger Car,30,1999.0,Chevy,MONTE CARLO,1,Saturday,2
MCP3050002L,180042922,Montgomery County Police,Property Damage Crash,2018-08-28 20:45:00,Maryland (State),VEIRS MILL RD,TURKEY BRANCH PKWY,SAME DIRECTION SIDESWIPE,CLEAR,DRY,DARK LIGHTS ON,NO CONTROLS,NONE DETECTED,No,No Apparent Injury,NOT DISTRACTED,MD,Van,40,2004.0,Chev,ASTROVAN,20,Tuesday,8
MCP3053002F,180034228,Montgomery County Police,Property Damage Crash,2018-07-11 11:15:00,Unknown,Unknown,Unknown,OTHER,CLEAR,Unknown,DAYLIGHT,NO CONTROLS,Unknown,Yes,No Apparent Injury,INATTENTIVE OR LOST IN THOUGHT,MD,Passenger Car,10,2006.0,Nissan,SENTRA,11,Wednesday,7
MCP3048003L,180042665,Montgomery County Police,Injury Crash,2018-08-27 14:20:00,County,TUCKERMAN LA,ROCKVILLE PIKE,HEAD ON LEFT TURN,CLEAR,DRY,DAYLIGHT,NO CONTROLS,Unknown,Yes,No Apparent Injury,NOT DISTRACTED,MD,Passenger Car,25,2009.0,Ford,TRUCK,14,Monday,8
MCP33580010,230062978,Montgomery County Police,Property Damage Crash,2023-10-27 23:50:00,Unknown,Unknown,Unknown,STRAIGHT MOVEMENT ANGLE,CLEAR,Unknown,DARK LIGHTS ON,Unknown,Unknown,No,No Apparent Injury,NOT DISTRACTED,VA,Passenger Car,15,2008.0,Mercury,MARINER,23,Friday,10
DD55950059,170548525,Rockville Police Departme,Property Damage Crash,2017-12-14 11:30:00,Municipality,W MIDDLE LA,N VAN BUREN ST,SAME DIRECTION LEFT TURN,CLOUDY,DRY,DAYLIGHT,NO CONTROLS,UNKNOWN,Yes,No Apparent Injury,UNKNOWN,MD,Passenger Car,25,2006.0,Ford,CROWN VICTORIA,11,Thursday,12
MCP3040005Y,230058753,Montgomery County Police,Property Damage Crash,2023-10-05 15:30:00,Maryland (State),OLNEY LAYTONSVILLE RD,OLNEY MILL RD,SAME DIR REAR END,CLEAR,DRY,DAYLIGHT,NO CONTROLS,NONE DETECTED,Yes,No Apparent Injury,LOOKED BUT DID NOT SEE,MD,Passenger Car,30,2022.0,Ford,TK,15,Thursday,10
MCP2777001K,15010286,Montgomery County Police,Property Damage Crash,2015-03-05 00:20:00,Maryland (State),EAST WEST HWY,JONES MILL RD,SINGLE VEHICLE,RAINING,WET,DARK LIGHTS ON,TRAFFIC SIGNAL,ALCOHOL PRESENT,Yes,No Apparent Injury,NOT DISTRACTED,MD,Passenger Car,35,2013.0,Honda,CIVIC,0,Thursday,3
DD5655000D,220027141,Rockville Police Departme,Injury Crash,2022-06-23 18:34:00,Maryland (State),W MONTGOMERY AVE,NELSON ST,STRAIGHT MOVEMENT ANGLE,CLEAR,DRY,DAYLIGHT,TRAFFIC SIGNAL,NONE DETECTED,Yes,No Apparent Injury,LOOKED BUT DID NOT SEE,MD,Passenger Car,30,2018.0,Mercedez,GLA250,18,Thursday,6
MCP3109006Y,220029604,Montgomery County Police,Property Damage Crash,2022-07-10 14:00:00,Maryland (State),NEW HAMPSHIRE AVE,OAKVIEW DR,SAME DIR REAR END,CLEAR,DRY,DAYLIGHT,TRAFFIC SIGNAL,NONE DETECTED,Yes,No Apparent Injury,UNKNOWN,MD,Passenger Car,35,2016.0,Hyundai,SONATA,14,Sunday,7
MCP24360097,190060286,Montgomery County Police,Property Damage Crash,2019-12-14 13:50:00,County,CARROLL AVE,UNIVERSITY BLVD E SERV RD,STRAIGHT MOVEMENT ANGLE,CLEAR,WET,DAYLIGHT,TRAFFIC SIGNAL,NONE DETECTED,Yes,No Apparent Injury,UNKNOWN,MD,Passenger Car,30,2016.0,Honda,HRV,13,Saturday,12
HA24150011,19001327,Maryland-National Capital,Injury Crash,2019-06-03 05:45:00,Government,SLIGO CREEK PKWY,WAYNE AVE,STRAIGHT MOVEMENT ANGLE,CLEAR,DRY,Unknown,TRAFFIC SIGNAL,Unknown,No,Possible Injury,NOT DISTRACTED,MD,Passenger Car,25,2000.0,Toyt,ECHO,5,Monday,6
MCP2072000Z,16022411,Montgomery County Police,Injury Crash,2016-05-06 09:57:00,Maryland (State),RIDGE RD,LITTLE SENECA PKWY,STRAIGHT MOVEMENT ANGLE,RAINING,WET,DAYLIGHT,NO CONTROLS,NONE DETECTED,Yes,No Apparent Injury,NOT DISTRACTED,MD,Passenger Car,30,2004.0,Chev,TK,9,Friday,5
MCP2535002P,230034822,Montgomery County Police,Injury Crash,2023-07-21 21:45:00,Maryland (State),ROCKVILLE PIKE,MARINELLI RD,ANGLE MEETS LEFT HEAD ON,CLEAR,DRY,DARK LIGHTS ON,NO CONTROLS,NONE DETECTED,Yes,Suspected Serious Injury,NOT DISTRACTED,DC,Motorcycle,35,2018.0,Bmw,546,21,Friday,7
MCP2965004S,200041516,Montgomery County Police,Property Damage Crash,2020-10-21 10:14:00,Maryland (State),OLNEY SANDY SPRING RD,GEORGIA AVE,SAME DIR REAR END,CLOUDY,DRY,DAYLIGHT,TRAFFIC SIGNAL,NONE DETECTED,No,No Apparent Injury,NOT DISTRACTED,WV,Passenger Car,30,2018.0,Toyt,4S,10,Wednesday,10
MCP1119008W,200050597,Montgomery County Police,Injury Crash,2020-12-24 06:45:00,County,GOOD HOPE RD,CAPE MAY RD,HEAD ON,CLOUDY,WET,DARK LIGHTS ON,NO CONTROLS,NONE DETECTED,Yes,Possible Injury,NOT DISTRACTED,MD,Passenger Car,30,2005.0,Nissan,ALTIMA,6,Thursday,12
MCP1342000S,15060795,MONTGOMERY,Property Damage Crash,2015-11-28 14:37:00,County,GLEN RD,BEEKMAN PL,SINGLE VEHICLE,CLOUDY,WET,DAYLIGHT,NO CONTROLS,NONE DETECTED,Yes,No Apparent Injury,NOT DISTRACTED,MD,Passenger Car,30,2007.0,Toyota,4 DR,14,Saturday,11
MCP3136001F,190006535,Montgomery County Police,Property Damage Crash,2019-02-10 10:36:00,County,GLENVIEW AVE,DOMER AVE,OTHER,CLEAR,DRY,DAYLIGHT,NO CONTROLS,NONE DETECTED,No,No Apparent Injury,NOT DISTRACTED,MD,Passenger Car,25,2009.0,Honda,CIVIC,10,Sunday,2
MCP3113001X,190050516,Montgomery County Police,Property Damage Crash,2019-10-21 16:24:00,Maryland (State),CHERRY HILL RD,COLUMBIA PIKE,ANGLE MEETS LEFT TURN,Unknown,DRY,DAYLIGHT,TRAFFIC SIGNAL,Unknown,Yes,No Apparent Injury,UNKNOWN,Unknown,Passenger Car,30,2006.0,Lexus,SUV,16,Monday,10
MCP3400002B,250023702,MONTGOMERY,Property Damage Crash,2025-05-28 16:20:00,County Route,BROADBIRCH DR,Unknown,Front to Front,Rain,Wet,Daylight,No Controls,"Not Suspect of Alcohol Use, Not Suspect of Drug Use",No,No Apparent Injury,Not Distracted,MD,Van - Passenger (&Lt;9 Seats),30,2015.0,Nissan,NV200,16,Wednesday,5
MCP2358001N,15057878,MONTGOMERY,Injury Crash,2015-11-13 07:39:00,Maryland (State),RIVER RD,CLEWERWALL DR,SAME DIR REAR END,CLEAR,DRY,DAYLIGHT,NO CONTROLS,NONE DETECTED,No,Suspected Minor Injury,NOT DISTRACTED,VA,Passenger Car,40,2014.0,Nissan,TK,7,Friday,11
DD5611002H,17016238,Rockville Police Departme,Property Damage Crash,2017-03-30 19:18:00,Maryland (State),FIRST ST,MAPLE AVE,STRAIGHT MOVEMENT ANGLE,CLEAR,DRY,DAYLIGHT,NO CONTROLS,NONE DETECTED,No,No Apparent Injury,NOT DISTRACTED,MD,Passenger Car,20,2016.0,Honda,TK,19,Thursday,3
MCP3014004B,230069563,Montgomery County Police,Property Damage Crash,2023-12-02 23:29:00,County,ODENDHAL AVE,LOST KNIFE RD,SAME DIR REAR END,FOGGY,WET,DARK LIGHTS ON,TRAFFIC SIGNAL,NONE DETECTED,No,No Apparent Injury,NOT DISTRACTED,MD,Passenger Car,30,2000.0,Ford,4S,23,Saturday,12
EJ77810008,15007809,Gaithersburg Police Depar,Injury Crash,2015-02-17 09:30:00,Unknown,Unknown,Unknown,SAME DIR REND LEFT TURN,Unknown,Unknown,OTHER,NO CONTROLS,UNKNOWN,Yes,No Apparent Injury,NOT DISTRACTED,MD,Passenger Car,15,2012.0,Ford,4D,9,Tuesday,2
MCP2076000F,15043720,MONTGOMERY,Property Damage Crash,2015-08-31 13:21:00,Maryland (State),OLD COLUMBIA PIKE,E RANDOLPH RD,STRAIGHT MOVEMENT ANGLE,CLEAR,DRY,DAYLIGHT,TRAFFIC SIGNAL,NONE DETECTED,Yes,No Apparent Injury,UNKNOWN,MD,Passenger Car,45,2003.0,Toyt,COROLLA,13,Monday,8
MCP2829001M,15047227,MONTGOMERY,Injury Crash,2015-09-17 23:24:00,US (State),COLUMBIA PIKE,RAMP 4 FR US 29 NB TO CHERRY HILL RD EB,SINGLE VEHICLE,CLEAR,DRY,DARK LIGHTS ON,NO CONTROLS,NONE DETECTED,Yes,Possible Injury,NOT DISTRACTED,MD,Ambulance/Emergency,50,2005.0,Chev,EQUINOX,23,Thursday,9
DD56070019,15010913,Rockville Police Departme,Property Damage Crash,2015-03-09 16:37:00,Municipality,PARK RD,N STONESTREET AVE,OTHER,CLEAR,OTHER,DAYLIGHT,NO CONTROLS,NONE DETECTED,Yes,No Apparent Injury,LOOKED BUT DID NOT SEE,MD,Transit Bus,10,2014.0,Gillig,BU,16,Monday,3
DD5583002P,170519770,Rockville Police Departme,Injury Crash,2017-07-18 14:55:00,Maryland (State),FREDERICK RD,E GUDE DR,SAME DIR REAR END,CLEAR,DRY,DAYLIGHT,TRAFFIC SIGNAL,NONE DETECTED,No,Possible Injury,LOOKED BUT DID NOT SEE,MD,Passenger Car,35,2009.0,Acur,4S,14,Tuesday,7
MCP30550046,240005835,MONTGOMERY,Property Damage Crash,2024-02-04 10:00:00,Unknown,Unknown,Unknown,Unknown,Unknown,Unknown,Daylight,No Controls,"Unknown, Unknown",No,Unknown,Unknown,Unknown,Passenger Car,15,2021.0,Chrysler,PACIFICA,10,Sunday,2
MCP3400001N,240045834,MONTGOMERY,Property Damage Crash,2024-09-25 19:54:00,Unknown,Unknown,Unknown,Front to Front,Cloudy,Unknown,Dark - Lighted,Unknown,"Unknown, Unknown",No,Unknown,Unknown,Unknown,Passenger Car,0,2015.0,Chrysler,200,19,Wednesday,9
MCP2917009L,220023868,Montgomery County Police,Injury Crash,2022-06-03 20:59:00,County,WELLER RD,BUSHEY DR,STRAIGHT MOVEMENT ANGLE,CLEAR,DRY,DARK NO LIGHTS,STOP SIGN,NONE DETECTED,No,No Apparent Injury,NOT DISTRACTED,MD,Passenger Car,25,2015.0,Nissan,PATHFINDER,20,Friday,6
MCP31610052,230010872,Montgomery County Police,Property Damage Crash,2023-03-05 15:06:00,Maryland (State),CONNECTICUT AVE,JONES BRIDGE RD,SAME DIRECTION SIDESWIPE,CLEAR,DRY,DAYLIGHT,TRAFFIC SIGNAL,NONE DETECTED,Yes,No Apparent Injury,UNKNOWN,MD,Passenger Car,35,2008.0,Hyun,ELENTRA,15,Sunday,3
DD5605006H,190020014,Rockville Police Departme,Property Damage Crash,2019-04-29 09:00:00,Maryland (State),FALLS RD,RAMP 3 FR MD 189 EB TO IS 270 NB,SAME DIR REAR END,CLEAR,DRY,DAYLIGHT,TRAFFIC SIGNAL,NONE DETECTED,Yes,No Apparent Injury,INATTENTIVE OR LOST IN THOUGHT,MD,Passenger Car,40,2009.0,Hond,CIVIC,9,Monday,4
MCP3014001K,180028928,Montgomery County Police,Property Damage Crash,2018-06-12 03:18:00,Unknown,Unknown,Unknown,OTHER,CLEAR,Unknown,DARK LIGHTS ON,Unknown,NONE DETECTED,No,No Apparent Injury,NOT DISTRACTED,MD,Passenger Car,0,2013.0,Subaru,WRX,3,Tuesday,6
EJ7855002J,170540525,Gaithersburg Police Depar,Property Damage Crash,2017-11-02 18:33:00,Unknown,Unknown,Unknown,OTHER,CLEAR,Unknown,DARK LIGHTS ON,NO CONTROLS,NONE DETECTED,No,No Apparent Injury,NOT DISTRACTED,ND,Passenger Car,15,2011.0,Kia,4S,18,Thursday,11
MCP2330000P,16052155,Montgomery County Police,Property Damage Crash,2016-10-10 19:26:00,Maryland (State),VEIRS MILL RD,NEWPORT MILL RD,SAME DIR REAR END,CLEAR,DRY,DARK LIGHTS ON,NO CONTROLS,NONE DETECTED,Yes,No Apparent Injury,NOT DISTRACTED,MD,Passenger Car,40,1997.0,Nissan,MAXIMA,19,Monday,10
MCP9386005W,180036359,Montgomery County Police,Property Damage Crash,2018-07-23 05:20:00,Interstate (State),CAPITAL BELTWAY,ROCKVILLE PIKE,SINGLE VEHICLE,CLOUDY,WET,DAWN,Unknown,NONE DETECTED,Yes,No Apparent Injury,UNKNOWN,MD,Passenger Car,55,2009.0,Toyota,CAMRY,5,Monday,7
MCP2800002N,16046074,Montgomery County Police,Injury Crash,2016-09-08 20:10:00,Maryland (State),OLD GEORGETOWN RD,BEECH AVE,HEAD ON LEFT TURN,CLEAR,DRY,DARK LIGHTS ON,TRAFFIC SIGNAL,NONE DETECTED,No,Suspected Serious Injury,NOT DISTRACTED,VA,Passenger Car,40,1993.0,Toyota,CAMRY,20,Thursday,9
MCP3260000H,240022250,MONTGOMERY,Property Damage Crash,2024-05-11 14:40:00,Maryland (State) Route,UNIVERSITY BLVD E,Unknown,Front to Rear,Clear,Dry,Daylight,No Controls,"Not Suspect of Alcohol Use, Not Suspect of Drug Use",No,No Apparent Injury,Not Distracted,MD,Passenger Car,30,2011.0,Acura,TSX,14,Saturday,5
MCP9369001S,210019431,Montgomery County Police,Injury Crash,2021-05-23 02:15:00,Maryland (State),FREDERICK RD,RIDGEMONT AVE,SINGLE VEHICLE,CLEAR,DRY,DARK LIGHTS ON,NO CONTROLS,NONE DETECTED,No,No Apparent Injury,NOT DISTRACTED,MD,Passenger Car,40,2010.0,Honda,CIVIC,2,Sunday,5
MCP11230018,16046674,Montgomery County Police,Injury Crash,2016-09-12 07:07:00,Maryland (State),GEORGIA AVE,GEORGIA AVE BAPTIST CHURCH,SAME DIR REAR END,CLEAR,DRY,DAYLIGHT,NO CONTROLS,NONE DETECTED,No,Possible Injury,NOT DISTRACTED,MD,Pickup Truck,45,2012.0,Nissan,TK,7,Monday,9
DD5604002S,190010501,Rockville Police Departme,Injury Crash,2019-03-06 17:48:00,Maryland (State),ROCKVILLE PIKE,CONGRESSIONAL LA,SAME DIRECTION RIGHT TURN,CLEAR,DRY,DUSK,NO CONTROLS,NONE DETECTED,No,No Apparent Injury,NOT DISTRACTED,MD,Passenger Car,40,2006.0,Acur,4S,17,Wednesday,3
MCP2946003M,210007975,Montgomery County Police,Injury Crash,2021-03-03 08:47:00,Maryland (State),OLD HUNDRED RD,THURSTON RD,SINGLE VEHICLE,CLEAR,ICE,DAYLIGHT,Unknown,NONE DETECTED,Yes,No Apparent Injury,NOT DISTRACTED,MD,Pickup Truck,40,2005.0,Chev,SILVERADO,8,Wednesday,3
EJ7878004Y,230004368,Gaithersburg Police Depar,Property Damage Crash,2023-01-28 19:17:00,Unknown,Unknown,Unknown,OTHER,CLEAR,Unknown,DARK LIGHTS ON,NO CONTROLS,Unknown,No,No Apparent Injury,NOT DISTRACTED,MD,Passenger Car,15,2021.0,Honda,CIVIC,19,Saturday,1
MCP32270059,240017580,MONTGOMERY,Property Damage Crash,2024-04-15 17:20:00,Maryland (State) Route,UNIVERSITY BLVD E (WB/L),Unknown,Front to Rear,Clear,Dry,Daylight,No Controls,"Unknown, Unknown",No,No Apparent Injury,Unknown,Unknown,Passenger Car,35,2015.0,Ram,1500,17,Monday,4
EJ787300B6,250003116,GAITHERSBURG,Injury Crash,2025-01-22 18:16:00,Maryland (State) Route,S FREDERICK RD,E DEER PARK DR,Single Vehicle,Clear,Dry,Dark - Lighted,Traffic Control Signal,"Unknown, Unknown",Yes,No Apparent Injury,Unknown,PA,Sport Utility Vehicle,25,2023.0,Hyundai,SANTA FE,18,Wednesday,1
MCP31610071,240047101,MONTGOMERY,Injury Crash,2024-10-02 19:15:00,Maryland (State) Route,CONNECTICUT AVE,Unknown,Single Vehicle,Clear,Wet,Dark - Lighted,"Person (including flagger, law enforcement, crossing guard, etc.","Not Suspect of Alcohol Use, Not Suspect of Drug Use",No,No Apparent Injury,Unknown,MD,Passenger Car,35,2019.0,Subaru,FORESTER,19,Wednesday,10
MCP2298004D,15007147,Montgomery County Police,Property Damage Crash,2015-02-12 14:29:00,Maryland (State),GERMANTOWN RD,SENECA MEADOWS PKWY,HEAD ON LEFT TURN,CLEAR,DRY,DAYLIGHT,TRAFFIC SIGNAL,NONE DETECTED,No,No Apparent Injury,LOOKED BUT DID NOT SEE,MD,Passenger Car,45,2009.0,Hyun,SONATA,14,Thursday,2
MCP2962002P,180039494,Montgomery County Police,Injury Crash,2018-08-09 08:03:00,Maryland (State),GERMANTOWN RD,RICHTER FARM RD,SAME DIR REAR END,CLEAR,DRY,DAYLIGHT,TRAFFIC SIGNAL,NONE DETECTED,Yes,No Apparent Injury,BY OTHER OCCUPANTS,MD,Passenger Car,45,2017.0,Nissan,ARMADA,8,Thursday,8
MCP9404003W,220025776,Montgomery County Police,Property Damage Crash,2022-06-15 14:48:00,County,RAILROAD ST,WASHINGTON GROVE LA,HEAD ON LEFT TURN,CLEAR,DRY,DAYLIGHT,Unknown,NONE DETECTED,Yes,No Apparent Injury,LOOKED BUT DID NOT SEE,MD,Passenger Car,25,2022.0,Suba,UT,14,Wednesday,6
MCP2843002V,250030774,MONTGOMERY,Property Damage Crash,2025-07-06 15:00:00,Unknown,Unknown,Unknown,Rear To Side,Unknown,Unknown,Daylight,Unknown,"Not Suspect of Alcohol Use, Not Suspect of Drug Use",No,No Apparent Injury,Not Distracted,NY,Van - Passenger (&Lt;9 Seats),0,2014.0,Toyota,SIENNA,15,Sunday,7
MCP27030017,170500377,Montgomery County Police,Injury Crash,2017-04-04 16:24:00,County,RANDOLPH RD,HAMMONTON PL,STRAIGHT MOVEMENT ANGLE,CLEAR,DRY,DAYLIGHT,NO CONTROLS,Unknown,Yes,Possible Injury,NOT DISTRACTED,MD,Passenger Car,45,2003.0,Honda,VAN,16,Tuesday,4
MCP2932007L,240032418,MONTGOMERY,Property Damage Crash,2024-07-09 23:37:00,County Route,AVENEL RD,Unknown,"Sideswipe, Opposite Direction",Clear,Dry,Dark - Lighted,No Controls,"Not Suspect of Alcohol Use, Not Suspect of Drug Use",No,No Apparent Injury,Not Distracted,MD,Other,25,2020.0,Ram,5500,23,Tuesday,7
MCP2939006D,220014189,Montgomery County Police,Property Damage Crash,2022-04-03 18:13:00,Unknown,Unknown,Unknown,STRAIGHT MOVEMENT ANGLE,CLEAR,Unknown,DAYLIGHT,NO CONTROLS,NONE DETECTED,No,No Apparent Injury,NOT DISTRACTED,MD,Passenger Car,5,2013.0,Ford,SD,18,Sunday,4
MCP26860053,210034884,Montgomery County Police,Property Damage Crash,2021-09-05 18:56:00,County,WISTERIA DR,WEBSTER CT,SINGLE VEHICLE,RAINING,WET,DAYLIGHT,Unknown,UNKNOWN,Yes,No Apparent Injury,UNKNOWN,Unknown,Passenger Car,25,2008.0,Toyota,PRIUS,18,Sunday,9
MCP3245002G,220011770,Montgomery County Police,Injury Crash,2022-03-18 20:05:00,County,MUDDY BRANCH RD,DIAMONDBACK DR,HEAD ON LEFT TURN,CLEAR,DRY,DARK LIGHTS ON,TRAFFIC SIGNAL,NONE DETECTED,Yes,Suspected Minor Injury,LOOKED BUT DID NOT SEE,MD,Passenger Car,45,2021.0,Kia,UT,20,Friday,3
MCP2031000L,15031415,Montgomery County Police,Injury Crash,2015-06-27 11:42:00,County,BLUNT RD,SCENERY DR,HEAD ON,RAINING,WET,DAYLIGHT,NO CONTROLS,NONE DETECTED,No,No Apparent Injury,NOT DISTRACTED,MD,Passenger Car,35,2002.0,Ford,SUV,11,Saturday,6
MCP2121000P,16054237,Montgomery County Police,Property Damage Crash,2016-10-21 11:30:00,Maryland (State),CONNECTICUT AVE,BRADLEY LA,OTHER,CLEAR,DRY,DAYLIGHT,TRAFFIC SIGNAL,NONE DETECTED,No,No Apparent Injury,NOT DISTRACTED,FL,Passenger Car,30,1999.0,Acura,CL,11,Friday,10
MCP2456007R,230053795,Montgomery County Police,Injury Crash,2023-09-08 13:05:00,County,FLOWER AVE,PINEY BRANCH RD,STRAIGHT MOVEMENT ANGLE,CLEAR,DRY,DAYLIGHT,NO CONTROLS,NONE DETECTED,Yes,Possible Injury,UNKNOWN,MD,Passenger Car,25,2011.0,Toyt,UT,13,Friday,9
MCP2868003B,190046974,Montgomery County Police,Injury Crash,2019-10-01 07:45:00,County,RICHTER FARM RD,SHEARWATER PL,SAME DIR REAR END,CLEAR,DRY,DAYLIGHT,STOP SIGN,NONE DETECTED,Yes,No Apparent Injury,LOOKED BUT DID NOT SEE,MD,"Other Light Trucks (10,000Lbs (4,536Kg) Or Less)",25,2016.0,Ford,TK,7,Tuesday,10
MCP30140044,230057563,Montgomery County Police,Property Damage Crash,2023-09-29 18:35:00,Municipality,SEVEN LOCKS RD,FORTUNE TERR,HEAD ON,CLEAR,Unknown,DAYLIGHT,TRAFFIC SIGNAL,ALCOHOL CONTRIBUTED,Yes,No Apparent Injury,INATTENTIVE OR LOST IN THOUGHT,MD,Passenger Car,35,2022.0,Chevrolet,MALIBU,18,Friday,9
MCP2827003V,180018423,Montgomery County Police,Property Damage Crash,2018-04-15 16:07:00,County,WICKHAM DR,BOWIE MILL RD,STRAIGHT MOVEMENT ANGLE,RAINING,WET,DAYLIGHT,TRAFFIC SIGNAL,NONE DETECTED,Yes,No Apparent Injury,LOOKED BUT DID NOT SEE,MD,Passenger Car,40,2017.0,Ford,ESCAPE,16,Sunday,4
MCP2663000R,190010926,Montgomery County Police,Injury Crash,2019-03-09 00:20:00,Maryland (State),EAST WEST HWY,ROSEMARY HILLS RD,SINGLE VEHICLE,CLEAR,WET,DARK LIGHTS ON,NO CONTROLS,ALCOHOL PRESENT,Yes,Suspected Minor Injury,UNKNOWN,MD,Passenger Car,35,2003.0,Ford,4D,0,Saturday,3
MCP20880015,190025180,Montgomery County Police,Property Damage Crash,2019-05-27 12:53:00,Maryland (State),FREDERICK RD,CROGHAN RD,SAME DIR REAR END,Unknown,DRY,DAYLIGHT,NO CONTROLS,NONE DETECTED,No,No Apparent Injury,NOT DISTRACTED,DC,Passenger Car,40,2000.0,Mitsubishi,ECLIPSE,12,Monday,5
MCP3368001L,230051760,Montgomery County Police,Property Damage Crash,2023-08-28 07:30:00,Unknown,Unknown,Unknown,OTHER,CLEAR,Unknown,DAYLIGHT,NO CONTROLS,NONE DETECTED,Yes,No Apparent Injury,UNKNOWN,VA,Passenger Car,25,2017.0,Mercedes Benz,GLE,7,Monday,8
MCP1334005M,170535776,Montgomery County Police,Injury Crash,2017-10-10 09:56:00,County,GOSHEN RD,EMORY GROVE RD,SAME DIR REAR END,CLEAR,DRY,DAYLIGHT,TRAFFIC SIGNAL,NONE DETECTED,No,Suspected Minor Injury,NOT DISTRACTED,MD,Passenger Car,35,2007.0,Honda,CIVIC,9,Tuesday,10
MCP22980073,15062026,MONTGOMERY,Property Damage Crash,2015-12-04 18:06:00,Maryland (State),MAIN ST,WOODFIELD RD,SINGLE VEHICLE,CLEAR,DRY,DARK LIGHTS ON,TRAFFIC SIGNAL,NONE DETECTED,No,No Apparent Injury,NOT DISTRACTED,MD,Passenger Car,30,2001.0,Saturn,SW,18,Friday,12
EJ7809000L,15035678,GAITHERSBURG,Injury Crash,2015-07-20 09:15:00,Maryland (State),S FREDERICK RD,CEDAR AVE,SAME DIRECTION RIGHT TURN,CLEAR,DRY,DAYLIGHT,NO CONTROLS,NONE DETECTED,Yes,No Apparent Injury,UNKNOWN,MD,Pickup Truck,35,2008.0,Chevrolet,TK,9,Monday,7
MCP1048001Q,16030173,Montgomery County Police,Injury Crash,2016-06-15 07:29:00,County,TRAVILAH RD,MOLECULAR DR,SAME DIR REND LEFT TURN,RAINING,WET,DAYLIGHT,NO CONTROLS,NONE DETECTED,No,Possible Injury,NOT DISTRACTED,MD,Passenger Car,35,2007.0,Ford,FOCUS,7,Wednesday,6