Report Number,Local Case Number,Agency Name,ACRS Report Type,Crash Date/Time,Route Type,Road Name,Cross-Street Name,Collision Type,Weather,Surface Condition,Light,Traffic Control,Driver Substance Abuse,Driver At Fault,Injury Severity,Driver Distracted By,Drivers License State,Vehicle Body Type,Speed Limit,Vehicle Year,Vehicle Make,Vehicle Model,Crash Hour,Crash Day,Crash Month
MCP3123007G,240045491,MONTGOMERY,Property Damage Crash,2024-09-24 07:00:00,Maryland (State) Route,GREAT SENECA HWY,MIDDLEBROOK RD,Front to Rear,Rain,Wet,Dawn,Traffic Control Signal,"Not Suspect of Alcohol Use, Not Suspect of Drug Use",No,No Apparent Injury,Not Distracted,MD,Passenger Car,40,2016.0,Honda,CIVIC,7,Tuesday,9
DD56060040,16062808,Rockville Police Departme,Injury Crash,2016-12-07 13:04:00,Municipality,E JEFFERSON ST,CONGRESSIONAL LA,STRAIGHT MOVEMENT ANGLE,CLEAR,DRY,DAYLIGHT,STOP SIGN,NONE DETECTED,No,Possible Injury,NOT DISTRACTED,MD,Passenger Car,25,2011.0,Hyun,4S,13,Wednesday,12
MCP1220006V,180026363,Montgomery County Police,Property Damage Crash,2018-05-29 13:48:00,Maryland (State),GEORGIA AVE,16TH ST,SAME DIRECTION SIDESWIPE,CLOUDY,DRY,DAYLIGHT,TRAFFIC SIGNAL,NONE DETECTED,Yes,No Apparent Injury,UNKNOWN,MD,Passenger Car,35,2010.0,Toyt,PRIUS,13,Tuesday,5
MCP2437001T,16028844,Montgomery County Police,Property Damage Crash,2016-06-08 18:32:00,Unknown,Unknown,Unknown,STRAIGHT MOVEMENT ANGLE,CLEAR,Unknown,DAYLIGHT,NO CONTROLS,NONE DETECTED,Yes,No Apparent Injury,LOOKED BUT DID NOT SEE,MD,Passenger Car,0,2002.0,Mitsubishi,LANCER,18,Wednesday,6
MCP93010037,200006964,Montgomery County Police,Injury Crash,2020-02-11 15:20:00,County,MUDDY BRANCH RD,HARMONY HALL RD,SAME DIRECTION LEFT TURN,Unknown,WET,Unknown,OTHER,Unknown,Yes,No Apparent Injury,NOT DISTRACTED,MD,Passenger Car,40,2010.0,Ford,4S,15,Tuesday,2
MCP21460009,180044171,Montgomery County Police,Injury Crash,2018-09-04 17:44:00,Maryland (State),QUINCE ORCHARD RD,ENT TO PARK & RIDE,HEAD ON LEFT TURN,Unknown,DRY,DAYLIGHT,TRAFFIC SIGNAL,NONE DETECTED,No,Suspected Minor Injury,NOT DISTRACTED,MD,Passenger Car,35,2014.0,Buick,REGAL,17,Tuesday,9
MCP2436005T,180037690,Montgomery County Police,Injury Crash,2018-07-30 08:09:00,Maryland (State),UNIVERSITY BLVD E,WILLIAMSBURG DR,SAME DIR REAR END,Unknown,DRY,DAYLIGHT,TRAFFIC SIGNAL,NONE DETECTED,Yes,No Apparent Injury,UNKNOWN,MD,Van,35,2006.0,Chevrolet,EXPRESS,8,Monday,7
MCP2611000V,15053637,MONTGOMERY,Property Damage Crash,2015-10-22 16:10:00,County,CHERRY HILL RD,O'FALLON ST,SAME DIR REAR END,CLEAR,DRY,DAYLIGHT,TRAFFIC SIGNAL,NONE DETECTED,Yes,No Apparent Injury,NOT DISTRACTED,MD,Passenger Car,35,2001.0,Nissan,4S,16,Thursday,10
EJ78870048,240023749,GAITHERSBURG,Property Damage Crash,2024-05-20 11:00:00,County Route,CENTRAL AVE,S FREDERICK RD,Rear To Side,Clear,Dry,Daylight,No Controls,"Not Suspect of Alcohol Use, Not Suspect of Drug Use",No,No Apparent Injury,Not Distracted,MD,Passenger Car,35,2008.0,Subaru,FORESTER,11,Monday,5
MCP20010018,200004073,Montgomery County Police,Injury Crash,2020-01-25 21:56:00,Maryland (State),FREDERICK RD,ENT TO SHADY GROVE METRO STATION,HEAD ON LEFT TURN,CLEAR,DRY,DARK LIGHTS ON,NO CONTROLS,NONE DETECTED,No,Possible Injury,UNKNOWN,MD,Passenger Car,40,2012.0,Honda,CIVIC,21,Saturday,1
MCP3284002L,250029867,MONTGOMERY,Injury Crash,2025-07-05 00:50:00,US (State),OLD COLUMBIA PIKE (SB/L),OLD COLUMBIA PIKE RAMP 6 FR MD 198 EB TO US 29 SB,Angle,Clear,Dry,Dark - Lighted,Flashing Traffic Control Signal,"Not Suspect of Alcohol Use, Not Suspect of Drug Use",No,Possible Injury,Not Distracted,MD,Passenger Car,45,2013.0,Honda,CIVIC,0,Saturday,7
MCP2622000T,16025453,Montgomery County Police,Property Damage Crash,2016-05-22 15:00:00,Maryland (State),SANDY SPRING RD,COLUMBIA PIKE,STRAIGHT MOVEMENT ANGLE,RAINING,WET,DAYLIGHT,TRAFFIC SIGNAL,NONE DETECTED,Yes,No Apparent Injury,NOT DISTRACTED,MD,Passenger Car,50,2004.0,Toyota,CAMRY,15,Sunday,5
MCP2052003X,240035112,MONTGOMERY,Injury Crash,2024-07-25 12:54:00,County Route,SHADY GROVE RD,RAMP 6 FR SHADY GROVE RD EB TO IS 270 SB,"Sideswipe, Same Direction",Clear,Dry,Daylight,Flashing Traffic Control Signal,"Not Suspect of Alcohol Use, Not Suspect of Drug Use",No,No Apparent Injury,Not Distracted,MD,Sport Utility Vehicle,35,2013.0,Acura,MDX,12,Thursday,7
MCP24550029,180024477,Montgomery County Police,Property Damage Crash,2018-05-18 18:08:00,County,RANDOLPH RD,GALENA RD,SAME DIR REAR END,RAINING,WET,DAYLIGHT,Unknown,Unknown,No,No Apparent Injury,NOT DISTRACTED,MD,Passenger Car,35,2010.0,Toyt,4S,18,Friday,5
MCP22030093,250015967,MONTGOMERY,Property Damage Crash,2025-04-12 13:35:00,County Route,RANDOLPH RD,Unknown,Front to Rear,Cloudy,Dry,Daylight,No Controls,"Not Suspect of Alcohol Use, Not Suspect of Drug Use",No,No Apparent Injury,Not Distracted,MD,Sport Utility Vehicle,30,2018.0,Honda,CR-V,13,Saturday,4
MCP3040005C,220022861,Montgomery County Police,Injury Crash,2022-05-28 15:00:00,Maryland (State),NEW HAMPSHIRE AVE,BRIGHTON KNOLLS DR,SINGLE VEHICLE,CLEAR,DRY,DAYLIGHT,NO CONTROLS,NONE DETECTED,Yes,Possible Injury,LOOKED BUT DID NOT SEE,MD,Passenger Car,40,2018.0,Audi,UT,15,Saturday,5
MCP2892000V,15028766,Montgomery County Police,Property Damage Crash,2015-06-13 07:44:00,US (State),COLUMBIA PIKE,BLACKBURN RD,SAME DIRECTION SIDESWIPE,CLEAR,DRY,DAYLIGHT,NO CONTROLS,NONE DETECTED,Yes,No Apparent Injury,NOT DISTRACTED,CA,Passenger Car,55,2000.0,Nissan,MAXIMA,7,Saturday,6
MCP2809002D,15052959,MONTGOMERY,Injury Crash,2015-10-20 07:09:00,Maryland (State),GEORGIA AVE,ARCOLA AVE,SAME DIR REAR END,Unknown,DRY,DAWN,TRAFFIC SIGNAL,Unknown,No,No Apparent Injury,NOT DISTRACTED,MD,Passenger Car,35,2014.0,Toyota,SIENNA,7,Tuesday,10
MCP3143000T,180058296,Montgomery County Police,Property Damage Crash,2018-11-20 20:06:00,Maryland (State),ROCKVILLE PIKE,MARINELLI RD,STRAIGHT MOVEMENT ANGLE,CLEAR,DRY,DARK LIGHTS ON,TRAFFIC SIGNAL,NONE DETECTED,No,No Apparent Injury,NOT DISTRACTED,MD,Passenger Car,35,2016.0,Honda,CRV,20,Tuesday,11
MCP2102004D,230059621,Montgomery County Police,Injury Crash,2023-10-10 10:34:00,Maryland (State),FREDERICK RD,OXBRIDGE DR,HEAD ON LEFT TURN,CLEAR,DRY,DAYLIGHT,NO CONTROLS,NONE DETECTED,Yes,Suspected Minor Injury,NOT DISTRACTED,MD,Passenger Car,45,2014.0,Chevrolet,VOLT,10,Tuesday,10
MCP2588002V,170519246,Montgomery County Police,Property Damage Crash,2017-07-15 10:55:00,County,GREENLY ST,GOODHILL RD,OTHER,CLEAR,Unknown,DAYLIGHT,STOP SIGN,NONE DETECTED,Unknown,No Apparent Injury,NOT DISTRACTED,MD,Passenger Car,15,2007.0,Honda,CIVIC,10,Saturday,7
MCP2730004V,250005302,MONTGOMERY,Injury Crash,2025-02-05 13:10:00,Maryland (State) Route,GERMANTOWN RD (SB/L),Unknown,Front to Rear,Clear,Dry,Daylight,No Controls,"Not Suspect of Alcohol Use, Not Suspect of Drug Use",Yes,No Apparent Injury,Not Distracted,MD,Sport Utility Vehicle,35,2015.0,Nissan,ROGUE,13,Wednesday,2
MCP30640029,190033746,Montgomery County Police,Injury Crash,2019-07-16 12:40:00,Maryland (State),GEORGIA AVE,SHOREFIELD RD,SAME DIR REAR END,Unknown,DRY,DAYLIGHT,TRAFFIC SIGNAL,NONE DETECTED,No,Suspected Serious Injury,NOT DISTRACTED,MD,Passenger Car,35,2017.0,Nissan,ALTIMA,12,Tuesday,7
DD5607002W,190028173,Rockville Police Departme,Injury Crash,2019-06-13 05:10:00,Municipality,BALTIMORE RD,FIRST ST,HEAD ON LEFT TURN,RAINING,WET,DARK LIGHTS ON,FLASHING TRAFFIC SIGNAL,NONE DETECTED,Yes,Suspected Minor Injury,NOT DISTRACTED,MD,Passenger Car,45,2007.0,Nissan,ALTIMA,5,Thursday,6
MCP3053006V,230059423,Montgomery County Police,Property Damage Crash,2023-10-09 10:28:00,County,HENDERSON AVE,VALLEYWOOD DR,SAME DIR REAR END,CLEAR,DRY,DAYLIGHT,NO CONTROLS,Unknown,No,No Apparent Injury,NOT DISTRACTED,MD,Other,20,2019.0,Make,TK,10,Monday,10
MCP28230036,170532920,Montgomery County Police,Property Damage Crash,2017-09-24 20:09:00,County,RALPH RD,GALVEZ ST,SAME DIRECTION RIGHT TURN,CLEAR,DRY,DARK LIGHTS ON,NO CONTROLS,NONE DETECTED,Yes,No Apparent Injury,INATTENTIVE OR LOST IN THOUGHT,MD,Passenger Car,25,2011.0,Acur,4S,20,Sunday,9
DD5651006B,250022634,ROCKVILLE,Injury Crash,2025-05-22 08:40:00,Maryland (State) Route,W MONTGOMERY AVE (WB/L),Unknown,Front to Rear,Rain,Wet,Daylight,Traffic Control Signal,"Not Suspect of Alcohol Use, Not Suspect of Drug Use",No,Possible Injury,Not Distracted,MD,Passenger Car,45,2016.0,Mazda,CX-5,8,Thursday,5
MCP2893001Z,16022092,Montgomery County Police,Property Damage Crash,2016-05-04 18:59:00,Maryland (State),RIDGE RD,HAWKES RD,SAME DIR REAR END,CLEAR,DRY,DAYLIGHT,NO CONTROLS,NONE DETECTED,No,No Apparent Injury,NOT DISTRACTED,MD,Passenger Car,40,2015.0,Nissan,4S,18,Wednesday,5
MCP3228005M,240005625,MONTGOMERY,Property Damage Crash,2024-01-29 08:30:00,Maryland (State) Route,16TH ST (SB/L),Unknown,"Sideswipe, Same Direction",Clear,Dry,Daylight,No Controls,"Not Suspect of Alcohol Use, Not Suspect of Drug Use",No,No Apparent Injury,Not Distracted,MD,Passenger Car,35,2009.0,Honda,CR-V,8,Monday,1
MCP2855005L,250017033,MONTGOMERY,Property Damage Crash,2025-04-19 16:08:00,US (State),COLUMBIA PIKE,Unknown,"Sideswipe, Same Direction",Clear,Dry,Daylight,No Controls,"Not Suspect of Alcohol Use, Not Suspect of Drug Use",Yes,No Apparent Injury,Not Distracted,MD,Sport Utility Vehicle,35,2020.0,Gmc,ACADIA,16,Saturday,4
MCP31630098,250044670,MONTGOMERY,Property Damage Crash,2025-10-04 17:55:00,Unknown,Unknown,Unknown,Single Vehicle,Clear,Unknown,Daylight,Unknown,"Not Suspect of Alcohol Use, Not Suspect of Drug Use",No,No Apparent Injury,Not Distracted,MD,Sport Utility Vehicle,0,2025.0,Dodge,DURANGO,17,Saturday,10
MCP3264002C,220005851,Montgomery County Police,Property Damage Crash,2022-02-10 14:10:00,County,FENTON ST,BONIFANT ST,STRAIGHT MOVEMENT ANGLE,CLEAR,DRY,DAYLIGHT,NO CONTROLS,NONE DETECTED,Yes,No Apparent Injury,NOT DISTRACTED,MD,Passenger Car,15,2015.0,Toyt,COROLLA,14,Thursday,2
MCP2902000Y,15053810,MONTGOMERY,Property Damage Crash,2015-10-23 12:36:00,County,BRINK RD,FREDERICK RD,SAME DIR REAR END,CLEAR,DRY,DAYLIGHT,NO CONTROLS,NONE DETECTED,Yes,No Apparent Injury,LOOKED BUT DID NOT SEE,MD,Pickup Truck,40,2005.0,Chevy,COLORADO,12,Friday,10
MCP1505001C,210031500,Montgomery County Police,Injury Crash,2021-08-13 16:35:00,County,RIDGE RD,OBSERVATION DR,SAME DIR REAR END,RAINING,WET,DAYLIGHT,Unknown,NONE DETECTED,No,Possible Injury,NOT DISTRACTED,MD,Pickup Truck,40,2005.0,Toyt,TK,16,Friday,8
MCP3024001S,190060811,Montgomery County Police,Injury Crash,2019-12-17 18:02:00,County,BARNESVILLE RD,MT EPHRAIM RD,SINGLE VEHICLE,RAINING,WET,DARK LIGHTS ON,STOP SIGN,Unknown,Yes,Suspected Minor Injury,DISTRACTED BY OUTSIDE PERSON OBJECT OR EVENT,VA,Passenger Car,40,2006.0,Mercedes,C280,18,Tuesday,12
MCP3195004M,250025126,MONTGOMERY,Property Damage Crash,2025-06-05 19:20:00,County Route,CAVALIER DR,Unknown,Rear To Rear,Clear,Dry,Daylight,No Controls,"Not Suspect of Alcohol Use, Not Suspect of Drug Use",Yes,No Apparent Injury,"Other Action (looking away from task, etc.)",MD,Passenger Car,15,2009.0,Bmw,328I,19,Thursday,6
EJ7858005R,210016370,Gaithersburg Police Depar,Property Damage Crash,2021-05-02 10:55:00,Maryland (State),GREAT SENECA HWY,SAM EIG HWY,SAME DIRECTION SIDESWIPE,CLEAR,DRY,DAYLIGHT,NO CONTROLS,NONE DETECTED,No,No Apparent Injury,NOT DISTRACTED,MD,Passenger Car,50,2004.0,Buic,4S,10,Sunday,5
MCP30090015,180052841,Montgomery County Police,Property Damage Crash,2018-10-22 08:50:00,Maryland (State),FREDERICK RD,BOLAND FARM RD,SAME DIR REAR END,Unknown,Unknown,DAYLIGHT,FLASHING TRAFFIC SIGNAL,Unknown,Yes,No Apparent Injury,NOT DISTRACTED,MD,Passenger Car,45,2012.0,Lexus,4D,8,Monday,10
MCP3005003M,180014171,Montgomery County Police,Property Damage Crash,2018-03-22 13:40:00,Maryland (State),GEORGIA AVE,RANDOLPH RD,SAME DIRECTION SIDESWIPE,CLEAR,DRY,DAYLIGHT,TRAFFIC SIGNAL,NONE DETECTED,Yes,No Apparent Injury,LOOKED BUT DID NOT SEE,MD,Pickup Truck,35,2016.0,Ford,F450,13,Thursday,3
MCP28180034,170536099,Montgomery County Police,Injury Crash,2017-10-11 18:55:00,County,BONIFANT ST,CEDAR ST,OTHER,RAINING,WET,DARK LIGHTS ON,STOP SIGN,NONE DETECTED,Yes,No Apparent Injury,LOOKED BUT DID NOT SEE,MD,Passenger Car,25,2012.0,Ford,FUSION,18,Wednesday,10
MCP2904006R,190015346,Montgomery County Police,Injury Crash,2019-04-02 21:45:00,County,CARROLL AVE,OSAGE ST,STRAIGHT MOVEMENT ANGLE,CLEAR,WET,DARK LIGHTS ON,STOP SIGN,NONE DETECTED,No,Possible Injury,NOT DISTRACTED,MD,Passenger Car,35,2011.0,Toyota,RAV 4,21,Tuesday,4
MCP3125001L,190032173,Montgomery County Police,Property Damage Crash,2019-07-06 16:47:00,Unknown,Unknown,Unknown,OTHER,CLEAR,Unknown,DAYLIGHT,Unknown,UNKNOWN,Yes,No Apparent Injury,UNKNOWN,Unknown,Passenger Car,25,2013.0,Dodge,CHALLENGER,16,Saturday,7
MCP30580032,190048343,Montgomery County Police,Property Damage Crash,2019-10-08 16:30:00,Maryland (State),W MONTGOMERY AVE,ENT TO BUSINESS,SINGLE VEHICLE,CLOUDY,DRY,DAYLIGHT,NO CONTROLS,NONE DETECTED,Yes,No Apparent Injury,INATTENTIVE OR LOST IN THOUGHT,MD,Passenger Car,35,2016.0,Kia,SORENTO,16,Tuesday,10
MCP31050026,190033436,Montgomery County Police,Property Damage Crash,2019-07-12 17:00:00,Unknown,Unknown,Unknown,OPPOSITE DIRECTION SIDESWIPE,UNKNOWN,Unknown,UNKNOWN,Unknown,UNKNOWN,Yes,No Apparent Injury,UNKNOWN,Unknown,Passenger Car,0,2013.0,Toyota,COROLLA,17,Friday,7
MCP1213008H,230059482,Montgomery County Police,Injury Crash,2023-10-09 15:20:00,Maryland (State),LAYHILL RD,GLENALLAN AVE,SAME DIR REAR END,CLEAR,DRY,DAYLIGHT,TRAFFIC SIGNAL,NONE DETECTED,No,No Apparent Injury,NOT DISTRACTED,MD,Pickup Truck,40,2002.0,Chevy,C1500,15,Monday,10
MCP2789005Q,190011466,Montgomery County Police,Property Damage Crash,2019-03-12 15:30:00,County,INDUSTRIAL PKWY,OLD COLUMBIA PIKE,SAME DIR REAR END,CLEAR,DRY,DAYLIGHT,NO CONTROLS,Unknown,Yes,No Apparent Injury,LOOKED BUT DID NOT SEE,DC,Passenger Car,35,2017.0,Chrysler,4D,15,Tuesday,3
MCP3040002Y,190001955,Montgomery County Police,Injury Crash,2019-01-12 16:00:00,Maryland (State),GEORGIA AVE,EMORY LA,SAME DIR REAR END,SNOW,WET,DAYLIGHT,TRAFFIC SIGNAL,Unknown,Yes,No Apparent Injury,OTHER CELLULAR PHONE RELATED,MD,Passenger Car,50,2002.0,Chev,TK,16,Saturday,1
EJ7846000Q,15011482,Gaithersburg Police Depar,Injury Crash,2015-03-12 17:39:00,Maryland (State),FREDERICK RD,MONTGOMERY AVE,ANGLE MEETS LEFT HEAD ON,CLEAR,DRY,DAYLIGHT,STOP SIGN,NONE DETECTED,Yes,Suspected Minor Injury,NOT DISTRACTED,MD,Passenger Car,25,1994.0,Honda,ACCORD,17,Thursday,3
MCP15750024,15004162,Montgomery County Police,Injury Crash,2015-01-26 11:55:00,County,DUFIEF MILL RD,DUFIEF DR,OPPOSITE DIRECTION SIDESWIPE,SNOW,WET,DAYLIGHT,NO CONTROLS,NONE DETECTED,Yes,No Apparent Injury,UNKNOWN,MD,Other,35,2014.0,Chevrolet,EXPRESS,11,Monday,1
MCP2870001P,16040770,Montgomery County Police,Property Damage Crash,2016-08-11 18:55:00,County,FOREST GLEN RD,SLIGO CREEK PKWY,SAME DIRECTION SIDESWIPE,CLEAR,DRY,DAYLIGHT,TRAFFIC SIGNAL,NONE DETECTED,No,No Apparent Injury,NOT DISTRACTED,MD,Police Vehicle/Non Emergency,30,2006.0,Ford,CROWN VIC,18,Thursday,8
MCP2420001G,16025860,Montgomery County Police,Property Damage Crash,2016-05-24 18:36:00,County,WILLOW GROVE RD,BRIARS RD,STRAIGHT MOVEMENT ANGLE,CLEAR,DRY,DAYLIGHT,STOP SIGN,NONE DETECTED,Yes,No Apparent Injury,LOOKED BUT DID NOT SEE,MD,(Sport) Utility Vehicle,30,2005.0,Volv,TK,18,Tuesday,5
MCP3271005K,250002034,MONTGOMERY,Property Damage Crash,2025-01-15 16:30:00,County Route,TUSCARAWAS RD,Unknown,Front to Rear,Clear,Dry,Daylight,No Controls,"Not Suspect of Alcohol Use, Not Suspect of Drug Use",Yes,No Apparent Injury,Unknown,MD,Van - Passenger (&Lt;9 Seats),25,2011.0,Volkswagen,ROUTAN,16,Wednesday,1
DD5631001F,180056876,Rockville Police Departme,Property Damage Crash,2018-11-13 08:00:00,Maryland (State),VEIRS MILL RD,EDMONSTON DR,STRAIGHT MOVEMENT ANGLE,CLOUDY,DRY,DAYLIGHT,TRAFFIC SIGNAL,NONE DETECTED,Yes,No Apparent Injury,LOOKED BUT DID NOT SEE,MD,Passenger Car,40,2018.0,Toyota,RAV4,8,Tuesday,11
MCP24870035,230030708,Montgomery County Police,Property Damage Crash,2023-06-27 10:30:00,County,TRAVILAH RD,BACALL LA,SAME DIRECTION LEFT TURN,CLEAR,DRY,DAYLIGHT,NO CONTROLS,NONE DETECTED,No,No Apparent Injury,NOT DISTRACTED,MD,Passenger Car,30,2020.0,Tesla,4S,10,Tuesday,6
MCP3020002K,180046943,Montgomery County Police,Property Damage Crash,2018-09-19 20:00:00,Unknown,Unknown,Unknown,SAME DIR REAR END,CLOUDY,Unknown,UNKNOWN,NO CONTROLS,Unknown,Yes,No Apparent Injury,NOT DISTRACTED,Unknown,(Sport) Utility Vehicle,15,2007.0,Saturn,OUTLOOK,20,Wednesday,9
MCP2914003W,16063599,Montgomery County Police,Injury Crash,2016-12-11 16:12:00,US (State),COLUMBIA PIKE,LOCKWOOD DR,SAME DIR REAR END,CLOUDY,Unknown,DAYLIGHT,TRAFFIC SIGNAL,Unknown,No,Possible Injury,NOT DISTRACTED,MD,Passenger Car,40,2016.0,Honda,ACCORD,16,Sunday,12
MCP2789002S,16053047,Montgomery County Police,Injury Crash,2016-10-15 16:05:00,Interstate (State),CAPITAL BELTWAY,EXIT #31,SAME DIR REAR END,CLEAR,DRY,DAYLIGHT,NO CONTROLS,Unknown,No,No Apparent Injury,NOT DISTRACTED,PA,Passenger Car,55,2010.0,Suburu,LEGACY,16,Saturday,10
MCP3222002K,230032390,Montgomery County Police,Property Damage Crash,2023-07-07 15:07:00,County,CEDAR LA,ROCKVILLE PIKE,STRAIGHT MOVEMENT ANGLE,CLEAR,DRY,DAYLIGHT,TRAFFIC SIGNAL,NONE DETECTED,No,No Apparent Injury,NOT DISTRACTED,MD,Passenger Car,35,2018.0,Volkswagen,PASSAT,15,Friday,7
MCP3244000Q,200049918,Montgomery County Police,Property Damage Crash,2020-12-19 16:47:00,US (State),COLUMBIA PIKE,FAIRLAND RD,SAME DIR REAR END,Unknown,DRY,DARK LIGHTS ON,TRAFFIC SIGNAL,NONE DETECTED,Yes,No Apparent Injury,UNKNOWN,MD,Pickup Truck,50,2012.0,Dodge,RAM,16,Saturday,12
MCP2286000W,15051796,MONTGOMERY,Property Damage Crash,2015-10-12 18:32:00,County,CRABBS BRANCH WAY,INDIANOLA DR,SAME DIRECTION SIDESWIPE,CLEAR,DRY,DAYLIGHT,Unknown,NONE DETECTED,Yes,No Apparent Injury,LOOKED BUT DID NOT SEE,MD,Other,35,2008.0,Crane,TK,18,Monday,10
MCP1309002Z,190051276,Montgomery County Police,Property Damage Crash,2019-10-25 09:35:00,Maryland (State),OLD HUNDRED RD,RAMP 3 FR MD 109 EB TO RAMP 2 (TO IS270),HEAD ON LEFT TURN,CLEAR,DRY,DAYLIGHT,NO CONTROLS,NONE DETECTED,Yes,No Apparent Injury,NOT DISTRACTED,MD,Passenger Car,30,2011.0,Hyundai,SONATA,9,Friday,10
MCP30070027,170531437,Montgomery County Police,Property Damage Crash,2017-09-19 08:02:00,Maryland (State),LAYHILL RD,CHESTER MILL RD,SAME DIR REAR END,CLEAR,DRY,DAYLIGHT,NO CONTROLS,Unknown,Yes,No Apparent Injury,INATTENTIVE OR LOST IN THOUGHT,MD,Passenger Car,40,2001.0,Volvo,S40,8,Tuesday,9
MCP2314000Y,170537828,Montgomery County Police,Injury Crash,2017-10-19 12:45:00,Maryland (State),RIVER RD,COUNSELMAN RD,SAME DIR REAR END,Unknown,UNKNOWN,DAYLIGHT,TRAFFIC SIGNAL,UNKNOWN,No,Possible Injury,NOT DISTRACTED,MD,"Other Light Trucks (10,000Lbs (4,536Kg) Or Less)",30,2002.0,Ford,TK/F250,12,Thursday,10
MCP2450004V,230067471,Montgomery County Police,Property Damage Crash,2023-11-20 17:30:00,County,AIRPARK RD,CHENNAULT WAY,ANGLE MEETS LEFT HEAD ON,Unknown,DRY,DARK NO LIGHTS,STOP SIGN,NONE DETECTED,Yes,No Apparent Injury,NOT DISTRACTED,MD,Passenger Car,30,2009.0,Lincoln,MKX,17,Monday,11
MCP3351002G,240023033,MONTGOMERY,Injury Crash,2024-05-15 21:07:00,Ramp,RAMP 1 FR MD 650 NB TO RAMP 8 (TO US 29),Unknown,Angle,Clear,Dry,Dark - Unknown Lighting,Traffic Control Signal,"Not Suspect of Alcohol Use, Not Suspect of Drug Use",Yes,Possible Injury,Not Distracted,MD,Other,35,2023.0,Ford,UNKNOWN,21,Wednesday,5
DD5645001T,220017457,Rockville Police Departme,Injury Crash,2022-04-24 21:11:00,Maryland (State),ROCKVILLE PIKE,VEIRS MILL RD,SAME DIR REAR END,CLEAR,DRY,DARK LIGHTS ON,NO CONTROLS,NONE DETECTED,Yes,No Apparent Injury,UNKNOWN,MD,(Sport) Utility Vehicle,35,2013.0,Nissan,ROGUE,21,Sunday,4
MCP3106000B,180014789,Montgomery County Police,Property Damage Crash,2018-03-26 08:54:00,Unknown,Unknown,Unknown,SINGLE VEHICLE,CLEAR,Unknown,DAYLIGHT,Unknown,Unknown,Yes,No Apparent Injury,LOOKED BUT DID NOT SEE,MD,Ambulance/Emergency,5,2012.0,Spar,TK,8,Monday,3
MCP2813002H,16045574,Montgomery County Police,Injury Crash,2016-09-06 16:16:00,Maryland (State),GEORGIA AVE,WINDHAM LA,SAME DIR REAR END,CLEAR,DRY,DAYLIGHT,NO CONTROLS,Unknown,Yes,No Apparent Injury,LOOKED BUT DID NOT SEE,MD,Passenger Car,35,2002.0,Acur,3.5 RI,16,Tuesday,9
MCP2939005P,210024402,Montgomery County Police,Injury Crash,2021-06-25 17:43:00,County,BRINK RD,COZY CT,STRAIGHT MOVEMENT ANGLE,Unknown,DRY,DAYLIGHT,NO CONTROLS,NONE DETECTED,No,Suspected Serious Injury,NOT DISTRACTED,MD,Passenger Car,35,2010.0,Ford,F150,17,Friday,6
MCP3123002V,210035355,Montgomery County Police,Injury Crash,2021-09-08 20:32:00,County,SHADY GROVE RD,CORPORATE BLVD,SAME DIR REAR END,CLEAR,DRY,DARK LIGHTS ON,Unknown,Unknown,No,Possible Injury,NOT DISTRACTED,MD,Passenger Car,40,2005.0,Toyota,CAMRY,20,Wednesday,9
MCP3111002T,200035454,Montgomery County Police,Property Damage Crash,2020-09-10 08:31:00,County,BROOKVILLE RD,STEWART AVE,SAME DIRECTION LEFT TURN,CLOUDY,DRY,DAYLIGHT,NO CONTROLS,NONE DETECTED,Yes,No Apparent Injury,LOOKED BUT DID NOT SEE,MD,Passenger Car,25,2015.0,Honda,CRV,8,Thursday,9
MCP271700QZ,190051275,Montgomery County Police,Property Damage Crash,2019-10-25 09:10:00,County,TUCKERMAN LA,GROSVENOR PL,SAME DIRECTION SIDESWIPE,CLEAR,DRY,DAYLIGHT,TRAFFIC SIGNAL,Unknown,Yes,No Apparent Injury,LOOKED BUT DID NOT SEE,MD,Transit Bus,35,2009.0,Gillig,TRANSIT BUS,9,Friday,10
MCP33600021,240061249,MONTGOMERY,Property Damage Crash,2024-12-23 08:15:00,County Route,MONTGOMERY VILLAGE AVE (SB/L),WALKERS CHOICE RD,Angle,Clear,Dry,Daylight,Traffic Control Signal,"Not Suspect of Alcohol Use, Not Suspect of Drug Use",Yes,No Apparent Injury,Talking/listening,MD,Passenger Car,35,2020.0,Nissan,VERSA,8,Monday,12
MCP3311001P,230013367,Montgomery County Police,Property Damage Crash,2023-03-19 18:53:00,Maryland (State),COLESVILLE RD,WMATA BUS LOOP,SAME DIR REAR END,CLEAR,DRY,DAYLIGHT,TRAFFIC SIGNAL,Unknown,Yes,No Apparent Injury,UNKNOWN,MD,Transit Bus,35,2016.0,Gill,BUS,18,Sunday,3
MCP2908001W,16054574,Montgomery County Police,Property Damage Crash,2016-10-23 14:39:00,US (State),COLESVILLE RD,TIMBERWOOD AVE,HEAD ON LEFT TURN,CLEAR,DRY,DAYLIGHT,NO CONTROLS,NONE DETECTED,No,No Apparent Injury,NOT DISTRACTED,MD,Passenger Car,40,2016.0,Toyt,CAMRY,14,Sunday,10
MCP0899003J,180058065,Montgomery County Police,Property Damage Crash,2018-11-19 17:03:00,Maryland (State),WISCONSIN AVE,HAMPDEN LA,SAME DIRECTION RIGHT TURN,CLOUDY,DRY,DUSK,NO CONTROLS,NONE DETECTED,No,No Apparent Injury,NOT DISTRACTED,VA,Passenger Car,25,2018.0,Ford,ESCAPE,17,Monday,11