Report Number,Local Case Number,Agency Name,ACRS Report Type,Crash Date/Time,Route Type,Road Name,Cross-Street Name,Collision Type,Weather,Surface Condition,Light,Traffic Control,Driver Substance Abuse,Driver At Fault,Injury Severity,Driver Distracted By,Drivers License State,Vehicle Body Type,Speed Limit,Vehicle Year,Vehicle Make,Vehicle Model,Crash Hour,Crash Day,Crash Month
MCP3361001F,250007101,MONTGOMERY,Property Damage Crash,2025-02-17 23:38:00,Maryland (State) Route,VEIRS MILL RD,UNIVERSITY BLVD W (WB/L),"Sideswipe, Opposite Direction",Clear,Dry,Dark - Lighted,Traffic Control Signal,"Not Suspect of Alcohol Use, Not Suspect of Drug Use",No,No Apparent Injury,Not Distracted,MD,Sport Utility Vehicle,25,2015.0,Chevrolet,TAHOE,23,Monday,2
MCP2898003S,230020803,Montgomery County Police,Injury Crash,2023-05-01 15:52:00,Unknown,Unknown,Unknown,SINGLE VEHICLE,RAINING,Unknown,DAYLIGHT,Unknown,Unknown,Yes,Possible Injury,NOT DISTRACTED,MD,(Sport) Utility Vehicle,40,2018.0,Jeep,TK,15,Monday,5
MCP24750041,190030038,Montgomery County Police,Injury Crash,2019-06-23 19:14:00,Maryland (State),NEW HAMPSHIRE AVE,OAKVIEW DR,SAME DIR REAR END,Unknown,DRY,DAYLIGHT,TRAFFIC SIGNAL,Unknown,No,Possible Injury,NOT DISTRACTED,MD,Passenger Car,40,2013.0,Buick,4S,19,Sunday,6
MCP2846005J,190048016,Montgomery County Police,Property Damage Crash,2019-10-06 20:50:00,Maryland (State),GEORGIA AVE,REEDIE DR,SAME DIR REAR END,CLEAR,DRY,Unknown,NO CONTROLS,ALCOHOL PRESENT,Yes,No Apparent Injury,LOOKED BUT DID NOT SEE,MD,Passenger Car,25,2010.0,Nissan,VERSA,20,Sunday,10
MCP3014000J,16008308,Montgomery County Police,Property Damage Crash,2016-02-19 09:47:00,Maryland (State),GEORGIA AVE,DENNIS AVE,SAME DIR REAR END,CLEAR,DRY,DAYLIGHT,TRAFFIC SIGNAL,NONE DETECTED,Yes,No Apparent Injury,DISTRACTED BY OUTSIDE PERSON OBJECT OR EVENT,DC,Passenger Car,35,2006.0,Honda,P4D,9,Friday,2
MCP1433005J,230065633,Montgomery County Police,Injury Crash,2023-11-10 15:40:00,County,WILKINS AVE,KRAFT DR,SAME DIR REND LEFT TURN,CLOUDY,WET,DAYLIGHT,NO CONTROLS,NONE DETECTED,Yes,Suspected Minor Injury,UNKNOWN,MD,Passenger Car,35,2011.0,Honda,CIVIC,15,Friday,11
MCP003600FN,210027368,Montgomery County Police,Injury Crash,2021-07-15 14:17:00,Maryland (State),WOODFIELD RD,GREENEL RD,HEAD ON,CLEAR,DRY,DAYLIGHT,NO CONTROLS,NONE DETECTED,Yes,Suspected Serious Injury,UNKNOWN,MD,Passenger Car,40,2011.0,Toyota,CAMRY,14,Thursday,7
MCP2848008D,190044721,Montgomery County Police,Injury Crash,2019-09-18 13:36:00,Maryland (State),UNIVERSITY BLVD W,NEWPORT MILL RD,SAME DIRECTION LEFT TURN,CLEAR,DRY,DAYLIGHT,TRAFFIC SIGNAL,NONE DETECTED,No,Possible Injury,NOT DISTRACTED,MD,Passenger Car,35,2017.0,Nissan,VERSA,13,Wednesday,9
HA24500005,19000085,Maryland-National Capital,Property Damage Crash,2019-01-10 05:19:00,Government,SLIGO CREEK PKWY,CHERRY AVE #2,SINGLE VEHICLE,CLEAR,DRY,DARK NO LIGHTS,OTHER,UNKNOWN,Yes,No Apparent Injury,UNKNOWN,MD,Passenger Car,25,2016.0,Hyun,4S,5,Thursday,1
MCP2710001V,180011980,Montgomery County Police,Injury Crash,2018-03-09 15:53:00,Municipality,E DIAMOND AVE,S SUMMIT AVE,SAME DIR REAR END,Unknown,DRY,DAYLIGHT,Unknown,NONE DETECTED,No,No Apparent Injury,NOT DISTRACTED,MD,Passenger Car,30,2008.0,Toyt,4S,15,Friday,3
MCP3208002W,220012052,Montgomery County Police,Property Damage Crash,2022-03-20 21:13:00,US (State),COLESVILLE RD,SPRING ST,SAME DIR REAR END,CLEAR,DRY,DARK LIGHTS ON,TRAFFIC SIGNAL,ALCOHOL PRESENT,Yes,No Apparent Injury,UNKNOWN,MD,(Sport) Utility Vehicle,30,2014.0,Jeep,TK,21,Sunday,3
MCP14170073,170500291,Montgomery County Police,Property Damage Crash,2017-04-04 07:34:00,County,REDLAND RD,ROSLYN AVE,SAME DIR REAR END,Unknown,DRY,DAYLIGHT,NO CONTROLS,NONE DETECTED,Yes,No Apparent Injury,UNKNOWN,MD,Passenger Car,30,2017.0,Honda,ACCORD,7,Tuesday,4
MCP26370055,230046211,Montgomery County Police,Injury Crash,2023-07-26 13:21:00,County,DARNESTOWN RD,KEY WEST AVE,SAME DIR BOTH LEFT TURN,CLEAR,DRY,DAYLIGHT,TRAFFIC SIGNAL,NONE DETECTED,Yes,Possible Injury,NOT DISTRACTED,MD,Passenger Car,40,2013.0,Niss,4S,13,Wednesday,7
MCP271700LF,180054755,Montgomery County Police,Property Damage Crash,2018-11-01 10:15:00,US (State),COLUMBIA PIKE,GREENCASTLE RD,SAME DIR REAR END,CLEAR,DRY,DAYLIGHT,NO CONTROLS,NONE DETECTED,No,No Apparent Injury,NOT DISTRACTED,NC,Passenger Car,50,2015.0,Ford,4DR,10,Thursday,11
MCP27260090,240006457,MONTGOMERY,Property Damage Crash,2024-02-09 07:30:00,County Route,OBSERVATION DR,Unknown,Angle,Clear,Dry,Daylight,No Controls,"Not Suspect of Alcohol Use, Not Suspect of Drug Use",No,No Apparent Injury,Not Distracted,MD,Passenger Car,30,2019.0,Toyota,SIENNA,7,Friday,2
MCP25940072,220000032,Montgomery County Police,Property Damage Crash,2022-01-01 09:33:00,County,PEACH ORCHARD RD,BRIGGS CHANEY RD,SINGLE VEHICLE,RAINING,WET,UNKNOWN,STOP SIGN,UNKNOWN,Yes,No Apparent Injury,UNKNOWN,MD,Passenger Car,35,2012.0,Ford,TRANSIT,9,Saturday,1
MCP2991002Z,180037567,Montgomery County Police,Injury Crash,2018-07-29 11:09:00,County,GOOD HOPE RD,NEW HAMPSHIRE AVE,SAME DIR REAR END,CLEAR,DRY,DAYLIGHT,TRAFFIC SIGNAL,NONE DETECTED,No,Possible Injury,NOT DISTRACTED,MD,Other,40,2008.0,Lexus,400,11,Sunday,7
MCP2970003F,170543727,Montgomery County Police,Property Damage Crash,2017-11-19 14:41:00,Maryland (State),UNIVERSITY BLVD W,AMHERST AVE,SAME DIR REAR END,CLEAR,DRY,DAYLIGHT,TRAFFIC SIGNAL,Unknown,No,No Apparent Injury,NOT DISTRACTED,MD,Passenger Car,40,2003.0,Toyota,CAMRY,14,Sunday,11
MCP21620050,210017901,Montgomery County Police,Property Damage Crash,2021-05-12 17:29:00,Maryland (State),GEORGIA AVE,DAMASCUS RD,HEAD ON LEFT TURN,CLEAR,DRY,DAYLIGHT,NO CONTROLS,Unknown,Yes,No Apparent Injury,UNKNOWN,MD,Passenger Car,35,2005.0,Audi,A4,17,Wednesday,5
MCP2961001D,16052513,Montgomery County Police,Property Damage Crash,2016-10-12 17:31:00,County,ARCOLA AVE,AMHERST AVE,SAME DIR REAR END,CLEAR,DRY,DAYLIGHT,TRAFFIC SIGNAL,NONE DETECTED,Yes,No Apparent Injury,UNKNOWN,MD,Passenger Car,30,2007.0,Suzu,TK,17,Wednesday,10
MCP2727002W,240035110,MONTGOMERY,Property Damage Crash,2024-07-25 12:30:00,Maryland (State) Route,OLD GEORGETOWN RD,Unknown,"Sideswipe, Same Direction",Clear,Dry,Daylight,No Controls,"Not Suspect of Alcohol Use, Not Suspect of Drug Use",No,No Apparent Injury,Not Distracted,MD,Van - Passenger (&Lt;9 Seats),35,2020.0,Chrysler,PACIFICA,12,Thursday,7
MCP2871003R,16063474,Montgomery County Police,Injury Crash,2016-12-10 20:00:00,County,DEMOCRACY BLVD,SWANSONG WAY,SAME DIR REAR END,CLEAR,DRY,DARK LIGHTS ON,TRAFFIC SIGNAL,NONE DETECTED,Yes,Possible Injury,UNKNOWN,MD,Passenger Car,35,2013.0,Nissan,PATHFINDER,20,Saturday,12
MCP2635005X,190050017,Montgomery County Police,Injury Crash,2019-10-18 14:32:00,Maryland (State),MUNCASTER MILL RD,SWEETBIRCH DR,STRAIGHT MOVEMENT ANGLE,CLEAR,DRY,DAYLIGHT,STOP SIGN,Unknown,No,Suspected Serious Injury,UNKNOWN,MD,Motorcycle,40,2014.0,Honda,CBR1000RR,14,Friday,10
MCP26710035,220013420,Montgomery County Police,Property Damage Crash,2022-03-29 15:03:00,Unknown,Unknown,Unknown,SAME DIR REAR END,Unknown,Unknown,DAYLIGHT,NO CONTROLS,NONE DETECTED,No,No Apparent Injury,NOT DISTRACTED,MD,Passenger Car,0,2016.0,Ford,EXP,15,Tuesday,3
MCP23140040,240057646,MONTGOMERY,Injury Crash,2024-12-02 14:54:00,Maryland (State) Route,FALLS RD,Unknown,Front to Rear,Clear,Dry,Daylight,No Controls,"Not Suspect of Alcohol Use, Not Suspect of Drug Use",No,Suspected Minor Injury,"Other Action (looking away from task, etc.)",MD,Passenger Car,35,2003.0,Volkswagen,BEETLE,14,Monday,12
MCP3084004T,210022247,Montgomery County Police,Property Damage Crash,2021-06-11 07:14:00,County,WEYMOUTH ST,MONTROSE AVE,SAME DIRECTION LEFT TURN,RAINING,WET,DAYLIGHT,NO CONTROLS,NONE DETECTED,No,No Apparent Injury,NOT DISTRACTED,XX,Passenger Car,25,2016.0,Toyota,RAV4,7,Friday,6
MCP2855005R,250037610,MONTGOMERY,Property Damage Crash,2025-08-22 17:43:00,Maryland (State) Route,CARROLL AVE,Unknown,Other,Clear,Dry,Daylight,No Controls,"Not Suspect of Alcohol Use, Not Suspect of Drug Use",No,No Apparent Injury,Not Distracted,MD,Passenger Car,30,2013.0,Honda,ACCORD,17,Friday,8
MCP2377000K,15042647,MONTGOMERY,Property Damage Crash,2015-08-25 17:15:00,Maryland (State),S FREDERICK RD,N WESTLAND DR,STRAIGHT MOVEMENT ANGLE,CLEAR,DRY,DAYLIGHT,NO CONTROLS,NONE DETECTED,Yes,No Apparent Injury,NOT DISTRACTED,MD,Passenger Car,35,2014.0,Toyota,COROLLA,17,Tuesday,8
MCP27560025,180004102,Montgomery County Police,Injury Crash,2018-01-24 17:30:00,Maryland (State),VEIRS MILL RD,GALT AVE,STRAIGHT MOVEMENT ANGLE,Unknown,DRY,DARK LIGHTS ON,STOP SIGN,NONE DETECTED,No,No Apparent Injury,NOT DISTRACTED,MD,Passenger Car,35,2016.0,Toyota,RAV4,17,Wednesday,1
MCP29680014,16015716,Montgomery County Police,Injury Crash,2016-03-31 13:13:00,County,TRAVILAH RD,GLEN RD,OTHER,Unknown,DRY,DAYLIGHT,Unknown,Unknown,No,Suspected Minor Injury,NOT DISTRACTED,MD,Passenger Car,30,2012.0,Nissan,VERSA,13,Thursday,3
MCP32330035,220037725,Montgomery County Police,Property Damage Crash,2022-08-31 16:00:00,County,E FRANKLIN AVE,MERWOOD LA,OTHER,CLEAR,DRY,DAYLIGHT,NO CONTROLS,NONE DETECTED,Yes,No Apparent Injury,LOOKED BUT DID NOT SEE,MD,Transit Bus,25,2017.0,Ford,TRUCK,16,Wednesday,8
EJ7852003C,200005648,Gaithersburg Police Depar,Property Damage Crash,2020-02-03 15:30:00,County,LOST KNIFE RD,MONTGOMERY VILLAGE AVE,SAME DIR REAR END,Unknown,DRY,DAYLIGHT,YIELD SIGN,NONE DETECTED,Yes,No Apparent Injury,NOT DISTRACTED,MD,Passenger Car,30,2014.0,Jeep,SUV,15,Monday,2
MCP29320078,240003037,MONTGOMERY,Property Damage Crash,2024-01-19 23:59:00,County Route,SOUTHAMPTON DR (NB/L),Unknown,Front to Rear,Clear,Slush,Dark - Lighted,No Controls,"Not Suspect of Alcohol Use, Not Suspect of Drug Use",No,No Apparent Injury,Unknown,MD,Passenger Car,25,2011.0,Toyota,CAMRY,23,Friday,1
MCP3145004V,240031096,MONTGOMERY,Injury Crash,2024-07-01 17:45:00,County Route,CHALMERS RD,NEW HAMPSHIRE AVE,Angle,Clear,Dry,Daylight,Traffic Control Signal,"Not Suspect of Alcohol Use, Not Suspect of Drug Use",No,Suspected Minor Injury,Not Distracted,MD,Passenger Car,40,2024.0,Toyota,RAV4,17,Monday,7
EJ7904002C,2500017620,GAITHERSBURG,Injury Crash,2025-04-23 12:21:00,Maryland (State) Route,GREAT SENECA HWY,QUINCE ORCHARD RD,Front to Rear,Clear,Dry,Daylight,Traffic Control Signal,"Not Suspect of Alcohol Use, Not Suspect of Drug Use",No,No Apparent Injury,Not Distracted,MD,Van - Passenger (&Lt;9 Seats),50,2018.0,Ford,TRANSIT,12,Wednesday,4
MCP2868000Y,15006314,Montgomery County Police,Property Damage Crash,2015-02-07 19:41:00,County,GAINSBOROUGH RD,WINDSOR VIEW DR,OTHER,CLEAR,DRY,DARK LIGHTS ON,NO CONTROLS,NONE DETECTED,Yes,No Apparent Injury,DISTRACTED BY OUTSIDE PERSON OBJECT OR EVENT,MD,Passenger Car,30,2010.0,Mercedes,4S,19,Saturday,2
MCP2791001M,15051966,MONTGOMERY,Property Damage Crash,2015-10-13 15:35:00,County,DALE DR,PINEY BRANCH RD,OTHER,CLEAR,DRY,DAYLIGHT,TRAFFIC SIGNAL,NONE DETECTED,No,No Apparent Injury,NOT DISTRACTED,MD,Passenger Car,30,2009.0,Ic,MSDE-C-8,15,Tuesday,10
MCP2892000M,15006236,Montgomery County Police,Injury Crash,2015-02-07 10:30:00,Maryland (State),NEW HAMPSHIRE AVE,LOCKWOOD DR,SAME DIRECTION RIGHT TURN,CLEAR,Unknown,DAYLIGHT,TRAFFIC SIGNAL,NONE DETECTED,No,Suspected Minor Injury,NOT DISTRACTED,MD,Passenger Car,45,2003.0,Toyt,4S,10,Saturday,2
MCP3164000H,180054335,Montgomery County Police,Property Damage Crash,2018-10-30 11:45:00,Unknown,Unknown,Unknown,OTHER,CLEAR,Unknown,DAYLIGHT,NO CONTROLS,Unknown,No,No Apparent Injury,NOT DISTRACTED,MD,Passenger Car,5,1999.0,Pontiac,4S,11,Tuesday,10
MCP3136000L,180050115,Montgomery County Police,Injury Crash,2018-10-07 09:03:00,Maryland (State),UNIVERSITY BLVD W,DENNIS AVE,SAME DIR REAR END,CLOUDY,DRY,DAYLIGHT,TRAFFIC SIGNAL,NONE DETECTED,No,No Apparent Injury,NOT DISTRACTED,MD,Passenger Car,35,2009.0,Honda,CIVIC,9,Sunday,10
MCP93210027,180042651,Montgomery County Police,Property Damage Crash,2018-08-27 13:17:00,County,CLARIDGE RD,MILTON ST,OTHER,CLEAR,DRY,DAYLIGHT,Unknown,NONE DETECTED,No,No Apparent Injury,NOT DISTRACTED,MD,Passenger Car,25,2016.0,Toyota,COROLLA,13,Monday,8
MCP2936005Q,220051721,Montgomery County Police,Injury Crash,2022-11-22 18:40:00,Ramp,RAMP 6 FR IS 495 EB TO MD 355 SB,ROCKVILLE PIKE,SAME DIRECTION LEFT TURN,CLEAR,DRY,DARK LIGHTS ON,TRAFFIC SIGNAL,NONE DETECTED,Yes,No Apparent Injury,LOOKED BUT DID NOT SEE,XX,Passenger Car,35,2005.0,Honda,ACCORD,18,Tuesday,11
MCP1064009F,190044726,Montgomery County Police,Injury Crash,2019-09-18 14:39:00,Maryland (State),GEORGIA AVE,FOREST GLEN RD,OTHER,CLOUDY,DRY,DAYLIGHT,TRAFFIC SIGNAL,Unknown,Yes,No Apparent Injury,UNKNOWN,MD,(Sport) Utility Vehicle,35,2011.0,Honda,PILOT,14,Wednesday,9
MCP3045001D,180022276,Montgomery County Police,Injury Crash,2018-05-06 14:55:00,Maryland (State),CONNECTICUT AVE,RAMP 7 FR RAMP 2 (FR IS495) TO MD 185 SB,SAME DIR REAR END,CLEAR,DRY,DAYLIGHT,TRAFFIC SIGNAL,NONE DETECTED,No,Possible Injury,NOT DISTRACTED,MD,Passenger Car,35,2018.0,Hondra,HR-V,14,Sunday,5
MCP28160042,240041214,MONTGOMERY,Property Damage Crash,2024-08-31 08:40:00,Maryland (State) Route,FREDERICK RD (SB/L),Unknown,Front to Rear,Clear,Dry,Daylight,Traffic Control Signal,"Not Suspect of Alcohol Use, Not Suspect of Drug Use",No,No Apparent Injury,"Other Action (looking away from task, etc.)",MD,Passenger Car,40,2018.0,Kia,RIO,8,Saturday,8
MCP32330033,220030479,Montgomery County Police,Property Damage Crash,2022-07-15 18:41:00,Maryland (State),GEORGIA AVE,SEMINARY RD,STRAIGHT MOVEMENT ANGLE,CLEAR,DRY,DAYLIGHT,NO CONTROLS,NONE DETECTED,Yes,No Apparent Injury,LOOKED BUT DID NOT SEE,MA,Passenger Car,35,2004.0,Volk,HB,18,Friday,7
EJ7887002D,230021804,Gaithersburg Police Depar,Property Damage Crash,2023-05-07 09:15:00,Unknown,Unknown,Unknown,Unknown,CLOUDY,Unknown,DAYLIGHT,NO CONTROLS,NONE DETECTED,Yes,No Apparent Injury,NOT DISTRACTED,MD,Passenger Car,0,2008.0,Honda,CIVIC,9,Sunday,5
MCP3171001D,200038995,Montgomery County Police,Property Damage Crash,2020-10-04 01:00:00,County,MIDDLEBROOK RD,WARING STATION RD,HEAD ON LEFT TURN,CLEAR,DRY,DARK LIGHTS ON,TRAFFIC SIGNAL,NONE DETECTED,No,No Apparent Injury,NOT DISTRACTED,MD,Passenger Car,40,2018.0,Chevrolet,MALIBU,1,Sunday,10
MCP003600F9,210013191,Montgomery County Police,Injury Crash,2021-04-08 20:18:00,Maryland (State),RIDGE RD,BETHESDA CHURCH RD,SAME DIR REAR END,CLEAR,DRY,DARK LIGHTS ON,TRAFFIC SIGNAL,NONE DETECTED,Yes,Possible Injury,INATTENTIVE OR LOST IN THOUGHT,MD,(Sport) Utility Vehicle,30,2013.0,Mazda,CX5,20,Thursday,4
MCP2829001V,16003732,Montgomery County Police,Property Damage Crash,2016-01-20 22:26:00,Unknown,Unknown,Unknown,SAME DIRECTION SIDESWIPE,SNOW,Unknown,DARK LIGHTS ON,NO CONTROLS,NONE DETECTED,Yes,No Apparent Injury,NOT DISTRACTED,MD,School Bus,15,2006.0,Thom,BUS,22,Wednesday,1
DD5605003S,170514372,Rockville Police Departme,Injury Crash,2017-06-18 09:59:00,Maryland (State),W MONTGOMERY AVE,HURLEY AVE,SAME DIR REAR END,CLOUDY,DRY,DAYLIGHT,TRAFFIC SIGNAL,NONE DETECTED,No,No Apparent Injury,NOT DISTRACTED,MD,Passenger Car,40,2013.0,Volv,2H,9,Sunday,6
MCP31900024,200048035,Montgomery County Police,Injury Crash,2020-12-06 01:00:00,County,RANDOLPH RD,CONNECTICUT AVE,STRAIGHT MOVEMENT ANGLE,CLEAR,DRY,DARK LIGHTS ON,TRAFFIC SIGNAL,NONE DETECTED,Yes,No Apparent Injury,UNKNOWN,MD,Passenger Car,35,2018.0,Hyundai,SANTA FE,1,Sunday,12
EJ7747000Z,15017036,Gaithersburg Police Depar,Property Damage Crash,2015-04-13 08:26:00,County,MUDDY BRANCH RD,W DEER PARK RD,STRAIGHT MOVEMENT ANGLE,CLEAR,DRY,DAYLIGHT,TRAFFIC SIGNAL,Unknown,Yes,No Apparent Injury,NOT DISTRACTED,MD,"Other Light Trucks (10,000Lbs (4,536Kg) Or Less)",45,2003.0,Chev,VN,8,Monday,4
DD5583003K,170546916,Rockville Police Departme,Injury Crash,2017-12-06 10:51:00,Maryland (State),HUNGERFORD DR,ENT TO BUSINESSES,STRAIGHT MOVEMENT ANGLE,CLEAR,DRY,DAYLIGHT,TRAFFIC SIGNAL,NONE DETECTED,No,No Apparent Injury,NOT DISTRACTED,MD,Passenger Car,35,1989.0,Buic,STATION WAGGON,10,Wednesday,12
MCP3394001B,250007681,MONTGOMERY,Property Damage Crash,2025-02-21 11:49:00,County Route,Unknown,Unknown,Angle,Clear,Dry,Daylight,No Controls,"Not Suspect of Alcohol Use, Not Suspect of Drug Use",No,No Apparent Injury,Not Distracted,MD,Passenger Car,25,2024.0,Chevrolet,SILVERADO,11,Friday,2
EJ7854000D,15009330,Gaithersburg Police Depar,Injury Crash,2015-02-26 22:42:00,County,MIDCOUNTY HWY,WOODFIELD RD,STRAIGHT MOVEMENT ANGLE,CLEAR,DRY,DARK LIGHTS ON,TRAFFIC SIGNAL,NONE DETECTED,Yes,Suspected Minor Injury,INATTENTIVE OR LOST IN THOUGHT,MD,Passenger Car,50,1999.0,Acura,TL,22,Thursday,2
MCP2875002J,17005705,Montgomery County Police,Property Damage Crash,2017-02-02 02:26:00,Maryland (State),CLOPPER RD,MATENY RD,STRAIGHT MOVEMENT ANGLE,CLEAR,DRY,DARK LIGHTS ON,FLASHING TRAFFIC SIGNAL,NONE DETECTED,No,No Apparent Injury,NOT DISTRACTED,MD,"Cargo Van/Light Truck 2 Axles (Over 10,000Lbs (4,536 Kg))",35,2013.0,Nissan,CARGO VAN,2,Thursday,2
MCP1220002M,15047836,MONTGOMERY,Property Damage Crash,2015-09-21 13:30:00,County,CAMERON ST,FENTON ST,Unknown,CLOUDY,DRY,DAYLIGHT,NO CONTROLS,NONE DETECTED,Yes,No Apparent Injury,UNKNOWN,MD,"Medium/Heavy Trucks 3 Axles (Over 10,000Lbs (4,536Kg))",30,2015.0,Freightliner,BOX TRUCK,13,Monday,9
MCP2504000K,15017376,Montgomery County Police,Property Damage Crash,2015-04-13 16:50:00,Unknown,Unknown,Unknown,SAME DIRECTION SIDESWIPE,CLEAR,Unknown,DAYLIGHT,Unknown,UNKNOWN,Yes,No Apparent Injury,UNKNOWN,MD,(Sport) Utility Vehicle,0,2008.0,Toyota,4RUNNER,16,Monday,4
MCP3171000S,190025853,Montgomery County Police,Injury Crash,2019-05-30 18:43:00,Maryland (State),CLOPPER RD,GERMANTOWN RD,STRAIGHT MOVEMENT ANGLE,CLOUDY,DRY,DAYLIGHT,Unknown,NONE DETECTED,No,Suspected Minor Injury,NOT DISTRACTED,MD,Passenger Car,30,1996.0,Toyota,4DR,18,Thursday,5
MCP15680012,190030015,Montgomery County Police,Injury Crash,2019-06-23 16:22:00,Maryland (State),DARNESTOWN RD,WHITE GROUNDS RD,SINGLE VEHICLE,CLEAR,DRY,DAYLIGHT,Unknown,MEDICATION CONTRIBUTED,Yes,Suspected Minor Injury,UNKNOWN,MD,Passenger Car,50,2003.0,Toyt,4S,16,Sunday,6
DD5612000C,17014900,Rockville Police Departme,Property Damage Crash,2017-03-23 16:53:00,Municipality,W EDMONSTON DR,ROCKVILLE PIKE,OTHER,CLEAR,DRY,DAYLIGHT,TRAFFIC SIGNAL,NONE DETECTED,No,No Apparent Injury,NOT DISTRACTED,MD,School Bus,25,2006.0,Ic,BUS,16,Thursday,3
MCP3394000H,240018138,MONTGOMERY,Injury Crash,2024-04-18 15:14:00,Local Route,CITADEL AVE,HUFF CT NICHOLSON LA,Single Vehicle,Clear,Dry,Daylight,Traffic Control Signal,"Not Suspect of Alcohol Use, Not Suspect of Drug Use",Yes,No Apparent Injury,Not Distracted,MD,Passenger Car,30,2012.0,Subaru,FORESTER,15,Thursday,4
MCP31150048,200027618,Montgomery County Police,Injury Crash,2020-07-16 11:50:00,Maryland (State),SANDY SPRING RD,MCKNEW RD,STRAIGHT MOVEMENT ANGLE,CLEAR,DRY,DAYLIGHT,TRAFFIC SIGNAL,Unknown,No,Possible Injury,NOT DISTRACTED,MD,Passenger Car,35,2016.0,Hond,TK,11,Thursday,7
MCP2678002B,200020967,Montgomery County Police,Injury Crash,2020-05-26 22:55:00,Maryland (State),LAYHILL RD,BEL PRE RD,STRAIGHT MOVEMENT ANGLE,CLEAR,DRY,DARK LIGHTS ON,TRAFFIC SIGNAL,NONE DETECTED,No,No Apparent Injury,NOT DISTRACTED,MD,Pickup Truck,35,2009.0,Dodge,RAM,22,Tuesday,5
MCP2717001N,15034612,MONTGOMERY,Injury Crash,2015-07-14 17:31:00,County,JONES BRIDGE RD,ROCKVILLE PIKE,OTHER,CLEAR,DRY,DAYLIGHT,OTHER,NONE DETECTED,Yes,No Apparent Injury,UNKNOWN,MD,(Sport) Utility Vehicle,30,2014.0,Nissan,XTERRA,17,Tuesday,7
MCP1619000Z,15026584,Montgomery County Police,Injury Crash,2015-06-02 09:28:00,Municipality,LELAND ST,LELAND CT,SAME DIR REAR END,RAINING,WET,DAYLIGHT,NO CONTROLS,NONE DETECTED,No,Possible Injury,NOT DISTRACTED,MD,Passenger Car,30,2007.0,Toyt,PRIUS,9,Tuesday,6
MCP34260018,250008941,MONTGOMERY,Property Damage Crash,2025-02-28 15:39:00,Maryland (State) Route,CONNECTICUT AVE,W WOODBINE ST,"Sideswipe, Same Direction",Clear,Dry,Daylight,No Controls,"Not Suspect of Alcohol Use, Not Suspect of Drug Use",No,No Apparent Injury,Not Distracted,MD,Passenger Car,35,2022.0,Ram,PROMASTER 1500,15,Friday,2
EJ77810026,190025931,Gaithersburg Police Depar,Property Damage Crash,2019-05-31 09:00:00,Unknown,Unknown,Unknown,OTHER,CLEAR,Unknown,DAYLIGHT,NO CONTROLS,UNKNOWN,Yes,No Apparent Injury,UNKNOWN,Unknown,Passenger Car,15,2005.0,Chev,VAN,9,Friday,5
MCP2298012R,230012785,Montgomery County Police,Property Damage Crash,2023-03-16 13:14:00,Maryland (State),QUINCE ORCHARD RD,R/R #CSX 140 511 V,SAME DIR REAR END,CLEAR,DRY,DAYLIGHT,TRAFFIC SIGNAL,NONE DETECTED,No,No Apparent Injury,NOT DISTRACTED,MD,Passenger Car,35,2017.0,Hyun,SD,13,Thursday,3
MCP3133005P,240059573,MONTGOMERY,Injury Crash,2024-12-13 09:19:00,Maryland (State) Route,GEORGIA AVE (SB/L),PRINCE PHILIP DR (SB/L) QUEEN ELIZABETH DR,Other,Cloudy,Dry,Daylight,Traffic Control Signal,"Not Suspect of Alcohol Use, Not Suspect of Drug Use",No,No Apparent Injury,Not Distracted,MD,Passenger Car,25,2024.0,Toyota,COROLLA,9,Friday,12
MCP3376002C,250028348,MONTGOMERY,Injury Crash,2025-06-25 14:30:00,Unknown,Unknown,Unknown,Single Vehicle,Clear,Unknown,Daylight,Unknown,"Not Suspect of Alcohol Use, Not Suspect of Drug Use",No,No Apparent Injury,Not Distracted,MD,Van - Cargo,0,2024.0,Freightliner,MT 55G FRONT GASOLINE ENGINE WALK IN VAN,14,Wednesday,6
MCP2929002C,170529576,Montgomery County Police,Injury Crash,2017-09-09 13:51:00,Maryland (State),OLNEY LAYTONSVILLE RD,HERITAGE HILLS DR,STRAIGHT MOVEMENT ANGLE,CLEAR,DRY,DAYLIGHT,STOP SIGN,NONE DETECTED,No,No Apparent Injury,NOT DISTRACTED,MD,(Sport) Utility Vehicle,30,2017.0,Ford,EXPLORER,13,Saturday,9
DD5595009G,210005965,Rockville Police Departme,Injury Crash,2021-02-15 16:45:00,Maryland (State),VEIRS MILL RD,EDMONSTON DR,OTHER,RAINING,WET,DAYLIGHT,TRAFFIC SIGNAL,NONE DETECTED,No,No Apparent Injury,NOT DISTRACTED,MD,Passenger Car,35,2007.0,Toyt,4S,16,Monday,2
MCP26350057,190014760,Montgomery County Police,Injury Crash,2019-03-30 14:40:00,Maryland (State),GEORGIA AVE,GREGG RD,SAME DIR REAR END,CLEAR,DRY,DAYLIGHT,NO CONTROLS,Unknown,No,Possible Injury,NOT DISTRACTED,MD,(Sport) Utility Vehicle,35,2010.0,Honda,CRV,14,Saturday,3