Report Number,Local Case Number,Agency Name,ACRS Report Type,Crash Date/Time,Route Type,Road Name,Cross-Street Name,Collision Type,Weather,Surface Condition,Light,Traffic Control,Driver Substance Abuse,Driver At Fault,Injury Severity,Driver Distracted By,Drivers License State,Vehicle Body Type,Speed Limit,Vehicle Year,Vehicle Make,Vehicle Model,Crash Hour,Crash Day,Crash Month
MCP2313000V,180022874,Montgomery County Police,Property Damage Crash,2018-05-09 18:06:00,County,TUCKERMAN LA,WHISPERWOOD LA,ANGLE MEETS LEFT HEAD ON,CLEAR,DRY,DAYLIGHT,STOP SIGN,NONE DETECTED,No,No Apparent Injury,NOT DISTRACTED,MD,Passenger Car,35,2011.0,Cadi,4S,18,Wednesday,5
MCP31920023,210031004,Montgomery County Police,Property Damage Crash,2021-08-09 19:34:00,Maryland (State),CONNECTICUT AVE,BRIGHTVIEW ST,STRAIGHT MOVEMENT ANGLE,RAINING,WET,DUSK,NO CONTROLS,NONE DETECTED,Yes,No Apparent Injury,UNKNOWN,MD,Passenger Car,40,2004.0,Suraru,IMPREZA,19,Monday,8
MCP3009007M,240004294,MONTGOMERY,Property Damage Crash,2024-01-27 10:36:00,County Route,MIDDLEBROOK RD (WB/L),BRANDERMILL DR MINSTREL TUNE WAY,Other,Clear,Dry,Daylight,Stop Sign,"Not Suspect of Alcohol Use, Not Suspect of Drug Use",Yes,No Apparent Injury,Not Distracted,MD,Van - Passenger (&Lt;9 Seats),30,2003.0,Toyota,SIENNA,10,Saturday,1
MCP28710025,15052761,MONTGOMERY,Injury Crash,2015-10-17 16:53:00,Unknown,Unknown,Unknown,OPPOSITE DIRECTION SIDESWIPE,CLOUDY,Unknown,DAYLIGHT,NO CONTROLS,NONE DETECTED,Yes,No Apparent Injury,LOOKED BUT DID NOT SEE,FL,Passenger Car,10,2015.0,Chev,CRUZE,16,Saturday,10
MCP3160004Y,230065609,Montgomery County Police,Injury Crash,2023-11-10 14:30:00,Maryland (State),WISCONSIN AVE,BATTERY LA,SAME DIR REAR END,RAINING,WET,DAYLIGHT,TRAFFIC SIGNAL,NONE DETECTED,No,Possible Injury,NOT DISTRACTED,MD,Passenger Car,35,2019.0,Toyota,CAMERY,14,Friday,11
DD5595003V,170502509,Rockville Police Departme,Property Damage Crash,2017-04-17 14:53:00,Service Road,S CAMPUS DR,MANNAKEE ST,STRAIGHT MOVEMENT ANGLE,CLOUDY,WET,DAYLIGHT,OTHER,NONE DETECTED,Yes,No Apparent Injury,NOT DISTRACTED,MD,Passenger Car,15,2014.0,Bmw,4S,14,Monday,4
MCP2675002R,210006314,Montgomery County Police,Injury Crash,2021-02-17 23:25:00,County,VEIRS MILL RD,GRIDLEY RD,SINGLE VEHICLE,CLEAR,DRY,DARK LIGHTS ON,Unknown,NONE DETECTED,Yes,Possible Injury,NOT DISTRACTED,MD,Passenger Car,35,2013.0,Toyota,SIENNA,23,Wednesday,2
MCP2810002K,230049302,Montgomery County Police,Injury Crash,2023-08-13 19:40:00,County,SNOUFFERS SCHOOL RD,NO NAME,STRAIGHT MOVEMENT ANGLE,CLEAR,DRY,DAYLIGHT,Unknown,NONE DETECTED,Yes,No Apparent Injury,LOOKED BUT DID NOT SEE,MD,Passenger Car,45,2002.0,Toyt,4S,19,Sunday,8
MCP296500B6,250020857,MONTGOMERY,Property Damage Crash,2025-05-12 06:40:00,Maryland (State) Route,GEORGIA AVE,Unknown,"Sideswipe, Same Direction",Clear,Dry,Daylight,No Controls,"Not Suspect of Alcohol Use, Not Suspect of Drug Use",No,No Apparent Injury,Not Distracted,MD,Passenger Car,40,2024.0,Ford,TRANSIT,6,Monday,5
MCP2305003Z,250043561,MONTGOMERY,Property Damage Crash,2025-09-27 23:42:00,Maryland (State) Route,WOODFIELD RD,Unknown,Single Vehicle,Clear,Dry,Dark - Lighted,No Controls,"Suspect of Alcohol Use, Not Suspect of Drug Use",Yes,No Apparent Injury,Not Distracted,MD,Sport Utility Vehicle,40,2012.0,Gmc,TERRAIN,23,Saturday,9
MCP31180020,190023837,Montgomery County Police,Injury Crash,2019-05-20 11:31:00,Maryland (State),GEORGIA AVE,PARKER AVE,SAME DIR REAR END,CLEAR,DRY,DAYLIGHT,Unknown,NONE DETECTED,No,No Apparent Injury,NOT DISTRACTED,MD,Van,35,2015.0,Ford,VN,11,Monday,5
MCP137800S7,190045160,Montgomery County Police,Injury Crash,2019-09-20 19:18:00,Maryland (State),MONTGOMERY VILLAGE AVE,RUSSELL AVE,STRAIGHT MOVEMENT ANGLE,CLEAR,DRY,DUSK,TRAFFIC SIGNAL,NONE DETECTED,No,No Apparent Injury,NOT DISTRACTED,MD,(Sport) Utility Vehicle,35,2003.0,Lincoln,NAVIGATOR,19,Friday,9
EJ7868000B,170527379,Gaithersburg Police Depar,Property Damage Crash,2017-08-29 17:35:00,Maryland (State),CLOPPER RD,SULLNICK WAY,SAME DIR REAR END,CLEAR,Unknown,DAYLIGHT,TRAFFIC SIGNAL,Unknown,Yes,No Apparent Injury,UNKNOWN,Unknown,Van,35,2017.0,Chrysler,Unknown,17,Tuesday,8
MCP25590012,16034356,Montgomery County Police,Property Damage Crash,2016-07-06 20:00:00,Unknown,Unknown,Unknown,OPPOSITE DIRECTION SIDESWIPE,Unknown,Unknown,DARK LIGHTS ON,STOP SIGN,Unknown,No,No Apparent Injury,NOT DISTRACTED,MD,Passenger Car,25,2013.0,Toyota,CAMRY,20,Wednesday,7
MCP2182001P,190003340,Montgomery County Police,Property Damage Crash,2019-01-22 09:31:00,Unknown,Unknown,Unknown,OTHER,CLEAR,Unknown,DAYLIGHT,Unknown,UNKNOWN,Yes,No Apparent Injury,NOT DISTRACTED,Unknown,Van,0,2018.0,Cheverolet,VAN,9,Tuesday,1
MCP3039001Z,180007568,Montgomery County Police,Injury Crash,2018-02-13 16:00:00,Maryland (State),UNIVERSITY BLVD W,CONNECTICUT AVE,STRAIGHT MOVEMENT ANGLE,CLEAR,DRY,DAYLIGHT,TRAFFIC SIGNAL,NONE DETECTED,Yes,No Apparent Injury,TALKING OR LISTENING TO CELLULAR PHONE,MD,Passenger Car,35,2012.0,Ford,FUSION,16,Tuesday,2
MCP1604000K,15065110,MONTGOMERY,Injury Crash,2015-12-20 11:50:00,Maryland (State),MUNCASTER MILL RD,MILLER FALL RD,SAME DIR REAR END,CLEAR,DRY,DAYLIGHT,Unknown,NONE DETECTED,No,Possible Injury,NOT DISTRACTED,MD,Passenger Car,35,1998.0,Toyota,CAMRY,11,Sunday,12
DD55940011,15037909,ROCKVILLE,Property Damage Crash,2015-07-31 14:11:00,Unknown,Unknown,Unknown,OTHER,CLEAR,Unknown,DAYLIGHT,NO CONTROLS,NONE DETECTED,Unknown,No Apparent Injury,NOT DISTRACTED,MD,Passenger Car,25,2015.0,Ford,4 DOOR,14,Friday,7
MCP0936002Y,190006388,Montgomery County Police,Property Damage Crash,2019-02-09 06:37:00,Maryland (State),CONNECTICUT AVE,DECATUR AVE,STRAIGHT MOVEMENT ANGLE,CLEAR,DRY,DAWN,STOP SIGN,NONE DETECTED,No,No Apparent Injury,NOT DISTRACTED,MD,Pickup Truck,40,2007.0,Ford,F150,6,Saturday,2
MCP25880033,170530476,Montgomery County Police,Injury Crash,2017-09-14 07:15:00,Maryland (State),GEORGIA AVE,WELLER RD,STRAIGHT MOVEMENT ANGLE,CLOUDY,WET,DAYLIGHT,Unknown,NONE DETECTED,No,Possible Injury,NOT DISTRACTED,MD,Passenger Car,45,2009.0,Cadillac,CTS,7,Thursday,9
MCP2436007X,190034970,Montgomery County Police,Property Damage Crash,2019-07-23 12:15:00,Unknown,Unknown,Unknown,OTHER,CLEAR,Unknown,DAYLIGHT,Unknown,NONE DETECTED,Yes,No Apparent Injury,UNKNOWN,XX,Van,0,2016.0,Ford,TRANSIT,12,Tuesday,7
MCP3402002Q,250001961,MONTGOMERY,Injury Crash,2025-01-15 09:50:00,County Route,MERRIMAC DR,UNIVERSITY BLVD E (WB/L),Front to Front,Clear,Dry,Daylight,Lane Use Control Signal,"Not Suspect of Alcohol Use, Not Suspect of Drug Use",No,No Apparent Injury,Not Distracted,MD,Passenger Car,35,2012.0,Toyota,PRIUS C,9,Wednesday,1
EJ78780047,220017580,Gaithersburg Police Depar,Injury Crash,2022-04-25 17:00:00,Municipality,PERRY PKWY,W DIAMOND AVE,HEAD ON LEFT TURN,CLEAR,DRY,DAYLIGHT,NO CONTROLS,Unknown,No,No Apparent Injury,UNKNOWN,MD,Passenger Car,30,2002.0,Gmc,ENVOY,17,Monday,4
MCP2906002V,200037581,Montgomery County Police,Property Damage Crash,2020-09-24 17:00:00,Municipality,WASHINGTONIAN BLVD,CROSSOVER,SINGLE VEHICLE,CLEAR,DRY,DAYLIGHT,Unknown,NONE DETECTED,Yes,No Apparent Injury,UNKNOWN,MD,Passenger Car,25,2004.0,Hond,TK,17,Thursday,9
MCP2866004S,180031473,Montgomery County Police,Injury Crash,2018-06-26 16:20:00,County,PEARL ST,EAST WEST HWY (W/B COUPLET),HEAD ON,CLEAR,DRY,DAYLIGHT,TRAFFIC SIGNAL,NONE DETECTED,Yes,Suspected Minor Injury,INATTENTIVE OR LOST IN THOUGHT,MD,Passenger Car,25,2017.0,Tesla,S,16,Tuesday,6
EJ7870003X,210024224,Gaithersburg Police Depar,Injury Crash,2021-06-24 14:45:00,Maryland (State),QUINCE ORCHARD RD,PURCHASE ST,OPPOSITE DIR BOTH LEFT TURN,CLEAR,DRY,DAYLIGHT,STOP SIGN,NONE DETECTED,No,Possible Injury,NOT DISTRACTED,MD,Passenger Car,40,2017.0,Toyota,RAV4,14,Thursday,6
MCP3010008C,230033838,Montgomery County Police,Property Damage Crash,2023-07-16 10:12:00,Maryland (State),ROCKVILLE PIKE,OLD GEORGETOWN RD,ANGLE MEETS LEFT TURN,RAINING,WET,DAYLIGHT,TRAFFIC SIGNAL,Unknown,Unknown,No Apparent Injury,NOT DISTRACTED,MD,Passenger Car,40,2018.0,Honda,SD,10,Sunday,7
MCP1465001S,15062716,MONTGOMERY,Property Damage Crash,2015-12-08 16:51:00,County,CANDLELIGHT LA,LAMPLIGHTER LA,STRAIGHT MOVEMENT ANGLE,CLEAR,DRY,DARK LIGHTS ON,STOP SIGN,NONE DETECTED,Yes,No Apparent Injury,UNKNOWN,VA,(Sport) Utility Vehicle,25,2014.0,Jeep,SUV,16,Tuesday,12
MCP2789005J,190003795,Montgomery County Police,Injury Crash,2019-01-24 16:20:00,County,WOODLAND DR,FOREST GLEN RD,HEAD ON LEFT TURN,Unknown,DRY,DAYLIGHT,NO CONTROLS,Unknown,No,No Apparent Injury,NOT DISTRACTED,MD,Passenger Car,35,2012.0,Toyota,4D,16,Thursday,1
MCP2394003R,200033149,Montgomery County Police,Property Damage Crash,2020-08-25 08:41:00,Maryland (State),VEIRS MILL RD,MIDWAY AVE,SAME DIR REAR END,CLEAR,DRY,DAYLIGHT,Unknown,NONE DETECTED,No,No Apparent Injury,NOT DISTRACTED,MD,Van,40,2019.0,Chevy,VN,8,Tuesday,8
MCP3395001M,240033709,MONTGOMERY,Property Damage Crash,2024-07-17 07:57:00,Unknown,Unknown,Unknown,Angle,Clear,Unknown,Daylight,Unknown,"Unknown, Unknown",No,Unknown,Unknown,Unknown,Sport Utility Vehicle,0,2013.0,Toyota,HIGHLANDER,7,Wednesday,7
MCP12330061,240056860,MONTGOMERY,Injury Crash,2024-11-26 20:18:00,Bicycle Route,Unknown,BEACH DR CONNECTICUT AVE,Rear To Side,Clear,Dry,Dark - Not Lighted,Traffic Control Signal,"Not Suspect of Alcohol Use, Not Suspect of Drug Use",Yes,No Apparent Injury,Not Distracted,MD,Pickup,35,2016.0,Ford,F-150,20,Tuesday,11
MCP2987005F,190031372,Montgomery County Police,Property Damage Crash,2019-07-01 16:55:00,Unknown,Unknown,Unknown,STRAIGHT MOVEMENT ANGLE,CLEAR,Unknown,DAYLIGHT,NO CONTROLS,NONE DETECTED,Yes,No Apparent Injury,NOT DISTRACTED,XX,Passenger Car,5,2012.0,Honda,CIVIC,16,Monday,7
MCP21820017,180011209,Montgomery County Police,Injury Crash,2018-03-05 13:30:00,County,BEL PRE RD,BEAVERWOOD LA,STRAIGHT MOVEMENT ANGLE,CLEAR,DRY,DAYLIGHT,TRAFFIC SIGNAL,NONE DETECTED,No,No Apparent Injury,NOT DISTRACTED,MD,Passenger Car,35,2006.0,Honda,TK,13,Monday,3
MCP27270032,250023457,MONTGOMERY,Property Damage Crash,2025-05-27 11:10:00,County Route,CHELTENHAM DR,Unknown,Front to Rear,Cloudy,Dry,Daylight,No Controls,"Not Suspect of Alcohol Use, Not Suspect of Drug Use",No,No Apparent Injury,Not Distracted,MD,Sport Utility Vehicle,35,2022.0,Chevrolet,SUBURBAN,11,Tuesday,5
MCP1048005G,210009837,Montgomery County Police,Property Damage Crash,2021-03-01 16:25:00,Interstate (State),EISENHOWER MEMORIAL HWY,MILE MARKER 9.0,SINGLE VEHICLE,CLEAR,DRY,DAYLIGHT,Unknown,Unknown,No,No Apparent Injury,NOT DISTRACTED,MD,Passenger Car,55,2008.0,Toyota,CAMERY,16,Monday,3
EJ77810029,190049026,Gaithersburg Police Depar,Injury Crash,2019-10-12 11:30:00,Maryland (State),S FREDERICK RD,N WESTLAND DR,SAME DIR REAR END,CLEAR,DRY,DAYLIGHT,NO CONTROLS,NONE DETECTED,No,Suspected Minor Injury,NOT DISTRACTED,MD,Passenger Car,40,2004.0,Ford,FREESTAR,11,Saturday,10
MCP3392000G,240005674,MONTGOMERY,Injury Crash,2024-02-06 06:50:00,County Route,NORVALE RD,LAYHILL RD,Front to Rear,Clear,Dry,Dawn,Traffic Control Signal,"Not Suspect of Alcohol Use, Not Suspect of Drug Use",No,No Apparent Injury,Not Distracted,MD,Passenger Car,40,2023.0,Honda,CIVIC,6,Tuesday,2
MCP28160034,220013993,Montgomery County Police,Property Damage Crash,2022-04-02 01:24:00,Municipality,RESEARCH BLVD,SHADY GROVE RD,UNKNOWN,Unknown,DRY,DARK LIGHTS ON,FLASHING TRAFFIC SIGNAL,NONE DETECTED,Yes,No Apparent Injury,NOT DISTRACTED,MD,Passenger Car,30,2015.0,Honda,CIVIC,1,Saturday,4
MCP2291007Q,240022770,MONTGOMERY,Injury Crash,2024-05-12 00:35:00,County Route,FALLS RD (SB/L),FALLS RD RIVER RD RIVER RD (WB/L),Angle,Unknown,Unknown,Dark - Lighted,Flashing Traffic Control Signal,"Unknown, Unknown",No,Possible Injury,Not Distracted,MD,Sport Utility Vehicle,30,2022.0,Volkswagen,ATLAS,0,Sunday,5
MCP3360001L,240005978,MONTGOMERY,Property Damage Crash,2024-02-06 15:28:00,County Route,Unknown,Unknown,Rear To Side,Clear,Dry,Daylight,Traffic Control Signal,"Not Suspect of Alcohol Use, Not Suspect of Drug Use",No,No Apparent Injury,Not Distracted,MD,Passenger Car,35,2021.0,Nissan,ALTIMA,15,Tuesday,2
MCP2961000Z,16025320,Montgomery County Police,Property Damage Crash,2016-05-21 16:00:00,Maryland (State),UNIVERSITY BLVD W,ARCOLA AVE,SAME DIR REAR END,RAINING,WET,DAYLIGHT,TRAFFIC SIGNAL,NONE DETECTED,No,No Apparent Injury,NOT DISTRACTED,US,Passenger Car,40,2003.0,Dodge,ES,16,Saturday,5
MCP3019000X,170508293,Montgomery County Police,Property Damage Crash,2017-05-17 13:29:00,County,RANDOLPH RD,LAUDERDALE DR,STRAIGHT MOVEMENT ANGLE,CLEAR,DRY,DAYLIGHT,TRAFFIC SIGNAL,NONE DETECTED,No,No Apparent Injury,NOT DISTRACTED,MD,Passenger Car,40,2006.0,Toyota,HIGHLANDER,13,Wednesday,5
MCP2737002P,170536154,Montgomery County Police,Injury Crash,2017-10-11 23:35:00,Maryland (State),GEORGIA AVE,RAMP 3 FR MD 200 EB TO MD 97 NB,SAME DIR REAR END,RAINING,WET,DARK LIGHTS ON,TRAFFIC SIGNAL,NONE DETECTED,No,No Apparent Injury,NOT DISTRACTED,MD,Passenger Car,50,2014.0,Toyota,CAMRY,23,Wednesday,10
MCP24180009,190012341,Montgomery County Police,Property Damage Crash,2019-04-26 14:26:00,Maryland (State),GEORGIA AVE,WHITE OAK DR,SAME DIR REAR END,CLEAR,DRY,DAYLIGHT,Unknown,NONE DETECTED,Yes,No Apparent Injury,UNKNOWN,MD,Passenger Car,35,2017.0,Ford,FIESTA,14,Friday,4
MCP2891006F,180035734,Montgomery County Police,Property Damage Crash,2018-07-19 12:15:00,US (State),COLESVILLE RD,SPRING ST,SAME DIRECTION SIDESWIPE,CLEAR,DRY,DAYLIGHT,Unknown,NONE DETECTED,No,No Apparent Injury,NOT DISTRACTED,MD,Other Bus,35,2016.0,Gillig,BUS,12,Thursday,7
MCP3275000Z,210039065,Montgomery County Police,Property Damage Crash,2021-10-01 19:00:00,Maryland (State),CONNECTICUT AVE,BRADLEY LA,SAME DIRECTION LEFT TURN,Unknown,DRY,DARK LIGHTS ON,NO CONTROLS,Unknown,No,No Apparent Injury,UNKNOWN,Unknown,Other,35,2013.0,Lexus,ES350,19,Friday,10
EJ7847000V,15008084,Gaithersburg Police Depar,Injury Crash,2015-02-18 21:09:00,Maryland (State),FREDERICK RD,SPUR FR MD 124,OTHER,CLOUDY,WET,DARK LIGHTS ON,NO CONTROLS,Unknown,No,No Apparent Injury,NOT DISTRACTED,MD,Passenger Car,30,2005.0,Chevrolet,CAVALIER,21,Wednesday,2
MCP2740004P,180002018,Montgomery County Police,Property Damage Crash,2018-01-13 09:54:00,US (State),COLESVILLE RD,MANSION DR,OTHER,CLOUDY,DRY,DAYLIGHT,Unknown,NONE DETECTED,Yes,No Apparent Injury,NOT DISTRACTED,MD,Passenger Car,35,2013.0,Hyundai,SONATA,9,Saturday,1
MCP2464003Q,250013479,MONTGOMERY,Property Damage Crash,2025-03-27 22:33:00,County Route,FRANKLIN AVE,UNIVERSITY BLVD E,Angle,Clear,Dry,Dark - Lighted,Traffic Control Signal,"Not Suspect of Alcohol Use, Not Suspect of Drug Use",Yes,No Apparent Injury,Unknown,MD,Passenger Car,35,2010.0,Subaru,OUTBACK,22,Thursday,3
MCP06170042,220021119,Montgomery County Police,Injury Crash,2022-05-18 08:34:00,Maryland (State),SPENCERVILLE RD,THOMPSON RD,SAME DIR REAR END,CLEAR,DRY,DAYLIGHT,NO CONTROLS,NONE DETECTED,No,Possible Injury,NOT DISTRACTED,MD,Passenger Car,40,2009.0,Toyota,4S,8,Wednesday,5
MCP1170001K,16035888,Montgomery County Police,Injury Crash,2016-07-15 15:02:00,US (State),COLUMBIA PIKE,STEWART LA,HEAD ON LEFT TURN,Unknown,DRY,DAYLIGHT,TRAFFIC SIGNAL,Unknown,No,No Apparent Injury,NOT DISTRACTED,MD,Passenger Car,50,2012.0,Toyota,COROLLA,15,Friday,7
MCP3169001C,190034836,Montgomery County Police,Property Damage Crash,2019-07-22 14:54:00,County,CARROLL AVE,PINEY BRANCH RD,SAME DIRECTION SIDESWIPE,CLEAR,DRY,DAYLIGHT,NO CONTROLS,Unknown,No,No Apparent Injury,NOT DISTRACTED,MD,Van,25,2018.0,Ford,TK,14,Monday,7
MCP15190047,230007308,Montgomery County Police,Property Damage Crash,2023-02-13 14:34:00,County,RICHTER FARM RD,CLOPPER RD,SINGLE VEHICLE,CLOUDY,DRY,DAYLIGHT,NO CONTROLS,NONE DETECTED,Yes,No Apparent Injury,OTHER DISTRACTION,MD,Passenger Car,35,2016.0,Acura,RDX,14,Monday,2
MCP2870000J,15000455,Montgomery County Police,Injury Crash,2015-01-03 18:24:00,County,CARROLL AVE,11TH AVE,HEAD ON,RAINING,WET,DARK LIGHTS ON,NO CONTROLS,NONE DETECTED,Unknown,No Apparent Injury,UNKNOWN,MD,Passenger Car,30,2011.0,Toyota,CAMRY,18,Saturday,1
MCP2191002T,190024905,Montgomery County Police,Property Damage Crash,2019-05-25 10:43:00,County,NICHOLSON CT,CUL DE SAC,STRAIGHT MOVEMENT ANGLE,CLEAR,DRY,DAYLIGHT,NO CONTROLS,NONE DETECTED,Yes,No Apparent Injury,LOOKED BUT DID NOT SEE,MD,Passenger Car,25,2007.0,Lexu,4S,10,Saturday,5
MCP33130013,220029876,Montgomery County Police,Injury Crash,2022-07-12 08:40:00,Maryland (State),GEORGIA AVE,HEWITT AVE,STRAIGHT MOVEMENT ANGLE,CLEAR,DRY,DAYLIGHT,TRAFFIC SIGNAL,NONE DETECTED,No,Suspected Minor Injury,NOT DISTRACTED,MD,Passenger Car,35,2007.0,Ford,EDGE,8,Tuesday,7
MCP3312004V,240016456,MONTGOMERY,Property Damage Crash,2024-04-09 08:25:00,US (State),COLUMBIA PIKE (SB/L),Unknown,Front to Rear,Clear,Dry,Daylight,No Controls,"Not Suspect of Alcohol Use, Not Suspect of Drug Use",No,No Apparent Injury,Unknown,MD,Passenger Car,50,2016.0,Mazda,CX-5,8,Tuesday,4
MCP2960000W,16004907,Montgomery County Police,Injury Crash,2016-01-30 10:42:00,Maryland (State),GEORGIA AVE,NORBECK RD,SAME DIR REAR END,CLEAR,DRY,DAYLIGHT,TRAFFIC SIGNAL,Unknown,Yes,Suspected Minor Injury,UNKNOWN,MD,Passenger Car,45,2008.0,Kia,TK,10,Saturday,1
MCP1309001P,180029339,Montgomery County Police,Property Damage Crash,2018-06-14 08:52:00,Maryland (State),WOODFIELD RD,MOYER RD,STRAIGHT MOVEMENT ANGLE,CLEAR,DRY,DAYLIGHT,NO CONTROLS,Unknown,No,No Apparent Injury,NOT DISTRACTED,MD,Passenger Car,40,2011.0,Nissan,ALTIMA,8,Thursday,6
MCP1580004R,15061472,MONTGOMERY,Property Damage Crash,2015-12-02 06:41:00,County,AIRPARK RD,STRATOS LA,SAME DIR REAR END,FOGGY,WET,DARK LIGHTS ON,NO CONTROLS,NONE DETECTED,Yes,No Apparent Injury,UNKNOWN,MD,Passenger Car,50,1997.0,Niss,SENTRA,6,Wednesday,12
MCP2907002H,220001343,Montgomery County Police,Property Damage Crash,2022-01-12 05:20:00,County,WOODMONT AVE,BATTERY LA,STRAIGHT MOVEMENT ANGLE,CLEAR,DRY,DARK LIGHTS ON,TRAFFIC SIGNAL,NONE DETECTED,No,No Apparent Injury,NOT DISTRACTED,MD,Passenger Car,25,2021.0,Toyt,UT,5,Wednesday,1
EJ7905003M,250044335,GAITHERSBURG,Property Damage Crash,2025-10-02 15:03:00,Maryland (State) Route,QUINCE ORCHARD RD (SB/L),Unknown,Other,Clear,Dry,Daylight,No Controls,"Not Suspect of Alcohol Use, Not Suspect of Drug Use",Yes,No Apparent Injury,Unknown,MD,Passenger Car,35,2021.0,Toyota,CAMRY,15,Thursday,10
MCP1220007J,180054803,Montgomery County Police,Property Damage Crash,2018-11-01 15:41:00,Unknown,Unknown,Unknown,SINGLE VEHICLE,CLEAR,Unknown,DAYLIGHT,NO CONTROLS,NONE DETECTED,No,No Apparent Injury,NOT DISTRACTED,MD,School Bus,0,2014.0,Thomas,SCHOOL BUS,15,Thursday,11
MCP2498001M,210025606,Montgomery County Police,Property Damage Crash,2021-07-03 21:12:00,Unknown,Unknown,Unknown,OTHER,CLEAR,Unknown,DARK LIGHTS ON,NO CONTROLS,UNKNOWN,Yes,No Apparent Injury,UNKNOWN,FL,(Sport) Utility Vehicle,15,2013.0,Mazda,CX9,21,Saturday,7
MCP3006003J,180049208,Montgomery County Police,Injury Crash,2018-10-02 11:25:00,County,RANDOLPH RD,GLENMONT CIR #1,ANGLE MEETS LEFT TURN,CLEAR,DRY,DAYLIGHT,TRAFFIC SIGNAL,NONE DETECTED,No,Possible Injury,NOT DISTRACTED,MD,Passenger Car,40,2011.0,Jaguar,XK,11,Tuesday,10
MCP2286000W,15051796,MONTGOMERY,Property Damage Crash,2015-10-12 18:32:00,County,CRABBS BRANCH WAY,INDIANOLA DR,SAME DIRECTION SIDESWIPE,CLEAR,DRY,DAYLIGHT,Unknown,NONE DETECTED,Yes,No Apparent Injury,LOOKED BUT DID NOT SEE,MD,Passenger Car,35,2007.0,Chevy,VAN,18,Monday,10
MCP3113004S,230007266,Montgomery County Police,Injury Crash,2023-02-13 12:05:00,Maryland (State),NEW HAMPSHIRE AVE,NORA DR,SAME DIR REAR END,CLEAR,DRY,DAYLIGHT,NO CONTROLS,Unknown,No,Suspected Minor Injury,NOT DISTRACTED,MD,Other,40,2000.0,Ford,MAIL TRUCK,12,Monday,2
MCP1500002C,240025645,MONTGOMERY,Property Damage Crash,2024-05-30 13:45:00,County Route,E RANDOLPH RD (WB/L),Unknown,Other,Clear,Dry,Daylight,No Controls,"Not Suspect of Alcohol Use, Not Suspect of Drug Use",No,No Apparent Injury,Unknown,MD,Pickup,40,2019.0,Ford,F-350,13,Thursday,5
MCP2917005Z,190057310,Montgomery County Police,Injury Crash,2019-11-27 15:15:00,Maryland (State),VEIRS MILL RD,TURKEY BRANCH PKWY,SAME DIRECTION SIDESWIPE,CLEAR,DRY,DAYLIGHT,TRAFFIC SIGNAL,NONE DETECTED,No,Possible Injury,NOT DISTRACTED,MD,Passenger Car,40,2004.0,Toyota,COROLLA,15,Wednesday,11
MCP3111005J,220025890,Montgomery County Police,Injury Crash,2022-06-16 10:52:00,Maryland (State),BRADLEY BLVD,RAYBURN RD,HEAD ON LEFT TURN,CLEAR,DRY,DAYLIGHT,NO CONTROLS,NONE DETECTED,Yes,No Apparent Injury,LOOKED BUT DID NOT SEE,MD,Passenger Car,35,2015.0,Porsche,MACAN,10,Thursday,6
MCP2656006T,230023149,Montgomery County Police,Injury Crash,2023-05-14 18:20:00,County,CRYSTAL ROCK DR,AIRCRAFT DR,STRAIGHT MOVEMENT ANGLE,CLEAR,DRY,DAYLIGHT,Unknown,Unknown,Yes,Possible Injury,LOOKED BUT DID NOT SEE,MD,(Sport) Utility Vehicle,40,2020.0,Mazda,CX30,18,Sunday,5
MCP2848008P,190052945,Montgomery County Police,Injury Crash,2019-11-03 13:11:00,Maryland (State),FALLS RD,BELLS MILL RD,SAME DIR REAR END,CLEAR,DRY,DAYLIGHT,TRAFFIC SIGNAL,NONE DETECTED,Yes,No Apparent Injury,INATTENTIVE OR LOST IN THOUGHT,MD,Passenger Car,30,2017.0,Honda,CIVIC,13,Sunday,11
DD56030019,15003181,Rockville Police Departme,Property Damage Crash,2015-01-20 12:27:00,Maryland (State),HUNGERFORD DR,MANNAKEE ST,OTHER,CLEAR,DRY,DAYLIGHT,TRAFFIC SIGNAL,NONE DETECTED,Yes,No Apparent Injury,NOT DISTRACTED,MD,Transit Bus,45,2008.0,Gill,BUS,12,Tuesday,1
MCP28400013,170504579,Montgomery County Police,Injury Crash,2017-04-27 18:30:00,Maryland (State),NEW HAMPSHIRE AVE,SHAW AVE E,SAME DIR REAR END,Unknown,DRY,DAYLIGHT,NO CONTROLS,Unknown,No,No Apparent Injury,NOT DISTRACTED,MD,Passenger Car,40,2013.0,Toyt,RAV4,18,Thursday,4
MCP2064000S,200109520,Montgomery County Police,Injury Crash,2020-01-07 13:26:00,Interstate (State),NO NAME,RAMP 2 FR IS 370 WB TO IS 270 NB,SAME DIR REAR END,SNOW,WET,DAYLIGHT,NO CONTROLS,NONE DETECTED,Yes,Possible Injury,UNKNOWN,DC,Passenger Car,55,2014.0,Honda,4D,13,Tuesday,1
MCP9379002L,190031724,Montgomery County Police,Injury Crash,2019-07-03 14:50:00,County,SHADY GROVE RD,MT PLEASANT AVE,SAME DIR REAR END,CLEAR,DRY,DAYLIGHT,TRAFFIC SIGNAL,NONE DETECTED,No,No Apparent Injury,NOT DISTRACTED,MD,Pickup Truck,40,2007.0,Toyota,TK,14,Wednesday,7