Report Number,Local Case Number,Agency Name,ACRS Report Type,Crash Date/Time,Route Type,Road Name,Cross-Street Name,Collision Type,Weather,Surface Condition,Light,Traffic Control,Driver Substance Abuse,Driver At Fault,Injury Severity,Driver Distracted By,Drivers License State,Vehicle Body Type,Speed Limit,Vehicle Year,Vehicle Make,Vehicle Model,Crash Hour,Crash Day,Crash Month
MCP2603002V,190030143,Montgomery County Police,Property Damage Crash,2019-06-24 14:15:00,County,GOSHEN RD,ROTHBURY DR,SAME DIR REAR END,CLEAR,DRY,DAYLIGHT,TRAFFIC SIGNAL,Unknown,No,No Apparent Injury,NOT DISTRACTED,MD,Passenger Car,0,1996.0,Dodg,4S,14,Monday,6
MCP30200050,20010072,Montgomery County Police,Injury Crash,2020-02-29 10:00:00,Maryland (State),GEORGIA AVE,ENT TO BUSINESS,STRAIGHT MOVEMENT ANGLE,CLEAR,DRY,DAYLIGHT,NO CONTROLS,NONE DETECTED,No,Possible Injury,NOT DISTRACTED,MD,Passenger Car,35,2015.0,Toyota,COROLLA,10,Saturday,2
EJ7885003L,230057775,Gaithersburg Police Depar,Injury Crash,2023-09-30 22:15:00,Maryland (State),GREAT SENECA HWY,QUINCE ORCHARD RD,ANGLE MEETS RIGHT TURN,CLEAR,DRY,DARK LIGHTS ON,TRAFFIC SIGNAL,NONE DETECTED,Yes,No Apparent Injury,UNKNOWN,MD,Passenger Car,40,2016.0,Landrover,TK,22,Saturday,9
MCP2162003Y,190031758,Montgomery County Police,Property Damage Crash,2019-07-03 17:42:00,Maryland (State),NORBECK RD,GEORGIA AVE,SAME DIR REAR END,CLEAR,DRY,DAYLIGHT,TRAFFIC SIGNAL,Unknown,Yes,No Apparent Injury,UNKNOWN,MD,Passenger Car,35,2014.0,Chev,SPARK,17,Wednesday,7
MCP3052000C,170525593,Montgomery County Police,Property Damage Crash,2017-08-18 18:27:00,Municipality,RUSSELL AVE,ODENDHAL AVE,HEAD ON LEFT TURN,RAINING,WET,DAYLIGHT,TRAFFIC SIGNAL,NONE DETECTED,No,No Apparent Injury,NOT DISTRACTED,MD,Passenger Car,30,2017.0,Honda,CR-V,18,Friday,8
MCP1595000J,16053281,Montgomery County Police,Injury Crash,2016-10-17 04:52:00,Maryland (State),UNIVERSITY BLVD W,DAYTON ST,SAME DIR REND RIGHT TURN,CLEAR,DRY,DARK NO LIGHTS,NO CONTROLS,Unknown,Yes,Possible Injury,UNKNOWN,MD,Police Vehicle/Emergency,40,2014.0,Dodge,CHARGER,4,Monday,10
MCP1379004Y,180018035,Montgomery County Police,Property Damage Crash,2018-04-13 13:05:00,Maryland (State),ASHTON RD,NEW HAMPSHIRE AVE,HEAD ON LEFT TURN,CLEAR,DRY,DAYLIGHT,TRAFFIC SIGNAL,NONE DETECTED,Yes,No Apparent Injury,UNKNOWN,MD,Passenger Car,30,2013.0,Niss,ALTIMA,13,Friday,4
MCP28480011,15034967,MONTGOMERY,Injury Crash,2015-07-16 14:03:00,Maryland (State),ROCKVILLE PIKE,OLD GEORGETOWN RD,SAME DIR REAR END,CLEAR,DRY,DAYLIGHT,NO CONTROLS,NONE DETECTED,No,Possible Injury,NOT DISTRACTED,MD,Passenger Car,40,2008.0,Nissan,SENTRA,14,Thursday,7
DM8524000P,250019593,TAKOMA,Property Damage Crash,2025-05-04 17:18:00,Unknown,Unknown,Unknown,"Sideswipe, Same Direction",Clear,Unknown,Daylight,Unknown,"Not Suspect of Alcohol Use, Not Suspect of Drug Use",No,No Apparent Injury,Unknown,Unknown,Passenger Car,0,2008.0,Jeep,PATRIOT,17,Sunday,5
MCP3207000K,190050767,Montgomery County Police,Property Damage Crash,2019-10-22 16:15:00,County,SEVEN LOCKS RD,DEMOCRACY BLVD,SAME DIRECTION SIDESWIPE,RAINING,WET,DAYLIGHT,Unknown,Unknown,No,No Apparent Injury,NOT DISTRACTED,MD,Passenger Car,35,2005.0,Chrystler,SEBRING,16,Tuesday,10
MCP2966001H,16004715,Montgomery County Police,Property Damage Crash,2016-01-29 10:47:00,Maryland (State),CONNECTICUT AVE,DEAN RD,SAME DIR REAR END,WINTRY MIX,WET,DAYLIGHT,NO CONTROLS,NONE DETECTED,No,No Apparent Injury,NOT DISTRACTED,MD,Passenger Car,45,2007.0,Infi,SU,10,Friday,1
MCP14650025,16020695,Montgomery County Police,Property Damage Crash,2016-04-27 09:08:00,County,SHADY GROVE RD,CAVANAUGH DR,STRAIGHT MOVEMENT ANGLE,RAINING,WET,DAYLIGHT,STOP SIGN,NONE DETECTED,Yes,No Apparent Injury,LOOKED BUT DID NOT SEE,MD,Van,40,2001.0,Ford,VAN,9,Wednesday,4
MCP3148000K,180050993,Montgomery County Police,Property Damage Crash,2018-10-11 22:25:00,Maryland (State),CONNECTICUT AVE,DENFELD AVE,HEAD ON LEFT TURN,RAINING,WET,DARK LIGHTS ON,TRAFFIC SIGNAL,NONE DETECTED,No,No Apparent Injury,NOT DISTRACTED,MD,Passenger Car,40,2004.0,Ford,TRUCK,22,Thursday,10
MCP29410037,190004753,Montgomery County Police,Property Damage Crash,2019-01-30 15:26:00,County,FENTON ST,COLESVILLE RD,STRAIGHT MOVEMENT ANGLE,CLEAR,DRY,DAYLIGHT,TRAFFIC SIGNAL,NONE DETECTED,Yes,No Apparent Injury,NOT DISTRACTED,DC,Passenger Car,35,2009.0,Toyota,PRIUS,15,Wednesday,1
MCP33680024,240041813,MONTGOMERY,Injury Crash,2024-09-03 21:36:00,County Route,AIRPARK RD (SB/L),Unknown,Single Vehicle,Clear,Dry,Dark - Lighted,No Controls,"Not Suspect of Alcohol Use, Not Suspect of Drug Use",No,Possible Injury,Unknown,MD,Motorcycle - 2 Wheeled,50,2024.0,Triumph,DAYTONA,21,Tuesday,9
MCP2845006Y,200019901,Montgomery County Police,Property Damage Crash,2020-05-18 13:16:00,Maryland (State),UNIVERSITY BLVD E,COLESVILLE RD,SAME DIRECTION LEFT TURN,CLOUDY,DRY,DAYLIGHT,TRAFFIC SIGNAL,Unknown,Yes,No Apparent Injury,NOT DISTRACTED,Unknown,(Sport) Utility Vehicle,35,2016.0,Jeep,LIBERTY,13,Monday,5
MCP26110012,16006746,Montgomery County Police,Injury Crash,2016-02-09 12:50:00,County,CASTLE BLVD,BRIGGS CHANEY RD,SAME DIR REAR END,CLEAR,WET,DAYLIGHT,NO CONTROLS,NONE DETECTED,Yes,No Apparent Injury,OTHER DISTRACTION,MD,Passenger Car,30,2003.0,Dodge,2D,12,Tuesday,2
MCP3337000X,220054823,Montgomery County Police,Property Damage Crash,2022-12-11 18:20:00,Maryland (State),GEORGIA AVE,FOREST GLEN RD,SAME DIRECTION SIDESWIPE,CLEAR,DRY,DARK LIGHTS ON,TRAFFIC SIGNAL,Unknown,Yes,No Apparent Injury,LOOKED BUT DID NOT SEE,Unknown,Passenger Car,30,2017.0,Toytota,COROLLA,18,Sunday,12
MCP24400015,230002998,Montgomery County Police,Property Damage Crash,2023-01-19 05:55:00,County,MONTGOMERY VILLAGE AVE,LAKE SHORE DR,STRAIGHT MOVEMENT ANGLE,CLEAR,WET,DARK LIGHTS ON,TRAFFIC SIGNAL,NONE DETECTED,Yes,No Apparent Injury,NOT DISTRACTED,MD,Passenger Car,35,2013.0,Kia,OPTIMA,5,Thursday,1
MCP2737006H,250020395,MONTGOMERY,Property Damage Crash,2025-05-09 01:10:00,Maryland (State) Route,NEW HAMPSHIRE AVE,Unknown,Single Vehicle,Clear,Dry,Dark - Lighted,No Controls,"Not Suspect of Alcohol Use, Not Suspect of Drug Use",Yes,No Apparent Injury,Unknown,MD,Passenger Car,45,2025.0,Toyota,CAMRY,1,Friday,5
MCP2460001Q,250003579,MONTGOMERY,Property Damage Crash,2025-01-25 15:14:00,Unknown,Unknown,Unknown,Front to Front,Clear,Unknown,Daylight,Unknown,"Not Suspect of Alcohol Use, Not Suspect of Drug Use",Yes,No Apparent Injury,Not Distracted,VA,Sport Utility Vehicle,0,2014.0,Nissan,PATHFINDER,15,Saturday,1
MCP27670050,180042055,Montgomery County Police,Property Damage Crash,2018-08-23 17:45:00,County,LINDELL ST,RANDOLPH RD,SAME DIRECTION SIDESWIPE,CLEAR,DRY,DAYLIGHT,NO CONTROLS,NONE DETECTED,Yes,No Apparent Injury,UNKNOWN,MD,Van,20,2014.0,Kia,SEDONA,17,Thursday,8
DM84030009,190027998,Takoma Park Police Depart,Property Damage Crash,2019-06-12 09:19:00,Maryland (State),PHILADELPHIA AVE,HOLLY AVE,SAME DIRECTION SIDESWIPE,CLEAR,DRY,DAYLIGHT,Unknown,NONE DETECTED,Yes,No Apparent Injury,NOT DISTRACTED,MA,Passenger Car,5,2008.0,Honda,SW,9,Wednesday,6
MCP2870001Y,16061315,Montgomery County Police,Property Damage Crash,2016-11-29 19:45:00,Interstate (State),CAPITAL BELTWAY,CONNECTICUT AVE,SINGLE VEHICLE,Unknown,WET,DARK LIGHTS ON,NO CONTROLS,NONE DETECTED,Yes,No Apparent Injury,NOT DISTRACTED,VA,Passenger Car,55,2006.0,Chevy,UPLANDER,19,Tuesday,11
MCP1205004P,180059452,Montgomery County Police,Property Damage Crash,2018-11-28 11:15:00,Maryland (State),WISCONSIN AVE,WOODMONT AVE,SINGLE VEHICLE,Unknown,DRY,DAYLIGHT,TRAFFIC SIGNAL,NONE DETECTED,No,No Apparent Injury,NOT DISTRACTED,VA,"Medium/Heavy Trucks 3 Axles (Over 10,000Lbs (4,536Kg))",25,2004.0,Kenworth,DUMP TRUCK,11,Wednesday,11
MCP2917003T,190010509,Montgomery County Police,Injury Crash,2019-03-06 18:00:00,Maryland (State),CONNECTICUT AVE,DEAN RD,SAME DIR REAR END,CLEAR,DRY,DARK LIGHTS ON,NO CONTROLS,NONE DETECTED,No,Suspected Minor Injury,NOT DISTRACTED,MD,Passenger Car,45,2011.0,Ford,E150,18,Wednesday,3
MCP2198003P,180004685,Montgomery County Police,Property Damage Crash,2018-01-27 18:38:00,Unknown,Unknown,Unknown,SINGLE VEHICLE,CLEAR,Unknown,DARK LIGHTS ON,Unknown,Unknown,Yes,No Apparent Injury,NOT DISTRACTED,MD,Passenger Car,25,2006.0,Honda,PILOT,18,Saturday,1
MCP29300036,230024066,Montgomery County Police,Injury Crash,2023-05-19 15:16:00,County,BEL PRE RD,RIPPLING BROOK DR,STRAIGHT MOVEMENT ANGLE,CLEAR,DRY,DAYLIGHT,STOP SIGN,NONE DETECTED,No,Possible Injury,NOT DISTRACTED,MD,Passenger Car,35,2018.0,Ford,SD,15,Friday,5
MCP3360001Y,240040145,MONTGOMERY,Property Damage Crash,2024-08-25 01:29:00,Unknown,Unknown,Unknown,Front to Front,Clear,Unknown,Dark - Lighted,Unknown,"Not Suspect of Alcohol Use, Not Suspect of Drug Use",No,No Apparent Injury,Not Distracted,MD,Passenger Car,0,2019.0,Toyota,RAV4,1,Sunday,8
MCP2882000L,15002595,Montgomery County Police,Property Damage Crash,2015-01-16 16:19:00,Maryland (State),GERMANTOWN RD,OBSERVATION DR,STRAIGHT MOVEMENT ANGLE,CLEAR,DRY,DAYLIGHT,TRAFFIC SIGNAL,NONE DETECTED,Yes,No Apparent Injury,INATTENTIVE OR LOST IN THOUGHT,MD,Pickup Truck,45,2014.0,Ford,F150,16,Friday,1
MCP91300058,180025470,Montgomery County Police,Property Damage Crash,2018-05-24 11:42:00,Interstate (State),CAPITAL BELTWAY,RAMP 6 FR IS 495 EB TO MD 650 SB,OTHER,CLEAR,DRY,DAYLIGHT,NO CONTROLS,NONE DETECTED,No,No Apparent Injury,NOT DISTRACTED,MD,(Sport) Utility Vehicle,55,2016.0,Jeep,WRANGLER,11,Thursday,5
MCP30210031,180026689,Montgomery County Police,Property Damage Crash,2018-05-31 07:00:00,County,E RANDOLPH RD,APPLEBY DR,SAME DIR REAR END,RAINING,WET,DAYLIGHT,Unknown,NONE DETECTED,Yes,No Apparent Injury,NOT DISTRACTED,MD,Passenger Car,30,2005.0,Chevy,CAVALIER,7,Thursday,5
MCP30390076,240034634,MONTGOMERY,Property Damage Crash,2024-07-22 19:00:00,US (State),Unknown,Unknown,"Sideswipe, Same Direction",Clear,Wet,Daylight,Lane Use Control Signal,"Not Suspect of Alcohol Use, Not Suspect of Drug Use",No,No Apparent Injury,Not Distracted,MD,Passenger Car,35,2015.0,Nissan,ALTIMA,19,Monday,7
MCP23290028,230035152,Montgomery County Police,Property Damage Crash,2023-07-24 06:10:00,County,MONTGOMERY VILLAGE AVE,CENTERWAY RD,HEAD ON LEFT TURN,CLOUDY,DRY,DAYLIGHT,TRAFFIC SIGNAL,NONE DETECTED,Yes,No Apparent Injury,NOT DISTRACTED,CA,(Sport) Utility Vehicle,35,2016.0,Toyt,TK,6,Monday,7
DD55020069,220003584,Rockville Police Departme,Property Damage Crash,2022-01-27 13:25:00,Maryland (State),W MONTGOMERY AVE,ADCLARE RD,SAME DIRECTION SIDESWIPE,CLEAR,DRY,DAYLIGHT,NO CONTROLS,NONE DETECTED,Yes,No Apparent Injury,NOT DISTRACTED,MD,Passenger Car,30,2014.0,Merz,4S,13,Thursday,1
MCP304800C3,240011409,MONTGOMERY,Property Damage Crash,2024-03-09 10:40:00,Unknown,Unknown,Unknown,Front to Rear,Rain,Unknown,Daylight,Unknown,"Not Suspect of Alcohol Use, Not Suspect of Drug Use",No,No Apparent Injury,Not Distracted,MD,Passenger Car,0,2013.0,Toyota,COROLLA,10,Saturday,3
MCP2835001F,17051381,Montgomery County Police,Property Damage Crash,2017-06-08 05:00:00,Municipality,SHEPHERD ST,CONNECTICUT AVE,SAME DIRECTION SIDESWIPE,CLEAR,DRY,DUSK,NO CONTROLS,UNKNOWN,Yes,No Apparent Injury,UNKNOWN,XX,Station Wagon,10,2000.0,Ford,F650,5,Thursday,6
MCP2425004T,15014978,Montgomery County Police,Injury Crash,2015-04-01 13:56:00,US (State),COLESVILLE RD,ROWEN RD,SAME DIR REAR END,CLEAR,DRY,DAYLIGHT,NO CONTROLS,NONE DETECTED,No,No Apparent Injury,NOT DISTRACTED,VA,Passenger Car,40,2014.0,Toyota,PRIUS,13,Wednesday,4
MCP3334001M,230052275,Montgomery County Police,Property Damage Crash,2023-08-30 16:40:00,Maryland (State),COLESVILLE RD,EAST WEST HWY,SAME DIRECTION SIDESWIPE,CLEAR,DRY,DAYLIGHT,TRAFFIC SIGNAL,NONE DETECTED,Yes,No Apparent Injury,UNKNOWN,MD,Transit Bus,30,2019.0,Bu,UK,16,Wednesday,8
EJ7877001G,210052120,Gaithersburg Police Depar,Property Damage Crash,2021-12-21 22:59:00,Municipality,WATKINS MILL RD,FREDERICK RD,SAME DIRECTION SIDESWIPE,Unknown,Unknown,DARK LIGHTS ON,TRAFFIC SIGNAL,Unknown,Yes,No Apparent Injury,UNKNOWN,MD,Passenger Car,35,2011.0,Nissan,SENTRA,22,Tuesday,12
MCP31040020,200013481,Montgomery County Police,Property Damage Crash,2020-03-21 02:04:00,Maryland (State),UNIVERSITY BLVD E,COLESVILLE RD,SINGLE VEHICLE,RAINING,WET,DARK LIGHTS ON,TRAFFIC SIGNAL,ALCOHOL PRESENT,Yes,No Apparent Injury,OTHER CELLULAR PHONE RELATED,MD,Passenger Car,40,2007.0,Mercedez,MILAN,2,Saturday,3
MCP2832007F,220043093,Montgomery County Police,Injury Crash,2022-10-03 13:32:00,County,NEBEL ST,RANDOLPH RD,HEAD ON,CLOUDY,DRY,DAYLIGHT,NO CONTROLS,NONE DETECTED,Yes,No Apparent Injury,LOOKED BUT DID NOT SEE,MD,(Sport) Utility Vehicle,30,2004.0,Toyt,4RUNNER,13,Monday,10
MCP2894002C,16033088,Montgomery County Police,Property Damage Crash,2016-06-30 11:27:00,Interstate (State),EISENHOWER MEMORIAL HWY,CAPITAL BELTWAY,SAME DIRECTION SIDESWIPE,CLEAR,DRY,DAYLIGHT,NO CONTROLS,NONE DETECTED,Yes,No Apparent Injury,LOOKED BUT DID NOT SEE,MD,Passenger Car,55,2004.0,Hond,SU,11,Thursday,6
MCP2780007C,230060317,Montgomery County Police,Injury Crash,2023-10-13 14:30:00,Maryland (State),GERMANTOWN RD,CITIZENS LA,HEAD ON,CLEAR,DRY,DAYLIGHT,STOP SIGN,NONE DETECTED,No,Possible Injury,NOT DISTRACTED,MD,Passenger Car,40,2020.0,Hyun,ACCENT,14,Friday,10
MCP2545000K,180046401,Montgomery County Police,Injury Crash,2018-09-17 09:25:00,County,KEMP MILL RD,CLINTWOOD PL,HEAD ON LEFT TURN,RAINING,WET,DAYLIGHT,NO CONTROLS,NONE DETECTED,No,Possible Injury,NOT DISTRACTED,MD,Passenger Car,35,2016.0,Toyota,COROLLA,9,Monday,9
MCP12210029,16035459,Montgomery County Police,Property Damage Crash,2016-07-13 13:52:00,Maryland (State),MONTGOMERY VILLAGE AVE,RUSSELL AVE,SAME DIR REAR END,CLEAR,DRY,DAYLIGHT,TRAFFIC SIGNAL,NONE DETECTED,Yes,No Apparent Injury,NOT DISTRACTED,MD,Police Vehicle/Non Emergency,35,2014.0,Dodge,CHARGER,13,Wednesday,7
MCP2680001J,15033253,MONTGOMERY,Property Damage Crash,2015-07-07 17:26:00,Unknown,Unknown,Unknown,SAME DIRECTION SIDESWIPE,CLEAR,Unknown,DAYLIGHT,NO CONTROLS,NONE DETECTED,No,No Apparent Injury,NOT DISTRACTED,MD,(Sport) Utility Vehicle,25,2012.0,Infinity,FX35,17,Tuesday,7
MCP2613000J,15049412,MONTGOMERY,Property Damage Crash,2015-09-29 18:02:00,Municipality,ODENDHAL AVE,RUSSELL AVE,SINGLE VEHICLE,RAINING,WET,DAYLIGHT,TRAFFIC SIGNAL,NONE DETECTED,Yes,No Apparent Injury,UNKNOWN,MD,Passenger Car,30,1999.0,Suba,FORESTER,18,Tuesday,9
MCP24250098,170505452,Montgomery County Police,Property Damage Crash,2017-05-02 14:01:00,US (State),COLESVILLE RD,UNIVERSITY BLVD E,SAME DIR REAR END,CLEAR,DRY,DAYLIGHT,TRAFFIC SIGNAL,UNKNOWN,Yes,No Apparent Injury,UNKNOWN,MD,Passenger Car,40,2009.0,Nissan,ROGUE,14,Tuesday,5
MCP3367000N,230022629,Montgomery County Police,Injury Crash,2023-05-11 15:20:00,County,BARRON ST,PINEY BRANCH RD,HEAD ON LEFT TURN,CLEAR,DRY,DAYLIGHT,TRAFFIC SIGNAL,Unknown,No,Possible Injury,NOT DISTRACTED,MD,Passenger Car,35,2009.0,Honda,CIVIC,15,Thursday,5
MCP30390026,18008985,Montgomery County Police,Property Damage Crash,2018-04-18 17:00:00,County,BROOKVILLE RD,SPUR TO LYTTONSVILLE PL,SINGLE VEHICLE,CLEAR,"MUD, DIRT, GRAVEL",DAYLIGHT,NO CONTROLS,NONE DETECTED,Yes,No Apparent Injury,NOT DISTRACTED,MD,Passenger Car,30,2004.0,Infiniti,G35,17,Wednesday,4
MCP2064000T,230055938,Montgomery County Police,Property Damage Crash,2023-09-20 12:14:00,Unknown,Unknown,Unknown,OTHER,CLEAR,Unknown,DAYLIGHT,Unknown,UNKNOWN,Yes,No Apparent Injury,UNKNOWN,MD,Passenger Car,5,2019.0,Audi,SUV,12,Wednesday,9
MCP291400C5,220019234,Montgomery County Police,Injury Crash,2022-05-06 05:40:00,US (State),GEORGIA AVE,BURLINGTON AVE,SAME DIR REAR END,CLEAR,Unknown,DARK LIGHTS ON,TRAFFIC SIGNAL,Unknown,No,Possible Injury,NOT DISTRACTED,MD,Passenger Car,30,2013.0,Hyun,4S,5,Friday,5
MCP14530096,210006211,Montgomery County Police,Injury Crash,2021-02-17 12:14:00,Maryland (State),FREDERICK RD,CROGHAN RD,SAME DIR REAR END,CLOUDY,DRY,DAYLIGHT,NO CONTROLS,NONE DETECTED,No,Possible Injury,NOT DISTRACTED,MD,Van,40,2014.0,Dodge,GRAND CARAVAN,12,Wednesday,2
MCP29950053,190042554,Montgomery County Police,Property Damage Crash,2019-09-05 14:50:00,Maryland (State),CONNECTICUT AVE,WELLER RD,SAME DIRECTION SIDESWIPE,CLEAR,DRY,DAYLIGHT,TRAFFIC SIGNAL,NONE DETECTED,Unknown,No Apparent Injury,NOT DISTRACTED,MD,Passenger Car,35,2017.0,Dodge,JOURNEY,14,Thursday,9
MCP3228003M,220019451,Montgomery County Police,Injury Crash,2022-05-07 17:01:00,Maryland (State),GEORGIA AVE,DENNIS AVE,SAME DIR REAR END,RAINING,WET,DAYLIGHT,TRAFFIC SIGNAL,UNKNOWN,Yes,No Apparent Injury,UNKNOWN,MD,Passenger Car,30,2003.0,Dodge,DURANGO,17,Saturday,5
MCP1151004F,16017817,Montgomery County Police,Injury Crash,2016-04-12 08:54:00,County,FATHER HURLEY BLVD,DAWSON FARM RD,HEAD ON LEFT TURN,RAINING,WET,DAYLIGHT,STOP SIGN,NONE DETECTED,No,Suspected Minor Injury,LOOKED BUT DID NOT SEE,MD,Pickup Truck,35,2015.0,Ford,F250,8,Tuesday,4
MCP3097002M,220019327,Montgomery County Police,Injury Crash,2022-05-06 16:44:00,US (State),COLUMBIA PIKE,RAMP 2 FR MD 198 WB TO US 29 NB,SAME DIR REAR END,RAINING,WET,DAYLIGHT,Unknown,NONE DETECTED,Yes,No Apparent Injury,LOOKED BUT DID NOT SEE,MD,Passenger Car,55,2010.0,Honda,CRV,16,Friday,5
MCP102200HB,230035166,Montgomery County Police,Injury Crash,2023-07-24 07:37:00,Maryland (State),PINEY BRANCH RD,SLIGO AVE,SAME DIR REAR END,CLOUDY,WET,DAYLIGHT,TRAFFIC SIGNAL,NONE DETECTED,No,Possible Injury,NOT DISTRACTED,MD,(Sport) Utility Vehicle,30,2019.0,Toyota,HIGHLANDER,7,Monday,7
MCP3123004K,220042056,Montgomery County Police,Property Damage Crash,2022-09-27 09:10:00,Interstate (State),EISENHOWER MEMORIAL HWY,FALLS RD,SAME DIR REAR END,CLEAR,DRY,DAYLIGHT,NO CONTROLS,Unknown,No,No Apparent Injury,NOT DISTRACTED,MD,Passenger Car,55,2013.0,Lexas,ES,9,Tuesday,9
MCP3235000M,200012626,Montgomery County Police,Property Damage Crash,2020-03-14 15:33:00,County,LEXINGTON DR,UNIVERSITY BLVD E,SAME DIR REAR END,CLEAR,DRY,DAYLIGHT,TRAFFIC SIGNAL,NONE DETECTED,No,No Apparent Injury,NOT DISTRACTED,MD,Passenger Car,35,2016.0,Toyota,PRIUS,15,Saturday,3
MCP2812004V,190014815,Montgomery County Police,Injury Crash,2019-04-01 19:52:00,Maryland (State),GEORGIA AVE,FOREST GLEN RD,SAME DIR REAR END,CLEAR,DRY,DARK LIGHTS ON,TRAFFIC SIGNAL,Unknown,Yes,No Apparent Injury,UNKNOWN,MD,(Sport) Utility Vehicle,35,2010.0,Jeep,GRAND CHEROKEE,19,Monday,4
MCP30230044,210019559,Montgomery County Police,Injury Crash,2021-05-24 08:00:00,Maryland (State),LAYHILL RD,HATHAWAY DR,SAME DIR REAR END,RAINING,WET,DAYLIGHT,NO CONTROLS,NONE DETECTED,Yes,Possible Injury,NOT DISTRACTED,MD,Passenger Car,40,2005.0,Toyt,2S,8,Monday,5
MCP3126002S,210041858,Montgomery County Police,Injury Crash,2021-10-18 17:30:00,Maryland (State),RIDGE RD,SNOWDEN FARM PKWY (PROP),SAME DIR REAR END,CLEAR,DRY,DAYLIGHT,TRAFFIC SIGNAL,NONE DETECTED,Yes,No Apparent Injury,NOT DISTRACTED,MD,Passenger Car,40,2004.0,Kia,AMANTI,17,Monday,10
MCP3030007H,250002565,MONTGOMERY,Property Damage Crash,2025-01-18 18:35:00,County Route,WILLARD AVE,Unknown,Front to Front,Clear,Wet,Dark - Lighted,No Controls,"Not Suspect of Alcohol Use, Not Suspect of Drug Use",Yes,No Apparent Injury,Unknown,AZ,Passenger Car,35,2016.0,Infiniti,Q50,18,Saturday,1
MCP3161004S,230000362,Montgomery County Police,Property Damage Crash,2023-01-03 15:50:00,Maryland (State),ROCKVILLE PIKE,JONES BRIDGE RD,SAME DIR REAR END,CLEAR,DRY,DAYLIGHT,TRAFFIC SIGNAL,NONE DETECTED,Yes,No Apparent Injury,UNKNOWN,CO,Pickup Truck,35,2005.0,Ford,F150,15,Tuesday,1
MCP1366007P,18003606,Montgomery County Police,Injury Crash,2018-07-24 09:05:00,Maryland (State),BUCKLODGE RD,MOORE RD,SINGLE VEHICLE,RAINING,WET,DAYLIGHT,NO CONTROLS,NONE DETECTED,Yes,Suspected Minor Injury,UNKNOWN,MD,Station Wagon,40,2007.0,Subaru,OUTBACK,9,Tuesday,7
MCP3055001Z,190015576,Montgomery County Police,Property Damage Crash,2019-04-04 07:30:00,County,BEL PRE RD,LAYHILL RD,SAME DIR REAR END,CLEAR,DRY,DAYLIGHT,TRAFFIC SIGNAL,Unknown,Yes,No Apparent Injury,LOOKED BUT DID NOT SEE,MD,Passenger Car,35,2014.0,Toyota,CAMRY,7,Thursday,4
MCP2977006H,190052478,Montgomery County Police,Property Damage Crash,2019-10-31 16:50:00,Maryland (State),GEORGIA AVE,LUZERNE AVE,SAME DIR REAR END,CLOUDY,WET,DAYLIGHT,Unknown,Unknown,No,No Apparent Injury,NOT DISTRACTED,MD,(Sport) Utility Vehicle,35,2015.0,Ford,EXPLOR,16,Thursday,10
MCP1202000L,15037674,MONTGOMERY,Property Damage Crash,2015-07-30 09:04:00,Maryland (State),WISCONSIN AVE,FAIRMONT AVE,SAME DIR REAR END,CLEAR,DRY,DAYLIGHT,NO CONTROLS,Unknown,No,No Apparent Injury,NOT DISTRACTED,DC,Passenger Car,25,2002.0,Lexus,GS430,9,Thursday,7
MCP2039001B,15042050,MONTGOMERY,Injury Crash,2015-08-22 09:19:00,Maryland (State),VEIRS MILL RD,TURKEY BRANCH PKWY,SAME DIR REAR END,CLEAR,DRY,DAYLIGHT,OTHER,Unknown,No,Possible Injury,NOT DISTRACTED,MD,Passenger Car,45,2015.0,Chevrolet,EQUINOX,9,Saturday,8
MCP2305003D,240016938,MONTGOMERY,Property Damage Crash,2024-04-11 23:39:00,Other Public Roadway,CRYSTAL ROCK DR (SB/L),Unknown,Single Vehicle,Rain,Wet,Dark - Lighted,Traffic Control Signal,"Not Suspect of Alcohol Use, Not Suspect of Drug Use",No,No Apparent Injury,Not Distracted,GA,Sport Utility Vehicle,25,2024.0,Ford,EXPLORER,23,Thursday,4
MCP30480062,190055298,Montgomery County Police,Property Damage Crash,2019-11-16 11:14:00,Maryland (State),CONNECTICUT AVE,BEACH DR,SAME DIR REAR END,CLEAR,DRY,DAYLIGHT,NO CONTROLS,Unknown,Yes,No Apparent Injury,NOT DISTRACTED,MD,Passenger Car,30,2014.0,Honda,ACCORD,11,Saturday,11
MCP3169002D,190053617,Montgomery County Police,Injury Crash,2019-11-07 08:33:00,County,WAYNE AVE,CEDAR ST,STRAIGHT MOVEMENT ANGLE,CLEAR,DRY,DAYLIGHT,TRAFFIC SIGNAL,Unknown,Yes,No Apparent Injury,LOOKED BUT DID NOT SEE,MD,Passenger Car,40,2016.0,Toyt,COROLLA,8,Thursday,11
MCP2969000F,15022579,Montgomery County Police,Injury Crash,2015-05-12 09:07:00,Maryland (State),GEORGIA AVE,HERMITAGE AVE,SAME DIR REAR END,Unknown,DRY,DAYLIGHT,NO CONTROLS,NONE DETECTED,No,Possible Injury,UNKNOWN,MD,Passenger Car,35,2009.0,Nissan,SENTRA,9,Tuesday,5
MCP3264004Z,250015393,MONTGOMERY,Property Damage Crash,2025-04-09 09:15:00,Maryland (State) Route,GEORGIA AVE,RAMP 3 FR IS 495 EB TO MD 97 NB,Front to Rear,Clear,Dry,Daylight,Traffic Control Signal,"Not Suspect of Alcohol Use, Not Suspect of Drug Use",No,No Apparent Injury,Not Distracted,MD,Passenger Car,30,2020.0,Hyundai,VENUE,9,Wednesday,4