Report Number,Local Case Number,Agency Name,ACRS Report Type,Crash Date/Time,Route Type,Road Name,Cross-Street Name,Collision Type,Weather,Surface Condition,Light,Traffic Control,Driver Substance Abuse,Driver At Fault,Injury Severity,Driver Distracted By,Drivers License State,Vehicle Body Type,Speed Limit,Vehicle Year,Vehicle Make,Vehicle Model,Crash Hour,Crash Day,Crash Month
MCP15750075,180041572,Montgomery County Police,Property Damage Crash,2018-08-21 11:32:00,County,E GUDE DR,CRABBS BRANCH WAY,SAME DIRECTION SIDESWIPE,RAINING,WET,DAYLIGHT,TRAFFIC SIGNAL,NONE DETECTED,No,No Apparent Injury,NOT DISTRACTED,MD,Van,40,2004.0,Ford,VN,11,Tuesday,8
MCP1500000X,15058020,MONTGOMERY,Property Damage Crash,2015-11-17 18:00:00,US (State),COLESVILLE RD,UNIVERSITY BLVD E,SAME DIRECTION SIDESWIPE,CLEAR,DRY,DARK LIGHTS ON,NO CONTROLS,NONE DETECTED,No,No Apparent Injury,NOT DISTRACTED,MD,Passenger Car,40,2014.0,Hyundai,ELANTRA,18,Tuesday,11
MCP1119009J,220012288,Montgomery County Police,Property Damage Crash,2022-03-22 07:45:00,County,CRABBS BRANCH WAY,E GUDE DR,OTHER,CLEAR,DRY,DAYLIGHT,Unknown,NONE DETECTED,Unknown,No Apparent Injury,NOT DISTRACTED,MD,"Cargo Van/Light Truck 2 Axles (Over 10,000Lbs (4,536 Kg))",35,2014.0,Ford,F550,7,Tuesday,3
MCP3014000Y,17511795,Montgomery County Police,Property Damage Crash,2017-06-04 21:47:00,County,VEIRS MILL SERV RD,BUSHEY DR,SAME DIR REAR END,CLEAR,DRY,DARK LIGHTS ON,NO CONTROLS,NONE DETECTED,No,No Apparent Injury,NOT DISTRACTED,MD,Passenger Car,40,2004.0,Toyt,HIGHLANDER,21,Sunday,6
MCP24450030,210042489,Montgomery County Police,Property Damage Crash,2021-10-22 13:03:00,Maryland (State),GERMANTOWN RD,AIRCRAFT DR,STRAIGHT MOVEMENT ANGLE,CLEAR,DRY,DAYLIGHT,TRAFFIC SIGNAL,NONE DETECTED,Yes,No Apparent Injury,LOOKED BUT DID NOT SEE,MD,Passenger Car,40,2004.0,Toyt,SD,13,Friday,10
MCP29050043,180041287,Montgomery County Police,Property Damage Crash,2018-08-19 19:41:00,Maryland (State),OLD GEORGETOWN RD,RAMP 4 FR MD 187 NB TO IS 495 EB,STRAIGHT MOVEMENT ANGLE,CLEAR,DRY,DARK LIGHTS ON,TRAFFIC SIGNAL,Unknown,No,No Apparent Injury,NOT DISTRACTED,MD,Transit Bus,40,2013.0,Tbu,TBU,19,Sunday,8
MCP12050036,170520533,Montgomery County Police,Injury Crash,2017-07-22 09:40:00,Maryland (State),WISCONSIN AVE,MONTGOMERY LA,STRAIGHT MOVEMENT ANGLE,CLEAR,DRY,DAYLIGHT,TRAFFIC SIGNAL,NONE DETECTED,No,Suspected Minor Injury,NOT DISTRACTED,MD,Passenger Car,25,2008.0,Nissan,SENTRA,9,Saturday,7
EJ79050022,240058968,GAITHERSBURG,Injury Crash,2024-12-10 06:47:00,Maryland (State) Route,MONTGOMERY VILLAGE AVE,RUSSELL AVE,Rear To Side,"Fog, Smog, Smoke",Wet,Dawn,Traffic Control Signal,"Not Suspect of Alcohol Use, Not Suspect of Drug Use",No,Possible Injury,Unknown,MD,Passenger Car,40,2007.0,Mercedes-Benz,C-CLASS,6,Tuesday,12
MCP3023002C,180033670,Montgomery County Police,Property Damage Crash,2018-07-08 07:00:00,Maryland (State),VEIRS MILL RD,ARBUTUS AVE,SAME DIRECTION SIDESWIPE,CLEAR,DRY,DAYLIGHT,NO CONTROLS,NONE DETECTED,No,No Apparent Injury,NOT DISTRACTED,MD,Passenger Car,45,2017.0,Hyundai,SONATA,7,Sunday,7
MCP276700BF,240012321,MONTGOMERY,Property Damage Crash,2024-03-14 17:23:00,US (State),COLUMBIA PIKE (SB/L),Unknown,"Sideswipe, Same Direction",Clear,Dry,Daylight,No Controls,"Not Suspect of Alcohol Use, Not Suspect of Drug Use",No,No Apparent Injury,Unknown,MD,Passenger Car,45,2010.0,Toyota,PRIUS,17,Thursday,3
MCP3078002R,190017389,Montgomery County Police,Property Damage Crash,2019-04-14 03:37:00,County,BLUHILL RD,GOODHILL RD,OPPOSITE DIRECTION SIDESWIPE,CLEAR,DRY,DARK LIGHTS ON,Unknown,ALCOHOL PRESENT,Yes,No Apparent Injury,UNKNOWN,MD,Passenger Car,25,2015.0,Chevy,MALIBU,3,Sunday,4
MCP27370026,17004441,Montgomery County Police,Property Damage Crash,2017-01-25 22:43:00,Maryland (State),GEORGIA AVE,NORBECK RD,SAME DIR REAR END,CLEAR,DRY,DARK LIGHTS ON,TRAFFIC SIGNAL,NONE DETECTED,Yes,No Apparent Injury,INATTENTIVE OR LOST IN THOUGHT,MD,Passenger Car,50,2005.0,Honda,ACCORD,22,Wednesday,1
MCP2946003J,200022795,Montgomery County Police,Injury Crash,2020-06-10 12:27:00,County,CRYSTAL ROCK DR,WATERS LANDING DR,STRAIGHT MOVEMENT ANGLE,CLEAR,DRY,DAYLIGHT,NO CONTROLS,NONE DETECTED,Yes,Suspected Minor Injury,LOOKED BUT DID NOT SEE,MD,Passenger Car,40,2017.0,Ford,FIESTA,12,Wednesday,6
MCP9417001S,170504722,Montgomery County Police,Injury Crash,2017-04-28 13:11:00,County,PARKLAWN DR,SPUR TO CO 3234,SAME DIR REAR END,CLEAR,DRY,DAYLIGHT,YIELD SIGN,NONE DETECTED,Yes,No Apparent Injury,UNKNOWN,MD,Van,35,2016.0,Toyota,RAV4,13,Friday,4
MCP9419002N,200030096,Montgomery County Police,Injury Crash,2020-08-03 13:49:00,Unknown,Unknown,Unknown,OTHER,CLOUDY,Unknown,DAYLIGHT,NO CONTROLS,NONE DETECTED,Yes,No Apparent Injury,LOOKED BUT DID NOT SEE,DC,Van,0,2017.0,Dodge,RAM,13,Monday,8
MCP2456007K,230029905,Montgomery County Police,Property Damage Crash,2023-06-22 10:10:00,Interstate (State),CAPITAL BELTWAY,UNIVERSITY BLVD E,SAME DIR REAR END,RAINING,OIL,DAYLIGHT,NO CONTROLS,NONE DETECTED,No,No Apparent Injury,NOT DISTRACTED,MD,Passenger Car,55,2011.0,Honda,4 DOOR,10,Thursday,6
MCP229800B1,16052150,Montgomery County Police,Injury Crash,2016-10-10 18:48:00,Maryland (State),RIDGE RD,HAWKES RD,HEAD ON,CLEAR,DRY,DUSK,NO CONTROLS,NONE DETECTED,No,Possible Injury,NOT DISTRACTED,MD,Pickup Truck,40,2016.0,Toyota,TUNDRA,18,Monday,10
MCP3006000D,16003127,Montgomery County Police,Property Damage Crash,2016-01-17 06:28:00,County,AMHERST AVE,BLUERIDGE AVE,SAME DIR REAR END,CLEAR,DRY,DARK LIGHTS ON,NO CONTROLS,ALCOHOL PRESENT,Yes,No Apparent Injury,NOT DISTRACTED,VA,Passenger Car,30,2010.0,Toyota,CAMRY,6,Sunday,1
MCP2475005N,210003893,Montgomery County Police,Injury Crash,2021-01-30 16:10:00,Maryland (State),NEW HAMPSHIRE AVE,OAKVIEW DR,SAME DIR REAR END,Unknown,DRY,DAYLIGHT,NO CONTROLS,NONE DETECTED,Yes,No Apparent Injury,LOOKED BUT DID NOT SEE,XX,Pickup Truck,40,1999.0,Chevy,SILVERADO,16,Saturday,1
DD56530002,210043120,Rockville Police Departme,Property Damage Crash,2021-10-26 12:26:00,Maryland (State),HUNGERFORD DR,COLLEGE PKWY,STRAIGHT MOVEMENT ANGLE,Unknown,DRY,DAYLIGHT,TRAFFIC SIGNAL,Unknown,No,No Apparent Injury,NOT DISTRACTED,MD,Passenger Car,40,2020.0,Volks,4 DOOR,12,Tuesday,10
MCP2298009R,16048097,Montgomery County Police,Property Damage Crash,2016-09-19 13:07:00,County,WATKINS MILL RD,GREENRIVER TERR,SINGLE VEHICLE,RAINING,WET,DAYLIGHT,NO CONTROLS,NONE DETECTED,Yes,No Apparent Injury,NOT DISTRACTED,MD,Passenger Car,35,2007.0,Toyota,COROLLA,13,Monday,9
MCP1453009Q,220034907,Montgomery County Police,Injury Crash,2022-08-13 16:37:00,County,WISTERIA DR,GERMANTOWN RD,STRAIGHT MOVEMENT ANGLE,CLEAR,DRY,DAYLIGHT,STOP SIGN,NONE DETECTED,Yes,No Apparent Injury,LOOKED BUT DID NOT SEE,AZ,(Sport) Utility Vehicle,0,2003.0,Jeep,GRAND CHEROKEE,16,Saturday,8
MCP23630012,170516672,Montgomery County Police,Injury Crash,2017-06-30 17:24:00,Unknown,Unknown,Unknown,SAME DIR REAR END,CLEAR,Unknown,DAYLIGHT,TRAFFIC SIGNAL,NONE DETECTED,No,Possible Injury,NOT DISTRACTED,MD,Passenger Car,25,2016.0,Hond,PILOT,17,Friday,6
DD5662000C,230029485,Rockville Police Departme,Injury Crash,2023-06-19 19:30:00,Municipality,N WASHINGTON ST,W MONTGOMERY AVE,SAME DIR REAR END,CLEAR,DRY,DAYLIGHT,NO CONTROLS,Unknown,No,Possible Injury,NOT DISTRACTED,MD,Passenger Car,25,2008.0,Toyt,4S,19,Monday,6
MCP3163008N,250017498,MONTGOMERY,Injury Crash,2025-04-22 17:28:00,Municipality Route,MAPLE AVE,BRADLEY LA,"Sideswipe, Same Direction",Clear,Dry,Daylight,No Controls,"Not Suspect of Alcohol Use, Not Suspect of Drug Use",Yes,Suspected Serious Injury,Unknown,VA,Passenger Car,25,2023.0,Cadillac,ESCALADE ESV,17,Tuesday,4
MCP3423000S,240056668,MONTGOMERY,Property Damage Crash,2024-11-25 20:19:00,County Route,FLORA LA,GEORGIA AVE GEORGIA AVE (SB/L),"Sideswipe, Same Direction",Clear,Dry,Dark - Lighted,No Controls,"Not Suspect of Alcohol Use, Not Suspect of Drug Use",No,No Apparent Injury,Not Distracted,MD,Passenger Car,30,2008.0,Ford,EXPLORER,20,Monday,11
DD56760007,240017098,ROCKVILLE,Property Damage Crash,2024-04-12 20:48:00,Maryland (State) Route,ROCKVILLE PIKE (SB/L),Unknown,"Sideswipe, Same Direction",Clear,Dry,Dark - Lighted,No Controls,"Not Suspect of Alcohol Use, Not Suspect of Drug Use",No,No Apparent Injury,Not Distracted,MD,Bus - Transit,40,2017.0,Gillig,CITY TRANSIT BUS,20,Friday,4
MCP2349000K,15032855,MONTGOMERY,Injury Crash,2015-07-05 14:36:00,Maryland (State),FREDERICK RD,PLUMMER DR,SAME DIR REAR END,CLEAR,DRY,DAYLIGHT,NO CONTROLS,NONE DETECTED,No,No Apparent Injury,NOT DISTRACTED,MD,Passenger Car,45,2015.0,Volvo,XC60,14,Sunday,7
MCP26670059,180053414,Montgomery County Police,Injury Crash,2018-10-25 09:00:00,Maryland (State),MONTGOMERY VILLAGE AVE,LOST KNIFE RD,SAME DIR REAR END,Unknown,DRY,DAYLIGHT,NO CONTROLS,NONE DETECTED,No,Possible Injury,NOT DISTRACTED,MD,Passenger Car,35,2006.0,Toyota,SCION,9,Thursday,10
MCP3195001Q,200047400,Montgomery County Police,Injury Crash,2020-12-01 16:00:00,County,BUCKNELL DR,ROAD END,OTHER,CLEAR,DRY,DAYLIGHT,Unknown,Unknown,Yes,No Apparent Injury,LOOKED BUT DID NOT SEE,Unknown,"Cargo Van/Light Truck 2 Axles (Over 10,000Lbs (4,536 Kg))",15,2015.0,Ford,E-350,16,Tuesday,12
MCP3280004Z,240011674,MONTGOMERY,Property Damage Crash,2024-03-11 10:40:00,County Route,OLD COLUMBIA PIKE,MUSGROVE RD MUSGROVE RD (WB/L),Other,Clear,Dry,Daylight,Stop Sign,"Not Suspect of Alcohol Use, Not Suspect of Drug Use",No,No Apparent Injury,Not Distracted,MD,Passenger Car,30,2013.0,Ford,FUSION,10,Monday,3
MCP3090006P,220056986,Montgomery County Police,Injury Crash,2022-12-23 14:29:00,Maryland (State),KEY WEST AVE,MEDICAL CENTER DR,STRAIGHT MOVEMENT ANGLE,CLEAR,DRY,DAYLIGHT,TRAFFIC SIGNAL,Unknown,Yes,Suspected Serious Injury,UNKNOWN,MD,Passenger Car,40,2016.0,Honda,ACCORD,14,Friday,12
EJ7878004T,220056894,Gaithersburg Police Depar,Injury Crash,2022-12-22 21:23:00,Unknown,Unknown,Unknown,OTHER,RAINING,Unknown,DARK LIGHTS ON,NO CONTROLS,Unknown,Yes,No Apparent Injury,LOOKED BUT DID NOT SEE,MD,Passenger Car,15,2014.0,Toyota,COROLLA,21,Thursday,12
MCP31450010,180000789,Montgomery County Police,Injury Crash,2019-01-05 14:14:00,Maryland (State),GEORGIA AVE,WINDHAM LA,SAME DIR REAR END,RAINING,WET,DAYLIGHT,NO CONTROLS,Unknown,Yes,No Apparent Injury,INATTENTIVE OR LOST IN THOUGHT,MD,Passenger Car,35,2019.0,Honda,TK,14,Saturday,1
MCP2987001W,170511299,Montgomery County Police,Injury Crash,2017-06-02 09:54:00,Maryland (State),NEW HAMPSHIRE AVE,EXIT #28,SAME DIR REAR END,CLEAR,DRY,DAYLIGHT,YIELD SIGN,NONE DETECTED,Yes,Possible Injury,NOT DISTRACTED,MD,Passenger Car,40,2009.0,Honda,CIVIC,9,Friday,6
MCP00360045,16025551,Montgomery County Police,Injury Crash,2016-05-23 07:02:00,County,FATHER HURLEY BLVD,MIDDLEBROOK RD,STRAIGHT MOVEMENT ANGLE,CLEAR,WET,DAYLIGHT,TRAFFIC SIGNAL,NONE DETECTED,No,Possible Injury,NOT DISTRACTED,MD,Passenger Car,35,2013.0,Toyota,TK,7,Monday,5
MCP3239000R,200017028,Montgomery County Police,Property Damage Crash,2020-04-24 09:34:00,County,CALVERTON BLVD,FALLSTON AVE,STRAIGHT MOVEMENT ANGLE,RAINING,WET,DAYLIGHT,STOP SIGN,NONE DETECTED,Yes,No Apparent Injury,LOOKED BUT DID NOT SEE,MD,Passenger Car,30,2019.0,Hyundai,ELANTRA,9,Friday,4
MCP2759001C,180061300,Montgomery County Police,Property Damage Crash,2018-12-07 21:05:00,Maryland (State),EAST WEST HWY,16TH ST,HEAD ON LEFT TURN,CLEAR,DRY,DARK LIGHTS ON,TRAFFIC SIGNAL,NONE DETECTED,Yes,No Apparent Injury,UNKNOWN,MD,Passenger Car,30,2014.0,Hyundai,SUV,21,Friday,12
MCP2868000V,15001445,Montgomery County Police,Property Damage Crash,2015-01-09 18:03:00,Maryland (State),RIVER RD,NORTON RD,SAME DIR REAR END,CLOUDY,WET,DARK LIGHTS ON,NO CONTROLS,NONE DETECTED,Yes,No Apparent Injury,NOT DISTRACTED,MD,Passenger Car,35,2000.0,Mercury,SABLE,18,Friday,1
MCP21070067,250005886,MONTGOMERY,Property Damage Crash,2025-02-09 13:01:00,Maryland (State) Route,RIDGE RD (SB/L),GUE RD,Front to Rear,Clear,Dry,Daylight,No Controls,"Not Suspect of Alcohol Use, Not Suspect of Drug Use",No,No Apparent Injury,Not Distracted,PA,Passenger Car,35,2016.0,Honda,ACCORD,13,Sunday,2
MCP24020007,17999999,Montgomery County Police,Property Damage Crash,2017-11-16 08:17:00,Municipality,GRANDIN AVE,FIRST ST,SAME DIRECTION SIDESWIPE,CLEAR,DRY,DAYLIGHT,Unknown,NONE DETECTED,No,No Apparent Injury,NOT DISTRACTED,MD,Police Vehicle/Emergency,25,2016.0,Nissan,PATHFINDER,8,Thursday,11
MCP31610053,230011087,Montgomery County Police,Injury Crash,2023-03-06 19:15:00,Maryland (State),CONNECTICUT AVE,HOWARD AVE,SINGLE VEHICLE,CLEAR,DRY,DARK LIGHTS ON,NO CONTROLS,NONE DETECTED,No,No Apparent Injury,NOT DISTRACTED,MD,Passenger Car,35,2004.0,Hyun,SANTA FE,19,Monday,3
MCP3058002R,190021358,Montgomery County Police,Injury Crash,2019-05-06 17:16:00,County,GREAT SENECA HWY,MEDICAL CENTER DR,STRAIGHT MOVEMENT ANGLE,CLEAR,DRY,DAYLIGHT,STOP SIGN,NONE DETECTED,No,Suspected Minor Injury,NOT DISTRACTED,MD,Passenger Car,35,2010.0,Honda,VN,17,Monday,5
MCP28450032,170522244,Montgomery County Police,Injury Crash,2017-08-01 08:50:00,Maryland (State),UNIVERSITY BLVD W,LORAIN AVE,STRAIGHT MOVEMENT ANGLE,CLEAR,DRY,DAYLIGHT,NO CONTROLS,NONE DETECTED,No,Suspected Minor Injury,NOT DISTRACTED,MD,"Cargo Van/Light Truck 2 Axles (Over 10,000Lbs (4,536 Kg))",40,2007.0,Hino,TK,8,Tuesday,8
MCP21020043,230032527,Montgomery County Police,Injury Crash,2023-07-08 11:56:00,Maryland (State),WOODFIELD RD,BETHESDA CHURCH RD,STRAIGHT MOVEMENT ANGLE,CLOUDY,DRY,DAYLIGHT,STOP SIGN,NONE DETECTED,No,No Apparent Injury,NOT DISTRACTED,MD,Passenger Car,30,2002.0,Bmw,4S,11,Saturday,7
EJ77810022,190020241,Gaithersburg Police Depar,Property Damage Crash,2019-04-30 12:00:00,Unknown,Unknown,Unknown,STRAIGHT MOVEMENT ANGLE,CLEAR,Unknown,DAYLIGHT,NO CONTROLS,NONE DETECTED,No,No Apparent Injury,NOT DISTRACTED,MD,Passenger Car,15,2010.0,Toyt,COROLLA,12,Tuesday,4
MCP2776002L,180052683,Montgomery County Police,Injury Crash,2018-10-21 02:05:00,County,NORBECK RD,LLEWELLYN MANOR WAY,SINGLE VEHICLE,CLEAR,DRY,DARK NO LIGHTS,NO CONTROLS,ALCOHOL CONTRIBUTED,Yes,Possible Injury,NOT DISTRACTED,MD,Passenger Car,45,2017.0,Toyota,CAMRY,2,Sunday,10
MCP3192001D,200039963,Montgomery County Police,Property Damage Crash,2020-10-10 19:34:00,County,BARRON ST,PINEY BRANCH RD,SAME DIRECTION SIDESWIPE,CLEAR,DRY,DARK LIGHTS ON,TRAFFIC SIGNAL,Unknown,Yes,No Apparent Injury,UNKNOWN,MD,Pickup Truck,30,2005.0,Toyota,TRUCK,19,Saturday,10
MCP1202002T,170541093,Montgomery County Police,Injury Crash,2017-11-05 13:25:00,County,MACARTHUR BLVD,ENT TO GOVT FACILITY,HEAD ON LEFT TURN,CLOUDY,WET,DAYLIGHT,FLASHING TRAFFIC SIGNAL,NONE DETECTED,Yes,No Apparent Injury,NOT DISTRACTED,MD,Passenger Car,30,2009.0,Toyota,TUNDRA,13,Sunday,11
MCP2278001R,170501401,Montgomery County Police,Property Damage Crash,2017-04-10 13:00:00,County,JONES BRIDGE RD,GLENBROOK PKWY,OTHER,CLEAR,DRY,DAYLIGHT,TRAFFIC SIGNAL,NONE DETECTED,No,No Apparent Injury,NOT DISTRACTED,MD,"Cargo Van/Light Truck 2 Axles (Over 10,000Lbs (4,536 Kg))",35,2010.0,Ford,F350,13,Monday,4
MCP2356000G,180000784,Montgomery County Police,Property Damage Crash,2018-01-05 18:50:00,Maryland (State),CLOPPER RD,GERMANTOWN RD,SAME DIR REND RIGHT TURN,CLEAR,DRY,DARK LIGHTS ON,YIELD SIGN,NONE DETECTED,No,No Apparent Injury,NOT DISTRACTED,MD,Passenger Car,30,2017.0,Hyundai,TUSCON,18,Friday,1
MCP3003001D,170514585,Montgomery County Police,Injury Crash,2017-06-19 17:12:00,County,RIDGE RD,OBSERVATION DR,STRAIGHT MOVEMENT ANGLE,RAINING,WET,DAYLIGHT,TRAFFIC SIGNAL,NONE DETECTED,No,Suspected Minor Injury,NOT DISTRACTED,MD,Passenger Car,45,2007.0,Honda,FIT,17,Monday,6
DD56280047,210024018,Rockville Police Departme,Property Damage Crash,2021-06-23 12:30:00,Municipality,W GUDE DR,WATKINS POND BLVD,SAME DIRECTION SIDESWIPE,CLEAR,DRY,DAYLIGHT,OTHER,NONE DETECTED,Unknown,No Apparent Injury,NOT DISTRACTED,MD,Passenger Car,40,2000.0,Toyt,4S,12,Wednesday,6
MCP2786000N,15013133,Montgomery County Police,Property Damage Crash,2015-03-22 04:37:00,US (State),COLUMBIA PIKE,DUSTIN RD,SINGLE VEHICLE,CLEAR,DRY,DARK NO LIGHTS,Unknown,NONE DETECTED,No,No Apparent Injury,NOT DISTRACTED,MD,Police Vehicle/Non Emergency,55,2008.0,Ford,CROWN VICTORIA,4,Sunday,3
MCP3060002C,190019960,Montgomery County Police,Injury Crash,2019-04-28 22:14:00,Maryland (State),CONNECTICUT AVE,PLYERS MILL RD,STRAIGHT MOVEMENT ANGLE,Unknown,DRY,DUSK,TRAFFIC SIGNAL,ALCOHOL PRESENT,No,No Apparent Injury,NOT DISTRACTED,MD,Passenger Car,35,2012.0,Acura,TSX,22,Sunday,4
MCP29950027,170538832,Montgomery County Police,Property Damage Crash,2017-10-25 16:47:00,County,GRENOBLE DR,JUSTICE RD,SAME DIRECTION SIDESWIPE,CLEAR,DRY,DAYLIGHT,NO CONTROLS,NONE DETECTED,Yes,No Apparent Injury,UNKNOWN,MD,Pickup Truck,25,2016.0,Chevrolet,SILVERADO,16,Wednesday,10
MCP3148002L,200008917,Montgomery County Police,Property Damage Crash,2020-02-22 20:55:00,Unknown,Unknown,Unknown,OPPOSITE DIRECTION SIDESWIPE,CLEAR,Unknown,DARK LIGHTS ON,Unknown,NONE DETECTED,Unknown,No Apparent Injury,LOOKED BUT DID NOT SEE,MD,Passenger Car,15,2003.0,Nissan,350Z,20,Saturday,2
MCP28230027,16059136,Montgomery County Police,Property Damage Crash,2016-11-16 22:22:00,Other Public Roadway,CARROLTON RD,BRETTON RD,SINGLE VEHICLE,CLEAR,DRY,DARK LIGHTS ON,NO CONTROLS,ALCOHOL PRESENT,Yes,No Apparent Injury,UNKNOWN,MD,Passenger Car,25,2014.0,Landrover,TK,22,Wednesday,11
MCP3245005W,240029630,MONTGOMERY,Injury Crash,2024-06-22 17:41:00,Unknown,Unknown,Unknown,Single Vehicle,Clear,Unknown,Daylight,Unknown,"Not Suspect of Alcohol Use, Not Suspect of Drug Use",No,Suspected Minor Injury,Not Distracted,MD,Passenger Car,0,2016.0,Kia,FORTE,17,Saturday,6
MCP209400P7,250012832,MONTGOMERY,Injury Crash,2025-03-24 12:29:00,Maryland (State) Route,CONNECTICUT AVE,RAMP 7 FR RAMP 2 (FR IS495) TO MD 185 SB,Angle,Rain,Wet,Daylight,Traffic Control Signal,"Not Suspect of Alcohol Use, Not Suspect of Drug Use",No,Possible Injury,Not Distracted,MD,Passenger Car,35,2019.0,Chevrolet,MALIBU,12,Monday,3
EJ7837006K,230001398,Gaithersburg Police Depar,Property Damage Crash,2023-01-09 18:50:00,Municipality,FIRSTFIELD RD,BANK ST,ANGLE MEETS LEFT HEAD ON,CLEAR,DRY,DARK LIGHTS ON,STOP SIGN,Unknown,No,No Apparent Injury,NOT DISTRACTED,MD,Passenger Car,30,2004.0,Hond,TK,18,Monday,1
MCP91180033,220004642,Montgomery County Police,Property Damage Crash,2022-02-03 02:54:00,County,ARCOLA AVE,AMHERST AVE,SAME DIR REAR END,RAINING,WET,DARK -- UNKNOWN LIGHTING,NO CONTROLS,ALCOHOL PRESENT,Yes,No Apparent Injury,UNKNOWN,XX,Passenger Car,35,2017.0,Nissan,MAXIMA,2,Thursday,2
MCP3138002Z,210007927,Montgomery County Police,Injury Crash,2021-03-02 18:27:00,County,BROOKEVILLE RD,ZION RD,HEAD ON,CLEAR,DRY,DARK NO LIGHTS,Unknown,NONE DETECTED,Yes,Suspected Serious Injury,UNKNOWN,MD,Passenger Car,30,2017.0,Kia,SPORTAGE,18,Tuesday,3
MCP1417004D,16000898,Montgomery County Police,Injury Crash,2016-01-06 08:16:00,County,DIAMONDBACK DR,MUDDY BRANCH RD,HEAD ON,CLEAR,DRY,DAYLIGHT,TRAFFIC SIGNAL,NONE DETECTED,No,Suspected Minor Injury,NOT DISTRACTED,MD,Passenger Car,30,2009.0,Nissan,SENTRA,8,Wednesday,1
MCP3162000Q,180047599,Montgomery County Police,Property Damage Crash,2018-09-23 20:45:00,County,11TH AVE,RUATAN ST,OPPOSITE DIRECTION SIDESWIPE,RAINING,WET,DARK LIGHTS ON,STOP SIGN,NONE DETECTED,No,No Apparent Injury,NOT DISTRACTED,MD,Passenger Car,25,2017.0,Hyundai,SONATA,20,Sunday,9
MCP3351002Y,250011581,MONTGOMERY,Property Damage Crash,2025-03-17 01:06:00,County Route,FENTON ST,COLESVILLE RD,Angle,Rain,Wet,Dark - Lighted,Flashing Traffic Control Signal,"Not Suspect of Alcohol Use, Not Suspect of Drug Use",Yes,No Apparent Injury,Not Distracted,MD,Sport Utility Vehicle,35,2018.0,Toyota,C-HR,1,Monday,3
MCP3091002R,210028916,Montgomery County Police,Property Damage Crash,2021-07-26 12:17:00,Unknown,Unknown,Unknown,SAME DIRECTION LEFT TURN,CLEAR,Unknown,DAYLIGHT,OTHER,Unknown,No,No Apparent Injury,NOT DISTRACTED,MD,(Sport) Utility Vehicle,20,2021.0,Jeep,GRAND CHEROKEE,12,Monday,7
MCP2031000V,170528490,Montgomery County Police,Injury Crash,2017-09-03 14:50:00,County,WAYFARER RD,ROUNDABOUT,SAME DIR REAR END,CLEAR,DRY,DAYLIGHT,NO CONTROLS,NONE DETECTED,Yes,No Apparent Injury,NOT DISTRACTED,PA,Passenger Car,20,2011.0,Niss,ALTIMA,14,Sunday,9
MCP2929000L,15025683,Montgomery County Police,Property Damage Crash,2015-05-28 09:35:00,Maryland (State),NEW HAMPSHIRE AVE,EDNOR RD,SAME DIR REAR END,CLEAR,DRY,DAYLIGHT,TRAFFIC SIGNAL,NONE DETECTED,No,No Apparent Injury,NOT DISTRACTED,MD,Passenger Car,45,2005.0,Ford,EXPLORER,9,Thursday,5
MCP1202004W,210015623,Montgomery County Police,Property Damage Crash,2021-04-27 07:20:00,Unknown,Unknown,Unknown,SAME DIRECTION RIGHT TURN,CLEAR,Unknown,DAYLIGHT,NO CONTROLS,NONE DETECTED,Unknown,No Apparent Injury,NOT DISTRACTED,MD,Passenger Car,5,2020.0,Honda,CIVIC,7,Tuesday,4
MCP31450047,230061651,Montgomery County Police,Property Damage Crash,2023-10-20 15:30:00,Maryland (State),NEW HAMPSHIRE AVE,POWDER MILL RD,SAME DIRECTION RIGHT TURN,RAINING,WET,DAYLIGHT,TRAFFIC SIGNAL,NONE DETECTED,Yes,No Apparent Injury,LOOKED BUT DID NOT SEE,MD,Passenger Car,35,2010.0,Hond,UT,15,Friday,10
MCP2637004M,220026534,Montgomery County Police,Injury Crash,2022-06-20 09:23:00,Maryland (State),DARNESTOWN RD,SENECA RD,SAME DIR REAR END,CLOUDY,DRY,DAYLIGHT,Unknown,NONE DETECTED,No,No Apparent Injury,NOT DISTRACTED,MD,Passenger Car,40,2022.0,Bmw,X5,9,Monday,6
MCP3038003L,190030177,Montgomery County Police,Property Damage Crash,2019-06-24 17:26:00,Other Public Roadway,MONTROSE PKWY,MONTROSE RD,SINGLE VEHICLE,RAINING,WET,DAYLIGHT,NO CONTROLS,Unknown,Yes,No Apparent Injury,NOT DISTRACTED,MD,Passenger Car,35,1999.0,Lexus,GS300,17,Monday,6
MCP2347003K,220018207,Montgomery County Police,Injury Crash,2022-04-29 13:25:00,US (State),COLUMBIA PIKE,BLACKBURN RD,SAME DIR REAR END,Unknown,DRY,DAYLIGHT,TRAFFIC SIGNAL,NONE DETECTED,No,Possible Injury,NOT DISTRACTED,MD,Passenger Car,40,2021.0,Toyota,RAV 4,13,Friday,4
MCP1064009H,190048266,Montgomery County Police,Property Damage Crash,2019-10-08 08:45:00,County,XAVIER DR,XAVIER CT,OTHER,CLOUDY,DRY,DAYLIGHT,Unknown,Unknown,Yes,No Apparent Injury,UNKNOWN,MD,School Bus,25,2015.0,Frht,BUS,8,Tuesday,10
MCP27650043,170534514,Montgomery County Police,Property Damage Crash,2017-10-03 13:46:00,Unknown,Unknown,Unknown,SINGLE VEHICLE,CLEAR,Unknown,DAYLIGHT,NO CONTROLS,NONE DETECTED,Yes,No Apparent Injury,LOOKED BUT DID NOT SEE,MD,Police Vehicle/Emergency,5,2016.0,Ford,4DR,13,Tuesday,10