Report Number,Local Case Number,Agency Name,ACRS Report Type,Crash Date/Time,Route Type,Road Name,Cross-Street Name,Collision Type,Weather,Surface Condition,Light,Traffic Control,Driver Substance Abuse,Driver At Fault,Injury Severity,Driver Distracted By,Drivers License State,Vehicle Body Type,Speed Limit,Vehicle Year,Vehicle Make,Vehicle Model,Crash Hour,Crash Day,Crash Month
EJ7852003Z,200030441,Gaithersburg Police Depar,Property Damage Crash,2020-08-05 21:00:00,County,N SUMMIT AVE,GIRARD ST,STRAIGHT MOVEMENT ANGLE,Unknown,DRY,DARK LIGHTS ON,STOP SIGN,Unknown,No,No Apparent Injury,NOT DISTRACTED,XX,Passenger Car,25,2012.0,Honda,CIVIC,21,Wednesday,8
MCP2983001H,16055611,Montgomery County Police,Property Damage Crash,2016-10-28 21:22:00,US (State),COLESVILLE RD,BREWSTER AVE,SINGLE VEHICLE,CLEAR,DRY,DARK LIGHTS ON,NO CONTROLS,ALCOHOL PRESENT,Yes,No Apparent Injury,NOT DISTRACTED,MD,Passenger Car,35,2009.0,Pontiac,G6,21,Friday,10
MCP30480069,200009147,Montgomery County Police,Property Damage Crash,2020-02-24 11:45:00,Unknown,Unknown,Unknown,OPPOSITE DIRECTION SIDESWIPE,CLEAR,Unknown,DAYLIGHT,NO CONTROLS,UNKNOWN,Yes,No Apparent Injury,UNKNOWN,Unknown,"Medium/Heavy Trucks 3 Axles (Over 10,000Lbs (4,536Kg))",5,2018.0,Van Guard Trailer,VIP 4000,11,Monday,2
DD56490028,220030819,Rockville Police Departme,Property Damage Crash,2022-07-18 11:09:00,Municipality,W MIDDLE LA,N ADAMS ST,OTHER,Unknown,DRY,DAYLIGHT,NO CONTROLS,Unknown,Yes,No Apparent Injury,NOT DISTRACTED,MD,Pickup Truck,25,2010.0,Chevy,SILVERADO,11,Monday,7
MCP3009005V,230013632,Montgomery County Police,Injury Crash,2023-03-21 08:55:00,County,MIDDLEBROOK RD,OBSERVATION DR,STRAIGHT MOVEMENT ANGLE,CLEAR,DRY,DAYLIGHT,TRAFFIC SIGNAL,Unknown,No,Possible Injury,NOT DISTRACTED,MD,Passenger Car,40,2012.0,Volvo,S60,8,Tuesday,3
MCP3191001Z,200039560,Montgomery County Police,Property Damage Crash,2020-10-07 20:20:00,Unknown,Unknown,Unknown,OTHER,CLEAR,Unknown,DARK LIGHTS ON,Unknown,NONE DETECTED,Yes,No Apparent Injury,NOT DISTRACTED,MD,"Medium/Heavy Trucks 3 Axles (Over 10,000Lbs (4,536Kg))",5,2017.0,Dumptruck,PETERBUILT,20,Wednesday,10
MCP2748001C,190047359,Montgomery County Police,Injury Crash,2019-10-03 00:04:00,Maryland (State),ROCKVILLE PIKE,EDSON LA,SAME DIR REAR END,Unknown,DRY,DARK LIGHTS ON,TRAFFIC SIGNAL,NONE DETECTED,Yes,No Apparent Injury,NOT DISTRACTED,MD,Passenger Car,40,2018.0,Dodge,2D,0,Thursday,10
MCP2671001Y,180053846,Montgomery County Police,Injury Crash,2018-10-27 15:35:00,County,CEDAR ST,WAYNE AVE,SAME DIR REAR END,CLOUDY,DRY,DAYLIGHT,TRAFFIC SIGNAL,NONE DETECTED,No,Possible Injury,DISTRACTED BY OUTSIDE PERSON OBJECT OR EVENT,MD,Passenger Car,25,2004.0,Bmw,X5,15,Saturday,10
MCP30420040,220056887,Montgomery County Police,Property Damage Crash,2022-12-22 20:00:00,Maryland (State),OLNEY SANDY SPRING RD,VILLAGE CENTER DR,STRAIGHT MOVEMENT ANGLE,RAINING,WET,DARK LIGHTS ON,TRAFFIC SIGNAL,NONE DETECTED,No,No Apparent Injury,NOT DISTRACTED,MD,Passenger Car,30,2021.0,Lexu,NX300,20,Thursday,12
MCP32540007,200031678,Montgomery County Police,Property Damage Crash,2020-08-14 08:30:00,Unknown,Unknown,Unknown,HEAD ON,CLEAR,Unknown,DAYLIGHT,Unknown,UNKNOWN,Yes,No Apparent Injury,UNKNOWN,Unknown,Passenger Car,0,2020.0,Toyota,UNKNOWN,8,Friday,8
MCP25860044,180033883,Montgomery County Police,Property Damage Crash,2018-07-09 16:48:00,County,TECH RD,COLUMBIA PIKE,SAME DIR REAR END,CLEAR,DRY,DAYLIGHT,TRAFFIC SIGNAL,NONE DETECTED,Yes,No Apparent Injury,NOT DISTRACTED,MD,Van,35,2008.0,Dodge,CARAVAN,16,Monday,7
MCP3130000Q,180052840,Montgomery County Police,Injury Crash,2018-10-22 08:45:00,County,BUSHEY DR,GREENLY ST,STRAIGHT MOVEMENT ANGLE,Unknown,DRY,DAYLIGHT,STOP SIGN,NONE DETECTED,Yes,No Apparent Injury,LOOKED BUT DID NOT SEE,MD,Passenger Car,25,2013.0,Toyota,4S,8,Monday,10
MCP32600015,240043168,MONTGOMERY,Injury Crash,2024-09-11 11:00:00,Maryland (State) Route,UNIVERSITY BLVD W (WB/L),Unknown,Front to Rear,Clear,Dry,Daylight,No Controls,"Not Suspect of Alcohol Use, Not Suspect of Drug Use",Yes,Suspected Minor Injury,Not Distracted,MD,Passenger Car,35,2022.0,Subaru,OUTBACK,11,Wednesday,9
EJ7879004F,240043224,GAITHERSBURG,Property Damage Crash,2024-09-12 15:32:00,Municipality Route,CROWN CT,Unknown,Single Vehicle,Clear,Dry,Daylight,No Controls,"Not Suspect of Alcohol Use, Not Suspect of Drug Use",No,No Apparent Injury,Unknown,MD,Bus - School,15,2024.0,Thomas Built,SCHOOL BUS,15,Thursday,9
EJ78290054,180054394,Gaithersburg Police Depar,Property Damage Crash,2018-10-30 14:00:00,Unknown,Unknown,Unknown,SAME DIRECTION SIDESWIPE,CLEAR,Unknown,DAYLIGHT,NO CONTROLS,UNKNOWN,Yes,No Apparent Injury,UNKNOWN,Unknown,(Sport) Utility Vehicle,25,2011.0,Toyota,RAV 4,14,Tuesday,10
MCP91130050,190028048,Montgomery County Police,Injury Crash,2019-06-12 14:40:00,Maryland (State),CONNECTICUT AVE,ISBELL ST,SINGLE VEHICLE,CLEAR,DRY,DAYLIGHT,NO CONTROLS,NONE DETECTED,No,Suspected Minor Injury,NOT DISTRACTED,MD,Motorcycle,40,2018.0,Kawk,ZX10R,14,Wednesday,6
MCP2832006X,220016552,Montgomery County Police,Property Damage Crash,2022-04-19 09:52:00,Maryland (State),CONNECTICUT AVE,DECATUR AVE,SAME DIRECTION SIDESWIPE,CLOUDY,DRY,DAYLIGHT,NO CONTROLS,NONE DETECTED,No,No Apparent Injury,NOT DISTRACTED,MD,Pickup Truck,25,2012.0,Chevy,SILVERADO,9,Tuesday,4
MCP3190001J,190056011,Montgomery County Police,Property Damage Crash,2019-11-20 11:30:00,County,RANDOLPH RD,BUSHEY DR,OTHER,CLEAR,DRY,DAYLIGHT,NO CONTROLS,NONE DETECTED,No,No Apparent Injury,NOT DISTRACTED,MD,Passenger Car,35,2006.0,Lexus,GS 300,11,Wednesday,11
MCP1453003H,16054231,Montgomery County Police,Property Damage Crash,2016-10-21 13:17:00,County,MIDDLEBROOK RD,GERMANTOWN RD,SAME DIR REAR END,CLOUDY,DRY,DAYLIGHT,TRAFFIC SIGNAL,NONE DETECTED,No,No Apparent Injury,NOT DISTRACTED,MD,Passenger Car,40,2004.0,Ford,CROWN VIC,13,Friday,10
MCP1148001K,17004291,Montgomery County Police,Injury Crash,2017-01-25 09:10:00,Maryland (State),MASSACHUSETTS AVE,JAMESTOWN RD,SINGLE VEHICLE,CLEAR,DRY,DAYLIGHT,STOP SIGN,NONE DETECTED,Yes,No Apparent Injury,LOOKED BUT DID NOT SEE,MD,Other,25,2017.0,Mercedes,GLE350,9,Wednesday,1
MCP3181001K,190062708,Montgomery County Police,Property Damage Crash,2019-12-30 11:00:00,Maryland (State),GEORGIA AVE,RANDOLPH RD,STRAIGHT MOVEMENT ANGLE,RAINING,WET,DAYLIGHT,TRAFFIC SIGNAL,NONE DETECTED,Yes,No Apparent Injury,INATTENTIVE OR LOST IN THOUGHT,MD,Passenger Car,35,2018.0,Mits,MIRAGE,11,Monday,12
MCP3022001P,180015512,Montgomery County Police,Injury Crash,2018-03-30 15:51:00,Maryland (State),DAMASCUS RD,JARL DR,SINGLE VEHICLE,CLEAR,DRY,DAYLIGHT,OTHER,Unknown,No,No Apparent Injury,NOT DISTRACTED,MD,Snowmobile,50,2008.0,Toyt,VN,15,Friday,3
MCP29690055,180046753,Montgomery County Police,Property Damage Crash,2018-09-19 08:35:00,Maryland (State),NEW HAMPSHIRE AVE,NOTLEY RD,STRAIGHT MOVEMENT ANGLE,CLEAR,DRY,DAYLIGHT,STOP SIGN,NONE DETECTED,No,No Apparent Injury,NOT DISTRACTED,MD,Passenger Car,45,2015.0,Toyota,C0ROLLA,8,Wednesday,9
MCP3215000Q,200014488,Montgomery County Police,Property Damage Crash,2020-03-30 13:29:00,Maryland (State),ROCKVILLE PIKE,JONES BRIDGE RD,SAME DIR REAR END,CLEAR,DRY,DAYLIGHT,TRAFFIC SIGNAL,NONE DETECTED,No,No Apparent Injury,NOT DISTRACTED,VA,Passenger Car,35,2004.0,Honda,ACCORD,13,Monday,3
MCP1182001L,17010433,Montgomery County Police,Property Damage Crash,2017-02-27 07:43:00,Maryland (State),OLD GEORGETOWN RD,LINCOLN ST,SAME DIR REAR END,CLEAR,DRY,DAYLIGHT,TRAFFIC SIGNAL,Unknown,No,No Apparent Injury,NOT DISTRACTED,US,Passenger Car,35,2015.0,Toyota,RAV4,7,Monday,2
MCP137800FC,16061906,Montgomery County Police,Injury Crash,2016-12-02 14:33:00,Municipality,RUSSELL AVE,CHRISTOPHER AVE,STRAIGHT MOVEMENT ANGLE,CLOUDY,DRY,DAYLIGHT,TRAFFIC SIGNAL,NONE DETECTED,No,No Apparent Injury,NOT DISTRACTED,MD,Passenger Car,25,2006.0,Ford,FOCUS,14,Friday,12
MCP2121002C,210047431,Montgomery County Police,Property Damage Crash,2021-11-22 07:45:00,County,W WILLARD RD,IZAAK WALTON WAY,SINGLE VEHICLE,RAINING,WET,DAWN,NO CONTROLS,Unknown,Yes,No Apparent Injury,NOT DISTRACTED,MD,(Sport) Utility Vehicle,30,2022.0,Tesla,MODEL Y,7,Monday,11
MCP30900071,230048032,Montgomery County Police,Property Damage Crash,2023-08-06 00:47:00,County,WASHINGTON GROVE LA,MIDCOUNTY HWY,SAME DIR REAR END,CLEAR,DRY,DARK LIGHTS ON,TRAFFIC SIGNAL,Unknown,No,No Apparent Injury,NOT DISTRACTED,MD,Passenger Car,35,2006.0,Hyundi,ACCENT,0,Sunday,8
MCP3137000Y,190039363,Montgomery County Police,Property Damage Crash,2019-08-17 21:11:00,Maryland (State),SANDY SPRING RD,ENT TO BURTONSVILLE CROSSING SHOP CTR,SINGLE VEHICLE,CLEAR,DRY,DARK LIGHTS ON,Unknown,NONE DETECTED,Yes,No Apparent Injury,LOOKED BUT DID NOT SEE,MD,Passenger Car,35,2017.0,Volk,4H,21,Saturday,8
MCP2789005C,180062518,Montgomery County Police,Property Damage Crash,2018-12-14 18:00:00,US (State),GEORGIA AVE,WAYNE AVE,SAME DIR REAR END,RAINING,WET,DARK LIGHTS ON,TRAFFIC SIGNAL,Unknown,Yes,No Apparent Injury,LOOKED BUT DID NOT SEE,MD,Police Vehicle/Non Emergency,35,2014.0,Dodge,CHARGER,18,Friday,12
MCP28450056,190091565,Montgomery County Police,Injury Crash,2019-07-27 10:08:00,Maryland (State),UNIVERSITY BLVD E,COLESVILLE RD,SAME DIRECTION SIDESWIPE,Unknown,DRY,DAYLIGHT,NO CONTROLS,NONE DETECTED,No,No Apparent Injury,NOT DISTRACTED,MD,Passenger Car,35,2014.0,Toyota,COROLLA,10,Saturday,7
MCP1064005C,17006890,Montgomery County Police,Injury Crash,2017-02-08 13:46:00,Maryland (State),COLESVILLE RD,EAST WEST HWY,SAME DIR REAR END,CLOUDY,DRY,DAYLIGHT,TRAFFIC SIGNAL,Unknown,No,No Apparent Injury,NOT DISTRACTED,MD,Passenger Car,30,2017.0,Merz,S63,13,Wednesday,2
EJ7904001K,240046992,GAITHERSBURG,Property Damage Crash,2024-10-02 10:17:00,Municipality Route,CHRISTOPHER AVE (SB/L),Unknown,Angle,Rain,Wet,Daylight,No Controls,"Not Suspect of Alcohol Use, Not Suspect of Drug Use",No,No Apparent Injury,Not Distracted,MD,Passenger Car,30,2017.0,Ford,EXPLORER,10,Wednesday,10
MCP3053005B,220021082,Montgomery County Police,Property Damage Crash,2022-05-17 20:39:00,Maryland (State),GEORGIA AVE,FLORA LA,SAME DIRECTION LEFT TURN,Unknown,DRY,DUSK,NO CONTROLS,Unknown,No,No Apparent Injury,NOT DISTRACTED,MD,Passenger Car,30,2016.0,Hyunda,ACCENT,20,Tuesday,5
EJ7860000Q,16043130,Gaithersburg Police Depar,Property Damage Crash,2016-08-25 01:06:00,Interstate (State),EISENHOWER MEMORIAL HWY,QUINCE ORCHARD RD,SAME DIR REAR END,CLEAR,DRY,DARK NO LIGHTS,NO CONTROLS,NONE DETECTED,No,No Apparent Injury,NOT DISTRACTED,MD,(Sport) Utility Vehicle,55,2005.0,Gmc,ENVOY,1,Thursday,8
MCP30270023,190034754,Montgomery County Police,Property Damage Crash,2019-07-22 08:38:00,County,HADLEY FARMS DR,WOODFIELD RD,SAME DIR REND LEFT TURN,CLEAR,DRY,DAYLIGHT,TRAFFIC SIGNAL,Unknown,No,No Apparent Injury,NOT DISTRACTED,MD,Passenger Car,35,2011.0,Toyota,TK,8,Monday,7
MCP20310026,190033639,Montgomery County Police,Property Damage Crash,2019-10-07 07:58:00,Maryland (State),WOODFIELD RD,WARFIELD RD,SAME DIR REAR END,CLOUDY,DRY,DAYLIGHT,NO CONTROLS,NONE DETECTED,Yes,No Apparent Injury,LOOKED BUT DID NOT SEE,MD,Van,30,2003.0,Chev,VAN,7,Monday,10
DM8494002W,230023375,Takoma Park Police Depart,Property Damage Crash,2023-05-15 23:00:00,Maryland (State),NEW HAMPSHIRE AVE,LINDEN AVE,SAME DIR REAR END,CLEAR,DRY,DARK LIGHTS ON,Unknown,Unknown,No,No Apparent Injury,NOT DISTRACTED,MD,Passenger Car,35,2008.0,Honda,ACURA,23,Monday,5
MCP1260001J,240061369,MONTGOMERY,Property Damage Crash,2024-12-23 21:55:00,Unknown,Unknown,Unknown,Single Vehicle,Clear,Unknown,Dark - Lighted,Unknown,"Not Suspect of Alcohol Use, Not Suspect of Drug Use",Yes,No Apparent Injury,Not Distracted,MD,Passenger Car,0,2024.0,Volkswagen,JETTA,21,Monday,12
DD5605001D,15022538,Rockville Police Departme,Property Damage Crash,2015-05-27 15:58:00,Maryland (State),FREDERICK RD,KING FARM BLVD,SAME DIRECTION LEFT TURN,RAINING,WET,DAYLIGHT,TRAFFIC SIGNAL,UNKNOWN,Yes,No Apparent Injury,UNKNOWN,Unknown,Unknown,40,1900.0,Xx,XX,15,Wednesday,5
MCP9301005C,240035556,MONTGOMERY,Property Damage Crash,2024-07-28 11:15:00,Municipality Route,KENTLANDS BLVD (NB/L),LONGDRAFT RD QUINCE ORCHARD RD,Angle,Clear,Dry,Daylight,Traffic Control Signal,"Not Suspect of Alcohol Use, Not Suspect of Drug Use",No,No Apparent Injury,Not Distracted,MD,Sport Utility Vehicle,30,2025.0,Bmw,X5,11,Sunday,7
MCP229800S7,200038169,Montgomery County Police,Injury Crash,2020-09-28 18:05:00,Maryland (State),GERMANTOWN RD,RICHTER FARM RD,HEAD ON LEFT TURN,CLEAR,DRY,DAYLIGHT,TRAFFIC SIGNAL,NONE DETECTED,Yes,No Apparent Injury,NOT DISTRACTED,MD,(Sport) Utility Vehicle,30,2008.0,Ford,EXPEDITION,18,Monday,9
MCP29870059,190027133,Montgomery County Police,Property Damage Crash,2019-06-06 19:00:00,Maryland (State),GEORGIA AVE,SPRING ST,SAME DIR REAR END,CLEAR,DRY,DAYLIGHT,TRAFFIC SIGNAL,NONE DETECTED,No,No Apparent Injury,NOT DISTRACTED,MD,Passenger Car,45,2011.0,Hyundai,ELANTRA,19,Thursday,6
MCP2848009V,210001854,Montgomery County Police,Property Damage Crash,2021-01-15 12:30:00,County,CABLE DR,CARRIAGE RD,SAME DIR REAR END,CLEAR,DRY,DAYLIGHT,NO CONTROLS,UNKNOWN,Yes,No Apparent Injury,UNKNOWN,MD,Passenger Car,25,2018.0,Honda,CR-V,12,Friday,1
MCP9386003S,16053282,Montgomery County Police,Property Damage Crash,2016-10-17 06:17:00,County,WEST OLD BALTIMORE RD,CLARKSBURG RD,SINGLE VEHICLE,FOGGY,DRY,DARK NO LIGHTS,NO CONTROLS,Unknown,No,No Apparent Injury,NOT DISTRACTED,MD,Police Vehicle/Emergency,30,2008.0,Ford,CROWN VIC,6,Monday,10
MCP1483000D,180038142,Montgomery County Police,Property Damage Crash,2018-08-01 14:05:00,Maryland (State),FREDERICK RD,REDLAND RD,SAME DIR REAR END,CLEAR,DRY,DAYLIGHT,TRAFFIC SIGNAL,NONE DETECTED,Yes,No Apparent Injury,BY MOVING OBJECT IN VEHICLE,MD,Passenger Car,40,2017.0,Kia,FORTE,14,Wednesday,8
MCP1094000L,16062724,Montgomery County Police,Injury Crash,2016-12-07 04:39:00,Interstate (State),EISENHOWER MEMORIAL HWY,GAME PRESERVE RD,OTHER,Unknown,WET,DARK LIGHTS ON,Unknown,ALCOHOL PRESENT,Yes,Suspected Minor Injury,NOT DISTRACTED,MD,Passenger Car,55,2011.0,Bmw,335I,4,Wednesday,12
MCP3003000B,16026806,Montgomery County Police,Injury Crash,2016-05-29 17:27:00,Maryland (State),RIDGE RD,HAWKES RD,HEAD ON LEFT TURN,CLEAR,DRY,DAYLIGHT,NO CONTROLS,NONE DETECTED,No,Suspected Minor Injury,NOT DISTRACTED,MD,Passenger Car,40,2016.0,Honda,CIVIC,17,Sunday,5
MCP3356002N,250012618,MONTGOMERY,Property Damage Crash,2025-03-22 17:58:00,Maryland (State) Route,GERMANTOWN RD (SB/L),CRYSTAL ROCK DR,Angle,Cloudy,Dry,Daylight,Traffic Control Signal,"Not Suspect of Alcohol Use, Not Suspect of Drug Use",No,No Apparent Injury,Not Distracted,MD,Passenger Car,40,2019.0,Toyota,COROLLA,17,Saturday,3
MCP2771004V,250011789,MONTGOMERY,Property Damage Crash,2025-03-18 08:58:00,Maryland (State) Route,NORBECK RD,Unknown,Single Vehicle,Clear,Dry,Daylight,No Controls,"Not Suspect of Alcohol Use, Not Suspect of Drug Use",No,No Apparent Injury,Not Distracted,MD,Passenger Car,40,2025.0,Tesla,MODEL Y,8,Tuesday,3
EJ7847001L,16001799,Gaithersburg Police Depar,Property Damage Crash,2016-01-10 17:02:00,Maryland (State),QUINCE ORCHARD RD,LONGDRAFT RD,STRAIGHT MOVEMENT ANGLE,CLEAR,WET,DUSK,TRAFFIC SIGNAL,NONE DETECTED,No,No Apparent Injury,NOT DISTRACTED,MD,Passenger Car,40,2012.0,Mazda,CX9,17,Sunday,1
MCP28780019,15037123,MONTGOMERY,Property Damage Crash,2015-07-27 17:42:00,County,BLUNT RD,SCENERY DR,OPPOSITE DIRECTION SIDESWIPE,CLEAR,WET,DAYLIGHT,NO CONTROLS,NONE DETECTED,Yes,No Apparent Injury,NOT DISTRACTED,MD,(Sport) Utility Vehicle,30,1997.0,Ford,ECOLINE,17,Monday,7
MCP3211002N,220027247,Montgomery County Police,Injury Crash,2022-06-24 13:29:00,Maryland (State),ROCKVILLE PIKE,STRATHMORE AVE,SAME DIR REAR END,CLEAR,DRY,DAYLIGHT,NO CONTROLS,NONE DETECTED,No,No Apparent Injury,NOT DISTRACTED,FL,Passenger Car,40,2016.0,Volkswagen,GTI,13,Friday,6
MCP157500DK,230063308,Montgomery County Police,Injury Crash,2023-10-30 06:30:00,Maryland (State),MIDCOUNTY HWY,HIDDEN FOREST DR,SINGLE VEHICLE,CLEAR,DRY,DARK NO LIGHTS,NO CONTROLS,NONE DETECTED,No,Possible Injury,NOT DISTRACTED,MD,(Sport) Utility Vehicle,50,2019.0,Merz,GLC300,6,Monday,10
MCP209400JW,220022078,Montgomery County Police,Property Damage Crash,2022-05-24 07:37:00,County,SEVEN LOCKS RD,DEMOCRACY BLVD,HEAD ON LEFT TURN,RAINING,WET,DAYLIGHT,TRAFFIC SIGNAL,NONE DETECTED,No,No Apparent Injury,NOT DISTRACTED,MD,(Sport) Utility Vehicle,35,2017.0,Honda,TK,7,Tuesday,5
MCP1181000M,180021243,Montgomery County Police,Property Damage Crash,2018-05-01 09:36:00,Unknown,Unknown,Unknown,OTHER,CLEAR,Unknown,DAYLIGHT,NO CONTROLS,NONE DETECTED,Yes,No Apparent Injury,LOOKED BUT DID NOT SEE,MD,Passenger Car,10,2007.0,Toyota,COROLLA,9,Tuesday,5
MCP2965006F,220048368,Montgomery County Police,Property Damage Crash,2022-11-03 08:36:00,Maryland (State),OLNEY SANDY SPRING RD,DR BIRD RD,SAME DIRECTION SIDESWIPE,CLEAR,DRY,DAYLIGHT,YIELD SIGN,UNKNOWN,Yes,No Apparent Injury,NOT DISTRACTED,MD,Passenger Car,35,2016.0,Chrysler,200,8,Thursday,11
MCP2965000S,16000221,Montgomery County Police,Injury Crash,2016-01-02 09:14:00,Maryland (State),OLNEY LAYTONSVILLE RD,QUEEN ELIZABETH DR,SAME DIR REAR END,CLEAR,DRY,DAYLIGHT,TRAFFIC SIGNAL,NONE DETECTED,Yes,Suspected Minor Injury,UNKNOWN,MD,Pickup Truck,30,2004.0,Dodge,TRUCK,9,Saturday,1
MCP26620017,17513527,Montgomery County Police,Property Damage Crash,2017-06-13 21:39:00,County,SNOUFFERS SCHOOL RD,CHERRY LAUREL LA,HEAD ON LEFT TURN,CLEAR,DRY,DARK LIGHTS ON,TRAFFIC SIGNAL,NONE DETECTED,Unknown,No Apparent Injury,NOT DISTRACTED,MD,Passenger Car,35,2002.0,Niss,PATHFINDER,21,Tuesday,6
MCP25280015,240038757,MONTGOMERY,Injury Crash,2024-08-16 16:28:00,Maryland (State) Route,Unknown,HOWARD CHAPEL RD,Single Vehicle,Clear,Dry,Daylight,No Controls,"Not Suspect of Alcohol Use, Not Suspect of Drug Use",Yes,Suspected Serious Injury,Unknown,Unknown,Motorcycle - 2 Wheeled,40,2020.0,Kawasaki,NINJA 600,16,Friday,8
MCP2878002K,17007941,Montgomery County Police,Property Damage Crash,2017-02-13 20:41:00,County,RIDGE RD,OBSERVATION DR,SAME DIR REAR END,CLEAR,DRY,DARK LIGHTS ON,TRAFFIC SIGNAL,NONE DETECTED,No,No Apparent Injury,NOT DISTRACTED,MD,Passenger Car,40,2015.0,Suba,OUTBACK,20,Monday,2
MCP1378008C,15053461,MONTGOMERY,Injury Crash,2015-10-21 17:01:00,Maryland (State),FREDERICK RD,ENT TO IBM,STRAIGHT MOVEMENT ANGLE,CLEAR,DRY,DAYLIGHT,TRAFFIC SIGNAL,NONE DETECTED,Yes,No Apparent Injury,INATTENTIVE OR LOST IN THOUGHT,MD,Passenger Car,40,2005.0,Toyt,CAMRY,17,Wednesday,10
MCP3127001G,190061447,Montgomery County Police,Property Damage Crash,2019-12-21 01:19:00,Maryland (State),ROCKVILLE PIKE,RAMP 4 FR MD 355 NB TO IS 495 EB,HEAD ON,CLEAR,DRY,DARK LIGHTS ON,Unknown,Unknown,No,No Apparent Injury,NOT DISTRACTED,XX,Passenger Car,35,2004.0,Mercedes,CLK 320,1,Saturday,12
MCP9301001T,170546667,Montgomery County Police,Injury Crash,2017-12-05 08:25:00,Maryland (State),MUNCASTER MILL RD,SHADY GROVE RD,SAME DIR REAR END,Unknown,DRY,DAYLIGHT,TRAFFIC SIGNAL,Unknown,No,Possible Injury,NOT DISTRACTED,MD,Passenger Car,35,2016.0,Hond,TK,8,Tuesday,12
DM83700017,180027957,Takoma Park Police Depart,Property Damage Crash,2018-06-06 20:51:00,Unknown,Unknown,Unknown,OTHER,Unknown,Unknown,DARK LIGHTS ON,NO CONTROLS,Unknown,Yes,No Apparent Injury,NOT DISTRACTED,Unknown,Passenger Car,5,2004.0,Toyota,SEDAN,20,Wednesday,6
MCP1119005M,180035142,Montgomery County Police,Property Damage Crash,2018-07-16 12:19:00,County,HARBOUR TOWN DR,BAY HILL LA,OTHER,CLEAR,DRY,DAYLIGHT,NO CONTROLS,NONE DETECTED,Yes,No Apparent Injury,NOT DISTRACTED,MD,Passenger Car,25,2006.0,Infi,M35,12,Monday,7
MCP3225002C,220002975,Montgomery County Police,Injury Crash,2022-01-23 17:00:00,County,ARCOLA AVE,OREBAUGH AVE,SAME DIR REAR END,CLEAR,DRY,DAYLIGHT,NO CONTROLS,NONE DETECTED,No,Suspected Minor Injury,NOT DISTRACTED,MD,Passenger Car,35,2016.0,Honda,CIVIC,17,Sunday,1
EJ7836001Q,180057440,Gaithersburg Police Depar,Injury Crash,2018-11-16 06:55:00,County,MIDCOUNTY HWY,WOODFIELD RD,SAME DIRECTION SIDESWIPE,CLOUDY,OTHER,DAWN,TRAFFIC SIGNAL,NONE DETECTED,Yes,Suspected Minor Injury,UNKNOWN,MD,Passenger Car,50,2003.0,Toyota,CAMRY,6,Friday,11
MCP203900B1,240014737,MONTGOMERY,Property Damage Crash,2024-03-29 06:49:00,Maryland (State) Route,CONNECTICUT AVE (SB/L),Unknown,Front to Rear,Clear,Dry,Daylight,No Controls,"Not Suspect of Alcohol Use, Not Suspect of Drug Use",No,No Apparent Injury,Not Distracted,MD,Passenger Car,35,2022.0,Toyota,HIGHLANDER,6,Friday,3
MCP32990014,210046073,Montgomery County Police,Property Damage Crash,2021-11-13 16:21:00,Maryland (State),NEW HAMPSHIRE AVE,NEW HAMPSHIRE AVE SER RD,ANGLE MEETS LEFT TURN,CLEAR,DRY,DUSK,NO CONTROLS,NONE DETECTED,No,No Apparent Injury,NOT DISTRACTED,MD,Passenger Car,5,2011.0,Infiniti,4S,16,Saturday,11
MCP102200CZ,190041157,Montgomery County Police,Property Damage Crash,2019-08-28 08:17:00,Maryland (State),CLOPPER RD,GERMANTOWN RD,SAME DIRECTION SIDESWIPE,CLOUDY,DRY,DAYLIGHT,TRAFFIC SIGNAL,NONE DETECTED,No,No Apparent Injury,NOT DISTRACTED,MD,Passenger Car,30,2017.0,Ford,FOCUS,8,Wednesday,8
MCP3295004W,250012873,MONTGOMERY,Injury Crash,2025-03-24 15:11:00,Ramp,RAMP 1 FR MD 650 NB TO RAMP 8 (TO US 29),Unknown,Rear To Side,Rain,Wet,Daylight,Traffic Control Signal,"Not Suspect of Alcohol Use, Not Suspect of Drug Use",No,Suspected Minor Injury,Not Distracted,MD,Passenger Car,40,2025.0,Lexus,NX,15,Monday,3
MCP2592000M,16043650,Montgomery County Police,Injury Crash,2016-08-27 13:56:00,Maryland (State),MONTGOMERY VILLAGE AVE,RUSSELL AVE,STRAIGHT MOVEMENT ANGLE,CLEAR,DRY,DAYLIGHT,TRAFFIC SIGNAL,NONE DETECTED,No,Possible Injury,NOT DISTRACTED,MD,Passenger Car,35,2016.0,Mits,SUV,13,Saturday,8
MCP30640044,220003902,Montgomery County Police,Property Damage Crash,2022-01-29 12:15:00,County,RANDOLPH RD,HEURICH RD,SAME DIRECTION SIDESWIPE,CLEAR,DRY,DAYLIGHT,NO CONTROLS,NONE DETECTED,No,No Apparent Injury,NOT DISTRACTED,MD,Passenger Car,45,2914.0,Volkswgn,SUV,12,Saturday,1
MCP3160003H,220013752,Montgomery County Police,Property Damage Crash,2022-03-31 14:58:00,Maryland (State),CONNECTICUT AVE,LELAND ST,STRAIGHT MOVEMENT ANGLE,RAINING,WET,DAYLIGHT,STOP SIGN,NONE DETECTED,No,No Apparent Injury,NOT DISTRACTED,US,Passenger Car,35,2021.0,Porsche,MACAN,14,Thursday,3