Report Number,Local Case Number,Agency Name,ACRS Report Type,Crash Date/Time,Route Type,Road Name,Cross-Street Name,Collision Type,Weather,Surface Condition,Light,Traffic Control,Driver Substance Abuse,Driver At Fault,Injury Severity,Driver Distracted By,Drivers License State,Vehicle Body Type,Speed Limit,Vehicle Year,Vehicle Make,Vehicle Model,Crash Hour,Crash Day,Crash Month
MCP229800PW,190054575,Montgomery County Police,Property Damage Crash,2019-11-12 17:51:00,Maryland (State),KNOWLES AVE,CONNECTICUT AVE,SAME DIRECTION LEFT TURN,Unknown,DRY,DARK LIGHTS ON,TRAFFIC SIGNAL,NONE DETECTED,Yes,No Apparent Injury,NOT DISTRACTED,MD,Truck Tractor,30,2002.0,Peter,CON,17,Tuesday,11
MCP3320003T,250033831,MONTGOMERY,Property Damage Crash,2025-07-29 18:00:00,County Route,DARCY FOREST DR,FOREST GLEN RD,Angle,Clear,Dry,Daylight,No Controls,"Not Suspect of Alcohol Use, Not Suspect of Drug Use",No,No Apparent Injury,Not Distracted,MD,Passenger Car,30,2014.0,Subaru,BRZ,18,Tuesday,7
MCP106400BW,210022874,Montgomery County Police,Property Damage Crash,2021-06-15 14:01:00,US (State),COLUMBIA PIKE,NATIONAL DR,ANGLE MEETS LEFT HEAD ON,CLOUDY,DRY,DAYLIGHT,TRAFFIC SIGNAL,Unknown,Yes,No Apparent Injury,UNKNOWN,MD,Passenger Car,40,2015.0,Chry,200 4D,14,Tuesday,6
MCP26740023,200048709,Montgomery County Police,Injury Crash,2020-12-10 18:30:00,Maryland (State),GERMANTOWN RD,GOLDENROD LA,SAME DIR REAR END,CLEAR,DRY,DARK LIGHTS ON,NO CONTROLS,NONE DETECTED,No,Possible Injury,NOT DISTRACTED,MD,Passenger Car,40,2017.0,Toyota,SUV,18,Thursday,12
MCP158000C4,190060634,Montgomery County Police,Injury Crash,2019-12-16 17:17:00,County,SNOUFFERS SCHOOL RD,FLOWER HILL WAY,HEAD ON,RAINING,WET,DARK LIGHTS ON,NO CONTROLS,NONE DETECTED,Yes,Possible Injury,UNKNOWN,MD,Passenger Car,40,1999.0,Lexs,ES300,17,Monday,12
EJ7888001Z,220008988,Gaithersburg Police Depar,Injury Crash,2022-03-02 11:30:00,Municipality,MAIN ST,INSPIRATION LA,HEAD ON,CLEAR,DRY,DAYLIGHT,STOP SIGN,NONE DETECTED,Yes,No Apparent Injury,LOOKED BUT DID NOT SEE,MD,Passenger Car,25,2013.0,Nissan,ROGUE,11,Wednesday,3
MCP3211002M,220027057,Montgomery County Police,Injury Crash,2022-06-23 10:53:00,Maryland (State),OLD GEORGETOWN RD,LONE OAK DR,ANGLE MEETS LEFT TURN,CLEAR,WET,DAYLIGHT,NO CONTROLS,NONE DETECTED,Yes,No Apparent Injury,LOOKED BUT DID NOT SEE,MD,Passenger Car,40,2005.0,Chevy,VAN,10,Thursday,6
MCP229800DZ,170519579,Montgomery County Police,Property Damage Crash,2017-07-17 15:28:00,County,MIDDLEBROOK RD,ENT TO MIDDLEBROOK SQ SHOPPING CENTER,ANGLE MEETS LEFT TURN,CLEAR,Unknown,DAYLIGHT,STOP SIGN,NONE DETECTED,Yes,No Apparent Injury,LOOKED BUT DID NOT SEE,XX,Passenger Car,40,2002.0,Honda,CIVIC,15,Monday,7
DD5538004F,240023951,ROCKVILLE,Injury Crash,2024-05-21 10:45:00,Municipality Route,MANNAKEE ST,ANDERSON AVE,Single Vehicle,Clear,Dry,Daylight,Stop Sign,"Not Suspect of Alcohol Use, Not Suspect of Drug Use",Yes,No Apparent Injury,Unknown,MD,Passenger Car,25,2011.0,Toyota,PRIUS,10,Tuesday,5
MCP3160002J,200002748,Montgomery County Police,Injury Crash,2020-01-16 19:30:00,Maryland (State),RIVER RD,BEECH TREE RD,SAME DIR REAR END,CLEAR,DRY,DARK LIGHTS ON,Unknown,NONE DETECTED,No,No Apparent Injury,NOT DISTRACTED,MD,Passenger Car,35,2007.0,Jeep,PATRIOT,19,Thursday,1
MCP2756000T,15033460,MONTGOMERY,Injury Crash,2015-07-08 18:20:00,County,KEMP MILL RD,KEMP MILL FOREST DR,HEAD ON,CLOUDY,DRY,DAYLIGHT,NO CONTROLS,NONE DETECTED,Yes,Suspected Minor Injury,NOT DISTRACTED,MD,Passenger Car,35,2010.0,Toyota,SIENNA LE,18,Wednesday,7
MCP1174004Z,210045170,Montgomery County Police,Property Damage Crash,2021-11-08 08:15:00,Maryland (State),ROCKVILLE PIKE,CEDAR LA,SAME DIR REAR END,CLEAR,DRY,DAYLIGHT,NO CONTROLS,NONE DETECTED,No,No Apparent Injury,NOT DISTRACTED,MD,Passenger Car,30,2018.0,Nissan,LEAF,8,Monday,11
MCP27520028,180024283,Montgomery County Police,Property Damage Crash,2018-05-17 16:30:00,County,MACARTHUR BLVD,75TH ST,SAME DIR REAR END,RAINING,WET,DAYLIGHT,Unknown,NONE DETECTED,Yes,No Apparent Injury,LOOKED BUT DID NOT SEE,MD,Passenger Car,25,2003.0,Hond,ACCORD,16,Thursday,5
MCP2933001K,170540026,Montgomery County Police,Injury Crash,2017-10-31 16:26:00,Maryland (State),RIVER RD,PERSIMMON TREE RD,SAME DIR REAR END,CLEAR,DRY,DAYLIGHT,NO CONTROLS,NONE DETECTED,Yes,Suspected Minor Injury,NOT DISTRACTED,MD,Passenger Car,40,2014.0,Honda,CIVIC,16,Tuesday,10
MCP2914007P,180047446,Montgomery County Police,Injury Crash,2018-09-22 17:03:00,US (State),COLESVILLE RD,LANARK WAY,SAME DIR REAR END,CLOUDY,Unknown,DAYLIGHT,NO CONTROLS,Unknown,No,Possible Injury,NOT DISTRACTED,NC,Passenger Car,40,2004.0,Ford,EXPLORER SP TR,17,Saturday,9
MCP25130046,240041420,MONTGOMERY,Injury Crash,2024-09-01 13:41:00,Maryland (State) Route,GEORGIA AVE (SB/L),Unknown,Rear To Rear,Clear,Dry,Daylight,Traffic Control Signal,"Not Suspect of Alcohol Use, Not Suspect of Drug Use",No,Suspected Minor Injury,Not Distracted,MD,Sport Utility Vehicle,35,2023.0,Hyundai,KONA,13,Sunday,9
MCP2399006M,230009855,Montgomery County Police,Property Damage Crash,2023-02-27 19:10:00,County,MONTGOMERY VILLAGE AVE,STEWARTOWN RD,STRAIGHT MOVEMENT ANGLE,RAINING,WET,DARK -- UNKNOWN LIGHTING,STOP SIGN,NONE DETECTED,Yes,No Apparent Injury,UNKNOWN,XX,(Sport) Utility Vehicle,25,2018.0,Toyt,HIGHLANDER,19,Monday,2
MCP3003003V,190027621,Montgomery County Police,Property Damage Crash,2019-06-10 08:30:00,County,CEDAR LA,CYPRESS AVE,SAME DIR REAR END,RAINING,WET,DAYLIGHT,NO CONTROLS,NONE DETECTED,No,No Apparent Injury,NOT DISTRACTED,MD,(Sport) Utility Vehicle,30,2014.0,Honda,CRV,8,Monday,6
MCP30800021,190056066,Montgomery County Police,Property Damage Crash,2019-11-20 16:00:00,Unknown,Unknown,Unknown,SAME DIRECTION LEFT TURN,Unknown,Unknown,DARK -- UNKNOWN LIGHTING,NO CONTROLS,Unknown,Yes,No Apparent Injury,LOOKED BUT DID NOT SEE,MD,Passenger Car,15,2019.0,Hyundai,4S,16,Wednesday,11
MCP2888000N,15035035,MONTGOMERY,Property Damage Crash,2015-07-16 20:38:00,Maryland (State),GEORGIA AVE,SEMINARY PL,SAME DIRECTION SIDESWIPE,CLEAR,DRY,DUSK,Unknown,UNKNOWN,Yes,No Apparent Injury,UNKNOWN,Unknown,Passenger Car,40,2013.0,Toyota,4S,20,Thursday,7
MCP2689004X,180049630,Montgomery County Police,Property Damage Crash,2018-10-04 13:42:00,County,SHADY GROVE RD,FALLSGROVE BLVD,HEAD ON LEFT TURN,CLEAR,DRY,DAYLIGHT,TRAFFIC SIGNAL,NONE DETECTED,Yes,No Apparent Injury,UNKNOWN,MD,Passenger Car,35,2002.0,Chevrolet,MALIBU,13,Thursday,10
MCP22860069,240026120,MONTGOMERY,Injury Crash,2024-06-02 09:50:00,Unknown,Unknown,Unknown,Angle,Clear,Unknown,Daylight,Unknown,"Not Suspect of Alcohol Use, Not Suspect of Drug Use",No,Possible Injury,Not Distracted,MD,Passenger Car,0,2011.0,Toyota,COROLLA,9,Sunday,6
MCP27520021,170537242,Montgomery County Police,Property Damage Crash,2017-10-17 19:00:00,Maryland (State),GOLDSBORO RD,MASSACHUSETTS AVE,ANGLE MEETS LEFT TURN,CLEAR,DRY,DARK LIGHTS ON,TRAFFIC SIGNAL,NONE DETECTED,No,No Apparent Injury,NOT DISTRACTED,MD,(Sport) Utility Vehicle,35,2016.0,Chev,EQUINOX,19,Tuesday,10
MCP2899005J,220013084,Montgomery County Police,Property Damage Crash,2022-03-27 04:39:00,County,DEVERE DR,BRANCH VIEW CT,STRAIGHT MOVEMENT ANGLE,CLEAR,DRY,DARK LIGHTS ON,NO CONTROLS,ALCOHOL PRESENT,Yes,No Apparent Injury,UNKNOWN,MD,Passenger Car,25,2021.0,Honda,CIVIC,4,Sunday,3
DD5650000G,210032251,Rockville Police Departme,Property Damage Crash,2021-08-19 09:43:00,Municipality,WOOTTON PKWY,SEVEN LOCKS RD,SAME DIR REAR END,CLEAR,DRY,DAYLIGHT,TRAFFIC SIGNAL,NONE DETECTED,No,No Apparent Injury,NOT DISTRACTED,MD,Passenger Car,35,2018.0,Suba,2S,9,Thursday,8
MCP2799001F,16013039,MONTGOMERY,Injury Crash,2016-03-16 20:16:00,County,MORNINGWOOD DR,HEADWATERS DR,STRAIGHT MOVEMENT ANGLE,CLEAR,DRY,DARK LIGHTS ON,STOP SIGN,NONE DETECTED,Yes,No Apparent Injury,LOOKED BUT DID NOT SEE,MD,Passenger Car,35,2007.0,Hond,CIVIC,20,Wednesday,3
MCP2399007F,230068756,Montgomery County Police,Property Damage Crash,2023-11-28 16:21:00,County,WASHINGTON GROVE LA,AMITY DR,OTHER,CLEAR,DRY,DAYLIGHT,Unknown,NONE DETECTED,No,No Apparent Injury,NOT DISTRACTED,MD,Transit Bus,30,2014.0,Gill,BUS,16,Tuesday,11
MCP26170030,17004152,Montgomery County Police,Property Damage Crash,2017-01-24 14:34:00,County,EXECUTIVE BLVD,OLD GEORGETOWN RD,SAME DIR REAR END,CLEAR,DRY,DUSK,NO CONTROLS,NONE DETECTED,No,No Apparent Injury,NOT DISTRACTED,MD,Passenger Car,25,2016.0,Kia,OPTIMA,14,Tuesday,1
MCP31710010,190042047,Montgomery County Police,Property Damage Crash,2019-09-02 21:40:00,Unknown,Unknown,Unknown,OPPOSITE DIRECTION SIDESWIPE,Unknown,Unknown,DARK LIGHTS ON,Unknown,NONE DETECTED,No,No Apparent Injury,NOT DISTRACTED,MD,Passenger Car,5,2007.0,Nissan,ALTIMA,21,Monday,9
MCP320000CY,240038007,MONTGOMERY,Injury Crash,2024-08-12 11:52:00,Maryland (State) Route,ROCKVILLE PIKE (SB/L),EDSON LA,Other,Clear,Dry,Daylight,Traffic Control Signal,"Not Suspect of Alcohol Use, Not Suspect of Drug Use",No,Suspected Minor Injury,Not Distracted,VA,Passenger Car,30,2013.0,Bmw,328I,11,Monday,8
MCP23110055,180062232,Montgomery County Police,Injury Crash,2018-12-14 13:38:00,County,SHADY GROVE RD,FREDERICK RD,STRAIGHT MOVEMENT ANGLE,CLEAR,DRY,DAYLIGHT,TRAFFIC SIGNAL,Unknown,Yes,No Apparent Injury,NOT DISTRACTED,NC,Passenger Car,40,2004.0,Mazda,4S,13,Friday,12
MCP12020026,17011252,Montgomery County Police,Property Damage Crash,2017-03-03 08:31:00,Maryland (State),RIVER RD,BURDETTE RD,SAME DIR REAR END,CLEAR,DRY,DAYLIGHT,TRAFFIC SIGNAL,NONE DETECTED,No,No Apparent Injury,NOT DISTRACTED,MD,Passenger Car,45,2016.0,Ford,EXPLORER,8,Friday,3
MCP2965003H,180051597,Montgomery County Police,Injury Crash,2018-10-15 12:23:00,Maryland (State),ASHTON RD,TUCKER LA,SAME DIRECTION LEFT TURN,CLOUDY,WET,DAYLIGHT,NO CONTROLS,NONE DETECTED,No,Possible Injury,LOOKED BUT DID NOT SEE,MD,Passenger Car,45,2017.0,Ford,VAN,12,Monday,10
MCP2977001J,16024657,Montgomery County Police,Property Damage Crash,2016-05-18 08:46:00,County,QUEBEC ST,RUATAN ST,STRAIGHT MOVEMENT ANGLE,CLOUDY,DRY,DAYLIGHT,NO CONTROLS,Unknown,Yes,No Apparent Injury,LOOKED BUT DID NOT SEE,MD,Passenger Car,5,2002.0,Dodg,RAM 2500,8,Wednesday,5
MCP3335001T,230023598,Montgomery County Police,Property Damage Crash,2023-05-17 08:06:00,US (State),COLUMBIA PIKE,LOCKWOOD DR,SAME DIR BOTH LEFT TURN,CLEAR,DRY,DAYLIGHT,TRAFFIC SIGNAL,NONE DETECTED,Yes,No Apparent Injury,OTHER DISTRACTION,MD,Transit Bus,35,2020.0,Nova,BUS,8,Wednesday,5
MCP2940001B,170502716,Montgomery County Police,Property Damage Crash,2017-04-18 07:38:00,Maryland (State),CONNECTICUT AVE,EAST WEST HWY,SAME DIRECTION SIDESWIPE,CLEAR,DRY,DAYLIGHT,TRAFFIC SIGNAL,NONE DETECTED,Yes,No Apparent Injury,NOT DISTRACTED,MD,Passenger Car,35,2005.0,Toyt,VN,7,Tuesday,4
MCP9428001N,170535611,Montgomery County Police,Property Damage Crash,2017-10-09 11:25:00,Maryland (State),GERMANTOWN RD,RAMP 5 FR RAMP 8 (FR IS270) TO MD 118 EB,SAME DIR REAR END,CLOUDY,WET,DAYLIGHT,TRAFFIC SIGNAL,NONE DETECTED,Yes,No Apparent Injury,NOT DISTRACTED,MD,Passenger Car,40,2006.0,Gmc,YUKON,11,Monday,10
MCP22030046,190049825,Montgomery County Police,Injury Crash,2019-10-17 14:40:00,County,ARCOLA AVE,NAIRN RD,STRAIGHT MOVEMENT ANGLE,CLEAR,DRY,DAYLIGHT,STOP SIGN,NONE DETECTED,No,Possible Injury,NOT DISTRACTED,MD,Passenger Car,35,2020.0,Toyota,CAMRY,14,Thursday,10
MCP3122004K,220049149,Montgomery County Police,Injury Crash,2022-11-07 16:30:00,Municipality,TRAVIS AVE,TRAVIS LA,STRAIGHT MOVEMENT ANGLE,CLEAR,DRY,DAYLIGHT,STOP SIGN,NONE DETECTED,Unknown,No Apparent Injury,NOT DISTRACTED,MD,Passenger Car,25,2004.0,Honda,CRV,16,Monday,11
MCP2940001F,170503119,Montgomery County Police,Property Damage Crash,2017-04-20 12:08:00,Interstate (State),CAPITAL BELTWAY,EXIT #35,SAME DIR REAR END,CLEAR,DRY,DAYLIGHT,Unknown,NONE DETECTED,No,No Apparent Injury,NOT DISTRACTED,MD,(Sport) Utility Vehicle,55,2009.0,Chev,SU,12,Thursday,4
DD5635001Q,190045833,Rockville Police Departme,Property Damage Crash,2019-09-24 18:16:00,Maryland (State),W MONTGOMERY AVE,RESEARCH BLVD,SAME DIR REAR END,Unknown,DRY,DAYLIGHT,NO CONTROLS,NONE DETECTED,Yes,No Apparent Injury,UNKNOWN,MD,Passenger Car,35,2013.0,Honda,CIVIC,18,Tuesday,9
MCP2885001P,16058132,Montgomery County Police,Property Damage Crash,2016-11-11 02:47:00,Unknown,Unknown,Unknown,OTHER,CLEAR,Unknown,DARK LIGHTS ON,NO CONTROLS,NONE DETECTED,No,No Apparent Injury,NOT DISTRACTED,MD,Passenger Car,5,2016.0,Toyota,COROLLA,2,Friday,11
MCP3074000V,170547308,Montgomery County Police,Property Damage Crash,2017-12-08 06:38:00,County,AVENEL RD,CAMILLUS DR,OPPOSITE DIRECTION SIDESWIPE,CLEAR,WET,DAWN,STOP SIGN,Unknown,Unknown,No Apparent Injury,NOT DISTRACTED,MD,Other Bus,25,2018.0,Frht,BU,6,Friday,12
MCP291400F2,230049198,Montgomery County Police,Property Damage Crash,2023-08-13 04:02:00,Maryland (State),GEORGIA AVE,RAMP 5 FR MD 97 SB TO IS 495 EB,OTHER,CLEAR,Unknown,DARK LIGHTS ON,NO CONTROLS,Unknown,Yes,No Apparent Injury,NOT DISTRACTED,MD,Passenger Car,35,2013.0,Volk,SD,4,Sunday,8
MCP1575007K,180052366,Montgomery County Police,Property Damage Crash,2018-10-19 12:38:00,Unknown,Unknown,Unknown,OTHER,CLEAR,Unknown,DAYLIGHT,NO CONTROLS,NONE DETECTED,No,No Apparent Injury,NOT DISTRACTED,MD,Passenger Car,0,2017.0,Hond,ACCORD,12,Friday,10
MCP3126000T,180059991,Montgomery County Police,Property Damage Crash,2018-11-30 22:35:00,Maryland (State),GREAT SENECA HWY,LAKELANDS DR,SAME DIRECTION RIGHT TURN,CLEAR,DRY,DARK LIGHTS ON,TRAFFIC SIGNAL,NONE DETECTED,Yes,No Apparent Injury,NOT DISTRACTED,MD,Passenger Car,50,2011.0,Honda,CIVIC,22,Friday,11
MCP31290056,220046177,Montgomery County Police,Injury Crash,2022-10-21 08:29:00,Maryland (State),LAYHILL RD,QUEENSGUARD RD,STRAIGHT MOVEMENT ANGLE,CLEAR,DRY,DAYLIGHT,NO CONTROLS,NONE DETECTED,No,Suspected Minor Injury,UNKNOWN,MD,Passenger Car,35,2014.0,Mercedes,GLK350,8,Friday,10
MCP29360019,16061732,Montgomery County Police,Injury Crash,2016-12-01 17:31:00,Maryland (State),WISCONSIN AVE,NOTTINGHAM DR,SAME DIR REAR END,CLEAR,DRY,DARK LIGHTS ON,NO CONTROLS,NONE DETECTED,No,Possible Injury,NOT DISTRACTED,VA,Passenger Car,35,2016.0,Toyota,COROLLA,17,Thursday,12
MCP137800J6,170533070,Montgomery County Police,Property Damage Crash,2017-09-25 17:13:00,County,MIDCOUNTY HWY,WOODFIELD RD,SAME DIR REAR END,CLEAR,DRY,DAYLIGHT,TRAFFIC SIGNAL,NONE DETECTED,Yes,No Apparent Injury,INATTENTIVE OR LOST IN THOUGHT,MD,(Sport) Utility Vehicle,50,2007.0,Mazda,CX-7,17,Monday,9
MCP13340074,180047819,Montgomery County Police,Injury Crash,2018-09-25 06:59:00,Maryland (State),FREDERICK RD,TRAVIS AVE,HEAD ON LEFT TURN,RAINING,WET,DAWN,TRAFFIC SIGNAL,NONE DETECTED,Yes,Suspected Minor Injury,LOOKED BUT DID NOT SEE,MD,(Sport) Utility Vehicle,40,2007.0,Lexus,GX470,6,Tuesday,9
MCP2763003B,200024303,Montgomery County Police,Property Damage Crash,2020-06-21 17:00:00,County,GOSHEN RD,STEWARTOWN RD,SAME DIR REAR END,Unknown,DRY,DAYLIGHT,NO CONTROLS,UNKNOWN,Yes,No Apparent Injury,UNKNOWN,Unknown,Pickup Truck,40,2007.0,Gmc,SIERRA,17,Sunday,6
MCP15680028,250039480,MONTGOMERY,Property Damage Crash,2025-09-03 15:06:00,Maryland (State) Route,BEALLSVILLE RD,Unknown,Front to Rear,Clear,Dry,Daylight,No Controls,"Not Suspect of Alcohol Use, Not Suspect of Drug Use",No,No Apparent Injury,Not Distracted,WV,Passenger Car,40,2018.0,Subaru,FORESTER,15,Wednesday,9
MCP28050015,15003440,Montgomery County Police,Injury Crash,2015-01-21 19:14:00,Unknown,Unknown,Unknown,OTHER,CLOUDY,Unknown,DARK NO LIGHTS,Unknown,NONE DETECTED,Unknown,No Apparent Injury,UNKNOWN,MD,Passenger Car,15,2005.0,Volk,JETTA,19,Wednesday,1
MCP2636000V,190002883,Montgomery County Police,Property Damage Crash,2019-01-18 14:50:00,Maryland (State),NEW HAMPSHIRE AVE,BREGMAN RD,SAME DIR REAR END,CLEAR,WET,DAYLIGHT,Unknown,NONE DETECTED,No,No Apparent Injury,NOT DISTRACTED,MD,Passenger Car,40,2017.0,Toyota,RAV 4,14,Friday,1
MCP3143003X,220055702,Montgomery County Police,Injury Crash,2022-12-16 12:45:00,Maryland (State),CONNECTICUT AVE,MANOR RD,HEAD ON LEFT TURN,CLEAR,DRY,DAYLIGHT,TRAFFIC SIGNAL,NONE DETECTED,Yes,Possible Injury,LOOKED BUT DID NOT SEE,MD,Passenger Car,35,2016.0,Jeep,PATRIOT,12,Friday,12
MCP3236000X,200023406,Montgomery County Police,Injury Crash,2020-06-15 06:38:00,Maryland (State),NEW HAMPSHIRE AVE,NORA DR,SINGLE VEHICLE,CLEAR,DRY,DAWN,NO CONTROLS,NONE DETECTED,Unknown,Suspected Serious Injury,UNKNOWN,MD,Passenger Car,40,2019.0,Nissan,VERSA,6,Monday,6
MCP1378012F,220045928,Montgomery County Police,Injury Crash,2022-10-19 16:52:00,County,SANGAMORE RD,WALHONDING RD,STRAIGHT MOVEMENT ANGLE,CLEAR,DRY,DAYLIGHT,STOP SIGN,NONE DETECTED,No,No Apparent Injury,NOT DISTRACTED,MD,Passenger Car,30,2014.0,Bmw,320I,16,Wednesday,10
MCP32840014,220006117,Montgomery County Police,Property Damage Crash,2022-02-11 23:45:00,Unknown,Unknown,Unknown,OTHER,CLEAR,Unknown,DARK LIGHTS ON,Unknown,ALCOHOL PRESENT,Yes,No Apparent Injury,NOT DISTRACTED,MD,Passenger Car,10,2005.0,Toyota,SIENNA,23,Friday,2
MCP3086004H,200023344,Montgomery County Police,Property Damage Crash,2020-06-14 13:25:00,County,MIDCOUNTY HWY,SPUR TO SHADY GROVE RD,SAME DIR REAR END,CLEAR,DRY,DAYLIGHT,TRAFFIC SIGNAL,NONE DETECTED,Yes,No Apparent Injury,DISTRACTED BY OUTSIDE PERSON OBJECT OR EVENT,MD,Passenger Car,45,2011.0,Volk,4S,13,Sunday,6
DD5648001X,230015761,Rockville Police Departme,Injury Crash,2023-04-02 10:46:00,Municipality,FLEET ST,MONROE ST,STRAIGHT MOVEMENT ANGLE,CLEAR,DRY,DAYLIGHT,TRAFFIC SIGNAL,NONE DETECTED,Unknown,No Apparent Injury,UNKNOWN,MD,Passenger Car,30,2014.0,Ford,PC,10,Sunday,4
MCP2392000M,250056374,MONTGOMERY,Property Damage Crash,2025-12-18 14:00:00,Unknown,Unknown,Unknown,Single Vehicle,Clear,Unknown,Daylight,Unknown,"Not Suspect of Alcohol Use, Not Suspect of Drug Use",No,No Apparent Injury,Not Distracted,Unknown,Passenger Car,0,2000.0,Nissan,MAXIMA,14,Thursday,12
EJ78520033,190059057,Gaithersburg Police Depar,Property Damage Crash,2019-12-07 16:00:00,County,SAM EIG HWY,RAMP 1 FR IS 270 NB TO IS 370 WB,SAME DIR REAR END,Unknown,DRY,DAYLIGHT,Unknown,NONE DETECTED,No,No Apparent Injury,NOT DISTRACTED,MD,Passenger Car,50,2016.0,Honda,CRV,16,Saturday,12
EJ7888002R,220036507,Gaithersburg Police Depar,Property Damage Crash,2022-08-25 04:45:00,Maryland (State),GREAT SENECA HWY,LONGDRAFT RD,SINGLE VEHICLE,CLEAR,DRY,DARK LIGHTS ON,NO CONTROLS,NONE DETECTED,Yes,No Apparent Injury,NOT DISTRACTED,MD,(Sport) Utility Vehicle,50,2020.0,Toyota,UT,4,Thursday,8
MCP3123001G,190053389,Montgomery County Police,Property Damage Crash,2019-11-06 05:31:00,Maryland (State),DARNESTOWN RD,MUDDY BRANCH RD,SINGLE VEHICLE,CLEAR,DRY,DAWN,Unknown,NONE DETECTED,No,No Apparent Injury,NOT DISTRACTED,MD,Station Wagon,40,2012.0,Subaru,OUTBACK,5,Wednesday,11
EJ7864002B,200008923,Gaithersburg Police Depar,Property Damage Crash,2020-02-22 21:50:00,Maryland (State),MONTGOMERY VILLAGE AVE,RUSSELL AVE,SAME DIR REAR END,Unknown,Unknown,DARK LIGHTS ON,TRAFFIC SIGNAL,Unknown,No,No Apparent Injury,NOT DISTRACTED,MD,Passenger Car,35,2009.0,Niss,250Z,21,Saturday,2
EJ78180010,170549324,Gaithersburg Police Depar,Property Damage Crash,2017-12-18 16:39:00,Municipality,RUSSELL AVE,ODENDHAL AVE,HEAD ON LEFT TURN,CLEAR,DRY,DAYLIGHT,TRAFFIC SIGNAL,NONE DETECTED,No,No Apparent Injury,NOT DISTRACTED,MD,Passenger Car,30,2002.0,Ford,SW,16,Monday,12
MCP33350040,250054516,MONTGOMERY,Property Damage Crash,2025-12-05 17:56:00,Maryland (State) Route,NEW HAMPSHIRE AVE (SB/L),Unknown,Other,Clear,Wet,Dark - Lighted,Traffic Control Signal,"Not Suspect of Alcohol Use, Not Suspect of Drug Use",No,No Apparent Injury,Not Distracted,MD,Passenger Car,30,2016.0,Honda,CIVIC,17,Friday,12
MCP3042002M,200015533,Montgomery County Police,Property Damage Crash,2020-04-09 14:30:00,Maryland (State),VEIRS MILL RD,UNIVERSITY BLVD W,HEAD ON LEFT TURN,CLOUDY,DRY,DAYLIGHT,TRAFFIC SIGNAL,NONE DETECTED,Yes,No Apparent Injury,LOOKED BUT DID NOT SEE,MD,Passenger Car,35,2005.0,Toyt,4S,14,Thursday,4
MCP9128000Y,170503286,Montgomery County Police,Injury Crash,2017-04-21 07:55:00,County,BEL PRE RD,ENT TO APARTMENTS,STRAIGHT MOVEMENT ANGLE,CLOUDY,WET,DAYLIGHT,NO CONTROLS,NONE DETECTED,No,Possible Injury,NOT DISTRACTED,MD,(Sport) Utility Vehicle,35,2000.0,Toyota,RAV4,7,Friday,4
MCP295200CT,220023087,Montgomery County Police,Injury Crash,2022-05-30 11:52:00,US (State),GEORGIA AVE,KING ST,SAME DIRECTION LEFT TURN,CLEAR,DRY,DAYLIGHT,NO CONTROLS,NONE DETECTED,Unknown,No Apparent Injury,NOT DISTRACTED,MD,Passenger Car,30,2019.0,Nissan,ALTIMA,11,Monday,5
MCP94240025,190020930,Montgomery County Police,Injury Crash,2019-05-03 22:53:00,County,ZION RD,RIGGS RD,SINGLE VEHICLE,RAINING,WET,DARK LIGHTS ON,Unknown,NONE DETECTED,Yes,Suspected Minor Injury,NOT DISTRACTED,MD,Passenger Car,40,2016.0,Volks,JETTA,22,Friday,5
MCP2094006D,16023388,Montgomery County Police,Property Damage Crash,2016-05-11 15:04:00,Unknown,Unknown,Unknown,OTHER,RAINING,Unknown,DAYLIGHT,NO CONTROLS,NONE DETECTED,Yes,No Apparent Injury,NOT DISTRACTED,MD,Passenger Car,0,1998.0,Toyota,CAMRY,15,Wednesday,5
MCP2796001H,15012076,Montgomery County Police,Injury Crash,2015-03-16 12:59:00,County,HINES RD,BLOSSOM VIEW DR,SINGLE VEHICLE,CLEAR,DRY,DAYLIGHT,NO CONTROLS,NONE DETECTED,Yes,Suspected Minor Injury,NOT DISTRACTED,MD,Passenger Car,35,2006.0,Hond,TK,12,Monday,3
MCP2611001J,16057455,Montgomery County Police,Property Damage Crash,2016-11-07 05:13:00,Maryland (State),NEW HAMPSHIRE AVE,VENICE DR,SAME DIR REAR END,CLEAR,DRY,DUSK,NO CONTROLS,NONE DETECTED,Yes,No Apparent Injury,LOOKED BUT DID NOT SEE,MD,Passenger Car,40,1996.0,Honda,4S,5,Monday,11
MCP0685003G,170535076,Montgomery County Police,Property Damage Crash,2017-10-06 08:59:00,County,SHADY GROVE RD,CRABBS BRANCH WAY,HEAD ON LEFT TURN,CLEAR,DRY,DAYLIGHT,TRAFFIC SIGNAL,NONE DETECTED,No,No Apparent Injury,NOT DISTRACTED,MD,Passenger Car,35,1997.0,Ford,4S,8,Friday,10
DD5594000Q,15005403,Rockville Police Departme,Property Damage Crash,2015-02-03 08:13:00,Maryland (State),NORBECK RD,AVERY RD,SAME DIR REAR END,CLEAR,DRY,DAYLIGHT,Unknown,NONE DETECTED,No,No Apparent Injury,NOT DISTRACTED,MD,Passenger Car,50,2012.0,Honda,ACCORD,8,Tuesday,2
MCP2783001F,170511748,Montgomery County Police,Injury Crash,2017-06-04 15:30:00,Maryland (State),GEORGIA AVE,PARKER AVE,ANGLE MEETS LEFT HEAD ON,CLEAR,DRY,DAYLIGHT,STOP SIGN,NONE DETECTED,No,Possible Injury,UNKNOWN,MD,Passenger Car,35,2016.0,Toyota,COROLLA,15,Sunday,6