Report Number,Local Case Number,Agency Name,ACRS Report Type,Crash Date/Time,Route Type,Road Name,Cross-Street Name,Collision Type,Weather,Surface Condition,Light,Traffic Control,Driver Substance Abuse,Driver At Fault,Injury Severity,Driver Distracted By,Drivers License State,Vehicle Body Type,Speed Limit,Vehicle Year,Vehicle Make,Vehicle Model,Crash Hour,Crash Day,Crash Month
MCP2755000S,16052965,Montgomery County Police,Injury Crash,2016-10-15 00:04:00,County,ARCOLA AVE,UNIVERSITY BLVD W,OTHER,CLEAR,DRY,DARK -- UNKNOWN LIGHTING,TRAFFIC SIGNAL,UNKNOWN,No,No Apparent Injury,UNKNOWN,MD,Passenger Car,40,2015.0,Honda,4D,0,Saturday,10
MCP3005007H,230024079,Montgomery County Police,Property Damage Crash,2023-05-19 15:42:00,County,DALEWOOD DR,EVERTON ST,SAME DIRECTION SIDESWIPE,CLEAR,DRY,DAYLIGHT,NO CONTROLS,NONE DETECTED,Unknown,No Apparent Injury,NOT DISTRACTED,MD,Passenger Car,25,2017.0,Toyt,SD,15,Friday,5
MCP242500GY,210027886,Montgomery County Police,Property Damage Crash,2021-07-19 13:25:00,Unknown,Unknown,Unknown,OTHER,CLEAR,Unknown,DAYLIGHT,Unknown,NONE DETECTED,Yes,No Apparent Injury,UNKNOWN,MD,School Bus,0,2013.0,Thomas,BUS,13,Monday,7
MCP9130002Q,16053033,Montgomery County Police,Injury Crash,2016-10-15 14:09:00,County,FLOWER AVE,E SCHUYLER RD,SAME DIR REAR END,CLEAR,DRY,DAYLIGHT,NO CONTROLS,NONE DETECTED,Yes,No Apparent Injury,UNKNOWN,MD,Passenger Car,30,2002.0,Mercedes,S430,14,Saturday,10
MCP2973002X,170504904,Montgomery County Police,Injury Crash,2017-04-29 08:14:00,Maryland (State),GEORGIA AVE,HATHAWAY DR,STRAIGHT MOVEMENT ANGLE,CLOUDY,DRY,DAYLIGHT,TRAFFIC SIGNAL,NONE DETECTED,No,No Apparent Injury,NOT DISTRACTED,MD,Passenger Car,45,2005.0,Toyota,TK,8,Saturday,4
EJ78360020,190055432,Gaithersburg Police Depar,Property Damage Crash,2019-11-17 02:58:00,Municipality,HARMONY HALL RD,BUTTRY RD,SAME DIR REAR END,Unknown,DRY,DARK LIGHTS ON,NO CONTROLS,UNKNOWN,Yes,No Apparent Injury,UNKNOWN,Unknown,Passenger Car,25,2009.0,Bmw,X5,2,Sunday,11
MCP2974004N,230034511,Montgomery County Police,Injury Crash,2023-07-20 09:25:00,Maryland (State),SANDY SPRING RD,COLUMBIA PIKE,SAME DIR REAR END,CLEAR,DRY,DAYLIGHT,NO CONTROLS,NONE DETECTED,No,Possible Injury,NOT DISTRACTED,MD,Passenger Car,35,2010.0,Toyota,COROLLA,9,Thursday,7
MCP137800VR,200047540,Montgomery County Police,Property Damage Crash,2020-12-02 17:03:00,County,SHADY GROVE RD,EPSILON DR,STRAIGHT MOVEMENT ANGLE,CLEAR,DRY,DARK LIGHTS ON,TRAFFIC SIGNAL,NONE DETECTED,No,No Apparent Injury,NOT DISTRACTED,MD,Passenger Car,45,2008.0,Toyt,COROLLA,17,Wednesday,12
MCP3411001Q,250006537,MONTGOMERY,Injury Crash,2025-02-13 16:01:00,Ramp,RAMP 10 FR MD 187B TO MD 187 NB,RAMP 3 FR RAMP 6 (FR IS270) TO MD 187B,Angle,Clear,Dry,Daylight,Traffic Control Signal,"Not Suspect of Alcohol Use, Not Suspect of Drug Use",No,Possible Injury,Not Distracted,MD,Passenger Car,35,2020.0,Mercedes-Benz,CLA-CLASS,16,Thursday,2
MCP2565003X,170501636,Montgomery County Police,Property Damage Crash,2017-04-11 17:39:00,Maryland (State),ROCKVILLE PIKE,SECURITY LA,ANGLE MEETS RIGHT TURN,CLEAR,DRY,DAYLIGHT,TRAFFIC SIGNAL,Unknown,No,No Apparent Injury,NOT DISTRACTED,MD,Passenger Car,35,2016.0,Subura,FORESTER,17,Tuesday,4
DD5638001V,200029410,Rockville Police Departme,Property Damage Crash,2020-07-29 10:15:00,Unknown,Unknown,Unknown,OTHER,CLEAR,Unknown,DAYLIGHT,Unknown,UNKNOWN,Yes,No Apparent Injury,UNKNOWN,MD,Passenger Car,5,2019.0,Chrysler,300,10,Wednesday,7
MCP91060022,190048060,Montgomery County Police,Property Damage Crash,2019-10-07 06:43:00,Maryland (State),OLD HUNDRED RD,RAMP 6 FR MD 109 EB TO IS 270 SB,HEAD ON LEFT TURN,CLOUDY,DRY,DAWN,NO CONTROLS,NONE DETECTED,No,No Apparent Injury,NOT DISTRACTED,MD,"Other Light Trucks (10,000Lbs (4,536Kg) Or Less)",30,2008.0,Jeep,WRANGLER,6,Monday,10
MCP3019004N,220016436,Montgomery County Police,Property Damage Crash,2022-04-18 15:40:00,Maryland (State),ROCKVILLE PIKE,POOKS HILL RD,OTHER,RAINING,WET,DAYLIGHT,TRAFFIC SIGNAL,Unknown,Unknown,No Apparent Injury,UNKNOWN,MD,Passenger Car,35,2020.0,Nissan,KICKS,15,Monday,4
MCP33300023,240022857,MONTGOMERY,Property Damage Crash,2024-05-15 05:50:00,Maryland (State) Route,GEORGIA AVE,UNIVERSITY BLVD W (WB/L),Angle,Rain,Wet,Dawn,Traffic Control Signal,"Not Suspect of Alcohol Use, Not Suspect of Drug Use",No,No Apparent Injury,Unknown,Unknown,Passenger Car,25,2015.0,Nissan,ALTIMA,5,Wednesday,5
MCP11820037,200020989,Montgomery County Police,Injury Crash,2020-05-27 08:35:00,Maryland (State),ROCKVILLE PIKE,CEDAR LA,SAME DIR REAR END,CLEAR,DRY,DAYLIGHT,TRAFFIC SIGNAL,NONE DETECTED,No,No Apparent Injury,NOT DISTRACTED,VA,Passenger Car,35,2012.0,Toyota,AVALON,8,Wednesday,5
MCP2937005P,240041490,MONTGOMERY,Property Damage Crash,2024-09-02 02:30:00,Maryland (State) Route,UNIVERSITY BLVD W (WB/L),Unknown,"Sideswipe, Same Direction",Clear,Dry,Dark - Lighted,No Controls,"Unknown, Unknown",No,Unknown,Unknown,Unknown,Passenger Car,35,2007.0,Honda,CIVIC,2,Monday,9
MCP2039009G,230065300,Montgomery County Police,Property Damage Crash,2023-11-09 08:50:00,Maryland (State),CONNECTICUT AVE,ENT TO BUSINESS,ANGLE MEETS LEFT TURN,CLEAR,DRY,DAYLIGHT,Unknown,Unknown,Yes,No Apparent Injury,LOOKED BUT DID NOT SEE,MD,Other,35,2000.0,Toyota,TUNDRA,8,Thursday,11
MCP29590014,15059690,MONTGOMERY,Injury Crash,2015-11-22 13:15:00,Maryland (State),NORWOOD RD,EXCALIBER LA,SAME DIR REAR END,CLEAR,DRY,DAYLIGHT,NO CONTROLS,NONE DETECTED,No,Suspected Minor Injury,NOT DISTRACTED,MD,(Sport) Utility Vehicle,40,2013.0,Nissan,ROGUE,13,Sunday,11
DM8423002C,210010335,Takoma Park Police Depart,Property Damage Crash,2021-03-19 12:00:00,Municipality,LINCOLN AVE,JACKSON AVE,UNKNOWN,CLEAR,DRY,DAYLIGHT,NO CONTROLS,UNKNOWN,Yes,No Apparent Injury,UNKNOWN,Unknown,Pickup Truck,25,2009.0,Toyota,UNKNOWN,12,Friday,3
MCP2720003B,180044972,Montgomery County Police,Injury Crash,2018-09-08 22:25:00,County,RANDOLPH RD,VEIRS MILL RD,STRAIGHT MOVEMENT ANGLE,CLEAR,DRY,DARK LIGHTS ON,TRAFFIC SIGNAL,Unknown,Yes,No Apparent Injury,NOT DISTRACTED,MD,Passenger Car,35,2017.0,Honda,CIVIC,22,Saturday,9
MCP3095005V,250012491,MONTGOMERY,Injury Crash,2025-03-21 19:33:00,US (State),COLUMBIA PIKE (SB/L),Unknown,Front to Rear,Clear,Dry,Dark - Not Lighted,Traffic Control Signal,"Not Suspect of Alcohol Use, Not Suspect of Drug Use",No,No Apparent Injury,Not Distracted,MD,Sport Utility Vehicle,55,2023.0,Bmw,X7,19,Friday,3
DD5643000L,200013298,Rockville Police Departme,Injury Crash,2020-03-19 15:24:00,Maryland (State),ROCKVILLE PIKE,EDMONSTON DR,STRAIGHT MOVEMENT ANGLE,Unknown,DRY,DAYLIGHT,STOP SIGN,NONE DETECTED,Unknown,No Apparent Injury,LOOKED BUT DID NOT SEE,MD,Passenger Car,15,2018.0,Acur,TK,15,Thursday,3
MCP20090007,15064635,MONTGOMERY,Property Damage Crash,2015-12-18 02:18:00,Unknown,Unknown,Unknown,OTHER,CLEAR,Unknown,DARK NO LIGHTS,Unknown,ALCOHOL PRESENT,Yes,No Apparent Injury,NOT DISTRACTED,MD,(Sport) Utility Vehicle,0,2013.0,Toyotra,RAV4,2,Friday,12
MCP2786004C,240012727,MONTGOMERY,Property Damage Crash,2024-03-17 01:48:00,Spur,Unknown,CLOPPER RD (WB/L),Single Vehicle,Clear,Dry,Dark - Lighted,Yield Sign,"Not Suspect of Alcohol Use, Suspect of Drug Use",Yes,No Apparent Injury,Not Distracted,MD,Passenger Car,40,2018.0,Nissan,ALTIMA,1,Sunday,3
MCP2966007W,240053687,MONTGOMERY,Injury Crash,2024-11-08 13:57:00,County Route,SHAKESPEARE BLVD (WB/L),Unknown,Rear To Side,Clear,Dry,Daylight,Traffic Control Signal,"Not Suspect of Alcohol Use, Not Suspect of Drug Use",No,No Apparent Injury,Not Distracted,MD,Passenger Car,35,2013.0,Nissan,SENTRA,13,Friday,11
MCP1213000M,15035597,MONTGOMERY,Property Damage Crash,2015-07-19 16:59:00,County,RANDOLPH RD,OLD RANDOLPH RD,SAME DIR REAR END,CLEAR,DRY,DAYLIGHT,NO CONTROLS,NONE DETECTED,Yes,No Apparent Injury,NOT DISTRACTED,MD,(Sport) Utility Vehicle,45,2003.0,Mazd,PROTEGE,16,Sunday,7
MCP27230066,220001758,Montgomery County Police,Property Damage Crash,2022-01-14 17:45:00,County,BEL PRE RD,WEEPING WILLOW DR,STRAIGHT MOVEMENT ANGLE,Unknown,DRY,DARK LIGHTS ON,STOP SIGN,NONE DETECTED,Yes,No Apparent Injury,LOOKED BUT DID NOT SEE,MD,Passenger Car,35,2013.0,Nissan,SENTRA,17,Friday,1
MCP21160090,180064854,Montgomery County Police,Property Damage Crash,2018-12-28 10:18:00,County,E GUDE DR,CALHOUN DR,SAME DIR REAR END,RAINING,WET,DAYLIGHT,Unknown,NONE DETECTED,Yes,No Apparent Injury,LOOKED BUT DID NOT SEE,MD,Passenger Car,40,2007.0,Toyt,4S,10,Friday,12
MCP2666002C,180025214,Montgomery County Police,Injury Crash,2018-05-22 23:45:00,US (State),COLUMBIA PIKE,INDUSTRIAL PKWY,SAME DIR REAR END,CLEAR,WET,DARK LIGHTS ON,TRAFFIC SIGNAL,NONE DETECTED,Yes,Suspected Minor Injury,NOT DISTRACTED,MD,Passenger Car,50,2014.0,Lincoln,MKT,23,Tuesday,5
MCP1212000T,16063388,Montgomery County Police,Property Damage Crash,2016-12-10 08:31:00,Maryland (State),FREDERICK RD,STRINGTOWN RD,ANGLE MEETS RIGHT TURN,CLEAR,DRY,DAYLIGHT,TRAFFIC SIGNAL,NONE DETECTED,Unknown,No Apparent Injury,UNKNOWN,MD,Passenger Car,40,2000.0,Bmw,2S,8,Saturday,12
MCP3042002B,180060224,Montgomery County Police,Injury Crash,2018-12-02 13:00:00,County,RANDOLPH RD,TIMBER VIEW CT,SAME DIR REAR END,CLOUDY,DRY,DAYLIGHT,NO CONTROLS,NONE DETECTED,Yes,No Apparent Injury,LOOKED BUT DID NOT SEE,MD,Passenger Car,40,2002.0,Toyota,SOLARA,13,Sunday,12
MCP2518000Y,15063322,MONTGOMERY,Property Damage Crash,2015-12-11 11:18:00,Maryland (State),DAMASCUS RD,JARL DR,SINGLE VEHICLE,CLEAR,DRY,DAYLIGHT,NO CONTROLS,NONE DETECTED,Yes,No Apparent Injury,NOT DISTRACTED,MD,Truck Tractor,50,2005.0,Pete,TT,11,Friday,12
MCP20010019,200021694,Montgomery County Police,Fatal Crash,2020-06-01 18:29:00,Maryland (State),OLD GEORGETOWN RD,EXECUTIVE BLVD,STRAIGHT MOVEMENT ANGLE,CLEAR,DRY,DAYLIGHT,TRAFFIC SIGNAL,NONE DETECTED,No,Suspected Minor Injury,NOT DISTRACTED,MD,Pickup Truck,30,2009.0,Chevrolet,COLORADO,18,Monday,6
MCP1213006F,220010276,Montgomery County Police,Property Damage Crash,2022-03-10 08:25:00,Maryland (State),NEW HAMPSHIRE AVE,INTERCOUNTY CONNECTOR,SAME DIRECTION LEFT TURN,CLEAR,DRY,DAYLIGHT,TRAFFIC SIGNAL,NONE DETECTED,Yes,No Apparent Injury,LOOKED BUT DID NOT SEE,PA,Van,45,2000.0,Chryls,SW,8,Thursday,3
MCP9365002M,240023460,MONTGOMERY,Property Damage Crash,2024-05-18 09:44:00,County Route,LOCKWOOD DR,Unknown,Front to Rear,Rain,Wet,Daylight,No Controls,"Not Suspect of Alcohol Use, Not Suspect of Drug Use",No,No Apparent Injury,Not Distracted,MD,Sport Utility Vehicle,30,2015.0,Mercedes-Benz,GL-CLASS,9,Saturday,5
MCP3259004P,240028198,MONTGOMERY,Property Damage Crash,2024-06-13 17:11:00,Ramp,RAMP 1 FR RAMP 4 (FR IS495) TO MD 190 WB,RIVER RD (WB/L),"Sideswipe, Same Direction",Clear,Dry,Daylight,No Controls,"Not Suspect of Alcohol Use, Not Suspect of Drug Use",No,No Apparent Injury,Unknown,MD,Bus - School,40,2017.0,Ford,UNKNOWN,17,Thursday,6
MCP20470060,250025620,MONTGOMERY,Property Damage Crash,2025-06-09 08:11:00,County Route,SHADY GROVE RD,Unknown,Front to Rear,Cloudy,Dry,Daylight,No Controls,"Not Suspect of Alcohol Use, Not Suspect of Drug Use",No,No Apparent Injury,Not Distracted,MD,Passenger Car,40,2024.0,Lexus,RZ,8,Monday,6
MCP2987002D,170534174,Montgomery County Police,Injury Crash,2017-10-01 14:45:00,Maryland (State),UNIVERSITY BLVD W,SUTHERLAND RD,SAME DIR REAR END,CLEAR,DRY,DAYLIGHT,NO CONTROLS,NONE DETECTED,No,No Apparent Injury,NOT DISTRACTED,MD,Passenger Car,40,2013.0,Dodg,SU,14,Sunday,10
MCP312900DT,250056429,MONTGOMERY,Property Damage Crash,2025-12-17 18:54:00,Maryland (State) Route,GEORGIA AVE (SB/L),HEATHFIELD RD,Front to Rear,Clear,Dry,Dark - Lighted,Traffic Control Signal,"Not Suspect of Alcohol Use, Not Suspect of Drug Use",No,No Apparent Injury,Not Distracted,MD,Passenger Car,35,2008.0,Honda,CIVIC,18,Wednesday,12
MCP2361002Z,240004707,MONTGOMERY,Property Damage Crash,2024-01-29 20:31:00,Other Public Roadway,QUAIL VALLEY BLVD,Unknown,"Sideswipe, Same Direction",Clear,Dry,Dark - Lighted,No Controls,"Not Suspect of Alcohol Use, Not Suspect of Drug Use",No,No Apparent Injury,Not Distracted,MD,Bus - Transit,35,2013.0,Gillig,LOW FLOOR BUS,20,Monday,1
MCP1113001K,170529551,Montgomery County Police,Property Damage Crash,2017-09-09 11:18:00,County,HAWKINS CREAMERY RD,WOODFIELD RD,SAME DIR REAR END,CLEAR,DRY,DAYLIGHT,TRAFFIC SIGNAL,NONE DETECTED,Yes,No Apparent Injury,LOOKED BUT DID NOT SEE,MD,Passenger Car,35,2010.0,Mazda,6,11,Saturday,9
MCP30580049,210030597,Montgomery County Police,Property Damage Crash,2021-08-06 18:54:00,Unknown,Unknown,Unknown,UNKNOWN,CLEAR,Unknown,DAYLIGHT,NO CONTROLS,NONE DETECTED,Unknown,No Apparent Injury,UNKNOWN,XX,Passenger Car,15,2004.0,Ford,EXPLORER,18,Friday,8
MCP2892003D,170540957,Montgomery County Police,Property Damage Crash,2017-11-04 17:05:00,County,FOREST GLEN RD,WOODLAND DR,SAME DIR REAR END,CLEAR,DRY,DAYLIGHT,NO CONTROLS,NONE DETECTED,No,No Apparent Injury,NOT DISTRACTED,VA,Passenger Car,25,2009.0,Honda,4D,17,Saturday,11
MCP3191003L,220028561,Montgomery County Police,Property Damage Crash,2022-07-03 15:45:00,Municipality,MARYLAND AVE,S WASHINGTON ST,SAME DIR REAR END,CLEAR,DRY,DAYLIGHT,YIELD SIGN,NONE DETECTED,Yes,No Apparent Injury,UNKNOWN,MD,Passenger Car,35,2017.0,Chev,CRUZE,15,Sunday,7
MCP29480026,180004282,Montgomery County Police,Property Damage Crash,2018-01-25 15:00:00,Maryland (State),GEORGIA AVE,ARCOLA AVE,SAME DIRECTION SIDESWIPE,CLEAR,DRY,DAYLIGHT,TRAFFIC SIGNAL,NONE DETECTED,Unknown,No Apparent Injury,NOT DISTRACTED,MD,Fire Vehicle/Emergency,40,2015.0,Seag,TK,15,Thursday,1
MCP3074006F,240035597,MONTGOMERY,Property Damage Crash,2024-07-28 17:43:00,US (State),Unknown,Unknown,Front to Front,Clear,Dry,Daylight,Traffic Control Signal,"Not Suspect of Alcohol Use, Not Suspect of Drug Use",No,No Apparent Injury,Not Distracted,MI,Passenger Car,35,2009.0,Buick,LUCERNE,17,Sunday,7
MCP2427000B,240043693,MONTGOMERY,Injury Crash,2024-09-13 21:42:00,Maryland (State) Route,FREDERICK RD (SB/L),KING FARM BLVD,Front to Rear,Clear,Dry,Dark - Lighted,Traffic Control Signal,"Not Suspect of Alcohol Use, Not Suspect of Drug Use",No,Suspected Minor Injury,Not Distracted,MD,Sport Utility Vehicle,35,2019.0,Dodge,DURANGO,21,Friday,9
MCP3000002G,190008651,Montgomery County Police,Injury Crash,2019-02-23 01:45:00,Maryland (State),RIDGE RD,KEMPTOWN RD,SINGLE VEHICLE,Unknown,DRY,DARK LIGHTS ON,NO CONTROLS,NONE DETECTED,Yes,Suspected Minor Injury,UNKNOWN,MD,(Sport) Utility Vehicle,40,2013.0,Bmw,X5,1,Saturday,2
MCP2134002H,200001626,Montgomery County Police,Property Damage Crash,2020-01-10 07:44:00,County,FEATHERWOOD ST,OLD COLUMBIA PIKE,OTHER,CLEAR,DRY,DAYLIGHT,NO CONTROLS,Unknown,No,No Apparent Injury,NOT DISTRACTED,Unknown,Passenger Car,0,2009.0,Chevrolet,IMPALA,7,Friday,1
MCP271700JV,180037810,Montgomery County Police,Property Damage Crash,2018-07-30 20:15:00,Maryland (State),GEORGIA AVE,FOREST GLEN RD,SAME DIR REAR END,CLEAR,WET,DARK LIGHTS ON,NO CONTROLS,NONE DETECTED,No,No Apparent Injury,NOT DISTRACTED,MD,(Sport) Utility Vehicle,35,2013.0,Nissan,PATHFINDER,20,Monday,7
MCP2971005C,200005014,Montgomery County Police,Injury Crash,2020-01-30 18:18:00,County,MIDDLEBROOK RD,WHITESADDLE DR,SAME DIR REAR END,CLEAR,DRY,DARK LIGHTS ON,NO CONTROLS,NONE DETECTED,No,Possible Injury,NOT DISTRACTED,MD,Passenger Car,40,2018.0,Nissan,SENTRA,18,Thursday,1
DD5595006Z,180057432,Rockville Police Departme,Injury Crash,2018-11-16 06:30:00,Maryland (State),VEIRS MILL RD,BEGIN BRIDGE,OTHER,SNOW,ICE,DAWN,NO CONTROLS,NONE DETECTED,No,No Apparent Injury,NOT DISTRACTED,MD,Passenger Car,35,2008.0,Mazda,6,6,Friday,11
MCP2094005V,16005374,Montgomery County Police,Injury Crash,2016-02-02 07:19:00,Interstate (State),CABIN JOHN PKWY,IS 495 (SB/L),SINGLE VEHICLE,CLEAR,ICE,DAYLIGHT,NO CONTROLS,NONE DETECTED,Yes,Possible Injury,NOT DISTRACTED,MD,Passenger Car,55,2008.0,Scion,XD,7,Tuesday,2
MCP3099002R,21013746,Montgomery County Police,Injury Crash,2021-04-13 09:43:00,County,MIDDLEBROOK RD,WARING STATION RD,SAME DIRECTION SIDESWIPE,CLOUDY,DRY,DAYLIGHT,NO CONTROLS,NONE DETECTED,Yes,Possible Injury,UNKNOWN,MD,Passenger Car,40,2017.0,Honda,HB,9,Tuesday,4
MCP2353008J,200043514,Montgomery County Police,Property Damage Crash,2020-11-04 12:36:00,Maryland (State),CONNECTICUT AVE,SAUL RD,STRAIGHT MOVEMENT ANGLE,CLEAR,DRY,DAYLIGHT,TRAFFIC SIGNAL,NONE DETECTED,No,No Apparent Injury,NOT DISTRACTED,MD,Passenger Car,35,2020.0,Honda,ACCORD,12,Wednesday,11
MCP23860018,17009375,Montgomery County Police,Injury Crash,2017-02-21 15:51:00,County,ADELPHI RD,MT PISGAH RD,ANGLE MEETS RIGHT TURN,CLEAR,DRY,DAYLIGHT,STOP SIGN,NONE DETECTED,Yes,No Apparent Injury,UNKNOWN,MD,Passenger Car,35,2011.0,Acura,TSX,15,Tuesday,2
MCP2445007N,250052077,MONTGOMERY,Property Damage Crash,2025-11-20 12:44:00,County Route,RICHTER FARM RD,GREAT SENECA HWY (SB/L),Front to Rear,Cloudy,Dry,Daylight,Traffic Control Signal,"Not Suspect of Alcohol Use, Not Suspect of Drug Use",Yes,No Apparent Injury,Not Distracted,MD,Bus - Transit,45,2016.0,Gillig,LOW FLOOR BUS,12,Thursday,11
MCP1453006K,180058248,Montgomery County Police,Property Damage Crash,2018-11-20 16:34:00,Unknown,TRIMFIELD LN,CLUB HILL DR,OTHER,CLOUDY,DRY,DUSK,NO CONTROLS,NONE DETECTED,Yes,No Apparent Injury,LOOKED BUT DID NOT SEE,MD,Passenger Car,25,2017.0,Honda,ACCORD,16,Tuesday,11
MCP2948000Q,16002855,Montgomery County Police,Property Damage Crash,2016-01-15 18:47:00,Maryland (State),UNIVERSITY BLVD W,ARCOLA AVE,HEAD ON LEFT TURN,RAINING,WET,DARK LIGHTS ON,TRAFFIC SIGNAL,NONE DETECTED,No,No Apparent Injury,NOT DISTRACTED,MD,(Sport) Utility Vehicle,40,2016.0,Ford,EXPLORER,18,Friday,1
DM8437001X,180024640,Takoma Park Police Depart,Property Damage Crash,2018-05-19 19:44:00,Maryland (State),UNIVERSITY BLVD E,MERRIMAC DR,OTHER,CLOUDY,WET,DUSK,NO CONTROLS,NONE DETECTED,No,No Apparent Injury,NOT DISTRACTED,MD,Passenger Car,25,2001.0,Honda,ODYSSEY,19,Saturday,5
MCP2937002W,190001165,Montgomery County Police,Property Damage Crash,2019-01-08 01:00:00,US (State),COLUMBIA PIKE,RAMP 5 FR US 29 SB TO BRIGGS CHANEY RD,OTHER,RAINING,WET,DARK LIGHTS ON,NO CONTROLS,NONE DETECTED,Yes,No Apparent Injury,NOT DISTRACTED,MD,Passenger Car,35,1998.0,Toyota,COROLLA,1,Tuesday,1
MCP2536000K,16021542,Montgomery County Police,Injury Crash,2016-05-02 06:15:00,Maryland (State),GEORGIA AVE,LAYHILL RD,SAME DIR REAR END,CLEAR,DRY,DARK LIGHTS ON,TRAFFIC SIGNAL,ALCOHOL PRESENT,Yes,No Apparent Injury,NOT DISTRACTED,MD,"Other Light Trucks (10,000Lbs (4,536Kg) Or Less)",35,2004.0,Honda,CIVIC,6,Monday,5
MCP2637001X,170533792,Montgomery County Police,Injury Crash,2017-09-29 08:27:00,County,DARNESTOWN RD,SPUR TO TRAVILLE GATEWAY DR,HEAD ON LEFT TURN,CLEAR,DRY,DAYLIGHT,TRAFFIC SIGNAL,NONE DETECTED,No,Possible Injury,NOT DISTRACTED,MD,Passenger Car,40,2015.0,Niss,VERSA,8,Friday,9
MCP1378008B,15053245,MONTGOMERY,Property Damage Crash,2015-10-20 15:45:00,Unknown,Unknown,Unknown,SAME DIRECTION SIDESWIPE,CLEAR,Unknown,DAYLIGHT,NO CONTROLS,NONE DETECTED,No,No Apparent Injury,NOT DISTRACTED,MD,School Bus,5,2005.0,International,BUS,15,Tuesday,10
MCP2959002T,170519235,Montgomery County Police,Property Damage Crash,2017-07-15 09:21:00,County,KERSEY RD,HEATHER CREST LA,SAME DIRECTION SIDESWIPE,CLEAR,DRY,DAYLIGHT,NO CONTROLS,NONE DETECTED,Yes,No Apparent Injury,NOT DISTRACTED,MD,Fire Vehicle/Emergency,20,2008.0,Spartan,TRUCK,9,Saturday,7
MCP2971000X,16000381,Montgomery County Police,Property Damage Crash,2016-01-03 08:14:00,Maryland (State),COLESVILLE RD,16TH ST,HEAD ON LEFT TURN,CLEAR,DRY,DAYLIGHT,YIELD SIGN,NONE DETECTED,Yes,No Apparent Injury,LOOKED BUT DID NOT SEE,MD,Passenger Car,35,2004.0,Hond,ACCORD,8,Sunday,1
MCP1233001J,170502176,Montgomery County Police,Injury Crash,2017-04-14 18:19:00,Maryland (State),CONNECTICUT AVE,PLYERS MILL RD,ANGLE MEETS LEFT TURN,CLEAR,DRY,DAYLIGHT,TRAFFIC SIGNAL,NONE DETECTED,No,No Apparent Injury,NOT DISTRACTED,MD,Passenger Car,35,2016.0,Nissan,ALTIMA,18,Friday,4
MCP2785001T,16038896,Montgomery County Police,Property Damage Crash,2016-08-01 13:45:00,County,TECH RD,COLUMBIA PIKE,STRAIGHT MOVEMENT ANGLE,CLEAR,DRY,DAYLIGHT,STOP SIGN,Unknown,No,No Apparent Injury,NOT DISTRACTED,MD,Passenger Car,30,1995.0,Nissan,MAXIMA,13,Monday,8
DM8421002C,190050989,Takoma Park Police Depart,Property Damage Crash,2019-10-23 18:15:00,Municipality,PRINCE GEORGES AVE,NEW HAMPSHIRE AVE,SAME DIRECTION RIGHT TURN,CLEAR,DRY,DARK LIGHTS ON,NO CONTROLS,NONE DETECTED,No,No Apparent Injury,NOT DISTRACTED,MD,Passenger Car,25,2011.0,Mitsubishi,ECLISPE,18,Wednesday,10
EJ7856001W,16055037,Gaithersburg Police Depar,Property Damage Crash,2016-10-26 07:22:00,County,RAILROAD ST,E DIAMOND AVE,HEAD ON LEFT TURN,CLEAR,DRY,DAWN,TRAFFIC SIGNAL,Unknown,No,No Apparent Injury,NOT DISTRACTED,MD,Passenger Car,30,2004.0,Hond,4S,7,Wednesday,10
MCP204600CQ,210021578,Montgomery County Police,Property Damage Crash,2021-06-07 09:29:00,US (State),COLUMBIA PIKE,LOCKWOOD DR,SAME DIR REAR END,CLEAR,DRY,DAYLIGHT,TRAFFIC SIGNAL,NONE DETECTED,No,No Apparent Injury,NOT DISTRACTED,MD,School Bus,40,2020.0,Thms,BU,9,Monday,6
MCP2974002H,190022580,Montgomery County Police,Injury Crash,2019-05-13 16:25:00,Maryland (State),UNIVERSITY BLVD E,PATTON DR,SAME DIR REAR END,RAINING,WET,Unknown,Unknown,NONE DETECTED,No,Possible Injury,NOT DISTRACTED,MD,Passenger Car,35,2004.0,Toyota,COROLLA,16,Monday,5
DD5657000J,230017411,Rockville Police Departme,Injury Crash,2023-04-12 11:15:00,Maryland (State),HUNGERFORD DR,A ST,STRAIGHT MOVEMENT ANGLE,CLEAR,DRY,DAYLIGHT,TRAFFIC SIGNAL,NONE DETECTED,Yes,Suspected Minor Injury,INATTENTIVE OR LOST IN THOUGHT,MD,Passenger Car,35,2012.0,Cheverolet,4S,11,Wednesday,4
MCP28530027,16049230,Montgomery County Police,Property Damage Crash,2016-09-24 22:28:00,Maryland (State),PINEY BRANCH RD,ARLISS ST,HEAD ON,CLEAR,DRY,DARK LIGHTS ON,TRAFFIC SIGNAL,ALCOHOL PRESENT,No,No Apparent Injury,NOT DISTRACTED,MD,Passenger Car,30,2006.0,Toyota,RAV4,22,Saturday,9
MCP2801001Q,16047247,Montgomery County Police,Injury Crash,2016-09-15 22:07:00,County,CHERRY HILL RD,GRACEFIELD RD,OTHER,CLEAR,DRY,DARK LIGHTS ON,NO CONTROLS,Unknown,Yes,No Apparent Injury,NOT DISTRACTED,MD,Passenger Car,40,2007.0,Toyota,HIGHLANDER,22,Thursday,9
MCP11510047,16012547,MONTGOMERY,Property Damage Crash,2016-03-14 08:08:00,County,WARING STATION RD,SUMMER OAK DR,SAME DIRECTION SIDESWIPE,RAINING,WET,DAYLIGHT,NO CONTROLS,NONE DETECTED,Yes,No Apparent Injury,NOT DISTRACTED,MD,School Bus,30,2007.0,Thomas,BUS,8,Monday,3