Report Number,Local Case Number,Agency Name,ACRS Report Type,Crash Date/Time,Route Type,Road Name,Cross-Street Name,Collision Type,Weather,Surface Condition,Light,Traffic Control,Driver Substance Abuse,Driver At Fault,Injury Severity,Driver Distracted By,Drivers License State,Vehicle Body Type,Speed Limit,Vehicle Year,Vehicle Make,Vehicle Model,Crash Hour,Crash Day,Crash Month
MCP2934005N,230033089,Montgomery County Police,Property Damage Crash,2023-07-11 18:51:00,County,TILDEN LA,FARMLAND DR,OTHER,CLEAR,DRY,DAYLIGHT,NO CONTROLS,NONE DETECTED,No,No Apparent Injury,NOT DISTRACTED,MD,(Sport) Utility Vehicle,30,2018.0,Honda,CRV,18,Tuesday,7
MCP3258004Z,250012715,MONTGOMERY,Property Damage Crash,2025-03-23 14:59:00,Maryland (State) Route,GEORGIA AVE (SB/L),Unknown,Front to Rear,Clear,Dry,Daylight,Traffic Control Signal,"Not Suspect of Alcohol Use, Not Suspect of Drug Use",Yes,No Apparent Injury,Not Distracted,MD,Sport Utility Vehicle,25,2017.0,Chevrolet,TAHOE,14,Sunday,3
MCP2810001V,220046140,Montgomery County Police,Injury Crash,2022-10-20 17:30:00,County,STEDWICK RD,MONTGOMERY VILLAGE AVE,OTHER,Unknown,Unknown,DARK LIGHTS ON,Unknown,Unknown,No,Possible Injury,NOT DISTRACTED,MD,Passenger Car,35,2015.0,Chevrolet,TRAVERSE,17,Thursday,10
MCP2728005L,180030295,Montgomery County Police,Property Damage Crash,2018-06-19 16:37:00,County,BROOKVILLE RD,STEWART AVE,SAME DIRECTION SIDESWIPE,RAINING,WET,DAYLIGHT,NO CONTROLS,NONE DETECTED,Yes,No Apparent Injury,LOOKED BUT DID NOT SEE,NC,Police Vehicle/Emergency,30,2017.0,Kia,SW,16,Tuesday,6
MCP2641005G,250054975,MONTGOMERY,Injury Crash,2025-12-09 07:28:00,Maryland (State) Route,LAYHILL RD,GLENALLAN AVE,Angle,Clear,Dry,Dawn,Traffic Control Signal,"Not Suspect of Alcohol Use, Not Suspect of Drug Use",Yes,Possible Injury,Unknown,MD,Passenger Car,30,2012.0,Honda,FIT,7,Tuesday,12
MCP2365001W,200049522,Montgomery County Police,Injury Crash,2020-12-17 12:49:00,Maryland (State),OLD COLUMBIA PIKE,ENT TO BUSINESS,SAME DIRECTION SIDESWIPE,WINTRY MIX,SLUSH,DAYLIGHT,TRAFFIC SIGNAL,UNKNOWN,Yes,Possible Injury,UNKNOWN,MD,Passenger Car,45,2004.0,Infinite,2D,12,Thursday,12
MCP2947000S,15042543,MONTGOMERY,Injury Crash,2015-08-25 06:59:00,County,RANDOLPH RD,GLENMONT CIR #1,SAME DIR REAR END,CLEAR,DRY,DAWN,TRAFFIC SIGNAL,NONE DETECTED,No,Possible Injury,NOT DISTRACTED,MD,Passenger Car,30,2003.0,Acura,MDX,6,Tuesday,8
MCP3387002G,250015740,MONTGOMERY,Property Damage Crash,2025-04-11 07:01:00,US (State),COLUMBIA PIKE,TECH RD,Angle,Cloudy,Dry,Daylight,Traffic Control Signal,"Not Suspect of Alcohol Use, Not Suspect of Drug Use",No,No Apparent Injury,Not Distracted,MD,Passenger Car,30,2011.0,Toyota,CAMRY,7,Friday,4
MCP32550009,200032361,Montgomery County Police,Property Damage Crash,2020-08-19 08:50:00,County,FIELDCREST RD,WOODFIELD RD,SAME DIR REAR END,RAINING,WET,DAYLIGHT,Unknown,NONE DETECTED,Yes,No Apparent Injury,INATTENTIVE OR LOST IN THOUGHT,MD,Passenger Car,50,2007.0,Ford,FOCUS,8,Wednesday,8
MCP2203009C,250022286,MONTGOMERY,Property Damage Crash,2025-05-20 10:15:00,County Route,RANDOLPH RD,Unknown,Front to Rear,Clear,Dry,Daylight,Other Signal,"Not Suspect of Alcohol Use, Not Suspect of Drug Use",No,No Apparent Injury,Not Distracted,MD,Pickup,35,2024.0,Ram,2500,10,Tuesday,5
MCP311100BJ,250049480,MONTGOMERY,Injury Crash,2025-11-04 12:11:00,Maryland (State) Route,EAST WEST HWY,CONNECTICUT AVE,Front to Rear,Clear,Dry,Daylight,Traffic Control Signal,"Not Suspect of Alcohol Use, Not Suspect of Drug Use",Yes,No Apparent Injury,Unknown,DC,Passenger Car,30,2021.0,Honda,CR-V,12,Tuesday,11
MCP3113001S,190044353,Montgomery County Police,Injury Crash,2019-09-16 15:15:00,US (State),COLUMBIA PIKE,GREENCASTLE RD,SAME DIR REAR END,CLEAR,DRY,DAYLIGHT,Unknown,Unknown,No,No Apparent Injury,NOT DISTRACTED,MD,Passenger Car,55,2010.0,Toyota,PRIUS,15,Monday,9
MCP28710041,17005987,Montgomery County Police,Property Damage Crash,2017-02-03 17:19:00,County,WESTLAKE DR,LAKEVIEW DR,ANGLE MEETS LEFT TURN,CLOUDY,DRY,DUSK,STOP SIGN,NONE DETECTED,No,No Apparent Injury,NOT DISTRACTED,MD,Passenger Car,35,2013.0,Volv,C70 T5,17,Friday,2
MCP3328002T,230063143,Montgomery County Police,Property Damage Crash,2023-10-08 20:33:00,County,FERN ST,PRICE AVE,SAME DIR REAR END,CLEAR,DRY,DARK LIGHTS ON,NO CONTROLS,UNKNOWN,Yes,No Apparent Injury,UNKNOWN,Unknown,Passenger Car,25,2008.0,Honda,CR-V,20,Sunday,10
EJ78710094,250058384,GAITHERSBURG,Property Damage Crash,2025-12-31 18:16:00,Municipality Route,W DEER PARK RD,MUDDY BRANCH RD,Rear To Side,Clear,Dry,Dark - Lighted,Traffic Control Signal,"Not Suspect of Alcohol Use, Not Suspect of Drug Use",No,No Apparent Injury,Not Distracted,MD,Passenger Car,35,2007.0,Honda,CIVIC,18,Wednesday,12
MCP3065002W,190031986,Montgomery County Police,Injury Crash,2019-07-05 13:27:00,Maryland (State),UNIVERSITY BLVD E,RAMP 6 FR IS 495 EB TO MD 193 SB,SAME DIR REAR END,CLEAR,DRY,DAYLIGHT,YIELD SIGN,NONE DETECTED,Yes,No Apparent Injury,LOOKED BUT DID NOT SEE,MD,Passenger Car,35,2016.0,Toyota,SIENNA,13,Friday,7
MCP2923009X,230057237,Montgomery County Police,Injury Crash,2023-09-28 08:45:00,Maryland (State),GEORGIA AVE,PREDELA DR,SAME DIR REAR END,CLOUDY,DRY,DAYLIGHT,NO CONTROLS,NONE DETECTED,No,Suspected Minor Injury,NOT DISTRACTED,MD,(Sport) Utility Vehicle,35,2016.0,Nissan,ROUGE,8,Thursday,9
MCP3006005P,200033004,Montgomery County Police,Property Damage Crash,2020-08-24 07:00:00,County,ARCOLA AVE,UNIVERSITY BLVD W,SAME DIRECTION SIDESWIPE,CLEAR,DRY,DAYLIGHT,NO CONTROLS,NONE DETECTED,Unknown,No Apparent Injury,NOT DISTRACTED,MD,(Sport) Utility Vehicle,30,2008.0,Jeep,COMPASS,7,Monday,8
DD5680000Z,250018556,ROCKVILLE,Property Damage Crash,2025-04-28 17:30:00,Municipality Route,LOFSTRAND LA,SOUTHLAWN LA,Angle,Clear,Dry,Daylight,No Controls,"Not Suspect of Alcohol Use, Not Suspect of Drug Use",Yes,No Apparent Injury,Unknown,MD,Passenger Car,25,2024.0,Nissan,SENTRA,17,Monday,4
MCP2935000N,16002877,Montgomery County Police,Property Damage Crash,2016-01-18 20:26:00,Maryland (State),GEORGIA AVE,COLESVILLE RD,OPPOSITE DIR BOTH LEFT TURN,RAINING,WET,DARK LIGHTS ON,TRAFFIC SIGNAL,NONE DETECTED,No,No Apparent Injury,NOT DISTRACTED,MD,Passenger Car,30,2006.0,Infinity,4S,20,Monday,1
MCP2870001N,16040579,Montgomery County Police,Property Damage Crash,2016-08-10 17:27:00,Maryland (State),NEW HAMPSHIRE AVE,MCCENEY AVE,SAME DIRECTION SIDESWIPE,CLEAR,DRY,DAYLIGHT,NO CONTROLS,NONE DETECTED,Yes,No Apparent Injury,DISTRACTED BY OUTSIDE PERSON OBJECT OR EVENT,PA,Passenger Car,45,2015.0,Niss,ROGUE,17,Wednesday,8
MCP27300025,210022282,Montgomery County Police,Property Damage Crash,2021-06-11 12:40:00,County,AIRCRAFT DR,GERMANTOWN RD,ANGLE MEETS RIGHT TURN,RAINING,WET,DAYLIGHT,STOP SIGN,Unknown,No,No Apparent Injury,NOT DISTRACTED,MD,Pickup Truck,25,2016.0,Toyota,TACOMA,12,Friday,6
MCP2966000S,15035154,MONTGOMERY,Injury Crash,2015-07-17 12:05:00,Maryland (State),INTERCOUNTY CONNECTOR,NEW HAMPSHIRE AVE,HEAD ON LEFT TURN,CLEAR,DRY,DAYLIGHT,TRAFFIC SIGNAL,NONE DETECTED,Yes,Suspected Minor Injury,NOT DISTRACTED,DC,Passenger Car,45,2003.0,Honda,ACCORD,12,Friday,7
MCP3035000X,17015078,Montgomery County Police,Injury Crash,2017-03-24 14:22:00,Maryland (State),QUINCE ORCHARD RD,RAMP 7 FR MD 124 WB TO IS 270 SB,SAME DIR REAR END,CLEAR,DRY,DAYLIGHT,Unknown,NONE DETECTED,Yes,Possible Injury,INATTENTIVE OR LOST IN THOUGHT,MD,"Other Light Trucks (10,000Lbs (4,536Kg) Or Less)",45,1999.0,Dod,DURANGO,14,Friday,3
MCP2059005D,180046255,Montgomery County Police,Property Damage Crash,2018-09-16 10:24:00,Unknown,Unknown,Unknown,OTHER,CLOUDY,Unknown,DAYLIGHT,NO CONTROLS,NONE DETECTED,No,No Apparent Injury,NOT DISTRACTED,MD,Passenger Car,10,2016.0,Mini,COOPER,10,Sunday,9
MCP3086003Y,200004585,Montgomery County Police,Injury Crash,2020-01-28 09:30:00,Maryland (State),MUNCASTER MILL RD,HEATHERFORD CT,HEAD ON,CLEAR,DRY,DAYLIGHT,NO CONTROLS,NONE DETECTED,No,Possible Injury,NOT DISTRACTED,MD,Passenger Car,40,2003.0,Hyundai,SONATA,9,Tuesday,1
MCP2904002D,16038811,Montgomery County Police,Property Damage Crash,2016-07-31 23:36:00,Maryland (State),NEW HAMPSHIRE AVE,RAMP 6 FR IS 495 EB TO MD 650 SB,SAME DIR REAR END,CLEAR,DRY,DARK NO LIGHTS,Unknown,NONE DETECTED,Yes,No Apparent Injury,OTHER DISTRACTION,DC,Passenger Car,0,2006.0,Toyota,SCION,23,Sunday,7
MCP3124003Q,210007751,Montgomery County Police,Property Damage Crash,2021-03-01 13:58:00,County,GRANDVIEW AVE,ENNALLS AVE,OTHER,CLOUDY,DRY,DAYLIGHT,NO CONTROLS,UNKNOWN,Yes,No Apparent Injury,UNKNOWN,MD,Passenger Car,25,2014.0,Chevrolet,EQUINOX,13,Monday,3
MCP32550050,230072430,Montgomery County Police,Property Damage Crash,2023-12-17 19:00:00,Maryland (State),W DIAMOND AVE,EXIT #10,SAME DIRECTION SIDESWIPE,CLEAR,UNKNOWN,DARK LIGHTS ON,TRAFFIC SIGNAL,Unknown,Yes,No Apparent Injury,UNKNOWN,Unknown,Passenger Car,35,2009.0,Cadillac,4D,19,Sunday,12
MCP3122001P,180053755,Montgomery County Police,Injury Crash,2018-10-26 22:25:00,County,FERN ST,PRICE AVE,HEAD ON,RAINING,WET,DARK LIGHTS ON,STOP SIGN,ALCOHOL CONTRIBUTED,Yes,No Apparent Injury,NOT DISTRACTED,MD,Passenger Car,25,2011.0,Jaguar,XJ,22,Friday,10
MCP2771001P,230003226,Montgomery County Police,Property Damage Crash,2023-01-20 07:40:00,County,BAUER DR,NADINE DR,OTHER,CLOUDY,WET,DAYLIGHT,Unknown,UNKNOWN,Yes,No Apparent Injury,UNKNOWN,MD,Passenger Car,25,2022.0,Mazda,CX-30,7,Friday,1
MCP2274000D,15023012,Montgomery County Police,Injury Crash,2015-05-14 10:01:00,County,MIDCOUNTY HWY,SHADY GROVE RD,SAME DIR REAR END,CLEAR,DRY,DAYLIGHT,TRAFFIC SIGNAL,NONE DETECTED,No,No Apparent Injury,UNKNOWN,MD,Passenger Car,45,2010.0,Toyota,COROLLA,10,Thursday,5
MCP3029001D,170532714,Montgomery County Police,Property Damage Crash,2017-09-23 17:40:00,Interstate (State),EISENHOWER MEMORIAL HWY,MONTROSE RD,OTHER,CLEAR,DRY,DAYLIGHT,NO CONTROLS,Unknown,No,No Apparent Injury,NOT DISTRACTED,TN,Passenger Car,55,2008.0,Infiniti,G35,17,Saturday,9
MCP3119003T,220042292,Montgomery County Police,Property Damage Crash,2022-09-28 13:15:00,County,WIGHTMAN RD,MONTGOMERY VILLAGE AVE,SAME DIR REAR END,CLEAR,DRY,DAYLIGHT,TRAFFIC SIGNAL,NONE DETECTED,No,No Apparent Injury,NOT DISTRACTED,MD,Passenger Car,35,2019.0,Chev,TK,13,Wednesday,9
EJ78650058,190062190,Gaithersburg Police Depar,Injury Crash,2019-12-26 17:00:00,County,MUDDY BRANCH RD,HARMONY HALL RD,SAME DIR REAR END,CLEAR,DRY,DUSK,TRAFFIC SIGNAL,NONE DETECTED,No,Suspected Minor Injury,NOT DISTRACTED,MD,Passenger Car,40,2013.0,Toyota,RAV4,17,Thursday,12
MCP26350033,16045585,Montgomery County Police,Property Damage Crash,2016-09-06 16:37:00,Maryland (State),NORBECK RD,COOLIDGE AVE,SAME DIR REAR END,CLEAR,DRY,DAYLIGHT,NO CONTROLS,Unknown,Yes,No Apparent Injury,UNKNOWN,MD,(Sport) Utility Vehicle,40,2012.0,Subaru,OUTBACK,16,Tuesday,9
MCP3341004K,240051749,MONTGOMERY,Injury Crash,2024-10-29 07:41:00,Other Public Roadway,MT EVEREST LA,NORBECK RD,Front to Rear,Clear,Dry,Daylight,No Controls,"Not Suspect of Alcohol Use, Not Suspect of Drug Use",No,No Apparent Injury,Not Distracted,MD,Passenger Car,35,2021.0,Chevrolet,SPARK,7,Tuesday,10
MCP3148003H,210045776,Montgomery County Police,Property Damage Crash,2021-11-11 18:24:00,Unknown,Unknown,Unknown,ANGLE MEETS LEFT HEAD ON,CLEAR,Unknown,DARK NO LIGHTS,NO CONTROLS,NONE DETECTED,No,No Apparent Injury,NOT DISTRACTED,MD,Passenger Car,15,2018.0,Audi,A4,18,Thursday,11
MCP15800030,15015309,Montgomery County Police,Injury Crash,2015-04-03 06:42:00,County,SHADY GROVE RD,BRIARDALE RD,SAME DIR REAR END,CLOUDY,DRY,DAWN,NO CONTROLS,NONE DETECTED,No,No Apparent Injury,NOT DISTRACTED,MD,Passenger Car,45,2001.0,Hond,ACCORD,6,Friday,4
MCP2789002J,16026998,Montgomery County Police,Injury Crash,2016-05-30 21:38:00,US (State),COLESVILLE RD,SLIGO CREEK PKWY,STRAIGHT MOVEMENT ANGLE,CLEAR,DRY,DARK LIGHTS ON,TRAFFIC SIGNAL,Unknown,No,Suspected Minor Injury,NOT DISTRACTED,MD,Passenger Car,35,2000.0,Toyota,4D,21,Monday,5
MCP29910087,230026274,Montgomery County Police,Property Damage Crash,2023-06-01 11:30:00,Unknown,Unknown,Unknown,Unknown,CLEAR,Unknown,DAYLIGHT,Unknown,NONE DETECTED,Yes,No Apparent Injury,NOT DISTRACTED,MD,Passenger Car,5,2002.0,Honda,ACCORD,11,Thursday,6
DD55930014,15023832,Rockville Police Departme,Property Damage Crash,2015-05-18 16:34:00,County,SHADY GROVE RD,W MONTGOMERY AVE,SAME DIR REAR END,CLOUDY,DRY,DAYLIGHT,TRAFFIC SIGNAL,Unknown,Yes,No Apparent Injury,DISTRACTED BY OUTSIDE PERSON OBJECT OR EVENT,MD,Passenger Car,40,2013.0,Ford,FIESTA,16,Monday,5
MCP29040050,180022628,Montgomery County Police,Injury Crash,2018-05-08 15:40:00,County,FLOWER AVE,PLYMOUTH ST,SAME DIRECTION SIDESWIPE,Unknown,DRY,DAYLIGHT,NO CONTROLS,NONE DETECTED,Yes,Possible Injury,UNKNOWN,MD,Passenger Car,30,2011.0,Toyota,4D,15,Tuesday,5
MCP2612001S,17000162,Montgomery County Police,Property Damage Crash,2017-01-01 20:35:00,Maryland (State),GEORGIA AVE,KAYSON ST,SINGLE VEHICLE,CLEAR,DRY,DARK LIGHTS ON,Unknown,ALCOHOL PRESENT,Yes,No Apparent Injury,OTHER DISTRACTION,MD,Passenger Car,45,2014.0,Toyota,RAV4,20,Sunday,1
MCP3095004K,230051902,Montgomery County Police,Property Damage Crash,2023-08-28 19:30:00,County,HEARTFIELDS DR,NEW HAMPSHIRE AVE,SAME DIR REAR END,CLEAR,DRY,DAYLIGHT,TRAFFIC SIGNAL,Unknown,No,No Apparent Injury,NOT DISTRACTED,MD,(Sport) Utility Vehicle,40,2012.0,Subaru,OUTBACK,19,Monday,8
MCP3026009M,230018684,Montgomery County Police,Property Damage Crash,2023-04-19 12:18:00,County,GROSVENOR LA,ENT TO APTS,OTHER,CLEAR,DRY,DAWN,NO CONTROLS,NONE DETECTED,Yes,No Apparent Injury,NOT DISTRACTED,MD,Pickup Truck,15,2013.0,Chevy,SILVERADO,12,Wednesday,4
MCP2898004G,240006198,MONTGOMERY,Property Damage Crash,2024-02-07 17:31:00,Maryland (State) Route,FREDERICK RD,Unknown,"Sideswipe, Same Direction",Clear,Dry,Dusk,No Controls,"Not Suspect of Alcohol Use, Not Suspect of Drug Use",Yes,No Apparent Injury,Talking/listening,MD,Passenger Car,45,2012.0,Hyundai,ELANTRA,17,Wednesday,2
MCP13430006,220014641,Montgomery County Police,Property Damage Crash,2022-04-13 12:05:00,Unknown,Unknown,Unknown,OTHER,Unknown,Unknown,DAYLIGHT,NO CONTROLS,NONE DETECTED,Yes,No Apparent Injury,NOT DISTRACTED,MD,School Bus,5,2017.0,Thomas,BUS,12,Wednesday,4
MCP3052000J,170534347,Montgomery County Police,Property Damage Crash,2017-10-03 15:48:00,Unknown,Unknown,Unknown,SAME DIRECTION SIDESWIPE,CLEAR,Unknown,DAYLIGHT,NO CONTROLS,UNKNOWN,Yes,No Apparent Injury,UNKNOWN,Unknown,Passenger Car,10,2006.0,Dodge,STRATUS,15,Tuesday,10
MCP3414000H,240044555,MONTGOMERY,Property Damage Crash,2024-09-18 17:42:00,County Route,FENTON ST,Unknown,"Sideswipe, Same Direction",Rain,Wet,Daylight,Traffic Control Signal,"Not Suspect of Alcohol Use, Not Suspect of Drug Use",No,No Apparent Injury,Not Distracted,MD,Passenger Car,25,2021.0,Toyota,C-HR,17,Wednesday,9
MCP2702000Y,15039497,MONTGOMERY,Injury Crash,2015-08-08 19:42:00,Maryland (State),16TH ST,EAST WEST HWY,OTHER,Unknown,DRY,DAYLIGHT,TRAFFIC SIGNAL,NONE DETECTED,No,No Apparent Injury,NOT DISTRACTED,NJ,Passenger Car,35,2010.0,Nissan,ALTIMA,19,Saturday,8
MCP3230007F,250033363,MONTGOMERY,Injury Crash,2025-07-26 17:52:00,Unknown,Unknown,Unknown,Front to Rear,Clear,Unknown,Daylight,Unknown,"Not Suspect of Alcohol Use, Not Suspect of Drug Use",Yes,No Apparent Injury,Not Distracted,MD,Passenger Car,0,2007.0,Honda,ODYSSEY,17,Saturday,7
MCP2761005B,240001711,MONTGOMERY,Injury Crash,2024-01-11 11:36:00,Maryland (State) Route,GERMANTOWN RD,CSX TRACK 2 RAIL,"Sideswipe, Same Direction",Clear,Dry,Daylight,No Controls,"Not Suspect of Alcohol Use, Not Suspect of Drug Use",No,Possible Injury,Not Distracted,NE,Passenger Car,40,2016.0,Toyota,SCION IM,11,Thursday,1
MCP1563008K,230024867,Montgomery County Police,Property Damage Crash,2023-05-24 10:10:00,Maryland (State),CONNECTICUT AVE,ROSEMARY ST #2,OTHER,CLEAR,DRY,DAYLIGHT,TRAFFIC SIGNAL,NONE DETECTED,Yes,No Apparent Injury,NOT DISTRACTED,MD,School Bus,30,2017.0,Freightliner,BUS,10,Wednesday,5
MCP2898004M,240011771,MONTGOMERY,Injury Crash,2024-03-11 17:20:00,County Route,OBSERVATION DR,MIDDLEBROOK RD (WB/L),Front to Rear,Clear,Dry,Daylight,Traffic Control Signal,"Not Suspect of Alcohol Use, Not Suspect of Drug Use",Yes,Possible Injury,Unknown,MD,Passenger Car,30,2019.0,Hyundai,ELANTRA,17,Monday,3
MCP2753001Q,16058970,Montgomery County Police,Property Damage Crash,2016-11-16 07:45:00,Maryland (State),GEORGIA AVE,CONNECTICUT AVE,OTHER,CLEAR,DRY,DAYLIGHT,TRAFFIC SIGNAL,NONE DETECTED,No,No Apparent Injury,NOT DISTRACTED,MD,Transit Bus,50,2013.0,Nwfl,BU,7,Wednesday,11
MCP1220008Q,220018081,Montgomery County Police,Injury Crash,2022-04-28 17:15:00,County,LOCKWOOD DR,HEATHER HOLLOW CIR,STRAIGHT MOVEMENT ANGLE,CLEAR,DRY,DAYLIGHT,NO CONTROLS,NONE DETECTED,Yes,No Apparent Injury,UNKNOWN,MD,Passenger Car,25,2015.0,Hyundai,ELANTRA,17,Thursday,4
MCP291700CG,230059841,Montgomery County Police,Property Damage Crash,2023-10-11 12:00:00,Maryland (State),GEORGIA AVE,SHOREFIELD RD,HEAD ON LEFT TURN,CLEAR,DRY,DAYLIGHT,TRAFFIC SIGNAL,NONE DETECTED,Unknown,No Apparent Injury,NOT DISTRACTED,MD,Passenger Car,35,2015.0,Toyota,RAV4,12,Wednesday,10
MCP25860075,240006877,MONTGOMERY,Property Damage Crash,2024-02-11 19:00:00,County Route,BRINK RD,Unknown,Front to Front,Clear,Dry,Dark - Not Lighted,No Controls,"Not Suspect of Alcohol Use, Not Suspect of Drug Use",No,No Apparent Injury,Not Distracted,NY,Passenger Car,40,2022.0,Toyota,CAMRY,19,Sunday,2
DD56570027,240034932,ROCKVILLE,Property Damage Crash,2024-07-24 12:25:00,Maryland (State) Route,FREDERICK RD,Unknown,Unknown,Cloudy,Dry,Daylight,Lane Use Control Signal,"Not Suspect of Alcohol Use, Not Suspect of Drug Use",Yes,No Apparent Injury,Not Distracted,MD,Sport Utility Vehicle,35,2012.0,Honda,CR-V,12,Wednesday,7
MCP2892007B,190059334,Montgomery County Police,Injury Crash,2019-12-09 15:09:00,Maryland (State),GEORGIA AVE,FOREST GLEN RD,SAME DIR REAR END,RAINING,WET,DAYLIGHT,Unknown,NONE DETECTED,Yes,No Apparent Injury,NOT DISTRACTED,MD,Passenger Car,35,2006.0,Ford,TK,15,Monday,12
MCP32620019,210049007,Montgomery County Police,Injury Crash,2021-12-02 21:40:00,County,CHERRY HILL RD,CALVERTON BLVD,HEAD ON LEFT TURN,CLEAR,DRY,DARK LIGHTS ON,TRAFFIC SIGNAL,NONE DETECTED,No,No Apparent Injury,NOT DISTRACTED,MD,Ambulance/Emergency,40,2006.0,Ford,F350,21,Thursday,12
MCP30400045,190049639,Montgomery County Police,Property Damage Crash,2019-10-16 15:11:00,County,RANDOLPH RD,KEMP MILL RD,SINGLE VEHICLE,RAINING,WET,DAYLIGHT,TRAFFIC SIGNAL,NONE DETECTED,Yes,No Apparent Injury,NOT DISTRACTED,MD,Passenger Car,45,1999.0,Lincoln,4S,15,Wednesday,10
MCP27300009,15030428,Montgomery County Police,Injury Crash,2015-06-22 13:30:00,Maryland (State),GERMANTOWN RD,WISTERIA DR,HEAD ON LEFT TURN,Unknown,DRY,DAYLIGHT,TRAFFIC SIGNAL,Unknown,No,Possible Injury,NOT DISTRACTED,MD,Passenger Car,35,2013.0,Chevy,IMPALA,13,Monday,6
MCP2526002H,230007414,Montgomery County Police,Property Damage Crash,2023-02-14 01:18:00,County,AVERY RD,DIMES RD,SINGLE VEHICLE,CLEAR,DRY,DARK NO LIGHTS,NO CONTROLS,Unknown,Yes,No Apparent Injury,UNKNOWN,MD,Passenger Car,25,2015.0,Volk,JETTA,1,Tuesday,2
DD5663000Q,240002312,ROCKVILLE,Injury Crash,2024-01-15 06:09:00,Ramp,RAMP 5 FR IS 270 SB TO MD 28 EB,Unknown,Front to Rear,Snow,Ice/Frost,Dark - Lighted,Traffic Control Signal,"Not Suspect of Alcohol Use, Not Suspect of Drug Use",No,Suspected Minor Injury,Not Distracted,MD,Passenger Car,20,2020.0,Toyota,COROLLA,6,Monday,1
MCP2852001X,190034403,Montgomery County Police,Property Damage Crash,2019-07-19 20:44:00,Maryland (State),GERMANTOWN RD,MIDDLEBROOK RD,SAME DIR REAR END,CLEAR,DRY,DARK LIGHTS ON,TRAFFIC SIGNAL,NONE DETECTED,No,No Apparent Injury,NOT DISTRACTED,MD,Passenger Car,40,2013.0,Volkswagon,TIGUAN,20,Friday,7
MCP285900FB,230068638,Montgomery County Police,Property Damage Crash,2023-11-28 06:30:00,Unknown,Unknown,Unknown,OTHER,CLOUDY,Unknown,DARK LIGHTS ON,NO CONTROLS,NONE DETECTED,No,No Apparent Injury,NOT DISTRACTED,MD,Passenger Car,25,2006.0,Infi,SEDAN,6,Tuesday,11
MCP24010018,200006583,Montgomery County Police,Injury Crash,2020-02-09 02:30:00,County,AVERY RD,SOUTHLAWN LA,SINGLE VEHICLE,CLEAR,ICE,DARK NO LIGHTS,NO CONTROLS,NONE DETECTED,Yes,Suspected Minor Injury,UNKNOWN,MD,Passenger Car,25,2019.0,Subaru,STI,2,Sunday,2
MCP28770038,17006165,Montgomery County Police,Injury Crash,2017-02-04 14:20:00,Maryland (State),GEORGIA AVE,CAMERON ST,SAME DIR REAR END,CLEAR,DRY,DAYLIGHT,NO CONTROLS,NONE DETECTED,Yes,No Apparent Injury,OTHER DISTRACTION,MD,Passenger Car,35,2014.0,Bmw,328IX,14,Saturday,2
MCP27710023,230019731,Montgomery County Police,Property Damage Crash,2023-04-25 12:01:00,Maryland (State),NORBECK RD,BALTIMORE RD,OTHER,CLEAR,DRY,DAYLIGHT,TRAFFIC SIGNAL,Unknown,Yes,No Apparent Injury,INATTENTIVE OR LOST IN THOUGHT,MD,Passenger Car,35,2014.0,Niss,VERSA,12,Tuesday,4
MCP3023000S,170514904,Montgomery County Police,Injury Crash,2017-06-21 10:00:00,County,ARCOLA AVE,KENBROOK DR,SAME DIR REAR END,CLEAR,DRY,DAYLIGHT,OTHER,NONE DETECTED,No,No Apparent Injury,NOT DISTRACTED,MD,"Cargo Van/Light Truck 2 Axles (Over 10,000Lbs (4,536 Kg))",25,2014.0,Frht,TK,10,Wednesday,6
MCP3026002Y,180024224,Montgomery County Police,Property Damage Crash,2018-05-17 10:57:00,County,EDGEMOOR LA,WOODMONT AVE,OTHER,RAINING,WET,DAYLIGHT,NO CONTROLS,UNKNOWN,Yes,No Apparent Injury,UNKNOWN,Unknown,Passenger Car,5,2008.0,Mazda,M3,10,Thursday,5
MCP2603003H,210011524,Montgomery County Police,Injury Crash,2021-03-27 14:46:00,Municipality,CHRISTOPHER AVE,FREDERICK RD,ANGLE MEETS LEFT TURN,CLEAR,DRY,DAYLIGHT,NO CONTROLS,Unknown,No,Possible Injury,NOT DISTRACTED,MD,Passenger Car,30,2012.0,Hond,4S,14,Saturday,3
MCP1151004R,16027052,Montgomery County Police,Injury Crash,2016-05-31 08:30:00,Maryland (State),FREDERICK RD,SHAKESPEARE BLVD,HEAD ON LEFT TURN,CLEAR,DRY,DAYLIGHT,TRAFFIC SIGNAL,NONE DETECTED,Yes,No Apparent Injury,UNKNOWN,MD,(Sport) Utility Vehicle,45,2011.0,Chev,TRAVERSE,8,Tuesday,5
MCP32800075,250032683,MONTGOMERY,Injury Crash,2025-07-22 13:27:00,County Route,LANARK WAY,COLESVILLE RD,Front to Rear,Clear,Dry,Daylight,Traffic Control Signal,"Not Suspect of Alcohol Use, Not Suspect of Drug Use",Yes,Possible Injury,Unknown,MD,Passenger Car,40,2014.0,Acura,RLX,13,Tuesday,7