Report Number,Local Case Number,Agency Name,ACRS Report Type,Crash Date/Time,Route Type,Road Name,Cross-Street Name,Collision Type,Weather,Surface Condition,Light,Traffic Control,Driver Substance Abuse,Driver At Fault,Injury Severity,Driver Distracted By,Drivers License State,Vehicle Body Type,Speed Limit,Vehicle Year,Vehicle Make,Vehicle Model,Crash Hour,Crash Day,Crash Month
MCP2356001W,210027643,Montgomery County Police,Property Damage Crash,2021-07-17 16:21:00,Maryland (State),HUNGERFORD DR,MANNAKEE ST,ANGLE MEETS LEFT HEAD ON,RAINING,WET,DAYLIGHT,TRAFFIC SIGNAL,Unknown,No,No Apparent Injury,NOT DISTRACTED,MD,Passenger Car,25,2006.0,Hyundai,AZERA,16,Saturday,7
MCP32290016,210032489,Montgomery County Police,Property Damage Crash,2021-08-19 14:51:00,Unknown,Unknown,Unknown,OTHER,CLEAR,Unknown,DAYLIGHT,NO CONTROLS,Unknown,No,No Apparent Injury,NOT DISTRACTED,MD,Passenger Car,0,2016.0,Nissan,MAXIMA,14,Thursday,8
MCP2633001H,210001140,Montgomery County Police,Property Damage Crash,2021-01-09 18:33:00,County,MUDDY BRANCH RD,ENT TO MUDDY BRANCH SQUARE,STRAIGHT MOVEMENT ANGLE,CLEAR,DRY,DARK LIGHTS ON,STOP SIGN,NONE DETECTED,No,No Apparent Injury,UNKNOWN,MD,Passenger Car,25,2020.0,Toyt,RAV4 TK,18,Saturday,1
MCP3069001D,190035675,Montgomery County Police,Property Damage Crash,2019-07-26 21:52:00,Maryland (State),ROCKVILLE PIKE,NICHOLSON LA,STRAIGHT MOVEMENT ANGLE,CLEAR,DRY,DARK LIGHTS ON,TRAFFIC SIGNAL,NONE DETECTED,Yes,No Apparent Injury,INATTENTIVE OR LOST IN THOUGHT,MD,Passenger Car,35,2006.0,Toyt,4S,21,Friday,7
MCP3249000P,200037890,Montgomery County Police,Property Damage Crash,2020-09-26 15:43:00,Unknown,Unknown,Unknown,OTHER,CLEAR,Unknown,DAYLIGHT,NO CONTROLS,UNKNOWN,Yes,No Apparent Injury,UNKNOWN,Unknown,Passenger Car,5,2004.0,Ford,MUSTANG,15,Saturday,9
MCP3141000W,190009450,Montgomery County Police,Injury Crash,2019-02-28 02:50:00,US (State),COLUMBIA PIKE,SANDY SPRING RD,STRAIGHT MOVEMENT ANGLE,CLEAR,DRY,DARK LIGHTS ON,FLASHING TRAFFIC SIGNAL,NONE DETECTED,No,Suspected Minor Injury,NOT DISTRACTED,MD,Passenger Car,30,2005.0,Nissan,SENTRA,2,Thursday,2
MCP2365001P,200030352,Montgomery County Police,Property Damage Crash,2020-08-05 08:23:00,County,BRIGGS CHANEY RD,ASTON MANOR DR,SAME DIRECTION SIDESWIPE,CLEAR,DRY,DAYLIGHT,NO CONTROLS,NONE DETECTED,Yes,No Apparent Injury,NOT DISTRACTED,MD,Passenger Car,35,2008.0,Hyun,4S,8,Wednesday,8
DD5676001D,250052470,ROCKVILLE,Property Damage Crash,2025-11-22 17:50:00,Municipality Route,TWINBROOK PKWY,MARSHALL AVE,Front to Rear,Clear,Dry,Dark - Lighted,No Controls,"Not Suspect of Alcohol Use, Not Suspect of Drug Use",Yes,No Apparent Injury,Not Distracted,MD,Passenger Car,25,2012.0,Lexus,ES,17,Saturday,11
MCP20160072,230017423,Montgomery County Police,Property Damage Crash,2023-04-12 12:11:00,Municipality,W EDMONSTON DR,ROCKVILLE PIKE,HEAD ON LEFT TURN,CLEAR,DRY,DAYLIGHT,NO CONTROLS,Unknown,No,No Apparent Injury,NOT DISTRACTED,MD,Police Vehicle/Non Emergency,25,2018.0,Ford,4S,12,Wednesday,4
MCP2420000P,15005938,Montgomery County Police,Property Damage Crash,2015-02-06 18:28:00,Unknown,Unknown,Unknown,OTHER,Unknown,Unknown,DARK LIGHTS ON,NO CONTROLS,Unknown,Yes,No Apparent Injury,NOT DISTRACTED,MD,Passenger Car,10,2008.0,Hyun,2S,18,Friday,2
MCP28990033,190040035,Montgomery County Police,Property Damage Crash,2019-08-21 17:30:00,County,RIDGE RD,OBSERVATION DR,SAME DIR REAR END,CLOUDY,WET,DAYLIGHT,TRAFFIC SIGNAL,NONE DETECTED,No,No Apparent Injury,NOT DISTRACTED,MD,Passenger Car,45,2006.0,Honda,ODYSSEY,17,Wednesday,8
MCP32800078,250034832,MONTGOMERY,Property Damage Crash,2025-08-05 13:50:00,Unknown,Unknown,Unknown,"Sideswipe, Same Direction",Clear,Unknown,Daylight,Unknown,"Not Suspect of Alcohol Use, Not Suspect of Drug Use",No,No Apparent Injury,Not Distracted,MD,Passenger Car,0,2025.0,Nissan,VERSA,13,Tuesday,8
MCP3112006D,230073021,Montgomery County Police,Property Damage Crash,2023-12-21 17:15:00,Maryland (State),OLD GEORGETOWN RD,TUCKERMAN LA,SAME DIR REAR END,CLEAR,DRY,DARK NO LIGHTS,NO CONTROLS,NONE DETECTED,No,No Apparent Injury,NOT DISTRACTED,MD,Passenger Car,35,2015.0,Nissan,ALTIMA,17,Thursday,12
MCP20590034,16057232,Montgomery County Police,Property Damage Crash,2016-11-06 10:31:00,County,CEDAR LA,ROCKVILLE PIKE,SAME DIRECTION SIDESWIPE,CLEAR,DRY,DAYLIGHT,TRAFFIC SIGNAL,UNKNOWN,Yes,No Apparent Injury,UNKNOWN,Unknown,Passenger Car,30,1990.0,Toyota,COROLLA,10,Sunday,11
MCP3337002K,240018815,MONTGOMERY,Property Damage Crash,2024-04-22 16:39:00,Maryland (State) Route,VEIRS MILL RD,Unknown,Front to Rear,Clear,Dry,Daylight,Traffic Control Signal,"Not Suspect of Alcohol Use, Not Suspect of Drug Use",No,No Apparent Injury,Not Distracted,MD,Passenger Car,40,1999.0,Honda,ACCORD,16,Monday,4
MCP30000009,16001108,Montgomery County Police,Injury Crash,2016-01-07 08:25:00,Maryland (State),GERMANTOWN RD,LEAMAN FARM RD,HEAD ON,CLEAR,DRY,DAYLIGHT,NO CONTROLS,NONE DETECTED,No,No Apparent Injury,NOT DISTRACTED,MD,Passenger Car,45,2003.0,Toyota,4RUNNER,8,Thursday,1
MCP3145000B,180045189,Montgomery County Police,Property Damage Crash,2018-09-15 16:40:00,County,RANDOLPH RD,NEW HAMPSHIRE AVE,SAME DIR REAR END,RAINING,WET,DAYLIGHT,Unknown,NONE DETECTED,No,No Apparent Injury,NOT DISTRACTED,MD,Passenger Car,35,2016.0,Toyota,CAMRY,16,Saturday,9
MCP1048004J,190022590,Montgomery County Police,Injury Crash,2019-05-13 17:20:00,County,MONTROSE RD,SEVEN LOCKS RD,ANGLE MEETS RIGHT TURN,CLOUDY,WET,DAYLIGHT,TRAFFIC SIGNAL,NONE DETECTED,No,Possible Injury,NOT DISTRACTED,MD,Other,35,2007.0,Hond,4S,17,Monday,5
MCP2689000Z,15030812,Montgomery County Police,Injury Crash,2015-06-24 14:19:00,County,PINEY MEETINGHOUSE RD,CAVANAUGH DR,STRAIGHT MOVEMENT ANGLE,CLEAR,DRY,DAYLIGHT,FLASHING TRAFFIC SIGNAL,NONE DETECTED,Unknown,Suspected Minor Injury,UNKNOWN,MD,Passenger Car,30,2014.0,Toyota,COROLLA,14,Wednesday,6
MCP2752001N,170505538,Montgomery County Police,Property Damage Crash,2017-05-02 19:30:00,County,SANGAMORE RD,WALHONDING RD,STRAIGHT MOVEMENT ANGLE,CLEAR,DRY,DAYLIGHT,STOP SIGN,Unknown,No,No Apparent Injury,NOT DISTRACTED,VA,Passenger Car,25,2002.0,Honda,CIVIC,19,Tuesday,5
MCP1389000V,16042176,Montgomery County Police,Injury Crash,2016-08-19 19:27:00,Maryland (State),MONTGOMERY VILLAGE AVE,RUSSELL AVE,SAME DIR REAR END,CLEAR,DRY,DAYLIGHT,NO CONTROLS,NONE DETECTED,No,No Apparent Injury,NOT DISTRACTED,MD,Passenger Car,35,2015.0,Chev,4S,19,Friday,8
MCP3026009C,230012639,Montgomery County Police,Property Damage Crash,2023-03-15 15:28:00,Maryland (State),RIVER RD,PERSIMMON TREE RD,SAME DIR REAR END,CLEAR,DRY,DAYLIGHT,NO CONTROLS,NONE DETECTED,No,No Apparent Injury,NOT DISTRACTED,MD,Passenger Car,35,2011.0,Toyt,PRIUS,15,Wednesday,3
MCP3237001N,250008993,MONTGOMERY,Injury Crash,2025-02-28 22:54:00,County Route,SHADY GROVE RD (SB/L),KEY WEST AVE (WB/L),Other,Clear,Dry,Dark - Lighted,Traffic Control Signal,"Not Suspect of Alcohol Use, Not Suspect of Drug Use",No,Possible Injury,Not Distracted,MD,Passenger Car,40,2015.0,Hyundai,SONATA,22,Friday,2
MCP94290010,240046269,MONTGOMERY,Property Damage Crash,2024-09-27 20:37:00,Maryland (State) Route,Unknown,COLESVILLE RD (WB/L),"Sideswipe, Same Direction",Clear,Dry,Dark - Lighted,"Other Pavement Marking (excluding edgelines, centerlines, or lane lines)","Not Suspect of Alcohol Use, Not Suspect of Drug Use",Yes,No Apparent Injury,Not Distracted,MD,Sport Utility Vehicle,25,2023.0,Toyota,HIGHLANDER,20,Friday,9
MCP24200065,250029230,MONTGOMERY,Property Damage Crash,2025-07-01 12:00:00,Unknown,Unknown,Unknown,"Sideswipe, Opposite Direction",Clear,Unknown,Daylight,Unknown,"Unknown, Unknown",No,No Apparent Injury,Not Distracted,Unknown,Passenger Car,0,2023.0,Kia,SORENTO,12,Tuesday,7
MCP22860039,200039239,Montgomery County Police,Property Damage Crash,2020-10-05 20:25:00,Unknown,Unknown,Unknown,OTHER,CLEAR,Unknown,DARK LIGHTS ON,Unknown,NONE DETECTED,Yes,No Apparent Injury,OTHER DISTRACTION,MD,Passenger Car,10,2015.0,Mercrdez Benz,S550,20,Monday,10
MCP30030018,170502375,Montgomery County Police,Property Damage Crash,2017-04-16 19:36:00,Maryland (State),FREDERICK RD,GARDNER PL,SINGLE VEHICLE,CLEAR,DRY,DAYLIGHT,NO CONTROLS,ALCOHOL PRESENT,Yes,No Apparent Injury,UNKNOWN,MD,Passenger Car,40,1998.0,Jeep,CHEROKEE,19,Sunday,4
MCP9390001S,200007366,Montgomery County Police,Property Damage Crash,2020-02-13 15:50:00,Maryland (State),QUINCE ORCHARD RD,FIRSTFIELD RD,HEAD ON LEFT TURN,RAINING,WET,DAYLIGHT,TRAFFIC SIGNAL,Unknown,Yes,No Apparent Injury,LOOKED BUT DID NOT SEE,MD,Passenger Car,35,2017.0,Volks,TIQUAN,15,Thursday,2
MCP3113006F,240030757,MONTGOMERY,Property Damage Crash,2024-06-29 14:33:00,Maryland (State) Route,UNIVERSITY BLVD E,Unknown,"Sideswipe, Same Direction",Clear,Dry,Daylight,No Controls,"Unknown, Unknown",No,Unknown,Unknown,Unknown,Passenger Car,30,2020.0,Ford,EDGE,14,Saturday,6
DM83380005,15030419,Takoma Park Police Depart,Property Damage Crash,2015-06-22 12:50:00,Unknown,Unknown,Unknown,OTHER,CLEAR,Unknown,DAYLIGHT,Unknown,Unknown,Yes,No Apparent Injury,NOT DISTRACTED,MD,(Sport) Utility Vehicle,15,2010.0,Honda,CRV,12,Monday,6
MCP3376001R,240035322,MONTGOMERY,Property Damage Crash,2024-07-26 16:02:00,Maryland (State) Route,UNIVERSITY BLVD W,VALLEY VIEW AVE,Front to Rear,Clear,Dry,Daylight,Traffic Control Signal,"Not Suspect of Alcohol Use, Not Suspect of Drug Use",No,No Apparent Injury,Not Distracted,MD,Passenger Car,25,2023.0,Toyota,CAMRY,16,Friday,7
MCP27030029,180042924,Montgomery County Police,Property Damage Crash,2018-08-27 18:00:00,Unknown,Unknown,Unknown,UNKNOWN,CLEAR,Unknown,DAYLIGHT,NO CONTROLS,Unknown,No,No Apparent Injury,NOT DISTRACTED,MD,Passenger Car,15,2016.0,Honda,VAN,18,Monday,8
MCP2783006B,250007464,MONTGOMERY,Property Damage Crash,2025-02-19 20:12:00,Maryland (State) Route,SPENCERVILLE RD (WB/L),NEW HAMPSHIRE AVE (SB/L) NORBECK RD (WB/L),Angle,Clear,Dry,Dark - Lighted,Traffic Control Signal,"Not Suspect of Alcohol Use, Not Suspect of Drug Use",No,No Apparent Injury,Not Distracted,MD,Passenger Car,40,2010.0,Mitsubishi,LANCER,20,Wednesday,2
MCP1099002D,190012154,Montgomery County Police,Property Damage Crash,2019-03-16 09:37:00,County,BEECHCRAFT AVE,MOONEY DR,STRAIGHT MOVEMENT ANGLE,CLEAR,DRY,DAYLIGHT,STOP SIGN,NONE DETECTED,Unknown,No Apparent Injury,UNKNOWN,MD,Passenger Car,30,2017.0,Niss,VERSA,9,Saturday,3
DD56330014,190002526,Rockville Police Departme,Injury Crash,2019-01-16 16:25:00,Maryland (State),ROCKVILLE PIKE,TEMPLETON PL,STRAIGHT MOVEMENT ANGLE,CLEAR,DRY,DAYLIGHT,TRAFFIC SIGNAL,NONE DETECTED,Yes,No Apparent Injury,NOT DISTRACTED,MD,Passenger Car,35,2010.0,Hinda,ACCORD,16,Wednesday,1
MCP33520021,240040774,MONTGOMERY,Property Damage Crash,2024-08-28 14:56:00,County Route,Unknown,Unknown,Front to Rear,Clear,Dry,Daylight,No Controls,"Not Suspect of Alcohol Use, Not Suspect of Drug Use",Yes,No Apparent Injury,Unknown,MD,Passenger Car,30,2011.0,Cadillac,ESCALADE,14,Wednesday,8
MCP3107001S,220030296,Montgomery County Police,Property Damage Crash,2022-07-14 17:46:00,County,TWINBROOK PKWY,VEIRS MILL RD,OTHER,CLEAR,DRY,DAYLIGHT,TRAFFIC SIGNAL,NONE DETECTED,No,No Apparent Injury,NOT DISTRACTED,MD,Passenger Car,35,2021.0,Chevrolet,TAHOE,17,Thursday,7
MCP27890014,15035444,MONTGOMERY,Injury Crash,2015-07-18 20:53:00,Maryland (State),GEORGIA AVE,BELVEDERE BLVD,SAME DIR REAR END,CLEAR,DRY,DARK LIGHTS ON,NO CONTROLS,Unknown,No,Suspected Minor Injury,NOT DISTRACTED,DC,Passenger Car,35,2002.0,Ford,4D,20,Saturday,7
MCP2311001F,16005783,Montgomery County Police,Property Damage Crash,2016-02-04 08:10:00,County,GOSHEN RD,EAST VILLAGE AVE,HEAD ON LEFT TURN,CLOUDY,WET,DAYLIGHT,TRAFFIC SIGNAL,Unknown,Yes,No Apparent Injury,NOT DISTRACTED,MD,School Bus,35,2002.0,American,SCHOOL BUS,8,Thursday,2
DD5636002G,200024691,Rockville Police Departme,Property Damage Crash,2020-06-24 14:15:00,Maryland (State),ROCKVILLE PIKE,FIRST ST,SAME DIRECTION SIDESWIPE,CLEAR,DRY,DAYLIGHT,TRAFFIC SIGNAL,NONE DETECTED,Yes,No Apparent Injury,LOOKED BUT DID NOT SEE,MD,"Medium/Heavy Trucks 3 Axles (Over 10,000Lbs (4,536Kg))",35,2016.0,Mack,MCNEILUS,14,Wednesday,6
MCP20550035,210025522,Montgomery County Police,Injury Crash,2021-07-03 08:30:00,Municipality,WATKINS MILL RD,FREDERICK RD,OTHER,CLEAR,DRY,DAYLIGHT,TRAFFIC SIGNAL,NONE DETECTED,Yes,No Apparent Injury,UNKNOWN,MD,Passenger Car,40,2014.0,Audi,A4,8,Saturday,7
MCP2361003F,250032532,MONTGOMERY,Injury Crash,2025-07-21 16:20:00,Spur,Unknown,Unknown,Front to Rear,Clear,Dry,Daylight,Traffic Control Signal,"Not Suspect of Alcohol Use, Not Suspect of Drug Use",No,Possible Injury,Not Distracted,MD,Passenger Car,45,2008.0,Honda,ACCORD,16,Monday,7
MCP3301003Q,250054207,MONTGOMERY,Property Damage Crash,2025-12-04 05:32:00,US (State),COLUMBIA PIKE,NORTHWEST DR,Angle,Clear,Dry,Dark - Lighted,No Controls,"Not Suspect of Alcohol Use, Not Suspect of Drug Use",Yes,No Apparent Injury,Unknown,MD,Passenger Car,45,2022.0,Kia,EV6,5,Thursday,12
EJ79030019,240041317,GAITHERSBURG,Property Damage Crash,2024-08-31 19:10:00,Maryland (State) Route,Unknown,Unknown,Angle,Rain,Wet,Dark - Lighted,No Controls,"Not Suspect of Alcohol Use, Not Suspect of Drug Use",No,No Apparent Injury,Not Distracted,MD,Pickup,35,2006.0,Chevrolet,SILVERADO,19,Saturday,8
MCP94280014,16025981,Montgomery County Police,Injury Crash,2016-05-25 12:28:00,County,CENTURY BLVD,CLOVERLEAF CENTER DR,SAME DIRECTION SIDESWIPE,CLEAR,DRY,DAYLIGHT,NO CONTROLS,MEDICATION PRESENT,Yes,Suspected Minor Injury,OTHER DISTRACTION,MD,(Sport) Utility Vehicle,40,1998.0,Toyota,4 RUNNER,12,Wednesday,5
MCP30190027,180062815,Montgomery County Police,Injury Crash,2018-12-16 16:59:00,Maryland (State),RIVER RD,NEVIS RD,HEAD ON LEFT TURN,Unknown,WET,DARK LIGHTS ON,TRAFFIC SIGNAL,NONE DETECTED,Yes,No Apparent Injury,UNKNOWN,MD,Passenger Car,45,2011.0,Chev,TK,16,Sunday,12
MCP2977005Z,190028926,Montgomery County Police,Property Damage Crash,2019-06-17 13:51:00,Maryland (State),NEW HAMPSHIRE AVE,ADELPHI RD,SAME DIR REAR END,CLOUDY,DRY,DAYLIGHT,NO CONTROLS,Unknown,No,No Apparent Injury,NOT DISTRACTED,MD,Passenger Car,0,2003.0,Mits,ECLIP,13,Monday,6
MCP21910039,200010760,Montgomery County Police,Property Damage Crash,2020-03-04 13:08:00,County,GROSVENOR LA,KING CHARLES WAY,OTHER,CLEAR,DRY,DAYLIGHT,STOP SIGN,NONE DETECTED,No,No Apparent Injury,NOT DISTRACTED,MD,Transit Bus,25,2009.0,Gilig,BUS,13,Wednesday,3
MCP2493000G,15000121,Montgomery County Police,Injury Crash,2015-01-01 15:18:00,Maryland (State),WOODFIELD RD,FIELDCREST RD,SAME DIR REAR END,CLEAR,DRY,DAYLIGHT,NO CONTROLS,NONE DETECTED,Yes,No Apparent Injury,UNKNOWN,MD,Passenger Car,40,2002.0,Merz,ML320,15,Thursday,1
MCP1202002L,170523449,Montgomery County Police,Property Damage Crash,2017-08-07 08:49:00,County,TUSCARAWAS RD,WALHONDING RD,ANGLE MEETS LEFT HEAD ON,RAINING,WET,DAYLIGHT,STOP SIGN,NONE DETECTED,Unknown,No Apparent Injury,NOT DISTRACTED,MD,Passenger Car,25,2013.0,Infiniti,JX35,8,Monday,8
MCP30350033,220042412,Montgomery County Police,Property Damage Crash,2022-09-28 22:48:00,County,GOSHEN RD,EMORY GROVE RD,SINGLE VEHICLE,CLEAR,DRY,DARK NO LIGHTS,NO CONTROLS,NONE DETECTED,Yes,No Apparent Injury,UNKNOWN,MD,Passenger Car,35,2013.0,Volks,JETTA,22,Wednesday,9
MCP28990017,16049246,Montgomery County Police,Property Damage Crash,2016-09-25 00:20:00,Unknown,Unknown,Unknown,OTHER,CLEAR,Unknown,DARK LIGHTS ON,NO CONTROLS,NONE DETECTED,No,No Apparent Injury,NOT DISTRACTED,MD,Passenger Car,5,2016.0,Toyota,CAMRY,0,Sunday,9
MCP2048000V,16054441,Montgomery County Police,Property Damage Crash,2016-10-22 16:36:00,US (State),COLUMBIA PIKE,GREENCASTLE RD,SAME DIR REAR END,CLEAR,DRY,DAYLIGHT,TRAFFIC SIGNAL,NONE DETECTED,Yes,No Apparent Injury,NOT DISTRACTED,PA,Passenger Car,50,2006.0,Ford,FREESTAR,16,Saturday,10
MCP25580007,15035913,MONTGOMERY,Injury Crash,2015-07-21 15:37:00,Maryland (State),VEIRS MILL RD,FERRARA AVE,SAME DIR REAR END,CLEAR,DRY,DAYLIGHT,TRAFFIC SIGNAL,NONE DETECTED,No,No Apparent Injury,NOT DISTRACTED,MD,Passenger Car,35,2004.0,Buick,LESABRE,15,Tuesday,7
MCP28480054,170528599,Montgomery County Police,Property Damage Crash,2017-09-04 09:02:00,Maryland (State),ROCKVILLE PIKE,ALTA VISTA RD,HEAD ON LEFT TURN,CLEAR,DRY,DAYLIGHT,TRAFFIC SIGNAL,NONE DETECTED,Yes,No Apparent Injury,NOT DISTRACTED,MD,Passenger Car,35,2010.0,Honda,CR-V,9,Monday,9
MCP2372001Y,190022217,Montgomery County Police,Injury Crash,2019-05-11 09:03:00,Interstate (State),CAPITAL BELTWAY,RAMP 6 FR IS 495 EB TO MD 187 SB,SAME DIR REAR END,CLEAR,DRY,DAYLIGHT,YIELD SIGN,NONE DETECTED,Yes,No Apparent Injury,LOOKED BUT DID NOT SEE,VA,(Sport) Utility Vehicle,35,2016.0,Jeep,CHEROKEE LIMITED,9,Saturday,5
MCP26410029,220016543,Montgomery County Police,Property Damage Crash,2022-04-19 09:30:00,Maryland (State),RIDGE RD,DAVIS MILL RD,STRAIGHT MOVEMENT ANGLE,CLOUDY,DRY,DAYLIGHT,NO CONTROLS,NONE DETECTED,No,No Apparent Injury,NOT DISTRACTED,MD,Van,45,2015.0,Hond,VN,9,Tuesday,4
MCP29740021,180061073,Montgomery County Police,Injury Crash,2018-12-06 18:06:00,Maryland (State),NEW HAMPSHIRE AVE,NORTHAMPTON DR,STRAIGHT MOVEMENT ANGLE,CLEAR,DRY,DARK LIGHTS ON,TRAFFIC SIGNAL,NONE DETECTED,Unknown,No Apparent Injury,NOT DISTRACTED,MD,Passenger Car,40,2007.0,Toyota,TK,18,Thursday,12
MCP3380003P,250045402,MONTGOMERY,Property Damage Crash,2025-10-09 12:47:00,Maryland (State) Route,UNIVERSITY BLVD W,Unknown,"Sideswipe, Same Direction",Clear,Dry,Daylight,No Controls,"Unknown, Unknown",No,Unknown,Unknown,Unknown,Passenger Car,30,2026.0,Kia,SPORTAGE,12,Thursday,10
MCP91300030,17015609,Montgomery County Police,Injury Crash,2017-03-27 15:09:00,County,ADELPHI RD,NEW HAMPSHIRE AVE,SAME DIRECTION RIGHT TURN,CLEAR,DRY,DAYLIGHT,TRAFFIC SIGNAL,NONE DETECTED,Yes,No Apparent Injury,LOOKED BUT DID NOT SEE,PA,Truck Tractor,40,2013.0,Mack,TT,15,Monday,3
MCP137800M9,180043308,Montgomery County Police,Property Damage Crash,2018-08-30 17:23:00,Maryland (State),KEY WEST AVE,CROSSOVER,SAME DIR REAR END,CLOUDY,DRY,DAYLIGHT,NO CONTROLS,NONE DETECTED,No,No Apparent Injury,NOT DISTRACTED,MD,Van,40,2017.0,Toyota,SIENNA,17,Thursday,8
MCP29050022,16057501,Montgomery County Police,Property Damage Crash,2016-11-07 20:31:00,Maryland (State),RIVER RD,BURDETTE RD,SAME DIR REAR END,CLEAR,DRY,DARK NO LIGHTS,NO CONTROLS,Unknown,No,No Apparent Injury,NOT DISTRACTED,OH,Passenger Car,45,2015.0,Volks,4S,20,Monday,11
MCP2936004M,210034979,Montgomery County Police,Property Damage Crash,2021-09-06 15:00:00,Maryland (State),ROCKVILLE PIKE,STRATHMORE AVE,STRAIGHT MOVEMENT ANGLE,CLEAR,DRY,DAYLIGHT,TRAFFIC SIGNAL,NONE DETECTED,No,No Apparent Injury,NOT DISTRACTED,MD,Passenger Car,40,2015.0,Hyun,ELANTRA,15,Monday,9
MCP0899003X,190018872,Montgomery County Police,Property Damage Crash,2019-04-20 13:45:00,Maryland (State),WILSON LA,ST ELMO AVE,OTHER,CLOUDY,DRY,DAYLIGHT,NO CONTROLS,UNKNOWN,Yes,No Apparent Injury,LOOKED BUT DID NOT SEE,MD,Passenger Car,25,2006.0,Toyota,CAMRY,13,Saturday,4
MCP3267000J,200047122,Montgomery County Police,Property Damage Crash,2020-11-30 01:40:00,County,RANDOLPH RD,PARKLAWN DR,STRAIGHT MOVEMENT ANGLE,RAINING,WET,DARK LIGHTS ON,TRAFFIC SIGNAL,NONE DETECTED,Yes,No Apparent Injury,NOT DISTRACTED,VA,Passenger Car,40,2015.0,Nissan,ALTIMA,1,Monday,11
MCP9404002S,200025247,Montgomery County Police,Property Damage Crash,2020-06-29 09:30:00,Maryland (State),WOODFIELD RD,EMORY GROVE RD,SAME DIR REAR END,CLEAR,DRY,DAYLIGHT,Unknown,Unknown,No,No Apparent Injury,NOT DISTRACTED,MD,"Other Light Trucks (10,000Lbs (4,536Kg) Or Less)",45,2004.0,Dodg,TK,9,Monday,6
MCP2116001J,15007066,Montgomery County Police,Property Damage Crash,2015-02-12 07:25:00,County,POSTOAK RD,TUCKERMAN LA,STRAIGHT MOVEMENT ANGLE,CLEAR,DRY,DAYLIGHT,NO CONTROLS,NONE DETECTED,No,No Apparent Injury,NOT DISTRACTED,MD,School Bus,25,2001.0,Thomas,BUS,7,Thursday,2
MCP2832005F,190047771,Montgomery County Police,Property Damage Crash,2019-10-05 05:17:00,Maryland (State),16TH ST,SPRING ST,SAME DIRECTION SIDESWIPE,CLEAR,DRY,DARK LIGHTS ON,NO CONTROLS,NONE DETECTED,No,No Apparent Injury,NOT DISTRACTED,MD,Passenger Car,30,2008.0,Dodge,PICKUP,5,Saturday,10
MCP2720003V,190031111,Montgomery County Police,Property Damage Crash,2019-06-29 23:03:00,Unknown,Unknown,Unknown,OTHER,CLEAR,Unknown,DARK LIGHTS ON,NO CONTROLS,ILLEGAL DRUG PRESENT,Yes,No Apparent Injury,UNKNOWN,MD,Passenger Car,10,2017.0,Chevrolet,EXPRESS,23,Saturday,6
MCP2799001B,16000466,Montgomery County Police,Injury Crash,2016-01-03 19:20:00,County,OLD BALTIMORE RD,GEORGIA AVE,SINGLE VEHICLE,CLEAR,DRY,DARK LIGHTS ON,TRAFFIC SIGNAL,NONE DETECTED,Yes,Suspected Minor Injury,NOT DISTRACTED,MD,Passenger Car,35,2008.0,Hond,4S,19,Sunday,1
MCP31340049,230022061,Montgomery County Police,Property Damage Crash,2023-05-08 16:30:00,County,ROBEY RD,BRIGGS CHANEY RD,SAME DIR REAR END,CLEAR,DRY,DAYLIGHT,STOP SIGN,Unknown,No,No Apparent Injury,NOT DISTRACTED,MD,Passenger Car,35,2015.0,Toyt,CAMRY,16,Monday,5
DM84940039,230058257,Takoma Park Police Depart,Property Damage Crash,2023-10-03 10:36:00,Municipality,ANNE AVE,LOCKNEY AVE,STRAIGHT MOVEMENT ANGLE,CLEAR,DRY,DAYLIGHT,STOP SIGN,Unknown,No,No Apparent Injury,UNKNOWN,MD,Passenger Car,25,2006.0,Pontiac,4S,10,Tuesday,10
MCP0113001R,17053846,Montgomery County Police,Property Damage Crash,2017-10-24 08:07:00,Maryland (State),ROCKVILLE PIKE,RAMP 1 FR MD 355 NB TO IS 270 WB,SAME DIR REAR END,CLEAR,DRY,DAYLIGHT,Unknown,NONE DETECTED,No,No Apparent Injury,NOT DISTRACTED,MD,"Other Light Trucks (10,000Lbs (4,536Kg) Or Less)",35,2017.0,Toyota,HIGHLANDER,8,Tuesday,10
MCP2891001X,16007654,Montgomery County Police,Property Damage Crash,2016-02-15 10:06:00,US (State),COLESVILLE RD,SLIGO CREEK PKWY,SAME DIRECTION RIGHT TURN,SNOW,SNOW,DAYLIGHT,TRAFFIC SIGNAL,NONE DETECTED,No,No Apparent Injury,NOT DISTRACTED,MD,Transit Bus,35,2008.0,New Flyer,BUS,10,Monday,2
MCP23300051,250023605,MONTGOMERY,Property Damage Crash,2025-05-28 00:17:00,County Route,SAM EIG HWY (SB/L),GREAT SENECA HWY (SB/L),Single Vehicle,Rain,Wet,Dark - Lighted,Flashing Traffic Control Signal,"Not Suspect of Alcohol Use, Suspect of Drug Use",No,No Apparent Injury,Unknown,MD,Passenger Car,45,2004.0,Chevrolet,IMPALA,0,Wednesday,5