Report Number,Local Case Number,Agency Name,ACRS Report Type,Crash Date/Time,Route Type,Road Name,Cross-Street Name,Collision Type,Weather,Surface Condition,Light,Traffic Control,Driver Substance Abuse,Driver At Fault,Injury Severity,Driver Distracted By,Drivers License State,Vehicle Body Type,Speed Limit,Vehicle Year,Vehicle Make,Vehicle Model,Crash Hour,Crash Day,Crash Month
MCP2898006F,250038048,MONTGOMERY,Injury Crash,2025-08-25 19:36:00,County Route,BRANDERMILL DR,Unknown,Front to Rear,Clear,Dry,Dusk,No Controls,"Not Suspect of Alcohol Use, Not Suspect of Drug Use",No,Possible Injury,Not Distracted,MD,Passenger Car,30,2025.0,Toyota,COROLLA,19,Monday,8
MCP2867000X,15011210,Montgomery County Police,Property Damage Crash,2015-03-11 08:53:00,County,BARRON ST,BAYFIELD ST,SAME DIRECTION SIDESWIPE,Unknown,WET,DAYLIGHT,STOP SIGN,NONE DETECTED,Yes,No Apparent Injury,NOT DISTRACTED,MD,Passenger Car,25,2009.0,Volkswagon,4S,8,Wednesday,3
MCP00410009,180028021,Montgomery County Police,Property Damage Crash,2018-06-07 08:08:00,Maryland (State),GEORGIA AVE,OLD BALTIMORE RD,SAME DIR REAR END,CLEAR,DRY,DAYLIGHT,TRAFFIC SIGNAL,NONE DETECTED,Yes,No Apparent Injury,NOT DISTRACTED,MD,Passenger Car,40,2015.0,Hyundai,ACCENT,8,Thursday,6
MCP33050012,210043955,Montgomery County Police,Property Damage Crash,2021-10-31 13:35:00,County,WAYNE AVE,RAMSEY AVE,SAME DIRECTION SIDESWIPE,CLEAR,DRY,DAYLIGHT,TRAFFIC SIGNAL,NONE DETECTED,Yes,No Apparent Injury,LOOKED BUT DID NOT SEE,MD,Transit Bus,35,2009.0,Tbu,BUS,13,Sunday,10
MCP12350066,250024119,MONTGOMERY,Property Damage Crash,2025-05-30 20:28:00,Maryland (State) Route,NEW HAMPSHIRE AVE,Unknown,"Sideswipe, Same Direction",Cloudy,Wet,Dark - Lighted,Traffic Control Signal,"Unknown, Unknown",No,Unknown,Unknown,Unknown,Passenger Car,40,2013.0,Hyundai,ELANTRA,20,Friday,5
EJ79030011,240038085,GAITHERSBURG,Property Damage Crash,2024-08-12 18:15:00,Municipality Route,S SUMMIT AVE,Unknown,Angle,Clear,Dry,Daylight,No Controls,"Not Suspect of Alcohol Use, Not Suspect of Drug Use",Yes,No Apparent Injury,Not Distracted,MD,Passenger Car,25,2021.0,Honda,CIVIC,18,Monday,8
MCP137800KG,180004927,Montgomery County Police,Injury Crash,2018-01-29 12:11:00,Maryland (State),FREDERICK RD,CHRISTOPHER AVE,STRAIGHT MOVEMENT ANGLE,CLOUDY,DRY,DAYLIGHT,TRAFFIC SIGNAL,NONE DETECTED,Yes,Possible Injury,NOT DISTRACTED,MD,Passenger Car,40,2005.0,Toyt,CAMRY,12,Monday,1
MCP2588005S,190023494,Montgomery County Police,Injury Crash,2019-05-18 10:24:00,County,RANDOLPH RD,SELFRIDGE RD,STRAIGHT MOVEMENT ANGLE,CLOUDY,DRY,DAYLIGHT,TRAFFIC SIGNAL,NONE DETECTED,Yes,No Apparent Injury,NOT DISTRACTED,YT,Van,35,2006.0,Nissan,QUEST,10,Saturday,5
MCP3091004R,240022533,MONTGOMERY,Property Damage Crash,2024-05-13 12:15:00,Unknown,Unknown,Unknown,Single Vehicle,Clear,Unknown,Daylight,Unknown,"Not Suspect of Alcohol Use, Not Suspect of Drug Use",No,No Apparent Injury,Not Distracted,MD,Single-Unit Truck,0,2004.0,Ford,F-450,12,Monday,5
MCP3414000F,240044367,MONTGOMERY,Property Damage Crash,2024-09-17 20:20:00,County Route,ELLSWORTH DR,GEORGIA AVE,Front to Rear,Clear,Wet,Dark - Lighted,Traffic Control Signal,"Not Suspect of Alcohol Use, Not Suspect of Drug Use",No,No Apparent Injury,Not Distracted,MD,Passenger Car,35,2016.0,Volkswagen,PASSAT,20,Tuesday,9
MCP24690017,16044203,Montgomery County Police,Property Damage Crash,2016-08-30 14:20:00,Unknown,Unknown,Unknown,OTHER,Unknown,Unknown,DAYLIGHT,NO CONTROLS,UNKNOWN,Yes,No Apparent Injury,NOT DISTRACTED,Unknown,Passenger Car,15,2008.0,Nissan,ALTIMA,14,Tuesday,8
MCP28980014,15048505,MONTGOMERY,Injury Crash,2015-09-24 18:16:00,County,CLARKSBURG RD,LEWISDALE RD,HEAD ON LEFT TURN,CLEAR,DRY,DAYLIGHT,NO CONTROLS,Unknown,Yes,No Apparent Injury,LOOKED BUT DID NOT SEE,MD,Pickup Truck,35,2007.0,Ford,TK,18,Thursday,9
MCP3148004K,230011266,Montgomery County Police,Property Damage Crash,2023-03-07 19:22:00,Unknown,Unknown,Unknown,OPPOSITE DIRECTION SIDESWIPE,CLEAR,Unknown,DARK LIGHTS ON,Unknown,NONE DETECTED,No,No Apparent Injury,NOT DISTRACTED,MD,Passenger Car,25,2021.0,Kia,RIO,19,Tuesday,3
MCP3054001C,180027228,Montgomery County Police,Injury Crash,2018-06-02 22:23:00,Maryland (State),FREDERICK RD,W GUDE DR,ANGLE MEETS LEFT TURN,RAINING,WET,DARK LIGHTS ON,TRAFFIC SIGNAL,NONE DETECTED,Yes,No Apparent Injury,UNKNOWN,MD,Passenger Car,40,2000.0,Volvo,4S,22,Saturday,6
MCP25860014,15023548,Montgomery County Police,Property Damage Crash,2015-05-16 23:49:00,Unknown,Unknown,Unknown,OTHER,CLOUDY,Unknown,DARK LIGHTS ON,Unknown,NONE DETECTED,No,No Apparent Injury,NOT DISTRACTED,MD,Police Vehicle/Emergency,5,2008.0,Ford,CROWN VICTORIA,23,Saturday,5
MCP26370020,170535061,Montgomery County Police,Property Damage Crash,2017-10-06 06:45:00,County,TUCKERMAN LA,DEBORAH DR,OTHER,CLEAR,DRY,DAWN,Unknown,NONE DETECTED,No,No Apparent Injury,NOT DISTRACTED,MD,Passenger Car,35,2014.0,Ford,INTERCEPTOR,6,Friday,10
MCP31250024,200005379,Montgomery County Police,Injury Crash,2020-02-01 19:20:00,Municipality,N WASHINGTON ST,BEALL AVE #2,SINGLE VEHICLE,RAINING,WET,DARK LIGHTS ON,TRAFFIC SIGNAL,NONE DETECTED,Yes,No Apparent Injury,LOOKED BUT DID NOT SEE,MD,Passenger Car,25,2006.0,Niss,4S,19,Saturday,2
MCP211600BY,200002696,Montgomery County Police,Property Damage Crash,2020-01-16 14:52:00,County,GAINSBOROUGH RD,GEORGETOWNE DR,SAME DIRECTION SIDESWIPE,CLEAR,DRY,DAYLIGHT,NO CONTROLS,NONE DETECTED,Yes,No Apparent Injury,OTHER DISTRACTION,MD,Passenger Car,25,2007.0,Toyota,4S,14,Thursday,1
MCP2445000P,190029844,Montgomery County Police,Injury Crash,2019-06-22 12:40:00,Maryland (State),RIDGE RD,SNOWDEN FARM PKWY (PROP),SAME DIR REAR END,CLEAR,DRY,DAYLIGHT,TRAFFIC SIGNAL,NONE DETECTED,No,Possible Injury,NOT DISTRACTED,MD,Passenger Car,40,2010.0,Niss,4S,12,Saturday,6
EJ78550008,15020438,Gaithersburg Police Depar,Property Damage Crash,2015-04-30 16:19:00,Maryland (State),QUINCE ORCHARD RD,FIRSTFIELD RD,STRAIGHT MOVEMENT ANGLE,CLEAR,Unknown,DAYLIGHT,NO CONTROLS,NONE DETECTED,No,No Apparent Injury,NOT DISTRACTED,MD,Pickup Truck,35,2003.0,Toyota,TAKOMA,16,Thursday,4
MCP2995005V,200003273,Montgomery County Police,Property Damage Crash,2020-01-20 17:22:00,County,ARCTIC AVE,ORIENTAL ST,STRAIGHT MOVEMENT ANGLE,CLEAR,DRY,DARK NO LIGHTS,STOP SIGN,NONE DETECTED,Yes,No Apparent Injury,LOOKED BUT DID NOT SEE,MD,Passenger Car,35,2011.0,Hyudai,SONATA,17,Monday,1
MCP3439000Y,250055026,MONTGOMERY,Property Damage Crash,2025-12-09 12:15:00,County Route,HAVARD ST,COLIE DR,Front to Front,Cloudy,Dry,Daylight,No Controls,"Not Suspect of Alcohol Use, Not Suspect of Drug Use",Yes,No Apparent Injury,"Other Action (looking away from task, etc.)",MD,Sport Utility Vehicle,25,2022.0,Hyundai,KONA,12,Tuesday,12
MCP3086005S,210028492,Montgomery County Police,Property Damage Crash,2021-07-23 06:50:00,Maryland (State),MUNCASTER MILL RD,EMORY ST,SAME DIR REAR END,CLOUDY,DRY,DAYLIGHT,NO CONTROLS,NONE DETECTED,Yes,No Apparent Injury,LOOKED BUT DID NOT SEE,MD,Van,35,2013.0,Toyota,SIENNA,6,Friday,7
DD5590001H,170542185,Rockville Police Departme,Property Damage Crash,2017-11-11 09:15:00,Municipality,WOOTTON PKWY,PRESERVE PKWY,SINGLE VEHICLE,CLEAR,DRY,DAYLIGHT,Unknown,NONE DETECTED,Yes,No Apparent Injury,UNKNOWN,MD,Passenger Car,40,2003.0,Honda,CIVIC,9,Saturday,11
MCP26930012,15057766,MONTGOMERY,Injury Crash,2015-11-12 16:06:00,County,VEIRS MILL RD,GAYNOR RD,SAME DIR REAR END,CLEAR,DRY,DAYLIGHT,NO CONTROLS,NONE DETECTED,Yes,No Apparent Injury,INATTENTIVE OR LOST IN THOUGHT,MD,Passenger Car,40,1999.0,Honda,ACCORD,16,Thursday,11
MCP2335001D,200030175,Montgomery County Police,Property Damage Crash,2020-08-04 04:35:00,County,CLARKSBURG RD,LEWISDALE RD,OPPOSITE DIRECTION SIDESWIPE,RAINING,WET,DARK NO LIGHTS,NO CONTROLS,NONE DETECTED,Yes,No Apparent Injury,NOT DISTRACTED,FL,Passenger Car,35,2019.0,Toyt,PRIUS,4,Tuesday,8
MCP137801DH,250042965,MONTGOMERY,Injury Crash,2025-09-24 13:45:00,County Route,SHADY GROVE RD,Unknown,Front to Rear,Cloudy,Dry,Daylight,No Controls,"Not Suspect of Alcohol Use, Not Suspect of Drug Use",No,No Apparent Injury,Not Distracted,MD,Passenger Car,40,2024.0,Kia,FORTE,13,Wednesday,9
MCP2923004T,190002790,Montgomery County Police,Property Damage Crash,2019-01-18 04:53:00,Maryland (State),UNIVERSITY BLVD W,ARCOLA AVE,SAME DIR REAR END,CLEAR,SLUSH,DARK LIGHTS ON,NO CONTROLS,UNKNOWN,Yes,No Apparent Injury,UNKNOWN,Unknown,Passenger Car,35,2014.0,Infiniti,4S,4,Friday,1
EJ7865003V,180056368,Gaithersburg Police Depar,Injury Crash,2018-11-09 19:00:00,Municipality,TRAVIS AVE,TRAVIS LA,STRAIGHT MOVEMENT ANGLE,RAINING,WET,DARK NO LIGHTS,STOP SIGN,Unknown,No,Possible Injury,NOT DISTRACTED,MD,Passenger Car,25,2015.0,Toyt,SU,19,Friday,11
MCP2866003W,170522529,Montgomery County Police,Property Damage Crash,2017-08-02 13:55:00,Maryland (State),WISCONSIN AVE,HIGHLAND AVE,STRAIGHT MOVEMENT ANGLE,CLEAR,DRY,DAYLIGHT,NO CONTROLS,NONE DETECTED,Yes,No Apparent Injury,UNKNOWN,MD,Passenger Car,25,2016.0,Kia,SOUL,13,Wednesday,8
MCP3109006L,220017495,Montgomery County Police,Property Damage Crash,2022-04-25 08:40:00,Maryland (State),NEW HAMPSHIRE AVE,CAPITAL BELTWAY,SAME DIR REAR END,CLOUDY,DRY,DAYLIGHT,TRAFFIC SIGNAL,NONE DETECTED,No,No Apparent Injury,NOT DISTRACTED,MD,Passenger Car,35,2010.0,Toyota,PRIUS,8,Monday,4
MCP29210054,240024680,MONTGOMERY,Property Damage Crash,2024-05-24 18:05:00,Local Route,FAIRCHILD DR,Unknown,"Sideswipe, Opposite Direction",Clear,Dry,Daylight,No Controls,"Suspect of Alcohol Use, Not Suspect of Drug Use",Yes,No Apparent Injury,Not Distracted,MD,Pickup,25,2015.0,Chevrolet,COLORADO,18,Friday,5
MCP1121001M,16063048,Montgomery County Police,Injury Crash,2016-12-08 15:50:00,Maryland (State),MUNCASTER MILL RD,LISA DR,SAME DIR REAR END,CLEAR,DRY,DAYLIGHT,NO CONTROLS,NONE DETECTED,No,Possible Injury,NOT DISTRACTED,MD,(Sport) Utility Vehicle,35,2016.0,Subaru,FORRESTER,15,Thursday,12
MCP21810057,230062054,Montgomery County Police,Property Damage Crash,2023-10-23 08:40:00,Municipality,METROPOLITAN GROVE RD,ROAD END,SINGLE VEHICLE,CLEAR,DRY,DAYLIGHT,NO CONTROLS,NONE DETECTED,Yes,No Apparent Injury,OTHER DISTRACTION,MD,Police Vehicle/Non Emergency,25,2015.0,Jeep,GRAND CHEROKEE,8,Monday,10
MCP32940039,260000521,MONTGOMERY,Property Damage Crash,2026-01-04 18:20:00,County Route,CENTERWAY RD,Unknown,"Sideswipe, Same Direction",Clear,Dry,Dark - Lighted,Traffic Control Signal,"Not Suspect of Alcohol Use, Not Suspect of Drug Use",Yes,No Apparent Injury,Not Distracted,MD,Sport Utility Vehicle,35,2016.0,Chevrolet,SUBURBAN,18,Sunday,1
MCP3289000C,210003270,Montgomery County Police,Injury Crash,2021-01-26 13:20:00,County,TECH RD,COLUMBIA PIKE,STRAIGHT MOVEMENT ANGLE,CLOUDY,WET,DAYLIGHT,NO CONTROLS,NONE DETECTED,No,No Apparent Injury,NOT DISTRACTED,PA,Passenger Car,30,2015.0,Nissan,ROGUE,13,Tuesday,1
MCP2851001V,16033688,Montgomery County Police,Property Damage Crash,2016-07-03 15:45:00,Maryland (State),FREDERICK RD,TRAVIS AVE,SAME DIR REAR END,Unknown,DRY,DAYLIGHT,TRAFFIC SIGNAL,NONE DETECTED,No,No Apparent Injury,NOT DISTRACTED,MD,Passenger Car,40,2004.0,Honda,4S,15,Sunday,7
MCP27200038,180037668,Montgomery County Police,Property Damage Crash,2018-07-30 00:45:00,County,MERCURY DR,ADRIAN ST,SAME DIR REAR END,CLEAR,DRY,DARK -- UNKNOWN LIGHTING,NO CONTROLS,UNKNOWN,Yes,No Apparent Injury,UNKNOWN,MD,Passenger Car,25,2010.0,Mazda,6,0,Monday,7
MCP28640037,190048749,Montgomery County Police,Injury Crash,2019-10-10 20:33:00,Interstate (State),CAPITAL BELTWAY,CONNECTICUT AVE,SAME DIR REAR END,CLEAR,DRY,DARK NO LIGHTS,NO CONTROLS,NONE DETECTED,No,Possible Injury,NOT DISTRACTED,MD,Passenger Car,55,2016.0,Nissan,ROGUE,20,Thursday,10
MCP30780056,220045546,Montgomery County Police,Property Damage Crash,2022-10-17 14:30:00,Municipality,BROOKS AVE,RUSSELL AVE,OTHER,CLOUDY,WET,DAYLIGHT,NO CONTROLS,Unknown,Yes,No Apparent Injury,NOT DISTRACTED,MD,Van,25,2013.0,Dodge,CARAVAN,14,Monday,10
MCP25090011,16007930,Montgomery County Police,Property Damage Crash,2016-02-17 09:14:00,County,INDIAN SPRING DR,BURGESS LA,SAME DIRECTION SIDESWIPE,CLEAR,DRY,DAYLIGHT,NO CONTROLS,NONE DETECTED,No,No Apparent Injury,NOT DISTRACTED,MD,School Bus,30,2014.0,Thomas,BUS,9,Wednesday,2
DM83360022,190000421,Takoma Park Police Depart,Property Damage Crash,2019-01-03 13:30:00,Unknown,Unknown,Unknown,STRAIGHT MOVEMENT ANGLE,CLOUDY,Unknown,DAYLIGHT,Unknown,UNKNOWN,Yes,No Apparent Injury,UNKNOWN,XX,Passenger Car,15,2009.0,Nissan,ALTIMA,13,Thursday,1
MCP9418000C,15007599,Montgomery County Police,Injury Crash,2015-02-15 10:42:00,Maryland (State),GEORGIA AVE,BELVEDERE BLVD,SINGLE VEHICLE,BLOWING SNOW,ICE,DAYLIGHT,NO CONTROLS,NONE DETECTED,Yes,Possible Injury,NOT DISTRACTED,MD,Pickup Truck,35,1995.0,Ford,TRUCK,10,Sunday,2
DD56150006,15037159,ROCKVILLE,Injury Crash,2015-07-27 21:19:00,Maryland (State),ROCKVILLE PIKE,MT VERNON PL,SINGLE VEHICLE,CLEAR,DRY,DARK LIGHTS ON,NO CONTROLS,ILLEGAL DRUG PRESENT,Yes,Possible Injury,OTHER DISTRACTION,MD,Passenger Car,40,2006.0,Toyota,SCION,21,Monday,7
MCP2946005W,230054104,Montgomery County Police,Injury Crash,2023-09-10 14:17:00,County,RIDGE RD,OBSERVATION DR,SAME DIR REAR END,CLOUDY,DRY,DAYLIGHT,Unknown,NONE DETECTED,No,No Apparent Injury,NOT DISTRACTED,MD,Passenger Car,45,2013.0,Hyundai,ACCENT,14,Sunday,9
MCP2889000W,15021914,Montgomery County Police,Property Damage Crash,2015-05-08 10:26:00,County,RANDOLPH RD,HAWKESBURY LA,OTHER,CLEAR,DRY,DAYLIGHT,Unknown,NONE DETECTED,Yes,No Apparent Injury,LOOKED BUT DID NOT SEE,MD,Passenger Car,45,2012.0,Hyundai,TK,10,Friday,5
DD5637000G,190048398,Rockville Police Departme,Injury Crash,2019-10-08 22:00:00,Maryland (State),ROCKVILLE PIKE,RICHARD MONTGOMERY DR,SAME DIR REAR END,CLEAR,DRY,DARK -- UNKNOWN LIGHTING,TRAFFIC SIGNAL,NONE DETECTED,Yes,No Apparent Injury,NOT DISTRACTED,MD,(Sport) Utility Vehicle,30,2018.0,Toyota,RAV4,22,Tuesday,10
MCP30800036,220041025,Montgomery County Police,Injury Crash,2022-09-20 21:35:00,Maryland (State),GERMANTOWN RD,CRYSTAL ROCK DR,STRAIGHT MOVEMENT ANGLE,CLEAR,DRY,DARK LIGHTS ON,TRAFFIC SIGNAL,NONE DETECTED,No,Possible Injury,NOT DISTRACTED,MD,Passenger Car,40,2013.0,Ford,4S,21,Tuesday,9
MCP2871003G,16053604,Montgomery County Police,Injury Crash,2016-10-18 16:11:00,County,DEMOCRACY BLVD,FERNWOOD RD,SAME DIR REAR END,CLEAR,DRY,DAYLIGHT,TRAFFIC SIGNAL,NONE DETECTED,No,Suspected Minor Injury,NOT DISTRACTED,DC,Passenger Car,35,2000.0,Honda,4D,16,Tuesday,10
MCP0617006F,240053059,MONTGOMERY,Injury Crash,2024-11-05 09:34:00,County Route,NORBECK RD (WB/L),NORWOOD RD,Front to Rear,Clear,Dry,Daylight,Traffic Control Signal,"Not Suspect of Alcohol Use, Not Suspect of Drug Use",Yes,No Apparent Injury,Not Distracted,MD,Sport Utility Vehicle,45,2011.0,Hyundai,SANTA FE,9,Tuesday,11
DD5628002Y,200000887,Rockville Police Departme,Property Damage Crash,2020-01-06 13:25:00,Maryland (State),HUNGERFORD DR,BEALL AVE #2,SAME DIRECTION SIDESWIPE,CLEAR,DRY,DAYLIGHT,TRAFFIC SIGNAL,NONE DETECTED,No,No Apparent Injury,NOT DISTRACTED,MD,Passenger Car,35,2000.0,Bmw,528I,13,Monday,1
MCP9442002B,220019977,Montgomery County Police,Injury Crash,2022-05-11 08:45:00,County,MONTGOMERY VILLAGE AVE,CLUB HOUSE RD,STRAIGHT MOVEMENT ANGLE,CLEAR,DRY,DAYLIGHT,TRAFFIC SIGNAL,NONE DETECTED,No,No Apparent Injury,NOT DISTRACTED,MD,Passenger Car,35,1997.0,Toyota,CORROLLA,8,Wednesday,5
MCP3233001D,210013444,Montgomery County Police,Property Damage Crash,2021-04-10 20:18:00,Maryland (State),PINEY BRANCH RD,GARLAND AVE,SAME DIR REAR END,CLEAR,DRY,DARK LIGHTS ON,TRAFFIC SIGNAL,NONE DETECTED,No,No Apparent Injury,NOT DISTRACTED,MD,Passenger Car,30,2017.0,Ford,FUSION,20,Saturday,4
MCP3396000K,240006579,MONTGOMERY,Property Damage Crash,2024-02-09 18:34:00,County Route,GRIDLEY RD,Unknown,Front to Rear,Clear,Dry,Dark - Lighted,No Controls,"Not Suspect of Alcohol Use, Not Suspect of Drug Use",Yes,No Apparent Injury,Not Distracted,Unknown,Passenger Car,30,2018.0,Honda,CIVIC,18,Friday,2
MCP2354000F,15003840,MONTGOMERY,Property Damage Crash,2015-01-23 22:24:00,County,TUCKERMAN LA,STRUC METRO OVERHEAD,SAME DIR REAR END,RAINING,WET,DARK LIGHTS ON,NO CONTROLS,UNKNOWN,Yes,No Apparent Injury,UNKNOWN,Unknown,Passenger Car,25,2014.0,Volkswagn,JETTA,22,Friday,1
MCP3232004J,230069343,Montgomery County Police,Property Damage Crash,2023-12-01 15:44:00,County,SILO WAY,FARMCREST DR,OTHER,CLEAR,DRY,DAYLIGHT,NO CONTROLS,NONE DETECTED,No,No Apparent Injury,NOT DISTRACTED,MD,Passenger Car,10,2013.0,Acura,ILX,15,Friday,12
MCP2001001L,210036120,Montgomery County Police,Fatal Crash,2021-09-13 22:15:00,County,CRABBS BRANCH WAY,INDIAN HILLS DR,HEAD ON LEFT TURN,CLEAR,DRY,DARK LIGHTS ON,NO CONTROLS,NONE DETECTED,Yes,Fatal Injury,UNKNOWN,MD,Motorcycle,35,2016.0,Kawasaki,NINJA,22,Monday,9
MCP2982002W,190038166,Montgomery County Police,Property Damage Crash,2019-08-10 15:01:00,Maryland (State),GEORGIA AVE,FLORA LA,SAME DIRECTION SIDESWIPE,Unknown,DRY,DAYLIGHT,NO CONTROLS,NONE DETECTED,No,No Apparent Injury,NOT DISTRACTED,MD,Passenger Car,35,2017.0,Dodg,VAN,15,Saturday,8
MCP28450098,250002292,MONTGOMERY,Property Damage Crash,2025-01-17 07:05:00,Unknown,Unknown,Unknown,Single Vehicle,Cloudy,Unknown,Daylight,Unknown,"Not Suspect of Alcohol Use, Not Suspect of Drug Use",No,No Apparent Injury,Not Distracted,MD,Passenger Car,0,2013.0,Ford,C-MAX,7,Friday,1
MCP22120044,190042104,Montgomery County Police,Injury Crash,2019-09-03 09:49:00,US (State),COLUMBIA PIKE,FAIRLAND RD,OTHER,CLEAR,DRY,DAYLIGHT,TRAFFIC SIGNAL,NONE DETECTED,No,No Apparent Injury,NOT DISTRACTED,MD,Passenger Car,50,2009.0,Toyt,COROLLA,9,Tuesday,9
DD5644000F,200034908,Rockville Police Departme,Property Damage Crash,2020-09-06 11:30:00,Municipality,STANLEY AVE,ROCKLAND RD,STRAIGHT MOVEMENT ANGLE,CLEAR,DRY,DAYLIGHT,STOP SIGN,NONE DETECTED,No,No Apparent Injury,NOT DISTRACTED,MD,Passenger Car,25,2008.0,Hond,4S,11,Sunday,9
MCP2059008L,240056503,MONTGOMERY,Property Damage Crash,2024-11-25 08:00:00,Unknown,Unknown,Unknown,Single Vehicle,Clear,Unknown,Daylight,Unknown,"Not Suspect of Alcohol Use, Not Suspect of Drug Use",No,No Apparent Injury,Not Distracted,MD,Passenger Car,0,2014.0,Dodge,CHARGER,8,Monday,11
MCP2837001F,170504783,Montgomery County Police,Injury Crash,2017-04-28 17:57:00,County,TRAVILLE  GATEWAY DR,SHADY GROVE RD,ANGLE MEETS RIGHT TURN,Unknown,DRY,DAYLIGHT,TRAFFIC SIGNAL,NONE DETECTED,Yes,No Apparent Injury,LOOKED BUT DID NOT SEE,MD,(Sport) Utility Vehicle,25,2015.0,Mazd,TK,17,Friday,4
MCP1235001B,180015515,Montgomery County Police,Property Damage Crash,2018-03-30 16:06:00,US (State),COLESVILLE RD,SOUTHWOOD AVE,SAME DIR REAR END,Unknown,WET,DAYLIGHT,TRAFFIC SIGNAL,NONE DETECTED,Yes,No Apparent Injury,NOT DISTRACTED,MD,Passenger Car,40,1999.0,Ford,MUSTANG,16,Friday,3
EJ78780052,230008282,Gaithersburg Police Depar,Injury Crash,2023-02-18 17:26:00,Unknown,Unknown,Unknown,OTHER,CLEAR,Unknown,DUSK,NO CONTROLS,Unknown,No,No Apparent Injury,UNKNOWN,MD,Passenger Car,15,2016.0,Nissan,4D,17,Saturday,2
EJ7895007H,250023930,GAITHERSBURG,Injury Crash,2025-05-29 18:40:00,County Route,FIELDS RD,SAM EIG HWY,Front to Front,Clear,Dry,Daylight,Traffic Control Signal,"Not Suspect of Alcohol Use, Not Suspect of Drug Use",No,Possible Injury,Not Distracted,MD,Sport Utility Vehicle,35,2025.0,Lexus,RX,18,Thursday,5
MCP2752007J,250053814,MONTGOMERY,Property Damage Crash,2025-12-01 14:10:00,Maryland (State) Route,WISCONSIN AVE,SOMERSET TERRACE,"Sideswipe, Same Direction",Clear,Wet,Daylight,No Controls,"Unknown, Unknown",No,Unknown,Unknown,Unknown,Other Trucks,35,2021.0,Ford,E-350,14,Monday,12
MCP31390038,220023665,Montgomery County Police,Injury Crash,2022-06-02 17:28:00,Unknown,Unknown,Unknown,STRAIGHT MOVEMENT ANGLE,RAINING,Unknown,DAYLIGHT,NO CONTROLS,NONE DETECTED,Yes,No Apparent Injury,LOOKED BUT DID NOT SEE,MD,Passenger Car,15,2012.0,Honda,ACCORD,17,Thursday,6
MCP31620010,180055357,Montgomery County Police,Property Damage Crash,2018-11-04 18:00:00,Maryland (State),FLOWER AVE,DIVISION ST,SAME DIR REAR END,Unknown,DRY,DARK LIGHTS ON,TRAFFIC SIGNAL,NONE DETECTED,Unknown,No Apparent Injury,NOT DISTRACTED,DC,Transit Bus,25,2009.0,Gilli,LOW FLOOR,18,Sunday,11
MCP2947000Y,15047988,MONTGOMERY,Property Damage Crash,2015-09-22 11:28:00,Unknown,Unknown,Unknown,SAME DIRECTION SIDESWIPE,CLEAR,Unknown,DAYLIGHT,NO CONTROLS,NONE DETECTED,Yes,No Apparent Injury,NOT DISTRACTED,MD,Passenger Car,0,2007.0,Lexus,GS350,11,Tuesday,9
MCP2698001F,16006690,Montgomery County Police,Property Damage Crash,2016-02-09 10:28:00,Maryland (State),DR BIRD RD,NORWOOD RD,SAME DIR REAR END,SNOW,WET,DAYLIGHT,TRAFFIC SIGNAL,Unknown,Yes,No Apparent Injury,UNKNOWN,MD,Passenger Car,40,2014.0,Jeep,WRANGLER,10,Tuesday,2
MCP2348002D,17010073,Montgomery County Police,Property Damage Crash,2017-02-24 18:52:00,County,FERN ST,PRICE AVE,STRAIGHT MOVEMENT ANGLE,CLEAR,DRY,DARK LIGHTS ON,STOP SIGN,NONE DETECTED,Yes,No Apparent Injury,NOT DISTRACTED,MD,Other,25,1997.0,Hond,4S,18,Friday,2
MCP3161002C,200008360,Montgomery County Police,Property Damage Crash,2020-02-19 19:00:00,Maryland (State),ROCKVILLE PIKE,GROSVENOR LA,SAME DIR REAR END,CLEAR,DRY,DARK LIGHTS ON,NO CONTROLS,NONE DETECTED,Yes,No Apparent Injury,UNKNOWN,MD,Passenger Car,35,2015.0,Kia,4S,19,Wednesday,2
MCP301000C3,250041387,MONTGOMERY,Property Damage Crash,2025-09-15 07:34:00,County Route,GRUBB RD (SB/L),Unknown,"Sideswipe, Same Direction",Clear,Dry,Daylight,No Controls,"Not Suspect of Alcohol Use, Not Suspect of Drug Use",No,No Apparent Injury,Unknown,Unknown,Passenger Car,30,2018.0,Toyota,HIGHLANDER,7,Monday,9
HA24470004,18000662,Maryland-National Capital,Property Damage Crash,2018-06-04 03:54:00,Government,BEACH DR,KNOWLES AVE,SINGLE VEHICLE,FOGGY,WET,DARK NO LIGHTS,NO CONTROLS,NONE DETECTED,Yes,No Apparent Injury,UNKNOWN,MD,Passenger Car,25,2003.0,Chevy,TAHOE,3,Monday,6
MCP28770059,180030189,Montgomery County Police,Property Damage Crash,2018-06-19 06:20:00,US (State),COLESVILLE RD,LANARK WAY,STRAIGHT MOVEMENT ANGLE,CLEAR,DRY,DAYLIGHT,NO CONTROLS,NONE DETECTED,No,No Apparent Injury,NOT DISTRACTED,MD,Passenger Car,35,2004.0,Mazda,6,6,Tuesday,6
MCP3227005Y,240052819,MONTGOMERY,Property Damage Crash,2024-11-03 16:00:00,County Route,BURNT MILLS AVE,Unknown,Single Vehicle,Clear,Dry,Daylight,No Controls,"Not Suspect of Alcohol Use, Not Suspect of Drug Use",Yes,No Apparent Injury,Unknown,MD,Passenger Car,15,2022.0,Toyota,COROLLA,16,Sunday,11