Report Number,Local Case Number,Agency Name,ACRS Report Type,Crash Date/Time,Route Type,Road Name,Cross-Street Name,Collision Type,Weather,Surface Condition,Light,Traffic Control,Driver Substance Abuse,Driver At Fault,Injury Severity,Driver Distracted By,Drivers License State,Vehicle Body Type,Speed Limit,Vehicle Year,Vehicle Make,Vehicle Model,Crash Hour,Crash Day,Crash Month
MCP2712000Q,15054928,MONTGOMERY,Property Damage Crash,2015-10-29 07:39:00,US (State),COLUMBIA PIKE,RAMP 8 FR US 29 SB TO PARK & RIDE,SAME DIRECTION RIGHT TURN,CLOUDY,WET,DAWN,Unknown,NONE DETECTED,Yes,No Apparent Injury,NOT DISTRACTED,MD,Passenger Car,55,2004.0,Toyo,COROLLA,7,Thursday,10
MCP28130028,16012631,MONTGOMERY,Property Damage Crash,2016-03-14 17:07:00,Unknown,Unknown,Unknown,SAME DIR REAR END,CLEAR,Unknown,Unknown,NO CONTROLS,Unknown,Yes,No Apparent Injury,LOOKED BUT DID NOT SEE,MD,School Bus,5,2015.0,Thom,BU,17,Monday,3
MCP2363000Q,16025028,Montgomery County Police,Property Damage Crash,2016-05-20 07:13:00,Maryland (State),RIDGE RD,SNOWDEN FARM PKWY (PROP),SAME DIR REAR END,CLEAR,DRY,DAYLIGHT,Unknown,NONE DETECTED,No,No Apparent Injury,NOT DISTRACTED,MD,(Sport) Utility Vehicle,40,2007.0,Hyun,SANTA FE,7,Friday,5
EJ7781001H,180049797,Gaithersburg Police Depar,Property Damage Crash,2018-10-05 11:30:00,Maryland (State),GREAT SENECA HWY,HIGH GABLES DR,SAME DIR REAR END,CLOUDY,Unknown,DAYLIGHT,Unknown,NONE DETECTED,No,No Apparent Injury,NOT DISTRACTED,MD,Passenger Car,50,2015.0,Acur,MDX,11,Friday,10
MCP9311002X,200025274,Montgomery County Police,Property Damage Crash,2020-06-29 12:19:00,County,FALLS RD,ROCK RUN DR,SINGLE VEHICLE,CLEAR,DRY,DAYLIGHT,NO CONTROLS,NONE DETECTED,Yes,No Apparent Injury,NOT DISTRACTED,VA,Passenger Car,35,2012.0,Ford,FUSION,12,Monday,6
MCP1443000J,170510143,Montgomery County Police,Injury Crash,2017-05-27 00:23:00,Maryland (State),CLOPPER RD,W WATKINS MILL RD,SAME DIR REAR END,CLEAR,DRY,DARK LIGHTS ON,TRAFFIC SIGNAL,Unknown,No,Suspected Minor Injury,NOT DISTRACTED,MD,Van,35,2002.0,Honda,ODYSSEY,0,Saturday,5
DD559500C6,220048461,Rockville Police Departme,Property Damage Crash,2022-11-03 16:35:00,Municipality,N STONESTREET AVE,SPRING AVE,HEAD ON LEFT TURN,CLEAR,DRY,DAYLIGHT,STOP SIGN,NONE DETECTED,No,No Apparent Injury,NOT DISTRACTED,MD,Transit Bus,25,2017.0,Gilg,BU,16,Thursday,11
MCP3010007S,230005004,Montgomery County Police,Property Damage Crash,2023-01-31 08:25:00,Maryland (State),CAPITOL VIEW AVE,STONEYBROOK DR,SINGLE VEHICLE,RAINING,WET,DAYLIGHT,NO CONTROLS,Unknown,Yes,No Apparent Injury,NOT DISTRACTED,DC,Passenger Car,30,2009.0,Chevy,COLBOT,8,Tuesday,1
MCP2875003R,190028150,Montgomery County Police,Property Damage Crash,2019-06-12 23:56:00,Unknown,Unknown,Unknown,HEAD ON,RAINING,Unknown,DARK LIGHTS ON,NO CONTROLS,NONE DETECTED,No,No Apparent Injury,NOT DISTRACTED,MD,(Sport) Utility Vehicle,15,2011.0,Honda,CRV,23,Wednesday,6
DD56070020,17000885,Rockville Police Departme,Property Damage Crash,2017-01-05 22:18:00,Municipality,DOUGLAS AVE,SPRING AVE,HEAD ON,Unknown,DRY,DARK NO LIGHTS,NO CONTROLS,NONE DETECTED,Yes,No Apparent Injury,UNKNOWN,MD,Passenger Car,25,2012.0,Hyundai,SONATA,22,Thursday,1
MCP29100010,15002353,Montgomery County Police,Property Damage Crash,2015-01-15 11:44:00,County,OLD COLUMBIA PIKE,BRIGGS CHANEY RD,SINGLE VEHICLE,CLEAR,DRY,DAYLIGHT,NO CONTROLS,Unknown,Yes,No Apparent Injury,NOT DISTRACTED,MD,Passenger Car,0,2012.0,Toyota,4D,11,Thursday,1
MCP2603003F,200044841,Montgomery County Police,Injury Crash,2020-11-13 14:53:00,County,LOST KNIFE RD,SPUR TO MONTGOMERY VILLAGE AVE,SAME DIR REAR END,CLEAR,DRY,DAYLIGHT,NO CONTROLS,Unknown,No,No Apparent Injury,NOT DISTRACTED,MD,Passenger Car,35,2011.0,Dodge,CHALLANGER,14,Friday,11
MCP33040011,230000119,Montgomery County Police,Injury Crash,2023-01-02 00:40:00,Maryland (State),WILSON LA,RIVER RD,STRAIGHT MOVEMENT ANGLE,Unknown,DRY,DARK LIGHTS ON,TRAFFIC SIGNAL,ALCOHOL PRESENT,Yes,No Apparent Injury,OTHER DISTRACTION,MD,Passenger Car,35,2019.0,Toyota,RAV4,0,Monday,1
MCP2894001S,16006231,Montgomery County Police,Injury Crash,2016-02-06 13:05:00,Maryland (State),ROCKVILLE PIKE,OLD GEORGETOWN RD,SAME DIRECTION SIDESWIPE,CLEAR,DRY,DAYLIGHT,TRAFFIC SIGNAL,NONE DETECTED,Yes,No Apparent Injury,LOOKED BUT DID NOT SEE,MD,Passenger Car,40,2014.0,Jeep,WRANGLER,13,Saturday,2
MCP22120018,15028342,Montgomery County Police,Property Damage Crash,2015-06-11 10:00:00,Maryland (State),UNIVERSITY BLVD E,COLESVILLE RD,SAME DIR BOTH LEFT TURN,Unknown,DRY,DAYLIGHT,NO CONTROLS,UNKNOWN,Yes,No Apparent Injury,UNKNOWN,Unknown,Passenger Car,35,2000.0,Honda,4S,10,Thursday,6
MCP2251002F,230055677,Montgomery County Police,Property Damage Crash,2023-09-19 07:41:00,Interstate (State),EISENHOWER MEMORIAL HWY,EXIT #4,SAME DIRECTION SIDESWIPE,CLEAR,DRY,DAYLIGHT,Unknown,Unknown,No,No Apparent Injury,NOT DISTRACTED,MD,Police Vehicle/Non Emergency,55,2019.0,Dodge,CHARGER,7,Tuesday,9
MCP1233004Q,220043865,Montgomery County Police,Injury Crash,2022-10-07 15:26:00,Maryland (State),CONNECTICUT AVE,PLYERS MILL RD,STRAIGHT MOVEMENT ANGLE,CLEAR,DRY,DAYLIGHT,TRAFFIC SIGNAL,NONE DETECTED,Yes,No Apparent Injury,NOT DISTRACTED,MD,Passenger Car,35,2012.0,Honda,CIVIC,15,Friday,10
MCP1512003Q,220002736,Montgomery County Police,Injury Crash,2022-01-21 18:55:00,Maryland (State),W DIAMOND AVE,MEEM AVE,STRAIGHT MOVEMENT ANGLE,CLEAR,DRY,DARK LIGHTS ON,STOP SIGN,NONE DETECTED,No,Possible Injury,NOT DISTRACTED,MD,Passenger Car,35,2007.0,Hyun,SANTE FE,18,Friday,1
MCP29040052,180024105,Montgomery County Police,Property Damage Crash,2018-05-16 18:15:00,Maryland (State),UNIVERSITY BLVD E,INDIAN SPRING DR,STRAIGHT MOVEMENT ANGLE,RAINING,WET,DAYLIGHT,NO CONTROLS,NONE DETECTED,Yes,No Apparent Injury,NOT DISTRACTED,MD,Police Vehicle/Emergency,35,2015.0,Ford,VAN,18,Wednesday,5
MCP27960036,16017140,Montgomery County Police,Injury Crash,2016-04-08 11:58:00,Unknown,Unknown,Unknown,STRAIGHT MOVEMENT ANGLE,CLEAR,Unknown,DAYLIGHT,NO CONTROLS,NONE DETECTED,Unknown,No Apparent Injury,NOT DISTRACTED,MD,Pickup Truck,0,2008.0,Toyota,TACOMA,11,Friday,4
MCP9381002B,200025085,Montgomery County Police,Property Damage Crash,2020-06-27 20:25:00,County,FALLS RD,RIVER RD,SINGLE VEHICLE,CLEAR,DRY,DUSK,TRAFFIC SIGNAL,Unknown,Yes,No Apparent Injury,NOT DISTRACTED,MD,Passenger Car,35,2001.0,Bmw,330CI,20,Saturday,6
MCP2436005J,180030938,Montgomery County Police,Injury Crash,2018-06-23 07:33:00,Maryland (State),FLOWER AVE,HUDSON AVE,STRAIGHT MOVEMENT ANGLE,RAINING,WET,DAYLIGHT,STOP SIGN,NONE DETECTED,Yes,No Apparent Injury,UNKNOWN,MD,Pickup Truck,25,2014.0,Toyota,TUNDRA,7,Saturday,6
DD5636004M,210051597,Rockville Police Departme,Injury Crash,2021-12-18 17:24:00,Unknown,Unknown,Unknown,OTHER,CLEAR,Unknown,DARK LIGHTS ON,NO CONTROLS,NONE DETECTED,Yes,No Apparent Injury,LOOKED BUT DID NOT SEE,MD,Passenger Car,5,2017.0,Volk,SD,17,Saturday,12
MCP31960011,190055158,Montgomery County Police,Injury Crash,2019-11-15 16:07:00,County,MIDDLEBROOK RD,OBSERVATION DR,STRAIGHT MOVEMENT ANGLE,CLOUDY,DRY,DAYLIGHT,TRAFFIC SIGNAL,NONE DETECTED,No,Possible Injury,NOT DISTRACTED,MD,Passenger Car,40,2016.0,Toyota,CAMRY,16,Friday,11
MCP2016006L,220051831,Montgomery County Police,Property Damage Crash,2022-11-23 13:46:00,Maryland (State),MONTROSE RD,MONTROSE RD (AHEAD),SAME DIR REAR END,CLEAR,DRY,DAYLIGHT,TRAFFIC SIGNAL,Unknown,No,No Apparent Injury,NOT DISTRACTED,RI,Passenger Car,35,2011.0,Honda,ACCORD,13,Wednesday,11
MCP2880001K,170535854,Montgomery County Police,Injury Crash,2017-10-10 17:17:00,Maryland (State),MIDCOUNTY HWY,GOSHEN RD,SAME DIR REAR END,CLEAR,DRY,DAYLIGHT,NO CONTROLS,NONE DETECTED,Yes,Possible Injury,LOOKED BUT DID NOT SEE,MD,Passenger Car,50,2006.0,Honda,CIVIC,17,Tuesday,10
MCP13820025,15023932,Montgomery County Police,Injury Crash,2015-05-19 06:56:00,Maryland (State),UNIVERSITY BLVD E,COLESVILLE RD,SAME DIR REAR END,CLEAR,DRY,DAYLIGHT,TRAFFIC SIGNAL,NONE DETECTED,Yes,No Apparent Injury,LOOKED BUT DID NOT SEE,MD,"Medium/Heavy Trucks 3 Axles (Over 10,000Lbs (4,536Kg))",40,2000.0,Frht,TK,6,Tuesday,5
MCP2116009P,190027633,Montgomery County Police,Property Damage Crash,2019-06-10 09:35:00,Maryland (State),HUNGERFORD DR,BEALL AVE #2,STRAIGHT MOVEMENT ANGLE,RAINING,WET,DAYLIGHT,TRAFFIC SIGNAL,NONE DETECTED,No,No Apparent Injury,NOT DISTRACTED,MD,Passenger Car,25,2005.0,Hond,TK,9,Monday,6
MCP2377000M,15061385,MONTGOMERY,Injury Crash,2015-12-01 17:34:00,County,SHADY GROVE RD,RAMP 2 FR SHADY GROVE RD WB TO IS 270 NB,SAME DIRECTION SIDESWIPE,RAINING,WET,DARK LIGHTS ON,NO CONTROLS,NONE DETECTED,Yes,No Apparent Injury,NOT DISTRACTED,MD,Passenger Car,40,2009.0,Honda,FIT,17,Tuesday,12
MCP2008008P,210025173,Montgomery County Police,Property Damage Crash,2021-06-30 20:55:00,Unknown,Unknown,Unknown,OTHER,CLOUDY,Unknown,DUSK,Unknown,UNKNOWN,Yes,No Apparent Injury,UNKNOWN,MD,(Sport) Utility Vehicle,0,2019.0,Honda,CRV,20,Wednesday,6
MCP32540017,210039702,Montgomery County Police,Property Damage Crash,2021-10-01 23:18:00,County,CENTURY BLVD,MIDDLEBROOK RD,HEAD ON LEFT TURN,CLEAR,DRY,DARK LIGHTS ON,TRAFFIC SIGNAL,NONE DETECTED,No,No Apparent Injury,NOT DISTRACTED,MD,Passenger Car,35,2015.0,Niss,ALTIMA,23,Friday,10
MCP2016004D,190034312,Montgomery County Police,Property Damage Crash,2019-07-19 12:48:00,Unknown,Unknown,Unknown,OTHER,CLEAR,Unknown,DAYLIGHT,Unknown,Unknown,Yes,No Apparent Injury,NOT DISTRACTED,Unknown,Passenger Car,15,2008.0,Honda,4S,12,Friday,7
MCP1182003B,200034502,Montgomery County Police,Property Damage Crash,2020-09-03 12:55:00,Maryland (State),ROCKVILLE PIKE,CEDAR LA,SAME DIRECTION SIDESWIPE,CLEAR,DRY,DAYLIGHT,NO CONTROLS,UNKNOWN,Unknown,No Apparent Injury,UNKNOWN,MD,Pickup Truck,35,2015.0,Toyota,TACOMA,12,Thursday,9
MCP3126007H,250056277,MONTGOMERY,Property Damage Crash,2025-12-16 17:45:00,Maryland (State) Route,Unknown,Unknown,Single Vehicle,Clear,Ice/Frost,Dusk,No Controls,"Unknown, Unknown",Yes,No Apparent Injury,Unknown,MD,Passenger Car,40,1999.0,Volvo,S80,17,Tuesday,12
DD556700BY,250056230,ROCKVILLE,Property Damage Crash,2025-12-16 16:03:00,Maryland (State) Route,ROCKVILLE PIKE,TALBOTT ST,Angle,Clear,Dry,Daylight,No Controls,"Not Suspect of Alcohol Use, Not Suspect of Drug Use",Yes,No Apparent Injury,Not Distracted,MD,Van - Passenger (&Lt;9 Seats),35,2026.0,Ram,PROMASTER 2500,16,Tuesday,12
MCP3089003C,200042691,Montgomery County Police,Injury Crash,2020-10-29 15:59:00,County,BONIFANT ST,GEORGIA AVE,STRAIGHT MOVEMENT ANGLE,RAINING,WET,DAYLIGHT,Unknown,Unknown,Unknown,No Apparent Injury,LOOKED BUT DID NOT SEE,MD,Passenger Car,10,2001.0,Hond,4S,15,Thursday,10
EJ7833004K,180024343,Gaithersburg Police Depar,Property Damage Crash,2018-05-17 23:00:00,Maryland (State),FREDERICK RD,MARYLAND AVE,SAME DIRECTION RIGHT TURN,RAINING,WET,DARK LIGHTS ON,NO CONTROLS,ALCOHOL PRESENT,No,No Apparent Injury,NOT DISTRACTED,MD,Passenger Car,30,2015.0,Volks,JETTA,23,Thursday,5
MCP12350012,180002752,Montgomery County Police,Injury Crash,2018-01-17 18:20:00,US (State),COLESVILLE RD,CRESTMOOR DR,SAME DIR REAR END,CLOUDY,DRY,DARK LIGHTS ON,NO CONTROLS,NONE DETECTED,No,No Apparent Injury,NOT DISTRACTED,MD,Passenger Car,40,2013.0,Lexus,SW,18,Wednesday,1
MCP30580013,170546787,Montgomery County Police,Property Damage Crash,2017-12-05 18:15:00,County,MUDDY BRANCH RD,DARNESTOWN RD,OPPOSITE DIRECTION SIDESWIPE,RAINING,WET,DARK LIGHTS ON,TRAFFIC SIGNAL,NONE DETECTED,Yes,No Apparent Injury,NOT DISTRACTED,MD,Passenger Car,40,2016.0,Honda,ODYSSEY,18,Tuesday,12
MCP28710097,230055295,Montgomery County Police,Property Damage Crash,2023-09-16 20:40:00,Unknown,PROSE ST,TRADE ST,OTHER,CLEAR,DRY,DARK LIGHTS ON,NO CONTROLS,NONE DETECTED,Yes,No Apparent Injury,NOT DISTRACTED,MD,Police Vehicle/Non Emergency,25,2016.0,Ford,INTERCEPTOR,20,Saturday,9
MCP2931005L,210044536,Montgomery County Police,Property Damage Crash,2021-11-03 15:40:00,Maryland (State),ROCKVILLE PIKE,HUBBARD DR,SAME DIR REAR END,CLEAR,DRY,DAYLIGHT,TRAFFIC SIGNAL,UNKNOWN,Yes,No Apparent Injury,UNKNOWN,MD,Passenger Car,40,2020.0,Porsche,TAYCAN,15,Wednesday,11
DD5680001Y,250047229,ROCKVILLE,Injury Crash,2025-10-23 21:54:00,Maryland (State) Route,VEIRS MILL RD,Unknown,Front to Rear,Clear,Dry,Dark - Lighted,Traffic Control Signal,"Not Suspect of Alcohol Use, Not Suspect of Drug Use",Yes,Suspected Serious Injury,Not Distracted,MD,Passenger Car,35,2004.0,Ford,THUNDERBIRD,21,Thursday,10
MCP2771004K,240061724,MONTGOMERY,Injury Crash,2024-12-27 10:41:00,Maryland (State) Route,NORBECK RD (WB/L),Unknown,Front to Rear,Clear,Dry,Daylight,No Controls,"Not Suspect of Alcohol Use, Not Suspect of Drug Use",Yes,Possible Injury,Not Distracted,MD,Pickup,35,2003.0,Dodge,RAM,10,Friday,12
MCP22460012,16031374,Montgomery County Police,Injury Crash,2016-06-21 15:19:00,US (State),COLESVILLE RD,WOODSIDE PKWY,HEAD ON LEFT TURN,RAINING,WET,DAYLIGHT,NO CONTROLS,NONE DETECTED,No,No Apparent Injury,NOT DISTRACTED,MD,"Other Light Trucks (10,000Lbs (4,536Kg) Or Less)",35,2012.0,Volks,GOLF,15,Tuesday,6
MCP3244002Y,240001279,MONTGOMERY,Injury Crash,2024-01-09 07:32:00,Maryland (State) Route,Unknown,Unknown,Front to Rear,Rain,Wet,Daylight,No Controls,"Not Suspect of Alcohol Use, Not Suspect of Drug Use",No,No Apparent Injury,Unknown,MD,Passenger Car,25,2009.0,Acura,TSX,7,Tuesday,1
MCP94190036,220014305,Montgomery County Police,Property Damage Crash,2022-04-04 13:39:00,Maryland (State),ROCKVILLE PIKE,MONROE PL,OTHER,CLEAR,DRY,DAYLIGHT,TRAFFIC SIGNAL,NONE DETECTED,No,No Apparent Injury,NOT DISTRACTED,MD,Transit Bus,35,2014.0,Gill,BUS,13,Monday,4
MCP23760008,15023883,Montgomery County Police,Injury Crash,2015-05-18 20:56:00,Maryland (State),OLD GEORGETOWN RD,WOODMONT AVE,ANGLE MEETS LEFT TURN,CLEAR,DRY,DARK LIGHTS ON,TRAFFIC SIGNAL,NONE DETECTED,No,No Apparent Injury,NOT DISTRACTED,MD,Transit Bus,25,2001.0,Orion,TRANSIT BUS,20,Monday,5
EJ7869002S,190015104,Gaithersburg Police Depar,Property Damage Crash,2019-04-01 16:31:00,Unknown,Unknown,Unknown,OTHER,CLEAR,Unknown,DAYLIGHT,NO CONTROLS,UNKNOWN,Yes,No Apparent Injury,UNKNOWN,Unknown,Passenger Car,10,2009.0,Lexus,4S,16,Monday,4
MCP30400027,180024518,Montgomery County Police,Property Damage Crash,2018-05-18 22:00:00,Unknown,Unknown,Unknown,SAME DIR REAR END,RAINING,Unknown,DARK NO LIGHTS,Unknown,Unknown,No,No Apparent Injury,NOT DISTRACTED,MD,Police Vehicle/Emergency,30,2017.0,Ford,INTERCEPTOR,22,Friday,5
MCP2314001C,220009863,Montgomery County Police,Property Damage Crash,2022-03-07 18:25:00,Maryland (State),FALLS RD,WOOTTON PKWY,SAME DIR REAR END,RAINING,WET,DARK LIGHTS ON,TRAFFIC SIGNAL,NONE DETECTED,Yes,No Apparent Injury,NOT DISTRACTED,MD,Passenger Car,35,2020.0,Nissan,ALTIMA,18,Monday,3
MCP3139002V,210043597,Montgomery County Police,Property Damage Crash,2021-10-28 20:23:00,Unknown,Unknown,Unknown,OTHER,CLEAR,Unknown,DARK LIGHTS ON,NO CONTROLS,ALCOHOL PRESENT,Yes,No Apparent Injury,INATTENTIVE OR LOST IN THOUGHT,MD,Passenger Car,5,2016.0,Toyota,CAMRY,20,Thursday,10
MCP32060019,190056429,Montgomery County Police,Injury Crash,2019-11-22 11:00:00,US (State),COLUMBIA PIKE,RAMP 5 FR US 29 SB TO BRIGGS CHANEY RD,SINGLE VEHICLE,RAINING,WET,DAYLIGHT,NO CONTROLS,UNKNOWN,Yes,Possible Injury,UNKNOWN,MD,(Sport) Utility Vehicle,35,2008.0,Ford,ESCAPE,11,Friday,11
MCP31450028,200002925,Montgomery County Police,Property Damage Crash,2020-01-17 21:00:00,Maryland (State),NEW HAMPSHIRE AVE,NORWOOD RD,STRAIGHT MOVEMENT ANGLE,CLEAR,DRY,DARK LIGHTS ON,TRAFFIC SIGNAL,NONE DETECTED,Yes,No Apparent Injury,INATTENTIVE OR LOST IN THOUGHT,MD,Passenger Car,45,2014.0,Kia,4D SUV,21,Friday,1
MCP3130000H,180046582,Montgomery County Police,Injury Crash,2018-09-18 03:50:00,Maryland (State),VEIRS MILL RD,ASPEN HILL RD,SAME DIR REAR END,CLOUDY,WET,DAWN,TRAFFIC SIGNAL,NONE DETECTED,Yes,No Apparent Injury,OTHER DISTRACTION,MD,Passenger Car,40,2002.0,Nissan,TRUCK,3,Tuesday,9
MCP3242001L,220019257,Montgomery County Police,Injury Crash,2022-05-06 09:46:00,Interstate (State),CAPITAL BELTWAY,EXIT #31,SAME DIR REAR END,RAINING,WET,DAYLIGHT,NO CONTROLS,NONE DETECTED,No,Possible Injury,NOT DISTRACTED,MD,(Sport) Utility Vehicle,55,2009.0,Audi,Q5,9,Friday,5
MCP2871007S,220013156,Montgomery County Police,Injury Crash,2022-03-27 19:35:00,Maryland (State),ROCKVILLE PIKE,NICHOLSON LA,STRAIGHT MOVEMENT ANGLE,CLEAR,DRY,DARK LIGHTS ON,TRAFFIC SIGNAL,NONE DETECTED,No,Possible Injury,NOT DISTRACTED,MD,Passenger Car,35,2007.0,Niss,4S,19,Sunday,3
MCP2260002R,240060789,MONTGOMERY,Property Damage Crash,2024-12-20 05:25:00,Maryland (State) Route,Unknown,BRINK RD BRINK RD (WB/L) SUNDOWN RD,Front to Rear,Clear,Dry,Dark - Lighted,Flashing Traffic Control Signal,"Not Suspect of Alcohol Use, Not Suspect of Drug Use",No,No Apparent Injury,Unknown,MD,Passenger Car,40,2022.0,Nissan,ROGUE SPORT,5,Friday,12
MCP2682001C,180008603,Montgomery County Police,Property Damage Crash,2018-02-19 11:10:00,Maryland (State),MUNCASTER MILL RD,WOODFIELD RD,SAME DIRECTION RIGHT TURN,CLOUDY,WET,DAYLIGHT,Unknown,NONE DETECTED,Yes,No Apparent Injury,UNKNOWN,MD,Passenger Car,35,2008.0,Hond,2S,11,Monday,2
MCP2055002C,180000209,Montgomery County Police,Property Damage Crash,2018-01-05 13:30:00,Maryland (State),FREDERICK RD,PROFESSIONAL DR,SAME DIR REAR END,CLEAR,DRY,DAYLIGHT,NO CONTROLS,NONE DETECTED,Yes,No Apparent Injury,LOOKED BUT DID NOT SEE,MD,Autocycle,40,2017.0,Toyota,CAMRY,13,Friday,1
MCP2181005J,250021195,MONTGOMERY,Fatal Crash,2025-05-14 05:31:00,Other Public Roadway,W WATKINS MILL RD,Unknown,Single Vehicle,Rain,Wet,Dark - Lighted,Flashing Traffic Control Signal,"Unknown, Unknown",Yes,No Apparent Injury,Unknown,MD,Passenger Car,35,2018.0,Toyota,CAMRY,5,Wednesday,5
MCP2805001K,15054858,MONTGOMERY,Property Damage Crash,2015-10-28 18:52:00,County,SHADY GROVE RD,MIDCOUNTY HWY,HEAD ON LEFT TURN,RAINING,WET,DARK LIGHTS ON,TRAFFIC SIGNAL,NONE DETECTED,Yes,No Apparent Injury,NOT DISTRACTED,MD,Passenger Car,45,2001.0,Infiniti,I30,18,Wednesday,10
MCP2698001J,16017640,Montgomery County Police,Property Damage Crash,2016-04-11 08:37:00,County,GOOD HOPE RD,SPENCERVILLE RD,SINGLE VEHICLE,CLOUDY,WET,OTHER,NO CONTROLS,UNKNOWN,Yes,No Apparent Injury,UNKNOWN,MD,Passenger Car,30,2009.0,Hyundai,ELANTRA,8,Monday,4
MCP30290017,170522996,Montgomery County Police,Property Damage Crash,2017-08-04 16:15:00,Maryland (State),GEORGIA AVE,LAYHILL RD,ANGLE MEETS LEFT TURN,CLEAR,DRY,DAYLIGHT,TRAFFIC SIGNAL,NONE DETECTED,Yes,No Apparent Injury,LOOKED BUT DID NOT SEE,MD,Passenger Car,45,2005.0,Toyota,COROLLA,16,Friday,8
DM8522004T,250048935,TAKOMA,Property Damage Crash,2025-10-31 17:16:00,Maryland (State) Route,NEW HAMPSHIRE AVE,LINDEN AVE,Other,Clear,Dry,Daylight,No Controls,"Unknown, Unknown",No,Unknown,Unknown,Unknown,Motorcycle - 2 Wheeled,35,2025.0,Suzuki,GSX-R750,17,Friday,10
MCP27520044,210020274,Montgomery County Police,Injury Crash,2021-05-28 20:00:00,Maryland (State),MONTROSE PKWY,HOYA ST,SAME DIR REAR END,RAINING,WET,DAYLIGHT,TRAFFIC SIGNAL,NONE DETECTED,Yes,No Apparent Injury,LOOKED BUT DID NOT SEE,VA,Passenger Car,35,2009.0,Honda,ACCORD,20,Friday,5
DD55270021,180064225,Rockville Police Departme,Injury Crash,2018-12-23 17:48:00,Municipality,PARK RD,S STONESTREET AVE,ANGLE MEETS RIGHT TURN,CLEAR,DRY,DARK LIGHTS ON,YIELD SIGN,NONE DETECTED,No,Suspected Minor Injury,NOT DISTRACTED,MD,Passenger Car,25,2011.0,Honda,CRV,17,Sunday,12
MCP27030019,170501960,Montgomery County Police,Property Damage Crash,2017-04-13 17:09:00,US (State),COLUMBIA PIKE,FAIRLAND RD,SAME DIRECTION LEFT TURN,CLEAR,DRY,DAYLIGHT,NO CONTROLS,Unknown,No,No Apparent Injury,NOT DISTRACTED,PA,Passenger Car,50,2012.0,Ford,TK,17,Thursday,4
MCP3010009B,240006947,MONTGOMERY,Property Damage Crash,2024-02-12 10:11:00,County Route,NICHOLSON LA,Unknown,"Sideswipe, Same Direction",Cloudy,Dry,Daylight,No Controls,"Not Suspect of Alcohol Use, Not Suspect of Drug Use",No,No Apparent Injury,Not Distracted,VA,Passenger Car,30,2015.0,Acura,MDX,10,Monday,2
MCP3374001F,230059775,Montgomery County Police,Injury Crash,2023-10-10 22:50:00,Unknown,Unknown,Unknown,HEAD ON LEFT TURN,CLEAR,Unknown,DARK LIGHTS ON,Unknown,NONE DETECTED,No,Suspected Minor Injury,LOOKED BUT DID NOT SEE,MD,Passenger Car,5,2019.0,Honda,TK,22,Tuesday,10
MCP27760025,170550989,Montgomery County Police,Injury Crash,2017-12-28 02:50:00,County,BRIGGS CHANEY RD,NEW HAMPSHIRE AVE,SINGLE VEHICLE,CLEAR,DRY,DARK NO LIGHTS,NO CONTROLS,NONE DETECTED,Yes,Suspected Serious Injury,UNKNOWN,MD,Passenger Car,35,2002.0,Pontiac,AZTEK,2,Thursday,12
MCP14380086,190015268,Montgomery County Police,Property Damage Crash,2019-04-02 15:15:00,Maryland (State),MONTGOMERY VILLAGE AVE,FREDERICK RD,SAME DIR REAR END,CLOUDY,DRY,DAYLIGHT,NO CONTROLS,NONE DETECTED,Yes,No Apparent Injury,NOT DISTRACTED,VA,Van,35,2018.0,Dodg,VN,15,Tuesday,4
MCP27230044,190005496,Montgomery County Police,Property Damage Crash,2019-02-04 12:30:00,County,RANDOLPH RD,HAMMONTON PL,SINGLE VEHICLE,Unknown,DRY,DAYLIGHT,NO CONTROLS,Unknown,Yes,No Apparent Injury,NOT DISTRACTED,GA,Passenger Car,45,2017.0,Toyota,CAMRY,12,Monday,2
MCP1505000S,16053968,Montgomery County Police,Property Damage Crash,2016-10-20 09:25:00,County,BETHESDA CHURCH RD,RIDGE RD,ANGLE MEETS LEFT TURN,CLEAR,DRY,DAYLIGHT,NO CONTROLS,Unknown,No,No Apparent Injury,NOT DISTRACTED,MD,Passenger Car,25,2014.0,Ford,FUSION,9,Thursday,10
MCP26990018,180064488,Montgomery County Police,Injury Crash,2018-12-26 00:36:00,Maryland (State),ROCKVILLE PIKE,ENT TO FEDERAL PLAZA S.C.,HEAD ON LEFT TURN,CLEAR,DRY,DARK LIGHTS ON,FLASHING TRAFFIC SIGNAL,Unknown,No,Suspected Minor Injury,NOT DISTRACTED,MD,Passenger Car,40,2008.0,Mercedes,C350,0,Wednesday,12
MCP3196001Z,210020087,Montgomery County Police,Property Damage Crash,2021-05-27 15:18:00,County,WISTERIA DR,CRYSTAL ROCK DR,STRAIGHT MOVEMENT ANGLE,CLEAR,DRY,DAYLIGHT,Unknown,NONE DETECTED,Yes,No Apparent Injury,UNKNOWN,MD,Passenger Car,30,2014.0,Ford,TAURUS,15,Thursday,5
MCP28860024,17006329,Montgomery County Police,Property Damage Crash,2017-02-05 15:51:00,Unknown,Unknown,Unknown,OTHER,Unknown,Unknown,DAYLIGHT,Unknown,ALCOHOL PRESENT,Yes,No Apparent Injury,LOOKED BUT DID NOT SEE,MD,Passenger Car,0,1998.0,Ford,RANGER,15,Sunday,2
MCP2916000Z,15047755,MONTGOMERY,Injury Crash,2015-09-21 07:07:00,US (State),COLUMBIA PIKE,MUSGROVE RD,SAME DIR REAR END,CLEAR,DRY,DAYLIGHT,NO CONTROLS,Unknown,No,Suspected Minor Injury,NOT DISTRACTED,MD,Passenger Car,50,2005.0,Toyota,CAMRY,7,Monday,9