Report Number,Local Case Number,Agency Name,ACRS Report Type,Crash Date/Time,Route Type,Road Name,Cross-Street Name,Collision Type,Weather,Surface Condition,Light,Traffic Control,Driver Substance Abuse,Driver At Fault,Injury Severity,Driver Distracted By,Drivers License State,Vehicle Body Type,Speed Limit,Vehicle Year,Vehicle Make,Vehicle Model,Crash Hour,Crash Day,Crash Month
MCP285900DP,230051259,Montgomery County Police,Injury Crash,2023-08-25 11:30:00,County,SHADY GROVE RD,EISENHOWER MEMORIAL HWY,STRAIGHT MOVEMENT ANGLE,CLEAR,DRY,DAYLIGHT,TRAFFIC SIGNAL,NONE DETECTED,Yes,No Apparent Injury,UNKNOWN,MD,Passenger Car,40,2015.0,Ford,4D,11,Friday,8
DD561500GK,240024380,ROCKVILLE,Property Damage Crash,2024-05-23 10:45:00,Municipality Route,SPRING AVE,Unknown,Other,Rain,Wet,Daylight,No Controls,"Not Suspect of Alcohol Use, Not Suspect of Drug Use",No,No Apparent Injury,Not Distracted,MD,Pickup,25,2004.0,Chevrolet,SILVERADO HD,10,Thursday,5
MCP1221002M,16053954,Montgomery County Police,Property Damage Crash,2016-10-20 09:05:00,County,GREAT SENECA HWY,MEDICAL CENTER DR,SAME DIR REAR END,CLEAR,DRY,DAYLIGHT,NO CONTROLS,NONE DETECTED,No,No Apparent Injury,NOT DISTRACTED,MD,Passenger Car,45,2010.0,Acura,TSX,9,Thursday,10
MCP3123004S,220049613,Montgomery County Police,Injury Crash,2022-11-10 06:41:00,County,CRABBS BRANCH WAY,ENT TO THE GROVE SHOPPING CENTER,STRAIGHT MOVEMENT ANGLE,CLEAR,DRY,DAWN,NO CONTROLS,Unknown,No,Suspected Minor Injury,NOT DISTRACTED,MD,Passenger Car,25,2008.0,Acura,TL,6,Thursday,11
MCP3058001X,180041268,Montgomery County Police,Property Damage Crash,2018-08-19 17:35:00,County,TRAVILAH RD,PINEY MEETINGHOUSE RD,STRAIGHT MOVEMENT ANGLE,CLEAR,DRY,DAYLIGHT,STOP SIGN,NONE DETECTED,Yes,No Apparent Injury,INATTENTIVE OR LOST IN THOUGHT,MD,Passenger Car,30,2009.0,Toyota,HY,17,Sunday,8
MCP3170004F,250047717,MONTGOMERY,Property Damage Crash,2025-10-23 19:54:00,County Route,RICHTER FARM RD (EB/L),KINGS CROSSING BLVD KINGS CROSSING BLVD (EB/L),Angle,Clear,Dry,Dark - Not Lighted,Stop Sign,"Unknown, Unknown",No,No Apparent Injury,Unknown,MD,Passenger Car,40,2020.0,Jeep,GRAND CHEROKEE,19,Thursday,10
DD55820028,210039935,Rockville Police Departme,Property Damage Crash,2021-10-07 03:13:00,Maryland (State),HUNGERFORD DR,N WASHINGTON ST,SINGLE VEHICLE,CLEAR,DRY,DARK LIGHTS ON,FLASHING TRAFFIC SIGNAL,UNKNOWN,Yes,No Apparent Injury,UNKNOWN,Unknown,Passenger Car,25,2019.0,Volk,4S,3,Thursday,10
MCP30940057,240053744,MONTGOMERY,Property Damage Crash,2024-11-08 18:30:00,County Route,AIRPARK RD,Unknown,Single Vehicle,Clear,Dry,Dark - Lighted,No Controls,"Not Suspect of Alcohol Use, Not Suspect of Drug Use",No,No Apparent Injury,Not Distracted,MD,Passenger Car,45,2014.0,Chevrolet,MALIBU,18,Friday,11
MCP2861000V,15005503,Montgomery County Police,Injury Crash,2015-02-03 16:01:00,Maryland (State),ROCKVILLE PIKE,OLD GEORGETOWN RD,OTHER,CLEAR,DRY,DAYLIGHT,TRAFFIC SIGNAL,NONE DETECTED,No,Possible Injury,NOT DISTRACTED,MD,Passenger Car,45,2012.0,Nissan,4D,16,Tuesday,2
MCP2877006Y,190026617,Montgomery County Police,Injury Crash,2019-06-04 10:25:00,Maryland (State),16TH ST,EAST WEST HWY,SAME DIR REAR END,CLEAR,DRY,DAYLIGHT,TRAFFIC SIGNAL,NONE DETECTED,Yes,No Apparent Injury,NOT DISTRACTED,MD,Passenger Car,35,2018.0,Bmw,X1,10,Tuesday,6
MCP2703004H,240040817,MONTGOMERY,Property Damage Crash,2024-08-28 19:47:00,Government Route,SLIGO CREEK PKWY,COLESVILLE RD COLESVILLE RD (SB/L) ST ANDREWS WAY,"Sideswipe, Same Direction",Clear,Dry,Dusk,No Controls,"Not Suspect of Alcohol Use, Not Suspect of Drug Use",No,No Apparent Injury,Not Distracted,MD,Passenger Car,35,2018.0,Hyundai,GENESIS,19,Wednesday,8
MCP3097003D,240061983,MONTGOMERY,Injury Crash,2024-12-29 03:56:00,County Route,13TH ST,Unknown,Single Vehicle,Rain,Wet,Dark - Lighted,No Controls,"Not Suspect of Alcohol Use, Not Suspect of Drug Use",No,Suspected Minor Injury,Unknown,MS,Passenger Car,35,2014.0,Toyota,CAMRY,3,Sunday,12
MCP2052004B,250023926,MONTGOMERY,Injury Crash,2025-05-29 17:54:00,County Route,LOCKWOOD DR,Unknown,Front to Rear,Clear,Dry,Daylight,Traffic Control Signal,"Not Suspect of Alcohol Use, Not Suspect of Drug Use",Yes,No Apparent Injury,Unknown,MD,Passenger Car,40,2007.0,Acura,TSX,17,Thursday,5
MCP2239002R,240049606,MONTGOMERY,Property Damage Crash,2024-10-17 08:19:00,County Route,WATTS BRANCH DR,Unknown,Angle,Clear,Dry,Daylight,Stop Sign,"Not Suspect of Alcohol Use, Not Suspect of Drug Use",No,No Apparent Injury,Not Distracted,MD,Sport Utility Vehicle,25,2023.0,Audi,Q5,8,Thursday,10
MCP27070030,230035210,Montgomery County Police,Property Damage Crash,2023-07-24 11:37:00,Unknown,Unknown,Unknown,STRAIGHT MOVEMENT ANGLE,CLEAR,Unknown,DAYLIGHT,Unknown,NONE DETECTED,Yes,No Apparent Injury,UNKNOWN,VA,"Other Light Trucks (10,000Lbs (4,536Kg) Or Less)",5,2004.0,Chevrolet,SILVERADO,11,Monday,7
MCP1519000X,16042283,Montgomery County Police,Injury Crash,2016-08-20 12:15:00,Maryland (State),WOODFIELD RD,VALLEY PARK DR,SAME DIR REAR END,CLEAR,DRY,DAYLIGHT,NO CONTROLS,NONE DETECTED,No,Possible Injury,NOT DISTRACTED,MD,Van,40,2013.0,Honda,ODYSSEY,12,Saturday,8
MCP2615003N,200026479,Montgomery County Police,Property Damage Crash,2020-07-01 11:35:00,County,SHADY GROVE RD,FREDERICK RD,SAME DIR BOTH LEFT TURN,CLEAR,DRY,DAYLIGHT,TRAFFIC SIGNAL,UNKNOWN,Yes,No Apparent Injury,UNKNOWN,Unknown,Van,45,2019.0,Mercedes,XX,11,Wednesday,7
MCP3255002Z,220003968,Montgomery County Police,Injury Crash,2022-01-29 22:00:00,Maryland (State),QUINCE ORCHARD RD,SPUR TO MD 355,SAME DIR REAR END,CLEAR,DRY,DARK -- UNKNOWN LIGHTING,TRAFFIC SIGNAL,Unknown,Yes,No Apparent Injury,LOOKED BUT DID NOT SEE,MD,(Sport) Utility Vehicle,35,2015.0,Lexus,NX 200T,22,Saturday,1
MCP2780002Y,170506692,Montgomery County Police,Property Damage Crash,2017-05-08 19:56:00,Unknown,Unknown,Unknown,STRAIGHT MOVEMENT ANGLE,CLOUDY,Unknown,DAYLIGHT,NO CONTROLS,NONE DETECTED,No,No Apparent Injury,NOT DISTRACTED,MD,Police Vehicle/Non Emergency,15,2005.0,Ford,CROWN VICTORIA,19,Monday,5
MCP3132000D,180047605,Montgomery County Police,Property Damage Crash,2018-09-23 20:21:00,Maryland (State),CONNECTICUT AVE,CHEVY CHASE CIR,SAME DIRECTION RIGHT TURN,RAINING,WET,DARK LIGHTS ON,YIELD SIGN,UNKNOWN,Yes,No Apparent Injury,UNKNOWN,Unknown,Passenger Car,15,2011.0,Honda,CRV,20,Sunday,9
MCP2039009N,230072375,Montgomery County Police,Injury Crash,2023-12-18 13:20:00,Maryland (State),MUNCASTER MILL RD,SWEETBIRCH DR,ANGLE MEETS LEFT TURN,CLOUDY,DRY,DAYLIGHT,STOP SIGN,Unknown,Yes,No Apparent Injury,LOOKED BUT DID NOT SEE,MD,Passenger Car,35,2005.0,Honda,PILOT,13,Monday,12
MCP2639008B,190050628,Montgomery County Police,Property Damage Crash,2019-10-22 09:21:00,County,RANDOLPH RD,KEMP MILL RD,SAME DIR REAR END,RAINING,WET,DAYLIGHT,TRAFFIC SIGNAL,NONE DETECTED,Yes,No Apparent Injury,NOT DISTRACTED,MD,School Bus,45,2008.0,Thomas,SCHOOL BUS,9,Tuesday,10
EJ7869002Q,190011015,Gaithersburg Police Depar,Property Damage Crash,2019-03-09 18:51:00,Municipality,ODENDHAL AVE,RUSSELL AVE,SAME DIRECTION SIDESWIPE,CLEAR,DRY,DARK LIGHTS ON,YIELD SIGN,NONE DETECTED,No,No Apparent Injury,NOT DISTRACTED,MD,Transit Bus,30,2009.0,Gill,BU,18,Saturday,3
MCP1151003L,15054285,MONTGOMERY,Injury Crash,2015-10-26 09:14:00,Maryland (State),GERMANTOWN RD,GOLDENROD LA,STRAIGHT MOVEMENT ANGLE,CLEAR,DRY,DAYLIGHT,TRAFFIC SIGNAL,NONE DETECTED,No,Possible Injury,NOT DISTRACTED,MD,Transit Bus,30,2013.0,Gill,BUS,9,Monday,10
MCP3144000G,180051648,Montgomery County Police,Injury Crash,2018-10-15 15:53:00,County,SPRINGER RD,SPRINGER CT,OTHER,RAINING,WET,DAYLIGHT,NO CONTROLS,NONE DETECTED,Yes,Possible Injury,DISTRACTED BY OUTSIDE PERSON OBJECT OR EVENT,MD,Passenger Car,25,2018.0,Honda,CRV,15,Monday,10
MCP33130010,220028117,Montgomery County Police,Injury Crash,2022-06-30 11:47:00,Maryland (State),GEORGIA AVE,ASPEN HILL RD,STRAIGHT MOVEMENT ANGLE,CLEAR,DRY,DAYLIGHT,TRAFFIC SIGNAL,NONE DETECTED,Unknown,Suspected Minor Injury,NOT DISTRACTED,VA,Passenger Car,35,2013.0,Lexus,CT200H,11,Thursday,6
DD5601003T,180032568,Rockville Police Departme,Property Damage Crash,2018-07-02 12:30:00,Municipality,W GUDE DR,RESEARCH BLVD,SAME DIR REAR END,CLEAR,DRY,DAYLIGHT,TRAFFIC SIGNAL,Unknown,No,No Apparent Injury,NOT DISTRACTED,MD,Passenger Car,35,2011.0,Ford,TK,12,Monday,7
MCP11190040,170514793,Montgomery County Police,Injury Crash,2017-06-20 17:31:00,County,DALEWOOD DR,RANDOLPH RD,HEAD ON LEFT TURN,Unknown,DRY,DAYLIGHT,TRAFFIC SIGNAL,NONE DETECTED,No,Possible Injury,NOT DISTRACTED,MD,Van,25,2001.0,Chrysler,TOWN & COUNTRY,17,Tuesday,6
EJ7781004J,230059642,Gaithersburg Police Depar,Property Damage Crash,2023-10-11 11:02:00,Unknown,Unknown,Unknown,STRAIGHT MOVEMENT ANGLE,CLEAR,Unknown,DAYLIGHT,NO CONTROLS,NONE DETECTED,No,No Apparent Injury,NOT DISTRACTED,MD,Passenger Car,15,2018.0,Toyt,RAV4,11,Wednesday,10
DD56050056,180010758,Rockville Police Departme,Property Damage Crash,2018-03-02 11:20:00,Maryland (State),HUNGERFORD DR,N WASHINGTON ST,STRAIGHT MOVEMENT ANGLE,SEVERE WINDS,DRY,DAYLIGHT,TRAFFIC SIGNAL,NONE DETECTED,No,No Apparent Injury,NOT DISTRACTED,MD,Passenger Car,40,2004.0,Hond,4S,11,Friday,3
MCP203900C6,250000778,MONTGOMERY,Injury Crash,2025-01-07 08:00:00,Maryland (State) Route,VEIRS MILL RD,Unknown,Front to Rear,Clear,Wet,Daylight,Traffic Control Signal,"Not Suspect of Alcohol Use, Not Suspect of Drug Use",No,No Apparent Injury,Not Distracted,MD,Sport Utility Vehicle,35,2024.0,Jeep,GRAND CHEROKEE,8,Tuesday,1
MCP2356001J,190056505,Montgomery County Police,Property Damage Crash,2019-11-22 16:50:00,Municipality,WOOTTON PKWY,SEVEN LOCKS RD,SAME DIR REAR END,CLEAR,DRY,DUSK,TRAFFIC SIGNAL,NONE DETECTED,Yes,No Apparent Injury,NOT DISTRACTED,MD,Passenger Car,35,2019.0,Honda,ODYSSEY,16,Friday,11
MCP137800N2,180052046,Montgomery County Police,Property Damage Crash,2018-10-17 16:18:00,Interstate (State),EISENHOWER MEMORIAL HWY,MIDDLEBROOK RD,SAME DIR REAR END,CLEAR,DRY,DAYLIGHT,NO CONTROLS,NONE DETECTED,No,No Apparent Injury,NOT DISTRACTED,MD,(Sport) Utility Vehicle,55,2007.0,Lexu,RX350,16,Wednesday,10
MCP2874001J,16029636,Montgomery County Police,Injury Crash,2016-06-12 18:39:00,Maryland (State),VEIRS MILL RD,NEWPORT MILL RD,HEAD ON LEFT TURN,CLEAR,DRY,DAYLIGHT,TRAFFIC SIGNAL,NONE DETECTED,No,Suspected Minor Injury,NOT DISTRACTED,MD,Passenger Car,30,2011.0,Suba,SW,18,Sunday,6
MCP27080071,210026857,Montgomery County Police,Injury Crash,2021-07-12 15:25:00,Maryland (State),NEW HAMPSHIRE AVE,ELTON RD,STRAIGHT MOVEMENT ANGLE,CLEAR,DRY,DAYLIGHT,TRAFFIC SIGNAL,NONE DETECTED,No,Possible Injury,NOT DISTRACTED,MD,(Sport) Utility Vehicle,30,2011.0,Nissan,ROGUE,15,Monday,7
MCP9385000J,200007396,Montgomery County Police,Injury Crash,2020-02-13 17:42:00,County,SHADY GROVE RD,GAITHER RD,SAME DIR REAR END,CLOUDY,DRY,DARK LIGHTS ON,Unknown,NONE DETECTED,No,Possible Injury,NOT DISTRACTED,MD,(Sport) Utility Vehicle,40,2017.0,Ford,EDG,17,Thursday,2
DD56530040,240054937,ROCKVILLE,Property Damage Crash,2024-11-15 22:29:00,Municipality Route,WADE AVE,Unknown,Front to Rear,Clear,Dry,Dark - Lighted,No Controls,"Suspect of Alcohol Use, Suspect of Drug Use",No,No Apparent Injury,Unknown,MD,Passenger Car,25,2016.0,Infiniti,QX50,22,Friday,11
MCP3096000R,180024759,Montgomery County Police,Injury Crash,2018-05-20 14:26:00,County,E GUDE DR,DOVER RD,SINGLE VEHICLE,CLEAR,DRY,DAYLIGHT,NO CONTROLS,NONE DETECTED,Yes,Suspected Minor Injury,USING DEVICE OBJECT BROUGHT INTO VEHICLE,ME,Passenger Car,35,2005.0,Gmc,TK,14,Sunday,5
MCP1305006M,250056800,MONTGOMERY,Property Damage Crash,2025-12-20 00:34:00,County Route,SHADY SPRING DR,COTTONWOOD TERR,Front to Front,Clear,Dry,Dark - Lighted,Stop Sign,"Not Suspect of Alcohol Use, Not Suspect of Drug Use",No,No Apparent Injury,Not Distracted,MD,Passenger Car,25,2017.0,Toyota,RAV4,0,Saturday,12
MCP2875008M,240015964,MONTGOMERY,Property Damage Crash,2024-04-05 16:57:00,Unknown,Unknown,Unknown,Other,Cloudy,Unknown,Daylight,Unknown,"Not Suspect of Alcohol Use, Not Suspect of Drug Use",No,No Apparent Injury,Not Distracted,MD,Bus - School,0,2015.0,Freightliner,B2 BUS CHASSIS,16,Friday,4
MCP28440019,15066279,Montgomery County Police,Injury Crash,2015-12-26 17:32:00,Maryland (State),GEORGIA AVE,VEIRS MILL RD,OTHER,CLEAR,DRY,DARK LIGHTS ON,NO CONTROLS,NONE DETECTED,Unknown,No Apparent Injury,NOT DISTRACTED,NJ,Passenger Car,35,1999.0,Audi,A4,17,Saturday,12
MCP2686002M,180019615,Montgomery County Police,Injury Crash,2018-04-22 00:05:00,Maryland (State),GERMANTOWN RD,CLOPPER RD,SAME DIR REAR END,CLEAR,DRY,DARK LIGHTS ON,TRAFFIC SIGNAL,ALCOHOL PRESENT,Yes,Suspected Minor Injury,OTHER DISTRACTION,MD,Passenger Car,40,2017.0,Nissan,ALTIMA,0,Sunday,4
MCP23560022,210051764,Montgomery County Police,Property Damage Crash,2021-12-19 19:15:00,County,SHADY GROVE RD,GAITHER RD,ANGLE MEETS RIGHT TURN,CLEAR,DRY,DARK LIGHTS ON,TRAFFIC SIGNAL,NONE DETECTED,Yes,No Apparent Injury,UNKNOWN,MD,Passenger Car,40,2013.0,Mazda,6,19,Sunday,12
MCP2967007C,250050655,MONTGOMERY,Property Damage Crash,2025-11-11 16:05:00,County Route,MONTROSE PKWY (WB/L),Unknown,"Sideswipe, Same Direction",Clear,Dry,Daylight,No Controls,"Not Suspect of Alcohol Use, Not Suspect of Drug Use",No,No Apparent Injury,Unknown,MD,Sport Utility Vehicle,35,2020.0,Subaru,FORESTER,16,Tuesday,11
MCP2960000Y,16014459,MONTGOMERY,Property Damage Crash,2016-03-24 10:33:00,Maryland (State),NORBECK RD,TWIN VALLEY CT,SINGLE VEHICLE,CLEAR,DRY,DAYLIGHT,NO CONTROLS,Unknown,No,No Apparent Injury,NOT DISTRACTED,MD,Passenger Car,35,2016.0,Ram,VAN,10,Thursday,3
MCP2689002M,16065454,Montgomery County Police,Property Damage Crash,2016-12-21 13:36:00,County,TWINBROOK PKWY,HALPINE RD,SAME DIR REAR END,CLEAR,DRY,DAYLIGHT,WARNING SIGN,NONE DETECTED,Yes,No Apparent Injury,UNKNOWN,MD,Passenger Car,35,2012.0,Nissan,ROGUE,13,Wednesday,12
MCP2966004M,180035635,Montgomery County Police,Property Damage Crash,2018-07-18 21:00:00,County,LONGMEAD CROSSING DR,LADY MEADE DR,SAME DIR REAR END,CLEAR,DRY,DARK -- UNKNOWN LIGHTING,NO CONTROLS,NONE DETECTED,Yes,No Apparent Injury,NOT DISTRACTED,VA,Passenger Car,25,2002.0,Toyota,RAV4,21,Wednesday,7
MCP9118004N,240037325,MONTGOMERY,Property Damage Crash,2024-08-07 22:39:00,County Route,AMHERST AVE,Unknown,Front to Rear,Rain,Wet,Dark - Not Lighted,No Controls,"Unknown, Unknown",No,No Apparent Injury,Unknown,Unknown,Passenger Car,25,1995.0,Honda,ACCORD,22,Wednesday,8
DD5643003L,240007734,ROCKVILLE,Property Damage Crash,2024-02-16 17:57:00,Municipality Route,FALLSGROVE BLVD (WB/L),Unknown,Other,Clear,Dry,Dark - Lighted,Traffic Control Signal,"Not Suspect of Alcohol Use, Not Suspect of Drug Use",No,No Apparent Injury,Not Distracted,MD,Passenger Car,35,2019.0,Jeep,WRANGLER,17,Friday,2
MCP2388000P,15063882,MONTGOMERY,Property Damage Crash,2015-12-14 16:46:00,Maryland (State),MUNCASTER MILL RD,MEADOWSIDE LA,SAME DIR REAR END,RAINING,WET,DARK NO LIGHTS,NO CONTROLS,NONE DETECTED,Yes,No Apparent Injury,NOT DISTRACTED,TX,Passenger Car,40,2004.0,Mercedes,E320,16,Monday,12
MCP29040044,170538037,Montgomery County Police,Injury Crash,2017-10-21 17:11:00,Maryland (State),PINEY BRANCH RD,BARRON ST,STRAIGHT MOVEMENT ANGLE,CLEAR,DRY,DAYLIGHT,TRAFFIC SIGNAL,NONE DETECTED,Yes,No Apparent Injury,NOT DISTRACTED,MD,Passenger Car,35,2013.0,Chevrolet,CAMARO,17,Saturday,10
MCP27100015,16040933,Montgomery County Police,Injury Crash,2016-08-12 14:51:00,County,AIRPARK RD,MUNCASTER MILL RD,SINGLE VEHICLE,RAINING,WET,DAYLIGHT,Unknown,NONE DETECTED,Yes,Suspected Minor Injury,UNKNOWN,MD,All Terrain Vehicle (Atv),40,2004.0,Niss,XTERRA,14,Friday,8
MCP2627001F,180059725,Montgomery County Police,Injury Crash,2018-11-29 17:45:00,Maryland (State),MASSACHUSETTS AVE,WESTMORELAND CIR,SAME DIRECTION SIDESWIPE,CLEAR,DRY,DARK LIGHTS ON,NO CONTROLS,NONE DETECTED,Unknown,Suspected Minor Injury,NOT DISTRACTED,MD,Passenger Car,35,2011.0,Toyota,RAV4,17,Thursday,11
MCP3073003D,190018387,Montgomery County Police,Injury Crash,2019-04-19 18:28:00,County,WELLER RD,CONNECTICUT AVE,STRAIGHT MOVEMENT ANGLE,RAINING,WET,DAYLIGHT,TRAFFIC SIGNAL,Unknown,No,Suspected Serious Injury,UNKNOWN,MD,Passenger Car,45,2004.0,Ford,RANGER,18,Friday,4
MCP2016008M,250014005,MONTGOMERY,Injury Crash,2025-03-31 13:51:00,Municipality Route,TAFT CT,E GUDE DR (WB/L),Angle,Clear,Dry,Daylight,Traffic Control Signal,"Not Suspect of Alcohol Use, Not Suspect of Drug Use",No,Suspected Minor Injury,Not Distracted,MD,Passenger Car,35,2010.0,Ford,FUSION,13,Monday,3
MCP32550031,220005067,Montgomery County Police,Property Damage Crash,2022-02-05 20:00:00,County,WATKINS MILL RD,STEDWICK RD,SAME DIR REAR END,CLEAR,DRY,DARK LIGHTS ON,TRAFFIC SIGNAL,Unknown,No,No Apparent Injury,NOT DISTRACTED,MD,Passenger Car,35,2018.0,Toyt,TACOMA,20,Saturday,2
MCP23480059,190036020,Montgomery County Police,Property Damage Crash,2019-07-28 20:48:00,Maryland (State),GEORGIA AVE,ARCOLA AVE,SAME DIR REAR END,CLEAR,DRY,DARK LIGHTS ON,NO CONTROLS,NONE DETECTED,No,No Apparent Injury,NOT DISTRACTED,MD,Passenger Car,35,2002.0,Toyt,4S,20,Sunday,7
MCP33170018,230054528,Montgomery County Police,Property Damage Crash,2023-09-12 20:06:00,Maryland (State),PINEY BRANCH RD,UNIVERSITY BLVD E,HEAD ON LEFT TURN,CLEAR,DRY,DARK LIGHTS ON,NO CONTROLS,NONE DETECTED,No,No Apparent Injury,NOT DISTRACTED,MD,Passenger Car,35,2014.0,Honda,CIVIC,20,Tuesday,9
MCP2239002Z,250022695,MONTGOMERY,Property Damage Crash,2025-05-22 13:06:00,County Route,PINEY MEETINGHOUSE RD (SB/L),Unknown,Angle,Rain,Wet,Daylight,Stop Sign,"Not Suspect of Alcohol Use, Not Suspect of Drug Use",Yes,No Apparent Injury,Unknown,MD,Sport Utility Vehicle,30,2025.0,Toyota,HIGHLANDER,13,Thursday,5
MCP26620036,240012382,MONTGOMERY,Property Damage Crash,2024-03-15 00:06:00,Private Route,Unknown,CRYSTAL ROCK DR,Front to Rear,Clear,Dry,Dark - Lighted,No Controls,"Suspect of Alcohol Use, Not Suspect of Drug Use",Yes,No Apparent Injury,Not Distracted,MD,Pickup,25,2004.0,Ford,F-150,0,Friday,3
MCP3173001J,200047728,Montgomery County Police,Property Damage Crash,2020-12-04 23:02:00,Maryland (State),GEORGIA AVE,ENNALLS AVE,SAME DIRECTION SIDESWIPE,CLEAR,DRY,DARK LIGHTS ON,Unknown,ALCOHOL PRESENT,Yes,No Apparent Injury,TALKING OR LISTENING TO CELLULAR PHONE,MD,Passenger Car,25,2017.0,Toyt,CAMRY,23,Friday,12
MCP33880016,240018798,MONTGOMERY,Injury Crash,2024-04-22 16:05:00,County Route,BELVEDERE PL,FOREST GLEN RD,Other,Clear,Dry,Daylight,No Controls,"Not Suspect of Alcohol Use, Not Suspect of Drug Use",No,Suspected Minor Injury,Not Distracted,MD,Passenger Car,30,2016.0,Toyota,COROLLA,16,Monday,4
MCP2739001R,180013292,Montgomery County Police,Property Damage Crash,2018-03-17 01:00:00,Unknown,Unknown,Unknown,OTHER,CLEAR,Unknown,Unknown,NO CONTROLS,NONE DETECTED,Yes,No Apparent Injury,NOT DISTRACTED,MD,Police Vehicle/Non Emergency,25,2016.0,Ford,INTERCEPTOR,1,Saturday,3
MCP3387003D,250045440,MONTGOMERY,Property Damage Crash,2025-10-09 16:20:00,County Route,SLIGO AVE,Unknown,Angle,Clear,Dry,Daylight,No Controls,"Not Suspect of Alcohol Use, Not Suspect of Drug Use",No,No Apparent Injury,Not Distracted,MD,Passenger Car,35,2014.0,Honda,CIVIC,16,Thursday,10
MCP33810024,240051503,MONTGOMERY,Property Damage Crash,2024-10-27 15:53:00,County Route,RIDGE RD,Unknown,Front to Rear,Clear,Dry,Daylight,No Controls,"Unknown, Unknown",Yes,No Apparent Injury,Unknown,MD,Passenger Car,45,2010.0,Honda,ACCORD,15,Sunday,10
MCP29370047,220016211,Montgomery County Police,Injury Crash,2022-04-16 21:45:00,County,GREENCASTLE RD,OLD COLUMBIA PIKE,SINGLE VEHICLE,CLEAR,DRY,DARK LIGHTS ON,TRAFFIC SIGNAL,NONE DETECTED,Yes,No Apparent Injury,LOOKED BUT DID NOT SEE,MD,Passenger Car,35,2014.0,Honda,ACCORD,21,Saturday,4
MCP11510036,15037063,MONTGOMERY,Property Damage Crash,2015-07-27 11:40:00,County,PINNACLE DR,CENTURY BLVD,SAME DIRECTION SIDESWIPE,CLOUDY,DRY,DAYLIGHT,NO CONTROLS,NONE DETECTED,Yes,No Apparent Injury,NOT DISTRACTED,MD,Van,25,2001.0,Gmc,SAFARI,11,Monday,7
MCP30930021,190027558,Montgomery County Police,Property Damage Crash,2019-06-09 18:10:00,Maryland (State),EAST WEST HWY,MEADOWBROOK LA,OTHER,RAINING,WET,DAYLIGHT,Unknown,Unknown,No,No Apparent Injury,NOT DISTRACTED,MD,Van,35,2015.0,Dodge,VAN,18,Sunday,6
DM8476004P,230010606,Takoma Park Police Depart,Property Damage Crash,2023-03-03 17:50:00,Unknown,Unknown,Unknown,SAME DIR REAR END,RAINING,Unknown,DARK LIGHTS ON,Unknown,Unknown,No,No Apparent Injury,NOT DISTRACTED,MD,Passenger Car,10,2010.0,Hond,SD,17,Friday,3
MCP29420039,180007755,Montgomery County Police,Property Damage Crash,2018-02-14 14:13:00,Maryland (State),ROCKVILLE PIKE,WILSON DR,SAME DIR REAR END,Unknown,DRY,DAYLIGHT,TRAFFIC SIGNAL,NONE DETECTED,Yes,No Apparent Injury,NOT DISTRACTED,MD,Pickup Truck,35,2011.0,Chevy,SILVERADO,14,Wednesday,2
MCP229800CF,17009403,Montgomery County Police,Property Damage Crash,2017-02-21 18:40:00,County,CLARKSBURG RD,SPIRE ST,SAME DIR REAR END,CLEAR,DRY,DARK NO LIGHTS,NO CONTROLS,NONE DETECTED,Yes,No Apparent Injury,BY MOVING OBJECT IN VEHICLE,MD,(Sport) Utility Vehicle,35,2005.0,Jeep,LAREDO,18,Tuesday,2
MCP30790062,240007273,MONTGOMERY,Property Damage Crash,2024-02-14 08:05:00,County Route,DAVIS MILL RD,Unknown,Front to Rear,Clear,Dry,Daylight,No Controls,"Not Suspect of Alcohol Use, Not Suspect of Drug Use",Yes,No Apparent Injury,Unknown,MD,Passenger Car,30,2020.0,Subaru,OUTBACK,8,Wednesday,2
MCP3141001C,190047569,Montgomery County Police,Injury Crash,2019-10-04 08:11:00,Unknown,Unknown,Unknown,SINGLE VEHICLE,Unknown,Unknown,DAYLIGHT,NO CONTROLS,UNKNOWN,Unknown,No Apparent Injury,LOOKED BUT DID NOT SEE,MD,Passenger Car,5,2015.0,Mini,COOPER,8,Friday,10
MCP0833001L,210019689,Montgomery County Police,Injury Crash,2021-05-25 06:30:00,County,MUNCASTER RD,ROLLING DR,SINGLE VEHICLE,CLEAR,DRY,DAYLIGHT,NO CONTROLS,NONE DETECTED,Yes,Possible Injury,NOT DISTRACTED,MD,Passenger Car,30,2005.0,Honda,ACCORD,6,Tuesday,5
MCP2048001D,170526442,Montgomery County Police,Injury Crash,2017-08-23 18:00:00,US (State),COLUMBIA PIKE,FAIRLAND RD,SAME DIR REAR END,CLEAR,DRY,DAYLIGHT,NO CONTROLS,NONE DETECTED,No,Possible Injury,NOT DISTRACTED,MD,Passenger Car,50,2007.0,Mini,COOPER,18,Wednesday,8