Report Number,Local Case Number,Agency Name,ACRS Report Type,Crash Date/Time,Route Type,Road Name,Cross-Street Name,Collision Type,Weather,Surface Condition,Light,Traffic Control,Driver Substance Abuse,Driver At Fault,Injury Severity,Driver Distracted By,Drivers License State,Vehicle Body Type,Speed Limit,Vehicle Year,Vehicle Make,Vehicle Model,Crash Hour,Crash Day,Crash Month
MCP2000001H,220022261,Montgomery County Police,Injury Crash,2022-05-24 23:42:00,Maryland (State),RIDGE RD,FREDERICK RD,SAME DIR REAR END,CLEAR,DRY,DARK LIGHTS ON,TRAFFIC SIGNAL,NONE DETECTED,No,No Apparent Injury,NOT DISTRACTED,MD,Passenger Car,40,2019.0,Bmw,X7,23,Tuesday,5
HA2288000G,17001394,Maryland-National Capital,Property Damage Crash,2017-10-19 11:15:00,County,WESTLAKE DR,WESTLAKE TERR,UNKNOWN,CLEAR,DRY,DAYLIGHT,Unknown,Unknown,No,No Apparent Injury,NOT DISTRACTED,MD,"Other Light Trucks (10,000Lbs (4,536Kg) Or Less)",30,2009.0,Hino,TK,11,Thursday,10
MCP1099000G,15038608,MONTGOMERY,Property Damage Crash,2015-08-04 07:29:00,County,MUNCASTER RD,HOLLINGSWORTH DR,SAME DIR REAR END,CLEAR,WET,DAWN,Unknown,Unknown,Yes,No Apparent Injury,NOT DISTRACTED,MD,Passenger Car,35,2009.0,Honda,CIVIC,7,Tuesday,8
MCP31900063,240031646,MONTGOMERY,Property Damage Crash,2024-07-05 08:44:00,Maryland (State) Route,GEORGIA AVE (SB/L),EMORY LA,Single Vehicle,Clear,Dry,Daylight,Pedestrian Crossing Sign,"Not Suspect of Alcohol Use, Not Suspect of Drug Use",No,No Apparent Injury,Not Distracted,MD,Passenger Car,30,2015.0,Jeep,GRAND CHEROKEE,8,Friday,7
MCP2798000T,15010682,Montgomery County Police,Property Damage Crash,2015-03-08 04:50:00,Maryland (State),UNIVERSITY BLVD W,BRUNETT AVE,SINGLE VEHICLE,CLEAR,DRY,DARK LIGHTS ON,NO CONTROLS,ALCOHOL PRESENT,Yes,No Apparent Injury,OTHER DISTRACTION,MD,Passenger Car,35,2015.0,Ford,FOCUS,4,Sunday,3
MCP271700SF,200035238,Montgomery County Police,Property Damage Crash,2020-09-08 17:30:00,Maryland (State),RIVER RD,GOLDSBORO RD,SAME DIRECTION LEFT TURN,CLEAR,DRY,DAYLIGHT,TRAFFIC SIGNAL,NONE DETECTED,Unknown,No Apparent Injury,NOT DISTRACTED,MD,Transit Bus,35,2009.0,Gillig,TRANSIT BUS,17,Tuesday,9
DD5630003F,210011368,Rockville Police Departme,Property Damage Crash,2021-03-26 15:26:00,Maryland (State),VEIRS MILL RD,ARDENNES AVE,STRAIGHT MOVEMENT ANGLE,CLEAR,DRY,DAYLIGHT,NO CONTROLS,NONE DETECTED,No,No Apparent Injury,NOT DISTRACTED,MD,Passenger Car,40,2020.0,Jeep,TK,15,Friday,3
MCP3174002H,200035520,Montgomery County Police,Property Damage Crash,2020-09-10 15:40:00,County,WIGHTMAN RD,GOSHEN RD,SAME DIRECTION SIDESWIPE,RAINING,WET,DAYLIGHT,TRAFFIC SIGNAL,NONE DETECTED,Yes,No Apparent Injury,LOOKED BUT DID NOT SEE,MD,Passenger Car,35,2002.0,Mazda,PROTEGE,15,Thursday,9
MCP2931001M,16048604,Montgomery County Police,Property Damage Crash,2016-09-21 18:35:00,Maryland (State),DARNESTOWN RD,MARTINSBURG RD,SINGLE VEHICLE,CLEAR,Unknown,DAYLIGHT,NO CONTROLS,Unknown,Yes,No Apparent Injury,OTHER DISTRACTION,MD,Passenger Car,40,2016.0,Ford,EXPLORER,18,Wednesday,9
EJ7895001J,220018513,Gaithersburg Police Depar,Property Damage Crash,2022-05-01 15:30:00,County,FIELDS RD,SPUR TO SAM EIG HWY,OTHER,RAINING,WET,DAYLIGHT,TRAFFIC SIGNAL,NONE DETECTED,Yes,No Apparent Injury,UNKNOWN,MD,Passenger Car,35,2015.0,Jeep,TK,15,Sunday,5
MCP2717004D,15066576,Montgomery County Police,Injury Crash,2015-12-28 13:45:00,Maryland (State),ROCKVILLE PIKE,EDSON LA,SAME DIR REAR END,CLEAR,DRY,DAYLIGHT,NO CONTROLS,NONE DETECTED,No,Suspected Minor Injury,NOT DISTRACTED,MD,Passenger Car,40,2008.0,Honda,CIVIC,13,Monday,12
MCP3430000H,250029593,MONTGOMERY,Property Damage Crash,2025-07-01 13:01:00,Municipality Route,VEIRS MILL SERV RD,TWINBROOK PKWY,"Sideswipe, Same Direction",Clear,Dry,Daylight,No Controls,"Not Suspect of Alcohol Use, Not Suspect of Drug Use",No,No Apparent Injury,Not Distracted,MD,Pickup,25,2009.0,Ford,F-250,13,Tuesday,7
MCP30160040,220054453,Montgomery County Police,Property Damage Crash,2022-12-09 13:29:00,Maryland (State),GERMANTOWN RD,CRYSTAL ROCK DR,SAME DIRECTION RIGHT TURN,CLEAR,DRY,DAYLIGHT,OTHER,Unknown,No,No Apparent Injury,NOT DISTRACTED,MD,Transit Bus,40,2019.0,Gillig,COUNTY BUS,13,Friday,12
MCP30090024,190056441,Montgomery County Police,Property Damage Crash,2019-11-22 12:00:00,County,GERMANTOWN RD,ROUNDABOUT,SINGLE VEHICLE,RAINING,WET,DAYLIGHT,NO CONTROLS,Unknown,Yes,No Apparent Injury,NOT DISTRACTED,MD,Passenger Car,35,2010.0,Toyt,4S,12,Friday,11
MCP22030075,230049236,Montgomery County Police,Property Damage Crash,2023-08-13 12:20:00,County,VEIRS MILL SERV RD,BUSHEY DR,ANGLE MEETS LEFT HEAD ON,CLEAR,DRY,DAYLIGHT,NO CONTROLS,NONE DETECTED,Yes,No Apparent Injury,NOT DISTRACTED,MD,(Sport) Utility Vehicle,15,2021.0,Chevy,TRAILBLAZER,12,Sunday,8
MCP272600BZ,240057182,MONTGOMERY,Property Damage Crash,2024-11-29 11:15:00,Unknown,Unknown,Unknown,Single Vehicle,Clear,Unknown,Daylight,Unknown,"Not Suspect of Alcohol Use, Not Suspect of Drug Use",Yes,No Apparent Injury,Not Distracted,MD,Passenger Car,0,2015.0,Honda,CR-V,11,Friday,11
MCP29540044,170536538,Montgomery County Police,Property Damage Crash,2017-10-13 21:00:00,Unknown,Unknown,Unknown,OPPOSITE DIRECTION SIDESWIPE,RAINING,Unknown,DARK LIGHTS ON,Unknown,NONE DETECTED,No,No Apparent Injury,NOT DISTRACTED,MD,Passenger Car,5,2012.0,Hond,4S,21,Friday,10
MCP29770008,15022679,Montgomery County Police,Injury Crash,2015-05-12 15:58:00,Maryland (State),UNIVERSITY BLVD E,MERRIMAC DR,STRAIGHT MOVEMENT ANGLE,CLEAR,DRY,DAYLIGHT,STOP SIGN,UNKNOWN,Yes,Suspected Minor Injury,UNKNOWN,DC,Passenger Car,25,1996.0,Honda,ACCORD,15,Tuesday,5
EJ787300BH,250031280,GAITHERSBURG,Property Damage Crash,2025-07-14 00:27:00,Maryland (State) Route,W DIAMOND AVE,Unknown,Front to Rear,Clear,Dry,Dark - Lighted,No Controls,"Suspect of Alcohol Use, Not Suspect of Drug Use",Yes,No Apparent Injury,Unknown,MD,Passenger Car,35,2016.0,Honda,CIVIC,0,Monday,7
MCP285900J5,250021376,MONTGOMERY,Property Damage Crash,2025-05-15 09:00:00,County Route,CENTERWAY RD,Unknown,Front to Rear,Cloudy,Wet,Daylight,No Controls,"Not Suspect of Alcohol Use, Not Suspect of Drug Use",No,No Apparent Injury,Not Distracted,MD,Pickup,30,2015.0,Chevrolet,SILVERADO,9,Thursday,5
MCP2763002H,190054955,Montgomery County Police,Injury Crash,2019-11-14 17:35:00,Municipality,RUSSELL AVE,CHRISTOPHER AVE,HEAD ON LEFT TURN,CLEAR,DRY,DARK LIGHTS ON,TRAFFIC SIGNAL,NONE DETECTED,No,Suspected Minor Injury,NOT DISTRACTED,MD,Passenger Car,35,2017.0,Hyundai,SONATA,17,Thursday,11
MCP1563008V,230061243,Montgomery County Police,Property Damage Crash,2023-10-18 13:03:00,Maryland (State),BRADLEY BLVD,FAIRFAX RD,SAME DIRECTION RIGHT TURN,CLOUDY,DRY,DAYLIGHT,TRAFFIC SIGNAL,NONE DETECTED,No,No Apparent Injury,NOT DISTRACTED,MD,Ambulance/Emergency,25,2018.0,Freightliner,AMBULANCE,13,Wednesday,10
MCP2274000T,16036290,Montgomery County Police,Property Damage Crash,2016-07-18 06:52:00,County,SHADY GROVE RD,CHOKE CHERRY RD,HEAD ON LEFT TURN,CLEAR,DRY,DAYLIGHT,TRAFFIC SIGNAL,NONE DETECTED,Yes,No Apparent Injury,UNKNOWN,MD,Passenger Car,40,2015.0,Chevrolet,EXPRESS VAN,6,Monday,7
MCP2940008Q,250052034,MONTGOMERY,Property Damage Crash,2025-11-20 08:45:00,Maryland (State) Route,CONNECTICUT AVE,Unknown,Front to Rear,Cloudy,Dry,Daylight,No Controls,"Unknown, Unknown",No,No Apparent Injury,Unknown,Unknown,Single-Unit Truck,35,2007.0,Kenworth,W9 SERIES,8,Thursday,11
MCP30480042,180051967,Montgomery County Police,Injury Crash,2018-10-17 09:30:00,County,CEDAR LA,ELMHIRST PKWY,SAME DIR REAR END,CLEAR,DRY,DAYLIGHT,NO CONTROLS,Unknown,No,Possible Injury,NOT DISTRACTED,MD,Passenger Car,30,2016.0,Nissan,PATHFINDER,9,Wednesday,10
MCP20470025,170549493,Montgomery County Police,Property Damage Crash,2017-12-19 12:53:00,Municipality,WOOTTON PKWY,W EDMONSTON DR,HEAD ON LEFT TURN,CLEAR,DRY,DAYLIGHT,TRAFFIC SIGNAL,NONE DETECTED,Yes,No Apparent Injury,NOT DISTRACTED,MD,Passenger Car,30,2011.0,Hyun,4S,12,Tuesday,12
MCP2549004W,15061716,MONTGOMERY,Property Damage Crash,2015-12-03 10:50:00,Unknown,Unknown,Unknown,SAME DIRECTION SIDESWIPE,CLEAR,Unknown,DAYLIGHT,NO CONTROLS,NONE DETECTED,Yes,No Apparent Injury,NOT DISTRACTED,MD,"Cargo Van/Light Truck 2 Axles (Over 10,000Lbs (4,536 Kg))",15,2009.0,Ford,E150,10,Thursday,12
MCP13890021,180055515,Montgomery County Police,Injury Crash,2018-11-05 17:40:00,County,SNOUFFERS SCHOOL RD,CHERRY LAUREL LA,HEAD ON LEFT TURN,RAINING,WET,DARK LIGHTS ON,TRAFFIC SIGNAL,NONE DETECTED,No,No Apparent Injury,NOT DISTRACTED,MD,Van,40,2016.0,Toyota,SIENA,17,Monday,11
DD55020020,16005276,Rockville Police Departme,Injury Crash,2016-02-01 17:39:00,Maryland (State),ROCKVILLE PIKE,MONROE PL,HEAD ON LEFT TURN,RAINING,WET,DARK LIGHTS ON,Unknown,NONE DETECTED,No,No Apparent Injury,NOT DISTRACTED,MD,Passenger Car,35,2011.0,Chevy,4D,17,Monday,2
DD5615006Z,190013959,Rockville Police Departme,Property Damage Crash,2019-03-26 14:38:00,Maryland (State),VEIRS MILL RD,FIRST ST,SAME DIR REAR END,CLEAR,DRY,DAYLIGHT,TRAFFIC SIGNAL,NONE DETECTED,No,No Apparent Injury,NOT DISTRACTED,MD,Passenger Car,35,2016.0,Toyota,CAMRY,14,Tuesday,3
MCP2992003C,210035809,Montgomery County Police,Property Damage Crash,2021-09-11 20:32:00,Maryland (State),LAYHILL RD,BALLOWS WAY,STRAIGHT MOVEMENT ANGLE,CLEAR,DRY,DARK LIGHTS ON,NO CONTROLS,Unknown,Yes,No Apparent Injury,LOOKED BUT DID NOT SEE,MD,Passenger Car,40,2015.0,Chevrolet,CAMERO,20,Saturday,9
MCP2820001L,15046862,MONTGOMERY,Injury Crash,2015-09-16 10:02:00,Maryland (State),GEORGIA AVE,LINDELL ST,SAME DIR REAR END,CLEAR,DRY,DAYLIGHT,Unknown,NONE DETECTED,Yes,Suspected Minor Injury,NOT DISTRACTED,MD,Passenger Car,35,2015.0,Vw,JETTA,10,Wednesday,9
DM8370000D,16029203,Takoma Park Police Depart,Property Damage Crash,2016-06-10 12:39:00,Municipality,TAKOMA AVE,PHILADELPHIA AVE,SAME DIR REAR END,CLEAR,DRY,DAYLIGHT,Unknown,NONE DETECTED,Yes,No Apparent Injury,NOT DISTRACTED,MD,Pickup Truck,25,2009.0,Chevrolet,PICKUP,12,Friday,6
MCP3280004Y,240011555,MONTGOMERY,Property Damage Crash,2024-03-10 13:25:00,US (State),COLUMBIA PIKE,Unknown,Front to Rear,Clear,Dry,Daylight,No Controls,"Unknown, Unknown",No,No Apparent Injury,Unknown,Unknown,Passenger Car,50,2007.0,Toyota,HIGHLANDER,13,Sunday,3
MCP24970012,170543904,Montgomery County Police,Injury Crash,2017-11-20 15:10:00,County,SHADY GROVE RD,GUDELSKY WAY,SAME DIR REAR END,Unknown,DRY,DAYLIGHT,TRAFFIC SIGNAL,NONE DETECTED,No,Suspected Minor Injury,NOT DISTRACTED,MD,Passenger Car,40,2008.0,Bmw,CP,15,Monday,11
MCP3096001J,180050743,Montgomery County Police,Property Damage Crash,2018-10-10 16:20:00,Maryland (State),HUNGERFORD DR,MANNAKEE ST,STRAIGHT MOVEMENT ANGLE,CLEAR,DRY,DAYLIGHT,TRAFFIC SIGNAL,NONE DETECTED,Yes,No Apparent Injury,LOOKED BUT DID NOT SEE,MD,Passenger Car,35,2015.0,Toyota,SIENNA,16,Wednesday,10
EJ78560029,17005406,Gaithersburg Police Depar,Property Damage Crash,2017-01-31 12:57:00,Maryland (State),S FREDERICK RD,S SUMMIT AVE,HEAD ON LEFT TURN,CLEAR,DRY,DAYLIGHT,TRAFFIC SIGNAL,Unknown,Yes,No Apparent Injury,UNKNOWN,MD,Passenger Car,30,2012.0,Hyundai,ACCENT,12,Tuesday,1
MCP22030085,240006095,MONTGOMERY,Property Damage Crash,2024-02-07 09:35:00,County Route,TIVOLI LAKE BLVD,RANDOLPH RD,"Sideswipe, Opposite Direction",Clear,Dry,Daylight,Traffic Control Signal,"Not Suspect of Alcohol Use, Not Suspect of Drug Use",No,No Apparent Injury,Not Distracted,MD,Passenger Car,25,2000.0,Nissan,MAXIMA,9,Wednesday,2
MCP311100BK,250049977,MONTGOMERY,Property Damage Crash,2025-11-07 07:20:00,County Route,SPRING ST,16TH ST (SB/L),"Sideswipe, Same Direction",Clear,Dry,Dawn,Traffic Control Signal,"Not Suspect of Alcohol Use, Not Suspect of Drug Use",No,No Apparent Injury,Not Distracted,MD,Passenger Car,30,2015.0,Toyota,RAV4,7,Friday,11
MCP2656004W,200041452,Montgomery County Police,Injury Crash,2020-10-20 19:00:00,County,MIDDLEBROOK RD,RAMP 6 FR MIDDLEBROOK RD EB TO IS 270 SB,OTHER,Unknown,DRY,DARK NO LIGHTS,FLASHING TRAFFIC SIGNAL,Unknown,Yes,No Apparent Injury,NOT DISTRACTED,MD,Passenger Car,40,2016.0,Hyundai,ACCENT,19,Tuesday,10
MCP2864003H,200031717,Montgomery County Police,Property Damage Crash,2020-08-14 15:14:00,Maryland (State),DARNESTOWN RD,ORCHARD DR,SAME DIR REAR END,CLEAR,DRY,DAYLIGHT,NO CONTROLS,NONE DETECTED,Yes,No Apparent Injury,INATTENTIVE OR LOST IN THOUGHT,WI,Passenger Car,40,2013.0,Hyundai,SONATA,15,Friday,8
MCP3445000P,250033579,MONTGOMERY,Injury Crash,2025-07-28 12:40:00,County Route,Unknown,Unknown,Front to Rear,Clear,Dry,Daylight,No Controls,"Not Suspect of Alcohol Use, Not Suspect of Drug Use",No,Possible Injury,Not Distracted,MD,Passenger Car,30,2012.0,Mercedes-Benz,C-CLASS,12,Monday,7
MCP9386004R,170509549,Montgomery County Police,Property Damage Crash,2017-05-24 07:31:00,County,BROOKVILLE RD,LYTTONSVILLE PL,STRAIGHT MOVEMENT ANGLE,CLOUDY,WET,DAYLIGHT,STOP SIGN,NONE DETECTED,No,No Apparent Injury,NOT DISTRACTED,MD,"Cargo Van/Light Truck 2 Axles (Over 10,000Lbs (4,536 Kg))",30,2014.0,Mack,DUMP TRUCK,7,Wednesday,5
MCP3173003L,250045679,MONTGOMERY,Property Damage Crash,2025-10-11 00:30:00,Maryland (State) Route,GREAT SENECA HWY,Unknown,Single Vehicle,Clear,Dry,Dark - Lighted,No Controls,"Suspect of Alcohol Use, Not Suspect of Drug Use",No,No Apparent Injury,Unknown,MD,Passenger Car,55,1998.0,Chevrolet,CORVETTE,0,Saturday,10
MCP2870000W,15034105,MONTGOMERY,Property Damage Crash,2015-07-11 20:59:00,Maryland (State),NEW HAMPSHIRE AVE,ADELPHI RD,SAME DIR REAR END,CLEAR,DRY,DUSK,Unknown,NONE DETECTED,No,No Apparent Injury,NOT DISTRACTED,DC,Passenger Car,40,2000.0,Merc,GRAN MARQ,20,Saturday,7
MCP22980114,220037904,Montgomery County Police,Property Damage Crash,2022-09-01 14:56:00,Maryland (State),OLNEY SANDY SPRING RD,VILLAGE CENTER DR,HEAD ON LEFT TURN,CLEAR,DRY,DAYLIGHT,TRAFFIC SIGNAL,NONE DETECTED,Yes,No Apparent Injury,LOOKED BUT DID NOT SEE,MD,Police Vehicle/Emergency,35,2000.0,Toyt,AVALON,14,Thursday,9
MCP29090013,16043702,Montgomery County Police,Property Damage Crash,2016-08-27 18:56:00,County,ARLINGTON RD,HAMPDEN LA,SAME DIRECTION LEFT TURN,CLEAR,DRY,DAYLIGHT,Unknown,NONE DETECTED,No,No Apparent Injury,NOT DISTRACTED,MD,Passenger Car,35,2014.0,Infiniti,SEDAN,18,Saturday,8
DD5601003J,180011582,Rockville Police Departme,Property Damage Crash,2018-03-07 15:30:00,Maryland (State),HUNGERFORD DR,BEALL AVE #2,SAME DIR REAR END,CLEAR,DRY,DAYLIGHT,NO CONTROLS,Unknown,Yes,No Apparent Injury,UNKNOWN,MD,Passenger Car,35,2017.0,Honda,CIVIC,15,Wednesday,3
MCP308600BB,240029864,MONTGOMERY,Injury Crash,2024-06-24 11:58:00,County Route,MIDCOUNTY HWY,SHADY GROVE RD (SB/L),Angle,Clear,Dry,Daylight,Traffic Control Signal,"Not Suspect of Alcohol Use, Not Suspect of Drug Use",Yes,No Apparent Injury,Not Distracted,MD,Sport Utility Vehicle,45,2022.0,Hyundai,VENUE,11,Monday,6
MCP29360014,16046957,Montgomery County Police,Injury Crash,2016-09-13 15:41:00,Maryland (State),CONNECTICUT AVE,CHEVY CHASE LAKE DR,SAME DIR REAR END,CLEAR,DRY,DAYLIGHT,TRAFFIC SIGNAL,NONE DETECTED,No,No Apparent Injury,NOT DISTRACTED,MD,(Sport) Utility Vehicle,35,2016.0,Bmw,XS,15,Tuesday,9
MCP12120011,170534723,Montgomery County Police,Injury Crash,2017-10-04 14:09:00,Maryland (State),FREDERICK RD,STRUC #15053 LITTLE BENNETT CREEK,SAME DIR REAR END,CLEAR,DRY,DAYLIGHT,NO CONTROLS,NONE DETECTED,No,Suspected Minor Injury,NOT DISTRACTED,MB,Passenger Car,30,2005.0,Buick,SUV,14,Wednesday,10
DD56510004,210017522,Rockville Police Departme,Injury Crash,2021-05-10 10:10:00,Maryland (State),HUNGERFORD DR,MANNAKEE ST,HEAD ON LEFT TURN,CLEAR,DRY,DAYLIGHT,TRAFFIC SIGNAL,NONE DETECTED,Yes,No Apparent Injury,NOT DISTRACTED,MD,Passenger Car,40,1999.0,Jeep,CHEROKEE,10,Monday,5
MCP2108000D,16054368,Montgomery County Police,Injury Crash,2016-10-22 03:22:00,County,BALTIMORE RD,PARKVALE RD,HEAD ON,Unknown,WET,DARK NO LIGHTS,NO CONTROLS,ALCOHOL CONTRIBUTED,Yes,Possible Injury,LOOKED BUT DID NOT SEE,MD,Passenger Car,25,2011.0,Chev,IMPALA,3,Saturday,10
MCP2198009C,210016936,Montgomery County Police,Property Damage Crash,2021-05-05 19:57:00,Maryland (State),GREAT SENECA HWY,QUINCE ORCHARD RD,OPPOSITE DIRECTION SIDESWIPE,CLEAR,DRY,DAYLIGHT,Unknown,Unknown,No,No Apparent Injury,NOT DISTRACTED,MD,Passenger Car,45,2014.0,Ford,FUSION,19,Wednesday,5
MCP27280047,170531010,Montgomery County Police,Property Damage Crash,2017-09-16 20:24:00,Maryland (State),NEW HAMPSHIRE AVE,RAMP 5 FR MD 650 SB TO IS 495 EB,SAME DIR REAR END,Unknown,DRY,DARK LIGHTS ON,NO CONTROLS,NONE DETECTED,No,No Apparent Injury,NOT DISTRACTED,DC,Passenger Car,40,2016.0,Subaru,XV CROSSTR,20,Saturday,9
HA2485001F,25000305,MCPARK,Property Damage Crash,2025-02-25 09:15:00,Unknown,Unknown,Unknown,Front to Rear,Cloudy,Unknown,Daylight,Unknown,"Not Suspect of Alcohol Use, Not Suspect of Drug Use",No,No Apparent Injury,Not Distracted,MD,"Construction Equipment (Backhoe, Bulldozer, Etc.)",0,2018.0,Bc,BC,9,Tuesday,2
MCP3059003K,190001840,Montgomery County Police,Injury Crash,2019-01-11 19:29:00,County,BEL PRE RD,CONNECTICUT AVE,HEAD ON LEFT TURN,CLEAR,DRY,DARK LIGHTS ON,TRAFFIC SIGNAL,NONE DETECTED,Yes,No Apparent Injury,UNKNOWN,VA,(Sport) Utility Vehicle,35,2002.0,Kia,SPORTAGE,19,Friday,1
MCP3076003C,200036587,Montgomery County Police,Property Damage Crash,2020-09-18 09:23:00,County,WAYNE AVE,GEORGIA AVE,SAME DIRECTION LEFT TURN,CLOUDY,DRY,DAYLIGHT,TRAFFIC SIGNAL,NONE DETECTED,No,No Apparent Injury,NOT DISTRACTED,MD,Transit Bus,35,2012.0,Gillig,LOW FLOOR,9,Friday,9
MCP3173002Z,230023195,Montgomery County Police,Injury Crash,2023-05-18 18:10:00,Maryland (State),NEW HAMPSHIRE AVE,CLOVERLY ST,ANGLE MEETS LEFT HEAD ON,CLEAR,DRY,DAYLIGHT,NO CONTROLS,NONE DETECTED,Yes,No Apparent Injury,LOOKED BUT DID NOT SEE,MD,Passenger Car,45,2018.0,Honda,ACCORD,18,Thursday,5
MCP30260071,210040980,Montgomery County Police,Property Damage Crash,2021-10-13 12:50:00,Maryland (State),CONNECTICUT AVE,TAYLOR ST,SAME DIRECTION SIDESWIPE,CLEAR,DRY,DAYLIGHT,NO CONTROLS,NONE DETECTED,No,No Apparent Injury,NOT DISTRACTED,VA,Transit Bus,35,2016.0,Transit,BUS,12,Wednesday,10
MCP2846002M,17009760,Montgomery County Police,Property Damage Crash,2017-02-23 12:00:00,Maryland (State),GEORGIA AVE,RANDOLPH RD,SAME DIRECTION SIDESWIPE,CLEAR,DRY,DAYLIGHT,NO CONTROLS,UNKNOWN,Yes,No Apparent Injury,INATTENTIVE OR LOST IN THOUGHT,MD,Passenger Car,40,2000.0,Chev,ASTRO,12,Thursday,2
MCP13890028,190015923,Montgomery County Police,Injury Crash,2019-04-05 20:15:00,County,GAME PRESERVE RD,CLOPPER RD,STRAIGHT MOVEMENT ANGLE,RAINING,WET,DARK NO LIGHTS,NO CONTROLS,Unknown,No,No Apparent Injury,NOT DISTRACTED,MD,Pickup Truck,25,1995.0,Toyota,SR5,20,Friday,4
MCP3190005R,240007640,MONTGOMERY,Injury Crash,2024-02-16 10:50:00,County Route,EMORY LA,GEORGIA AVE,Front to Rear,Clear,Dry,Daylight,Lane Use Control Signal,"Not Suspect of Alcohol Use, Not Suspect of Drug Use",No,No Apparent Injury,Not Distracted,MD,Passenger Car,45,2018.0,Ford,E-350,10,Friday,2
MCP30680070,250055507,MONTGOMERY,Injury Crash,2025-12-11 13:50:00,Maryland (State) Route,WISCONSIN AVE,Unknown,Single Vehicle,Clear,Dry,Daylight,No Controls,"Not Suspect of Alcohol Use, Not Suspect of Drug Use",No,No Apparent Injury,Not Distracted,MD,Sport Utility Vehicle,30,2020.0,Lexus,NX,13,Thursday,12
MCP30230021,180000690,Montgomery County Police,Injury Crash,2018-01-05 09:45:00,County,LIVINGSTON ST,SHERATON ST,STRAIGHT MOVEMENT ANGLE,CLEAR,DRY,DAYLIGHT,STOP SIGN,NONE DETECTED,No,Possible Injury,NOT DISTRACTED,MD,Passenger Car,25,2009.0,Honda,ACCORD,9,Friday,1
MCP3429000H,250020805,MONTGOMERY,Property Damage Crash,2025-05-12 19:40:00,Maryland (State) Route,VEIRS MILL RD,CONNECTICUT AVE,Angle,Clear,Dry,Daylight,Traffic Control Signal,"Suspect of Alcohol Use, Not Suspect of Drug Use",Yes,No Apparent Injury,Unknown,Unknown,Passenger Car,35,2009.0,Honda,CIVIC,19,Monday,5
DD5648000V,220026511,Rockville Police Departme,Property Damage Crash,2022-06-20 01:14:00,Municipality,FIRST ST,TAFT ST,UNKNOWN,Unknown,DRY,DARK LIGHTS ON,Unknown,ALCOHOL CONTRIBUTED,Yes,No Apparent Injury,UNKNOWN,MD,Passenger Car,30,2017.0,Bmw,M4,1,Monday,6
MCP2893003W,180021539,Montgomery County Police,Property Damage Crash,2018-05-02 16:30:00,County,SAM EIG HWY,SPUR TO DIAMONDBACK DR,SAME DIR REAR END,CLEAR,DRY,DAYLIGHT,YIELD SIGN,NONE DETECTED,No,No Apparent Injury,NOT DISTRACTED,MD,Passenger Car,25,2012.0,Honda,PILOT,16,Wednesday,5
MCP3114001J,190046699,Montgomery County Police,Injury Crash,2019-09-29 16:45:00,County,BROADBIRCH DR,CHERRY HILL RD,SAME DIRECTION SIDESWIPE,Unknown,Unknown,DAYLIGHT,TRAFFIC SIGNAL,ALCOHOL PRESENT,Yes,No Apparent Injury,LOOKED BUT DID NOT SEE,PA,Passenger Car,30,2017.0,Honda,CIVIC,16,Sunday,9
MCP26760025,16057850,Montgomery County Police,Property Damage Crash,2016-11-09 17:31:00,County,FLOWER HILL WAY,WOODFIELD RD,STRAIGHT MOVEMENT ANGLE,OTHER,WET,DARK LIGHTS ON,STOP SIGN,Unknown,Yes,No Apparent Injury,NOT DISTRACTED,MD,(Sport) Utility Vehicle,25,2002.0,Chev,TK,17,Wednesday,11
DD55020023,16009213,Rockville Police Departme,Property Damage Crash,2016-02-24 09:56:00,Municipality,MONROE ST,E MIDDLE LA,SAME DIRECTION LEFT TURN,RAINING,WET,DAYLIGHT,NO CONTROLS,NONE DETECTED,Yes,No Apparent Injury,NOT DISTRACTED,MD,Other,25,2007.0,Dodg,VN,9,Wednesday,2
MCP3164002L,190059433,Montgomery County Police,Injury Crash,2019-12-10 06:25:00,County,RANDOLPH RD,GARDEN GATE RD,OPPOSITE DIRECTION SIDESWIPE,RAINING,WET,DARK NO LIGHTS,TRAFFIC SIGNAL,NONE DETECTED,No,No Apparent Injury,NOT DISTRACTED,MD,Passenger Car,35,2015.0,Gmc,ACADIA,6,Tuesday,12
MCP23510023,180021304,Montgomery County Police,Property Damage Crash,2018-05-01 14:28:00,County,RANDOLPH RD,NEBEL ST,SAME DIR REAR END,CLEAR,DRY,DAYLIGHT,RAILWAY CROSSING DEVICE,NONE DETECTED,Yes,No Apparent Injury,UNKNOWN,MD,Passenger Car,40,2003.0,Honda,CIVIC,14,Tuesday,5
MCP32070013,200030273,Montgomery County Police,Property Damage Crash,2020-08-04 16:40:00,US (State),COLUMBIA PIKE,TECH RD,SAME DIRECTION SIDESWIPE,CLEAR,DRY,DAYLIGHT,Unknown,NONE DETECTED,No,No Apparent Injury,NOT DISTRACTED,VA,Passenger Car,50,2018.0,Hyuandi,SONATA,16,Tuesday,8
MCP25940037,170540446,Montgomery County Police,Injury Crash,2017-11-02 12:49:00,Maryland (State),NORBECK RD,LAYHILL RD,OTHER,CLEAR,DRY,DAYLIGHT,NO CONTROLS,NONE DETECTED,Yes,Suspected Minor Injury,OTHER DISTRACTION,MD,Passenger Car,45,2017.0,Ford,FOCUS,12,Thursday,11