Report Number,Local Case Number,Agency Name,ACRS Report Type,Crash Date/Time,Route Type,Road Name,Cross-Street Name,Collision Type,Weather,Surface Condition,Light,Traffic Control,Driver Substance Abuse,Driver At Fault,Injury Severity,Driver Distracted By,Drivers License State,Vehicle Body Type,Speed Limit,Vehicle Year,Vehicle Make,Vehicle Model,Crash Hour,Crash Day,Crash Month
MCP2043001Z,210018672,Montgomery County Police,Property Damage Crash,2021-05-18 00:36:00,County,MIDCOUNTY HWY,SAYBROOKE OAKS BLVD,SAME DIR REAR END,CLOUDY,DRY,DARK LIGHTS ON,Unknown,ALCOHOL CONTRIBUTED,Yes,No Apparent Injury,UNKNOWN,MD,Passenger Car,45,2014.0,Merz,SD,0,Tuesday,5
MCP29360010,16027216,Montgomery County Police,Property Damage Crash,2016-05-31 18:41:00,Maryland (State),EAST WEST HWY,CONNECTICUT AVE,SAME DIR REAR END,CLEAR,DRY,DAYLIGHT,NO CONTROLS,NONE DETECTED,No,No Apparent Injury,NOT DISTRACTED,MD,Passenger Car,30,2004.0,Lincoln,LS,18,Tuesday,5
MCP12910036,200049014,Montgomery County Police,Property Damage Crash,2020-12-12 15:50:00,Maryland (State),FREDERICK RD,MONTGOMERY VILLAGE AVE,SAME DIR REAR END,CLEAR,DRY,DAYLIGHT,TRAFFIC SIGNAL,NONE DETECTED,No,No Apparent Injury,NOT DISTRACTED,MD,(Sport) Utility Vehicle,40,2006.0,Honda,PILOT,15,Saturday,12
MCP31230081,250017983,MONTGOMERY,Injury Crash,2025-04-25 14:33:00,Maryland (State) Route,Unknown,LEAMAN FARM RD,Rear To Side,Clear,Dry,Daylight,Stop Sign,"Not Suspect of Alcohol Use, Not Suspect of Drug Use",Yes,Possible Injury,Unknown,MD,Sport Utility Vehicle,35,2013.0,Nissan,ROGUE,14,Friday,4
MCP2617006H,180057484,Montgomery County Police,Property Damage Crash,2018-11-16 12:30:00,County,JEFFRY ST,ATHERTON DR,OTHER,CLEAR,WET,DAYLIGHT,NO CONTROLS,NONE DETECTED,Yes,No Apparent Injury,INATTENTIVE OR LOST IN THOUGHT,MD,Passenger Car,25,2011.0,Toyota,COROLLA,12,Friday,11
MCP1205002L,16055306,Montgomery County Police,Property Damage Crash,2016-10-27 13:55:00,Maryland (State),CONNECTICUT AVE,RAMP 8 FR MD 185 SB TO IS 495 WB,SINGLE VEHICLE,RAINING,WET,DAYLIGHT,NO CONTROLS,NONE DETECTED,Yes,No Apparent Injury,NOT DISTRACTED,MD,Passenger Car,30,1997.0,Mercedes,4 DOOR,13,Thursday,10
MCP2722002C,17012809,Montgomery County Police,Property Damage Crash,2017-03-11 11:49:00,Maryland (State),VEIRS MILL RD,CROSSOVER,SAME DIRECTION SIDESWIPE,CLEAR,DRY,DAYLIGHT,OTHER,Unknown,No,No Apparent Injury,NOT DISTRACTED,MD,Passenger Car,45,1996.0,Toyota,TERCEL,11,Saturday,3
MCP9366000D,15023943,Montgomery County Police,Property Damage Crash,2015-05-19 08:55:00,Unknown,Unknown,Unknown,Unknown,Unknown,Unknown,DAYLIGHT,Unknown,NONE DETECTED,Yes,No Apparent Injury,NOT DISTRACTED,SK,"Other Light Trucks (10,000Lbs (4,536Kg) Or Less)",15,2003.0,Toyota,CAMRY,8,Tuesday,5
MCP30340048,200036305,Montgomery County Police,Property Damage Crash,2020-09-16 12:42:00,Unknown,Unknown,Unknown,OTHER,CLEAR,Unknown,DAYLIGHT,NO CONTROLS,NONE DETECTED,No,No Apparent Injury,NOT DISTRACTED,MD,Passenger Car,10,2007.0,Bmw,525 I,12,Wednesday,9
MCP9419000V,16059382,Montgomery County Police,Property Damage Crash,2016-11-18 10:41:00,Maryland (State),FREDERICK RD,REDLAND BLVD,STRAIGHT MOVEMENT ANGLE,CLEAR,DRY,DAYLIGHT,TRAFFIC SIGNAL,NONE DETECTED,Yes,No Apparent Injury,NOT DISTRACTED,MD,Passenger Car,40,2014.0,Toyt,4S,10,Friday,11
DD5598002F,180046867,Rockville Police Departme,Property Damage Crash,2018-09-19 19:03:00,Municipality,VEIRS MILL SERV RD,OKINAWA AVE,SAME DIR REAR END,CLEAR,DRY,DUSK,Unknown,Unknown,Yes,No Apparent Injury,NOT DISTRACTED,MD,Other,35,1992.0,Gm,LLV-A,19,Wednesday,9
MCP3174002N,200037766,Montgomery County Police,Property Damage Crash,2020-09-25 20:55:00,Unknown,Unknown,Unknown,OTHER,RAINING,Unknown,DARK LIGHTS ON,NO CONTROLS,NONE DETECTED,Yes,No Apparent Injury,LOOKED BUT DID NOT SEE,MD,Van,15,2018.0,Ford,VAN,20,Friday,9
MCP3134001S,190022531,Montgomery County Police,Property Damage Crash,2019-05-13 13:35:00,Maryland (State),NEW HAMPSHIRE AVE,NORTHWEST DR,HEAD ON LEFT TURN,RAINING,WET,DAYLIGHT,TRAFFIC SIGNAL,Unknown,No,No Apparent Injury,NOT DISTRACTED,MD,Passenger Car,45,2015.0,Toyt,4S,13,Monday,5
MCP29630016,170520518,Montgomery County Police,Property Damage Crash,2017-07-22 04:01:00,US (State),GEORGIA AVE,WAYNE AVE,SINGLE VEHICLE,CLEAR,DRY,DARK LIGHTS ON,NO CONTROLS,ALCOHOL CONTRIBUTED,Yes,No Apparent Injury,OTHER DISTRACTION,DC,Passenger Car,35,2004.0,Lexas,IS300,4,Saturday,7
MCP9130007Z,190042099,Montgomery County Police,Injury Crash,2019-09-03 09:21:00,Maryland (State),PINEY BRANCH RD,CARROLL AVE,HEAD ON LEFT TURN,CLEAR,DRY,DAYLIGHT,TRAFFIC SIGNAL,NONE DETECTED,Yes,Possible Injury,UNKNOWN,MD,Passenger Car,40,2013.0,Hyundai,SONATA,9,Tuesday,9
MCP29610047,220057175,Montgomery County Police,Property Damage Crash,2022-12-25 03:40:00,Maryland (State),GEORGIA AVE,LAYHILL RD,OTHER,CLEAR,DRY,DARK LIGHTS ON,NO CONTROLS,NONE DETECTED,Yes,No Apparent Injury,NOT DISTRACTED,MD,Passenger Car,35,2011.0,Linc,MKZ,3,Sunday,12
MCP2722002Z,180010681,Montgomery County Police,Injury Crash,2018-03-01 19:41:00,Maryland (State),GEORGIA AVE,HATHAWAY DR,SAME DIR REAR END,RAINING,WET,DARK LIGHTS ON,TRAFFIC SIGNAL,Unknown,Yes,No Apparent Injury,NOT DISTRACTED,MD,(Sport) Utility Vehicle,35,2003.0,Toyt,4RUNNER,19,Thursday,3
MCP28480046,170504109,Montgomery County Police,Property Damage Crash,2017-04-25 13:04:00,Maryland (State),RIVER RD,SARATOGA AVE,SAME DIR REAR END,RAINING,WET,DAYLIGHT,NO CONTROLS,NONE DETECTED,No,No Apparent Injury,NOT DISTRACTED,MD,Passenger Car,35,2017.0,Chevrolet,IMPALA,13,Tuesday,4
DM84450025,240011746,TAKOMA,Property Damage Crash,2024-03-06 18:13:00,Unknown,Unknown,Unknown,Front to Rear,Unknown,Unknown,Unknown,Unknown,"Unknown, Unknown",Yes,No Apparent Injury,Unknown,NC,Sport Utility Vehicle,0,2015.0,Toyota,RAV4,18,Wednesday,3
MCP30800017,180056490,Montgomery County Police,Injury Crash,2018-11-10 15:52:00,Unknown,Unknown,Unknown,SAME DIR BOTH LEFT TURN,CLEAR,Unknown,DAYLIGHT,Unknown,Unknown,Yes,Possible Injury,LOOKED BUT DID NOT SEE,MD,Passenger Car,25,2008.0,Niss,4S,15,Saturday,11
MCP3113006Z,250003309,MONTGOMERY,Property Damage Crash,2025-01-23 20:45:00,US (State),COLUMBIA PIKE,Unknown,"Sideswipe, Same Direction",Clear,Dry,Dark - Not Lighted,No Controls,"Not Suspect of Alcohol Use, Not Suspect of Drug Use",No,No Apparent Injury,Not Distracted,MD,Passenger Car,35,2016.0,Bmw,535I,20,Thursday,1
MCP9379004V,230030864,Montgomery County Police,Property Damage Crash,2023-06-28 08:40:00,Maryland (State),FREDERICK RD,SHADY GROVE RD,SAME DIR REAR END,CLEAR,DRY,DAYLIGHT,TRAFFIC SIGNAL,NONE DETECTED,No,No Apparent Injury,NOT DISTRACTED,MD,Passenger Car,40,2010.0,Chev,TRAVERSE,8,Wednesday,6
MCP30170022,220051937,Montgomery County Police,Property Damage Crash,2022-11-24 02:50:00,County,MINERAL SPRINGS DR,WASHINGTON GROVE LA,SAME DIR REAR END,CLEAR,Unknown,DARK -- UNKNOWN LIGHTING,STOP SIGN,NONE DETECTED,Yes,No Apparent Injury,LOOKED BUT DID NOT SEE,MD,Passenger Car,25,2008.0,Merz,4S,2,Thursday,11
MCP30000052,250002612,MONTGOMERY,Property Damage Crash,2025-01-19 02:45:00,County Route,WISTERIA DR,GERMANTOWN RD (SB/L),Angle,Clear,Wet,Dark - Lighted,Flashing Traffic Control Signal,"Not Suspect of Alcohol Use, Not Suspect of Drug Use",No,No Apparent Injury,Not Distracted,DC,Passenger Car,40,2012.0,Honda,CIVIC,2,Sunday,1
MCP09420012,17009135,Montgomery County Police,Injury Crash,2017-02-20 09:17:00,County,ARLINGTON RD,BRADLEY BLVD,SAME DIR REAR END,CLEAR,DRY,DAYLIGHT,NO CONTROLS,NONE DETECTED,No,Possible Injury,NOT DISTRACTED,VA,Passenger Car,30,2010.0,Toyt,COROLLA,9,Monday,2
MCP3133002X,210048539,Montgomery County Police,Injury Crash,2021-11-30 09:43:00,County,RANDOLPH RD,VEIRS MILL RD,SAME DIR REAR END,CLOUDY,DRY,DAYLIGHT,TRAFFIC SIGNAL,NONE DETECTED,No,Possible Injury,NOT DISTRACTED,MD,Passenger Car,35,2011.0,Niss,ROGUE,9,Tuesday,11
MCP25520086,250043084,MONTGOMERY,Injury Crash,2025-09-25 07:48:00,County Route,DARNESTOWN RD,KEY WEST AVE,Front to Rear,Rain,Wet,Daylight,Traffic Control Signal,"Not Suspect of Alcohol Use, Not Suspect of Drug Use",No,No Apparent Injury,Not Distracted,MD,Passenger Car,40,2024.0,Subaru,CROSSTREK,7,Thursday,9
EJ78730018,190029105,Gaithersburg Police Depar,Property Damage Crash,2019-06-18 12:48:00,Maryland (State),S FREDERICK RD,CROSSOVER,OTHER,CLOUDY,DRY,DAYLIGHT,TRAFFIC SIGNAL,NONE DETECTED,No,No Apparent Injury,NOT DISTRACTED,MD,Van,35,2005.0,Ford,TK,12,Tuesday,6
MCP2192001Y,170538254,Montgomery County Police,Injury Crash,2017-10-23 07:34:00,County,RANDOLPH RD,KEMP MILL RD,SAME DIRECTION SIDESWIPE,Unknown,WET,DAYLIGHT,Unknown,NONE DETECTED,No,No Apparent Injury,NOT DISTRACTED,MD,Passenger Car,45,2008.0,Mazda,MAZDA 3,7,Monday,10
MCP3352000N,230025976,Montgomery County Police,Property Damage Crash,2023-05-30 18:53:00,County,WASHINGTONIAN BLVD,RAMP 6 FR SAM EIG HWY TO WASH. BLVD,SAME DIRECTION SIDESWIPE,CLEAR,DRY,DAYLIGHT,NO CONTROLS,UNKNOWN,Yes,No Apparent Injury,UNKNOWN,Unknown,Pickup Truck,15,2023.0,Toyota,TACOMA,18,Tuesday,5
MCP2412001Y,230049663,Montgomery County Police,Property Damage Crash,2023-08-15 19:40:00,County,GREAT SENECA HWY,DARNESTOWN RD,SAME DIR REAR END,Unknown,DRY,DUSK,TRAFFIC SIGNAL,NONE DETECTED,Yes,No Apparent Injury,UNKNOWN,MD,Passenger Car,40,2016.0,Nissan,PATHFINDER,19,Tuesday,8
MCP3133004J,230022645,Montgomery County Police,Property Damage Crash,2023-05-11 16:30:00,Maryland (State),RIDGE RD,HAWKES RD,SAME DIR REAR END,CLEAR,DRY,DAYLIGHT,NO CONTROLS,NONE DETECTED,No,No Apparent Injury,NOT DISTRACTED,MD,Passenger Car,40,2009.0,Merc,MARINER,16,Thursday,5
MCP27630025,190052359,Montgomery County Police,Property Damage Crash,2019-10-31 08:07:00,County,OMEGA DR,RESEARCH BLVD,SINGLE VEHICLE,RAINING,WET,DAYLIGHT,NO CONTROLS,NONE DETECTED,Yes,No Apparent Injury,NOT DISTRACTED,MD,Passenger Car,35,2010.0,Honda,CIVIC,8,Thursday,10
EJ7857000Z,16043716,Gaithersburg Police Depar,Injury Crash,2016-08-27 20:53:00,Municipality,KENTLANDS BLVD,GREAT SENECA HWY,HEAD ON LEFT TURN,CLEAR,DRY,DARK LIGHTS ON,TRAFFIC SIGNAL,NONE DETECTED,No,Suspected Minor Injury,NOT DISTRACTED,LA,Passenger Car,25,2013.0,Volkswagen,JETTA,20,Saturday,8
MCP2650001F,250027727,MONTGOMERY,Property Damage Crash,2025-06-21 21:57:00,Local Route,PLEASANT GATE LA,Unknown,"Sideswipe, Opposite Direction",Clear,Dry,Dark - Lighted,No Controls,"Suspect of Alcohol Use, Not Suspect of Drug Use",No,No Apparent Injury,Not Distracted,MD,Passenger Car,15,2014.0,Toyota,COROLLA,21,Saturday,6
MCP2231005V,210003826,Montgomery County Police,Injury Crash,2021-01-30 07:54:00,Maryland (State),CLOPPER RD,GAME PRESERVE RD,HEAD ON LEFT TURN,CLEAR,DRY,DAYLIGHT,NO CONTROLS,NONE DETECTED,Yes,Possible Injury,NOT DISTRACTED,MD,Passenger Car,35,2007.0,Toyota,FJ CRUISER,7,Saturday,1
MCP2372007B,240053643,MONTGOMERY,Property Damage Crash,2024-11-08 05:45:00,Interstate (State),CAPITAL BELTWAY (WB/L),Unknown,"Sideswipe, Same Direction",Clear,Dry,Dark - Lighted,No Controls,"Unknown, Unknown",Yes,No Apparent Injury,Unknown,VA,Van - Passenger (&Lt;9 Seats),55,2012.0,Nissan,NV,5,Friday,11
MCP30590025,180030152,Montgomery County Police,Property Damage Crash,2018-06-18 21:01:00,Maryland (State),LAYHILL RD,BRIGGS RD,HEAD ON,CLEAR,DRY,DARK LIGHTS ON,Unknown,NONE DETECTED,Yes,No Apparent Injury,UNKNOWN,MD,(Sport) Utility Vehicle,45,2007.0,Ford,EXPLORER,21,Monday,6
MCP289100B5,210050837,Montgomery County Police,Injury Crash,2021-12-14 14:35:00,Maryland (State),GEORGIA AVE,RAMP 5 FR MD 97 SB TO IS 495 EB,SAME DIR REAR END,CLEAR,DRY,DAYLIGHT,TRAFFIC SIGNAL,NONE DETECTED,Yes,No Apparent Injury,NOT DISTRACTED,MD,Passenger Car,35,2010.0,Acura,TL,14,Tuesday,12
MCP3024000R,170517451,Montgomery County Police,Injury Crash,2017-07-05 15:56:00,County,MIDDLEBROOK RD,WARING STATION RD,HEAD ON LEFT TURN,CLOUDY,DRY,DAYLIGHT,TRAFFIC SIGNAL,Unknown,Yes,Suspected Minor Injury,UNKNOWN,MD,Passenger Car,40,2012.0,Ford,TAURUS,15,Wednesday,7
MCP3277002K,230010667,Montgomery County Police,Property Damage Crash,2023-03-04 05:15:00,County,BRINK RD,COZY CT,SINGLE VEHICLE,CLEAR,WET,DARK NO LIGHTS,NO CONTROLS,Unknown,Yes,No Apparent Injury,UNKNOWN,Unknown,Pickup Truck,40,2003.0,Dodge,1500,5,Saturday,3
MCP27630056,250020863,MONTGOMERY,Property Damage Crash,2025-05-12 07:49:00,County Route,WIGHTMAN RD,GOSHEN RD SNOUFFERS SCHOOL RD,Angle,Clear,Dry,Daylight,Traffic Control Signal,"Not Suspect of Alcohol Use, Not Suspect of Drug Use",No,No Apparent Injury,Not Distracted,MD,Passenger Car,35,2011.0,Honda,CIVIC,7,Monday,5
EJ78550024,170525380,Gaithersburg Police Depar,Property Damage Crash,2017-08-17 16:30:00,Maryland (State),CLOPPER RD,ENT TO SHOPPING CENTER,SAME DIRECTION SIDESWIPE,CLEAR,Unknown,DAYLIGHT,NO CONTROLS,NONE DETECTED,No,No Apparent Injury,NOT DISTRACTED,MD,Passenger Car,25,2013.0,Volk,4S,16,Thursday,8
MCP25590049,200049025,Montgomery County Police,Injury Crash,2020-12-12 18:12:00,Maryland (State),DARNESTOWN RD,DUFIEF DR,STRAIGHT MOVEMENT ANGLE,CLEAR,DRY,DARK LIGHTS ON,STOP SIGN,Unknown,Yes,Suspected Serious Injury,LOOKED BUT DID NOT SEE,MD,Passenger Car,40,2007.0,Honda,ODYSSEY,18,Saturday,12
MCP26740060,250012131,MONTGOMERY,Injury Crash,2025-03-19 19:46:00,Maryland (State) Route,RIDGE RD (SB/L),Unknown,Angle,Clear,Dry,Dark - Unknown Lighting,No Controls,"Not Suspect of Alcohol Use, Not Suspect of Drug Use",No,No Apparent Injury,Not Distracted,MD,Van - Passenger (&Lt;9 Seats),40,2013.0,Dodge,GRAND CARAVAN,19,Wednesday,3
MCP27600026,190020721,Montgomery County Police,Property Damage Crash,2019-05-02 22:45:00,Municipality,FIRSTFIELD RD,CLOPPER RD,STRAIGHT MOVEMENT ANGLE,CLEAR,DRY,DARK LIGHTS ON,NO CONTROLS,Unknown,No,No Apparent Injury,NOT DISTRACTED,MD,Pickup Truck,25,2011.0,Ford,F-150,22,Thursday,5
MCP2752004S,220029822,Montgomery County Police,Property Damage Crash,2022-07-11 19:06:00,Maryland (State),OLD GEORGETOWN RD,CEDAR LA,SAME DIR REAR END,CLEAR,DRY,DAYLIGHT,TRAFFIC SIGNAL,NONE DETECTED,Yes,No Apparent Injury,INATTENTIVE OR LOST IN THOUGHT,MD,(Sport) Utility Vehicle,30,2012.0,Chev,SUBURBAN,19,Monday,7
MCP2966004Y,180050197,Montgomery County Police,Property Damage Crash,2018-10-07 20:20:00,County,WELLER RD,MATEY RD,HEAD ON LEFT TURN,CLEAR,DRY,DARK LIGHTS ON,Unknown,COMBINED SUBSTANCE PRESENT,Yes,No Apparent Injury,LOOKED BUT DID NOT SEE,MD,Passenger Car,35,2016.0,Ford,MUST,20,Sunday,10
MCP2765004Y,180050908,Montgomery County Police,Property Damage Crash,2018-10-11 14:30:00,Unknown,Unknown,Unknown,STRAIGHT MOVEMENT ANGLE,CLEAR,Unknown,DAYLIGHT,NO CONTROLS,NONE DETECTED,Yes,No Apparent Injury,LOOKED BUT DID NOT SEE,MD,Passenger Car,5,2006.0,Lexu,TK,14,Thursday,10
DD55830045,180049024,Rockville Police Departme,Injury Crash,2018-10-01 12:53:00,Maryland (State),HUNGERFORD DR,ROCKVILLE FIRE DEPARTMENT,SAME DIR REAR END,CLEAR,DRY,DAYLIGHT,TRAFFIC SIGNAL,NONE DETECTED,No,Possible Injury,NOT DISTRACTED,MD,(Sport) Utility Vehicle,35,2015.0,Hyun,TK,12,Monday,10
MCP33220028,230074214,Montgomery County Police,Property Damage Crash,2023-12-29 20:27:00,Maryland (State),VEIRS MILL RD,CENTERHILL ST,SAME DIRECTION RIGHT TURN,CLEAR,DRY,DARK LIGHTS ON,NO CONTROLS,Unknown,Yes,No Apparent Injury,UNKNOWN,Unknown,Passenger Car,35,2009.0,Ford,ECONOLINE,20,Friday,12
EJ7851005D,200007202,Gaithersburg Police Depar,Property Damage Crash,2020-02-12 19:40:00,Municipality,WEST SIDE DR,MUDDY BRANCH RD,SAME DIRECTION SIDESWIPE,RAINING,WET,DARK LIGHTS ON,NO CONTROLS,ALCOHOL PRESENT,Yes,No Apparent Injury,UNKNOWN,MD,Passenger Car,30,2002.0,Toyota,CAMRY,19,Wednesday,2
MCP22910024,170536828,Montgomery County Police,Injury Crash,2017-10-15 17:54:00,Maryland (State),CONNECTICUT AVE,BLACKTHORN ST,STRAIGHT MOVEMENT ANGLE,CLEAR,DRY,DUSK,NO CONTROLS,NONE DETECTED,Yes,No Apparent Injury,LOOKED BUT DID NOT SEE,MD,Passenger Car,30,2010.0,Toyota,SEQUOIA,17,Sunday,10
MCP2526000R,16030889,Montgomery County Police,Property Damage Crash,2016-06-18 17:10:00,Maryland (State),DARNESTOWN RD,PEACH TREE RD,HEAD ON LEFT TURN,Unknown,DRY,DAYLIGHT,NO CONTROLS,NONE DETECTED,No,No Apparent Injury,NOT DISTRACTED,MD,Passenger Car,40,2014.0,Volks,JETTA,17,Saturday,6
MCP2377000V,16055376,Montgomery County Police,Injury Crash,2016-10-27 20:03:00,County,SHADY GROVE RD,CRABBS BRANCH WAY,SAME DIR REAR END,CLEAR,DRY,DARK LIGHTS ON,TRAFFIC SIGNAL,NONE DETECTED,No,Suspected Minor Injury,NOT DISTRACTED,GA,Passenger Car,40,2013.0,Toyota,CAMRY,20,Thursday,10
MCP219800D6,230022835,Montgomery County Police,Injury Crash,2023-05-12 15:53:00,Municipality,MARKET ST E,LEANING OAK ST,STRAIGHT MOVEMENT ANGLE,CLEAR,DRY,DAYLIGHT,STOP SIGN,Unknown,No,Possible Injury,UNKNOWN,MD,Passenger Car,25,2022.0,Honda,CIVIC,15,Friday,5
MCP32940017,230004517,Montgomery County Police,Property Damage Crash,2023-01-27 18:30:00,County,CHRISTOPHER AVE,CHRISTOPHER AVE (BACK),STRAIGHT MOVEMENT ANGLE,CLEAR,DRY,DUSK,NO CONTROLS,NONE DETECTED,Yes,No Apparent Injury,NOT DISTRACTED,MD,Passenger Car,30,2021.0,Ford,EXPLORER,18,Friday,1
MCP28660074,210031093,Montgomery County Police,Injury Crash,2021-08-10 15:00:00,Maryland (State),EAST WEST HWY,CROSSOVER,SINGLE VEHICLE,CLEAR,DRY,DAYLIGHT,NO CONTROLS,NONE DETECTED,Yes,Suspected Minor Injury,UNKNOWN,MD,Passenger Car,25,2006.0,Merz,ML350,15,Tuesday,8
MCP2983002P,180031668,Montgomery County Police,Property Damage Crash,2018-06-27 16:00:00,Unknown,Unknown,Unknown,SAME DIRECTION SIDESWIPE,CLOUDY,Unknown,DAYLIGHT,Unknown,NONE DETECTED,No,No Apparent Injury,NOT DISTRACTED,DC,Passenger Car,15,2012.0,Toyota,COROLLA,16,Wednesday,6
MCP0973000S,180020154,Montgomery County Police,Injury Crash,2018-04-24 20:49:00,Other Public Roadway,WAVERLY ST,WISCONSIN AVE,SINGLE VEHICLE,RAINING,WET,DARK NO LIGHTS,NO CONTROLS,NONE DETECTED,No,No Apparent Injury,NOT DISTRACTED,VA,Passenger Car,25,2011.0,Toyota,CAMRY,20,Tuesday,4
MCP34450010,250043169,MONTGOMERY,Injury Crash,2025-09-25 14:53:00,Maryland (State) Route,OLD GEORGETOWN RD,Unknown,Front to Rear,Clear,Wet,Daylight,No Controls,"Not Suspect of Alcohol Use, Not Suspect of Drug Use",No,Possible Injury,Not Distracted,MD,Passenger Car,35,2012.0,Toyota,RAV4,14,Thursday,9
MCP26560051,210001354,Montgomery County Police,Property Damage Crash,2021-01-11 15:20:00,Maryland (State),GREAT SENECA HWY,MATENY RD,STRAIGHT MOVEMENT ANGLE,Unknown,DRY,Unknown,TRAFFIC SIGNAL,Unknown,Yes,No Apparent Injury,LOOKED BUT DID NOT SEE,MD,Passenger Car,50,2020.0,Toyota,AVALON,15,Monday,1
MCP2776000Q,15003304,Montgomery County Police,Property Damage Crash,2015-01-21 02:02:00,Maryland (State),NORBECK RD,MUNCASTER MILL RD,STRAIGHT MOVEMENT ANGLE,CLEAR,DRY,DARK LIGHTS ON,FLASHING TRAFFIC SIGNAL,NONE DETECTED,Yes,No Apparent Injury,UNKNOWN,MD,Passenger Car,40,2009.0,Scion,XB,2,Wednesday,1
MCP3010003Q,190018803,Montgomery County Police,Property Damage Crash,2019-04-22 12:19:00,Maryland (State),ROCKVILLE PIKE,GOLF LA,SAME DIRECTION SIDESWIPE,Unknown,DRY,DAYLIGHT,NO CONTROLS,Unknown,No,No Apparent Injury,NOT DISTRACTED,XX,Passenger Car,40,2008.0,Toyt,TK,12,Monday,4
MCP3014002Y,210008109,Montgomery County Police,Property Damage Crash,2021-03-03 22:51:00,Maryland (State),VEIRS MILL RD,ENT TO STONEY MILL SQUARE,SAME DIRECTION SIDESWIPE,CLEAR,DRY,DARK LIGHTS ON,NO CONTROLS,NONE DETECTED,Yes,No Apparent Injury,LOOKED BUT DID NOT SEE,MD,Passenger Car,40,2013.0,Toyota,CAMRY,22,Wednesday,3
HA2390000M,23000123,Maryland-National Capital,Property Damage Crash,2023-01-20 14:16:00,Unknown,Unknown,Unknown,OTHER,CLEAR,Unknown,DAYLIGHT,NO CONTROLS,NONE DETECTED,Yes,No Apparent Injury,LOOKED BUT DID NOT SEE,MD,Passenger Car,10,2003.0,Merz,SUV,14,Friday,1
DD56170016,170535115,Rockville Police Departme,Property Damage Crash,2017-10-06 12:43:00,Municipality,REDLAND BLVD,FREDERICK RD,SAME DIRECTION SIDESWIPE,CLEAR,DRY,DAYLIGHT,TRAFFIC SIGNAL,Unknown,Yes,No Apparent Injury,UNKNOWN,MD,Van,30,2007.0,Ford,TK,12,Friday,10
MCP2527000B,15053875,MONTGOMERY,Property Damage Crash,2015-10-23 17:20:00,County,SHADY GROVE RD,FREDERICK RD,SAME DIR BOTH LEFT TURN,Unknown,DRY,DUSK,Unknown,ALCOHOL CONTRIBUTED,Yes,No Apparent Injury,NOT DISTRACTED,MD,Passenger Car,35,2002.0,Chevrolet,MALIBU,17,Friday,10
MCP2864005F,250044890,MONTGOMERY,Property Damage Crash,2025-09-09 18:00:00,County Route,ARLINGTON RD,Unknown,Front to Rear,Unknown,Unknown,Unknown,No Controls,"Unknown, Unknown",No,Unknown,Unknown,Unknown,Passenger Car,25,2012.0,Fiat,UNKNOWN,18,Tuesday,9
MCP15540048,190016773,Montgomery County Police,Property Damage Crash,2019-04-11 19:33:00,Unknown,Unknown,Unknown,SAME DIRECTION SIDESWIPE,CLEAR,Unknown,DARK LIGHTS ON,Unknown,UNKNOWN,Yes,No Apparent Injury,UNKNOWN,NY,Passenger Car,30,2006.0,Audi,A3 S-LINE,19,Thursday,4
MCP3169004L,210036375,Montgomery County Police,Property Damage Crash,2021-09-15 13:35:00,US (State),COLUMBIA PIKE,ENT TO BURNT MILLS SHOPPING CENTER,SAME DIRECTION SIDESWIPE,CLEAR,DRY,DAYLIGHT,Unknown,UNKNOWN,Yes,No Apparent Injury,LOOKED BUT DID NOT SEE,Unknown,Passenger Car,40,2013.0,Toyota,COROLLA,13,Wednesday,9
MCP2971003B,170544388,Montgomery County Police,Injury Crash,2017-11-22 18:05:00,Unknown,Unknown,Unknown,SINGLE VEHICLE,CLEAR,Unknown,DARK LIGHTS ON,NO CONTROLS,MEDICATION PRESENT,Yes,Possible Injury,NOT DISTRACTED,MD,(Sport) Utility Vehicle,10,2017.0,Kia,SPORTAGE,18,Wednesday,11
MCP25860039,170530595,Montgomery County Police,Property Damage Crash,2017-09-14 17:39:00,Maryland (State),NEW HAMPSHIRE AVE,LOCKWOOD DR,OTHER,CLEAR,DRY,DAYLIGHT,TRAFFIC SIGNAL,NONE DETECTED,Yes,No Apparent Injury,UNKNOWN,MD,Van,40,2007.0,Honda,ODESSEY,17,Thursday,9
MCP2898001H,16037497,Montgomery County Police,Injury Crash,2016-07-24 15:30:00,Maryland (State),FREDERICK RD,OLD HUNDRED RD,ANGLE MEETS LEFT HEAD ON,CLEAR,DRY,DAYLIGHT,TRAFFIC SIGNAL,Unknown,No,Possible Injury,NOT DISTRACTED,MD,Passenger Car,30,2015.0,Chevy,IMPALA,15,Sunday,7
DD5614000V,16032553,Rockville Police Departme,Property Damage Crash,2016-06-27 16:42:00,Interstate (State),EISENHOWER MEMORIAL HWY,SPUR TO C/D LANE (NB/L),SAME DIR REAR END,CLEAR,DRY,DAYLIGHT,NO CONTROLS,NONE DETECTED,No,No Apparent Injury,NOT DISTRACTED,FL,Passenger Car,55,2011.0,Honda,4DR,16,Monday,6
MCP241100DG,240039302,MONTGOMERY,Property Damage Crash,2024-08-20 08:43:00,County Route,RANDOLPH RD (WB/L),Unknown,Front to Rear,Clear,Dry,Daylight,No Controls,"Not Suspect of Alcohol Use, Not Suspect of Drug Use",Yes,No Apparent Injury,Unknown,MD,Sport Utility Vehicle,35,2010.0,Honda,CR-V,8,Tuesday,8