Report Number,Local Case Number,Agency Name,ACRS Report Type,Crash Date/Time,Route Type,Road Name,Cross-Street Name,Collision Type,Weather,Surface Condition,Light,Traffic Control,Driver Substance Abuse,Driver At Fault,Injury Severity,Driver Distracted By,Drivers License State,Vehicle Body Type,Speed Limit,Vehicle Year,Vehicle Make,Vehicle Model,Crash Hour,Crash Day,Crash Month
MCP229800SM,200042533,Montgomery County Police,Injury Crash,2020-10-28 12:17:00,Maryland (State),RIDGE RD,LOCUST DR,SAME DIR REAR END,CLOUDY,WET,DAYLIGHT,TRAFFIC SIGNAL,NONE DETECTED,Yes,No Apparent Injury,NOT DISTRACTED,MD,Passenger Car,30,2001.0,Strn,4S,12,Wednesday,10
MCP28460065,200033847,Montgomery County Police,Property Damage Crash,2020-08-29 22:45:00,Maryland (State),UNIVERSITY BLVD W,AMHERST AVE,SAME DIR REAR END,CLEAR,DRY,DARK LIGHTS ON,NO CONTROLS,NONE DETECTED,No,No Apparent Injury,NOT DISTRACTED,MD,Passenger Car,35,2018.0,Nissan,ALTIMA,22,Saturday,8
MCP3380001Z,240056048,MONTGOMERY,Property Damage Crash,2024-11-22 10:55:00,County Route,ELKIN ST,UNIVERSITY BLVD W,Front to Rear,Blowing Snow,Wet,Daylight,No Controls,"Not Suspect of Alcohol Use, Not Suspect of Drug Use",No,No Apparent Injury,Not Distracted,MD,Passenger Car,35,2013.0,Mini,COUNTRYMAN,10,Friday,11
MCP2059005W,190039597,Montgomery County Police,Property Damage Crash,2019-08-19 11:47:00,Maryland (State),UNIVERSITY BLVD W,VEIRS MILL RD,SAME DIRECTION SIDESWIPE,CLEAR,DRY,DAYLIGHT,TRAFFIC SIGNAL,NONE DETECTED,No,No Apparent Injury,NOT DISTRACTED,MD,Passenger Car,30,2011.0,Honda,CIVIC,11,Monday,8
MCP2437001Z,16056119,Montgomery County Police,Injury Crash,2016-10-31 18:21:00,County,BAUER DR,BURNSIDE DR,HEAD ON LEFT TURN,CLEAR,DRY,DUSK,NO CONTROLS,NONE DETECTED,No,Possible Injury,NOT DISTRACTED,MD,Passenger Car,35,2009.0,Dodge,GRAND CARAVAN,18,Monday,10
MCP32550069,240052078,MONTGOMERY,Property Damage Crash,2024-10-30 08:17:00,Spur,Unknown,Unknown,Front to Rear,Clear,Dry,Daylight,No Controls,"Not Suspect of Alcohol Use, Not Suspect of Drug Use",No,No Apparent Injury,Not Distracted,MD,Other Trucks,35,2021.0,Mack,LR,8,Wednesday,10
MCP32620055,240055197,MONTGOMERY,Injury Crash,2024-11-17 20:00:00,Maryland (State) Route,NEW HAMPSHIRE AVE,Unknown,"Sideswipe, Opposite Direction",Clear,Dry,Dark - Lighted,Traffic Control Signal,"Not Suspect of Alcohol Use, Not Suspect of Drug Use",No,Suspected Minor Injury,Not Distracted,MD,Bus - Transit,45,2022.0,New Flyer,XCELSIOR,20,Sunday,11
DD55930016,15024494,Rockville Police Departme,Property Damage Crash,2015-05-21 21:11:00,Municipality,HURLEY AVE,WOOTTON PKWY,STRAIGHT MOVEMENT ANGLE,CLEAR,DRY,DARK LIGHTS ON,STOP SIGN,Unknown,No,No Apparent Injury,NOT DISTRACTED,MD,Passenger Car,20,2004.0,Tyot,SOLARA,21,Thursday,5
MCP26860064,230022458,Montgomery County Police,Property Damage Crash,2023-05-10 17:27:00,Maryland (State),GREAT SENECA HWY,DAIRYMAID DR,HEAD ON LEFT TURN,CLEAR,DRY,DAYLIGHT,NO CONTROLS,NONE DETECTED,No,No Apparent Injury,NOT DISTRACTED,MD,Van,45,1996.0,Toyt,WG,17,Wednesday,5
MCP31650055,240007953,MONTGOMERY,Property Damage Crash,2024-02-18 08:50:00,County Route,CASTLE BLVD,Unknown,Front to Rear,Clear,Dry,Daylight,No Controls,"Not Suspect of Alcohol Use, Not Suspect of Drug Use",Yes,No Apparent Injury,"Other Action (looking away from task, etc.)",MD,Passenger Car,30,2014.0,Honda,ACCORD,8,Sunday,2
MCP2785000F,15024656,Montgomery County Police,Injury Crash,2015-05-22 16:21:00,County,TECH RD,OLD COLUMBIA PIKE,STRAIGHT MOVEMENT ANGLE,CLEAR,DRY,DAYLIGHT,STOP SIGN,Unknown,Yes,Possible Injury,UNKNOWN,MD,Passenger Car,25,2014.0,Nissan,SENTRA,16,Friday,5
MCP22460018,16035931,Montgomery County Police,Property Damage Crash,2016-07-15 18:20:00,US (State),COLESVILLE RD,BREWSTER AVE,SAME DIR REAR END,CLEAR,DRY,DAYLIGHT,NO CONTROLS,NONE DETECTED,No,No Apparent Injury,NOT DISTRACTED,MD,Passenger Car,40,2004.0,Toyt,2H,18,Friday,7
EJ7878002L,210014895,Gaithersburg Police Depar,Property Damage Crash,2021-04-21 18:07:00,Maryland (State),FREDERICK RD,MONTGOMERY VILLAGE AVE,SAME DIRECTION SIDESWIPE,CLEAR,DRY,DAYLIGHT,NO CONTROLS,Unknown,Yes,No Apparent Injury,NOT DISTRACTED,MD,Passenger Car,35,2007.0,Bmw,4D,18,Wednesday,4
MCP271700JH,180032637,Montgomery County Police,Injury Crash,2018-07-02 18:50:00,US (State),COLUMBIA PIKE,STEWART LA,SAME DIR REAR END,CLEAR,DRY,DAYLIGHT,NO CONTROLS,NONE DETECTED,Yes,Suspected Minor Injury,UNKNOWN,MD,(Sport) Utility Vehicle,45,2012.0,Chevrolet,SUBURBAN,18,Monday,7
MCP913000JG,240037152,MONTGOMERY,Property Damage Crash,2024-08-07 06:27:00,County Route,SLIGO AVE,Unknown,Front to Rear,Cloudy,Dry,Daylight,No Controls,"Suspect of Alcohol Use, Unknown",Yes,No Apparent Injury,"Other Action (looking away from task, etc.)",MD,Passenger Car,30,2019.0,Mercedes-Benz,300,6,Wednesday,8
MCP33620028,230068453,Montgomery County Police,Property Damage Crash,2023-11-27 07:20:00,US (State),COLESVILLE RD,CRESTMOOR DR,SAME DIR REAR END,CLEAR,WET,DAYLIGHT,NO CONTROLS,NONE DETECTED,Yes,No Apparent Injury,DISTRACTED BY OUTSIDE PERSON OBJECT OR EVENT,DC,Passenger Car,40,2001.0,Toyota,TACOMA,7,Monday,11
MCP12330053,230006433,Montgomery County Police,Injury Crash,2023-02-08 15:53:00,Maryland (State),KNOWLES AVE,CONNECTICUT AVE,HEAD ON,Unknown,DRY,DAYLIGHT,TRAFFIC SIGNAL,NONE DETECTED,No,Possible Injury,NOT DISTRACTED,MD,(Sport) Utility Vehicle,30,2013.0,Nissan,JUKE,15,Wednesday,2
MCP2867001S,15063703,MONTGOMERY,Injury Crash,2015-12-13 15:03:00,Maryland (State),NEW HAMPSHIRE AVE,NORTHAMPTON DR,SINGLE VEHICLE,CLEAR,DRY,DAYLIGHT,Unknown,NONE DETECTED,Yes,No Apparent Injury,OTHER DISTRACTION,MD,Van,40,2011.0,Honda,ODYSSEY,15,Sunday,12
MCP25520054,220037768,Montgomery County Police,Injury Crash,2022-08-31 19:28:00,Maryland (State),MUNCASTER MILL RD,MEADOWSIDE LA,SAME DIR REAR END,CLEAR,DRY,DAYLIGHT,Unknown,Unknown,No,No Apparent Injury,NOT DISTRACTED,MD,Passenger Car,35,2021.0,Nissan,ROGUE,19,Wednesday,8
MCP2975000Q,15047991,MONTGOMERY,Property Damage Crash,2015-09-22 11:40:00,Maryland (State),VEIRS MILL RD,UNIVERSITY BLVD W,SAME DIRECTION SIDESWIPE,CLEAR,DRY,DAYLIGHT,STOP SIGN,NONE DETECTED,No,No Apparent Injury,NOT DISTRACTED,MD,(Sport) Utility Vehicle,15,2005.0,Hond,TK,11,Tuesday,9
MCP3262003K,230066113,Montgomery County Police,Property Damage Crash,2023-11-13 15:35:00,County,CHERRY HILL RD,GRACEFIELD RD,ANGLE MEETS RIGHT TURN,CLEAR,DRY,DAYLIGHT,NO CONTROLS,NONE DETECTED,No,No Apparent Injury,NOT DISTRACTED,MD,Van,35,2017.0,Ford,TRANSIT,15,Monday,11
MCP2046004Q,16000520,Montgomery County Police,Property Damage Crash,2016-01-04 08:38:00,County,FAIRLAND RD,GALWAY DR,SAME DIR REAR END,CLOUDY,DRY,DAYLIGHT,NO CONTROLS,NONE DETECTED,Unknown,No Apparent Injury,NOT DISTRACTED,MD,Passenger Car,35,2006.0,Merz,E350,8,Monday,1
MCP2763001B,170514656,Montgomery County Police,Injury Crash,2017-06-20 00:04:00,County,SHADY GROVE RD,MUNCASTER MILL RD,STRAIGHT MOVEMENT ANGLE,Unknown,DRY,DARK LIGHTS ON,TRAFFIC SIGNAL,Unknown,Yes,No Apparent Injury,UNKNOWN,MD,Passenger Car,40,2014.0,Honda,4S,0,Tuesday,6
MCP30650011,170544709,Montgomery County Police,Property Damage Crash,2017-11-25 17:56:00,Maryland (State),NEW HAMPSHIRE AVE,OAKVIEW DR,SAME DIRECTION SIDESWIPE,CLEAR,DRY,DARK LIGHTS ON,Unknown,NONE DETECTED,No,No Apparent Injury,NOT DISTRACTED,MD,Passenger Car,40,2016.0,Mazda,3,17,Saturday,11
MCP24500022,180037467,Montgomery County Police,Property Damage Crash,2018-07-29 21:20:00,Maryland (State),UNIVERSITY BLVD E,PINEY BRANCH RD,SAME DIR REAR END,CLEAR,DRY,DARK LIGHTS ON,TRAFFIC SIGNAL,NONE DETECTED,No,No Apparent Injury,UNKNOWN,MD,Passenger Car,35,2016.0,Nissan,ALTIMA,21,Sunday,7
MCP27990075,230016977,Montgomery County Police,Injury Crash,2023-04-09 20:43:00,County,FLOWER AVE,FRANKLIN AVE,HEAD ON LEFT TURN,CLEAR,DRY,DARK LIGHTS ON,TRAFFIC SIGNAL,NONE DETECTED,No,No Apparent Injury,NOT DISTRACTED,MD,Passenger Car,35,2021.0,Toyt,RAV 4,20,Sunday,4
MCP2894003P,170516212,Montgomery County Police,Property Damage Crash,2017-06-28 12:30:00,County,DEMOCRACY BLVD,OLD GEORGETOWN RD,SAME DIR REAR END,CLEAR,DRY,DAYLIGHT,NO CONTROLS,NONE DETECTED,Yes,No Apparent Injury,OTHER DISTRACTION,MD,Passenger Car,40,2003.0,Toyota,COROLLA,12,Wednesday,6
MCP3093004H,220057444,Montgomery County Police,Property Damage Crash,2022-12-27 17:23:00,County,WASHINGTON AVE,EAST WEST HWY,SAME DIR REAR END,CLEAR,DRY,DARK LIGHTS ON,Unknown,Unknown,No,No Apparent Injury,NOT DISTRACTED,MD,Transit Bus,25,2009.0,Gill,BUS,17,Tuesday,12
MCP2861001Q,16007862,Montgomery County Police,Property Damage Crash,2016-02-16 21:54:00,Maryland (State),RIVER RD,ROYAL DOMINION DR,SAME DIR REAR END,CLEAR,DRY,DARK NO LIGHTS,NO CONTROLS,NONE DETECTED,No,No Apparent Injury,NOT DISTRACTED,US,Passenger Car,45,2008.0,Lexus,4D,21,Tuesday,2
MCP34080026,250045359,MONTGOMERY,Property Damage Crash,2025-10-09 09:00:00,Maryland (State) Route,GEORGIA AVE,Unknown,Angle,Clear,Dry,Daylight,No Controls,"Not Suspect of Alcohol Use, Not Suspect of Drug Use",Yes,No Apparent Injury,Not Distracted,MD,Passenger Car,30,2016.0,Nissan,ALTIMA,9,Thursday,10
EJ7833007R,230056229,Gaithersburg Police Depar,Injury Crash,2023-09-22 07:27:00,Municipality,RUSSELL AVE,MARYLAND AVE,SAME DIR REAR END,CLEAR,DRY,DAYLIGHT,STOP SIGN,NONE DETECTED,No,Possible Injury,NOT DISTRACTED,MD,Passenger Car,25,1999.0,Toyota,AVALON,7,Friday,9
MCP11820010,16002500,Montgomery County Police,Injury Crash,2016-01-14 07:51:00,Maryland (State),OLD GEORGETOWN RD,RAMP 5 FR MD 187 SB TO RAMP 4 (TO IS495),SAME DIR REAR END,CLEAR,DRY,DAYLIGHT,TRAFFIC SIGNAL,Unknown,Yes,No Apparent Injury,INATTENTIVE OR LOST IN THOUGHT,PA,(Sport) Utility Vehicle,40,2005.0,Honda,CRV,7,Thursday,1
MCP2059007M,230023753,Montgomery County Police,Property Damage Crash,2023-05-17 19:28:00,Unknown,Unknown,Unknown,OPPOSITE DIRECTION SIDESWIPE,CLEAR,Unknown,DUSK,NO CONTROLS,UNKNOWN,Yes,No Apparent Injury,INATTENTIVE OR LOST IN THOUGHT,MD,(Sport) Utility Vehicle,10,2016.0,Lexus,TK,19,Wednesday,5
MCP3223001L,220044973,Montgomery County Police,Property Damage Crash,2022-10-14 02:34:00,US (State),COLUMBIA PIKE,LOCKWOOD DR,SINGLE VEHICLE,RAINING,WET,DARK NO LIGHTS,TRAFFIC SIGNAL,NONE DETECTED,Yes,No Apparent Injury,UNKNOWN,MD,Passenger Car,35,2010.0,Nissan,XTERRA,2,Friday,10
MCP1202002F,170519252,Montgomery County Police,Injury Crash,2017-01-15 10:55:00,County,MACARTHUR BLVD,79TH ST,STRAIGHT MOVEMENT ANGLE,CLEAR,DRY,DAYLIGHT,NO CONTROLS,NONE DETECTED,Yes,No Apparent Injury,OTHER DISTRACTION,MD,Passenger Car,25,2011.0,Ford,CROWN VIC,10,Sunday,1
MCP33010026,240020060,MONTGOMERY,Property Damage Crash,2024-04-29 21:15:00,County Route,BRIGGS CHANEY RD,FAIRDALE RD,Angle,Clear,Dry,Dark - Lighted,Traffic Control Signal,"Not Suspect of Alcohol Use, Not Suspect of Drug Use",No,No Apparent Injury,Not Distracted,MD,Passenger Car,35,2023.0,Toyota,RAV4,21,Monday,4
MCP0036009S,190019521,Montgomery County Police,Injury Crash,2019-04-26 08:14:00,Maryland (State),CLOPPER RD,KINGSVIEW VILLAGE AVE,SAME DIR REAR END,CLOUDY,WET,DAYLIGHT,NO CONTROLS,NONE DETECTED,Yes,No Apparent Injury,INATTENTIVE OR LOST IN THOUGHT,MD,Passenger Car,30,2016.0,Chevy,4DR,8,Friday,4
MCP93810029,200011227,Montgomery County Police,Property Damage Crash,2020-03-06 22:50:00,Maryland (State),RIVER RD,CARDEROCK SPRINGS DR,SAME DIR REAR END,CLEAR,DRY,DARK LIGHTS ON,NO CONTROLS,Unknown,No,No Apparent Injury,NOT DISTRACTED,VA,Passenger Car,40,2019.0,Toyota,COROLLA,22,Friday,3
MCP3305000H,210032858,Montgomery County Police,Property Damage Crash,2021-08-23 12:11:00,Maryland (State),GEORGIA AVE,CAMERON ST,SAME DIRECTION SIDESWIPE,CLEAR,DRY,DAYLIGHT,TRAFFIC SIGNAL,NONE DETECTED,No,No Apparent Injury,NOT DISTRACTED,MD,Transit Bus,35,2019.0,Nfly,BUS,12,Monday,8
MCP28890018,15059733,MONTGOMERY,Injury Crash,2015-11-22 18:52:00,Maryland (State),GEORGIA AVE,UNIVERSITY BLVD W,SAME DIR REAR END,CLEAR,DRY,DARK LIGHTS ON,TRAFFIC SIGNAL,NONE DETECTED,Yes,No Apparent Injury,NOT DISTRACTED,MD,Passenger Car,35,1994.0,Ford,BRONCO,18,Sunday,11
MCP1119005G,180022470,Montgomery County Police,Property Damage Crash,2018-05-07 16:45:00,Maryland (State),GEORGIA AVE,DAMASCUS RD,STRAIGHT MOVEMENT ANGLE,CLEAR,DRY,DAYLIGHT,Unknown,NONE DETECTED,Yes,No Apparent Injury,NOT DISTRACTED,MD,Ambulance/Emergency,30,2015.0,Freightliner,TRUCK,16,Monday,5
EJ7856000Y,15054996,GAITHERSBURG,Injury Crash,2015-10-29 14:38:00,Municipality,FIRSTFIELD RD,QUINCE ORCHARD BLVD,SAME DIRECTION SIDESWIPE,CLOUDY,DRY,DAYLIGHT,NO CONTROLS,Unknown,Unknown,No Apparent Injury,UNKNOWN,MD,(Sport) Utility Vehicle,25,2012.0,Kia,SORENTO,14,Thursday,10
MCP2082000T,170505136,Montgomery County Police,Property Damage Crash,2017-04-30 21:20:00,Maryland (State),UNIVERSITY BLVD W,EASECREST DR,OTHER,CLEAR,DRY,DARK LIGHTS ON,STOP SIGN,NONE DETECTED,No,No Apparent Injury,NOT DISTRACTED,MD,Passenger Car,40,1997.0,Plymouth,BREEZE,21,Sunday,4
MCP9318001Z,210043873,Montgomery County Police,Property Damage Crash,2021-11-04 18:47:00,US (State),COLESVILLE RD,UNIVERSITY BLVD E,SAME DIR REAR END,CLEAR,DRY,DUSK,TRAFFIC SIGNAL,NONE DETECTED,Yes,No Apparent Injury,UNKNOWN,MD,Passenger Car,40,2017.0,Toyota,COROLLA,18,Thursday,11
MCP2677001K,180027260,Montgomery County Police,Property Damage Crash,2018-06-03 04:39:00,Unknown,Unknown,Unknown,SINGLE VEHICLE,CLEAR,Unknown,DARK LIGHTS ON,Unknown,ILLEGAL DRUG PRESENT,Yes,No Apparent Injury,UNKNOWN,MD,Passenger Car,15,2018.0,Chevy,4D,4,Sunday,6
MCP28920098,210013297,Montgomery County Police,Injury Crash,2021-04-09 17:42:00,Maryland (State),GEORGIA AVE,FLORA LA,SAME DIRECTION RIGHT TURN,RAINING,WET,DAYLIGHT,NO CONTROLS,NONE DETECTED,No,Possible Injury,NOT DISTRACTED,MD,Passenger Car,35,2020.0,Hond,SU,17,Friday,4
MCP2756005B,230064983,Montgomery County Police,Property Damage Crash,2023-10-07 18:45:00,Maryland (State),GEORGIA AVE,RAMP 4 FR MD 97 NB TO IS 495 EB,SAME DIRECTION SIDESWIPE,Unknown,DRY,DUSK,NO CONTROLS,NONE DETECTED,Yes,No Apparent Injury,LOOKED BUT DID NOT SEE,MD,Passenger Car,30,2006.0,Toyota,PRIUS,18,Saturday,10
MCP27380035,190008361,Montgomery County Police,Property Damage Crash,2019-02-21 16:46:00,Unknown,Unknown,Unknown,OTHER,CLEAR,Unknown,DAYLIGHT,NO CONTROLS,Unknown,Yes,No Apparent Injury,LOOKED BUT DID NOT SEE,MD,Passenger Car,5,2010.0,Toyota,SIENNA,16,Thursday,2
DD5601004K,180063048,Rockville Police Departme,Property Damage Crash,2018-12-17 18:45:00,Municipality,BOUIC AVE,ROCKVILLE PIKE,SAME DIRECTION SIDESWIPE,CLEAR,DRY,DARK LIGHTS ON,NO CONTROLS,Unknown,Yes,No Apparent Injury,NOT DISTRACTED,VA,Fire Vehicle/Emergency,25,2016.0,Pirc,TK,18,Monday,12
MCP3254002B,220036226,Montgomery County Police,Property Damage Crash,2022-08-22 12:40:00,Maryland (State),GREAT SENECA HWY,WISTERIA DR,STRAIGHT MOVEMENT ANGLE,CLEAR,DRY,DAYLIGHT,TRAFFIC SIGNAL,NONE DETECTED,Yes,No Apparent Injury,INATTENTIVE OR LOST IN THOUGHT,MD,(Sport) Utility Vehicle,35,2015.0,Toyota,RAV4,12,Monday,8
MCP2000001L,220049790,Montgomery County Police,Property Damage Crash,2022-11-11 01:42:00,Maryland (State),RIDGE RD,BRINK RD,SINGLE VEHICLE,CLEAR,DRY,DARK NO LIGHTS,NO CONTROLS,ALCOHOL PRESENT,Yes,No Apparent Injury,UNKNOWN,MD,Passenger Car,45,2007.0,Honda,PILOT,1,Friday,11
MCP2720000R,15002395,Montgomery County Police,Property Damage Crash,2015-01-15 16:11:00,Maryland (State),GEORGIA AVE,JUDSON RD,STRAIGHT MOVEMENT ANGLE,CLEAR,DRY,DAYLIGHT,TRAFFIC SIGNAL,Unknown,No,No Apparent Injury,NOT DISTRACTED,MD,Passenger Car,35,1998.0,Honda,ACCORD,16,Thursday,1
MCP3008003D,220034811,Montgomery County Police,Injury Crash,2022-08-13 01:24:00,US (State),COLESVILLE RD,DALE DR,STRAIGHT MOVEMENT ANGLE,CLEAR,DRY,DARK LIGHTS ON,FLASHING TRAFFIC SIGNAL,NONE DETECTED,No,No Apparent Injury,NOT DISTRACTED,MD,(Sport) Utility Vehicle,35,2022.0,Chevrolet,EQUINOX,1,Saturday,8
MCP2752004W,220041512,Montgomery County Police,Property Damage Crash,2022-09-23 14:15:00,Unknown,Unknown,Unknown,OTHER,CLEAR,Unknown,DAYLIGHT,NO CONTROLS,NONE DETECTED,Yes,No Apparent Injury,LOOKED BUT DID NOT SEE,MD,Passenger Car,25,2013.0,Acura,TDX,14,Friday,9
MCP30220065,240052697,MONTGOMERY,Property Damage Crash,2024-11-02 17:05:00,Maryland (State) Route,GERMANTOWN RD (SB/L),RAMP 5 FR RAMP 8 (FR IS270) TO MD 118 EB,Front to Rear,Clear,Dry,Daylight,Traffic Control Signal,"Not Suspect of Alcohol Use, Not Suspect of Drug Use",Yes,No Apparent Injury,Unknown,MD,Passenger Car,45,2020.0,Toyota,86,17,Saturday,11
MCP3258003T,240020966,MONTGOMERY,Property Damage Crash,2024-05-04 16:08:00,County Route,REEDIE DR,Unknown,Front to Rear,Rain,Wet,Daylight,Traffic Control Signal,"Not Suspect of Alcohol Use, Not Suspect of Drug Use",Yes,No Apparent Injury,Not Distracted,MD,Passenger Car,25,2022.0,Toyota,COROLLA,16,Saturday,5
MCP2656005C,210035141,Montgomery County Police,Injury Crash,2021-09-07 16:10:00,Maryland (State),CLOPPER RD,WARING STATION RD,SAME DIR REAR END,CLEAR,DRY,DAYLIGHT,TRAFFIC SIGNAL,Unknown,No,No Apparent Injury,NOT DISTRACTED,MD,Passenger Car,40,2021.0,Kia,4 DR,16,Tuesday,9
MCP2450002F,190001080,Montgomery County Police,Property Damage Crash,2019-01-07 14:55:00,Maryland (State),NEW HAMPSHIRE AVE,BLICK DR,SAME DIR REAR END,CLOUDY,DRY,DAYLIGHT,NO CONTROLS,NONE DETECTED,Yes,No Apparent Injury,UNKNOWN,MD,Passenger Car,35,2007.0,Honda,CIVIC,14,Monday,1
MCP3148000Q,180053280,Montgomery County Police,Injury Crash,2018-10-24 14:44:00,Maryland (State),CONNECTICUT AVE,RAMP 5 FR MD 185 SB TO IS 495 EB,SAME DIR REAR END,CLEAR,DRY,DAYLIGHT,Unknown,Unknown,No,Possible Injury,NOT DISTRACTED,DC,"Other Light Trucks (10,000Lbs (4,536Kg) Or Less)",35,1990.0,Ford,LLV,14,Wednesday,10
EJ78580011,170521660,Gaithersburg Police Depar,Property Damage Crash,2017-07-28 12:20:00,Municipality,RUSSELL AVE,CHRISTOPHER AVE,HEAD ON LEFT TURN,RAINING,WET,DAYLIGHT,TRAFFIC SIGNAL,NONE DETECTED,No,No Apparent Injury,NOT DISTRACTED,MD,Passenger Car,25,2014.0,Jeep,TK,12,Friday,7
MCP137800PF,190000281,Montgomery County Police,Injury Crash,2019-01-02 17:01:00,Maryland (State),MUNCASTER MILL RD,ENT TO REDLAND MIDDLE SCHOOL,OPPOSITE DIRECTION SIDESWIPE,CLOUDY,DRY,DARK NO LIGHTS,NO CONTROLS,NONE DETECTED,No,Possible Injury,NOT DISTRACTED,MD,(Sport) Utility Vehicle,35,2017.0,Ford,EDGE,17,Wednesday,1
MCP3328004D,250010656,MONTGOMERY,Injury Crash,2025-03-11 14:36:00,County Route,RANDOLPH RD,Unknown,Front to Rear,Clear,Dry,Daylight,No Controls,"Not Suspect of Alcohol Use, Not Suspect of Drug Use",No,Possible Injury,Not Distracted,MD,Passenger Car,35,2014.0,Jeep,WRANGLER,14,Tuesday,3
MCP1174001S,16062570,Montgomery County Police,Property Damage Crash,2016-12-06 09:11:00,Maryland (State),WILSON LA,EXETER RD,STRAIGHT MOVEMENT ANGLE,RAINING,WET,DAYLIGHT,STOP SIGN,NONE DETECTED,No,No Apparent Injury,NOT DISTRACTED,DC,Passenger Car,30,2012.0,Audi,A4,9,Tuesday,12
MCP2790001F,170522866,Montgomery County Police,Property Damage Crash,2017-08-03 22:46:00,County,WATKINS MILL RD,GREENRIVER TERR,SINGLE VEHICLE,RAINING,WET,DARK LIGHTS ON,NO CONTROLS,NONE DETECTED,Yes,No Apparent Injury,NOT DISTRACTED,MD,Passenger Car,35,1997.0,Toyt,4D,22,Thursday,8
MCP2921005J,250022226,MONTGOMERY,Property Damage Crash,2025-05-19 20:10:00,Unknown,Unknown,Unknown,Front to Front,Clear,Unknown,Daylight,Unknown,"Unknown, Unknown",No,Unknown,Unknown,Unknown,Pickup,0,1996.0,Dodge,RAM,20,Monday,5
MCP30590055,200041569,Montgomery County Police,Property Damage Crash,2020-10-21 15:09:00,County,ASPEN HILL RD,GEORGIA AVE,SAME DIRECTION SIDESWIPE,CLEAR,DRY,DAYLIGHT,NO CONTROLS,UNKNOWN,Yes,No Apparent Injury,UNKNOWN,MD,Passenger Car,35,2012.0,Acura,TSX,15,Wednesday,10
MCP3271000K,200028493,Montgomery County Police,Injury Crash,2020-07-22 17:00:00,Maryland (State),OLD GEORGETOWN RD,BEECH AVE,SINGLE VEHICLE,RAINING,WET,DAYLIGHT,TRAFFIC SIGNAL,NONE DETECTED,Yes,Possible Injury,UNKNOWN,MD,Other,45,2000.0,Ford,EXPLORER,17,Wednesday,7
MCP3106002T,200043888,Montgomery County Police,Property Damage Crash,2020-11-06 20:30:00,County,HIGHLAND AVE,MARYLAND AVE,HEAD ON,CLEAR,DRY,DARK LIGHTS ON,NO CONTROLS,Unknown,Yes,No Apparent Injury,UNKNOWN,MD,(Sport) Utility Vehicle,25,2001.0,Mitsubishi,MONTERO,20,Friday,11
DM8505002D,250019824,TAKOMA,Property Damage Crash,2025-05-06 07:29:00,Municipality Route,HICKORY AVE,COLUMBIA AVE,Front to Rear,Cloudy,Dry,Daylight,Stop Sign,"Unknown, Unknown",No,No Apparent Injury,Unknown,MD,Passenger Car,20,2020.0,Mack,TERRAPRO,7,Tuesday,5
MCP3215000M,200013794,Montgomery County Police,Property Damage Crash,2020-03-24 07:00:00,Interstate (State),EISENHOWER MEMORIAL HWY,OLD GEORGETOWN RD,SAME DIRECTION RIGHT TURN,CLOUDY,DRY,DAWN,OTHER,UNKNOWN,Yes,No Apparent Injury,UNKNOWN,Unknown,(Sport) Utility Vehicle,35,2015.0,Ford,EXPLORER,7,Tuesday,3
MCP2617005W,180037242,Montgomery County Police,Injury Crash,2018-07-27 13:25:00,Maryland (State),GEORGIA AVE,HATHAWAY DR,SAME DIR REAR END,CLEAR,DRY,DAYLIGHT,TRAFFIC SIGNAL,NONE DETECTED,No,Possible Injury,NOT DISTRACTED,MD,Passenger Car,45,2017.0,Chevy,MALIBU,13,Friday,7
MCP3006001B,16049309,Montgomery County Police,Injury Crash,2016-09-25 11:15:00,Maryland (State),UNIVERSITY BLVD W,ELKIN ST,HEAD ON LEFT TURN,Unknown,DRY,DAYLIGHT,NO CONTROLS,NONE DETECTED,Yes,No Apparent Injury,LOOKED BUT DID NOT SEE,VA,Van,40,2007.0,Chrysler,TOWN AND COUNTRY,11,Sunday,9
MCP2357002T,170549468,Montgomery County Police,Injury Crash,2017-12-19 11:17:00,Maryland (State),GEORGIA AVE,FOREST GLEN RD,SAME DIR REAR END,CLEAR,Unknown,DAYLIGHT,Unknown,Unknown,No,Possible Injury,NOT DISTRACTED,MD,Passenger Car,35,2010.0,Toyota,SUV,11,Tuesday,12
DD5649001D,210045208,Rockville Police Departme,Property Damage Crash,2021-11-08 12:24:00,Municipality,W GUDE DR,FREDERICK RD,OTHER,Unknown,DRY,DAYLIGHT,TRAFFIC SIGNAL,Unknown,No,No Apparent Injury,NOT DISTRACTED,MD,(Sport) Utility Vehicle,40,2004.0,Olds,SW,12,Monday,11
MCP1382001Z,15008203,Montgomery County Police,Property Damage Crash,2015-02-19 13:54:00,County,FENTON ST,THAYER AVE,SAME DIRECTION SIDESWIPE,CLEAR,DRY,DAYLIGHT,Unknown,NONE DETECTED,Yes,No Apparent Injury,NOT DISTRACTED,MD,Van,25,2012.0,Toyota,SIENNA,13,Thursday,2
MCP2693000X,15041174,MONTGOMERY,Injury Crash,2015-08-17 19:06:00,Maryland (State),NORBECK RD,ROCKING SPRING DR,STRAIGHT MOVEMENT ANGLE,CLEAR,DRY,DAYLIGHT,STOP SIGN,NONE DETECTED,No,Possible Injury,NOT DISTRACTED,MD,Passenger Car,45,1998.0,Honda,ACCORD,19,Monday,8