Report Number,Local Case Number,Agency Name,ACRS Report Type,Crash Date/Time,Route Type,Road Name,Cross-Street Name,Collision Type,Weather,Surface Condition,Light,Traffic Control,Driver Substance Abuse,Driver At Fault,Injury Severity,Driver Distracted By,Drivers License State,Vehicle Body Type,Speed Limit,Vehicle Year,Vehicle Make,Vehicle Model,Crash Hour,Crash Day,Crash Month
MCP2270003D,240039870,MONTGOMERY,Property Damage Crash,2024-08-23 11:15:00,County Route,NORFOLK AVE,Unknown,Front to Rear,Clear,Dry,Daylight,No Controls,"Not Suspect of Alcohol Use, Not Suspect of Drug Use",No,No Apparent Injury,Not Distracted,MD,Passenger Car,25,2023.0,Chevrolet,BOLT EUV,11,Friday,8
MCP30790053,230021597,Montgomery County Police,Injury Crash,2023-05-05 18:10:00,County,BRINK RD,WOODFIELD RD,SAME DIR REAR END,CLEAR,DRY,DAYLIGHT,TRAFFIC SIGNAL,NONE DETECTED,No,No Apparent Injury,NOT DISTRACTED,MD,Passenger Car,40,2007.0,Honda,CRV-EXL,18,Friday,5
MCP2031001W,190019142,Montgomery County Police,Property Damage Crash,2019-04-24 05:30:00,Maryland (State),RIDGE RD,FREDERICK RD,STRAIGHT MOVEMENT ANGLE,CLEAR,DRY,DARK LIGHTS ON,FLASHING TRAFFIC SIGNAL,NONE DETECTED,No,No Apparent Injury,NOT DISTRACTED,MD,Passenger Car,45,2018.0,Toyt,4S,5,Wednesday,4
DD5508003D,17013284,Rockville Police Departme,Property Damage Crash,2017-03-14 17:01:00,Municipality,BEALL AVE #2,N ADAMS ST,SINGLE VEHICLE,SNOW,SNOW,DAYLIGHT,NO CONTROLS,ALCOHOL PRESENT,Yes,No Apparent Injury,UNKNOWN,MD,Passenger Car,25,2001.0,Honda,ACCORD,17,Tuesday,3
MCP3105003C,200028858,Montgomery County Police,Property Damage Crash,2020-07-25 09:20:00,County,KINGS CROSSING BLVD,THUNDERCLOUD RD,STRAIGHT MOVEMENT ANGLE,CLEAR,DRY,DAYLIGHT,Unknown,UNKNOWN,Yes,No Apparent Injury,UNKNOWN,MD,(Sport) Utility Vehicle,0,2012.0,Lexus,460 GX,9,Saturday,7
MCP3169004V,210051179,Montgomery County Police,Injury Crash,2021-12-16 13:20:00,Maryland (State),NEW HAMPSHIRE AVE,OAKVIEW DR,SAME DIR REAR END,CLEAR,DRY,DAYLIGHT,NO CONTROLS,Unknown,No,No Apparent Injury,NOT DISTRACTED,MD,Pickup Truck,35,2008.0,Ford,TK,13,Thursday,12
MCP2592002B,220028657,Montgomery County Police,Injury Crash,2022-07-04 09:40:00,County,EMORY GROVE RD,STRAWBERRY KNOLL RD,HEAD ON LEFT TURN,CLEAR,DRY,DAYLIGHT,Unknown,NONE DETECTED,No,Possible Injury,NOT DISTRACTED,MD,Passenger Car,30,2021.0,Toyt,SUV,9,Monday,7
MCP242500HJ,220021557,Montgomery County Police,Property Damage Crash,2022-05-20 16:19:00,Unknown,Unknown,Unknown,SAME DIRECTION SIDESWIPE,CLEAR,Unknown,DAYLIGHT,Unknown,NONE DETECTED,No,No Apparent Injury,NOT DISTRACTED,MD,Passenger Car,0,2014.0,Bmw,X3,16,Friday,5
MCP2536000T,16040075,Montgomery County Police,Property Damage Crash,2016-08-07 09:45:00,Maryland (State),VEIRS MILL RD,RANDOLPH RD,SAME DIR REAR END,CLEAR,DRY,DARK LIGHTS ON,TRAFFIC SIGNAL,NONE DETECTED,No,No Apparent Injury,NOT DISTRACTED,DC,Passenger Car,35,2016.0,Honda,CIVIC,9,Sunday,8
EJ7829003V,170548364,Gaithersburg Police Depar,Property Damage Crash,2017-12-13 15:30:00,Unknown,Unknown,Unknown,OTHER,CLEAR,Unknown,DAYLIGHT,NO CONTROLS,UNKNOWN,Yes,No Apparent Injury,UNKNOWN,Unknown,Unknown,25,2000.0,Jaug,2D,15,Wednesday,12
MCP3308002H,240016407,MONTGOMERY,Property Damage Crash,2024-04-08 19:00:00,Maryland (State) Route,VEIRS MILL RD (WB/L),Unknown,Angle,Clear,Dry,Daylight,Traffic Control Signal,"Not Suspect of Alcohol Use, Not Suspect of Drug Use",No,No Apparent Injury,Not Distracted,MD,Passenger Car,35,2012.0,Nissan,ALTIMA,19,Monday,4
MCP20720080,240043590,MONTGOMERY,Property Damage Crash,2024-09-13 14:08:00,County Route,BRINK RD,Unknown,Front to Rear,Clear,Dry,Daylight,No Controls,"Not Suspect of Alcohol Use, Not Suspect of Drug Use",No,No Apparent Injury,Not Distracted,MD,Passenger Car,35,2021.0,Toyota,TACOMA,14,Friday,9
MCP3288000T,210013817,Montgomery County Police,Property Damage Crash,2021-04-13 16:10:00,County,RAILROAD ST,WASHINGTON GROVE LA,HEAD ON LEFT TURN,CLEAR,DRY,DAYLIGHT,NO CONTROLS,NONE DETECTED,No,No Apparent Injury,UNKNOWN,MD,Passenger Car,30,2018.0,Nissan,S,16,Tuesday,4
MCP31680017,190043497,Montgomery County Police,Property Damage Crash,2019-09-11 12:23:00,Unknown,Unknown,Unknown,SINGLE VEHICLE,CLEAR,Unknown,DAYLIGHT,NO CONTROLS,NONE DETECTED,Yes,No Apparent Injury,NOT DISTRACTED,MD,Police Vehicle/Emergency,5,2018.0,Ford,4S,12,Wednesday,9
MCP2845002T,170516166,Montgomery County Police,Property Damage Crash,2017-06-28 09:10:00,Maryland (State),UNIVERSITY BLVD E,RAMP 2 FR IS 495 WB TO MD 193 NB,SAME DIR REAR END,CLEAR,DRY,DAYLIGHT,YIELD SIGN,NONE DETECTED,Yes,No Apparent Injury,LOOKED BUT DID NOT SEE,MD,Passenger Car,35,2007.0,Toyt,4S,9,Wednesday,6
MCP2929001G,16029565,Montgomery County Police,Property Damage Crash,2016-06-12 11:15:00,Maryland (State),NORBECK RD,MUNCASTER MILL RD,SAME DIRECTION SIDESWIPE,CLEAR,DRY,DAYLIGHT,TRAFFIC SIGNAL,NONE DETECTED,Yes,No Apparent Injury,LOOKED BUT DID NOT SEE,DC,Passenger Car,40,2003.0,Mazda,MIATA,11,Sunday,6
DD5527003B,210016127,Rockville Police Departme,Property Damage Crash,2021-04-30 16:40:00,County,E GUDE DR,SOUTHLAWN LA,OTHER,CLEAR,DRY,DAYLIGHT,NO CONTROLS,NONE DETECTED,Yes,No Apparent Injury,OTHER DISTRACTION,MD,Passenger Car,40,2015.0,Cherveolet,COLORADO,16,Friday,4
MCP2653000R,16003757,Montgomery County Police,Property Damage Crash,2016-01-21 00:40:00,Maryland (State),PINEY BRANCH RD,PRINCE GEORGES CO/L,HEAD ON,SNOW,ICE,DARK LIGHTS ON,Unknown,NONE DETECTED,Yes,No Apparent Injury,NOT DISTRACTED,MD,Fire Vehicle/Non Emergency,40,2008.0,Spartan,TRUCK,0,Thursday,1
MCP28710027,15056212,MONTGOMERY,Injury Crash,2015-11-04 16:23:00,Maryland (State),OLD GEORGETOWN RD,RAMP 4 FR MD 187 NB TO IS 270 EB,STRAIGHT MOVEMENT ANGLE,CLEAR,DRY,DAYLIGHT,TRAFFIC SIGNAL,NONE DETECTED,Yes,No Apparent Injury,LOOKED BUT DID NOT SEE,MD,Passenger Car,35,2008.0,Volk,PASSAT,16,Wednesday,11
MCP30060060,200049607,Montgomery County Police,Injury Crash,2020-12-17 10:45:00,Maryland (State),CONNECTICUT AVE,ADAMS DR,SAME DIR REAR END,WINTRY MIX,WET,DAYLIGHT,TRAFFIC SIGNAL,NONE DETECTED,No,Possible Injury,NOT DISTRACTED,MD,Passenger Car,40,2003.0,Jaguar,XTYPE,10,Thursday,12
MCP3180001R,200050577,Montgomery County Police,Property Damage Crash,2020-12-23 23:16:00,County,LONGMEAD CROSSING DR,HOMECREST RD,SAME DIR REAR END,CLEAR,DRY,DARK LIGHTS ON,NO CONTROLS,NONE DETECTED,Yes,No Apparent Injury,OTHER DISTRACTION,MD,Passenger Car,30,2003.0,Toyt,4S,23,Wednesday,12
MCP33290033,240040766,MONTGOMERY,Property Damage Crash,2024-08-28 14:32:00,Maryland (State) Route,NEW HAMPSHIRE AVE,Unknown,Front to Rear,Clear,Dry,Daylight,Traffic Control Signal,"Unknown, Unknown",Yes,No Apparent Injury,Unknown,MD,Passenger Car,40,2008.0,Chevrolet,EXPRESS,14,Wednesday,8
MCP2437005M,240022132,MONTGOMERY,Injury Crash,2024-05-10 15:53:00,Maryland (State) Route,FREDERICK RD,Unknown,"Sideswipe, Same Direction",Rain,Wet,Daylight,No Controls,"Not Suspect of Alcohol Use, Not Suspect of Drug Use",No,Possible Injury,Not Distracted,MD,Pickup,40,2004.0,Dodge,RAM,15,Friday,5
MCP30840014,180004060,Montgomery County Police,Property Damage Crash,2018-01-24 13:33:00,Maryland (State),OLD GEORGETOWN RD,BEECH AVE,HEAD ON LEFT TURN,CLEAR,DRY,DAYLIGHT,TRAFFIC SIGNAL,NONE DETECTED,No,No Apparent Injury,NOT DISTRACTED,MD,Passenger Car,40,2012.0,Cadillac,TK,13,Wednesday,1
MCP2667006S,190062897,Montgomery County Police,Property Damage Crash,2019-12-31 12:30:00,Municipality,CHRISTOPHER AVE,FREDERICK RD,SAME DIR REAR END,CLEAR,DRY,DAYLIGHT,NO CONTROLS,NONE DETECTED,No,No Apparent Injury,NOT DISTRACTED,MD,Passenger Car,30,2005.0,Hond,4S,12,Tuesday,12
MCP3195001R,200049792,Montgomery County Police,Property Damage Crash,2020-12-18 15:40:00,Unknown,Unknown,Unknown,OTHER,CLOUDY,Unknown,DAYLIGHT,NO CONTROLS,Unknown,Yes,No Apparent Injury,LOOKED BUT DID NOT SEE,Unknown,Passenger Car,5,1997.0,Chev,TAHOE,15,Friday,12
EJ7839002F,170533860,Gaithersburg Police Depar,Injury Crash,2017-09-29 14:45:00,Maryland (State),QUINCE ORCHARD RD,SPUR TO MD 117,STRAIGHT MOVEMENT ANGLE,CLEAR,DRY,DAYLIGHT,NO CONTROLS,NONE DETECTED,Yes,No Apparent Injury,LOOKED BUT DID NOT SEE,MD,Passenger Car,30,2017.0,Volkswagen,JETTA,14,Friday,9
MCP1425001C,230029099,Montgomery County Police,Injury Crash,2023-06-17 05:26:00,Maryland (State),FALLS RD,S GLEN RD,STRAIGHT MOVEMENT ANGLE,CLEAR,DRY,DARK LIGHTS ON,TRAFFIC SIGNAL,NONE DETECTED,Yes,No Apparent Injury,NOT DISTRACTED,MD,Passenger Car,30,2011.0,Honda,ACCORD,5,Saturday,6
MCP3078000V,180005122,Montgomery County Police,Injury Crash,2018-01-30 14:13:00,Unknown,Unknown,Unknown,OTHER,CLEAR,Unknown,DAYLIGHT,NO CONTROLS,Unknown,Yes,No Apparent Injury,LOOKED BUT DID NOT SEE,MD,Passenger Car,30,2009.0,Hond,4S,14,Tuesday,1
MCP312900D1,250032607,MONTGOMERY,Property Damage Crash,2025-07-22 06:39:00,Other Public Roadway,INGRAM TERR,Unknown,Angle,Clear,Dry,Daylight,No Controls,"Not Suspect of Alcohol Use, Not Suspect of Drug Use",No,No Apparent Injury,Not Distracted,MD,Bus - School,5,2017.0,Freightliner,B2 BUS CHASSIS,6,Tuesday,7
MCP209400CF,180050839,Montgomery County Police,Property Damage Crash,2018-10-11 08:00:00,Maryland (State),EAST WEST HWY,CHATHAM RD,SAME DIR REAR END,RAINING,WET,DAYLIGHT,NO CONTROLS,NONE DETECTED,No,No Apparent Injury,NOT DISTRACTED,MD,(Sport) Utility Vehicle,35,2016.0,Honda,CRV,8,Thursday,10
MCP2565003V,17010234,Montgomery County Police,Injury Crash,2017-02-25 18:07:00,Maryland (State),ROCKVILLE PIKE,TUCKERMAN LA,SAME DIR REAR END,CLEAR,DRY,DARK LIGHTS ON,NO CONTROLS,NONE DETECTED,Yes,No Apparent Injury,NOT DISTRACTED,MD,Passenger Car,45,2000.0,Toyota,CAMRY,18,Saturday,2
MCP3444000D,250023084,MONTGOMERY,Injury Crash,2025-05-24 19:22:00,County Route,OVERLOOK DR,Unknown,Angle,Clear,Dry,Daylight,No Controls,"Not Suspect of Alcohol Use, Not Suspect of Drug Use",No,No Apparent Injury,Not Distracted,MD,Other Trucks,35,1985.0,Gmc,C/K PICKUP,19,Saturday,5
DD559500BT,220019168,Rockville Police Departme,Property Damage Crash,2022-05-05 17:45:00,Maryland (State),VEIRS MILL RD,SPUR TO MD 355,SAME DIR REAR END,CLOUDY,DRY,DAYLIGHT,YIELD SIGN,UNKNOWN,Yes,No Apparent Injury,UNKNOWN,MD,Passenger Car,35,2003.0,Toyota,4S,17,Thursday,5
MCP2439000Y,190027543,Montgomery County Police,Property Damage Crash,2019-06-09 15:04:00,Maryland (State),MUNCASTER MILL RD,WOODFIELD RD,SAME DIRECTION LEFT TURN,CLOUDY,DRY,DAYLIGHT,NO CONTROLS,Unknown,No,No Apparent Injury,NOT DISTRACTED,MD,Passenger Car,40,2006.0,Chev,EQUINOX,15,Sunday,6
MCP3064004G,220014606,Montgomery County Police,Property Damage Crash,2022-04-06 09:30:00,County,RANDOLPH RD,GARDEN GATE RD,SINGLE VEHICLE,RAINING,WET,DAYLIGHT,TRAFFIC SIGNAL,NONE DETECTED,Yes,No Apparent Injury,UNKNOWN,MD,Passenger Car,40,2013.0,Hond,4S,9,Wednesday,4
MCP3428000G,250019635,MONTGOMERY,Property Damage Crash,2025-05-05 05:37:00,Unknown,Unknown,Unknown,Single Vehicle,Clear,Unknown,Daylight,Unknown,"Not Suspect of Alcohol Use, Not Suspect of Drug Use",Yes,No Apparent Injury,Not Distracted,MD,Passenger Car,0,2024.0,Nissan,VERSA,5,Monday,5
MCP2902004W,21001185,Montgomery County Police,Injury Crash,2021-03-30 14:35:00,County,GUNNERS BRANCH RD,FREDERICK RD,OTHER,CLEAR,DRY,DAYLIGHT,TRAFFIC SIGNAL,Unknown,Yes,No Apparent Injury,UNKNOWN,MD,Passenger Car,45,2013.0,Chev,4S,14,Tuesday,3
MCP2516000W,16053784,Montgomery County Police,Injury Crash,2016-10-19 13:02:00,Unknown,Unknown,Unknown,SINGLE VEHICLE,CLEAR,Unknown,DAYLIGHT,NO CONTROLS,Unknown,Yes,Suspected Minor Injury,UNKNOWN,MD,(Sport) Utility Vehicle,15,2001.0,Isuzu,TROOPER,13,Wednesday,10
DD56160008,15054936,ROCKVILLE,Property Damage Crash,2015-10-29 08:41:00,Maryland (State),ROCKVILLE PIKE,WOOTTON PKWY,SAME DIR REAR END,CLEAR,DRY,DAYLIGHT,TRAFFIC SIGNAL,NONE DETECTED,Yes,No Apparent Injury,NOT DISTRACTED,VA,Other Bus,40,2005.0,New Flyer,NEW FLYER,8,Thursday,10
MCP1563005B,180065297,Montgomery County Police,Injury Crash,2018-12-31 08:33:00,Unknown,Unknown,Unknown,OTHER,CLOUDY,Unknown,DAYLIGHT,Unknown,NONE DETECTED,Yes,Suspected Minor Injury,NOT DISTRACTED,MD,Passenger Car,0,2007.0,Toyota,CAMRY,8,Monday,12
MCP24870044,250043738,MONTGOMERY,Property Damage Crash,2025-09-29 08:05:00,Maryland (State) Route,Unknown,Unknown,Single Vehicle,Cloudy,Dry,Daylight,No Controls,"Not Suspect of Alcohol Use, Not Suspect of Drug Use",Yes,No Apparent Injury,Not Distracted,MD,Bus - School,50,2024.0,Freightliner,B2 BUS CHASSIS,8,Monday,9
MCP2503000Q,16017055,Montgomery County Police,Injury Crash,2016-04-07 22:03:00,Maryland (State),W MONTGOMERY AVE,HURLEY AVE,STRAIGHT MOVEMENT ANGLE,CLOUDY,WET,DARK LIGHTS ON,TRAFFIC SIGNAL,NONE DETECTED,Yes,No Apparent Injury,NOT DISTRACTED,MD,Police Vehicle/Non Emergency,35,2011.0,Chevy,CAPRICE,22,Thursday,4
MCP31610039,210042393,Montgomery County Police,Property Damage Crash,2021-10-21 19:56:00,Maryland (State),CONNECTICUT AVE,HOWARD AVE,HEAD ON LEFT TURN,CLEAR,DRY,DARK LIGHTS ON,NO CONTROLS,NONE DETECTED,No,No Apparent Injury,NOT DISTRACTED,MD,Passenger Car,35,2016.0,Nissan,PATHFINDER,19,Thursday,10
MCP2966006N,230020760,Montgomery County Police,Property Damage Crash,2023-05-01 12:05:00,Maryland (State),DAMASCUS RD,LAYTONSVILLE RD,STRAIGHT MOVEMENT ANGLE,Unknown,Unknown,Unknown,STOP SIGN,NONE DETECTED,No,No Apparent Injury,NOT DISTRACTED,MD,Passenger Car,30,2011.0,Ford,EXPLORER,12,Monday,5
MCP3312006Q,250033889,MONTGOMERY,Property Damage Crash,2025-07-30 07:25:00,US (State),COLUMBIA PIKE (SB/L),Unknown,Front to Rear,Clear,Dry,Daylight,No Controls,"Not Suspect of Alcohol Use, Not Suspect of Drug Use",No,No Apparent Injury,Not Distracted,MD,Passenger Car,40,2010.0,Toyota,CAMRY,7,Wednesday,7
DD5614001V,17001182,Rockville Police Departme,Property Damage Crash,2017-01-07 15:56:00,Maryland (State),W JEFFERSON ST,S WASHINGTON ST,STRAIGHT MOVEMENT ANGLE,CLOUDY,WET,DAYLIGHT,NO CONTROLS,NONE DETECTED,No,No Apparent Injury,UNKNOWN,MD,Passenger Car,30,2003.0,Toyt,2S,15,Saturday,1
EJ79060025,250010086,GAITHERSBURG,Injury Crash,2025-03-07 19:05:00,County Route,SAM EIG HWY (SB/L),Unknown,"Sideswipe, Same Direction",Clear,Dry,Dark - Not Lighted,No Controls,"Not Suspect of Alcohol Use, Not Suspect of Drug Use",Yes,Possible Injury,Unknown,MN,Passenger Car,50,2004.0,Cadillac,DEVILLE,19,Friday,3
MCP12200024,15013720,Montgomery County Police,Injury Crash,2015-03-25 09:42:00,County,POWDER MILL RD,GREENACRES DR,UNKNOWN,RAINING,WET,DAYLIGHT,NO CONTROLS,NONE DETECTED,Yes,Suspected Minor Injury,UNKNOWN,MD,(Sport) Utility Vehicle,35,2004.0,Honda,PILOT,9,Wednesday,3
MCP3016001F,170531714,Montgomery County Police,Property Damage Crash,2017-09-20 12:51:00,Maryland (State),GERMANTOWN RD,WISTERIA DR,SAME DIR REAR END,CLEAR,DRY,DAYLIGHT,Unknown,Unknown,No,No Apparent Injury,NOT DISTRACTED,MD,Pickup Truck,40,2016.0,Toyt,TACOM,12,Wednesday,9
MCP2512001Y,16024532,Montgomery County Police,Property Damage Crash,2016-05-17 17:03:00,Maryland (State),QUINCE ORCHARD RD,EISENHOWER MEMORIAL HWY,SAME DIR REAR END,CLOUDY,WET,DAYLIGHT,NO CONTROLS,NONE DETECTED,No,No Apparent Injury,NOT DISTRACTED,MD,(Sport) Utility Vehicle,35,2006.0,Mercedes,ML330,17,Tuesday,5
MCP2394004G,210022658,Montgomery County Police,Property Damage Crash,2021-06-14 08:26:00,County,SHADY GROVE RD,EISENHOWER MEMORIAL HWY,STRAIGHT MOVEMENT ANGLE,CLEAR,DRY,DAYLIGHT,TRAFFIC SIGNAL,NONE DETECTED,No,No Apparent Injury,NOT DISTRACTED,MD,Pickup Truck,15,2016.0,Chevy,SILVERADO,8,Monday,6
MCP3256000Y,210029602,Montgomery County Police,Property Damage Crash,2021-07-30 17:18:00,Interstate (State),CAPITAL BELTWAY,NEW HAMPSHIRE AVE,SAME DIRECTION SIDESWIPE,CLEAR,DRY,DAYLIGHT,NO CONTROLS,ALCOHOL PRESENT,Yes,No Apparent Injury,LOOKED BUT DID NOT SEE,MD,Passenger Car,55,2004.0,Toyota,COROLLA,17,Friday,7
MCP27560066,240057366,MONTGOMERY,Property Damage Crash,2024-11-22 15:20:00,County Route,ARCOLA AVE,OREBAUGH AVE,Front to Rear,Rain,Wet,Daylight,Pedestrian Crossing Sign,"Not Suspect of Alcohol Use, Not Suspect of Drug Use",No,No Apparent Injury,Not Distracted,MD,Passenger Car,25,2012.0,Honda,PILOT,15,Friday,11
MCP3193002H,210025813,Montgomery County Police,Property Damage Crash,2021-07-05 16:20:00,Unknown,Unknown,Unknown,STRAIGHT MOVEMENT ANGLE,CLEAR,Unknown,DAYLIGHT,Unknown,Unknown,Yes,No Apparent Injury,UNKNOWN,Unknown,Passenger Car,5,2007.0,Toyota,SUV,16,Monday,7
MCP14330014,170512350,Montgomery County Police,Injury Crash,2017-06-07 19:10:00,Maryland (State),FREDERICK RD,SHADY GROVE RD,SAME DIR REAR END,CLOUDY,DRY,DAYLIGHT,NO CONTROLS,NONE DETECTED,Yes,No Apparent Injury,LOOKED BUT DID NOT SEE,MD,Passenger Car,40,2003.0,Niss,SENTRA,19,Wednesday,6
MCP2438001J,170541936,Montgomery County Police,Injury Crash,2017-11-09 20:06:00,County,CHERRY HILL RD,CALVERTON BLVD,SAME DIR REAR END,RAINING,WET,DARK LIGHTS ON,TRAFFIC SIGNAL,Unknown,Yes,Possible Injury,NOT DISTRACTED,MD,Passenger Car,40,1999.0,Toyota,COROLLA,20,Thursday,11
MCP9301004D,230016896,Montgomery County Police,Property Damage Crash,2023-04-25 06:30:00,County,FIELDS RD,SAM EIG HWY,SINGLE VEHICLE,CLEAR,Unknown,UNKNOWN,UNKNOWN,UNKNOWN,Yes,No Apparent Injury,UNKNOWN,MD,Passenger Car,50,2017.0,Tesla,4D,6,Tuesday,4
MCP2666005J,210043803,Montgomery County Police,Injury Crash,2021-10-30 11:35:00,Maryland (State),NEW HAMPSHIRE AVE,RAMP 4 FR MD 650 NB TO US 29 EB,SAME DIR REAR END,CLEAR,DRY,DAYLIGHT,NO CONTROLS,NONE DETECTED,Yes,No Apparent Injury,NOT DISTRACTED,MD,Passenger Car,40,2016.0,Nissan,ALTIMA,11,Saturday,10
MCP2950000M,15053742,MONTGOMERY,Property Damage Crash,2015-10-23 04:17:00,County,MIDDLEBROOK RD,RAMP 1 FR IS 270 NB TO MIDDLEBROOK RD WB,SINGLE VEHICLE,CLEAR,DRY,DARK LIGHTS ON,NO CONTROLS,ALCOHOL PRESENT,Yes,No Apparent Injury,UNKNOWN,WV,Passenger Car,40,2005.0,Chevy,COBALT,4,Friday,10
DD5605004C,170534650,Rockville Police Departme,Injury Crash,2017-10-04 06:30:00,Maryland (State),W MONTGOMERY AVE,FALLSGROVE DR,SAME DIRECTION LEFT TURN,Unknown,DRY,DUSK,TRAFFIC SIGNAL,NONE DETECTED,No,Possible Injury,NOT DISTRACTED,MD,Passenger Car,45,2007.0,Merz,4S,6,Wednesday,10
EJ7858002T,180053823,Gaithersburg Police Depar,Injury Crash,2018-10-27 13:21:00,Municipality,W DEER PARK RD,BRIGHTON DR,ANGLE MEETS LEFT TURN,RAINING,WET,DAYLIGHT,STOP SIGN,NONE DETECTED,Yes,No Apparent Injury,LOOKED BUT DID NOT SEE,MD,Passenger Car,25,2016.0,Toyota,COROLLLA,13,Saturday,10
DD5610001F,15055690,ROCKVILLE,Property Damage Crash,2015-11-02 07:43:00,Maryland (State),VEIRS MILL RD,EDMONSTON DR,SAME DIR REAR END,CLEAR,DRY,DAYLIGHT,TRAFFIC SIGNAL,Unknown,No,No Apparent Injury,NOT DISTRACTED,MD,Passenger Car,35,2007.0,Nissan,SUV,7,Monday,11
MCP26890052,180054945,Montgomery County Police,Injury Crash,2018-11-02 08:30:00,County,DARNESTOWN RD,HI WOOD DR,SAME DIR REAR END,CLOUDY,WET,DAYLIGHT,NO CONTROLS,NONE DETECTED,No,Possible Injury,NOT DISTRACTED,MD,Passenger Car,40,2015.0,Nissan,ALTIMA,8,Friday,11
MCP301000BG,240056917,MONTGOMERY,Property Damage Crash,2024-11-27 09:36:00,County Route,OLD GEORGETOWN RD,ROCKVILLE PIKE,"Sideswipe, Same Direction",Clear,Dry,Daylight,Traffic Control Signal,"Not Suspect of Alcohol Use, Not Suspect of Drug Use",No,No Apparent Injury,Not Distracted,MD,Passenger Car,35,2020.0,Lexus,ES,9,Wednesday,11
MCP2635003D,16064410,Montgomery County Police,Property Damage Crash,2016-12-15 17:18:00,Maryland (State),NORBECK RD,MUNCASTER MILL RD,SAME DIRECTION RIGHT TURN,CLEAR,DRY,DARK LIGHTS ON,NO CONTROLS,Unknown,Yes,No Apparent Injury,UNKNOWN,MD,Van,45,2015.0,Ford,TRANSIT,17,Thursday,12
MCP30450049,210048688,Montgomery County Police,Property Damage Crash,2021-12-01 08:00:00,County,JULLIARD DR,MARQUETTE DR,SAME DIRECTION SIDESWIPE,CLEAR,DRY,DAYLIGHT,Unknown,NONE DETECTED,Yes,No Apparent Injury,LOOKED BUT DID NOT SEE,DC,"Medium/Heavy Trucks 3 Axles (Over 10,000Lbs (4,536Kg))",25,2017.0,Mack,G0712,8,Wednesday,12
MCP2590000T,15064596,MONTGOMERY,Property Damage Crash,2015-12-18 21:57:00,Unknown,Unknown,Unknown,OTHER,Unknown,Unknown,DARK LIGHTS ON,NO CONTROLS,ALCOHOL PRESENT,Yes,No Apparent Injury,UNKNOWN,Unknown,(Sport) Utility Vehicle,15,2006.0,Hyundai,SANTA FE,21,Friday,12
MCP2622005C,250052429,MONTGOMERY,Property Damage Crash,2025-11-22 13:25:00,US (State),COLUMBIA PIKE (SB/L),Unknown,Front to Rear,Clear,Dry,Daylight,No Controls,"Not Suspect of Alcohol Use, Not Suspect of Drug Use",No,No Apparent Injury,Not Distracted,MD,Passenger Car,55,2013.0,Toyota,CAMRY,13,Saturday,11
MCP283200B1,240052425,MONTGOMERY,Injury Crash,2024-11-01 09:48:00,Maryland (State) Route,BRADLEY BLVD,Unknown,Front to Rear,Cloudy,Dry,Daylight,Pedestrian Crossing Sign,"Not Suspect of Alcohol Use, Not Suspect of Drug Use",Yes,No Apparent Injury,Unknown,MD,Sport Utility Vehicle,30,2012.0,Kia,SORENTO,9,Friday,11
MCP29050050,200051298,Montgomery County Police,Property Damage Crash,2020-12-30 06:57:00,County,WESTLAKE DR,LAKEVIEW DR,SAME DIRECTION RIGHT TURN,CLEAR,DRY,DAWN,NO CONTROLS,Unknown,Yes,No Apparent Injury,UNKNOWN,MD,"Other Light Trucks (10,000Lbs (4,536Kg) Or Less)",30,2013.0,Ford,F750,6,Wednesday,12
MCP2806000K,15027331,Montgomery County Police,Property Damage Crash,2015-06-05 22:00:00,Maryland (State),PINEY BRANCH RD,GREENWOOD AVE,OTHER,CLEAR,DRY,DARK LIGHTS ON,TRAFFIC SIGNAL,UNKNOWN,Yes,No Apparent Injury,UNKNOWN,Unknown,"Other Light Trucks (10,000Lbs (4,536Kg) Or Less)",35,2000.0,Chevrolet,TK,22,Friday,6
MCP133400BF,200050473,Montgomery County Police,Injury Crash,2020-12-23 11:46:00,County,LONGDRAFT RD,SIOUX LA,SINGLE VEHICLE,CLEAR,DRY,DAYLIGHT,NO CONTROLS,NONE DETECTED,No,Suspected Minor Injury,NOT DISTRACTED,MD,Police Vehicle/Non Emergency,30,2010.0,Chevrolet,IMPALA,11,Wednesday,12
MCP3048004W,190009638,Montgomery County Police,Property Damage Crash,2019-03-01 07:04:00,County,BROOKVILLE RD,LYTTONSVILLE PL,STRAIGHT MOVEMENT ANGLE,RAINING,WET,DAYLIGHT,STOP SIGN,Unknown,No,No Apparent Injury,NOT DISTRACTED,MD,Transit Bus,25,2009.0,Gill,BUS,7,Friday,3
MCP3396000M,240007887,MONTGOMERY,Property Damage Crash,2024-02-17 19:40:00,County Route,CONNECTICUT AVE SERVICE RD,Unknown,"Sideswipe, Same Direction",Clear,Dry,Dark - Not Lighted,No Controls,"Suspect of Alcohol Use, Not Suspect of Drug Use",Yes,No Apparent Injury,Unknown,MD,Passenger Car,30,1999.0,Toyota,HIGHLANDER,19,Saturday,2
MCP2965000Q,15062800,MONTGOMERY,Property Damage Crash,2015-12-09 07:59:00,Maryland (State),NEW HAMPSHIRE AVE,DENIT ESTATES DR,SAME DIR REAR END,CLEAR,DRY,DAYLIGHT,FLASHING TRAFFIC SIGNAL,NONE DETECTED,No,No Apparent Injury,NOT DISTRACTED,MD,Passenger Car,40,2012.0,Acura,SUV,7,Wednesday,12