Report Number,Local Case Number,Agency Name,ACRS Report Type,Crash Date/Time,Route Type,Road Name,Cross-Street Name,Collision Type,Weather,Surface Condition,Light,Traffic Control,Driver Substance Abuse,Driver At Fault,Injury Severity,Driver Distracted By,Drivers License State,Vehicle Body Type,Speed Limit,Vehicle Year,Vehicle Make,Vehicle Model,Crash Hour,Crash Day,Crash Month
DD56510039,230024895,Rockville Police Departme,Property Damage Crash,2023-05-24 13:16:00,Unknown,Unknown,Unknown,SAME DIRECTION SIDESWIPE,CLEAR,Unknown,DAYLIGHT,NO CONTROLS,NONE DETECTED,Yes,No Apparent Injury,NOT DISTRACTED,XX,Passenger Car,5,2014.0,Toyota,RAV4,13,Wednesday,5
MCP26770006,15042193,MONTGOMERY,Property Damage Crash,2015-08-23 01:35:00,Maryland (State),CLOPPER RD,CINNAMON DR,SINGLE VEHICLE,Unknown,DRY,DARK NO LIGHTS,Unknown,Unknown,No,No Apparent Injury,UNKNOWN,MD,Police Vehicle/Emergency,35,2006.0,Ford,CROWN VICTORIA,1,Sunday,8
EJ78950068,240041412,GAITHERSBURG,Injury Crash,2024-09-01 13:00:00,Bicycle Route,Unknown,DIAMONDBACK DR MUDDY BRANCH RD,Front to Front,Clear,Dry,Daylight,Traffic Control Signal,"Not Suspect of Alcohol Use, Not Suspect of Drug Use",Yes,Suspected Minor Injury,Unknown,MD,Van - Passenger (&Lt;9 Seats),40,2008.0,Toyota,SIENNA,13,Sunday,9
MCP26930043,210046056,Montgomery County Police,Injury Crash,2021-11-13 14:21:00,Unknown,Unknown,Unknown,STRAIGHT MOVEMENT ANGLE,CLEAR,Unknown,DAYLIGHT,Unknown,NONE DETECTED,Yes,No Apparent Injury,UNKNOWN,XX,Passenger Car,15,2006.0,Acura,TL,14,Saturday,11
DD5539000W,15022575,Rockville Police Departme,Injury Crash,2015-05-12 09:01:00,Maryland (State),HUNGERFORD DR,MANNAKEE ST,HEAD ON LEFT TURN,CLEAR,DRY,DAYLIGHT,TRAFFIC SIGNAL,NONE DETECTED,Yes,Possible Injury,UNKNOWN,MD,(Sport) Utility Vehicle,40,2003.0,Lexus,RX300,9,Tuesday,5
MCP20870029,180050456,Montgomery County Police,Property Damage Crash,2018-10-09 10:52:00,County,CONNECTICUT AVE SERVICE RD,ISBELL ST,SAME DIRECTION SIDESWIPE,CLEAR,DRY,DAYLIGHT,Unknown,NONE DETECTED,Yes,No Apparent Injury,NOT DISTRACTED,MD,"Cargo Van/Light Truck 2 Axles (Over 10,000Lbs (4,536 Kg))",25,1993.0,General Motors,POSTAL CARRIER,10,Tuesday,10
MCP2160003G,250034545,MONTGOMERY,Property Damage Crash,2025-08-03 15:20:00,County Route,APPLE RIDGE RD,Unknown,Front to Rear,Clear,Dry,Daylight,No Controls,"Unknown, Unknown",No,No Apparent Injury,Unknown,Unknown,Unknown,30,1900.0,Nissan,UNKNOWN,15,Sunday,8
MCP1291002P,200005363,Montgomery County Police,Property Damage Crash,2020-02-01 17:30:00,Maryland (State),KEY WEST AVE,BROSCHART RD,SAME DIR REAR END,RAINING,WET,DARK LIGHTS ON,Unknown,Unknown,Yes,No Apparent Injury,NOT DISTRACTED,MD,Passenger Car,40,2008.0,Toyota,CAMRY,17,Saturday,2
MCP30750016,180020643,Montgomery County Police,Property Damage Crash,2018-04-27 15:15:00,Maryland (State),WOODFIELD RD,MAIN ST,STRAIGHT MOVEMENT ANGLE,CLEAR,DRY,DAYLIGHT,TRAFFIC SIGNAL,NONE DETECTED,No,No Apparent Injury,NOT DISTRACTED,MD,Passenger Car,40,2005.0,Ford,EXCURSION,15,Friday,4
MCP30730039,190009840,Montgomery County Police,Property Damage Crash,2019-03-02 15:15:00,County,SHERATON ST,GEORGIA AVE,STRAIGHT MOVEMENT ANGLE,Unknown,Unknown,DAYLIGHT,Unknown,Unknown,Yes,No Apparent Injury,UNKNOWN,MD,Passenger Car,45,2017.0,Toyota,COROLLA,15,Saturday,3
MCP3156003D,250013211,MONTGOMERY,Property Damage Crash,2025-03-26 11:30:00,Maryland (State) Route,UNIVERSITY BLVD E,Unknown,Other,Clear,Dry,Daylight,Intersection Ahead Warning Sign,"Not Suspect of Alcohol Use, Not Suspect of Drug Use",No,No Apparent Injury,Unknown,MD,Other,35,2017.0,Mercedes-Benz,METRIS,11,Wednesday,3
MCP3299004K,250015451,MONTGOMERY,Property Damage Crash,2025-04-09 13:42:00,Unknown,Unknown,Unknown,Rear To Side,Clear,Unknown,Daylight,Unknown,"Unknown, Unknown",No,Unknown,Unknown,Unknown,Passenger Car,0,2022.0,Toyota,TACOMA,13,Wednesday,4
MCP2313001F,210022397,Montgomery County Police,Property Damage Crash,2021-06-11 23:20:00,Maryland (State),W DIAMOND AVE,RAMP 7 FR MD 117 WB TO RAMP 6 (TO IS270),HEAD ON LEFT TURN,RAINING,WET,DARK LIGHTS ON,NO CONTROLS,NONE DETECTED,Yes,No Apparent Injury,UNKNOWN,VA,Passenger Car,35,2010.0,Hyundai,GENESIS,23,Friday,6
MCP28310020,170514577,Montgomery County Police,Property Damage Crash,2017-06-19 16:41:00,Maryland (State),GERMANTOWN RD,RAMP 3 FR MD 118 EB TO RAMP 2 (TO IS270),SAME DIR REAR END,RAINING,WET,DAYLIGHT,TRAFFIC SIGNAL,NONE DETECTED,No,No Apparent Injury,NOT DISTRACTED,MD,Passenger Car,40,2008.0,Hyun,TK,16,Monday,6
HA24240007,17000221,Maryland-National Capital,Injury Crash,2017-02-26 15:07:00,Unknown,Unknown,Unknown,SINGLE VEHICLE,CLEAR,Unknown,DAYLIGHT,Unknown,Unknown,Yes,Possible Injury,NOT DISTRACTED,MD,Passenger Car,15,2014.0,Hyundai,SANTA FE,15,Sunday,2
MCP3262000Y,210016753,Montgomery County Police,Injury Crash,2021-05-04 15:19:00,County,FAIRLAND RD,OLD COLUMBIA PIKE,HEAD ON LEFT TURN,CLOUDY,DRY,DAYLIGHT,TRAFFIC SIGNAL,NONE DETECTED,Yes,Possible Injury,LOOKED BUT DID NOT SEE,MD,Passenger Car,25,2007.0,Honda,PILOT,15,Tuesday,5
MCP28160015,15059442,MONTGOMERY,Injury Crash,2015-11-21 02:40:00,Maryland (State),KEY WEST AVE,SPUR FR SHADY GROVE RD,SAME DIR BOTH LEFT TURN,CLEAR,DRY,DARK LIGHTS ON,TRAFFIC SIGNAL,ALCOHOL PRESENT,Yes,No Apparent Injury,INATTENTIVE OR LOST IN THOUGHT,VA,Passenger Car,40,2013.0,Bmw,X3,2,Saturday,11
EJ7863000F,16046619,Gaithersburg Police Depar,Property Damage Crash,2016-09-11 19:40:00,Municipality,CHESTNUT ST,MUDDY BRANCH RD (AHEAD),SAME DIR REAR END,CLEAR,DRY,DARK LIGHTS ON,TRAFFIC SIGNAL,NONE DETECTED,No,No Apparent Injury,NOT DISTRACTED,MA,Passenger Car,25,2010.0,Lexus,TK,19,Sunday,9
MCP15750087,190003736,Montgomery County Police,Property Damage Crash,2019-01-24 12:00:00,Maryland (State),ROCKVILLE PIKE,MT VERNON PL,OTHER,RAINING,WET,DAYLIGHT,STOP SIGN,NONE DETECTED,No,No Apparent Injury,NOT DISTRACTED,MD,Police Vehicle/Non Emergency,30,2014.0,Dodge,CHARGER,12,Thursday,1
MCP31140018,190016567,Montgomery County Police,Injury Crash,2019-04-09 19:12:00,US (State),COLUMBIA PIKE,STEWART LA,SAME DIR REAR END,Unknown,Unknown,DAYLIGHT,TRAFFIC SIGNAL,Unknown,Yes,No Apparent Injury,LOOKED BUT DID NOT SEE,MD,Van,45,2002.0,Ford,VAN,19,Tuesday,4
MCP2270005G,250055626,MONTGOMERY,Property Damage Crash,2025-12-12 14:15:00,County Route,SUGARBUSH LA,Unknown,"Sideswipe, Same Direction",Clear,Dry,Daylight,No Controls,"Not Suspect of Alcohol Use, Not Suspect of Drug Use",Yes,No Apparent Injury,"Other Action (looking away from task, etc.)",MD,Van - Passenger (&Lt;9 Seats),25,2016.0,Honda,ODYSSEY,14,Friday,12
MCP2929002T,180028786,Montgomery County Police,Property Damage Crash,2018-06-11 10:11:00,Maryland (State),OLNEY SANDY SPRING RD,MARDEN LA,SAME DIR REAR END,RAINING,WET,DAYLIGHT,NO CONTROLS,NONE DETECTED,No,No Apparent Injury,NOT DISTRACTED,MD,Passenger Car,30,2008.0,Toyt,CAMRY,10,Monday,6
MCP2894004S,180025079,Montgomery County Police,Property Damage Crash,2018-05-22 11:25:00,Maryland (State),OLD GEORGETOWN RD,ROCKVILLE PIKE,SAME DIRECTION RIGHT TURN,RAINING,WET,DAYLIGHT,NO CONTROLS,NONE DETECTED,No,No Apparent Injury,NOT DISTRACTED,MI,Passenger Car,35,2018.0,Chevy,EQUINOX,11,Tuesday,5
DD5646001F,210034143,Rockville Police Departme,Property Damage Crash,2021-09-01 07:45:00,Maryland (State),NORBECK RD,E GUDE DR,SAME DIR REAR END,CLOUDY,WET,DAYLIGHT,Unknown,NONE DETECTED,No,No Apparent Injury,UNKNOWN,MD,(Sport) Utility Vehicle,50,2019.0,Hond,TK,7,Wednesday,9
MCP1378011F,220025576,Montgomery County Police,Property Damage Crash,2022-06-14 13:29:00,US (State),COLUMBIA PIKE,NO NAME,SINGLE VEHICLE,CLOUDY,DRY,DAYLIGHT,TRAFFIC SIGNAL,NONE DETECTED,Yes,No Apparent Injury,NOT DISTRACTED,MD,Van,50,2006.0,Chevrolet,EXPRESS,13,Tuesday,6
MCP30510037,190034711,Montgomery County Police,Property Damage Crash,2019-07-21 19:00:00,County,WESTLAKE TERR,RAMP 5 FR IS 270Y SB TO WESTLAKE TERR,OTHER,RAINING,WET,DARK LIGHTS ON,TRAFFIC SIGNAL,NONE DETECTED,Yes,No Apparent Injury,UNKNOWN,MD,Passenger Car,40,2007.0,Honda,CRV,19,Sunday,7
MCP2753005W,220049473,Montgomery County Police,Injury Crash,2022-11-09 11:53:00,County,BRYANTS NURSERY RD,NORWOOD RD,HEAD ON,CLEAR,DRY,DAYLIGHT,NO CONTROLS,NONE DETECTED,No,No Apparent Injury,NOT DISTRACTED,MD,Passenger Car,25,2013.0,Toyt,VN,11,Wednesday,11
DD5612005K,240033413,ROCKVILLE,Property Damage Crash,2024-07-10 16:07:00,Maryland (State) Route,ROCKVILLE PIKE,Unknown,"Sideswipe, Same Direction",Clear,Dry,Daylight,No Controls,"Not Suspect of Alcohol Use, Not Suspect of Drug Use",No,No Apparent Injury,Not Distracted,MD,Bus - Transit,35,2014.0,Gillig,CITY TRANSIT BUS,16,Wednesday,7
MCP2039004H,180048414,Montgomery County Police,Injury Crash,2018-09-28 07:45:00,County,WELLER RD,CONNECTICUT AVE,HEAD ON,CLOUDY,WET,DAYLIGHT,TRAFFIC SIGNAL,Unknown,No,Possible Injury,NOT DISTRACTED,MD,Passenger Car,25,1996.0,Toyota,RAV4,7,Friday,9
MCP295400BN,220024519,Montgomery County Police,Property Damage Crash,2022-06-08 06:54:00,US (State),COLESVILLE RD,LANARK WAY,SAME DIR REAR END,CLEAR,DRY,DAYLIGHT,NO CONTROLS,NONE DETECTED,No,No Apparent Injury,NOT DISTRACTED,MD,Passenger Car,35,2010.0,Pont,4S,6,Wednesday,6
EJ7871003X,200043742,Gaithersburg Police Depar,Injury Crash,2020-11-05 20:30:00,Maryland (State),WOODFIELD RD,EMORY GROVE RD,STRAIGHT MOVEMENT ANGLE,CLEAR,DRY,DARK LIGHTS ON,TRAFFIC SIGNAL,Unknown,Unknown,No Apparent Injury,LOOKED BUT DID NOT SEE,MD,Passenger Car,35,2007.0,Toyota,VAN,20,Thursday,11
MCP2466003M,210039029,Montgomery County Police,Property Damage Crash,2021-10-01 17:58:00,Unknown,Unknown,Unknown,OTHER,CLEAR,Unknown,DAYLIGHT,NO CONTROLS,UNKNOWN,Yes,No Apparent Injury,UNKNOWN,Unknown,Pickup Truck,20,2000.0,Ford,TK,17,Friday,10
MCP137800VG,200045573,Montgomery County Police,Injury Crash,2020-11-18 15:28:00,County,BRINK RD,BLUNT RD,SAME DIR REAR END,CLEAR,DRY,DAYLIGHT,NO CONTROLS,NONE DETECTED,Yes,No Apparent Injury,OTHER DISTRACTION,MD,Pickup Truck,30,2007.0,Chev,SILVERADO,15,Wednesday,11
MCP31620061,250030527,MONTGOMERY,Property Damage Crash,2025-07-09 12:35:00,Maryland (State) Route,GEORGIA AVE (SB/L),FLORA LA,Angle,Clear,Dry,Daylight,No Controls,"Not Suspect of Alcohol Use, Not Suspect of Drug Use",Yes,No Apparent Injury,Not Distracted,MD,Passenger Car,35,2016.0,Honda,ACCORD,12,Wednesday,7
MCP3463000K,250029355,MONTGOMERY,Property Damage Crash,2025-07-02 06:52:00,Municipality Route,CHOKE CHERRY RD (WB/L),SHADY GROVE RD,Angle,Rain,Wet,Daylight,Traffic Control Signal,"Not Suspect of Alcohol Use, Not Suspect of Drug Use",Yes,No Apparent Injury,Unknown,MD,Passenger Car,30,2015.0,Toyota,PRIUS,6,Wednesday,7
MCP2072005T,220039601,Montgomery County Police,Injury Crash,2022-09-12 11:22:00,Maryland (State),FREDERICK RD,PLUMMER DR,SAME DIR REAR END,CLEAR,DRY,DAYLIGHT,TRAFFIC SIGNAL,NONE DETECTED,No,Suspected Minor Injury,NOT DISTRACTED,MD,Passenger Car,40,2019.0,Cheverolet,SPARK,11,Monday,9
MCP13790041,15030045,Montgomery County Police,Injury Crash,2015-06-19 23:46:00,County,RANDOLPH RD,NEW HAMPSHIRE AVE,STRAIGHT MOVEMENT ANGLE,CLOUDY,DRY,DARK LIGHTS ON,TRAFFIC SIGNAL,NONE DETECTED,No,No Apparent Injury,NOT DISTRACTED,MD,Passenger Car,40,2002.0,Honda,ACCORD,23,Friday,6
MCP3271000Z,210020099,Montgomery County Police,Property Damage Crash,2021-05-27 16:10:00,Interstate (State),CAPITAL BELTWAY,RIVER RD,SAME DIR REAR END,CLEAR,DRY,DAYLIGHT,NO CONTROLS,NONE DETECTED,No,No Apparent Injury,NOT DISTRACTED,VA,Passenger Car,55,2012.0,Jeep,COMPASS,16,Thursday,5
MCP29480053,220020874,Montgomery County Police,Property Damage Crash,2022-05-16 17:20:00,County,RANDOLPH RD,BUSHEY DR,STRAIGHT MOVEMENT ANGLE,CLEAR,DRY,DAYLIGHT,NO CONTROLS,NONE DETECTED,No,No Apparent Injury,NOT DISTRACTED,MD,Passenger Car,30,2009.0,Mazda,3,17,Monday,5
DD5644002J,220014491,Rockville Police Departme,Property Damage Crash,2022-04-05 14:48:00,Unknown,Unknown,Unknown,OPPOSITE DIRECTION SIDESWIPE,RAINING,Unknown,DAYLIGHT,NO CONTROLS,NONE DETECTED,No,No Apparent Injury,NOT DISTRACTED,MD,Passenger Car,5,2014.0,Toyt,2S,14,Tuesday,4
DD56010051,190051030,Rockville Police Departme,Injury Crash,2019-10-24 02:00:00,Maryland (State),ROCKVILLE PIKE,MT VERNON PL,SAME DIRECTION SIDESWIPE,CLEAR,DRY,DARK LIGHTS ON,NO CONTROLS,ALCOHOL PRESENT,Yes,No Apparent Injury,UNKNOWN,VA,Passenger Car,30,2019.0,Toyota,TK,2,Thursday,10
HA2526000J,25002030,MCPARK,Injury Crash,2025-09-20 13:17:00,Maryland (State) Route,Unknown,Unknown,Front to Rear,Rain,Wet,Daylight,Traffic Control Signal,"Not Suspect of Alcohol Use, Not Suspect of Drug Use",No,No Apparent Injury,Unknown,MD,Passenger Car,30,2019.0,Jaguar,I-PACE,13,Saturday,9
MCP24690009,15001342,Montgomery County Police,Property Damage Crash,2015-01-09 07:54:00,County,KARA LA,CANNON RD,HEAD ON,SNOW,SNOW,DAYLIGHT,Unknown,NONE DETECTED,Yes,No Apparent Injury,NOT DISTRACTED,MD,Passenger Car,25,2003.0,Hond,CIVIC,7,Friday,1
DD56040027,190001823,Rockville Police Departme,Property Damage Crash,2019-01-11 17:55:00,Maryland (State),W MONTGOMERY AVE,WALL ST,SAME DIR REAR END,CLEAR,DRY,DARK LIGHTS ON,NO CONTROLS,NONE DETECTED,No,No Apparent Injury,NOT DISTRACTED,MD,Passenger Car,30,2016.0,Ford,EDGE,17,Friday,1
DD56590014,250055578,ROCKVILLE,Property Damage Crash,2025-12-12 10:23:00,Unknown,Unknown,Unknown,Rear To Side,Clear,Unknown,Daylight,Unknown,"Not Suspect of Alcohol Use, Not Suspect of Drug Use",Yes,No Apparent Injury,Not Distracted,MD,Passenger Car,0,2010.0,Toyota,COROLLA,10,Friday,12
MCP14170055,16023722,Montgomery County Police,Property Damage Crash,2016-05-13 06:11:00,County,SHADY GROVE RD,MIDCOUNTY HWY,SAME DIRECTION SIDESWIPE,RAINING,WET,DAYLIGHT,TRAFFIC SIGNAL,NONE DETECTED,No,No Apparent Injury,NOT DISTRACTED,MD,"Medium/Heavy Trucks 3 Axles (Over 10,000Lbs (4,536Kg))",40,2006.0,Chevrolet,TRASH TRUCK,6,Friday,5
DM84780030,240059047,TAKOMA,Property Damage Crash,2024-12-10 15:36:00,Municipality Route,MAPLE AVE,Unknown,Front to Rear,Rain,Wet,Daylight,No Controls,"Not Suspect of Alcohol Use, Not Suspect of Drug Use",No,No Apparent Injury,Not Distracted,MD,Passenger Car,20,2006.0,Acura,TL,15,Tuesday,12
MCP10640076,180008190,Montgomery County Police,Property Damage Crash,2018-02-16 13:12:00,Unknown,Unknown,Unknown,OTHER,RAINING,Unknown,DAYLIGHT,Unknown,Unknown,No,No Apparent Injury,NOT DISTRACTED,MD,"Other Light Trucks (10,000Lbs (4,536Kg) Or Less)",0,2000.0,Ford,TRUCK,13,Friday,2
MCP2977001T,16050572,Montgomery County Police,Property Damage Crash,2016-10-02 06:58:00,US (State),COLUMBIA PIKE,LOCKWOOD DR,ANGLE MEETS LEFT TURN,CLOUDY,WET,DAWN,TRAFFIC SIGNAL,Unknown,Yes,No Apparent Injury,UNKNOWN,MD,Passenger Car,40,2007.0,Hond,CIVIC,6,Sunday,10
MCP1151002T,15018824,Montgomery County Police,Property Damage Crash,2015-04-22 06:03:00,Maryland (State),WOODFIELD RD,BETHESDA CHURCH RD,STRAIGHT MOVEMENT ANGLE,CLEAR,DRY,DUSK,STOP SIGN,NONE DETECTED,No,No Apparent Injury,NOT DISTRACTED,MD,Pickup Truck,30,2012.0,Chev,2500,6,Wednesday,4
DD5617001T,190014957,Rockville Police Departme,Property Damage Crash,2019-03-31 10:59:00,Municipality,THOMAS ST,ROAD END,SINGLE VEHICLE,CLEAR,DRY,DARK LIGHTS ON,Unknown,Unknown,Yes,No Apparent Injury,NOT DISTRACTED,MD,Fire Vehicle/Emergency,20,2014.0,Spar,TK,10,Sunday,3
EJ7904002S,250031521,GAITHERSBURG,Property Damage Crash,2025-07-15 12:35:00,Unknown,Unknown,Unknown,"Sideswipe, Same Direction",Cloudy,Unknown,Daylight,Unknown,"Not Suspect of Alcohol Use, Not Suspect of Drug Use",No,No Apparent Injury,Not Distracted,MD,Passenger Car,0,2024.0,Chevrolet,TAHOE,12,Tuesday,7
MCP30100061,210038177,Montgomery County Police,Property Damage Crash,2021-09-27 08:00:00,Other Public Roadway,MONTROSE PKWY,E JEFFERSON ST,SAME DIR REAR END,CLEAR,DRY,DAYLIGHT,NO CONTROLS,Unknown,No,No Apparent Injury,NOT DISTRACTED,MD,(Sport) Utility Vehicle,40,2018.0,Chevy,TAHOE,8,Monday,9
MCP2866008F,230011137,Montgomery County Police,Property Damage Crash,2023-03-07 09:37:00,Interstate (State),EISENHOWER MEMORIAL HWY,RAMP 8 FR IS270 SB TO FATHER HURLEY BLVD,SAME DIR REAR END,CLEAR,DRY,DAYLIGHT,NO CONTROLS,NONE DETECTED,No,No Apparent Injury,NOT DISTRACTED,WV,Passenger Car,55,2020.0,Nissan,PATHFINDER,9,Tuesday,3
MCP13780057,15013368,Montgomery County Police,Injury Crash,2015-03-23 14:55:00,County,SHADY GROVE RD,MT PLEASANT AVE,STRAIGHT MOVEMENT ANGLE,CLEAR,DRY,DAYLIGHT,TRAFFIC SIGNAL,NONE DETECTED,No,Possible Injury,NOT DISTRACTED,WV,(Sport) Utility Vehicle,40,2010.0,Subaru,FORRESTER,14,Monday,3
MCP2620000Y,15056033,MONTGOMERY,Injury Crash,2015-11-03 18:14:00,Maryland (State),GEORGIA AVE,INTERNATIONAL DR,SAME DIR REAR END,CLEAR,DRY,DARK LIGHTS ON,NO CONTROLS,NONE DETECTED,Yes,No Apparent Injury,UNKNOWN,MD,Passenger Car,45,2011.0,Nissan,MAXIMA,18,Tuesday,11
MCP2546001G,16015609,MONTGOMERY,Property Damage Crash,2016-03-30 19:14:00,County,RALPH RD,DAUPHINE ST,OTHER,CLEAR,DRY,DAYLIGHT,NO CONTROLS,NONE DETECTED,Yes,No Apparent Injury,NOT DISTRACTED,MD,Pickup Truck,25,2016.0,Ford,F150,19,Wednesday,3
MCP94190055,240013461,MONTGOMERY,Injury Crash,2024-03-21 09:25:00,County Route,CRABBS BRANCH WAY,E GUDE DR (WB/L),Angle,Clear,Dry,Daylight,Traffic Control Signal,"Not Suspect of Alcohol Use, Not Suspect of Drug Use",No,Possible Injury,Not Distracted,MD,Sport Utility Vehicle,40,2019.0,Mercedes-Benz,E-CLASS,9,Thursday,3
MCP9110000S,16064404,Montgomery County Police,Property Damage Crash,2016-12-15 16:20:00,County,PEACH TREE RD,SELLMAN RD,OPPOSITE DIRECTION SIDESWIPE,Unknown,DRY,DAYLIGHT,NO CONTROLS,NONE DETECTED,No,No Apparent Injury,NOT DISTRACTED,MD,School Bus,40,2016.0,Thomas,BUS,16,Thursday,12
MCP3048000G,17015644,Montgomery County Police,Property Damage Crash,2017-03-27 16:38:00,Maryland (State),RIVER RD,BRAEBURN PKWY,SAME DIR REAR END,CLEAR,DRY,DUSK,Unknown,NONE DETECTED,Yes,No Apparent Injury,NOT DISTRACTED,MD,Passenger Car,45,2002.0,Ford,EXPLORER,16,Monday,3
DD5612006H,240060294,ROCKVILLE,Property Damage Crash,2024-12-17 16:02:00,Maryland (State) Route,ROCKVILLE PIKE,Unknown,Front to Rear,Clear,Dry,Daylight,Traffic Control Signal,"Not Suspect of Alcohol Use, Not Suspect of Drug Use",No,No Apparent Injury,Not Distracted,MD,Passenger Car,35,2018.0,Honda,ACCORD,16,Tuesday,12
DD5527005C,250017859,ROCKVILLE,Property Damage Crash,2025-04-24 17:11:00,Crossover,Unknown,CHOKE CHERRY RD (WB/L),Other,Clear,Dry,Daylight,No Controls,"Not Suspect of Alcohol Use, Not Suspect of Drug Use",No,No Apparent Injury,Not Distracted,MD,Passenger Car,30,2014.0,Lexus,RX,17,Thursday,4
DM8503000M,220030645,Takoma Park Police Depart,Property Damage Crash,2022-07-17 02:55:00,Maryland (State),PINEY BRANCH RD,PHILADELPHIA AVE,STRAIGHT MOVEMENT ANGLE,RAINING,WET,DARK LIGHTS ON,TRAFFIC SIGNAL,Unknown,Unknown,No Apparent Injury,UNKNOWN,MD,Passenger Car,35,2013.0,Toyota,CAMRY,2,Sunday,7
MCP2974001W,180053880,Montgomery County Police,Injury Crash,2018-10-27 18:57:00,Maryland (State),NEW HAMPSHIRE AVE,POWDER MILL RD,SAME DIR REAR END,CLEAR,DRY,DARK LIGHTS ON,TRAFFIC SIGNAL,NONE DETECTED,Unknown,No Apparent Injury,NOT DISTRACTED,MD,Passenger Car,35,2008.0,Mercedes,SUV,18,Saturday,10
MCP2837002N,190003762,Montgomery County Police,Property Damage Crash,2019-01-24 13:29:00,Unknown,Unknown,Unknown,SINGLE VEHICLE,RAINING,Unknown,DAYLIGHT,NO CONTROLS,NONE DETECTED,Yes,No Apparent Injury,LOOKED BUT DID NOT SEE,MD,(Sport) Utility Vehicle,35,2019.0,Chev,TK,13,Thursday,1
MCP27970015,16047382,Montgomery County Police,Property Damage Crash,2016-09-15 16:05:00,Maryland (State),VEIRS MILL RD,CONNECTICUT AVE,SAME DIRECTION RIGHT TURN,CLEAR,DRY,DAYLIGHT,NO CONTROLS,NONE DETECTED,Yes,No Apparent Injury,LOOKED BUT DID NOT SEE,MD,Passenger Car,35,2015.0,Toyota,4S,16,Thursday,9
MCP21810014,16051738,Montgomery County Police,Property Damage Crash,2016-10-08 07:01:00,Unknown,Unknown,Unknown,OTHER,CLOUDY,Unknown,DAWN,Unknown,Unknown,No,No Apparent Injury,LOOKED BUT DID NOT SEE,PA,Fire Vehicle/Emergency,0,2008.0,Spartan,FIRE ENGINE,7,Saturday,10
MCP1121002L,170521513,Montgomery County Police,Injury Crash,2017-07-27 17:45:00,Interstate (State),EISENHOWER MEMORIAL HWY,W MONTGOMERY AVE,SAME DIR REAR END,CLOUDY,DRY,DAYLIGHT,NO CONTROLS,NONE DETECTED,No,Possible Injury,NOT DISTRACTED,MD,Passenger Car,55,2008.0,Nissan,SENTRA,17,Thursday,7
DM8456001T,180017415,Takoma Park Police Depart,Injury Crash,2018-04-10 13:30:00,Municipality,MAPLE AVE,LINCOLN AVE,SAME DIR REAR END,CLEAR,DRY,DAYLIGHT,NO CONTROLS,Unknown,No,No Apparent Injury,NO DRIVER PRESENT,Unknown,Passenger Car,10,2004.0,Acura,4S,13,Tuesday,4
MCP2212002R,170546543,Montgomery County Police,Property Damage Crash,2017-12-04 14:59:00,County,CHERRY HILL RD,O'FALLON ST,SAME DIR REAR END,CLEAR,DRY,DAYLIGHT,NO CONTROLS,NONE DETECTED,Yes,No Apparent Injury,OTHER DISTRACTION,MD,Passenger Car,35,2008.0,Honda,RIDGELINE,14,Monday,12
MCP2378000C,15048556,MONTGOMERY,Injury Crash,2015-09-24 23:02:00,Maryland (State),ROCKVILLE PIKE,TUCKERMAN LA,HEAD ON LEFT TURN,CLEAR,DRY,DARK LIGHTS ON,TRAFFIC SIGNAL,NONE DETECTED,Yes,No Apparent Injury,UNKNOWN,MD,Passenger Car,35,1998.0,Nissan,ALTIMA,23,Thursday,9
MCP2796002R,15062427,MONTGOMERY,Property Damage Crash,2015-12-07 07:57:00,County,ELBY ST,BARBARA RD,OTHER,Unknown,DRY,DAYLIGHT,NO CONTROLS,NONE DETECTED,Yes,No Apparent Injury,UNKNOWN,MD,Passenger Car,30,2012.0,Chrysler,TOWN & COUNTRY,7,Monday,12
MCP2493000H,15005698,Montgomery County Police,Property Damage Crash,2015-02-04 15:02:00,County,PEACH TREE RD,OLD HUNDRED RD,HEAD ON,CLEAR,DRY,DAYLIGHT,NO CONTROLS,NONE DETECTED,Yes,No Apparent Injury,NOT DISTRACTED,MD,Passenger Car,35,2001.0,Plymoth,NEON,15,Wednesday,2
MCP1020001X,16060526,Montgomery County Police,Injury Crash,2016-11-25 07:30:00,Maryland (State),WOODFIELD RD,BETHESDA CHURCH RD,STRAIGHT MOVEMENT ANGLE,CLEAR,DRY,DAYLIGHT,STOP SIGN,NONE DETECTED,Yes,Possible Injury,NOT DISTRACTED,VA,Passenger Car,30,2006.0,Niss,ALTIMA,7,Friday,11
MCP3048007N,220004981,Montgomery County Police,Property Damage Crash,2022-02-05 09:00:00,Maryland (State),ROCKVILLE PIKE,EDSON LA,SAME DIRECTION SIDESWIPE,CLEAR,DRY,DAYLIGHT,NO CONTROLS,Unknown,No,No Apparent Injury,NOT DISTRACTED,MD,Passenger Car,35,2019.0,Mercedes,SW,9,Saturday,2