Report Number,Local Case Number,Agency Name,ACRS Report Type,Crash Date/Time,Route Type,Road Name,Cross-Street Name,Collision Type,Weather,Surface Condition,Light,Traffic Control,Driver Substance Abuse,Driver At Fault,Injury Severity,Driver Distracted By,Drivers License State,Vehicle Body Type,Speed Limit,Vehicle Year,Vehicle Make,Vehicle Model,Crash Hour,Crash Day,Crash Month
MCP25880064,190040370,Montgomery County Police,Property Damage Crash,2019-08-23 14:42:00,Maryland (State),CONNECTICUT AVE,WELLER RD,STRAIGHT MOVEMENT ANGLE,RAINING,WET,DAYLIGHT,TRAFFIC SIGNAL,NONE DETECTED,Yes,No Apparent Injury,NOT DISTRACTED,MD,Pickup Truck,45,2001.0,Toyt,TK,14,Friday,8
MCP1002000R,180053705,Montgomery County Police,Property Damage Crash,2018-10-26 16:40:00,Municipality,QUINCE ORCHARD BLVD,FIRSTFIELD RD,STRAIGHT MOVEMENT ANGLE,RAINING,WET,DAYLIGHT,STOP SIGN,NONE DETECTED,Yes,No Apparent Injury,LOOKED BUT DID NOT SEE,MD,Van,25,2005.0,Chrysler,MINIVAN,16,Friday,10
MCP29870011,16044659,Montgomery County Police,Property Damage Crash,2016-09-01 13:46:00,Maryland (State),NEW HAMPSHIRE AVE,ELTON RD,SAME DIR REAR END,CLEAR,DRY,DAYLIGHT,Unknown,NONE DETECTED,No,No Apparent Injury,NOT DISTRACTED,MD,Passenger Car,40,2009.0,Mercedes,C300,13,Thursday,9
MCP2712002Q,180035696,Montgomery County Police,Property Damage Crash,2018-07-19 07:51:00,Maryland (State),SPENCERVILLE RD,BATSON RD,SAME DIR REAR END,CLEAR,DRY,DAYLIGHT,Unknown,NONE DETECTED,Yes,No Apparent Injury,UNKNOWN,MD,Passenger Car,35,2003.0,Vw,PASSAT,7,Thursday,7
MCP31120034,190042947,Montgomery County Police,Injury Crash,2019-09-07 19:36:00,Maryland (State),WISCONSIN AVE,STANFORD ST,SAME DIR REAR END,CLEAR,DRY,DARK LIGHTS ON,TRAFFIC SIGNAL,NONE DETECTED,Yes,No Apparent Injury,UNKNOWN,MD,Passenger Car,25,1986.0,Mercedez Benz,300E,19,Saturday,9
MCP2930003H,230033261,Montgomery County Police,Property Damage Crash,2023-07-12 17:33:00,Maryland (State),NORBECK RD,HANNANS WAY,SAME DIR REAR END,CLEAR,DRY,DAYLIGHT,Unknown,NONE DETECTED,Yes,No Apparent Injury,NOT DISTRACTED,MD,Passenger Car,45,2010.0,Toyt,SD,17,Wednesday,7
MCP3200000P,190052239,Montgomery County Police,Property Damage Crash,2019-10-30 13:25:00,Unknown,Unknown,Unknown,SAME DIRECTION SIDESWIPE,CLEAR,Unknown,DAYLIGHT,NO CONTROLS,NONE DETECTED,No,No Apparent Injury,NOT DISTRACTED,MD,"Medium/Heavy Trucks 3 Axles (Over 10,000Lbs (4,536Kg))",5,2009.0,Freightliner,BOX TRUCK,13,Wednesday,10
MCP2783005F,240025272,MONTGOMERY,Injury Crash,2024-05-29 17:49:00,Maryland (State) Route,GEORGIA AVE (SB/L),Unknown,Front to Rear,Clear,Dry,Daylight,No Controls,"Not Suspect of Alcohol Use, Not Suspect of Drug Use",No,No Apparent Injury,Not Distracted,MD,Pickup,35,2017.0,Ram,1500,17,Wednesday,5
MCP32250059,250006722,MONTGOMERY,Property Damage Crash,2025-02-14 19:00:00,Maryland (State) Route,VEIRS MILL RD,Unknown,Front to Rear,Clear,Dry,Dark - Lighted,No Controls,"Not Suspect of Alcohol Use, Not Suspect of Drug Use",Yes,No Apparent Injury,Unknown,MD,Passenger Car,45,2024.0,Toyota,COROLLA CROSS,19,Friday,2
DM8388002J,180049829,Takoma Park Police Depart,Injury Crash,2018-10-05 14:06:00,Maryland (State),CARROLL AVE,LINCOLN AVE,STRAIGHT MOVEMENT ANGLE,CLOUDY,DRY,DAYLIGHT,STOP SIGN,NONE DETECTED,No,No Apparent Injury,NOT DISTRACTED,MD,Passenger Car,30,2015.0,Honda,CIVIC,14,Friday,10
MCP3040000S,170514255,Montgomery County Police,Property Damage Crash,2017-06-17 15:10:00,Unknown,Unknown,Unknown,SAME DIR REAR END,CLEAR,Unknown,DAYLIGHT,STOP SIGN,Unknown,No,No Apparent Injury,NOT DISTRACTED,MD,Passenger Car,25,2012.0,Ford,4S,15,Saturday,6
MCP28710013,15003802,Montgomery County Police,Property Damage Crash,2015-01-23 18:20:00,County,FERNWOOD RD,ROCKLEDGE DR,SAME DIRECTION SIDESWIPE,SNOW,WET,DARK LIGHTS ON,TRAFFIC SIGNAL,NONE DETECTED,No,No Apparent Injury,NOT DISTRACTED,MD,Other Bus,30,2014.0,Gill,BU,18,Friday,1
MCP30120031,180024592,Montgomery County Police,Property Damage Crash,2018-05-18 21:00:00,Unknown,Unknown,Unknown,OTHER,RAINING,Unknown,DARK -- UNKNOWN LIGHTING,NO CONTROLS,UNKNOWN,Yes,No Apparent Injury,UNKNOWN,MD,(Sport) Utility Vehicle,15,2014.0,Ford,TRK,21,Friday,5
MCP3089002R,190038026,Montgomery County Police,Injury Crash,2019-08-09 16:41:00,County,SPRING ST,16TH ST,OTHER,Unknown,DRY,Unknown,TRAFFIC SIGNAL,Unknown,Yes,Possible Injury,LOOKED BUT DID NOT SEE,SC,Passenger Car,20,2009.0,Toyota,SACURA,16,Friday,8
MCP21180020,240059523,MONTGOMERY,Property Damage Crash,2024-12-12 07:15:00,Interstate (State),CABIN JOHN PKWY (SB/L),Unknown,Front to Rear,Clear,Dry,Unknown,No Controls,"Not Suspect of Alcohol Use, Not Suspect of Drug Use",No,No Apparent Injury,Not Distracted,MD,Passenger Car,55,2005.0,Honda,ACCORD,7,Thursday,12
MCP32240018,220003020,Montgomery County Police,Property Damage Crash,2022-01-24 00:55:00,County,MISSISSIPPI AVE,SLIGO AVE,SINGLE VEHICLE,CLEAR,DRY,DARK LIGHTS ON,NO CONTROLS,UNKNOWN,Yes,No Apparent Injury,UNKNOWN,Unknown,Passenger Car,15,2015.0,Toyota,RAV 4,0,Monday,1
MCP2978001N,17009605,Montgomery County Police,Injury Crash,2017-02-22 17:41:00,Maryland (State),DARNESTOWN RD,TURKEY FOOT RD,SAME DIR REAR END,CLEAR,DRY,DAYLIGHT,Unknown,NONE DETECTED,Yes,Suspected Minor Injury,NOT DISTRACTED,MD,Passenger Car,30,2007.0,Jeep,SW,17,Wednesday,2
MCP32420015,210041295,Montgomery County Police,Property Damage Crash,2021-10-15 07:11:00,Maryland (State),GEORGIA AVE,CAMERON ST,SAME DIRECTION SIDESWIPE,CLEAR,DRY,DUSK,TRAFFIC SIGNAL,NONE DETECTED,No,No Apparent Injury,NOT DISTRACTED,MD,Passenger Car,0,2017.0,Ford,C MAX,7,Friday,10
EJ78660033,180006820,Gaithersburg Police Depar,Property Damage Crash,2018-02-09 08:52:00,Maryland (State),W DIAMOND AVE,FREDERICK RD,SAME DIR REAR END,CLOUDY,WET,DAYLIGHT,NO CONTROLS,NONE DETECTED,No,No Apparent Injury,NOT DISTRACTED,MD,Passenger Car,30,2010.0,Hyun,2D,8,Friday,2
MCP3222001M,220017725,Montgomery County Police,Property Damage Crash,2022-04-26 15:38:00,County,MCLEAN DR,BRADLEY BLVD,ANGLE MEETS LEFT TURN,RAINING,WET,DAYLIGHT,TRAFFIC SIGNAL,NONE DETECTED,No,No Apparent Injury,NOT DISTRACTED,MD,Passenger Car,35,2015.0,Toyota,COROLLA,15,Tuesday,4
MCP31260045,230012460,Montgomery County Police,Injury Crash,2023-03-14 16:11:00,Ramp,RAMP 5 FR RAMP 8 TO FATHER HURLEY BLVD,FATHER HURLEY BLVD,SINGLE VEHICLE,CLEAR,DRY,DAYLIGHT,NO CONTROLS,NONE DETECTED,Yes,Possible Injury,UNKNOWN,VA,Pickup Truck,40,2017.0,Toyota,TACOMA,16,Tuesday,3
EJ7870005X,220050086,Gaithersburg Police Depar,Property Damage Crash,2022-11-13 00:24:00,Interstate (State),EISENHOWER MEMORIAL HWY,RAMP 4 FR IS 270 NB TO MD 124 EB,SAME DIRECTION SIDESWIPE,CLOUDY,DRY,DARK LIGHTS ON,NO CONTROLS,NONE DETECTED,No,No Apparent Injury,NOT DISTRACTED,MD,Police Vehicle/Emergency,55,2019.0,Ford,INTERCEPTOR,0,Sunday,11
MCP2399005J,220003806,Montgomery County Police,Property Damage Crash,2022-01-28 16:20:00,County,STEDWICK RD,WATKINS MILL RD,HEAD ON LEFT TURN,SNOW,WET,DAYLIGHT,TRAFFIC SIGNAL,NONE DETECTED,Yes,No Apparent Injury,UNKNOWN,MD,Passenger Car,35,2016.0,Toyt,SCION,16,Friday,1
EJ79050027,250001224,GAITHERSBURG,Injury Crash,2025-01-10 07:58:00,Bicycle Route,Unknown,CLOPPER RD FIRSTFIELD RD,Rear To Side,Clear,Dry,Daylight,Traffic Control Signal,"Not Suspect of Alcohol Use, Not Suspect of Drug Use",No,Possible Injury,Unknown,MD,Passenger Car,35,2016.0,Ford,TRANSIT,7,Friday,1
MCP2961003M,190018611,Montgomery County Police,Property Damage Crash,2019-04-21 00:45:00,County,ASPEN HILL RD,IRIS ST,SAME DIR REAR END,CLEAR,DRY,DARK LIGHTS ON,NO CONTROLS,NONE DETECTED,No,No Apparent Injury,UNKNOWN,MD,Passenger Car,30,2015.0,Chev,4S,0,Sunday,4
MCP2667002Q,16014005,MONTGOMERY,Property Damage Crash,2016-03-22 12:25:00,Maryland (State),WOODFIELD RD,EMORY GROVE RD,SAME DIRECTION RIGHT TURN,CLEAR,DRY,DAYLIGHT,NO CONTROLS,NONE DETECTED,Yes,No Apparent Injury,LOOKED BUT DID NOT SEE,MD,Passenger Car,35,2002.0,Honda,ACCORD,12,Tuesday,3
MCP20390020,16049869,Montgomery County Police,Injury Crash,2016-09-28 09:15:00,Maryland (State),CONNECTICUT AVE,ENT TO BUSINESS,STRAIGHT MOVEMENT ANGLE,RAINING,WET,DAYLIGHT,Unknown,Unknown,Yes,Possible Injury,LOOKED BUT DID NOT SEE,MD,Passenger Car,0,2004.0,Kia,4S,9,Wednesday,9
MCP2708002Z,180006968,Montgomery County Police,Property Damage Crash,2018-02-12 22:25:00,County,CARROLL AVE,UNIVERSITY BLVD E,SAME DIR REAR END,CLEAR,Unknown,DARK LIGHTS ON,TRAFFIC SIGNAL,ALCOHOL PRESENT,Yes,No Apparent Injury,NOT DISTRACTED,MD,Van,35,2011.0,Ford,ECONOLINE 250,22,Monday,2
HA2411000D,17001482,Maryland-National Capital,Property Damage Crash,2017-11-09 08:45:00,County,SNOUFFERS SCHOOL RD,GOSHEN RD,ANGLE MEETS RIGHT TURN,RAINING,WET,DAYLIGHT,Unknown,Unknown,Unknown,No Apparent Injury,UNKNOWN,MD,Pickup Truck,35,2009.0,Ford,TK,8,Thursday,11
MCP2402000L,200021435,Montgomery County Police,Property Damage Crash,2020-05-30 16:19:00,Unknown,RESEARCH BLVD,SIESTA KEY WAY,STRAIGHT MOVEMENT ANGLE,CLEAR,DRY,DAYLIGHT,STOP SIGN,Unknown,No,No Apparent Injury,NOT DISTRACTED,MD,Transit Bus,35,2017.0,Gillig,TRANSIT BUS,16,Saturday,5
MCP27230024,17009522,Montgomery County Police,Injury Crash,2017-02-22 12:08:00,Maryland (State),GEORGIA AVE,EMORY CHURCH RD,STRAIGHT MOVEMENT ANGLE,CLEAR,DRY,DAYLIGHT,TRAFFIC SIGNAL,NONE DETECTED,Yes,Possible Injury,UNKNOWN,MD,Passenger Car,50,2008.0,Mercedes,E350,12,Wednesday,2
EJ78930039,240048696,GAITHERSBURG,Property Damage Crash,2024-10-12 01:01:00,Municipality Route,WATKINS MILL RD,Unknown,Front to Rear,Clear,Dry,Dark - Lighted,No Controls,"Not Suspect of Alcohol Use, Not Suspect of Drug Use",Yes,No Apparent Injury,Not Distracted,MD,Passenger Car,35,2015.0,Volkswagen,GTI,1,Saturday,10
MCP2812001P,15061201,MONTGOMERY,Injury Crash,2015-11-30 19:22:00,County,WAYNE AVE,DALE DR,HEAD ON,RAINING,WET,DARK LIGHTS ON,TRAFFIC SIGNAL,Unknown,Yes,No Apparent Injury,NOT DISTRACTED,MD,Passenger Car,30,2005.0,Suba,4S,19,Monday,11
EJ7870000L,180032855,Gaithersburg Police Depar,Property Damage Crash,2018-07-03 18:49:00,Municipality,N SUMMIT AVE,E DIAMOND AVE,STRAIGHT MOVEMENT ANGLE,CLOUDY,WET,DAYLIGHT,TRAFFIC SIGNAL,NONE DETECTED,No,No Apparent Injury,NOT DISTRACTED,MD,Passenger Car,25,2014.0,Honda,4S,18,Tuesday,7
MCP26410020,210010480,Montgomery County Police,Property Damage Crash,2021-03-20 10:10:00,County,FIELDCREST RD,OLNEY LAYTONSVILLE RD,OPPOSITE DIRECTION SIDESWIPE,CLEAR,DRY,DAYLIGHT,TRAFFIC SIGNAL,NONE DETECTED,Yes,No Apparent Injury,NOT DISTRACTED,MD,Pickup Truck,50,2013.0,Dodge,RAM 1500,10,Saturday,3
DD56120005,17006640,Rockville Police Departme,Property Damage Crash,2017-02-07 11:24:00,Municipality,WOOTTON PKWY,TOWER OAKS BLVD,HEAD ON LEFT TURN,CLEAR,DRY,DAYLIGHT,Unknown,Unknown,Yes,No Apparent Injury,NOT DISTRACTED,MD,Passenger Car,40,2016.0,Lexus,SUV,11,Tuesday,2
MCP3111002P,200020844,Montgomery County Police,Injury Crash,2020-05-26 08:10:00,Maryland (State),CONNECTICUT AVE,BRADLEY LA,SAME DIR REAR END,CLEAR,DRY,DAYLIGHT,TRAFFIC SIGNAL,NONE DETECTED,No,No Apparent Injury,NOT DISTRACTED,DC,Passenger Car,30,2011.0,Subaru,LEGACY,8,Tuesday,5
MCP15190043,220038068,Montgomery County Police,Injury Crash,2022-09-02 13:44:00,Maryland (State),GERMANTOWN RD,DAWSON FARM RD,SAME DIR REAR END,CLEAR,DRY,DAYLIGHT,TRAFFIC SIGNAL,NONE DETECTED,Yes,No Apparent Injury,UNKNOWN,MD,Passenger Car,40,2013.0,Acura,TL,13,Friday,9
MCP3233000N,200017242,Montgomery County Police,Property Damage Crash,2020-04-26 09:27:00,Maryland (State),UNIVERSITY BLVD E,COLESVILLE RD,STRAIGHT MOVEMENT ANGLE,RAINING,WET,DAYLIGHT,TRAFFIC SIGNAL,NONE DETECTED,Yes,No Apparent Injury,INATTENTIVE OR LOST IN THOUGHT,MD,Passenger Car,35,2005.0,Nissan,MURANO,9,Sunday,4
MCP2396000N,15011763,Montgomery County Police,Injury Crash,2015-03-15 13:39:00,County,RANDOLPH RD,BUSHEY DR,STRAIGHT MOVEMENT ANGLE,CLOUDY,WET,DAYLIGHT,NO CONTROLS,NONE DETECTED,No,Suspected Minor Injury,NOT DISTRACTED,MD,Passenger Car,35,2011.0,Hyundai,ACCENT,13,Sunday,3
MCP2072001S,170524305,Montgomery County Police,Property Damage Crash,2017-08-11 13:10:00,County,BRINK RD,RIDGE RD,SAME DIRECTION SIDESWIPE,CLEAR,DRY,DAYLIGHT,TRAFFIC SIGNAL,NONE DETECTED,Yes,No Apparent Injury,NOT DISTRACTED,MD,Passenger Car,40,2012.0,Hino,TK,13,Friday,8
MCP3260000S,240029178,MONTGOMERY,Property Damage Crash,2024-06-19 17:50:00,US (State),COLESVILLE RD,Unknown,"Sideswipe, Same Direction",Clear,Dry,Daylight,No Controls,"Not Suspect of Alcohol Use, Not Suspect of Drug Use",No,No Apparent Injury,Not Distracted,MD,Passenger Car,35,2019.0,Mercedes-Benz,E-CLASS,17,Wednesday,6
MCP31190011,180052322,Montgomery County Police,Property Damage Crash,2018-10-19 08:05:00,County,MONTGOMERY VILLAGE AVE,MIDCOUNTY HWY,SAME DIRECTION SIDESWIPE,CLEAR,DRY,DAWN,TRAFFIC SIGNAL,NONE DETECTED,Yes,No Apparent Injury,OTHER DISTRACTION,MD,Passenger Car,35,2007.0,Toyt,4S,8,Friday,10
MCP3048000Q,170506657,Montgomery County Police,Injury Crash,2017-05-08 16:30:00,County,RANDOLPH RD,NEBEL ST,SAME DIR REAR END,CLEAR,DRY,DAYLIGHT,NO CONTROLS,NONE DETECTED,No,No Apparent Injury,UNKNOWN,PA,Passenger Car,30,2014.0,Mazda,4DR,16,Monday,5
MCP04870011,16042066,Montgomery County Police,Injury Crash,2016-08-19 08:13:00,County,SNOUFFERS SCHOOL RD,WOODFIELD RD,SAME DIR REAR END,CLEAR,DRY,DAYLIGHT,NO CONTROLS,NONE DETECTED,Yes,Possible Injury,LOOKED BUT DID NOT SEE,MD,"Medium/Heavy Trucks 3 Axles (Over 10,000Lbs (4,536Kg))",35,2006.0,International,BOX,8,Friday,8
MCP2871003Q,16062293,Montgomery County Police,Injury Crash,2016-12-04 17:06:00,County,WESTLAKE DR,WESTLAKE TERR,HEAD ON LEFT TURN,CLEAR,DRY,DARK NO LIGHTS,NO CONTROLS,NONE DETECTED,No,Possible Injury,NOT DISTRACTED,VA,Passenger Car,30,2004.0,Honda,CIVIC,17,Sunday,12
MCP2717010N,250044092,MONTGOMERY,Property Damage Crash,2025-10-01 09:30:00,Unknown,Unknown,Unknown,Front to Rear,Clear,Unknown,Daylight,Unknown,"Not Suspect of Alcohol Use, Not Suspect of Drug Use",No,No Apparent Injury,Not Distracted,MD,Van - Passenger (&Lt;9 Seats),0,2020.0,Ford,TRANSIT,9,Wednesday,10
DD5539000K,15006972,Rockville Police Departme,Property Damage Crash,2015-02-11 16:17:00,Maryland (State),NORBECK RD,FIRST ST SPUR,SAME DIR REAR END,CLEAR,DRY,DAYLIGHT,NO CONTROLS,NONE DETECTED,Yes,No Apparent Injury,NOT DISTRACTED,MD,School Bus,45,2011.0,Thompson,BUS,16,Wednesday,2
MCP137800BH,16038229,Montgomery County Police,Injury Crash,2016-07-28 15:57:00,County,NEEDWOOD RD,BEACH DR,HEAD ON,RAINING,WET,DAYLIGHT,NO CONTROLS,UNKNOWN,Yes,No Apparent Injury,UNKNOWN,Unknown,Passenger Car,25,1996.0,Nissan,MAXIMA,15,Thursday,7
MCP13230019,200050104,Montgomery County Police,Injury Crash,2020-12-21 07:37:00,US (State),GEORGIA AVE,ELLSWORTH DR,SAME DIRECTION SIDESWIPE,CLOUDY,WET,DAYLIGHT,NO CONTROLS,NONE DETECTED,Unknown,No Apparent Injury,NOT DISTRACTED,MD,"Medium/Heavy Trucks 3 Axles (Over 10,000Lbs (4,536Kg))",35,2009.0,Frtl,DT,7,Monday,12
DD5633007F,220030037,Rockville Police Departme,Property Damage Crash,2022-07-13 09:00:00,Municipality,DOVER RD,N HORNERS LA,HEAD ON LEFT TURN,CLEAR,DRY,DAYLIGHT,Unknown,NONE DETECTED,No,No Apparent Injury,NOT DISTRACTED,MD,Passenger Car,25,2020.0,Honda,CRV,9,Wednesday,7
MCP31600049,230011202,Montgomery County Police,Property Damage Crash,2023-03-07 15:00:00,Maryland (State),ROCKVILLE PIKE,WICKSHIRE WAY,STRAIGHT MOVEMENT ANGLE,CLEAR,DRY,DAYLIGHT,STOP SIGN,NONE DETECTED,Yes,No Apparent Injury,LOOKED BUT DID NOT SEE,MD,Passenger Car,25,2021.0,Toyota,UT,15,Tuesday,3
MCP00360038,15061303,MONTGOMERY,Injury Crash,2015-12-01 12:33:00,Maryland (State),RIDGE RD,BETHESDA CHURCH RD,SAME DIR REAR END,RAINING,WET,DAYLIGHT,NO CONTROLS,NONE DETECTED,Yes,Suspected Minor Injury,DISTRACTED BY OUTSIDE PERSON OBJECT OR EVENT,MD,Passenger Car,30,2005.0,Ford,CN,12,Tuesday,12
MCP23530055,180017554,Montgomery County Police,Property Damage Crash,2018-04-11 08:05:00,County,BRADLEY BLVD,CONGRESSIONAL CT,SAME DIR REAR END,CLOUDY,DRY,DAYLIGHT,NO CONTROLS,ALCOHOL PRESENT,Yes,No Apparent Injury,UNKNOWN,MD,Station Wagon,25,2008.0,Gmc,YUKON,8,Wednesday,4
MCP1128004Y,200035253,Montgomery County Police,Property Damage Crash,2020-09-08 19:32:00,Unknown,Unknown,Unknown,SINGLE VEHICLE,CLEAR,Unknown,DUSK,Unknown,NONE DETECTED,Yes,No Apparent Injury,UNKNOWN,TX,Van,0,2011.0,Toyota,SEINNA,19,Tuesday,9
MCP2739001P,170540117,Montgomery County Police,Property Damage Crash,2017-10-31 11:07:00,US (State),COLESVILLE RD,SLIGO CREEK PKWY,SAME DIR REAR END,CLEAR,DRY,DARK LIGHTS ON,TRAFFIC SIGNAL,NONE DETECTED,No,No Apparent Injury,NOT DISTRACTED,MD,Passenger Car,40,2012.0,Hyundai,GENESIS,11,Tuesday,10
MCP33290019,230001536,Montgomery County Police,Property Damage Crash,2023-01-10 14:30:00,US (State),COLESVILLE RD,SLIGO CREEK PKWY,SAME DIRECTION SIDESWIPE,Unknown,DRY,DAYLIGHT,Unknown,UNKNOWN,Yes,No Apparent Injury,LOOKED BUT DID NOT SEE,Unknown,Passenger Car,45,2013.0,Toyota,PRIUS,14,Tuesday,1
MCP229800KP,180045583,Montgomery County Police,Property Damage Crash,2018-09-12 16:21:00,Maryland (State),GREAT SENECA HWY,GROTTO LA,SAME DIR REAR END,CLEAR,DRY,DAYLIGHT,NO CONTROLS,NONE DETECTED,Yes,No Apparent Injury,NOT DISTRACTED,MD,Passenger Car,50,2008.0,Niss,ALTIMA,16,Wednesday,9
MCP2892006G,190022099,Montgomery County Police,Property Damage Crash,2019-05-10 15:42:00,County,PLYERS MILL RD,MAYBROOK AVE,SAME DIRECTION SIDESWIPE,RAINING,WET,DAYLIGHT,NO CONTROLS,NONE DETECTED,Yes,No Apparent Injury,LOOKED BUT DID NOT SEE,MD,Passenger Car,30,2007.0,Honda,4S,15,Friday,5
MCP12110003,170551022,Montgomery County Police,Injury Crash,2017-12-28 10:31:00,Maryland (State),FREDERICK RD,GUNNERS BRANCH RD,SAME DIR REAR END,CLEAR,DRY,DAYLIGHT,TRAFFIC SIGNAL,NONE DETECTED,No,Possible Injury,NOT DISTRACTED,TX,Passenger Car,40,2008.0,Hyundai,SONATA,10,Thursday,12
MCP2039000X,15009472,Montgomery County Police,Injury Crash,2015-02-27 14:24:00,Maryland (State),VEIRS MILL RD,ASPEN HILL RD,SAME DIR REAR END,CLEAR,DRY,DAYLIGHT,TRAFFIC SIGNAL,Unknown,No,Suspected Minor Injury,NOT DISTRACTED,MD,Passenger Car,45,1997.0,Honda,CIVIC,14,Friday,2
DD56110052,180038552,Rockville Police Departme,Injury Crash,2018-08-03 17:50:00,Maryland (State),FREDERICK RD,INDIANOLA DR,HEAD ON LEFT TURN,CLOUDY,DRY,DAYLIGHT,TRAFFIC SIGNAL,Unknown,Yes,No Apparent Injury,NOT DISTRACTED,MD,Passenger Car,40,2017.0,Ford,ESCAPE,17,Friday,8
DD559500CN,230000269,Rockville Police Departme,Property Damage Crash,2023-01-03 06:50:00,Maryland (State),ROCKVILLE PIKE,HALPINE RD,OTHER,CLEAR,DRY,DAWN,NO CONTROLS,UNKNOWN,Yes,No Apparent Injury,UNKNOWN,MD,Passenger Car,40,2020.0,Toyota,COROLLA,6,Tuesday,1
MCP05390055,180036955,Montgomery County Police,Injury Crash,2018-07-26 06:41:00,Maryland (State),VEIRS MILL RD,TURKEY BRANCH PKWY,SAME DIR REAR END,CLEAR,WET,DAYLIGHT,TRAFFIC SIGNAL,NONE DETECTED,No,No Apparent Injury,NOT DISTRACTED,MD,Recreational Vehicle,45,2018.0,Chevy,EQUINOZ,6,Thursday,7
MCP94420034,230054185,Montgomery County Police,Injury Crash,2023-09-11 08:00:00,Maryland (State),WOODFIELD RD,FLOWER HILL WAY,OTHER,RAINING,WET,DAYLIGHT,TRAFFIC SIGNAL,NONE DETECTED,No,Suspected Minor Injury,NOT DISTRACTED,MD,Passenger Car,35,2019.0,Bmw,530I,8,Monday,9
MCP26750014,16022732,Montgomery County Police,Property Damage Crash,2016-05-07 21:48:00,Unknown,Unknown,Unknown,SINGLE VEHICLE,CLEAR,Unknown,DARK LIGHTS ON,NO CONTROLS,NONE DETECTED,Yes,No Apparent Injury,UNKNOWN,MD,Passenger Car,15,2006.0,Acura,TSX,21,Saturday,5
MCP2565004V,170539031,Montgomery County Police,Property Damage Crash,2017-10-26 18:35:00,Maryland (State),WISCONSIN AVE,CHASE AVE,HEAD ON LEFT TURN,CLEAR,DRY,DARK LIGHTS ON,NO CONTROLS,NONE DETECTED,No,No Apparent Injury,NOT DISTRACTED,MD,Passenger Car,35,2017.0,Volkswagon,JETTA TSI,18,Thursday,10
MCP2707001N,190034512,Montgomery County Police,Injury Crash,2019-07-20 13:11:00,County,SHADY GROVE RD,RAMP 3 FR SHADY GROVE RD EB TO IS 270 NB,SINGLE VEHICLE,CLEAR,DRY,DAYLIGHT,TRAFFIC SIGNAL,NONE DETECTED,Yes,Suspected Minor Injury,NOT DISTRACTED,MD,Pickup Truck,40,1997.0,Ford,F350,13,Saturday,7
MCP1475001K,180001837,Montgomery County Police,Property Damage Crash,2018-01-12 11:37:00,Unknown,Unknown,Unknown,OTHER,CLOUDY,Unknown,DAYLIGHT,Unknown,NONE DETECTED,Yes,No Apparent Injury,NOT DISTRACTED,CA,(Sport) Utility Vehicle,10,2005.0,Hyun,TK,11,Friday,1
EJ7898001B,230058477,Gaithersburg Police Depar,Property Damage Crash,2023-10-04 12:30:00,Unknown,E DEER PARK DR,CENTRAL AVE,STRAIGHT MOVEMENT ANGLE,CLEAR,DRY,DAYLIGHT,STOP SIGN,NONE DETECTED,No,No Apparent Injury,NOT DISTRACTED,MD,Passenger Car,25,2007.0,Toyota,4S,12,Wednesday,10
MCP32200041,230028293,Montgomery County Police,Injury Crash,2023-06-12 16:43:00,Maryland (State),KEY WEST AVE,OMEGA DR,SAME DIR REAR END,RAINING,WET,DAYLIGHT,NO CONTROLS,NONE DETECTED,No,No Apparent Injury,NOT DISTRACTED,MD,Passenger Car,45,2006.0,Mazd,4S,16,Monday,6
MCP3122000F,180013353,Montgomery County Police,Property Damage Crash,2018-03-17 13:00:00,County,BEL PRE RD,CHESTERFIELD RD,SAME DIR REAR END,CLOUDY,DRY,DAYLIGHT,OTHER,NONE DETECTED,Yes,No Apparent Injury,INATTENTIVE OR LOST IN THOUGHT,MD,Passenger Car,35,2010.0,Chev,4S,13,Saturday,3
MCP3086003H,190055601,Montgomery County Police,Property Damage Crash,2019-11-18 10:20:00,Unknown,Unknown,Unknown,SAME DIRECTION SIDESWIPE,CLOUDY,Unknown,DAYLIGHT,NO CONTROLS,NONE DETECTED,Yes,No Apparent Injury,LOOKED BUT DID NOT SEE,MD,(Sport) Utility Vehicle,15,2019.0,Toyota,HIGHLANDER,10,Monday,11
EJ7856009D,210026320,Gaithersburg Police Depar,Property Damage Crash,2021-07-08 20:54:00,Municipality,S SUMMIT AVE,OLDE TOWNE AVE,STRAIGHT MOVEMENT ANGLE,RAINING,WET,DARK LIGHTS ON,STOP SIGN,Unknown,Yes,No Apparent Injury,UNKNOWN,MD,Passenger Car,25,2013.0,Dodge,CHARGER,20,Thursday,7
MCP2638000R,15036360,MONTGOMERY,Property Damage Crash,2015-07-23 17:50:00,County,RANDOLPH RD,BUSHEY DR,SINGLE VEHICLE,CLEAR,DRY,DAYLIGHT,NO CONTROLS,NONE DETECTED,Yes,No Apparent Injury,NOT DISTRACTED,MD,Passenger Car,40,2003.0,Ford,TAURUS,17,Thursday,7
MCP2466003H,200032729,Montgomery County Police,Property Damage Crash,2020-08-21 20:10:00,County,OAK HILL RD,ARMOND LA,SINGLE VEHICLE,CLEAR,DRY,DARK LIGHTS ON,NO CONTROLS,NONE DETECTED,Yes,No Apparent Injury,UNKNOWN,MD,Passenger Car,25,2020.0,Toyota,RAV4,20,Friday,8
MCP2008005T,190001458,Montgomery County Police,Property Damage Crash,2019-01-09 18:01:00,Maryland (State),RIVER RD,GOLDSBORO RD,SAME DIR REAR END,CLEAR,DRY,DARK LIGHTS ON,TRAFFIC SIGNAL,UNKNOWN,No,No Apparent Injury,NOT DISTRACTED,MD,Passenger Car,35,2010.0,Merz,4S,18,Wednesday,1