Report Number,Local Case Number,Agency Name,ACRS Report Type,Crash Date/Time,Route Type,Road Name,Cross-Street Name,Collision Type,Weather,Surface Condition,Light,Traffic Control,Driver Substance Abuse,Driver At Fault,Injury Severity,Driver Distracted By,Drivers License State,Vehicle Body Type,Speed Limit,Vehicle Year,Vehicle Make,Vehicle Model,Crash Hour,Crash Day,Crash Month
MCP3037000W,170506339,Montgomery County Police,Property Damage Crash,2017-05-06 19:29:00,County,CLARKSBURG RD,LEWISDALE RD,SINGLE VEHICLE,RAINING,WET,DAYLIGHT,NO CONTROLS,NONE DETECTED,Yes,No Apparent Injury,UNKNOWN,MD,Passenger Car,35,2006.0,Bmw,4S,19,Saturday,5
MCP11740053,220008245,Montgomery County Police,Property Damage Crash,2022-02-25 12:20:00,County,BROOKVILLE RD,PITTMAN DR,SAME DIRECTION RIGHT TURN,CLEAR,DRY,DAYLIGHT,NO CONTROLS,NONE DETECTED,No,No Apparent Injury,NOT DISTRACTED,MD,"Other Light Trucks (10,000Lbs (4,536Kg) Or Less)",25,2000.0,Sterling,TRUCK,12,Friday,2
MCP3275002C,240023063,MONTGOMERY,Property Damage Crash,2024-05-16 05:19:00,County Route,BRIGGS CHANEY RD (WB/L),Unknown,Rear To Side,Clear,Dry,Dawn,No Controls,"Not Suspect of Alcohol Use, Not Suspect of Drug Use",No,No Apparent Injury,Not Distracted,MD,Passenger Car,30,2023.0,Toyota,RAV4,5,Thursday,5
MCP33620016,230031032,Montgomery County Police,Injury Crash,2023-06-29 08:00:00,Maryland (State),NEW HAMPSHIRE AVE,DILSTON RD,SAME DIR REAR END,CLEAR,DRY,DAYLIGHT,TRAFFIC SIGNAL,NONE DETECTED,No,No Apparent Injury,NOT DISTRACTED,MD,Passenger Car,40,2013.0,Ford,CARGO,8,Thursday,6
DD5652005C,250018259,ROCKVILLE,Injury Crash,2025-04-27 07:29:00,Municipality Route,MANNAKEE ST,Unknown,Angle,Clear,Dry,Daylight,Traffic Control Signal,"Not Suspect of Alcohol Use, Not Suspect of Drug Use",No,Possible Injury,Not Distracted,MD,Passenger Car,35,2017.0,Ford,FUSION,7,Sunday,4
DD5652000S,220025220,Rockville Police Departme,Property Damage Crash,2022-06-12 10:34:00,Unknown,Unknown,Unknown,SAME DIRECTION SIDESWIPE,CLEAR,Unknown,DAYLIGHT,NO CONTROLS,NONE DETECTED,No,No Apparent Injury,NOT DISTRACTED,MD,Passenger Car,5,2019.0,Acur,TK,10,Sunday,6
MCP3331000Q,220044477,Montgomery County Police,Property Damage Crash,2022-10-11 16:41:00,Maryland (State),OLNEY SANDY SPRING RD,OLD BALTIMORE RD,SAME DIR REAR END,CLEAR,DRY,DAYLIGHT,TRAFFIC SIGNAL,NONE DETECTED,No,No Apparent Injury,NOT DISTRACTED,MD,(Sport) Utility Vehicle,40,2015.0,Niss,TK,16,Tuesday,10
MCP2535000N,16040781,Montgomery County Police,Property Damage Crash,2016-08-14 17:59:00,Maryland (State),UNIVERSITY BLVD W,GRANDVIEW AVE,SAME DIRECTION SIDESWIPE,CLEAR,DRY,DAYLIGHT,NO CONTROLS,NONE DETECTED,No,No Apparent Injury,NOT DISTRACTED,MD,Passenger Car,35,2014.0,Ford,TK,17,Sunday,8
MCP3408001J,250031512,MONTGOMERY,Property Damage Crash,2025-07-15 11:22:00,County Route,FOREST GLEN RD,WOODLAND DR,Angle,Clear,Dry,Daylight,No Controls,"Not Suspect of Alcohol Use, Not Suspect of Drug Use",Yes,No Apparent Injury,Not Distracted,MD,Passenger Car,30,2023.0,Toyota,HIGHLANDER,11,Tuesday,7
MCP2859002V,16055520,Montgomery County Police,Injury Crash,2016-10-28 13:30:00,Maryland (State),FREDERICK RD,S WESTLAND DR,STRAIGHT MOVEMENT ANGLE,CLEAR,DRY,DAYLIGHT,TRAFFIC SIGNAL,NONE DETECTED,No,No Apparent Injury,NOT DISTRACTED,MD,Passenger Car,15,2016.0,Toyt,SUV,13,Friday,10
MCP3138004V,220044596,Montgomery County Police,Property Damage Crash,2022-10-12 09:16:00,County,PALMIRA LA,LOYOLA ST,SAME DIRECTION SIDESWIPE,CLEAR,DRY,DAYLIGHT,Unknown,NONE DETECTED,Yes,No Apparent Injury,LOOKED BUT DID NOT SEE,MD,School Bus,25,2015.0,Frht,BU,9,Wednesday,10
MCP2046006Y,170512090,Montgomery County Police,Property Damage Crash,2017-06-06 12:42:00,Maryland (State),GEORGIA AVE,AUGUST DR,SAME DIRECTION SIDESWIPE,CLEAR,DRY,DAYLIGHT,TRAFFIC SIGNAL,Unknown,Yes,No Apparent Injury,NOT DISTRACTED,PA,Other,35,2016.0,Ford,VAN,12,Tuesday,6
MCP2946004B,220020005,Montgomery County Police,Property Damage Crash,2022-05-11 11:24:00,Maryland (State),FREDERICK RD,CLARKSBURG RD,HEAD ON LEFT TURN,CLEAR,DRY,DAYLIGHT,NO CONTROLS,NONE DETECTED,Yes,No Apparent Injury,LOOKED BUT DID NOT SEE,MD,Pickup Truck,30,2008.0,Chevrolet,SILVERADO,11,Wednesday,5
MCP9379002M,190035746,Montgomery County Police,Property Damage Crash,2019-07-27 09:52:00,Other Public Roadway,CRESTFIELD DR,KING FARM BLVD,STRAIGHT MOVEMENT ANGLE,CLEAR,DRY,DAYLIGHT,YIELD SIGN,NONE DETECTED,No,No Apparent Injury,NOT DISTRACTED,MD,Passenger Car,25,2009.0,Nissan,VERSA,9,Saturday,7
MCP2714001F,190055711,Montgomery County Police,Injury Crash,2019-11-18 18:55:00,Maryland (State),GEORGIA AVE,BEL PRE RD,STRAIGHT MOVEMENT ANGLE,RAINING,WET,Unknown,TRAFFIC SIGNAL,NONE DETECTED,No,Possible Injury,NOT DISTRACTED,MD,Passenger Car,45,2007.0,Hond,ACCORD,18,Monday,11
MCP1342002K,190021276,Montgomery County Police,Injury Crash,2019-05-06 10:58:00,Maryland (State),DARNESTOWN RD,BEALLSVILLE RD,OPPOSITE DIRECTION SIDESWIPE,CLEAR,DRY,DAYLIGHT,TRAFFIC SIGNAL,NONE DETECTED,Yes,Suspected Minor Injury,NOT DISTRACTED,VA,Passenger Car,30,2018.0,Ford,FOCUS,10,Monday,5
MCP10150024,180050268,Montgomery County Police,Property Damage Crash,2018-10-08 10:35:00,Maryland (State),CLARKSBURG RD,RAMP 3 FR MD 121 EB TO IS 270 NB,SAME DIR REAR END,CLEAR,DRY,DAYLIGHT,TRAFFIC SIGNAL,NONE DETECTED,No,No Apparent Injury,NOT DISTRACTED,MD,(Sport) Utility Vehicle,40,2014.0,Acura,RX,10,Monday,10
MCP2871007C,210033636,Montgomery County Police,Property Damage Crash,2021-08-28 17:16:00,County,WESTLAKE DR,LAKEVIEW DR,OTHER,CLEAR,DRY,DAYLIGHT,NO CONTROLS,NONE DETECTED,No,No Apparent Injury,NOT DISTRACTED,MD,(Sport) Utility Vehicle,30,2014.0,Ford,ESCAPE,17,Saturday,8
MCP2785001Y,16041382,Montgomery County Police,Property Damage Crash,2016-08-15 14:58:00,County,OLD COLUMBIA PIKE,BRIARCLIFF MANOR WAY,SAME DIR REAR END,CLEAR,DRY,DAYLIGHT,NO CONTROLS,Unknown,Yes,No Apparent Injury,UNKNOWN,MD,Passenger Car,35,2011.0,Hyun,ELANTRA,14,Monday,8
MCP2726002K,180013861,Montgomery County Police,Property Damage Crash,2018-03-20 09:33:00,County,MONTROSE RD,HITCHING POST LA,SAME DIR REAR END,RAINING,WET,DAYLIGHT,TRAFFIC SIGNAL,Unknown,No,No Apparent Injury,NOT DISTRACTED,MD,Passenger Car,40,2009.0,Hyundai,ELENTRA,9,Tuesday,3
MCP2195001Y,180005437,Montgomery County Police,Injury Crash,2018-02-01 08:02:00,County,EXECUTIVE BLVD,OLD GEORGETOWN RD,STRAIGHT MOVEMENT ANGLE,CLEAR,DRY,DAYLIGHT,TRAFFIC SIGNAL,NONE DETECTED,Yes,Possible Injury,NOT DISTRACTED,MD,Van,40,2008.0,Honda,ODYSSEY,8,Thursday,2
MCP209400BW,180037872,Montgomery County Police,Injury Crash,2018-07-31 09:03:00,Maryland (State),OLD GEORGETOWN RD,RAMP 5 FR MD 187 SB TO RAMP 4 (TO IS495),HEAD ON LEFT TURN,CLOUDY,DRY,DAYLIGHT,TRAFFIC SIGNAL,NONE DETECTED,No,No Apparent Injury,UNKNOWN,MD,Passenger Car,40,2014.0,Mercedes,SL550,9,Tuesday,7
MCP30390029,180021548,Montgomery County Police,Property Damage Crash,2018-05-02 16:49:00,County,JONES BRIDGE RD,CONNECTICUT AVE,SAME DIRECTION LEFT TURN,CLEAR,DRY,DAYLIGHT,TRAFFIC SIGNAL,NONE DETECTED,Yes,No Apparent Injury,NOT DISTRACTED,MD,"Other Light Trucks (10,000Lbs (4,536Kg) Or Less)",35,2017.0,International,TK,16,Wednesday,5
MCP3257006B,230031381,Montgomery County Police,Property Damage Crash,2023-07-01 03:35:00,Maryland (State),ROCKVILLE PIKE,RAMP 4 FR MD 355 NB TO MONTROSE PKWY,OTHER,CLEAR,DRY,DARK LIGHTS ON,NO CONTROLS,NONE DETECTED,No,No Apparent Injury,NOT DISTRACTED,MD,Passenger Car,35,2013.0,Bmw,X5,3,Saturday,7
MCP3208005B,240014004,MONTGOMERY,Property Damage Crash,2024-03-24 20:24:00,US (State),COLUMBIA PIKE (SB/L),Unknown,Front to Rear,Clear,Dry,Dark - Lighted,Traffic Control Signal,"Not Suspect of Alcohol Use, Not Suspect of Drug Use",Yes,No Apparent Injury,Unknown,FL,Passenger Car,45,2015.0,Hyundai,SONATA,20,Sunday,3
MCP31360073,240028073,MONTGOMERY,Injury Crash,2024-06-13 06:35:00,Maryland (State) Route,UNIVERSITY BLVD E (WB/L),Unknown,Front to Rear,Clear,Dry,Daylight,No Controls,"Not Suspect of Alcohol Use, Not Suspect of Drug Use",No,Suspected Minor Injury,Not Distracted,MD,Passenger Car,35,2016.0,Toyota,RAV4,6,Thursday,6
DD5652003G,230034756,Rockville Police Departme,Injury Crash,2023-07-21 14:26:00,Maryland (State),NORBECK RD,AVERY RD,SAME DIR REAR END,CLEAR,DRY,DAYLIGHT,TRAFFIC SIGNAL,NONE DETECTED,Yes,Possible Injury,NOT DISTRACTED,MD,Passenger Car,50,1999.0,Toyota,CARROLA,14,Friday,7
MCP284800B0,210011178,Montgomery County Police,Property Damage Crash,2021-03-25 09:25:00,Maryland (State),ROCKVILLE PIKE,FLANDERS AVE,STRAIGHT MOVEMENT ANGLE,CLOUDY,WET,DAYLIGHT,STOP SIGN,NONE DETECTED,No,No Apparent Injury,NOT DISTRACTED,VA,Passenger Car,40,2006.0,Honda,ODYSSEY,9,Thursday,3
MCP94420008,15050240,MONTGOMERY,Property Damage Crash,2015-10-04 09:27:00,Maryland (State),FREDERICK RD,MONTGOMERY VILLAGE AVE,SINGLE VEHICLE,CLOUDY,WET,DAYLIGHT,TRAFFIC SIGNAL,Unknown,Yes,No Apparent Injury,NOT DISTRACTED,MD,Police Vehicle/Non Emergency,35,2005.0,Ford,CROWN VICTORIA,9,Sunday,10
MCP29390060,210042547,Montgomery County Police,Property Damage Crash,2021-10-22 16:32:00,Maryland (State),DAMASCUS RD,GRIFFITH RD,SAME DIR REAR END,CLEAR,DRY,DAYLIGHT,NO CONTROLS,NONE DETECTED,No,No Apparent Injury,NOT DISTRACTED,MD,School Bus,40,2017.0,Thom,BU,16,Friday,10
MCP2694001C,15027751,Montgomery County Police,Property Damage Crash,2015-06-08 15:03:00,County,MELWOOD RD,VALLEY RD,OTHER,CLEAR,DRY,DAYLIGHT,NO CONTROLS,NONE DETECTED,Yes,No Apparent Injury,NOT DISTRACTED,MD,School Bus,30,2009.0,International,SCHOOL BUS,15,Monday,6
MCP1235004K,220052914,Montgomery County Police,Injury Crash,2022-11-30 18:59:00,Maryland (State),NEW HAMPSHIRE AVE,DILSTON RD,SAME DIR REAR END,CLEAR,DRY,DARK LIGHTS ON,TRAFFIC SIGNAL,NONE DETECTED,No,No Apparent Injury,NOT DISTRACTED,PA,Passenger Car,40,2008.0,Honda,CRV,18,Wednesday,11
MCP3064000X,180008953,Montgomery County Police,Injury Crash,2018-02-21 08:15:00,County,RANDOLPH RD,JUDSON RD,SAME DIRECTION SIDESWIPE,CLEAR,DRY,DAYLIGHT,Unknown,NONE DETECTED,Yes,No Apparent Injury,LOOKED BUT DID NOT SEE,MD,Passenger Car,35,2013.0,Niss,4S,8,Wednesday,2
MCP3230007C,250033233,MONTGOMERY,Property Damage Crash,2025-07-25 19:00:00,Unknown,Unknown,Unknown,Other,Clear,Unknown,Daylight,Unknown,"Not Suspect of Alcohol Use, Not Suspect of Drug Use",Yes,No Apparent Injury,Not Distracted,MD,Passenger Car,0,2005.0,Toyota,AVALON,19,Friday,7
MCP33070032,250034423,MONTGOMERY,Property Damage Crash,2025-08-02 14:15:00,Maryland (State) Route,GEORGIA AVE (SB/L),Unknown,Front to Rear,Clear,Dry,Daylight,Traffic Control Signal,"Not Suspect of Alcohol Use, Not Suspect of Drug Use",No,No Apparent Injury,Not Distracted,MD,Sport Utility Vehicle,35,2025.0,Honda,CR-V,14,Saturday,8
MCP3158001G,190026201,Montgomery County Police,Property Damage Crash,2019-06-01 21:03:00,County,EMORY GROVE RD,STRAWBERRY KNOLL RD,SAME DIR REAR END,CLEAR,DRY,DARK LIGHTS ON,NO CONTROLS,NONE DETECTED,No,No Apparent Injury,NOT DISTRACTED,MD,Passenger Car,35,2013.0,Scion,2D,21,Saturday,6
DD559500BR,220010991,Rockville Police Departme,Property Damage Crash,2022-03-14 15:50:00,Municipality,HALPINE RD,LEWIS AVE,OTHER,CLEAR,DRY,DAYLIGHT,Unknown,NONE DETECTED,No,No Apparent Injury,NOT DISTRACTED,MD,Passenger Car,25,2014.0,Honda,SD,15,Monday,3
MCP1378015Z,230059895,Montgomery County Police,Property Damage Crash,2023-10-11 15:05:00,Maryland (State),NEW HAMPSHIRE AVE,JACKSON RD,SAME DIR REAR END,Unknown,DRY,DAYLIGHT,TRAFFIC SIGNAL,NONE DETECTED,No,No Apparent Injury,NOT DISTRACTED,MD,(Sport) Utility Vehicle,40,2022.0,Suba,OUTBACK,15,Wednesday,10
MCP30080041,230062031,Montgomery County Police,Property Damage Crash,2023-10-23 02:30:00,County,NEW HAMPSHIRE AVE SERV RD,FOX ST,STRAIGHT MOVEMENT ANGLE,CLEAR,DRY,DARK LIGHTS ON,NO CONTROLS,UNKNOWN,Yes,No Apparent Injury,UNKNOWN,Unknown,Passenger Car,35,2019.0,Kia,SOUL,2,Monday,10
MCP2077004V,230008782,Montgomery County Police,Property Damage Crash,2023-02-21 18:00:00,Unknown,Unknown,Unknown,OTHER,CLEAR,Unknown,DUSK,Unknown,NONE DETECTED,Yes,No Apparent Injury,DISTRACTED BY OUTSIDE PERSON OBJECT OR EVENT,MD,Police Vehicle/Non Emergency,15,2019.0,Honda,RIDGELINE,18,Tuesday,2
MCP33680025,240062232,MONTGOMERY,Injury Crash,2024-12-30 22:13:00,County Route,BRINK RD,Unknown,Single Vehicle,Clear,Dry,Dark - Not Lighted,No Controls,"Not Suspect of Alcohol Use, Not Suspect of Drug Use",No,Possible Injury,Not Distracted,MD,Passenger Car,35,2019.0,Chevrolet,MALIBU,22,Monday,12
DD5582000R,15053548,ROCKVILLE,Injury Crash,2015-10-22 03:02:00,Ramp,RAMP 1 FR RAMP 4 (FR IS270) TO MD 189 WB,FALLS RD,SINGLE VEHICLE,CLEAR,DRY,DARK LIGHTS ON,NO CONTROLS,UNKNOWN,Yes,No Apparent Injury,UNKNOWN,VA,Passenger Car,30,1997.0,Honda,ACCORD,3,Thursday,10
MCP32600014,240042071,MONTGOMERY,Property Damage Crash,2024-09-05 10:00:00,US (State),COLESVILLE RD (SB/L),Unknown,Front to Rear,Clear,Dry,Daylight,No Controls,"Not Suspect of Alcohol Use, Not Suspect of Drug Use",Yes,No Apparent Injury,Not Distracted,MD,Bus - Transit,35,2020.0,Novabus,LFS,10,Thursday,9
MCP2534002F,180014774,Montgomery County Police,Injury Crash,2018-03-26 04:30:00,Maryland (State),NORBECK RD,EMORY LA,SAME DIR REAR END,CLEAR,DRY,DARK LIGHTS ON,NO CONTROLS,NONE DETECTED,Yes,Suspected Serious Injury,NOT DISTRACTED,PA,"Cargo Van/Light Truck 2 Axles (Over 10,000Lbs (4,536 Kg))",45,2017.0,Intl,TK,4,Monday,3
MCP271700M7,190004477,Montgomery County Police,Injury Crash,2019-01-28 20:00:00,Maryland (State),RIVER RD,BRADLEY BLVD,SAME DIR REAR END,CLEAR,DRY,DARK LIGHTS ON,NO CONTROLS,NONE DETECTED,Yes,No Apparent Injury,UNKNOWN,FL,Passenger Car,40,2015.0,Mercedes Benz,CLA250,20,Monday,1
DD5635003R,210021665,Rockville Police Departme,Property Damage Crash,2021-06-07 16:44:00,Municipality,PARK RD,S STONESTREET AVE,SAME DIRECTION RIGHT TURN,Unknown,DRY,DAYLIGHT,TRAFFIC SIGNAL,NONE DETECTED,No,No Apparent Injury,UNKNOWN,MD,Passenger Car,35,2015.0,Jeep,4S,16,Monday,6
MCP30190027,180062815,Montgomery County Police,Injury Crash,2018-12-16 16:59:00,Maryland (State),RIVER RD,NEVIS RD,HEAD ON LEFT TURN,Unknown,WET,DARK LIGHTS ON,TRAFFIC SIGNAL,NONE DETECTED,No,Suspected Minor Injury,NOT DISTRACTED,MD,Passenger Car,45,1996.0,Toyt,4S,16,Sunday,12
MCP2676001K,15050484,MONTGOMERY,Property Damage Crash,2015-10-05 18:13:00,Maryland (State),WOODFIELD RD,FIELDCREST RD,SAME DIR REAR END,CLEAR,DRY,DAYLIGHT,NO CONTROLS,Unknown,No,No Apparent Injury,NOT DISTRACTED,MD,Other,35,2014.0,Jeep,TK,18,Monday,10
MCP137800P0,180061732,Montgomery County Police,Injury Crash,2018-12-10 17:24:00,County,CLUB HOUSE RD,RIDGELINE DR,STRAIGHT MOVEMENT ANGLE,CLOUDY,DRY,DARK LIGHTS ON,STOP SIGN,NONE DETECTED,Yes,No Apparent Injury,NOT DISTRACTED,MD,Passenger Car,25,2005.0,Honda,ACCORD,17,Monday,12
MCP3328004B,250009568,MONTGOMERY,Property Damage Crash,2025-03-04 18:30:00,County Route,FERRARA AVE,VEIRS MILL ACCESS RD VEIRS MILL RD (WB/L),Angle,Clear,Dry,Dark - Lighted,Flashing Traffic Control Signal,"Not Suspect of Alcohol Use, Not Suspect of Drug Use",Yes,No Apparent Injury,Not Distracted,MD,Passenger Car,35,2015.0,Honda,FIT,18,Tuesday,3
MCP25130037,230056561,Montgomery County Police,Injury Crash,2023-09-26 00:33:00,County,ASTON MANOR DR,GUILFORD RUN LA,SAME DIRECTION RIGHT TURN,RAINING,WET,DARK LIGHTS ON,NO CONTROLS,ILLEGAL DRUG CONTRIBUTED,No,No Apparent Injury,UNKNOWN,MD,Passenger Car,35,2018.0,Volvo,S90,0,Tuesday,9
MCP2586001M,15060374,MONTGOMERY,Property Damage Crash,2015-11-25 20:30:00,County,BRIGGS CHANEY RD,OLD BRIGGS CHANEY RD,STRAIGHT MOVEMENT ANGLE,CLEAR,DRY,DARK LIGHTS ON,TRAFFIC SIGNAL,NONE DETECTED,Yes,No Apparent Injury,UNKNOWN,MD,Passenger Car,40,2012.0,Hyundai,SONOTA,20,Wednesday,11
MCP3242001S,220030802,Montgomery County Police,Property Damage Crash,2022-07-18 08:38:00,Unknown,BLAIR MILL WAY,BLAIR MILL ROAD,SAME DIR REAR END,CLEAR,DRY,DAYLIGHT,Unknown,NONE DETECTED,Yes,No Apparent Injury,NOT DISTRACTED,MD,Passenger Car,5,2018.0,Ford,SD,8,Monday,7
MCP1182002Y,190049738,Montgomery County Police,Injury Crash,2019-10-17 07:30:00,Maryland (State),RIVER RD,WHITTIER BLVD,SAME DIR REAR END,CLOUDY,DRY,DAYLIGHT,OTHER,Unknown,No,No Apparent Injury,NOT DISTRACTED,DC,(Sport) Utility Vehicle,45,2008.0,Ford,EXPEDITION,7,Thursday,10
MCP29910053,210012909,Montgomery County Police,Property Damage Crash,2021-04-07 06:20:00,Maryland (State),NEW HAMPSHIRE AVE,RAMP 1 FR MD 650 NB TO MD 200 WB,STRAIGHT MOVEMENT ANGLE,Unknown,DRY,DAWN,TRAFFIC SIGNAL,NONE DETECTED,No,No Apparent Injury,NOT DISTRACTED,MD,Passenger Car,45,2007.0,Toyo,SEQUOIA,6,Wednesday,4
MCP3017002W,240035503,MONTGOMERY,Property Damage Crash,2024-07-27 21:58:00,County Route,EAST VILLAGE AVE,LEWISBERRY DR,Single Vehicle,Clear,Dry,Dark - Lighted,Stop Sign,"Not Suspect of Alcohol Use, Not Suspect of Drug Use",Yes,No Apparent Injury,Unknown,MD,Passenger Car,40,2004.0,Honda,ELEMENT,21,Saturday,7
MCP2251002C,230024030,Montgomery County Police,Property Damage Crash,2023-05-19 12:35:00,County,SHADY GROVE RD,BLACKWELL RD,SAME DIRECTION SIDESWIPE,CLEAR,DRY,DAYLIGHT,Unknown,NONE DETECTED,Yes,No Apparent Injury,NOT DISTRACTED,MD,Passenger Car,40,2018.0,Bmw,X5,12,Friday,5
MCP9301001W,170549951,Montgomery County Police,Injury Crash,2017-12-21 14:20:00,County,DARNESTOWN RD,KEY WEST AVE,SAME DIRECTION SIDESWIPE,Unknown,DRY,DAYLIGHT,TRAFFIC SIGNAL,Unknown,No,Possible Injury,NOT DISTRACTED,MD,Passenger Car,25,2013.0,Acur,TLX,14,Thursday,12
MCP30850009,170530196,Montgomery County Police,Property Damage Crash,2017-09-12 19:54:00,Maryland (State),CONNECTICUT AVE,SAUL RD,SAME DIR REAR END,CLEAR,DRY,DARK LIGHTS ON,Unknown,NONE DETECTED,No,No Apparent Injury,NOT DISTRACTED,MD,Van,35,2007.0,Honda,VN,19,Tuesday,9
MCP2780006T,230013370,Montgomery County Police,Property Damage Crash,2023-03-19 19:22:00,Maryland (State),FREDERICK RD,GUNNERS BRANCH RD,HEAD ON LEFT TURN,Unknown,DRY,DARK LIGHTS ON,TRAFFIC SIGNAL,NONE DETECTED,No,No Apparent Injury,NOT DISTRACTED,MD,(Sport) Utility Vehicle,40,2023.0,Honda,CRV,19,Sunday,3
MCP1438006S,180039608,Montgomery County Police,Injury Crash,2018-08-09 18:00:00,Maryland (State),QUINCE ORCHARD RD,ENT TO PARK & RIDE,HEAD ON LEFT TURN,CLEAR,DRY,DAYLIGHT,TRAFFIC SIGNAL,NONE DETECTED,No,No Apparent Injury,NOT DISTRACTED,MD,Passenger Car,40,2013.0,Bmw,TK,18,Thursday,8
MCP9317000M,190056627,Montgomery County Police,Injury Crash,2019-11-23 11:50:00,County,FLOWER AVE,E WAYNE AVE,SAME DIR REAR END,CLEAR,DRY,DAYLIGHT,TRAFFIC SIGNAL,NONE DETECTED,Yes,No Apparent Injury,NOT DISTRACTED,MD,Passenger Car,30,2017.0,Acura,ILX,11,Saturday,11
MCP1366004W,16045766,Montgomery County Police,Injury Crash,2016-09-07 12:09:00,Unknown,Unknown,Unknown,STRAIGHT MOVEMENT ANGLE,CLEAR,Unknown,DAYLIGHT,NO CONTROLS,NONE DETECTED,No,Possible Injury,NOT DISTRACTED,MD,Passenger Car,0,2007.0,Honda,CIVIC,12,Wednesday,9
MCP2487000F,170548477,Montgomery County Police,Property Damage Crash,2017-12-14 06:28:00,Maryland (State),RIVER RD,ESWORTHY RD,STRAIGHT MOVEMENT ANGLE,CLEAR,DRY,DAWN,NO CONTROLS,NONE DETECTED,Yes,No Apparent Injury,LOOKED BUT DID NOT SEE,VA,Passenger Car,30,2008.0,Toyt,HIGHLANDER,6,Thursday,12
MCP2565001Q,15013405,Montgomery County Police,Property Damage Crash,2015-03-21 14:15:00,County,WILLARD AVE,THE HILLS PLAZA,SAME DIR REAR END,CLEAR,DRY,DAYLIGHT,NO CONTROLS,NONE DETECTED,Yes,No Apparent Injury,NOT DISTRACTED,US,Passenger Car,25,2004.0,Honda,CRV,14,Saturday,3
MCP3232001F,200040329,Montgomery County Police,Property Damage Crash,2020-10-13 15:16:00,County,BLOOMFIELD RD,HERITAGE HILLS DR,ANGLE MEETS LEFT HEAD ON,CLEAR,DRY,DAYLIGHT,Unknown,NONE DETECTED,Yes,No Apparent Injury,LOOKED BUT DID NOT SEE,MD,(Sport) Utility Vehicle,20,2018.0,Toyt,TK,15,Tuesday,10
MCP1121003Q,180016373,Montgomery County Police,Injury Crash,2018-04-04 17:03:00,County,CESSNA AVE,AIRPARK RD,HEAD ON LEFT TURN,CLEAR,DRY,DAYLIGHT,NO CONTROLS,NONE DETECTED,No,Possible Injury,NOT DISTRACTED,MD,Passenger Car,30,2003.0,Mitsubishi,GALANT,17,Wednesday,4
MCP2639006X,190022702,Montgomery County Police,Property Damage Crash,2019-05-14 11:16:00,Unknown,Unknown,Unknown,OTHER,CLEAR,Unknown,DAYLIGHT,NO CONTROLS,Unknown,No,No Apparent Injury,NOT DISTRACTED,MD,"Other Light Trucks (10,000Lbs (4,536Kg) Or Less)",15,2007.0,Chevrolet,SILVERADO 3500,11,Tuesday,5
MCP3106000F,180023794,Montgomery County Police,Property Damage Crash,2018-05-15 06:50:00,Maryland (State),OLD GEORGETOWN RD,OAKMONT AVE,HEAD ON LEFT TURN,CLEAR,WET,DAYLIGHT,TRAFFIC SIGNAL,Unknown,Yes,No Apparent Injury,NOT DISTRACTED,MD,Passenger Car,40,2014.0,Honda,ACCORD,6,Tuesday,5
MCP30140048,230069390,Montgomery County Police,Property Damage Crash,2023-12-01 20:16:00,Maryland (State),W DIAMOND AVE,BUREAU DR,SAME DIR REAR END,CLOUDY,WET,DARK LIGHTS ON,TRAFFIC SIGNAL,Unknown,No,No Apparent Injury,NOT DISTRACTED,MD,Passenger Car,35,2010.0,Toyota,COROLLA,20,Friday,12
MCP3034003B,190002427,Montgomery County Police,Property Damage Crash,2019-01-16 08:04:00,Maryland (State),PHILADELPHIA AVE,CHICAGO AVE,SAME DIR REAR END,Unknown,DRY,DAYLIGHT,YIELD SIGN,NONE DETECTED,Yes,No Apparent Injury,NOT DISTRACTED,MD,Passenger Car,35,2000.0,Toyota,COROLLA,8,Wednesday,1
MCP3412000Q,240055514,MONTGOMERY,Property Damage Crash,2024-11-19 16:08:00,Maryland (State) Route,NEW HAMPSHIRE AVE,Unknown,"Sideswipe, Same Direction",Clear,Dry,Daylight,No Controls,"Not Suspect of Alcohol Use, Not Suspect of Drug Use",No,No Apparent Injury,Unknown,MD,"Construction Equipment (Backhoe, Bulldozer, Etc.)",40,2017.0,Mack,GU (GRANITE),16,Tuesday,11
MCP2667002F,16003667,Montgomery County Police,Property Damage Crash,2016-01-20 16:55:00,County,SNOUFFERS SCHOOL RD,CHERRY LAUREL LA,SAME DIRECTION SIDESWIPE,CLEAR,DRY,DAYLIGHT,NO CONTROLS,NONE DETECTED,Yes,No Apparent Injury,INATTENTIVE OR LOST IN THOUGHT,MD,Passenger Car,35,2006.0,Niss,4S,16,Wednesday,1
MCP2959003B,170535809,Montgomery County Police,Property Damage Crash,2017-10-10 12:34:00,Maryland (State),VEIRS MILL RD,FERRARA AVE,SAME DIRECTION SIDESWIPE,CLEAR,DRY,DAYLIGHT,TRAFFIC SIGNAL,NONE DETECTED,No,No Apparent Injury,NOT DISTRACTED,MD,(Sport) Utility Vehicle,40,2017.0,Chevrolet,EQUINOX,12,Tuesday,10
MCP26890045,170550161,Montgomery County Police,Property Damage Crash,2017-12-22 13:30:00,Maryland (State),NORBECK RD,ROCKING SPRING DR,SAME DIRECTION SIDESWIPE,CLOUDY,DRY,DAYLIGHT,NO CONTROLS,NONE DETECTED,No,No Apparent Injury,NOT DISTRACTED,MD,Pickup Truck,40,2017.0,Ford,F150,13,Friday,12