Report Number,Local Case Number,Agency Name,ACRS Report Type,Crash Date/Time,Route Type,Road Name,Cross-Street Name,Collision Type,Weather,Surface Condition,Light,Traffic Control,Driver Substance Abuse,Driver At Fault,Injury Severity,Driver Distracted By,Drivers License State,Vehicle Body Type,Speed Limit,Vehicle Year,Vehicle Make,Vehicle Model,Crash Hour,Crash Day,Crash Month
MCP2717010L,250035161,MONTGOMERY,Fatal Crash,2025-08-07 14:11:00,County Route,KARA LA,E RANDOLPH RD,Single Vehicle,Clear,Dry,Daylight,Stop Sign,"Not Suspect of Alcohol Use, Not Suspect of Drug Use",Yes,No Apparent Injury,Unknown,MD,Sport Utility Vehicle,25,2024.0,Mini,COUNTRYMAN,14,Thursday,8
DM8476002C,210028572,Takoma Park Police Depart,Property Damage Crash,2021-07-23 17:00:00,Maryland (State),NEW HAMPSHIRE AVE,IN CORP LMTS TAKOMA PARK,OTHER,CLEAR,DRY,DAYLIGHT,Unknown,Unknown,No,No Apparent Injury,NOT DISTRACTED,MD,Transit Bus,25,2016.0,Wmata,BUS,17,Friday,7
MCP3272001L,220037313,Montgomery County Police,Injury Crash,2022-08-29 10:30:00,County,CRESTHAVEN DR,ROYAL RD,HEAD ON,CLEAR,DRY,DAYLIGHT,NO CONTROLS,NONE DETECTED,Yes,No Apparent Injury,DISTRACTED BY OUTSIDE PERSON OBJECT OR EVENT,MD,Passenger Car,25,2020.0,Dodge,GRAND CARAVAN,10,Monday,8
MCP23990016,16060158,Montgomery County Police,Injury Crash,2016-11-23 20:32:00,Maryland (State),MIDCOUNTY HWY,PIER POINT PL,SAME DIR REAR END,CLEAR,DRY,DARK NO LIGHTS,NO CONTROLS,ALCOHOL PRESENT,Yes,No Apparent Injury,NOT DISTRACTED,MD,Passenger Car,35,2007.0,Merz,C230,20,Wednesday,11
MCP2952009Z,200029137,Montgomery County Police,Property Damage Crash,2020-07-27 12:44:00,County,FENTON ST,ELLSWORTH DR,OTHER,CLEAR,DRY,DAYLIGHT,Unknown,NONE DETECTED,No,No Apparent Injury,NOT DISTRACTED,MD,Van,30,2017.0,Gmc,SAVANA,12,Monday,7
MCP2372004V,220039138,Montgomery County Police,Injury Crash,2022-09-09 06:18:00,Maryland (State),ROCKVILLE PIKE,ENT TO NATIONAL NAVAL MEDICAL CTR,HEAD ON LEFT TURN,CLEAR,DRY,DARK LIGHTS ON,TRAFFIC SIGNAL,NONE DETECTED,No,Suspected Minor Injury,NOT DISTRACTED,MD,Passenger Car,35,2017.0,Toyota,COROLLA IM,6,Friday,9
MCP91180054,250003510,MONTGOMERY,Injury Crash,2025-01-26 05:07:00,Maryland (State) Route,CONNECTICUT AVE (SB/L),VEIRS MILL RD,Single Vehicle,Clear,Dry,Dark - Unknown Lighting,Traffic Control Signal,"Not Suspect of Alcohol Use, Unknown",Yes,Suspected Minor Injury,Unknown,MD,Pickup,40,1997.0,Chevrolet,GMT-400,5,Sunday,1
EJ7865004T,190045864,Gaithersburg Police Depar,Property Damage Crash,2019-09-24 20:20:00,Maryland (State),GREAT SENECA HWY,MUDDY BRANCH RD,SAME DIR REAR END,CLEAR,DRY,DARK NO LIGHTS,Unknown,NONE DETECTED,No,No Apparent Injury,NOT DISTRACTED,MD,Passenger Car,50,2013.0,Hond,TK,20,Tuesday,9
MCP2611000G,15008428,Montgomery County Police,Injury Crash,2015-02-20 21:40:00,US (State),COLUMBIA PIKE,MUSGROVE RD,SAME DIR REAR END,CLEAR,DRY,DARK LIGHTS ON,Unknown,NONE DETECTED,No,Possible Injury,NOT DISTRACTED,MD,Passenger Car,50,2002.0,Toyota,TK,21,Friday,2
MCP20550010,16023946,Montgomery County Police,Property Damage Crash,2016-05-14 07:38:00,Maryland (State),QUINCE ORCHARD RD,QUINCE ORCHARD BLVD,OTHER,CLEAR,DRY,DAYLIGHT,TRAFFIC SIGNAL,NONE DETECTED,No,No Apparent Injury,NOT DISTRACTED,MD,Motorcycle,30,2015.0,Harley,STREET GLIDE,7,Saturday,5
MCP2922000H,16009459,Montgomery County Police,Injury Crash,2016-02-25 17:35:00,Unknown,Unknown,Unknown,SINGLE VEHICLE,CLOUDY,Unknown,DAYLIGHT,Unknown,Unknown,Yes,Suspected Serious Injury,NOT DISTRACTED,MD,Passenger Car,5,2012.0,Dodge,CHARGE,17,Thursday,2
MCP2622000R,15063540,MONTGOMERY,Injury Crash,2015-12-12 14:22:00,County,CHERRY HILL RD,PRINCE GEORGES CO/L,SAME DIR REAR END,CLEAR,DRY,DAYLIGHT,NO CONTROLS,NONE DETECTED,Yes,No Apparent Injury,INATTENTIVE OR LOST IN THOUGHT,MD,Van,45,2015.0,Toyota,SIENNA,14,Saturday,12
MCP3091000S,180021887,Montgomery County Police,Property Damage Crash,2018-05-04 12:03:00,County,SHADY GROVE RD,MT PLEASANT AVE,STRAIGHT MOVEMENT ANGLE,CLEAR,DRY,DAYLIGHT,TRAFFIC SIGNAL,Unknown,No,No Apparent Injury,NOT DISTRACTED,MD,Passenger Car,25,2016.0,Hyundai,SONATA,12,Friday,5
DD55950068,180037222,Rockville Police Departme,Property Damage Crash,2018-07-27 11:30:00,Municipality,HOLLAND RD,LEMAY RD,OTHER,CLEAR,DRY,DAYLIGHT,Unknown,NONE DETECTED,Yes,No Apparent Injury,NOT DISTRACTED,MD,Passenger Car,25,2005.0,Chev,TK,11,Friday,7
MCP2450000T,16052283,Montgomery County Police,Property Damage Crash,2016-09-28 19:00:00,County,MAHAN RD,MAHAN CT,OTHER,UNKNOWN,UNKNOWN,UNKNOWN,NO CONTROLS,UNKNOWN,Yes,No Apparent Injury,UNKNOWN,Unknown,(Sport) Utility Vehicle,25,2015.0,Honda,PILOT,19,Wednesday,9
MCP1465004X,200001628,Montgomery County Police,Property Damage Crash,2020-01-10 09:18:00,Municipality,RESEARCH BLVD,W MONTGOMERY AVE,HEAD ON LEFT TURN,CLOUDY,DRY,DAYLIGHT,NO CONTROLS,NONE DETECTED,No,No Apparent Injury,NOT DISTRACTED,MD,Passenger Car,30,2008.0,Hond,4S,9,Friday,1
MCP3169003T,210012489,Montgomery County Police,Injury Crash,2021-04-03 20:00:00,Maryland (State),UNIVERSITY BLVD E,E FRANKLIN AVE,ANGLE MEETS LEFT HEAD ON,CLEAR,DRY,DARK LIGHTS ON,TRAFFIC SIGNAL,Unknown,Unknown,No Apparent Injury,NOT DISTRACTED,MD,(Sport) Utility Vehicle,35,2006.0,Toyota,HIGHLANDER,20,Saturday,4
MCP2752004P,220002332,Montgomery County Police,Injury Crash,2022-05-31 19:30:00,County,SEVEN LOCKS RD,MACARTHUR BLVD,SINGLE VEHICLE,CLEAR,DRY,DAYLIGHT,NO CONTROLS,NONE DETECTED,Yes,Suspected Minor Injury,UNKNOWN,MD,Passenger Car,30,2015.0,Lecus,RC350,19,Tuesday,5
MCP30300086,250040151,MONTGOMERY,Injury Crash,2025-09-07 16:01:00,County Route,WOODMONT AVE,WISCONSIN AVE (SB/L),"Sideswipe, Same Direction",Clear,Dry,Daylight,Traffic Control Signal,"Not Suspect of Alcohol Use, Not Suspect of Drug Use",No,Suspected Minor Injury,Unknown,GA,Moped Or Motorized Bicycle,25,2025.0,Zhilong,CLICK,16,Sunday,9
MCP0899003C,180050781,Montgomery County Police,Property Damage Crash,2018-10-10 20:46:00,Maryland (State),CONNECTICUT AVE,QUINCY ST,HEAD ON LEFT TURN,CLEAR,DRY,DARK LIGHTS ON,NO CONTROLS,NONE DETECTED,Yes,No Apparent Injury,LOOKED BUT DID NOT SEE,MD,Passenger Car,30,2013.0,Cadillac,STS,20,Wednesday,10
MCP2427000C,240053871,MONTGOMERY,Property Damage Crash,2024-11-09 19:33:00,County Route,SHADY GROVE RD,PLEASANT RD RAMP 9 FR IS 370 EB TO SHADY GROVE RD,Rear To Side,Clear,Dry,Dark - Lighted,No Controls,"Not Suspect of Alcohol Use, Not Suspect of Drug Use",No,No Apparent Injury,Not Distracted,MD,Passenger Car,35,2004.0,Honda,ODYSSEY,19,Saturday,11
MCP3020002P,180050903,Montgomery County Police,Property Damage Crash,2018-10-11 13:30:00,Unknown,Unknown,Unknown,HEAD ON,CLOUDY,Unknown,DAYLIGHT,NO CONTROLS,NONE DETECTED,Yes,No Apparent Injury,UNKNOWN,MD,"Cargo Van/Light Truck 2 Axles (Over 10,000Lbs (4,536 Kg))",15,2005.0,Chevrolet,SILVERADO 3500,13,Thursday,10
EJ7908001Y,250018207,GAITHERSBURG,Property Damage Crash,2025-04-26 18:31:00,Maryland (State) Route,GREAT SENECA HWY (SB/L),Unknown,Front to Rear,Clear,Dry,Daylight,Traffic Control Signal,"Not Suspect of Alcohol Use, Not Suspect of Drug Use",No,No Apparent Injury,Not Distracted,MD,Passenger Car,50,2016.0,Volvo,XC60,18,Saturday,4
MCP3163003V,210047941,Montgomery County Police,Injury Crash,2021-11-25 14:48:00,Maryland (State),RIVER RD,WILSON LA,HEAD ON LEFT TURN,CLEAR,DRY,DAYLIGHT,TRAFFIC SIGNAL,NONE DETECTED,Yes,No Apparent Injury,LOOKED BUT DID NOT SEE,PA,Passenger Car,35,2018.0,Alpha,ROMERO,14,Thursday,11
MCP211600C3,200007393,Montgomery County Police,Property Damage Crash,2020-02-13 17:21:00,County,SHADY GROVE RD,GUDELSKY WAY,SAME DIRECTION SIDESWIPE,CLEAR,DRY,DUSK,NO CONTROLS,NONE DETECTED,Yes,No Apparent Injury,LOOKED BUT DID NOT SEE,MD,Passenger Car,40,2012.0,Toyt,VN,17,Thursday,2
MCP2195005K,220056930,Montgomery County Police,Property Damage Crash,2022-12-23 07:06:00,County,E GUDE DR,CECIL ST,SAME DIR REAR END,RAINING,WET,DAWN,TRAFFIC SIGNAL,NONE DETECTED,Yes,No Apparent Injury,NOT DISTRACTED,MD,Passenger Car,40,2018.0,Mazd,4S,7,Friday,12
MCP2637001T,170530305,Montgomery County Police,Property Damage Crash,2017-09-13 10:30:00,Maryland (State),FALLS RD,FALLSMEAD WAY,STRAIGHT MOVEMENT ANGLE,OTHER,WET,DAYLIGHT,NO CONTROLS,NONE DETECTED,No,No Apparent Injury,NOT DISTRACTED,MD,"Medium/Heavy Trucks 3 Axles (Over 10,000Lbs (4,536Kg))",35,2015.0,Ford,F550,10,Wednesday,9
MCP2975002J,180052826,Montgomery County Police,Injury Crash,2018-10-22 04:54:00,Maryland (State),GEORGIA AVE,BEL PRE RD,SAME DIR REAR END,CLEAR,DRY,DARK LIGHTS ON,TRAFFIC SIGNAL,ALCOHOL PRESENT,Yes,No Apparent Injury,INATTENTIVE OR LOST IN THOUGHT,MD,Passenger Car,45,2011.0,Nissan,MAXIMA,4,Monday,10
MCP2445003M,220015943,Montgomery County Police,Property Damage Crash,2022-04-15 06:41:00,Maryland (State),RIDGE RD,FREDERICK RD,SINGLE VEHICLE,CLEAR,DRY,DAYLIGHT,NO CONTROLS,NONE DETECTED,Yes,No Apparent Injury,NOT DISTRACTED,MD,"Other Light Trucks (10,000Lbs (4,536Kg) Or Less)",45,2002.0,Ford,TK,6,Friday,4
MCP2825001P,220014382,Montgomery County Police,Injury Crash,2022-04-04 21:02:00,County,MIDDLEBROOK RD,CENTURY BLVD,SAME DIR REAR END,CLEAR,DRY,DARK LIGHTS ON,NO CONTROLS,Unknown,Yes,No Apparent Injury,UNKNOWN,MD,Passenger Car,35,2006.0,Ford,CROWN VICTORIA,21,Monday,4
DD55670039,240013295,ROCKVILLE,Property Damage Crash,2024-03-20 11:32:00,Municipality Route,BALTIMORE RD,Unknown,"Sideswipe, Opposite Direction",Clear,Dry,Daylight,No Controls,"Not Suspect of Alcohol Use, Not Suspect of Drug Use",No,No Apparent Injury,Not Distracted,MD,Passenger Car,25,2015.0,Subaru,FORESTER,11,Wednesday,3
MCP3078003H,200035560,Montgomery County Police,Property Damage Crash,2020-09-10 17:55:00,Maryland (State),NEW HAMPSHIRE AVE,MIDLAND RD,SAME DIR REAR END,RAINING,WET,DAYLIGHT,TRAFFIC SIGNAL,NONE DETECTED,Yes,No Apparent Injury,LOOKED BUT DID NOT SEE,VA,Passenger Car,35,2014.0,Suba,OUTBACK,17,Thursday,9
MCP2874001W,17001328,Montgomery County Police,Property Damage Crash,2017-01-08 18:46:00,County,HARDY AVE,MEDWAY ST,OTHER,CLEAR,SNOW,DARK LIGHTS ON,NO CONTROLS,ALCOHOL PRESENT,Yes,No Apparent Injury,UNKNOWN,MD,Passenger Car,25,2007.0,Toyota,CAMRY,18,Sunday,1
MCP2244001X,170522137,Montgomery County Police,Property Damage Crash,2017-07-31 16:42:00,Unknown,Unknown,Unknown,OTHER,CLEAR,Unknown,DAYLIGHT,Unknown,UNKNOWN,Yes,No Apparent Injury,UNKNOWN,Unknown,Passenger Car,0,2011.0,Ford,PICK UP,16,Monday,7
MCP2440001C,230031845,Montgomery County Police,Property Damage Crash,2023-07-04 03:56:00,Maryland (State),MONTGOMERY VILLAGE AVE,SPUR TO LOST KNIFE RD,OPPOSITE DIRECTION SIDESWIPE,CLEAR,DRY,DARK -- UNKNOWN LIGHTING,FLASHING TRAFFIC SIGNAL,Unknown,No,No Apparent Injury,NOT DISTRACTED,MD,Passenger Car,35,2020.0,Toyota,CAMRY,3,Tuesday,7
MCP2912000S,15017038,Montgomery County Police,Injury Crash,2015-04-13 08:32:00,Maryland (State),BRADLEY BLVD,KENNEDY DR,STRAIGHT MOVEMENT ANGLE,CLEAR,DRY,DAYLIGHT,STOP SIGN,NONE DETECTED,No,No Apparent Injury,NOT DISTRACTED,VA,Passenger Car,35,2012.0,Honda,4S,8,Monday,4
MCP2923007Y,210027538,Montgomery County Police,Property Damage Crash,2021-07-16 18:27:00,Maryland (State),VEIRS MILL RD,ENT TO WHEATON PLAZA,SAME DIRECTION RIGHT TURN,CLEAR,DRY,DAYLIGHT,STOP SIGN,NONE DETECTED,Yes,No Apparent Injury,LOOKED BUT DID NOT SEE,MD,Truck Tractor,25,2006.0,Volvo,TRUCK TRACTOR,18,Friday,7
MCP3227005X,240051703,MONTGOMERY,Injury Crash,2024-10-28 17:40:00,County Route,POWDER MILL RD,Unknown,"Sideswipe, Same Direction",Clear,Dry,Daylight,No Controls,"Not Suspect of Alcohol Use, Not Suspect of Drug Use",Yes,No Apparent Injury,Not Distracted,MD,Pickup,35,2015.0,Toyota,TUNDRA,17,Monday,10
MCP2845001X,16036867,Montgomery County Police,Property Damage Crash,2016-07-21 07:00:00,County,MOUNTAIN QUAIL RD,EASTWOOD AVE,OTHER,CLEAR,DRY,DAYLIGHT,NO CONTROLS,NONE DETECTED,Yes,No Apparent Injury,NOT DISTRACTED,MD,Passenger Car,30,2009.0,Toyt,4S,7,Thursday,7
DD55940026,16029358,Rockville Police Departme,Property Damage Crash,2016-06-11 07:36:00,Maryland (State),ROCKVILLE PIKE,WOOTTON PKWY,SAME DIRECTION RIGHT TURN,CLEAR,DRY,DAYLIGHT,NO CONTROLS,NONE DETECTED,No,No Apparent Injury,NOT DISTRACTED,MD,Pickup Truck,40,2005.0,Nissan,TRUCK,7,Saturday,6
MCP24560016,16053574,Montgomery County Police,Property Damage Crash,2016-10-18 13:43:00,Maryland (State),UNIVERSITY BLVD E,PINEY BRANCH RD,STRAIGHT MOVEMENT ANGLE,CLEAR,WET,DAYLIGHT,NO CONTROLS,NONE DETECTED,No,No Apparent Injury,NOT DISTRACTED,MD,Passenger Car,40,2016.0,Infin,4 DOOR,13,Tuesday,10
MCP2902001D,16038854,Montgomery County Police,Property Damage Crash,2016-08-01 09:03:00,County,FATHER HURLEY BLVD,RAMP 5 FR RAMP 8 TO FATHER HURLEY BLVD,SAME DIR REAR END,CLEAR,DRY,DAYLIGHT,NO CONTROLS,NONE DETECTED,No,No Apparent Injury,NOT DISTRACTED,MD,Passenger Car,20,1998.0,Chrysler,CIRRUS,9,Monday,8
MCP32470016,210020261,Montgomery County Police,Injury Crash,2021-05-28 17:52:00,County,WAYNE AVE,GEORGIA AVE,SAME DIR REAR END,CLOUDY,DRY,DAYLIGHT,NO CONTROLS,NONE DETECTED,Yes,No Apparent Injury,UNKNOWN,MD,Passenger Car,35,2000.0,Hond,UT,17,Friday,5
MCP3211002H,22018580,Montgomery County Police,Property Damage Crash,2022-05-02 07:30:00,County,CEDAR LA,BEACH DR,SAME DIR REAR END,CLEAR,DRY,DAYLIGHT,TRAFFIC SIGNAL,Unknown,No,No Apparent Injury,NOT DISTRACTED,MD,Passenger Car,25,2018.0,Toyota,TACOMA,7,Monday,5
MCP2425004C,15004652,Montgomery County Police,Property Damage Crash,2015-01-29 10:45:00,Maryland (State),GEORGIA AVE,TILTON DR,SAME DIRECTION SIDESWIPE,CLEAR,DRY,Unknown,NO CONTROLS,NONE DETECTED,Yes,No Apparent Injury,NOT DISTRACTED,MD,(Sport) Utility Vehicle,35,2012.0,Honda,PILOT,10,Thursday,1
MCP2159001P,240007811,MONTGOMERY,Injury Crash,2024-02-17 08:38:00,County Route,MIDDLEBROOK RD,CENTURY BLVD,Angle,Cloudy,Wet,Daylight,Traffic Control Signal,"Not Suspect of Alcohol Use, Not Suspect of Drug Use",Yes,Possible Injury,Not Distracted,NY,Passenger Car,20,2012.0,Toyota,COROLLA,8,Saturday,2
MCP1227001G,210038093,Montgomery County Police,Fatal Crash,2021-09-26 14:24:00,Maryland (State),NEW HAMPSHIRE AVE,MONTGOMERY CO/L,HEAD ON LEFT TURN,CLEAR,DRY,DAYLIGHT,TRAFFIC SIGNAL,NONE DETECTED,Yes,Fatal Injury,UNKNOWN,MD,Motorcycle,40,2015.0,Bmw,S1000 RR,14,Sunday,9
DD561500HP,250001357,ROCKVILLE,Property Damage Crash,2025-01-11 05:15:00,Municipality Route,ROSEBUSH LA,Unknown,"Sideswipe, Same Direction",Snow,Snow,Dark - Lighted,No Controls,"Not Suspect of Alcohol Use, Not Suspect of Drug Use",No,No Apparent Injury,Not Distracted,Unknown,Passenger Car,25,2010.0,Hyundai,ELANTRA TOURING,5,Saturday,1
MCP2898001Q,16053062,Montgomery County Police,Property Damage Crash,2016-10-15 17:20:00,Maryland (State),FREDERICK RD,SHAKESPEARE BLVD,ANGLE MEETS LEFT TURN,CLEAR,DRY,DAYLIGHT,TRAFFIC SIGNAL,Unknown,Yes,No Apparent Injury,LOOKED BUT DID NOT SEE,MD,Passenger Car,40,2008.0,Hyun,ELENTRA,17,Saturday,10
MCP26860041,200021934,Montgomery County Police,Property Damage Crash,2020-06-02 11:00:00,Unknown,Unknown,Unknown,OTHER,CLEAR,Unknown,DAYLIGHT,Unknown,UNKNOWN,Yes,No Apparent Injury,UNKNOWN,MD,Passenger Car,5,2005.0,Toyota,SOLARA,11,Tuesday,6
MCP2728001V,15065540,MONTGOMERY,Property Damage Crash,2015-12-22 16:27:00,County,OAKVIEW DR,PARHAM PL,SAME DIR REAR END,CLEAR,WET,DAWN,NO CONTROLS,NONE DETECTED,No,No Apparent Injury,NOT DISTRACTED,DE,Passenger Car,35,2005.0,Nissan,SENTRA,16,Tuesday,12
MCP27890010,15030685,MONTGOMERY,Injury Crash,2015-06-23 18:10:00,County,SPRING ST,FIRST AVE,SAME DIR REAR END,CLEAR,DRY,DAYLIGHT,NO CONTROLS,Unknown,Yes,No Apparent Injury,UNKNOWN,MD,Passenger Car,35,2013.0,Mercedes,GLK350,18,Tuesday,6
MCP2932004W,210031554,Montgomery County Police,Property Damage Crash,2021-08-13 23:35:00,US (State),GEORGIA AVE,THAYER AVE,SAME DIRECTION RIGHT TURN,CLEAR,DRY,DARK LIGHTS ON,TRAFFIC SIGNAL,NONE DETECTED,Yes,No Apparent Injury,NOT DISTRACTED,DC,Passenger Car,35,2005.0,Lexus,ES,23,Friday,8
MCP28770031,16059359,Montgomery County Police,Property Damage Crash,2016-11-18 08:05:00,Maryland (State),GEORGIA AVE,CAPITAL BELTWAY,SAME DIR REAR END,CLEAR,DRY,DAYLIGHT,NO CONTROLS,NONE DETECTED,Yes,No Apparent Injury,NOT DISTRACTED,DC,Passenger Car,35,2016.0,Bmw,528I,8,Friday,11
MCP102200DX,200012981,Montgomery County Police,Property Damage Crash,2020-03-17 11:34:00,Maryland (State),DAMASCUS RD,CHROME MINE RD,OTHER,CLEAR,DRY,DAYLIGHT,NO CONTROLS,NONE DETECTED,No,No Apparent Injury,NOT DISTRACTED,MD,Pickup Truck,50,1991.0,Dodg,150,11,Tuesday,3
MCP28460061,200018898,Montgomery County Police,Property Damage Crash,2020-05-09 17:30:00,Maryland (State),VEIRS MILL RD,UNIVERSITY BLVD W,SAME DIR REAR END,CLEAR,DRY,DAYLIGHT,TRAFFIC SIGNAL,NONE DETECTED,No,No Apparent Injury,NOT DISTRACTED,MD,Passenger Car,40,2014.0,Toyota,COROLLA,17,Saturday,5
EJ78260022,170506993,Gaithersburg Police Depar,Injury Crash,2017-05-10 09:10:00,County,SAM EIG HWY,DIAMONDBACK DR,SAME DIR REAR END,CLEAR,DRY,DAYLIGHT,TRAFFIC SIGNAL,Unknown,Yes,Suspected Minor Injury,LOOKED BUT DID NOT SEE,MD,Passenger Car,50,2011.0,Hond,VN,9,Wednesday,5
MCP2031001Y,190022477,Montgomery County Police,Property Damage Crash,2019-05-13 07:48:00,County,CLARKSBURG RD,MOXLEY RD,SAME DIR REND RIGHT TURN,Unknown,WET,DAYLIGHT,NO CONTROLS,NONE DETECTED,No,No Apparent Injury,NOT DISTRACTED,MD,Pickup Truck,40,2018.0,Ford,TK,7,Monday,5
MCP13340020,15009431,Montgomery County Police,Property Damage Crash,2015-02-27 12:20:00,Maryland (State),MONTGOMERY VILLAGE AVE,CHRISTOPHER AVE,HEAD ON LEFT TURN,CLEAR,DRY,DAYLIGHT,TRAFFIC SIGNAL,NONE DETECTED,Yes,No Apparent Injury,NOT DISTRACTED,MD,(Sport) Utility Vehicle,35,2015.0,Chevrolet,SUBURBAN,12,Friday,2
MCP3351000R,230022065,Montgomery County Police,Injury Crash,2023-05-08 19:17:00,Maryland (State),GEORGIA AVE,RAMP 3 FR IS 495 EB TO MD 97 NB,STRAIGHT MOVEMENT ANGLE,CLEAR,DRY,DAYLIGHT,TRAFFIC SIGNAL,NONE DETECTED,No,Suspected Minor Injury,NOT DISTRACTED,MD,Passenger Car,30,2004.0,Honda,4S,19,Monday,5
MCP30140024,190023404,Montgomery County Police,Property Damage Crash,2019-05-17 20:02:00,Maryland (State),MUNCASTER MILL RD,SYCAMORE LA,STRAIGHT MOVEMENT ANGLE,CLEAR,DRY,DUSK,STOP SIGN,NONE DETECTED,Yes,No Apparent Injury,LOOKED BUT DID NOT SEE,MD,Passenger Car,25,2013.0,Hyundai,SONATA,20,Friday,5
MCP2504005S,200023799,Montgomery County Police,Injury Crash,2020-06-17 18:41:00,County,MONTROSE RD,SPUR FR SEVEN LOCKS RD,SAME DIR REAR END,RAINING,WET,DAYLIGHT,NO CONTROLS,NONE DETECTED,Yes,No Apparent Injury,NOT DISTRACTED,MD,(Sport) Utility Vehicle,45,2008.0,Jeep,COMPASS,18,Wednesday,6
MCP229800LJ,180055506,Montgomery County Police,Injury Crash,2018-11-05 16:51:00,Maryland (State),CLOPPER RD,WARING STATION RD,SAME DIR REAR END,RAINING,WET,DARK -- UNKNOWN LIGHTING,TRAFFIC SIGNAL,NONE DETECTED,Yes,No Apparent Injury,INATTENTIVE OR LOST IN THOUGHT,MD,Passenger Car,45,2007.0,Nissan,SENTRA,16,Monday,11
MCP2436001D,16017358,Montgomery County Police,Property Damage Crash,2016-04-09 13:17:00,County,CADDINGTON AVE,UNIVERSITY BLVD W,HEAD ON LEFT TURN,CLEAR,WET,DAYLIGHT,TRAFFIC SIGNAL,NONE DETECTED,No,No Apparent Injury,NOT DISTRACTED,MD,Passenger Car,35,2007.0,Ford,E150,13,Saturday,4
MCP27460013,15057181,MONTGOMERY,Injury Crash,2015-11-09 18:19:00,Maryland (State),GEORGIA AVE,HATHAWAY DR,HEAD ON LEFT TURN,RAINING,WET,DARK LIGHTS ON,TRAFFIC SIGNAL,NONE DETECTED,No,Possible Injury,NOT DISTRACTED,MD,Passenger Car,45,1997.0,Toyota,COROLLA,18,Monday,11
MCP2094005G,15049899,MONTGOMERY,Injury Crash,2015-10-02 07:58:00,Maryland (State),ROCKVILLE PIKE,STRATHMORE AVE,OTHER,RAINING,WET,DARK LIGHTS ON,TRAFFIC SIGNAL,NONE DETECTED,Yes,No Apparent Injury,LOOKED BUT DID NOT SEE,MD,Passenger Car,40,2005.0,Toyota,PRIUS,7,Friday,10
MCP29170014,16035766,Montgomery County Police,Property Damage Crash,2016-07-14 21:41:00,Maryland (State),NORBECK RD,BALTIMORE RD,SAME DIR REAR END,CLEAR,DRY,DARK LIGHTS ON,TRAFFIC SIGNAL,NONE DETECTED,Yes,No Apparent Injury,DISTRACTED BY OUTSIDE PERSON OBJECT OR EVENT,MD,Passenger Car,50,2007.0,Ford,FUSION,21,Thursday,7
MCP2914007V,180061268,Montgomery County Police,Injury Crash,2018-12-07 17:19:00,US (State),COLESVILLE RD,SPUR TO HASTINGS DR,ANGLE MEETS RIGHT TURN,CLEAR,Unknown,DARK LIGHTS ON,YIELD SIGN,Unknown,Yes,Possible Injury,NOT DISTRACTED,MD,Passenger Car,40,2010.0,Nissan,SENTRA,17,Friday,12
MCP26170034,17008258,Montgomery County Police,Property Damage Crash,2017-02-15 15:59:00,Maryland (State),ROCKVILLE PIKE,POOKS HILL RD,SAME DIR REAR END,CLEAR,DRY,DAYLIGHT,NO CONTROLS,NONE DETECTED,No,No Apparent Injury,NOT DISTRACTED,MD,Passenger Car,40,2004.0,Honda,ODYSSEY,15,Wednesday,2
MCP22140011,230008535,Montgomery County Police,Property Damage Crash,2023-02-20 15:04:00,Maryland (State),FREDERICK RD,GERMANTOWN RD,SAME DIRECTION RIGHT TURN,CLEAR,DRY,DAYLIGHT,Unknown,NONE DETECTED,Yes,No Apparent Injury,LOOKED BUT DID NOT SEE,MD,Pickup Truck,45,2005.0,Ford,F150,15,Monday,2
MCP27070019,180043922,Montgomery County Police,Property Damage Crash,2018-09-03 11:53:00,County,SNOUFFERS SCHOOL RD,BONANZA WAY,OPPOSITE DIRECTION SIDESWIPE,Unknown,DRY,DAYLIGHT,STOP SIGN,NONE DETECTED,Yes,No Apparent Injury,NOT DISTRACTED,MD,(Sport) Utility Vehicle,40,2001.0,Toyt,4RUNNER,11,Monday,9
DM8447001C,17000784,Takoma Park Police Depart,Property Damage Crash,2017-01-05 12:50:00,Maryland (State),NEW HAMPSHIRE AVE,HOLTON LA,SAME DIR REAR END,CLOUDY,DRY,DAYLIGHT,TRAFFIC SIGNAL,NONE DETECTED,No,No Apparent Injury,NOT DISTRACTED,MD,Passenger Car,30,2013.0,Lexs,4S,12,Thursday,1
MCP2805004N,210050801,Montgomery County Police,Property Damage Crash,2021-12-14 11:25:00,County,CHRISTOPHER AVE,MONTGOMERY VILLAGE AVE,SAME DIRECTION SIDESWIPE,CLEAR,DRY,DAYLIGHT,TRAFFIC SIGNAL,NONE DETECTED,Yes,No Apparent Injury,NOT DISTRACTED,MD,Passenger Car,30,2008.0,Mazda,3,11,Tuesday,12
EJ78710067,230008165,Gaithersburg Police Depar,Property Damage Crash,2023-02-17 20:00:00,Maryland (State),MONTGOMERY VILLAGE AVE,SPUR TO MD 355,SAME DIR REAR END,CLEAR,DRY,DARK LIGHTS ON,NO CONTROLS,NONE DETECTED,No,No Apparent Injury,NOT DISTRACTED,MD,Passenger Car,0,2017.0,Nissan,ROGUE,20,Friday,2
MCP30120024,170506003,Montgomery County Police,Property Damage Crash,2017-05-05 06:33:00,County,RANDOLPH RD,TIVOLI LAKE BLVD,HEAD ON LEFT TURN,RAINING,WET,DAWN,TRAFFIC SIGNAL,NONE DETECTED,Unknown,No Apparent Injury,UNKNOWN,MD,(Sport) Utility Vehicle,40,2007.0,Jeep,WRANGLER,6,Friday,5