Report Number,Local Case Number,Agency Name,ACRS Report Type,Crash Date/Time,Route Type,Road Name,Cross-Street Name,Collision Type,Weather,Surface Condition,Light,Traffic Control,Driver Substance Abuse,Driver At Fault,Injury Severity,Driver Distracted By,Drivers License State,Vehicle Body Type,Speed Limit,Vehicle Year,Vehicle Make,Vehicle Model,Crash Hour,Crash Day,Crash Month
MCP3405000V,250037901,MONTGOMERY,Property Damage Crash,2025-08-24 21:55:00,County Route,QUEENSTOWN LA,GREAT SENECA HWY (SB/L),Single Vehicle,Clear,Dry,Dark - Lighted,Traffic Control Signal,"Suspect of Alcohol Use, Not Suspect of Drug Use",Yes,No Apparent Injury,Not Distracted,MD,Sport Utility Vehicle,45,2014.0,Toyota,RAV4,21,Sunday,8
MCP3086004J,200026160,Montgomery County Police,Property Damage Crash,2020-07-06 09:50:00,County,REDLAND RD,MUNCASTER MILL RD,ANGLE MEETS LEFT TURN,CLEAR,DRY,DAYLIGHT,TRAFFIC SIGNAL,NONE DETECTED,Yes,No Apparent Injury,LOOKED BUT DID NOT SEE,VA,Passenger Car,35,2015.0,Chevrolet,MALIBU,9,Monday,7
MCP3052003S,240026855,MONTGOMERY,Property Damage Crash,2024-06-05 20:30:00,Municipality Route,HUTTON ST,WOODLAND RD,Single Vehicle,Cloudy,"Mud, Dirt, Gravel",Daylight,No Controls,"Not Suspect of Alcohol Use, Not Suspect of Drug Use",No,No Apparent Injury,Not Distracted,MD,Sport Utility Vehicle,20,2016.0,Chevrolet,TAHOE,20,Wednesday,6
MCP137800C3,16045847,Montgomery County Police,Injury Crash,2016-09-07 17:46:00,Maryland (State),S FREDERICK RD,E DEER PARK DR,SAME DIR REAR END,RAINING,WET,DAYLIGHT,NO CONTROLS,NONE DETECTED,Yes,No Apparent Injury,NOT DISTRACTED,MD,Pickup Truck,35,2014.0,Chevrolet,SILVERADO,17,Wednesday,9
MCP29290035,180041232,Montgomery County Police,Property Damage Crash,2018-08-19 11:54:00,County,BRIGGS CHANEY RD,GOOD HOPE RD,STRAIGHT MOVEMENT ANGLE,CLEAR,DRY,DAYLIGHT,TRAFFIC SIGNAL,NONE DETECTED,No,No Apparent Injury,NOT DISTRACTED,MD,Passenger Car,35,2017.0,Toyota,CAMRY,11,Sunday,8
DD5663000G,230071037,Rockville Police Departme,Property Damage Crash,2023-12-11 08:56:00,Maryland (State),E JEFFERSON ST,MONROE ST,OTHER,CLEAR,WET,DAYLIGHT,TRAFFIC SIGNAL,NONE DETECTED,No,No Apparent Injury,NOT DISTRACTED,MD,Passenger Car,25,2022.0,Nissan,KICK,8,Monday,12
DM8478000H,200033572,Takoma Park Police Depart,Property Damage Crash,2020-08-27 20:09:00,Maryland (State),PHILADELPHIA AVE,PINEY BRANCH RD,OTHER,Unknown,DRY,DARK LIGHTS ON,TRAFFIC SIGNAL,NONE DETECTED,Unknown,No Apparent Injury,NOT DISTRACTED,MD,Passenger Car,35,2008.0,Toyota,AVALON,20,Thursday,8
MCP3112003N,190052455,Montgomery County Police,Property Damage Crash,2019-10-31 15:58:00,Maryland (State),WILSON LA,EXETER RD,SAME DIR REAR END,CLOUDY,WET,DAYLIGHT,Unknown,NONE DETECTED,Yes,No Apparent Injury,UNKNOWN,MD,Passenger Car,25,2012.0,Chevrolet,SONIC,15,Thursday,10
MCP2727001G,170509032,Montgomery County Police,Property Damage Crash,2017-05-21 12:44:00,Maryland (State),OLD HUNDRED RD,RAMP 1 FR IS 270 NB TO MD 109 WB,HEAD ON LEFT TURN,CLEAR,DRY,DAYLIGHT,NO CONTROLS,NONE DETECTED,No,No Apparent Injury,NOT DISTRACTED,MD,Pickup Truck,30,2001.0,Ford,TK,12,Sunday,5
MCP21910014,16050461,Montgomery County Police,Property Damage Crash,2016-10-01 15:04:00,County,NICHOLSON LA,NEBEL ST,STRAIGHT MOVEMENT ANGLE,RAINING,WET,DAYLIGHT,TRAFFIC SIGNAL,NONE DETECTED,Yes,No Apparent Injury,LOOKED BUT DID NOT SEE,MD,Passenger Car,35,2001.0,Honda,CIVIC,15,Saturday,10
DM8360000K,15062634,TAKOMA,Property Damage Crash,2015-12-08 09:58:00,Municipality,MAPLE AVE,RITCHIE AVE,SAME DIR REAR END,CLEAR,DRY,DAYLIGHT,STOP SIGN,NONE DETECTED,Unknown,No Apparent Injury,NOT DISTRACTED,MD,All Terrain Vehicle (Atv),15,2012.0,Toyota,HIGHANDER,9,Tuesday,12
MCP2291002J,180007091,Montgomery County Police,Injury Crash,2018-02-10 19:01:00,Unknown,Unknown,Unknown,SINGLE VEHICLE,RAINING,Unknown,DARK NO LIGHTS,NO CONTROLS,NONE DETECTED,Yes,No Apparent Injury,NOT DISTRACTED,MD,Passenger Car,25,2010.0,Acura,MDX,19,Saturday,2
MCP13090020,180050843,Montgomery County Police,Property Damage Crash,2018-10-12 08:39:00,Interstate (State),EISENHOWER MEMORIAL HWY,MILE MARKER 16.0,SAME DIR REAR END,RAINING,WET,DAYLIGHT,NO CONTROLS,NONE DETECTED,No,No Apparent Injury,NOT DISTRACTED,MD,Pickup Truck,55,2012.0,Ford,TK,8,Friday,10
MCP3095003H,220019142,Montgomery County Police,Property Damage Crash,2022-05-05 15:53:00,County,NORCROSS WAY,NEW HAMPSHIRE AVE,HEAD ON LEFT TURN,CLEAR,DRY,DAYLIGHT,NO CONTROLS,NONE DETECTED,No,No Apparent Injury,NOT DISTRACTED,MD,Passenger Car,40,2013.0,Ford,FUSION,15,Thursday,5
MCP3073006C,220028841,Montgomery County Police,Property Damage Crash,2022-07-05 16:30:00,County,PARKLAND DR,KEATING ST,STRAIGHT MOVEMENT ANGLE,Unknown,Unknown,DAYLIGHT,STOP SIGN,NONE DETECTED,Yes,No Apparent Injury,UNKNOWN,MD,Passenger Car,25,2006.0,Ford,UT,16,Tuesday,7
MCP2492001X,220049754,Montgomery County Police,Injury Crash,2022-11-10 19:30:00,County,CLUB HOUSE RD,BRASSIE PL,OTHER,CLEAR,DRY,DARK LIGHTS ON,NO CONTROLS,NONE DETECTED,No,No Apparent Injury,DISTRACTED BY OUTSIDE PERSON OBJECT OR EVENT,MD,Passenger Car,30,2013.0,Ford,FUSION,19,Thursday,11
MCP3109000B,180010675,Montgomery County Police,Property Damage Crash,2018-03-01 19:00:00,Unknown,Unknown,Unknown,SAME DIRECTION RIGHT TURN,RAINING,Unknown,DARK NO LIGHTS,NO CONTROLS,NONE DETECTED,Yes,No Apparent Injury,NOT DISTRACTED,MD,Passenger Car,0,2014.0,Chevrolet,CRUZE,19,Thursday,3
MCP2373000D,240026165,MONTGOMERY,Property Damage Crash,2024-06-02 13:47:00,Maryland (State) Route,FREDERICK RD,Unknown,Angle,Clear,Dry,Daylight,No Controls,"Not Suspect of Alcohol Use, Not Suspect of Drug Use",No,No Apparent Injury,Not Distracted,MD,Sport Utility Vehicle,30,2015.0,Toyota,RAV4,13,Sunday,6
MCP94280026,190021023,Montgomery County Police,Injury Crash,2019-05-04 15:00:00,Maryland (State),WOODFIELD RD,ROSEWOOD MANOR LA,SAME DIR REAR END,CLEAR,DRY,DAYLIGHT,NO CONTROLS,NONE DETECTED,No,No Apparent Injury,NOT DISTRACTED,MD,Passenger Car,45,2010.0,Toyt,COROLLA,15,Saturday,5
EJ7863002F,190033035,Gaithersburg Police Depar,Property Damage Crash,2019-07-11 10:45:00,Unknown,Unknown,Unknown,OTHER,CLEAR,Unknown,DARK LIGHTS ON,Unknown,ALCOHOL PRESENT,Yes,No Apparent Injury,OTHER DISTRACTION,XX,Passenger Car,15,2019.0,Toyota,4S,10,Thursday,7
DD5595006L,180047373,Rockville Police Departme,Property Damage Crash,2018-09-22 06:00:00,Maryland (State),W MONTGOMERY AVE,RAMP 5 FR IS 270 SB TO MD 28 EB,SAME DIR REAR END,RAINING,WET,DARK LIGHTS ON,TRAFFIC SIGNAL,NONE DETECTED,Yes,No Apparent Injury,NOT DISTRACTED,MD,Passenger Car,35,2002.0,Toyoto,COROLLA,6,Saturday,9
MCP13780077,15037510,MONTGOMERY,Property Damage Crash,2015-07-29 10:30:00,Maryland (State),VEIRS MILL RD,ASPEN HILL RD,SAME DIRECTION SIDESWIPE,CLOUDY,DRY,DAYLIGHT,NO CONTROLS,UNKNOWN,Yes,No Apparent Injury,NOT DISTRACTED,Unknown,Fire Vehicle/Emergency,35,2000.0,Unk,UNK,10,Wednesday,7
MCP3227000D,200009539,Montgomery County Police,Property Damage Crash,2020-02-26 11:26:00,Unknown,Unknown,Unknown,SINGLE VEHICLE,CLEAR,Unknown,DAYLIGHT,NO CONTROLS,NONE DETECTED,Yes,No Apparent Injury,NOT DISTRACTED,MD,Pickup Truck,25,2011.0,Ford,F150,11,Wednesday,2
EJ7879000N,200025209,Gaithersburg Police Depar,Injury Crash,2020-06-28 22:44:00,County,ODENDHAL AVE,GOSHEN RD,HEAD ON LEFT TURN,CLEAR,DRY,DARK LIGHTS ON,TRAFFIC SIGNAL,NONE DETECTED,No,Suspected Minor Injury,NOT DISTRACTED,MD,Passenger Car,35,2015.0,Toyota,TR,22,Sunday,6
MCP15800081,170547879,Montgomery County Police,Property Damage Crash,2017-12-11 12:33:00,Maryland (State),MUNCASTER MILL RD,BOWIE MILL RD,SAME DIR REAR END,CLEAR,DRY,DAYLIGHT,TRAFFIC SIGNAL,NONE DETECTED,No,No Apparent Injury,NOT DISTRACTED,MD,Passenger Car,40,2018.0,Kia,FORTE,12,Monday,12
MCP2881001C,16002152,Montgomery County Police,Injury Crash,2016-01-12 14:11:00,Maryland (State),GERMANTOWN RD,RAMP 2 FR MD 118 WB TO IS 270 NB,HEAD ON LEFT TURN,CLEAR,DRY,DAYLIGHT,TRAFFIC SIGNAL,NONE DETECTED,No,Possible Injury,NOT DISTRACTED,MD,Passenger Car,45,2008.0,Hyun,TK,14,Tuesday,1
MCP2693003Q,210022877,Montgomery County Police,Injury Crash,2021-06-15 14:02:00,County,VEIRS MILL RD,GAYNOR RD,SAME DIR REAR END,CLEAR,DRY,DAYLIGHT,Unknown,NONE DETECTED,No,No Apparent Injury,NOT DISTRACTED,MD,Passenger Car,45,2018.0,Volvo,S60,14,Tuesday,6
MCP31320009,180042988,Montgomery County Police,Injury Crash,2018-08-29 03:07:00,Unknown,Unknown,Unknown,OPPOSITE DIRECTION SIDESWIPE,CLEAR,Unknown,DARK NO LIGHTS,Unknown,Unknown,No,Possible Injury,NOT DISTRACTED,MD,Police Vehicle/Emergency,0,2014.0,Ford,INTERCEPTOR,3,Wednesday,8
MCP3174002X,200049782,Montgomery County Police,Property Damage Crash,2020-12-18 15:36:00,County,RAINBOWVIEW PL,DOUBLELAND RD,STRAIGHT MOVEMENT ANGLE,CLEAR,DRY,DAYLIGHT,STOP SIGN,NONE DETECTED,No,No Apparent Injury,NOT DISTRACTED,MD,Passenger Car,35,2020.0,Ford,ESCAPE,15,Friday,12
DD56330074,220019675,Rockville Police Departme,Property Damage Crash,2022-05-09 13:45:00,Municipality,CONGRESSIONAL LA,ROCKVILLE PIKE,SAME DIRECTION SIDESWIPE,CLEAR,DRY,DAYLIGHT,TRAFFIC SIGNAL,NONE DETECTED,No,No Apparent Injury,LOOKED BUT DID NOT SEE,MD,(Sport) Utility Vehicle,10,2018.0,Mits,TK,13,Monday,5
DM8370001B,180048205,Takoma Park Police Depart,Property Damage Crash,2018-09-27 03:24:00,Maryland (State),PHILADELPHIA AVE,PINEY BRANCH RD,OTHER,CLEAR,DRY,DARK LIGHTS ON,NO CONTROLS,Unknown,Yes,No Apparent Injury,NOT DISTRACTED,Unknown,Passenger Car,25,2011.0,Ford,MUSTANG,3,Thursday,9
MCP31990050,230014252,Montgomery County Police,Property Damage Crash,2023-03-24 12:23:00,County,HAVARD ST,LITTLETON ST,STRAIGHT MOVEMENT ANGLE,RAINING,WET,DAYLIGHT,NO CONTROLS,NONE DETECTED,Yes,No Apparent Injury,LOOKED BUT DID NOT SEE,MD,(Sport) Utility Vehicle,25,2019.0,Toyta,HIGHLANDER,12,Friday,3
MCP271700VJ,210026441,Montgomery County Police,Injury Crash,2021-07-09 18:41:00,County,DAIRYMAID DR,GREAT SENECA HWY,OTHER,CLEAR,DRY,DAYLIGHT,NO CONTROLS,NONE DETECTED,Yes,Suspected Minor Injury,UNKNOWN,FL,(Sport) Utility Vehicle,25,2021.0,Jeep,GRAND CHEROKEE,18,Friday,7
MCP1417007P,170515325,Montgomery County Police,Property Damage Crash,2017-06-23 10:52:00,County,CRABBS BRANCH WAY,SHADY GROVE RD,SAME DIR REAR END,Unknown,DRY,DAYLIGHT,TRAFFIC SIGNAL,NONE DETECTED,No,No Apparent Injury,NOT DISTRACTED,MD,Police Vehicle/Non Emergency,35,2017.0,Ford,INTERCEPTOR,10,Friday,6
MCP2934002W,170540187,Montgomery County Police,Property Damage Crash,2017-11-01 10:27:00,Unknown,Unknown,Unknown,SINGLE VEHICLE,CLOUDY,Unknown,DAYLIGHT,NO CONTROLS,NONE DETECTED,Yes,No Apparent Injury,OTHER DISTRACTION,MD,Passenger Car,10,2001.0,Mercedes,E350,10,Wednesday,11
MCP2983000S,16001229,Montgomery County Police,Property Damage Crash,2016-01-07 19:33:00,US (State),GEORGIA AVE,SLIGO AVE,SAME DIR REAR END,CLEAR,DRY,DARK LIGHTS ON,NO CONTROLS,NONE DETECTED,Yes,No Apparent Injury,DISTRACTED BY OUTSIDE PERSON OBJECT OR EVENT,MD,Passenger Car,35,2009.0,Toyt,4S,19,Thursday,1
MCP3184001N,210005389,Montgomery County Police,Property Damage Crash,2021-02-10 23:58:00,US (State),COLUMBIA PIKE,INDUSTRIAL PKWY,SINGLE VEHICLE,WINTRY MIX,SLUSH,DARK NO LIGHTS,Unknown,NONE DETECTED,Yes,No Apparent Injury,NOT DISTRACTED,MD,Passenger Car,50,2017.0,Nissan,ROGUE,23,Wednesday,2
MCP28130055,180037473,Montgomery County Police,Injury Crash,2018-07-28 18:00:00,Maryland (State),VEIRS MILL RD,UNIVERSITY BLVD W,OTHER,CLEAR,DRY,DAYLIGHT,TRAFFIC SIGNAL,Unknown,No,Possible Injury,LOOKED BUT DID NOT SEE,MD,Passenger Car,35,2009.0,Hond,CIVIC,18,Saturday,7
MCP09340004,15020754,Montgomery County Police,Injury Crash,2015-05-02 13:08:00,Maryland (State),FISHER AVE,WOOTTON AVE,HEAD ON LEFT TURN,CLEAR,DRY,DAYLIGHT,NO CONTROLS,NONE DETECTED,Yes,Possible Injury,NOT DISTRACTED,MD,Passenger Car,25,2007.0,Honda,CIVIC,13,Saturday,5
MCP2930002K,220055199,Montgomery County Police,Property Damage Crash,2022-12-13 18:00:00,County,WELLER RD,ATHERTON DR,STRAIGHT MOVEMENT ANGLE,CLEAR,DRY,DARK LIGHTS ON,STOP SIGN,NONE DETECTED,No,No Apparent Injury,NOT DISTRACTED,MD,Pickup Truck,25,2013.0,Chev,DS,18,Tuesday,12
MCP2290000Z,170539964,Montgomery County Police,Injury Crash,2017-10-31 12:01:00,Unknown,Unknown,Unknown,STRAIGHT MOVEMENT ANGLE,CLEAR,Unknown,DAYLIGHT,STOP SIGN,NONE DETECTED,Yes,No Apparent Injury,LOOKED BUT DID NOT SEE,MD,Passenger Car,25,2007.0,Toyota,CAMRY,12,Tuesday,10
MCP28660050,180058843,Montgomery County Police,Property Damage Crash,2018-11-24 14:15:00,Unknown,Unknown,Unknown,STRAIGHT MOVEMENT ANGLE,Unknown,Unknown,DAYLIGHT,NO CONTROLS,NONE DETECTED,No,No Apparent Injury,NOT DISTRACTED,MD,Passenger Car,5,2013.0,Audi,A5,14,Saturday,11
MCP2962008V,240004442,MONTGOMERY,Property Damage Crash,2024-01-28 12:06:00,County Route,MIDDLEBROOK RD,FATHER HURLEY BLVD (NB/L),Front to Front,Rain,Wet,Daylight,Traffic Control Signal,"Not Suspect of Alcohol Use, Not Suspect of Drug Use",Yes,No Apparent Injury,Not Distracted,MD,Passenger Car,35,2005.0,Buick,CENTURY,12,Sunday,1
MCP2934001N,16030835,Montgomery County Police,Property Damage Crash,2016-06-18 10:38:00,County,PERSIMMON TREE RD,PERSIMMON TREE LA,SAME DIRECTION SIDESWIPE,CLEAR,DRY,DAYLIGHT,NO CONTROLS,NONE DETECTED,Yes,No Apparent Injury,OTHER DISTRACTION,MD,School Bus,25,2016.0,Bluebird,BUS,10,Saturday,6
MCP3358002W,250016932,MONTGOMERY,Property Damage Crash,2025-04-18 18:41:00,Unknown,Unknown,Unknown,Rear To Rear,Clear,Unknown,Daylight,Unknown,"Unknown, Unknown",No,Unknown,Unknown,Unknown,Passenger Car,0,2005.0,Chevrolet,MALIBU,18,Friday,4
MCP1378017N,240009547,MONTGOMERY,Property Damage Crash,2024-02-27 13:45:00,Maryland (State) Route,GEORGIA AVE,CAMERON ST,Angle,Cloudy,Dry,Daylight,No Controls,"Not Suspect of Alcohol Use, Not Suspect of Drug Use",No,No Apparent Injury,Not Distracted,MD,Sport Utility Vehicle,35,2009.0,Toyota,HIGHLANDER,13,Tuesday,2
MCP29590028,17006602,Montgomery County Police,Injury Crash,2017-02-07 06:53:00,Maryland (State),VEIRS MILL RD,SCHOOLHOUSE CIR,SINGLE VEHICLE,Unknown,DRY,DAWN,NO CONTROLS,NONE DETECTED,Yes,Suspected Minor Injury,OTHER DISTRACTION,MD,Passenger Car,40,1998.0,Toyota,AVALON,6,Tuesday,2
MCP1378009R,16025594,Montgomery County Police,Property Damage Crash,2016-05-23 12:03:00,County,GOSHEN RD,EAST VILLAGE AVE,STRAIGHT MOVEMENT ANGLE,CLOUDY,DRY,DAYLIGHT,TRAFFIC SIGNAL,NONE DETECTED,Yes,No Apparent Injury,LOOKED BUT DID NOT SEE,MD,(Sport) Utility Vehicle,35,2005.0,Toyt,HIGHLANDER,12,Monday,5
MCP2966004P,180039234,Montgomery County Police,Property Damage Crash,2018-08-07 15:00:00,County,RANDOLPH RD,DALEWOOD DR,SAME DIRECTION SIDESWIPE,Unknown,DRY,DAYLIGHT,NO CONTROLS,NONE DETECTED,No,No Apparent Injury,NOT DISTRACTED,DC,Passenger Car,35,2018.0,Ford,TK,15,Tuesday,8
MCP30120018,16047527,Montgomery County Police,Property Damage Crash,2016-09-16 09:23:00,County,RANDOLPH RD,NEW HAMPSHIRE AVE,SAME DIR REAR END,CLEAR,DRY,DAYLIGHT,NO CONTROLS,NONE DETECTED,No,No Apparent Injury,NOT DISTRACTED,MD,Passenger Car,40,2007.0,Toyta,PRIS,9,Friday,9
MCP2723003N,180039495,Montgomery County Police,Property Damage Crash,2018-08-09 08:15:00,Maryland (State),NEW HAMPSHIRE AVE,GOLD MINE RD,STRAIGHT MOVEMENT ANGLE,CLEAR,DRY,DAYLIGHT,STOP SIGN,Unknown,Yes,No Apparent Injury,LOOKED BUT DID NOT SEE,MD,Passenger Car,40,2016.0,Volkswagon,TIGUAN,8,Thursday,8
DM8370000C,16027385,Takoma Park Police Depart,Property Damage Crash,2016-06-06 16:56:00,Maryland (State),PINEY BRANCH RD,PHILADELPHIA AVE,SAME DIR REAR END,CLEAR,DRY,DAYLIGHT,NO CONTROLS,Unknown,No,No Apparent Injury,NOT DISTRACTED,MD,Passenger Car,35,2005.0,Toyota,SEDAN,16,Monday,6
MCP30160051,240023468,MONTGOMERY,Property Damage Crash,2024-05-18 11:00:00,Unknown,Unknown,Unknown,Other,Rain,Unknown,Daylight,Unknown,"Unknown, Unknown",No,No Apparent Injury,Unknown,Unknown,Other,0,2012.0,Ford,UNKNOWN,11,Saturday,5
MCP137800M8,180043086,Montgomery County Police,Property Damage Crash,2018-08-29 16:48:00,Maryland (State),KEY WEST AVE,GREAT SENECA HWY,SAME DIR REAR END,CLEAR,DRY,DAYLIGHT,Unknown,NONE DETECTED,Yes,No Apparent Injury,NOT DISTRACTED,MD,Passenger Car,40,1996.0,Honda,ACCORD,16,Wednesday,8
MCP1213003H,170548802,Montgomery County Police,Property Damage Crash,2017-12-15 16:16:00,Maryland (State),GEORGIA AVE,EMORY CHURCH RD,STRAIGHT MOVEMENT ANGLE,SNOW,WET,DAYLIGHT,TRAFFIC SIGNAL,NONE DETECTED,Yes,No Apparent Injury,NOT DISTRACTED,MD,Snowmobile,45,2014.0,Chev,SU,16,Friday,12
MCP32370009,200009277,Montgomery County Police,Property Damage Crash,2020-02-26 01:06:00,Maryland (State),S FREDERICK RD,E DEER PARK DR,SINGLE VEHICLE,CLEAR,DRY,DARK LIGHTS ON,NO CONTROLS,ALCOHOL CONTRIBUTED,Yes,No Apparent Injury,OTHER DISTRACTION,MD,Passenger Car,35,2016.0,Dodge,CHARGER,1,Wednesday,2
EJ7853000Q,15028394,Gaithersburg Police Depar,Injury Crash,2015-06-11 15:24:00,County,DIAMONDBACK DR,SAM EIG HWY,SAME DIR REAR END,CLEAR,DRY,DAYLIGHT,TRAFFIC SIGNAL,NONE DETECTED,No,Suspected Minor Injury,NOT DISTRACTED,MD,Passenger Car,30,2014.0,Chevrolet,CRUZE LTZ,15,Thursday,6
MCP2719001C,16064400,Montgomery County Police,Injury Crash,2016-12-15 16:43:00,Maryland (State),UNIVERSITY BLVD W,EAST AVE,HEAD ON LEFT TURN,CLEAR,DRY,DAYLIGHT,TRAFFIC SIGNAL,Unknown,No,No Apparent Injury,NOT DISTRACTED,MD,Passenger Car,25,2001.0,Chev,4S,16,Thursday,12
MCP29520024,16030607,Montgomery County Police,Property Damage Crash,2016-06-17 09:44:00,County,FRANKLIN AVE,GARWOOD ST,OTHER,CLEAR,DRY,DAYLIGHT,NO CONTROLS,NONE DETECTED,Yes,No Apparent Injury,LOOKED BUT DID NOT SEE,MD,Passenger Car,30,2000.0,Toyota,SIENNA,9,Friday,6
MCP2191001L,16064831,Montgomery County Police,Property Damage Crash,2016-12-18 05:51:00,Maryland (State),CONNECTICUT AVE,RAMP 7 FR RAMP 2 (FR IS495) TO MD 185 SB,SAME DIR REAR END,CLEAR,WET,DARK LIGHTS ON,Unknown,NONE DETECTED,No,No Apparent Injury,NOT DISTRACTED,MD,Passenger Car,35,2011.0,Hond,TK,5,Sunday,12
MCP93180015,200030869,Montgomery County Police,Property Damage Crash,2020-08-08 20:28:00,County,LOCKWOOD DR,COLUMBIA PIKE,SAME DIRECTION SIDESWIPE,CLEAR,DRY,DARK LIGHTS ON,NO CONTROLS,NONE DETECTED,Unknown,No Apparent Injury,NOT DISTRACTED,MD,Passenger Car,45,2018.0,Infiniti,Q90,20,Saturday,8
MCP2764000S,15033909,MONTGOMERY,Injury Crash,2015-07-10 21:24:00,Maryland (State),UNIVERSITY BLVD W,VALLEY VIEW AVE,SAME DIR REAR END,CLEAR,DRY,DARK LIGHTS ON,TRAFFIC SIGNAL,NONE DETECTED,No,Possible Injury,NOT DISTRACTED,MD,Passenger Car,35,2005.0,Hond,4S,21,Friday,7
MCP2907001W,180001589,Montgomery County Police,Property Damage Crash,2018-01-10 22:39:00,County,EDSON LA,WOODGLEN DR,SINGLE VEHICLE,CLEAR,DRY,DARK LIGHTS ON,NO CONTROLS,ALCOHOL PRESENT,Yes,No Apparent Injury,NOT DISTRACTED,MD,Passenger Car,25,2016.0,Vw,PASSAT SE,22,Wednesday,1
MCP2298012P,230011219,Montgomery County Police,Injury Crash,2023-03-07 16:00:00,US (State),COLUMBIA PIKE,HOWARD CO/L,SAME DIR REAR END,CLEAR,DRY,DAYLIGHT,NO CONTROLS,NONE DETECTED,No,No Apparent Injury,NOT DISTRACTED,MD,Passenger Car,55,2022.0,Ford,MUSTANG E,16,Tuesday,3
MCP28880025,230053892,Montgomery County Police,Injury Crash,2023-08-09 23:14:00,Maryland (State),HUNGERFORD DR,COLLEGE PKWY,SAME DIR REAR END,Unknown,DRY,DARK LIGHTS ON,TRAFFIC SIGNAL,Unknown,No,No Apparent Injury,NOT DISTRACTED,MD,Passenger Car,40,2016.0,Honda,ACCORD,23,Wednesday,8
EJ7857001C,170518185,Gaithersburg Police Depar,Property Damage Crash,2017-07-09 21:45:00,Municipality,W DEER PARK RD,BUTTRY RD,SINGLE VEHICLE,CLEAR,DRY,DARK LIGHTS ON,OTHER,UNKNOWN,Yes,No Apparent Injury,UNKNOWN,Unknown,Passenger Car,25,2001.0,Saturn,4S,21,Sunday,7
MCP31700042,250009343,MONTGOMERY,Injury Crash,2025-03-03 14:53:00,Ramp,RAMP 3 FR MD 118 EB TO RAMP 2 (TO IS270),Unknown,Front to Front,Clear,Dry,Daylight,Traffic Control Signal,"Not Suspect of Alcohol Use, Not Suspect of Drug Use",No,Possible Injury,Not Distracted,MD,Passenger Car,40,2012.0,Honda,CIVIC,14,Monday,3
MCP2603005G,230054186,Montgomery County Police,Injury Crash,2023-09-11 07:40:00,Maryland (State),FREDERICK RD,HIGH POINT DR,SAME DIR REAR END,RAINING,WET,DAYLIGHT,Unknown,Unknown,Yes,Possible Injury,NOT DISTRACTED,MD,Passenger Car,35,2020.0,Kia,UT,7,Monday,9
MCP3264002W,220023533,Montgomery County Police,Injury Crash,2022-06-02 10:22:00,Maryland (State),GEORGIA AVE,BELVEDERE BLVD,SAME DIR REAR END,CLEAR,DRY,DAYLIGHT,NO CONTROLS,NONE DETECTED,No,Suspected Minor Injury,NOT DISTRACTED,MD,Passenger Car,35,2018.0,Ford,TK,10,Thursday,6
MCP2440001J,230073642,Montgomery County Police,Property Damage Crash,2023-12-26 10:29:00,Unknown,Unknown,Unknown,OPPOSITE DIRECTION SIDESWIPE,RAINING,Unknown,DAYLIGHT,Unknown,NONE DETECTED,Yes,No Apparent Injury,UNKNOWN,XX,Passenger Car,15,2008.0,Nissan,ROGUE,10,Tuesday,12
MCP28720020,170532863,Montgomery County Police,Property Damage Crash,2017-09-24 15:05:00,County,SHADY GROVE RD,MIDCOUNTY HWY,SAME DIR REAR END,CLEAR,DRY,DAYLIGHT,Unknown,NONE DETECTED,Yes,No Apparent Injury,NOT DISTRACTED,VA,Van,45,2011.0,Honda,ODYSSEY,15,Sunday,9
MCP3255004X,230065662,Montgomery County Police,Injury Crash,2023-11-10 17:50:00,County,CONTOUR RD,LOST KNIFE RD,HEAD ON LEFT TURN,CLEAR,WET,DARK LIGHTS ON,TRAFFIC SIGNAL,NONE DETECTED,No,No Apparent Injury,NOT DISTRACTED,MD,Passenger Car,35,2017.0,Toyt,TK,17,Friday,11
MCP2291001W,170523908,Montgomery County Police,Injury Crash,2017-08-09 15:19:00,Maryland (State),EAST WEST HWY,16TH ST,HEAD ON LEFT TURN,CLEAR,DRY,DAYLIGHT,TRAFFIC SIGNAL,NONE DETECTED,No,Possible Injury,NOT DISTRACTED,MD,Passenger Car,35,2004.0,Toyota,COROLLA,15,Wednesday,8
MCP2878002Z,170523717,Montgomery County Police,Injury Crash,2017-08-08 18:40:00,County,CLARKSBURG RD,OVERLOOK PARK DR,SAME DIR REAR END,CLEAR,DRY,DAYLIGHT,NO CONTROLS,NONE DETECTED,Yes,No Apparent Injury,UNKNOWN,MD,Passenger Car,40,2016.0,Toyota,PRIUS,18,Tuesday,8
MCP9366001Y,250054383,MONTGOMERY,Property Damage Crash,2025-12-05 05:00:00,Maryland (State) Route,NEW HAMPSHIRE AVE,BROOKE RD,Single Vehicle,Clear,Dry,Dark - Lighted,No Controls,"Not Suspect of Alcohol Use, Not Suspect of Drug Use",Yes,No Apparent Injury,Unknown,MD,Sport Utility Vehicle,35,2019.0,Honda,CR-V,5,Friday,12
MCP3378000H,230049697,Montgomery County Police,Property Damage Crash,2023-08-16 07:00:00,Maryland (State),GEORGIA AVE,RANDOLPH RD,SAME DIRECTION SIDESWIPE,CLEAR,DRY,DAYLIGHT,TRAFFIC SIGNAL,NONE DETECTED,No,No Apparent Injury,NOT DISTRACTED,MD,Pickup Truck,40,2012.0,Ford,250,7,Wednesday,8