Report Number,Local Case Number,Agency Name,ACRS Report Type,Crash Date/Time,Route Type,Road Name,Cross-Street Name,Collision Type,Weather,Surface Condition,Light,Traffic Control,Driver Substance Abuse,Driver At Fault,Injury Severity,Driver Distracted By,Drivers License State,Vehicle Body Type,Speed Limit,Vehicle Year,Vehicle Make,Vehicle Model,Crash Hour,Crash Day,Crash Month
MCP2947001D,15065906,MONTGOMERY,Property Damage Crash,2015-12-24 06:20:00,Maryland (State),VEIRS MILL RD,RANDOLPH RD,HEAD ON LEFT TURN,RAINING,WET,DARK LIGHTS ON,TRAFFIC SIGNAL,NONE DETECTED,Yes,No Apparent Injury,INATTENTIVE OR LOST IN THOUGHT,MD,Pickup Truck,45,2002.0,Ford,TK,6,Thursday,12
MCP3010007L,220050586,Montgomery County Police,Injury Crash,2022-11-16 07:58:00,Maryland (State),STRATHMORE AVE,MONTROSE AVE,SAME DIR REAR END,CLEAR,WET,DAYLIGHT,NO CONTROLS,Unknown,No,No Apparent Injury,NOT DISTRACTED,MD,Passenger Car,30,2018.0,Toyota,COROLLA,7,Wednesday,11
MCP3079001G,180058959,Montgomery County Police,Injury Crash,2018-11-25 14:56:00,Maryland (State),FREDERICK RD,GUNNERS BRANCH RD,HEAD ON LEFT TURN,CLEAR,DRY,DAYLIGHT,TRAFFIC SIGNAL,NONE DETECTED,Yes,No Apparent Injury,NOT DISTRACTED,MD,Passenger Car,40,2018.0,Subaru,CROSSTREK,14,Sunday,11
MCP2967002Q,170547200,Montgomery County Police,Property Damage Crash,2017-12-07 16:30:00,County,NEBEL ST,MARINELLI RD,OPPOSITE DIRECTION SIDESWIPE,CLEAR,DRY,DAYLIGHT,NO CONTROLS,Unknown,Yes,No Apparent Injury,LOOKED BUT DID NOT SEE,MD,Passenger Car,30,2007.0,Nissan,ALTIMA,16,Thursday,12
MCP2526000J,15052592,MONTGOMERY,Property Damage Crash,2015-10-16 18:10:00,County,WHITES FERRY RD,RIVER RD,SINGLE VEHICLE,CLEAR,DRY,DAYLIGHT,NO CONTROLS,NONE DETECTED,Yes,No Apparent Injury,NOT DISTRACTED,VA,Passenger Car,25,2008.0,Hyundai,SONATA,18,Friday,10
DD5598003F,190053600,Rockville Police Departme,Injury Crash,2019-11-07 07:40:00,Municipality,MARYLAND AVE,S WASHINGTON ST,OTHER,CLOUDY,DRY,DAYLIGHT,OTHER,Unknown,Yes,No Apparent Injury,LOOKED BUT DID NOT SEE,MD,Passenger Car,25,2018.0,Niss,SENTRA,7,Thursday,11
EJ78510055,190053323,Gaithersburg Police Depar,Injury Crash,2019-11-05 17:10:00,County,DIAMONDBACK DR,SAM EIG HWY,SAME DIR REAR END,CLEAR,DRY,DARK LIGHTS ON,NO CONTROLS,NONE DETECTED,Yes,Possible Injury,INATTENTIVE OR LOST IN THOUGHT,MD,Passenger Car,25,2014.0,Gmc,TERRAIN,17,Tuesday,11
MCP2641002D,220018166,Montgomery County Police,Property Damage Crash,2022-04-29 10:13:00,County,MIDDLEBROOK RD,OBSERVATION DR,SAME DIR REAR END,CLEAR,DRY,DAYLIGHT,Unknown,NONE DETECTED,Yes,No Apparent Injury,UNKNOWN,MD,Passenger Car,40,2010.0,Toyota,COROLLA,10,Friday,4
MCP30440050,220001167,Montgomery County Police,Property Damage Crash,2022-01-10 17:44:00,County,OLD COLUMBIA PIKE,BURTONSVILLE SCH ACCESS RD (AHEAD),SAME DIRECTION SIDESWIPE,Unknown,DRY,DARK LIGHTS ON,NO CONTROLS,NONE DETECTED,No,No Apparent Injury,NOT DISTRACTED,MD,(Sport) Utility Vehicle,35,2020.0,Jeep,CHEROKEE,17,Monday,1
MCP1021000P,200024854,Montgomery County Police,Property Damage Crash,2020-06-25 22:14:00,County,ZION RD,BROOKEVILLE RD,SINGLE VEHICLE,FOGGY,WET,DARK LIGHTS ON,Unknown,Unknown,Yes,No Apparent Injury,NOT DISTRACTED,MD,Pickup Truck,30,2010.0,Dodge,RAM,22,Thursday,6
MCP2875007B,230030594,Montgomery County Police,Property Damage Crash,2023-06-26 16:57:00,Maryland (State),WOODFIELD RD,ROSEWOOD MANOR LA,SAME DIR REAR END,CLEAR,DRY,DAYLIGHT,NO CONTROLS,Unknown,No,No Apparent Injury,NOT DISTRACTED,SC,(Sport) Utility Vehicle,45,2017.0,Gmc,ACADIA,16,Monday,6
MCP2656001R,170509262,Montgomery County Police,Property Damage Crash,2017-05-22 16:10:00,Maryland (State),SPENCERVILLE RD,OURSLER RD,SAME DIR REAR END,CLEAR,DRY,DAYLIGHT,Unknown,NONE DETECTED,No,No Apparent Injury,NOT DISTRACTED,MD,Passenger Car,40,2015.0,Toyota,RAV 4,16,Monday,5
MCP33760006,230000783,Montgomery County Police,Injury Crash,2023-01-05 17:37:00,Other Public Roadway,SPARTAN RD,MARKSMAN CIR,STRAIGHT MOVEMENT ANGLE,CLEAR,DRY,DARK NO LIGHTS,STOP SIGN,NONE DETECTED,Yes,No Apparent Injury,LOOKED BUT DID NOT SEE,MD,Passenger Car,30,2015.0,Hond,4S,17,Thursday,1
MCP242500CL,180041393,Montgomery County Police,Property Damage Crash,2018-08-20 12:19:00,Unknown,Unknown,Unknown,SINGLE VEHICLE,CLEAR,Unknown,DAYLIGHT,Unknown,NONE DETECTED,Yes,No Apparent Injury,UNKNOWN,MD,Passenger Car,0,2001.0,Cadillac,STS,12,Monday,8
MCP25880061,190037615,Montgomery County Police,Property Damage Crash,2019-08-07 09:20:00,County,SHERATON ST,LIVINGSTON ST,OTHER,CLEAR,DRY,DAYLIGHT,NO CONTROLS,Unknown,Yes,No Apparent Injury,UNKNOWN,Unknown,Passenger Car,25,1989.0,Honda,CIVIC,9,Wednesday,8
EJ77800007,17001211,Gaithersburg Police Depar,Property Damage Crash,2017-01-07 18:45:00,Unknown,Unknown,Unknown,OTHER,CLEAR,Unknown,DARK LIGHTS ON,NO CONTROLS,UNKNOWN,Yes,No Apparent Injury,UNKNOWN,MD,Passenger Car,5,2008.0,Ford,FOCUS,18,Saturday,1
MCP2717007C,16044731,Montgomery County Police,Injury Crash,2016-09-01 19:04:00,Maryland (State),CONNECTICUT AVE,RAMP 2 FR IS 495 WB TO MD 185 NB,SAME DIR REAR END,RAINING,WET,DAYLIGHT,NO CONTROLS,NONE DETECTED,No,Suspected Minor Injury,NOT DISTRACTED,MD,(Sport) Utility Vehicle,35,2012.0,Mercedez Benz,ML350,19,Thursday,9
DD5583004V,190006972,Rockville Police Departme,Property Damage Crash,2019-02-13 08:08:00,Municipality,OAK KNOLL DR,CASEY LA,SAME DIRECTION SIDESWIPE,CLEAR,DRY,DAYLIGHT,Unknown,NONE DETECTED,Yes,No Apparent Injury,NOT DISTRACTED,MD,Van,25,2016.0,Ford,VN,8,Wednesday,2
MCP1235003N,220000712,Montgomery County Police,Property Damage Crash,2022-01-06 19:04:00,Interstate (State),CAPITAL BELTWAY,RAMP 7 FR IS 495 WB TO MD 650 SB,SAME DIRECTION RIGHT TURN,CLOUDY,DRY,DARK LIGHTS ON,NO CONTROLS,NONE DETECTED,Yes,No Apparent Injury,NOT DISTRACTED,XX,Passenger Car,55,2009.0,Toyota,RAV4,19,Thursday,1
MCP3307003B,250050225,MONTGOMERY,Property Damage Crash,2025-11-08 14:02:00,Unknown,Unknown,Unknown,Rear To Rear,Clear,Unknown,Daylight,Unknown,"Not Suspect of Alcohol Use, Not Suspect of Drug Use",No,No Apparent Injury,Not Distracted,MD,Pickup,0,2024.0,Ford,F-150,14,Saturday,11
MCP30790055,230026391,Montgomery County Police,Injury Crash,2023-06-01 19:49:00,Maryland (State),CLOPPER RD,LIBERTY MILL RD,ANGLE MEETS LEFT TURN,CLEAR,DRY,DAYLIGHT,Unknown,NONE DETECTED,No,Possible Injury,NOT DISTRACTED,MD,Passenger Car,30,2017.0,Toyota,SIENNA,19,Thursday,6
EJ7914000S,250036691,GAITHERSBURG,Property Damage Crash,2025-08-17 03:28:00,Unknown,Unknown,Unknown,Angle,Clear,Unknown,Dark - Lighted,Unknown,"Suspect of Alcohol Use, Not Suspect of Drug Use",Yes,No Apparent Injury,Unknown,MD,Passenger Car,0,2015.0,Jeep,CHEROKEE,3,Sunday,8
MCP3271005X,250040493,MONTGOMERY,Property Damage Crash,2025-09-09 14:19:00,Maryland (State) Route,CONNECTICUT AVE,Unknown,"Sideswipe, Same Direction",Clear,Dry,Daylight,Traffic Control Signal,"Not Suspect of Alcohol Use, Not Suspect of Drug Use",Yes,No Apparent Injury,Unknown,MD,Other Trucks,35,2025.0,Ford,F-450,14,Tuesday,9
MCP94190058,240031181,MONTGOMERY,Property Damage Crash,2024-07-02 09:13:00,Maryland (State) Route,MONTROSE RD,Unknown,"Sideswipe, Same Direction",Clear,Dry,Daylight,No Controls,"Not Suspect of Alcohol Use, Not Suspect of Drug Use",No,No Apparent Injury,Not Distracted,MD,Sport Utility Vehicle,40,2022.0,Honda,PASSPORT,9,Tuesday,7
DD55390024,190000733,Rockville Police Departme,Injury Crash,2019-01-05 00:50:00,Maryland (State),ROCKVILLE PIKE,W EDMONSTON DR,STRAIGHT MOVEMENT ANGLE,RAINING,WET,DARK LIGHTS ON,TRAFFIC SIGNAL,NONE DETECTED,Yes,No Apparent Injury,UNKNOWN,MD,Passenger Car,40,2009.0,Chevy,IMPALA,0,Saturday,1
DM8445000Y,16024839,Takoma Park Police Depart,Property Damage Crash,2016-05-19 10:07:00,Maryland (State),UNIVERSITY BLVD E,CROSSOVER,SAME DIR REAR END,CLEAR,Unknown,DAYLIGHT,UNKNOWN,NONE DETECTED,Unknown,No Apparent Injury,UNKNOWN,DC,Passenger Car,35,2012.0,Ford,FUSION,10,Thursday,5
MCP2987003K,180026910,Montgomery County Police,Property Damage Crash,2018-06-01 09:56:00,Maryland (State),NEW HAMPSHIRE AVE,OAKVIEW DR,SAME DIR REAR END,CLEAR,DRY,DAYLIGHT,TRAFFIC SIGNAL,NONE DETECTED,Yes,No Apparent Injury,NOT DISTRACTED,MD,Passenger Car,40,2006.0,Honda,CIVIC,9,Friday,6
MCP2348005N,190050500,Montgomery County Police,Property Damage Crash,2019-10-21 14:41:00,Unknown,Unknown,Unknown,SAME DIRECTION SIDESWIPE,CLEAR,Unknown,DAYLIGHT,Unknown,NONE DETECTED,No,No Apparent Injury,NOT DISTRACTED,MD,Ambulance/Emergency,0,2011.0,Ford,AM,14,Monday,10
DD5620009J,230016439,Rockville Police Departme,Property Damage Crash,2023-04-06 12:46:00,Maryland (State),E JEFFERSON ST,MONROE ST,OTHER,CLEAR,DRY,DAYLIGHT,TRAFFIC SIGNAL,NONE DETECTED,Yes,No Apparent Injury,NOT DISTRACTED,MD,Transit Bus,30,2014.0,Gillig,BUS,12,Thursday,4
DM8515001C,250018356,TAKOMA,Property Damage Crash,2025-04-27 20:31:00,Maryland (State) Route,Unknown,ELM AVE,Other,Clear,Dry,Dark - Lighted,No Controls,"Not Suspect of Alcohol Use, Not Suspect of Drug Use",No,No Apparent Injury,Not Distracted,DC,Passenger Car,25,2012.0,Toyota,YARIS,20,Sunday,4
MCP29620076,230009723,Montgomery County Police,Injury Crash,2023-02-27 09:09:00,Unknown,Unknown,Unknown,SINGLE VEHICLE,CLEAR,Unknown,DAYLIGHT,NO CONTROLS,NONE DETECTED,Yes,No Apparent Injury,LOOKED BUT DID NOT SEE,MD,Passenger Car,15,2012.0,Nissan,ALTIMA,9,Monday,2
MCP2008008C,210019794,Montgomery County Police,Injury Crash,2021-05-25 17:52:00,County,TILDEN LA,FARMLAND DR,STRAIGHT MOVEMENT ANGLE,CLEAR,DRY,DAYLIGHT,STOP SIGN,NONE DETECTED,No,No Apparent Injury,NOT DISTRACTED,MD,Passenger Car,25,2019.0,Toyot,RAV4,17,Tuesday,5
MCP3125001V,190047967,Montgomery County Police,Property Damage Crash,2019-10-01 16:10:00,Maryland (State),W MONTGOMERY AVE,SHADY GROVE RD,SAME DIRECTION LEFT TURN,CLEAR,DRY,DAYLIGHT,NO CONTROLS,NONE DETECTED,No,No Apparent Injury,NOT DISTRACTED,MD,Passenger Car,45,2014.0,Audi,4S,16,Tuesday,10
MCP2859006F,190005475,Montgomery County Police,Property Damage Crash,2019-02-04 11:00:00,County,MUDDY BRANCH RD,WEST SIDE DR,HEAD ON LEFT TURN,CLEAR,DRY,DAYLIGHT,TRAFFIC SIGNAL,NONE DETECTED,No,No Apparent Injury,NOT DISTRACTED,MD,Passenger Car,45,2017.0,Niss,MURANO,11,Monday,2
MCP137800GR,170505696,Montgomery County Police,Property Damage Crash,2017-05-03 15:33:00,Maryland (State),QUINCE ORCHARD RD,EISENHOWER MEMORIAL HWY,SAME DIRECTION SIDESWIPE,CLEAR,DRY,DAYLIGHT,TRAFFIC SIGNAL,NONE DETECTED,Yes,No Apparent Injury,NOT DISTRACTED,MD,Police Vehicle/Emergency,35,2010.0,Chevrolet,IMPALA,15,Wednesday,5
MCP2195006M,240027729,MONTGOMERY,Property Damage Crash,2024-06-11 08:35:00,Maryland (State) Route,FREDERICK RD,Unknown,Front to Rear,Cloudy,Dry,Daylight,No Controls,"Not Suspect of Alcohol Use, Not Suspect of Drug Use",No,No Apparent Injury,Not Distracted,MD,Sport Utility Vehicle,40,2017.0,Chrysler,PACIFICA,8,Tuesday,6
MCP1382004C,180037863,Montgomery County Police,Property Damage Crash,2018-07-31 07:36:00,County,FLOWER AVE,E HAMILTON AVE,SAME DIRECTION SIDESWIPE,CLOUDY,DRY,DAYLIGHT,NO CONTROLS,NONE DETECTED,Yes,No Apparent Injury,NOT DISTRACTED,MD,Passenger Car,30,2005.0,Toyt,4S AVALON,7,Tuesday,7
DD5610007P,230012984,Rockville Police Departme,Property Damage Crash,2023-03-17 13:13:00,Municipality,BONNIBELLE PL,WATKINS CIR,OTHER,RAINING,WET,DAYLIGHT,NO CONTROLS,Unknown,Yes,No Apparent Injury,UNKNOWN,PA,Fire Vehicle/Emergency,10,2008.0,Spar,TRUCK,13,Friday,3
MCP30910040,230025445,Montgomery County Police,Injury Crash,2023-05-27 09:44:00,County,CRABBS BRANCH WAY,INDIANOLA DR,SAME DIRECTION RIGHT TURN,CLEAR,DRY,DAYLIGHT,TRAFFIC SIGNAL,Unknown,No,Possible Injury,NOT DISTRACTED,MD,Passenger Car,35,2019.0,Mazda,3,9,Saturday,5
MCP26070015,15057993,MONTGOMERY,Property Damage Crash,2015-11-13 16:12:00,Unknown,Unknown,Unknown,STRAIGHT MOVEMENT ANGLE,CLEAR,Unknown,DAYLIGHT,NO CONTROLS,NONE DETECTED,No,No Apparent Injury,NOT DISTRACTED,MD,Passenger Car,10,2015.0,Toyota,CAMRY,16,Friday,11
DD5522003P,180001224,Rockville Police Departme,Property Damage Crash,2018-01-09 03:03:00,Municipality,LONG TRAIL TERR,NATURE LA,SAME DIRECTION SIDESWIPE,WINTRY MIX,ICE,DARK LIGHTS ON,NO CONTROLS,NONE DETECTED,Yes,No Apparent Injury,NOT DISTRACTED,MD,"Medium/Heavy Trucks 3 Axles (Over 10,000Lbs (4,536Kg))",25,2005.0,Chevrolet,C8500,3,Tuesday,1
MCP2683000H,15002883,Montgomery County Police,Injury Crash,2015-01-18 11:49:00,Maryland (State),S FREDERICK RD,S SUMMIT AVE,HEAD ON LEFT TURN,RAINING,WET,DAYLIGHT,TRAFFIC SIGNAL,NONE DETECTED,Yes,No Apparent Injury,LOOKED BUT DID NOT SEE,MD,Passenger Car,30,1996.0,Hond,4S,11,Sunday,1
MCP91130068,200026076,Montgomery County Police,Injury Crash,2020-07-05 14:37:00,County,KAYSON ST,GEORGIA AVE,OTHER,CLEAR,DRY,DAYLIGHT,STOP SIGN,NONE DETECTED,No,No Apparent Injury,NOT DISTRACTED,MD,Passenger Car,25,2010.0,Honda,ACCORD,14,Sunday,7
MCP2715000Q,15045394,MONTGOMERY,Property Damage Crash,2015-09-08 18:19:00,Maryland (State),SANDY SPRING RD,MCKNEW RD,OTHER,CLEAR,DRY,DAYLIGHT,TRAFFIC SIGNAL,NONE DETECTED,No,No Apparent Injury,NOT DISTRACTED,MD,Pickup Truck,50,2000.0,Chev,SILVERADO,18,Tuesday,9
MCP12130089,230058126,Montgomery County Police,Property Damage Crash,2023-10-02 16:55:00,Maryland (State),LAYHILL RD,SPUR FR NORBECK RD,STRAIGHT MOVEMENT ANGLE,CLEAR,DRY,DAYLIGHT,TRAFFIC SIGNAL,NONE DETECTED,No,No Apparent Injury,NOT DISTRACTED,MD,Van,40,2004.0,Ford,E250,16,Monday,10
MCP1064003S,15066936,Montgomery County Police,Injury Crash,2015-12-30 13:19:00,US (State),COLUMBIA PIKE,GREENCASTLE RD,SAME DIR REAR END,CLOUDY,DRY,DAYLIGHT,TRAFFIC SIGNAL,Unknown,No,Possible Injury,NOT DISTRACTED,MD,(Sport) Utility Vehicle,55,2008.0,Mazda,CX9,13,Wednesday,12
MCP31110044,210038185,Montgomery County Police,Injury Crash,2021-09-27 08:37:00,Maryland (State),ROCKVILLE PIKE,FLANDERS AVE,STRAIGHT MOVEMENT ANGLE,CLEAR,DRY,DAYLIGHT,STOP SIGN,NONE DETECTED,No,No Apparent Injury,NOT DISTRACTED,MD,Passenger Car,40,2008.0,Hond,CIVIC,8,Monday,9
MCP34520014,250029229,MONTGOMERY,Property Damage Crash,2025-06-06 14:14:00,Maryland (State) Route,UNIVERSITY BLVD W (WB/L),Unknown,Angle,Clear,Dry,Daylight,Traffic Control Signal,"Not Suspect of Alcohol Use, Not Suspect of Drug Use",No,No Apparent Injury,Unknown,MD,Bus - Transit,35,2013.0,New Flyer,XCELSIOR,14,Friday,6
MCP10220034,15048421,MONTGOMERY,Injury Crash,2015-09-24 11:30:00,Maryland (State),RIDGE RD,BRINK RD,OTHER,CLEAR,DRY,DAYLIGHT,NO CONTROLS,NONE DETECTED,No,Suspected Serious Injury,NOT DISTRACTED,MD,Motorcycle,40,2010.0,Yamaha,FZ1,11,Thursday,9
MCP3144002S,240033460,MONTGOMERY,Property Damage Crash,2024-07-15 21:15:00,Maryland (State) Route,BROOKVILLE RD,Unknown,Front to Front,Clear,Dry,Dark - Lighted,Yield Sign,"Not Suspect of Alcohol Use, Not Suspect of Drug Use",Yes,No Apparent Injury,Not Distracted,Unknown,Passenger Car,25,2019.0,Toyota,COROLLA,21,Monday,7
MCP3126003S,220047426,Montgomery County Police,Property Damage Crash,2022-10-28 18:30:00,Maryland (State),FREDERICK RD,SHAKESPEARE BLVD,STRAIGHT MOVEMENT ANGLE,CLEAR,DRY,DARK LIGHTS ON,TRAFFIC SIGNAL,NONE DETECTED,Yes,No Apparent Injury,LOOKED BUT DID NOT SEE,MD,Passenger Car,40,2019.0,Hond,4S,18,Friday,10
DD56440030,230010447,Rockville Police Departme,Property Damage Crash,2023-03-02 20:25:00,Municipality,N WASHINGTON ST,E MIDDLE LA,HEAD ON,CLEAR,DRY,DARK LIGHTS ON,TRAFFIC SIGNAL,NONE DETECTED,Yes,No Apparent Injury,LOOKED BUT DID NOT SEE,MD,(Sport) Utility Vehicle,25,2017.0,Mazd,SUV,20,Thursday,3
MCP9301001D,170512873,Montgomery County Police,Injury Crash,2017-06-10 10:57:00,County,DIAMONDBACK DR,KEY WEST AVE,STRAIGHT MOVEMENT ANGLE,CLEAR,DRY,DAYLIGHT,TRAFFIC SIGNAL,NONE DETECTED,Yes,Suspected Minor Injury,NOT DISTRACTED,MD,Passenger Car,45,2015.0,Toyo,CAMRY,10,Saturday,6
MCP3054000G,170530917,Montgomery County Police,Injury Crash,2017-09-16 08:43:00,County,SHADY GROVE RD,BRIARDALE RD,SAME DIR REAR END,CLEAR,DRY,DAYLIGHT,TRAFFIC SIGNAL,NONE DETECTED,No,Possible Injury,NOT DISTRACTED,MD,Passenger Car,45,2011.0,Toyota,CAMRY,8,Saturday,9
MCP2195000M,16014015,MONTGOMERY,Property Damage Crash,2016-03-22 12:50:00,Unknown,Unknown,Unknown,SAME DIR REAR END,CLEAR,Unknown,DAYLIGHT,STOP SIGN,NONE DETECTED,Yes,No Apparent Injury,NOT DISTRACTED,MD,"Other Light Trucks (10,000Lbs (4,536Kg) Or Less)",5,2014.0,Dodg,4S,12,Tuesday,3
MCP33810014,240026407,MONTGOMERY,Property Damage Crash,2024-06-03 19:13:00,County Route,COMUS RD,OLD HUNDRED RD,Angle,Clear,Dry,Daylight,No Controls,"Not Suspect of Alcohol Use, Not Suspect of Drug Use",No,No Apparent Injury,Not Distracted,MD,Passenger Car,30,2005.0,Subaru,OUTBACK,19,Monday,6
MCP3156001V,220013887,Montgomery County Police,Property Damage Crash,2022-04-01 12:57:00,Maryland (State),GEORGIA AVE,TILTON DR,SAME DIRECTION SIDESWIPE,CLEAR,DRY,DAYLIGHT,NO CONTROLS,NONE DETECTED,No,No Apparent Injury,NOT DISTRACTED,MD,Passenger Car,35,2014.0,Toyota,CAMRY,12,Friday,4
DD5508000Q,15004663,Rockville Police Departme,Injury Crash,2015-01-29 11:00:00,Service Road,N CAMPUS DR,W CAMPUS DR,SAME DIR REAR END,Unknown,DRY,DAYLIGHT,NO CONTROLS,NONE DETECTED,No,Suspected Minor Injury,NOT DISTRACTED,MD,Passenger Car,15,2001.0,Toyota,COROLLA,11,Thursday,1
DD5583001G,16031690,Rockville Police Departme,Injury Crash,2016-06-23 08:28:00,County,MONTROSE RD,NORTH FARM LA,SAME DIR REAR END,RAINING,WET,DAYLIGHT,TRAFFIC SIGNAL,NONE DETECTED,Yes,Suspected Minor Injury,NOT DISTRACTED,FL,Passenger Car,40,2009.0,Honda,ACCORD,8,Thursday,6
MCP2286000L,15049361,MONTGOMERY,Property Damage Crash,2015-09-29 13:55:00,Municipality,GAITHER RD,SADDLE RIDGE LA,SAME DIRECTION RIGHT TURN,CLEAR,DRY,DAYLIGHT,STOP SIGN,NONE DETECTED,Yes,No Apparent Injury,OTHER ELECTRONIC DEVICE (NAVIGATIONAL PALM PILOT),VA,Passenger Car,25,2007.0,Honda,ODDYSEY,13,Tuesday,9
MCP3362002Q,240010005,MONTGOMERY,Injury Crash,2024-03-01 08:01:00,US (State),COLESVILLE RD,Unknown,"Sideswipe, Same Direction",Clear,Dry,Daylight,Traffic Control Signal,"Not Suspect of Alcohol Use, Not Suspect of Drug Use",No,Suspected Minor Injury,Not Distracted,MD,Passenger Car,40,2016.0,Volvo,S60,8,Friday,3
DM8492001D,230006791,Takoma Park Police Depart,Property Damage Crash,2023-02-10 10:58:00,Maryland (State),NEW HAMPSHIRE AVE,LINDEN AVE,OTHER,CLEAR,DRY,DAYLIGHT,NO CONTROLS,Unknown,No,No Apparent Injury,NOT DISTRACTED,WA,Passenger Car,35,2011.0,Audi,TT,10,Friday,2
MCP3391001V,250013787,MONTGOMERY,Injury Crash,2025-03-30 03:00:00,Maryland (State) Route,GEORGIA AVE,Unknown,Angle,Clear,Dry,Dark - Lighted,No Controls,"Not Suspect of Alcohol Use, Not Suspect of Drug Use",No,No Apparent Injury,Not Distracted,MD,Passenger Car,25,2002.0,Honda,ACCORD,3,Sunday,3
MCP34040010,240023096,MONTGOMERY,Property Damage Crash,2024-05-16 10:24:00,Interstate (State),CAPITAL BELTWAY,Unknown,Front to Rear,Clear,Dry,Daylight,No Controls,"Not Suspect of Alcohol Use, Not Suspect of Drug Use",No,No Apparent Injury,Not Distracted,MD,Sport Utility Vehicle,55,2016.0,Mercedes-Benz,GL-CLASS,10,Thursday,5
MCP2797001C,16059511,Montgomery County Police,Property Damage Crash,2016-11-18 22:35:00,Maryland (State),GEORGIA AVE,RANDOLPH RD,HEAD ON LEFT TURN,CLEAR,DRY,DARK LIGHTS ON,TRAFFIC SIGNAL,NONE DETECTED,Yes,No Apparent Injury,LOOKED BUT DID NOT SEE,MD,Station Wagon,35,2008.0,Chev,TK,22,Friday,11
MCP3069000W,180034401,Montgomery County Police,Property Damage Crash,2018-07-12 04:53:00,Maryland (State),UNIVERSITY BLVD W,CONNECTICUT AVE,SAME DIR REAR END,CLEAR,DRY,DARK LIGHTS ON,TRAFFIC SIGNAL,NONE DETECTED,Yes,No Apparent Injury,INATTENTIVE OR LOST IN THOUGHT,MD,Passenger Car,35,2009.0,Honda,ACCORD,4,Thursday,7
MCP271700LV,190001001,Montgomery County Police,Injury Crash,2019-01-07 06:30:00,Maryland (State),CONNECTICUT AVE,WOODLAWN RD,SAME DIR REAR END,CLEAR,DRY,DARK LIGHTS ON,NO CONTROLS,NONE DETECTED,No,Suspected Minor Injury,NOT DISTRACTED,MD,Passenger Car,40,2017.0,Hyundai,SONATA,6,Monday,1
MCP2504001S,16055164,Montgomery County Police,Injury Crash,2016-10-26 17:20:00,Interstate (State),EISENHOWER MEMORIAL HWY,RAMP 6 FR IS 270 EB TO MD 355 SB,SAME DIR REAR END,CLEAR,DRY,DUSK,NO CONTROLS,NONE DETECTED,Yes,No Apparent Injury,NOT DISTRACTED,MD,Passenger Car,55,2002.0,Honda,ACCORD,17,Wednesday,10
MCP10480018,16004458,MONTGOMERY,Property Damage Crash,2016-01-27 19:20:00,Municipality,CHAPMAN AVE,TWINBROOK PKWY,SAME DIR REAR END,SNOW,WET,DARK LIGHTS ON,Unknown,NONE DETECTED,No,No Apparent Injury,NOT DISTRACTED,MD,Passenger Car,25,2004.0,Mazd,SD,19,Wednesday,1
MCP27300035,230008354,Montgomery County Police,Property Damage Crash,2023-02-19 09:05:00,Maryland (State),GREAT SENECA HWY,WISTERIA DR,STRAIGHT MOVEMENT ANGLE,CLEAR,DRY,DAYLIGHT,TRAFFIC SIGNAL,Unknown,No,No Apparent Injury,NOT DISTRACTED,MD,Passenger Car,30,2015.0,Volkswagon,JETTA,9,Sunday,2
MCP1500000M,15039105,MONTGOMERY,Injury Crash,2015-08-06 16:00:00,Maryland (State),NEW HAMPSHIRE AVE,JACKSON RD,SAME DIR REAR END,CLEAR,DRY,DAYLIGHT,Unknown,NONE DETECTED,Yes,No Apparent Injury,UNKNOWN,NY,Passenger Car,40,2011.0,Hyundai,SONATA,16,Thursday,8
MCP3119003K,220016405,Montgomery County Police,Property Damage Crash,2022-04-18 12:20:00,Unknown,Unknown,Unknown,SINGLE VEHICLE,RAINING,Unknown,DAYLIGHT,NO CONTROLS,NONE DETECTED,Yes,No Apparent Injury,OTHER DISTRACTION,MD,Passenger Car,0,2008.0,Toyt,SUV,12,Monday,4
DM8490000D,200042843,Takoma Park Police Depart,Property Damage Crash,2020-10-30 17:09:00,Municipality,LINCOLN AVE,CARROLL AVE,OTHER,CLEAR,DRY,DAYLIGHT,STOP SIGN,Unknown,Yes,No Apparent Injury,LOOKED BUT DID NOT SEE,MD,Passenger Car,25,2020.0,Honda,CIVIC,17,Friday,10
MCP26890017,15051261,MONTGOMERY,Property Damage Crash,2015-10-09 14:34:00,Maryland (State),ROCKVILLE PIKE,TWINBROOK PKWY,SAME DIR REAR END,CLOUDY,DRY,DAYLIGHT,Unknown,NONE DETECTED,No,No Apparent Injury,NOT DISTRACTED,MD,Passenger Car,35,2006.0,Buick,LACROSSE,14,Friday,10
MCP25860011,15013610,Montgomery County Police,Property Damage Crash,2015-03-24 16:58:00,County,FAIRLAND RD,FAIRLAND PARK DR,SAME DIR REAR END,CLEAR,DRY,DAYLIGHT,NO CONTROLS,NONE DETECTED,Yes,No Apparent Injury,UNKNOWN,MD,Passenger Car,40,1999.0,Toyota,CAMRY,16,Tuesday,3
MCP34300013,250049985,MONTGOMERY,Property Damage Crash,2025-11-07 08:30:00,County Route,WAYNE AVE (WB/L),Unknown,"Sideswipe, Same Direction",Clear,Dry,Daylight,No Controls,"Not Suspect of Alcohol Use, Not Suspect of Drug Use",Yes,No Apparent Injury,Not Distracted,MD,Bus - Transit,30,2010.0,New Flyer,LOW FLOOR - ADVANCED STYLE,8,Friday,11