Report Number,Local Case Number,Agency Name,ACRS Report Type,Crash Date/Time,Route Type,Road Name,Cross-Street Name,Collision Type,Weather,Surface Condition,Light,Traffic Control,Driver Substance Abuse,Driver At Fault,Injury Severity,Driver Distracted By,Drivers License State,Vehicle Body Type,Speed Limit,Vehicle Year,Vehicle Make,Vehicle Model,Crash Hour,Crash Day,Crash Month
MCP24730013,170521679,Montgomery County Police,Property Damage Crash,2017-07-28 14:11:00,US (State),COLUMBIA PIKE,RAMP 7 FR RP 2 (FR MD200 WB) TO US 29 SB,SAME DIR REAR END,RAINING,WET,DAYLIGHT,TRAFFIC SIGNAL,Unknown,No,No Apparent Injury,NOT DISTRACTED,MD,Passenger Car,55,2015.0,Ford,FOCUS,14,Friday,7
MCP28320024,16029584,Montgomery County Police,Property Damage Crash,2016-06-12 14:10:00,Maryland (State),ROCKVILLE PIKE,CEDAR LA,HEAD ON LEFT TURN,CLEAR,DRY,DAYLIGHT,TRAFFIC SIGNAL,NONE DETECTED,Yes,No Apparent Injury,UNKNOWN,NY,Passenger Car,30,2006.0,Niss,MAXIMA,14,Sunday,6
MCP3256002K,230063814,Montgomery County Police,Property Damage Crash,2023-11-01 15:47:00,US (State),COLUMBIA PIKE,TECH RD,SAME DIR REAR END,CLEAR,DRY,DAYLIGHT,TRAFFIC SIGNAL,NONE DETECTED,No,No Apparent Injury,NOT DISTRACTED,MD,Passenger Car,50,2007.0,Merc,TK,15,Wednesday,11
MCP9404003W,220025776,Montgomery County Police,Property Damage Crash,2022-06-15 14:48:00,County,RAILROAD ST,WASHINGTON GROVE LA,HEAD ON LEFT TURN,CLEAR,DRY,DAYLIGHT,Unknown,NONE DETECTED,No,No Apparent Injury,NOT DISTRACTED,MD,Passenger Car,25,2019.0,Niss,SENTRA,14,Wednesday,6
MCP29690098,200033641,Montgomery County Police,Injury Crash,2020-08-28 12:38:00,County,BONIFANT RD,ALDERTON RD,SAME DIR REAR END,CLEAR,DRY,DAYLIGHT,NO CONTROLS,NONE DETECTED,Yes,Possible Injury,UNKNOWN,MD,Passenger Car,40,2015.0,Toyota,CAMRY,12,Friday,8
MCP91330017,17005343,Montgomery County Police,Property Damage Crash,2017-01-31 07:04:00,Unknown,Unknown,Unknown,SINGLE VEHICLE,CLEAR,Unknown,DARK LIGHTS ON,Unknown,NONE DETECTED,Yes,No Apparent Injury,INATTENTIVE OR LOST IN THOUGHT,MD,Passenger Car,0,2014.0,Niss,TK,7,Tuesday,1
MCP3299003C,240002376,MONTGOMERY,Injury Crash,2024-01-15 13:00:00,Maryland (State) Route,GEORGIA AVE (SB/L),Unknown,Rear To Rear,Snow,Snow,Daylight,No Controls,"Not Suspect of Alcohol Use, Not Suspect of Drug Use",No,No Apparent Injury,Not Distracted,MD,Passenger Car,40,2007.0,Jeep,LIBERTY,13,Monday,1
MCP2399000H,15012952,Montgomery County Police,Injury Crash,2015-03-20 21:09:00,County,LOST KNIFE RD,SPUR FR MONTGOMERY VILLAGE AVE,SAME DIR REAR END,CLOUDY,WET,DARK LIGHTS ON,YIELD SIGN,Unknown,No,Suspected Minor Injury,NOT DISTRACTED,MD,Pickup Truck,35,2012.0,Honda,CROSS TOUR,21,Friday,3
MCP1121001B,16036442,Montgomery County Police,Property Damage Crash,2016-07-18 10:24:00,County,SHADY SPRING DR,SHADY SPRING PL,SAME DIR REAR END,Unknown,DRY,DARK LIGHTS ON,Unknown,ALCOHOL PRESENT,Yes,No Apparent Injury,NOT DISTRACTED,MD,Pickup Truck,25,2004.0,Chevrolet,SILVERADO,10,Monday,7
MCP3058001R,180034113,Montgomery County Police,Injury Crash,2018-07-10 18:13:00,Maryland (State),RIVER RD,STONEY CREEK RD,OPPOSITE DIRECTION SIDESWIPE,CLEAR,DRY,DAYLIGHT,NO CONTROLS,NONE DETECTED,No,Suspected Minor Injury,NOT DISTRACTED,MD,Passenger Car,50,2017.0,Honda,ACCORD,18,Tuesday,7
MCP3038007M,250000855,MONTGOMERY,Property Damage Crash,2025-01-07 16:15:00,Maryland (State) Route,BURLINGTON AVE,13TH ST GEORGIA AVE GEORGIA AVE (SB/L),"Sideswipe, Same Direction",Clear,Dry,Daylight,Traffic Control Signal,"Not Suspect of Alcohol Use, Not Suspect of Drug Use",Yes,No Apparent Injury,Not Distracted,MD,Pickup,30,2023.0,Toyota,TACOMA,16,Tuesday,1
MCP9312000V,180025778,Montgomery County Police,Property Damage Crash,2018-05-25 20:53:00,Maryland (State),KEY WEST AVE,ENT TO BUSINESS,SINGLE VEHICLE,CLEAR,DRY,DARK LIGHTS ON,Unknown,NONE DETECTED,Unknown,No Apparent Injury,NOT DISTRACTED,MD,Passenger Car,50,2014.0,Hyun,SONATA,20,Friday,5
HA23170005,17000370,Maryland-National Capital,Property Damage Crash,2017-04-05 05:30:00,Government,BEACH DR,BEGIN BRIDGE,OPPOSITE DIR BOTH LEFT TURN,CLEAR,DRY,DAWN,NO CONTROLS,Unknown,No,No Apparent Injury,NOT DISTRACTED,MD,Passenger Car,25,2017.0,Honda,PILOT,5,Wednesday,4
MCP20590079,220031717,Montgomery County Police,Injury Crash,2022-07-23 12:41:00,Maryland (State),VEIRS MILL RD,REEDIE DR,HEAD ON LEFT TURN,CLEAR,DRY,DAYLIGHT,TRAFFIC SIGNAL,NONE DETECTED,Yes,No Apparent Injury,UNKNOWN,MD,Passenger Car,25,1999.0,Toyota,CAMRY,12,Saturday,7
EJ7747003H,170542023,Gaithersburg Police Depar,Injury Crash,2017-11-10 11:15:00,Maryland (State),FREDERICK RD,WALKER AVE,SAME DIR REAR END,CLEAR,DRY,DAYLIGHT,NO CONTROLS,UNKNOWN,Yes,Possible Injury,UNKNOWN,Unknown,Passenger Car,30,2017.0,Hyundai,ACCENT,11,Friday,11
MCP3201001W,210025891,Montgomery County Police,Injury Crash,2021-07-06 10:19:00,County,GREY EAGLE CT,GREAT SENECA HWY,OTHER,CLEAR,DRY,DAYLIGHT,STOP SIGN,Unknown,Yes,No Apparent Injury,LOOKED BUT DID NOT SEE,MD,Pickup Truck,15,2020.0,Ram,PK,10,Tuesday,7
MCP3220005J,250041682,MONTGOMERY,Property Damage Crash,2025-09-16 16:28:00,Interstate (State),EISENHOWER MEMORIAL HWY,Unknown,Front to Rear,Rain,Wet,Daylight,No Controls,"Not Suspect of Alcohol Use, Not Suspect of Drug Use",No,No Apparent Injury,Not Distracted,MD,Passenger Car,55,2011.0,Nissan,ALTIMA,16,Tuesday,9
MCP2931005W,220013946,Montgomery County Police,Property Damage Crash,2022-03-25 12:00:00,Unknown,Unknown,Unknown,SAME DIR REAR END,CLEAR,Unknown,DAYLIGHT,TRAFFIC SIGNAL,NONE DETECTED,Yes,No Apparent Injury,UNKNOWN,MD,Passenger Car,25,2006.0,Toyota,CAMRY,12,Friday,3
DD5595002G,16018216,Rockville Police Departme,Injury Crash,2016-04-14 08:39:00,Maryland (State),VEIRS MILL RD,DODGE ST,SAME DIR REAR END,CLEAR,DRY,DAYLIGHT,NO CONTROLS,NONE DETECTED,No,Suspected Minor Injury,NOT DISTRACTED,MD,Passenger Car,35,2013.0,Toyota,PRIUS,8,Thursday,4
MCP2959002J,170507841,Montgomery County Police,Injury Crash,2017-05-15 09:20:00,Maryland (State),UNIVERSITY BLVD W,ARCOLA AVE,SAME DIR REAR END,CLEAR,DRY,DAYLIGHT,YIELD SIGN,NONE DETECTED,No,Suspected Minor Injury,NOT DISTRACTED,MD,Passenger Car,40,2004.0,Toyota,COROLLA,9,Monday,5
MCP3010002T,180019779,Montgomery County Police,Injury Crash,2018-04-23 06:28:00,Maryland (State),CONNECTICUT AVE,MANOR RD,OTHER,CLEAR,DRY,DAYLIGHT,TRAFFIC SIGNAL,Unknown,Yes,Suspected Minor Injury,LOOKED BUT DID NOT SEE,MD,Passenger Car,35,2006.0,Nissan,TK,6,Monday,4
MCP3215000V,200018569,Montgomery County Police,Injury Crash,2020-05-07 13:25:00,County,MONTROSE RD,TOWER OAKS BLVD,STRAIGHT MOVEMENT ANGLE,CLEAR,DRY,DAYLIGHT,TRAFFIC SIGNAL,Unknown,No,No Apparent Injury,NOT DISTRACTED,MD,Passenger Car,35,2016.0,Volvo,TRUCK,13,Thursday,5
MCP3039001F,170531541,Montgomery County Police,Injury Crash,2017-09-19 16:00:00,County,SEVEN LOCKS RD,DEMOCRACY BLVD,STRAIGHT MOVEMENT ANGLE,CLEAR,DRY,DAYLIGHT,TRAFFIC SIGNAL,NONE DETECTED,Yes,No Apparent Injury,NOT DISTRACTED,MD,(Sport) Utility Vehicle,35,2012.0,Toyota,HIGHLANDER,16,Tuesday,9
MCP3007004Q,210021970,Montgomery County Police,Property Damage Crash,2021-06-09 15:00:00,Maryland (State),NORBECK RD,BARN RIDGE DR,SINGLE VEHICLE,CLEAR,DRY,DAYLIGHT,NO CONTROLS,Unknown,Yes,No Apparent Injury,UNKNOWN,NY,Passenger Car,40,2015.0,Nissan,ROGUE,15,Wednesday,6
MCP3006006D,210026019,Montgomery County Police,Injury Crash,2021-07-07 08:05:00,Maryland (State),VEIRS MILL RD,CLARIDGE RD,STRAIGHT MOVEMENT ANGLE,CLEAR,DRY,DAYLIGHT,TRAFFIC SIGNAL,NONE DETECTED,Yes,No Apparent Injury,UNKNOWN,MD,(Sport) Utility Vehicle,35,2015.0,Nissan,ROGUE,8,Wednesday,7
MCP27880036,230033819,Montgomery County Police,Injury Crash,2023-07-16 04:15:00,Maryland (State),GEORGIA AVE,BLUERIDGE AVE,ANGLE MEETS RIGHT TURN,CLEAR,DRY,DARK LIGHTS ON,FLASHING TRAFFIC SIGNAL,ALCOHOL PRESENT,Yes,No Apparent Injury,UNKNOWN,MD,Passenger Car,35,2012.0,Honda,FIT,4,Sunday,7
MCP2713000R,16031389,Montgomery County Police,Property Damage Crash,2016-06-21 16:27:00,Maryland (State),GEORGIA AVE,HATHAWAY DR,SAME DIR REAR END,CLOUDY,WET,DAYLIGHT,TRAFFIC SIGNAL,Unknown,Yes,No Apparent Injury,NOT DISTRACTED,MD,Passenger Car,45,2004.0,Toyota,COROLLA,16,Tuesday,6
MCP33190021,230049349,Montgomery County Police,Property Damage Crash,2023-08-14 08:50:00,County,FENTON ST,BONIFANT ST,SINGLE VEHICLE,Unknown,Unknown,DAYLIGHT,Unknown,Unknown,Yes,No Apparent Injury,NOT DISTRACTED,MD,Police Vehicle/Non Emergency,5,2014.0,Ford,TAURUS,8,Monday,8
EJ7781003C,220004006,Gaithersburg Police Depar,Property Damage Crash,2022-01-30 03:00:00,Unknown,Unknown,Unknown,OTHER,CLEAR,Unknown,UNKNOWN,Unknown,UNKNOWN,Yes,No Apparent Injury,UNKNOWN,Unknown,Unknown,15,2000.0,Unk,UNK,3,Sunday,1
MCP292300F0,250027181,MONTGOMERY,Injury Crash,2025-06-18 13:51:00,Maryland (State) Route,UNIVERSITY BLVD W,Unknown,Front to Rear,Cloudy,Dry,Daylight,No Controls,"Not Suspect of Alcohol Use, Not Suspect of Drug Use",No,No Apparent Injury,Not Distracted,MD,Passenger Car,35,2006.0,Toyota,PRIUS,13,Wednesday,6
MCP31110029,200004589,Montgomery County Police,Property Damage Crash,2020-01-28 09:44:00,Maryland (State),BRADLEY BLVD,HILLANDALE RD,SAME DIR REAR END,CLEAR,DRY,DAYLIGHT,TRAFFIC SIGNAL,NONE DETECTED,Yes,No Apparent Injury,LOOKED BUT DID NOT SEE,VA,Passenger Car,30,2010.0,Audi,A4,9,Tuesday,1
MCP30600020,180059037,Montgomery County Police,Injury Crash,2018-11-26 06:51:00,Maryland (State),ROCKVILLE PIKE,IS 495 (WB/L),SAME DIR REAR END,CLEAR,DRY,DAWN,NO CONTROLS,NONE DETECTED,No,No Apparent Injury,NOT DISTRACTED,MD,Passenger Car,35,2015.0,Ford,TK,6,Monday,11
MCP2974003T,210033220,Montgomery County Police,Injury Crash,2021-08-25 18:18:00,County,BRIGGS CHANEY RD,ASTON MANOR DR,STRAIGHT MOVEMENT ANGLE,CLEAR,DRY,DAYLIGHT,STOP SIGN,NONE DETECTED,Yes,No Apparent Injury,NOT DISTRACTED,ND,Passenger Car,35,2008.0,Vovlo,S60,18,Wednesday,8
MCP3160002D,20000443,Montgomery County Police,Property Damage Crash,2020-01-07 11:30:00,Unknown,Unknown,Unknown,OPPOSITE DIRECTION SIDESWIPE,CLEAR,Unknown,DAYLIGHT,Unknown,NONE DETECTED,Yes,No Apparent Injury,LOOKED BUT DID NOT SEE,MD,Passenger Car,25,2008.0,Volkswagon,TOUAREG,11,Tuesday,1
MCP2662001S,180061332,Montgomery County Police,Injury Crash,2018-12-08 01:07:00,Maryland (State),MUNCASTER MILL RD,MUNCASTER RD,HEAD ON,CLEAR,DRY,DARK LIGHTS ON,FLASHING TRAFFIC SIGNAL,NONE DETECTED,Yes,Suspected Serious Injury,OTHER DISTRACTION,MD,Passenger Car,35,2006.0,Toyt,4S,1,Saturday,12
MCP3068002T,200031576,Montgomery County Police,Property Damage Crash,2020-08-13 18:30:00,County,KEOKUK ST,COOPER LA,OTHER,CLEAR,DRY,DAYLIGHT,Unknown,Unknown,No,No Apparent Injury,NOT DISTRACTED,MD,Passenger Car,15,2006.0,Honda,ACCORD,18,Thursday,8
MCP3034000R,170508985,Montgomery County Police,Property Damage Crash,2017-05-21 03:27:00,US (State),COLUMBIA PIKE,BLACKBURN RD,SINGLE VEHICLE,CLEAR,DRY,DARK LIGHTS ON,NO CONTROLS,NONE DETECTED,No,No Apparent Injury,NOT DISTRACTED,MD,(Sport) Utility Vehicle,55,2006.0,Hummer,H3,3,Sunday,5
MCP3227004M,230031327,Montgomery County Police,Property Damage Crash,2023-06-30 19:31:00,Unknown,Unknown,Unknown,STRAIGHT MOVEMENT ANGLE,CLEAR,Unknown,DAYLIGHT,NO CONTROLS,Unknown,Yes,No Apparent Injury,UNKNOWN,Unknown,Passenger Car,0,2017.0,Honda,CIVIC,19,Friday,6
MCP1569000Q,180045763,Montgomery County Police,Property Damage Crash,2018-09-13 15:00:00,County,AVERY RD,SOUTHLAWN LA,STRAIGHT MOVEMENT ANGLE,RAINING,WET,DAYLIGHT,STOP SIGN,NONE DETECTED,No,No Apparent Injury,NOT DISTRACTED,MD,Passenger Car,30,2010.0,Nissan,ALTIMA,15,Thursday,9
MCP233900BC,250014573,MONTGOMERY,Injury Crash,2025-04-03 18:20:00,County Route,BALTIMORE RD,Unknown,Single Vehicle,Clear,Dry,Daylight,Pedestrian Crossing Sign,"Not Suspect of Alcohol Use, Not Suspect of Drug Use",No,No Apparent Injury,Unknown,MD,Passenger Car,35,2007.0,Acura,TL,18,Thursday,4
MCP21980055,190008336,Montgomery County Police,Property Damage Crash,2019-02-21 15:22:00,Maryland (State),GREAT SENECA HWY,HORN POINT DR,SINGLE VEHICLE,CLEAR,WET,DAYLIGHT,Unknown,Unknown,Yes,No Apparent Injury,UNKNOWN,MD,Passenger Car,55,2001.0,Toyota,CELICA,15,Thursday,2
DD5659000L,250022252,ROCKVILLE,Injury Crash,2025-05-20 06:16:00,County Route,AVERY RD,Unknown,"Sideswipe, Opposite Direction",Clear,Dry,Dawn,No Controls,"Not Suspect of Alcohol Use, Not Suspect of Drug Use",No,Possible Injury,Not Distracted,MD,Passenger Car,35,2018.0,Chevrolet,SILVERADO,6,Tuesday,5
MCP9386008V,210039689,Montgomery County Police,Property Damage Crash,2021-10-05 16:00:00,Maryland (State),EAST WEST HWY,TWIN FORKS LA,SAME DIR REAR END,CLEAR,DRY,DAYLIGHT,STOP SIGN,NONE DETECTED,No,No Apparent Injury,NOT DISTRACTED,MD,Pickup Truck,35,2002.0,Dodge,RAM,16,Tuesday,10
MCP2513001C,190027158,Montgomery County Police,Injury Crash,2019-06-06 23:15:00,Maryland (State),NEW HAMPSHIRE AVE,NORTHAMPTON DR,SAME DIR REAR END,CLEAR,DRY,DARK LIGHTS ON,TRAFFIC SIGNAL,NONE DETECTED,No,No Apparent Injury,NOT DISTRACTED,MD,Passenger Car,40,2007.0,Toyota,COROLLA,23,Thursday,6
MCP26390053,180059407,Montgomery County Police,Property Damage Crash,2018-11-28 08:30:00,Maryland (State),GEORGIA AVE,RANDOLPH RD,SAME DIRECTION SIDESWIPE,CLEAR,DRY,DAYLIGHT,TRAFFIC SIGNAL,NONE DETECTED,Yes,No Apparent Injury,NOT DISTRACTED,MD,Passenger Car,35,2004.0,Honda,CIVIC,8,Wednesday,11
HA2415000B,16000578,Maryland-National Capital,Property Damage Crash,2016-05-18 10:40:00,County,GRAND PRE RD,CONNECTICUT AVE,OTHER,CLOUDY,DRY,DAYLIGHT,NO CONTROLS,UNKNOWN,Yes,No Apparent Injury,UNKNOWN,MD,Passenger Car,30,2005.0,Lincoln,TOWNCAR,10,Wednesday,5
MCP2588002V,170519246,Montgomery County Police,Property Damage Crash,2017-07-15 10:55:00,County,GREENLY ST,GOODHILL RD,OTHER,CLEAR,Unknown,DAYLIGHT,STOP SIGN,NONE DETECTED,Yes,No Apparent Injury,UNKNOWN,MD,Passenger Car,15,2005.0,Toyota,COROLLA,10,Saturday,7
MCP28920076,190057328,Montgomery County Police,Injury Crash,2019-11-27 16:26:00,Maryland (State),16TH ST,GEORGIA AVE,SAME DIR REAR END,CLEAR,DRY,DAYLIGHT,TRAFFIC SIGNAL,NONE DETECTED,Yes,Possible Injury,NOT DISTRACTED,DC,Passenger Car,35,2014.0,Ford,4S,16,Wednesday,11
MCP2088001D,190044050,Montgomery County Police,Property Damage Crash,2019-09-14 14:18:00,Maryland (State),RIDGE RD,BROWN CHURCH RD,SAME DIR REAR END,Unknown,DRY,DAYLIGHT,NO CONTROLS,NONE DETECTED,Yes,No Apparent Injury,UNKNOWN,MD,(Sport) Utility Vehicle,40,2013.0,Honda,CRV,14,Saturday,9
MCP2946005R,230048868,Montgomery County Police,Injury Crash,2023-08-11 08:26:00,County,STRINGTOWN RD,ST CLAIR RD,STRAIGHT MOVEMENT ANGLE,CLEAR,DRY,DAYLIGHT,STOP SIGN,NONE DETECTED,No,Possible Injury,NOT DISTRACTED,MD,Passenger Car,35,2013.0,Nissan,ALTIMA,8,Friday,8
MCP1064003Z,16009222,Montgomery County Police,Property Damage Crash,2016-02-24 10:40:00,US (State),GEORGIA AVE,SILVER SPRING AVE,SAME DIRECTION RIGHT TURN,RAINING,WET,DAYLIGHT,Unknown,Unknown,Yes,No Apparent Injury,LOOKED BUT DID NOT SEE,VA,Pickup Truck,30,2010.0,Toyt,TACOMA 4D,10,Wednesday,2
MCP2772001Z,220045318,Montgomery County Police,Property Damage Crash,2022-10-16 03:45:00,Maryland (State),OLD GEORGETOWN RD,TUCKERMAN LA,STRAIGHT MOVEMENT ANGLE,CLEAR,DRY,DARK LIGHTS ON,TRAFFIC SIGNAL,ALCOHOL CONTRIBUTED,Yes,No Apparent Injury,UNKNOWN,MD,Passenger Car,40,2003.0,Toyt,ECHO,3,Sunday,10
MCP2601000D,16065582,Montgomery County Police,Property Damage Crash,2016-12-21 21:28:00,Maryland (State),GEORGIA AVE,RAMP 2 FR IS 495 WB TO MD 97 NB,SAME DIR REAR END,CLEAR,DRY,DARK LIGHTS ON,NO CONTROLS,NONE DETECTED,Yes,No Apparent Injury,LOOKED BUT DID NOT SEE,MD,Passenger Car,35,2003.0,Bmw,325I,21,Wednesday,12
EJ7895007R,250031418,GAITHERSBURG,Property Damage Crash,2025-07-14 19:00:00,Municipality Route,WASHINGTONIAN BLVD,RAMP 4 FR WASHINGTONIAN BLVD TO IS370 EB WASHINGTONIAN BLVD,Front to Front,Cloudy,Dry,Daylight,Traffic Control Signal,"Not Suspect of Alcohol Use, Not Suspect of Drug Use",No,No Apparent Injury,Unknown,MD,Sport Utility Vehicle,25,2020.0,Nissan,MURANO,19,Monday,7
EJ77470010,15017703,Gaithersburg Police Depar,Property Damage Crash,2015-04-16 09:27:00,Maryland (State),QUINCE ORCHARD RD,FIRSTFIELD RD,SAME DIR REAR END,CLEAR,DRY,DAYLIGHT,TRAFFIC SIGNAL,NONE DETECTED,Yes,No Apparent Injury,UNKNOWN,MD,Passenger Car,40,2013.0,Toyota,COROLLA,9,Thursday,4
MCP3200007C,230001828,Montgomery County Police,Injury Crash,2023-01-12 08:16:00,Other Public Roadway,MONTROSE PKWY,E JEFFERSON ST,OTHER,CLOUDY,WET,DAYLIGHT,TRAFFIC SIGNAL,NONE DETECTED,No,No Apparent Injury,NOT DISTRACTED,MD,Passenger Car,35,2018.0,Hyundai,ELANTRA,8,Thursday,1
MCP2358004S,180023208,Montgomery County Police,Property Damage Crash,2018-05-11 15:41:00,Maryland (State),BRADLEY BLVD,DURBIN RD,SAME DIR REAR END,CLEAR,DRY,DAYLIGHT,NO CONTROLS,NONE DETECTED,Yes,No Apparent Injury,UNKNOWN,MD,Passenger Car,30,2002.0,Bmw,325I,15,Friday,5
MCP30000018,16049388,Montgomery County Police,Injury Crash,2016-09-25 20:34:00,County,MIDDLEBROOK RD,GERMANTOWN RD,SAME DIR REAR END,CLEAR,DRY,DARK LIGHTS ON,TRAFFIC SIGNAL,NONE DETECTED,No,No Apparent Injury,NOT DISTRACTED,MD,(Sport) Utility Vehicle,40,2003.0,Acura,MDX,20,Sunday,9
MCP24730018,170527491,Montgomery County Police,Property Damage Crash,2017-08-29 09:22:00,County,CHERRY HILL RD,CALVERTON BLVD,SAME DIRECTION LEFT TURN,RAINING,WET,DAYLIGHT,NO CONTROLS,Unknown,Yes,No Apparent Injury,NOT DISTRACTED,MD,Pickup Truck,40,1998.0,Dodg,DAKOTA,9,Tuesday,8
EJ7865000Z,170500785,Gaithersburg Police Depar,Property Damage Crash,2017-04-06 18:50:00,Unknown,Unknown,Unknown,SAME DIR REAR END,CLEAR,Unknown,DARK LIGHTS ON,NO CONTROLS,UNKNOWN,Yes,No Apparent Injury,UNKNOWN,Unknown,Passenger Car,15,2010.0,Honda,4S,18,Thursday,4
MCP2456006L,220029600,Montgomery County Police,Property Damage Crash,2022-07-10 13:30:00,US (State),COLESVILLE RD,TIMBERWOOD AVE,SAME DIR REAR END,CLEAR,DRY,DAYLIGHT,NO CONTROLS,NONE DETECTED,No,No Apparent Injury,NOT DISTRACTED,MD,Passenger Car,40,2021.0,Hyun,UT,13,Sunday,7
MCP2526000S,16036421,Montgomery County Police,Property Damage Crash,2016-07-18 19:38:00,Maryland (State),FISHER AVE,WESTERLY AVE,SAME DIR REAR END,CLEAR,DRY,DAYLIGHT,Unknown,NONE DETECTED,Yes,No Apparent Injury,NOT DISTRACTED,MD,Van,30,2003.0,Chry,TOWN & COUNTRY,19,Monday,7
MCP3262005Q,250014996,MONTGOMERY,Property Damage Crash,2025-04-06 16:00:00,Unknown,Unknown,Unknown,Single Vehicle,Clear,Unknown,Daylight,Unknown,"Not Suspect of Alcohol Use, Not Suspect of Drug Use",Yes,No Apparent Injury,Unknown,Unknown,Passenger Car,0,2021.0,Lexus,GX,16,Sunday,4
MCP2617004G,170541706,Montgomery County Police,Property Damage Crash,2017-11-08 17:45:00,Maryland (State),ROCKVILLE PIKE,GOLF LA,SAME DIR REAR END,CLEAR,DRY,DARK NO LIGHTS,NO CONTROLS,NONE DETECTED,No,No Apparent Injury,NOT DISTRACTED,MD,Passenger Car,40,2016.0,Cadillac,SEDAN,17,Wednesday,11
MCP2867003Z,170508028,Montgomery County Police,Property Damage Crash,2017-05-16 06:08:00,Unknown,Unknown,Unknown,OTHER,CLEAR,Unknown,DAYLIGHT,Unknown,NONE DETECTED,No,No Apparent Injury,NOT DISTRACTED,MD,Passenger Car,0,2009.0,Toyta,COROLLA,6,Tuesday,5
MCP32590014,200051252,Montgomery County Police,Property Damage Crash,2020-12-29 17:03:00,Maryland (State),FREDERICK RD,RIDGEMONT AVE,HEAD ON LEFT TURN,CLEAR,DRY,DARK LIGHTS ON,TRAFFIC SIGNAL,NONE DETECTED,Yes,No Apparent Injury,UNKNOWN,MD,Passenger Car,40,2004.0,Honda,CIVIC,17,Tuesday,12
MCP16110004,16031701,Montgomery County Police,Property Damage Crash,2016-06-23 09:16:00,Maryland (State),GEORGIA AVE,PARKER AVE,STRAIGHT MOVEMENT ANGLE,CLOUDY,WET,DAYLIGHT,STOP SIGN,NONE DETECTED,No,No Apparent Injury,NOT DISTRACTED,MD,Passenger Car,35,1995.0,Honda,ACCORD,9,Thursday,6
MCP27560058,230057868,Montgomery County Police,Injury Crash,2023-10-01 14:00:00,County,RANDOLPH RD,CONNECTICUT AVE,SAME DIR REAR END,CLEAR,DRY,DAYLIGHT,TRAFFIC SIGNAL,NONE DETECTED,No,No Apparent Injury,NOT DISTRACTED,MD,Passenger Car,35,2014.0,Honda,CIVIC,14,Sunday,10
MCP2438002R,210004874,Montgomery County Police,Property Damage Crash,2021-02-07 17:04:00,County,LOCKWOOD DR,WHITE OAK SHOPPIING CENTER,ANGLE MEETS LEFT TURN,CLEAR,WET,DAYLIGHT,TRAFFIC SIGNAL,Unknown,Yes,No Apparent Injury,NOT DISTRACTED,MD,Passenger Car,30,2019.0,Toyota,CAMRY,17,Sunday,2
MCP2356002Z,230032226,Montgomery County Police,Injury Crash,2023-07-06 15:37:00,County,SHADY GROVE RD,CORPORATE BLVD,STRAIGHT MOVEMENT ANGLE,CLEAR,DRY,DAYLIGHT,TRAFFIC SIGNAL,NONE DETECTED,No,Possible Injury,NOT DISTRACTED,MD,Passenger Car,40,2019.0,Bmw,540I,15,Thursday,7
MCP3280004S,240006663,MONTGOMERY,Property Damage Crash,2024-02-10 09:45:00,Interstate (State),CAPITAL BELTWAY,Unknown,Other,Clear,Dry,Daylight,No Controls,"Not Suspect of Alcohol Use, Not Suspect of Drug Use",No,No Apparent Injury,Not Distracted,MD,Passenger Car,55,2005.0,Honda,CIVIC,9,Saturday,2
MCP2385002N,220051403,Montgomery County Police,Property Damage Crash,2022-11-21 04:44:00,Maryland (State),RIDGE RD,KEMPTOWN RD,SINGLE VEHICLE,CLEAR,DRY,DARK LIGHTS ON,NO CONTROLS,NONE DETECTED,No,No Apparent Injury,NOT DISTRACTED,MD,Passenger Car,45,2015.0,Mazda,3,4,Monday,11
MCP3187000Q,190035628,Montgomery County Police,Injury Crash,2019-07-26 16:34:00,County,RANDOLPH RD,BLUHILL RD,SAME DIR REAR END,CLEAR,DRY,DAYLIGHT,NO CONTROLS,NONE DETECTED,Yes,No Apparent Injury,LOOKED BUT DID NOT SEE,MD,Passenger Car,35,2003.0,Hyundai,SANTA FE,16,Friday,7
MCP2349001J,250053546,MONTGOMERY,Injury Crash,2025-11-30 12:17:00,Maryland (State) Route,CLOPPER RD (WB/L),Unknown,Single Vehicle,Cloudy,Wet,Daylight,Traffic Control Signal,"Not Suspect of Alcohol Use, Not Suspect of Drug Use",Yes,Possible Injury,Unknown,MD,Passenger Car,30,2025.0,Nissan,SENTRA,12,Sunday,11
DD5645001F,210039553,Rockville Police Departme,Property Damage Crash,2021-10-05 07:39:00,Maryland (State),ROCKVILLE PIKE,WOOTTON PKWY,SAME DIRECTION SIDESWIPE,CLEAR,Unknown,DAYLIGHT,NO CONTROLS,NONE DETECTED,Yes,No Apparent Injury,NOT DISTRACTED,MD,"Medium/Heavy Trucks 3 Axles (Over 10,000Lbs (4,536Kg))",35,1999.0,Volvo,TK,7,Tuesday,10
MCP3054000H,170534047,Montgomery County Police,Injury Crash,2017-09-30 17:39:00,Maryland (State),FALLS RD,MONTROSE RD,STRAIGHT MOVEMENT ANGLE,CLEAR,Unknown,DAYLIGHT,TRAFFIC SIGNAL,NONE DETECTED,Yes,Possible Injury,UNKNOWN,MD,Passenger Car,40,2007.0,Toyota,SEQUOIA,17,Saturday,9
MCP9113002W,170522710,Montgomery County Police,Injury Crash,2017-08-03 10:21:00,County,ASPEN HILL RD,ARCTIC AVE,SAME DIR REAR END,CLEAR,Unknown,DAYLIGHT,NO CONTROLS,NONE DETECTED,Yes,Possible Injury,NOT DISTRACTED,MD,Passenger Car,30,2017.0,Honda,ACCORD,10,Thursday,8