Report Number,Local Case Number,Agency Name,ACRS Report Type,Crash Date/Time,Route Type,Road Name,Cross-Street Name,Collision Type,Weather,Surface Condition,Light,Traffic Control,Driver Substance Abuse,Driver At Fault,Injury Severity,Driver Distracted By,Drivers License State,Vehicle Body Type,Speed Limit,Vehicle Year,Vehicle Make,Vehicle Model,Crash Hour,Crash Day,Crash Month
MCP32540010,210003829,Montgomery County Police,Injury Crash,2021-01-30 08:29:00,Maryland (State),FREDERICK RD,SHAKESPEARE BLVD,HEAD ON LEFT TURN,CLEAR,DRY,DAYLIGHT,TRAFFIC SIGNAL,NONE DETECTED,Yes,Possible Injury,LOOKED BUT DID NOT SEE,MD,Passenger Car,45,2005.0,Toyota,CAMRY,8,Saturday,1
MCP2991001L,17007497,Montgomery County Police,Property Damage Crash,2017-02-11 12:28:00,Unknown,Unknown,Unknown,OTHER,CLEAR,Unknown,DAYLIGHT,Unknown,NONE DETECTED,Yes,No Apparent Injury,LOOKED BUT DID NOT SEE,XX,Passenger Car,5,2013.0,Hyundai,ELANTRA,12,Saturday,2
MCP2526001Q,190005143,Montgomery County Police,Injury Crash,2019-02-01 17:04:00,County,EDWARDS FERRY RD,WESTERLY RD,SINGLE VEHICLE,SNOW,SNOW,DAYLIGHT,NO CONTROLS,NONE DETECTED,No,Possible Injury,NOT DISTRACTED,MD,Passenger Car,30,2012.0,Hyundai,ACCENT,17,Friday,2
DD56070028,170550088,Rockville Police Departme,Property Damage Crash,2017-12-22 03:00:00,Maryland (State),VEIRS MILL RD,CLAGETT DR,SINGLE VEHICLE,Unknown,DRY,DARK LIGHTS ON,Unknown,NONE DETECTED,Yes,No Apparent Injury,DISTRACTED BY OUTSIDE PERSON OBJECT OR EVENT,MD,Passenger Car,40,2004.0,Hond,2H,3,Friday,12
DM8472002V,240020942,TAKOMA,Property Damage Crash,2024-05-04 12:54:00,Unknown,Unknown,Unknown,Other,Rain,Unknown,Daylight,Unknown,"Unknown, Unknown",No,No Apparent Injury,Unknown,Unknown,Passenger Car,0,2023.0,Nissan,ROGUE,12,Saturday,5
MCP2752004Y,220047852,Montgomery County Police,Property Damage Crash,2022-10-31 16:40:00,County,BRICKYARD RD,STABLE LA,OPPOSITE DIR BOTH LEFT TURN,RAINING,WET,DAYLIGHT,NO CONTROLS,NONE DETECTED,Yes,No Apparent Injury,NOT DISTRACTED,MD,(Sport) Utility Vehicle,25,2013.0,Kia,SORENTO,16,Monday,10
MCP33620021,230061961,Montgomery County Police,Property Damage Crash,2023-10-22 12:51:00,Maryland (State),NEW HAMPSHIRE AVE,RAMP 7 FR IS 495 WB TO MD 650 SB,SAME DIR REAR END,CLEAR,DRY,DAYLIGHT,NO CONTROLS,NONE DETECTED,Yes,No Apparent Injury,NOT DISTRACTED,MD,Passenger Car,35,2014.0,Honda,ACCORD,12,Sunday,10
MCP2919006G,190055339,Montgomery County Police,Property Damage Crash,2019-11-16 16:06:00,Maryland (State),UNIVERSITY BLVD E,E FRANKLIN AVE,SAME DIR REAR END,CLEAR,DRY,DAYLIGHT,Unknown,NONE DETECTED,Yes,No Apparent Injury,NOT DISTRACTED,MD,Passenger Car,35,2015.0,Hyundai,SONATA,16,Saturday,11
MCP2919002F,17007477,Montgomery County Police,Property Damage Crash,2017-02-11 10:36:00,Unknown,Unknown,Unknown,OTHER,CLOUDY,Unknown,DAYLIGHT,NO CONTROLS,NONE DETECTED,Yes,No Apparent Injury,LOOKED BUT DID NOT SEE,DC,Passenger Car,0,2009.0,Toyota,4S,10,Saturday,2
MCP3436001V,250050213,MONTGOMERY,Injury Crash,2025-11-08 12:25:00,Maryland (State) Route,GEORGIA AVE,FOREST GLEN RD,Angle,Clear,Dry,Daylight,Traffic Control Signal,"Not Suspect of Alcohol Use, Not Suspect of Drug Use",No,No Apparent Injury,Not Distracted,OH,Passenger Car,30,2011.0,Nissan,MAXIMA,12,Saturday,11
DM8451000C,15024579,Takoma Park Police Depart,Property Damage Crash,2015-05-22 11:54:00,Maryland (State),NEW HAMPSHIRE AVE,UNIVERSITY BLVD,OTHER,CLEAR,DRY,DAYLIGHT,Unknown,Unknown,Yes,No Apparent Injury,UNKNOWN,Unknown,Passenger Car,15,1999.0,Nissan,ALTIMA,11,Friday,5
MCP22780015,16009383,Montgomery County Police,Property Damage Crash,2016-02-25 09:20:00,Unknown,Unknown,Unknown,SINGLE VEHICLE,CLOUDY,Unknown,DAYLIGHT,NO CONTROLS,NONE DETECTED,Yes,No Apparent Injury,UNKNOWN,MD,Passenger Car,10,2004.0,Lexus,RX330,9,Thursday,2
MCP2039006W,210044967,Montgomery County Police,Injury Crash,2021-11-06 14:15:00,County,KAYSON ST,ESTELLE RD,STRAIGHT MOVEMENT ANGLE,CLEAR,DRY,DAYLIGHT,STOP SIGN,Unknown,No,Possible Injury,NOT DISTRACTED,MD,Van,25,2008.0,Chevrolet,EXPRESS,14,Saturday,11
MCP27940014,15035048,MONTGOMERY,Property Damage Crash,2015-07-16 22:07:00,Maryland (State),ROCKVILLE PIKE,OLD GEORGETOWN RD,SAME DIRECTION RIGHT TURN,CLEAR,DRY,DARK NO LIGHTS,NO CONTROLS,NONE DETECTED,No,No Apparent Injury,NOT DISTRACTED,MD,Passenger Car,40,1998.0,Honda,ACCORD,22,Thursday,7
MCP003600C0,190052104,Montgomery County Police,Injury Crash,2019-10-29 18:25:00,Maryland (State),WOODFIELD RD,BETHESDA CHURCH RD,STRAIGHT MOVEMENT ANGLE,CLEAR,DRY,DARK LIGHTS ON,STOP SIGN,NONE DETECTED,Yes,Possible Injury,LOOKED BUT DID NOT SEE,MD,Passenger Car,30,2015.0,Toyota,VAN,18,Tuesday,10
MCP3417001D,250052321,MONTGOMERY,Property Damage Crash,2025-11-21 17:41:00,Maryland (State) Route,EAST WEST HWY,Unknown,Front to Rear,Clear,Dry,Dark - Not Lighted,No Controls,"Not Suspect of Alcohol Use, Not Suspect of Drug Use",Yes,No Apparent Injury,Not Distracted,MD,Passenger Car,35,2012.0,Toyota,PRIUS,17,Friday,11
MCP2667008X,230069456,Montgomery County Police,Property Damage Crash,2023-12-02 10:45:00,Municipality,RUSSELL AVE,CHRISTOPHER AVE,SAME DIR REAR END,CLOUDY,WET,DAYLIGHT,NO CONTROLS,NONE DETECTED,Yes,No Apparent Injury,UNKNOWN,WA,Passenger Car,35,2007.0,Honda,CIVIC,10,Saturday,12
MCP2784003S,230009114,Montgomery County Police,Injury Crash,2023-02-23 14:36:00,Maryland (State),VEIRS MILL RD,REEDIE DR,HEAD ON LEFT TURN,CLEAR,DRY,DAYLIGHT,TRAFFIC SIGNAL,NONE DETECTED,No,No Apparent Injury,NOT DISTRACTED,VA,Passenger Car,15,2018.0,Toyota,RAV4,14,Thursday,2
MCP28440058,210034240,Montgomery County Police,Injury Crash,2021-09-01 14:10:00,Maryland (State),UNIVERSITY BLVD W,SLIGO CREEK PKWY,SAME DIR REAR END,RAINING,WET,DAYLIGHT,TRAFFIC SIGNAL,NONE DETECTED,No,No Apparent Injury,NOT DISTRACTED,MD,Passenger Car,0,2015.0,Gmc,SUV,14,Wednesday,9
MCP20550025,170536609,Montgomery County Police,Property Damage Crash,2017-10-14 11:00:00,County,SHADY GROVE RD,DARNESTOWN RD,SAME DIR REAR END,CLOUDY,DRY,DAYLIGHT,TRAFFIC SIGNAL,NONE DETECTED,Yes,No Apparent Injury,UNKNOWN,MD,(Sport) Utility Vehicle,45,2014.0,Toyoa,RAV4,11,Saturday,10
MCP3268002K,220054949,Montgomery County Police,Property Damage Crash,2022-12-12 14:01:00,County,OLD COLUMBIA PIKE,MUSGROVE RD,STRAIGHT MOVEMENT ANGLE,CLEAR,DRY,DAYLIGHT,STOP SIGN,NONE DETECTED,No,No Apparent Injury,NOT DISTRACTED,MD,Van,25,2018.0,Toyota,SIENNA,14,Monday,12
MCP1022005B,16042978,Montgomery County Police,Property Damage Crash,2016-08-24 08:22:00,Unknown,APPLEDOWRE CIRCLE,BRANDERMILL DR,STRAIGHT MOVEMENT ANGLE,CLEAR,DRY,DAYLIGHT,NO CONTROLS,NONE DETECTED,Yes,No Apparent Injury,LOOKED BUT DID NOT SEE,MD,Passenger Car,25,2015.0,Hyun,SONATA,8,Wednesday,8
MCP30680041,220018656,Montgomery County Police,Property Damage Crash,2022-05-02 14:11:00,County,CARDIGAN RD,HOWELL RD,SAME DIRECTION LEFT TURN,CLEAR,DRY,DAYLIGHT,STOP SIGN,Unknown,Yes,No Apparent Injury,LOOKED BUT DID NOT SEE,MD,Passenger Car,30,2011.0,Lexs,4S,14,Monday,5
MCP33190029,240009859,MONTGOMERY,Property Damage Crash,2024-02-29 10:23:00,County Route,FAIRVIEW RD,NOYES DR,Other,Clear,Dry,Daylight,No Controls,"Suspect of Alcohol Use, Not Suspect of Drug Use",Yes,No Apparent Injury,Not Distracted,MD,Sport Utility Vehicle,25,2016.0,Honda,CR-V,10,Thursday,2
MCP2438002Z,210017588,Montgomery County Police,Property Damage Crash,2021-05-10 16:12:00,County,FAIRLAND RD,OLD COLUMBIA PIKE,STRAIGHT MOVEMENT ANGLE,CLEAR,DRY,DAYLIGHT,TRAFFIC SIGNAL,Unknown,No,No Apparent Injury,NOT DISTRACTED,MD,Van,40,2011.0,Infiniti,EX35,16,Monday,5
MCP3109007H,220053813,Montgomery County Police,Property Damage Crash,2022-12-06 09:45:00,County,NORTHAMPTON DR,NEW HAMPSHIRE AVE,SAME DIRECTION SIDESWIPE,RAINING,WET,DAYLIGHT,TRAFFIC SIGNAL,NONE DETECTED,Unknown,No Apparent Injury,NOT DISTRACTED,MD,Transit Bus,25,2015.0,Tbu,BUS,9,Tuesday,12
MCP3334000T,230000139,Montgomery County Police,Property Damage Crash,2023-01-02 07:43:00,Maryland (State),GEORGIA AVE,RAMP 2 FR IS 495 WB TO MD 97 NB,SAME DIR REAR END,CLEAR,DRY,DAYLIGHT,TRAFFIC SIGNAL,NONE DETECTED,No,No Apparent Injury,NOT DISTRACTED,MD,(Sport) Utility Vehicle,45,2021.0,Toyota,UT,7,Monday,1
MCP1064004N,16038877,Montgomery County Police,Property Damage Crash,2016-08-01 10:51:00,Maryland (State),NEW HAMPSHIRE AVE,OAKVIEW DR,ANGLE MEETS LEFT HEAD ON,CLOUDY,DRY,DAYLIGHT,TRAFFIC SIGNAL,Unknown,No,No Apparent Injury,NOT DISTRACTED,GA,Van,25,2016.0,Ford,TRANSIT VAN,10,Monday,8
MCP3111009V,250033969,MONTGOMERY,Property Damage Crash,2025-07-30 13:54:00,Maryland (State) Route,WISCONSIN AVE (SB/L),Unknown,"Sideswipe, Same Direction",Clear,Dry,Daylight,No Controls,"Not Suspect of Alcohol Use, Not Suspect of Drug Use",No,No Apparent Injury,Not Distracted,DC,Bus - Transit,30,2013.0,Gillig,LOW FLOOR BUS,13,Wednesday,7
MCP2766004B,180059036,Montgomery County Police,Property Damage Crash,2018-11-26 06:30:00,County,BRIGGS CHANEY RD,COLUMBIA PIKE,HEAD ON LEFT TURN,CLEAR,DRY,DARK LIGHTS ON,TRAFFIC SIGNAL,NONE DETECTED,No,No Apparent Injury,NOT DISTRACTED,MD,Passenger Car,45,2002.0,Nissan,4S,6,Monday,11
DD5508002C,16047150,Rockville Police Departme,Property Damage Crash,2016-09-14 15:34:00,Municipality,DOVER RD,N HORNERS LA,SAME DIR REAR END,CLEAR,DRY,DAYLIGHT,STOP SIGN,NONE DETECTED,No,No Apparent Injury,NOT DISTRACTED,MD,Transit Bus,30,2005.0,Nfly,BUS,15,Wednesday,9
MCP30820007,170525199,Montgomery County Police,Property Damage Crash,2017-08-16 18:07:00,Maryland (State),GEORGIA AVE,FOREST GLEN RD,SAME DIR REAR END,CLEAR,DRY,DAYLIGHT,TRAFFIC SIGNAL,Unknown,No,No Apparent Injury,NOT DISTRACTED,MD,Passenger Car,35,2002.0,Buic,4S,18,Wednesday,8
MCP3044001X,170530521,Montgomery County Police,Injury Crash,2017-09-14 12:24:00,County,WAYNE AVE,GEORGIA AVE,SAME DIR REAR END,CLEAR,DRY,DAYLIGHT,NO CONTROLS,NONE DETECTED,No,Possible Injury,NOT DISTRACTED,MD,Passenger Car,30,2011.0,Toyt,4S,12,Thursday,9
DD5657002F,240046518,ROCKVILLE,Property Damage Crash,2024-09-29 15:00:00,Maryland (State) Route,VEIRS MILL RD,Unknown,Front to Rear,Cloudy,Dry,Daylight,No Controls,"Not Suspect of Alcohol Use, Not Suspect of Drug Use",Yes,No Apparent Injury,Not Distracted,MD,Passenger Car,35,2015.0,Kia,OPTIMA,15,Sunday,9
MCP2863003N,250014901,MONTGOMERY,Injury Crash,2025-04-05 19:30:00,Ramp,RAMP 12 FR SHADY GROVE RD NB TO RAMP 11,SHADY GROVE RD (SB/L),Angle,Clear,Dry,Dusk,Traffic Control Signal,"Not Suspect of Alcohol Use, Not Suspect of Drug Use",No,Suspected Minor Injury,Not Distracted,MD,Passenger Car,35,1967.0,Chevrolet,CHEVELLE,19,Saturday,4
MCP29640047,190053765,Montgomery County Police,Injury Crash,2019-11-07 21:17:00,Maryland (State),RIDGE RD,BETHESDA CHURCH RD,SAME DIR REAR END,CLEAR,WET,DARK LIGHTS ON,TRAFFIC SIGNAL,NONE DETECTED,Yes,No Apparent Injury,INATTENTIVE OR LOST IN THOUGHT,MD,Passenger Car,40,2017.0,Hond,HRV,21,Thursday,11
MCP30220056,230047042,Montgomery County Police,Property Damage Crash,2023-07-31 00:08:00,County,CRYSTAL ROCK DR,WATERS LANDING DR,STRAIGHT MOVEMENT ANGLE,Unknown,DRY,DARK LIGHTS ON,TRAFFIC SIGNAL,Unknown,Yes,No Apparent Injury,LOOKED BUT DID NOT SEE,MD,Passenger Car,35,2017.0,Merz,SD,0,Monday,7
MCP2107003D,210050165,Montgomery County Police,Property Damage Crash,2021-12-10 12:17:00,County,WISTERIA DR,DEMETRIAS WAY,SAME DIR REAR END,CLEAR,DRY,DAYLIGHT,Unknown,NONE DETECTED,Yes,No Apparent Injury,OTHER DISTRACTION,MD,Passenger Car,30,2014.0,Toyt,4S,12,Friday,12
DD56620003,230008027,Rockville Police Departme,Property Damage Crash,2023-02-17 08:58:00,Municipality,RESEARCH BLVD,SPUR FR MD 28,OPPOSITE DIRECTION SIDESWIPE,RAINING,WET,OTHER,OTHER,NONE DETECTED,Yes,No Apparent Injury,INATTENTIVE OR LOST IN THOUGHT,MD,Passenger Car,25,2007.0,Chevrolet,COBALT,8,Friday,2
MCP296200BT,250057480,MONTGOMERY,Property Damage Crash,2025-12-24 12:39:00,Unknown,Unknown,Unknown,"Sideswipe, Opposite Direction",Clear,Unknown,Daylight,Unknown,"Not Suspect of Alcohol Use, Not Suspect of Drug Use",No,No Apparent Injury,Not Distracted,MD,Passenger Car,0,2026.0,Lexus,RX,12,Wednesday,12
EJ78850044,240009617,GAITHERSBURG,Property Damage Crash,2024-02-27 19:20:00,Maryland (State) Route,QUINCE ORCHARD RD (SB/L),Unknown,Front to Rear,Clear,Dry,Dark - Lighted,No Controls,"Not Suspect of Alcohol Use, Not Suspect of Drug Use",No,No Apparent Injury,Not Distracted,MD,Passenger Car,35,2016.0,Toyota,HIGHLANDER,19,Tuesday,2
MCP26150035,190038516,Montgomery County Police,Property Damage Crash,2019-08-12 20:26:00,County,CHERRY HILL RD,BROADBIRCH DR,STRAIGHT MOVEMENT ANGLE,CLEAR,DRY,DARK LIGHTS ON,TRAFFIC SIGNAL,NONE DETECTED,No,No Apparent Injury,NOT DISTRACTED,MD,Passenger Car,40,2006.0,Toyota,CAROLLA,20,Monday,8
MCP3351001G,230051861,Montgomery County Police,Property Damage Crash,2023-08-28 15:26:00,County,E RANDOLPH RD,ENT TO VALLEY MILL PARK,STRAIGHT MOVEMENT ANGLE,CLEAR,DRY,DAYLIGHT,NO CONTROLS,NONE DETECTED,Yes,No Apparent Injury,LOOKED BUT DID NOT SEE,VA,Passenger Car,40,2011.0,Hond,FIT,15,Monday,8
MCP9429000Q,240031254,MONTGOMERY,Injury Crash,2024-07-02 15:50:00,US (State),GEORGIA AVE (SB/L),Unknown,Front to Rear,Clear,Dry,Daylight,"Other Pavement Marking (excluding edgelines, centerlines, or lane lines)","Not Suspect of Alcohol Use, Not Suspect of Drug Use",No,No Apparent Injury,Not Distracted,MD,Sport Utility Vehicle,30,2023.0,Jeep,GRAND CHEROKEE,15,Tuesday,7
MCP3016004K,230028253,Montgomery County Police,Injury Crash,2023-06-12 14:38:00,County,MIDDLEBROOK RD,CENTURY BLVD,STRAIGHT MOVEMENT ANGLE,RAINING,WET,DAYLIGHT,TRAFFIC SIGNAL,Unknown,Yes,No Apparent Injury,LOOKED BUT DID NOT SEE,MD,Passenger Car,45,2022.0,Toyota,CAMARY,14,Monday,6
MCP3084002N,180059485,Montgomery County Police,Property Damage Crash,2018-11-28 13:52:00,County,ROCKLEDGE BLVD,ROCK FOREST DR (PROPOSED),SAME DIR BOTH LEFT TURN,CLEAR,DRY,DAYLIGHT,TRAFFIC SIGNAL,NONE DETECTED,No,No Apparent Injury,NOT DISTRACTED,MD,Passenger Car,35,2016.0,Jeep,TK,13,Wednesday,11
MCP31120061,220018780,Montgomery County Police,Property Damage Crash,2022-05-03 13:00:00,Maryland (State),WISCONSIN AVE,MIDDLETON LA,SAME DIR REAR END,CLOUDY,DRY,DAYLIGHT,OTHER,NONE DETECTED,No,No Apparent Injury,NOT DISTRACTED,MD,Pickup Truck,25,2018.0,Chevrolet,SILVERADO,13,Tuesday,5
MCP26440005,16022549,Montgomery County Police,Injury Crash,2016-05-06 21:50:00,County,TWINBROOK PKWY,ARDENNES AVE,STRAIGHT MOVEMENT ANGLE,RAINING,WET,DARK LIGHTS ON,NO CONTROLS,NONE DETECTED,Yes,No Apparent Injury,UNKNOWN,MD,Passenger Car,40,1994.0,Toyota,CAMRY,21,Friday,5
MCP209400BZ,180039006,Montgomery County Police,Injury Crash,2018-08-06 15:08:00,Maryland (State),CONNECTICUT AVE,RAMP 4 FR MD 185 NB TO IS 495 EB,SAME DIR REAR END,CLEAR,DRY,DAYLIGHT,NO CONTROLS,NONE DETECTED,No,Possible Injury,NOT DISTRACTED,MD,Station Wagon,35,2007.0,Hyundi,ENTOURAGE,15,Monday,8
MCP1233006F,250013392,MONTGOMERY,Property Damage Crash,2025-03-27 14:05:00,County Route,GROSVENOR LA,ROCKVILLE PIKE (SB/L),Rear To Side,Clear,Dry,Daylight,Lane Use Control Signal,"Not Suspect of Alcohol Use, Not Suspect of Drug Use",Yes,No Apparent Injury,Not Distracted,MD,Passenger Car,35,2016.0,Toyota,CAMRY,14,Thursday,3
MCP2592003F,230070397,Montgomery County Police,Property Damage Crash,2023-12-07 12:44:00,County,STEDWICK RD,MONTGOMERY VILLAGE AVE,ANGLE MEETS LEFT TURN,CLEAR,DRY,DAYLIGHT,NO CONTROLS,NONE DETECTED,No,No Apparent Injury,NOT DISTRACTED,MD,Passenger Car,30,2011.0,Honda,PILOT,12,Thursday,12
MCP14530061,180040162,Montgomery County Police,Injury Crash,2018-08-13 08:42:00,County,MIDDLEBROOK RD,RAMP 7 FR MIDDLEBROOK RD TO RAMP 6,HEAD ON LEFT TURN,CLOUDY,DRY,DAYLIGHT,FLASHING TRAFFIC SIGNAL,NONE DETECTED,No,Suspected Minor Injury,NOT DISTRACTED,MD,Passenger Car,40,2012.0,Toyota,COROLLA,8,Monday,8
MCP06850054,190055764,Montgomery County Police,Property Damage Crash,2019-11-19 06:43:00,Maryland (State),FREDERICK RD,W GUDE DR,SAME DIR REAR END,FOGGY,WET,DAWN,TRAFFIC SIGNAL,NONE DETECTED,No,No Apparent Injury,NOT DISTRACTED,MD,Pickup Truck,40,2014.0,Ford,F150,6,Tuesday,11
MCP3233000L,200014929,Montgomery County Police,Injury Crash,2020-04-03 19:05:00,Maryland (State),GEORGIA AVE,COLESVILLE RD,STRAIGHT MOVEMENT ANGLE,CLEAR,DRY,DAYLIGHT,TRAFFIC SIGNAL,NONE DETECTED,Yes,Possible Injury,LOOKED BUT DID NOT SEE,MD,Passenger Car,30,2015.0,Toyota,AVALON,19,Friday,4
MCP2874001H,16029431,Montgomery County Police,Injury Crash,2016-06-11 16:09:00,Maryland (State),GEORGIA AVE,HENDERSON AVE,SAME DIR REAR END,CLEAR,DRY,DAYLIGHT,NO CONTROLS,NONE DETECTED,No,Suspected Minor Injury,NOT DISTRACTED,MD,Passenger Car,35,2011.0,Niss,SW,16,Saturday,6
MCP26120028,170526283,Montgomery County Police,Injury Crash,2017-08-22 19:40:00,County,RANDOLPH RD,CONNECTICUT AVE,HEAD ON LEFT TURN,CLEAR,DRY,DUSK,TRAFFIC SIGNAL,Unknown,No,Possible Injury,NOT DISTRACTED,MD,Passenger Car,45,1998.0,Honda,ACCORD,19,Tuesday,8
MCP2723001M,16026390,Montgomery County Police,Injury Crash,2016-05-27 12:03:00,County,RANDOLPH RD,HAMMONTON RD,STRAIGHT MOVEMENT ANGLE,CLEAR,DRY,DAYLIGHT,NO CONTROLS,Unknown,Yes,Suspected Minor Injury,UNKNOWN,MD,Passenger Car,45,2004.0,Hyundai,ELANTRA,12,Friday,5
MCP1563006F,200047641,Montgomery County Police,Property Damage Crash,2020-12-03 12:54:00,Maryland (State),OLD GEORGETOWN RD,NICHOLSON LA,SAME DIR REAR END,CLEAR,DRY,DAYLIGHT,TRAFFIC SIGNAL,NONE DETECTED,No,No Apparent Injury,NOT DISTRACTED,MD,Passenger Car,40,2017.0,Subaru,OUTBACK,12,Thursday,12
DD5522004W,210034679,Rockville Police Departme,Property Damage Crash,2021-09-04 02:34:00,Municipality,N WASHINGTON ST,HUNGERFORD DR,SINGLE VEHICLE,CLEAR,DRY,DARK LIGHTS ON,NO CONTROLS,ALCOHOL PRESENT,Yes,No Apparent Injury,UNKNOWN,MD,Passenger Car,25,2019.0,Nissan,MAXIMA,2,Saturday,9
MCP1064004L,16032520,Montgomery County Police,Injury Crash,2016-06-27 13:37:00,Maryland (State),NEW HAMPSHIRE AVE,HOLLYWOOD AVE,SAME DIR REAR END,CLOUDY,DRY,DAYLIGHT,Unknown,Unknown,No,Suspected Minor Injury,NOT DISTRACTED,MD,(Sport) Utility Vehicle,40,2009.0,Merz,R350,13,Monday,6
MCP2534003Y,210049943,Montgomery County Police,Injury Crash,2021-12-09 02:25:00,Maryland (State),UNIVERSITY BLVD W,AMHERST AVE,STRAIGHT MOVEMENT ANGLE,CLEAR,DRY,DARK LIGHTS ON,FLASHING TRAFFIC SIGNAL,NONE DETECTED,Yes,No Apparent Injury,NOT DISTRACTED,MD,(Sport) Utility Vehicle,25,2016.0,Jeep,SW,2,Thursday,12
MCP25980026,180061439,Montgomery County Police,Property Damage Crash,2018-12-08 18:57:00,Maryland (State),16TH ST,EAST WEST HWY,SAME DIR REAR END,CLEAR,DRY,DARK LIGHTS ON,TRAFFIC SIGNAL,NONE DETECTED,No,No Apparent Injury,NOT DISTRACTED,DC,Passenger Car,35,2015.0,Subaru,IMPREZZA,18,Saturday,12
MCP2365001Q,200035767,Montgomery County Police,Injury Crash,2020-09-12 13:36:00,US (State),COLUMBIA PIKE,GREENCASTLE RD,SAME DIRECTION SIDESWIPE,CLOUDY,DRY,DAYLIGHT,TRAFFIC SIGNAL,NONE DETECTED,Yes,No Apparent Injury,NOT DISTRACTED,MD,Passenger Car,60,2013.0,Mitsubishi,LANCER,13,Saturday,9
MCP2791001R,15065302,MONTGOMERY,Injury Crash,2015-12-21 15:44:00,Maryland (State),SANDY SPRING RD,MCKNEW RD,SAME DIR REAR END,CLOUDY,DRY,DAYLIGHT,Unknown,NONE DETECTED,Yes,Possible Injury,NOT DISTRACTED,MD,Passenger Car,40,1996.0,Chevy,BLAZER,15,Monday,12
MCP2603004T,230021210,Montgomery County Police,Property Damage Crash,2023-05-03 17:17:00,County,FIELDS RD,WASHINGTONIAN BLVD,STRAIGHT MOVEMENT ANGLE,CLEAR,DRY,DAYLIGHT,NO CONTROLS,Unknown,Yes,No Apparent Injury,UNKNOWN,MD,Passenger Car,35,2005.0,Toyota,COROLLA,17,Wednesday,5
MCP29460021,16057833,Montgomery County Police,Injury Crash,2016-11-09 16:10:00,County,LONG CORNER RD,MULLINIX MILL RD,SINGLE VEHICLE,CLOUDY,WET,DAYLIGHT,Unknown,NONE DETECTED,Yes,Possible Injury,NOT DISTRACTED,MD,Pickup Truck,30,2003.0,Ford,RANGER,16,Wednesday,11
MCP32110008,190041642,Montgomery County Police,Property Damage Crash,2019-08-30 21:37:00,Maryland (State),EAST WEST HWY,16TH ST,HEAD ON LEFT TURN,CLEAR,DRY,DARK LIGHTS ON,TRAFFIC SIGNAL,NONE DETECTED,Yes,No Apparent Injury,LOOKED BUT DID NOT SEE,MD,Passenger Car,35,2008.0,Toyt,YARIS,21,Friday,8
MCP3096004L,250018777,MONTGOMERY,Injury Crash,2025-04-29 19:33:00,County Route,GLEN RD,Unknown,"Sideswipe, Same Direction",Clear,Dry,Dusk,No Controls,"Not Suspect of Alcohol Use, Not Suspect of Drug Use",Yes,No Apparent Injury,Not Distracted,MD,Passenger Car,25,2011.0,Bmw,535I,19,Tuesday,4
MCP27360041,16059081,Montgomery County Police,Property Damage Crash,2016-11-16 17:46:00,Other Public Roadway,MONTROSE PKWY,SPUR TO E JEFFERSON ST,SINGLE VEHICLE,RAINING,WET,DARK LIGHTS ON,NO CONTROLS,NONE DETECTED,Yes,No Apparent Injury,NOT DISTRACTED,US,Passenger Car,35,2005.0,Chrysler,PACIFICA,17,Wednesday,11
MCP2845005X,190060895,Montgomery County Police,Property Damage Crash,2019-12-18 08:00:00,Maryland (State),UNIVERSITY BLVD E,E FRANKLIN AVE,SAME DIR REAR END,CLEAR,DRY,DAYLIGHT,TRAFFIC SIGNAL,NONE DETECTED,Yes,No Apparent Injury,LOOKED BUT DID NOT SEE,MD,Passenger Car,40,2005.0,Ford,F150,8,Wednesday,12
EJ7836001Z,190054139,Gaithersburg Police Depar,Injury Crash,2019-11-10 03:30:00,Maryland (State),MONTGOMERY VILLAGE AVE,SPUR TO RUSSELL AVE,SAME DIR REAR END,CLEAR,DRY,DARK LIGHTS ON,TRAFFIC SIGNAL,Unknown,No,Possible Injury,NOT DISTRACTED,MD,Passenger Car,35,2014.0,Dodg,4S,3,Sunday,11
MCP3311001S,230022639,Montgomery County Police,Property Damage Crash,2023-05-11 16:21:00,County,FAIRWAY AVE,LAWSON PL,OTHER,CLEAR,DRY,DAYLIGHT,NO CONTROLS,Unknown,Yes,No Apparent Injury,NOT DISTRACTED,MD,School Bus,25,2018.0,Frht,BUS,16,Thursday,5
MCP2076000H,16003016,Montgomery County Police,Injury Crash,2016-01-16 15:11:00,US (State),COLUMBIA PIKE,BRIGGS CHANEY RD,SAME DIR REAR END,CLOUDY,DRY,DAYLIGHT,NO CONTROLS,NONE DETECTED,No,Suspected Minor Injury,NOT DISTRACTED,MD,Passenger Car,55,2008.0,Toyota,4 RUNNER,15,Saturday,1
MCP2937005B,240012008,MONTGOMERY,Property Damage Crash,2024-03-12 22:30:00,US (State),COLESVILLE RD,UNIVERSITY BLVD E,Front to Front,Clear,Dry,Dark - Lighted,Traffic Control Signal,"Not Suspect of Alcohol Use, Not Suspect of Drug Use",No,No Apparent Injury,Not Distracted,MD,Passenger Car,35,2013.0,Chrysler,300C,22,Tuesday,3
MCP2563001L,230017107,Montgomery County Police,Injury Crash,2023-04-10 16:21:00,Maryland (State),MUNCASTER MILL RD,STRUC #15015 ROCK CREEK,SINGLE VEHICLE,CLEAR,DRY,DAYLIGHT,WARNING SIGN,NONE DETECTED,No,No Apparent Injury,UNKNOWN,MD,Passenger Car,40,2005.0,Toyota,COROLLA,16,Monday,4