Report Number,Local Case Number,Agency Name,ACRS Report Type,Crash Date/Time,Route Type,Road Name,Cross-Street Name,Collision Type,Weather,Surface Condition,Light,Traffic Control,Driver Substance Abuse,Driver At Fault,Injury Severity,Driver Distracted By,Drivers License State,Vehicle Body Type,Speed Limit,Vehicle Year,Vehicle Make,Vehicle Model,Crash Hour,Crash Day,Crash Month
MCP30600037,220011806,Montgomery County Police,Property Damage Crash,2022-03-19 01:43:00,Interstate (State),EISENHOWER MEMORIAL HWY,MONTROSE RD,SAME DIRECTION SIDESWIPE,CLEAR,DRY,DARK LIGHTS ON,NO CONTROLS,ALCOHOL CONTRIBUTED,Yes,No Apparent Injury,UNKNOWN,MD,Passenger Car,55,2022.0,Toyo,COROLLA,1,Saturday,3
MCP0017000G,190018742,Montgomery County Police,Property Damage Crash,2019-04-21 23:14:00,County,RANDOLPH RD,NEW HAMPSHIRE AVE,SAME DIRECTION RIGHT TURN,CLEAR,DRY,DARK LIGHTS ON,NO CONTROLS,NONE DETECTED,No,No Apparent Injury,NOT DISTRACTED,NJ,Passenger Car,40,2013.0,Kia,OPTIMA,23,Sunday,4
MCP28590056,180027831,Montgomery County Police,Injury Crash,2018-06-06 11:00:00,Maryland (State),GREAT SENECA HWY,KENTLANDS BLVD,SAME DIR REAR END,CLEAR,DRY,DAYLIGHT,NO CONTROLS,NONE DETECTED,No,Possible Injury,NOT DISTRACTED,MD,Passenger Car,40,2012.0,Toyt,HIGHLANDER,11,Wednesday,6
MCP2534005D,240046093,MONTGOMERY,Injury Crash,2024-09-27 02:11:00,County Route,BROOKE RD,Unknown,Single Vehicle,Clear,Dry,Dark - Lighted,No Controls,"Suspect of Alcohol Use, Not Suspect of Drug Use",No,Suspected Minor Injury,Not Distracted,MD,Pickup,30,2009.0,Dodge,RAM,2,Friday,9
MCP3208007P,260000294,MONTGOMERY,Injury Crash,2026-01-03 00:13:00,Government Route,SLIGO CREEK PKWY,COLESVILLE RD COLESVILLE RD (SB/L) ST ANDREWS WAY,Front to Rear,Clear,Dry,Dark - Lighted,Traffic Control Signal,"Suspect of Alcohol Use, Not Suspect of Drug Use",Yes,No Apparent Injury,Unknown,MD,Passenger Car,30,2013.0,Subaru,IMPREZA,0,Saturday,1
MCP2688001G,15007785,Montgomery County Police,Property Damage Crash,2015-02-17 23:18:00,Maryland (State),UNIVERSITY BLVD W,BRUNETT AVE,SINGLE VEHICLE,SNOW,SNOW,DARK LIGHTS ON,Unknown,NONE DETECTED,Yes,No Apparent Injury,NOT DISTRACTED,MD,Passenger Car,40,2006.0,Honda,CIVIC,23,Tuesday,2
MCP137801DS,250045259,MONTGOMERY,Property Damage Crash,2025-10-08 15:48:00,Maryland (State) Route,Unknown,Unknown,Front to Rear,Cloudy,Dry,Daylight,No Controls,"Not Suspect of Alcohol Use, Not Suspect of Drug Use",No,No Apparent Injury,Not Distracted,MD,Sport Utility Vehicle,45,2020.0,Dodge,DURANGO,15,Wednesday,10
DD5658000F,230014578,Rockville Police Departme,Property Damage Crash,2023-03-26 08:45:00,Unknown,1030 VIERS MILL ROAD,EDMONSTON,SAME DIRECTION RIGHT TURN,CLEAR,DRY,DAYLIGHT,Unknown,Unknown,No,No Apparent Injury,UNKNOWN,MD,Other Bus,25,2022.0,Nfly,2022,8,Sunday,3
HA24850010,23001898,Maryland-National Capital,Property Damage Crash,2023-10-02 11:39:00,Unknown,Unknown,Unknown,OTHER,Unknown,Unknown,DAYLIGHT,NO CONTROLS,NONE DETECTED,Unknown,No Apparent Injury,UNKNOWN,MD,(Sport) Utility Vehicle,15,2014.0,Gmc,TRUCK,11,Monday,10
MCP26120042,210032533,Montgomery County Police,Property Damage Crash,2021-08-20 20:50:00,Maryland (State),LAYHILL RD,PARK VISTA DR,HEAD ON LEFT TURN,CLEAR,DRY,DARK LIGHTS ON,NO CONTROLS,NONE DETECTED,No,No Apparent Injury,NOT DISTRACTED,MD,Passenger Car,35,2003.0,Honda,CIVIC,20,Friday,8
MCP15750093,190037818,Montgomery County Police,Injury Crash,2019-08-08 12:01:00,Maryland (State),HUNGERFORD DR,MANNAKEE ST,HEAD ON LEFT TURN,CLEAR,DRY,DAYLIGHT,TRAFFIC SIGNAL,NONE DETECTED,Yes,Possible Injury,NOT DISTRACTED,MD,Passenger Car,35,2015.0,Honda,CIVIC,12,Thursday,8
EJ7888001G,210047461,Gaithersburg Police Depar,Property Damage Crash,2021-11-22 09:44:00,Maryland (State),QUINCE ORCHARD RD,SPUR FR MD 355,OTHER,CLEAR,DRY,DAYLIGHT,NO CONTROLS,UNKNOWN,Yes,No Apparent Injury,LOOKED BUT DID NOT SEE,MD,Passenger Car,35,2008.0,Nissan,4S,9,Monday,11
MCP3009007S,240013445,MONTGOMERY,Property Damage Crash,2024-03-21 08:00:00,Spur,Unknown,Unknown,Front to Rear,Clear,Dry,Daylight,Yield Sign,"Not Suspect of Alcohol Use, Not Suspect of Drug Use",No,No Apparent Injury,Not Distracted,MD,Passenger Car,40,2014.0,Subaru,CROSSTREK,8,Thursday,3
MCP27460017,15066310,Montgomery County Police,Property Damage Crash,2015-12-26 21:15:00,Unknown,Unknown,Unknown,SAME DIR REAR END,RAINING,Unknown,DARK LIGHTS ON,Unknown,UNKNOWN,Yes,No Apparent Injury,LOOKED BUT DID NOT SEE,MD,Van,10,2015.0,Ford,TRANSIT 250,21,Saturday,12
MCP2048001K,170538580,Montgomery County Police,Property Damage Crash,2017-10-24 17:00:00,US (State),COLUMBIA PIKE,BEGIN BRIDGE,SAME DIR REAR END,CLEAR,DRY,DAYLIGHT,Unknown,NONE DETECTED,Yes,No Apparent Injury,LOOKED BUT DID NOT SEE,MD,Passenger Car,50,2008.0,Toyot,YARIS,17,Tuesday,10
MCP3218000J,200013354,Montgomery County Police,Property Damage Crash,2020-03-20 07:10:00,Maryland (State),GEORGIA AVE,OLNEY SANDY SPRING RD,STRAIGHT MOVEMENT ANGLE,CLEAR,DRY,DAYLIGHT,TRAFFIC SIGNAL,NONE DETECTED,No,No Apparent Injury,NOT DISTRACTED,MD,Passenger Car,30,2017.0,Hyundai,ELANTRA,7,Friday,3
MCP3224000N,200029493,Montgomery County Police,Property Damage Crash,2020-07-29 19:06:00,County,CHERRY HILL RD,BROADBIRCH DR,SAME DIR REAR END,CLEAR,DRY,DAYLIGHT,TRAFFIC SIGNAL,NONE DETECTED,Yes,No Apparent Injury,UNKNOWN,XX,Passenger Car,40,2009.0,Toyota,MATRIX,19,Wednesday,7
MCP2885000Z,15025244,Montgomery County Police,Injury Crash,2015-05-26 08:43:00,Maryland (State),VEIRS MILL RD,GALT AVE,STRAIGHT MOVEMENT ANGLE,CLEAR,DRY,DAYLIGHT,NO CONTROLS,NONE DETECTED,No,No Apparent Injury,NOT DISTRACTED,MD,Passenger Car,35,2005.0,Volv,4S,8,Tuesday,5
MCP2456008G,240014910,MONTGOMERY,Injury Crash,2024-03-30 12:00:00,Maryland (State) Route,NEW HAMPSHIRE AVE,OAKVIEW DR,Front to Rear,Clear,Dry,Daylight,Traffic Control Signal,"Not Suspect of Alcohol Use, Not Suspect of Drug Use",Yes,No Apparent Injury,Not Distracted,MD,Passenger Car,40,2010.0,Toyota,COROLLA,12,Saturday,3
MCP2723009K,250010665,MONTGOMERY,Injury Crash,2025-03-11 15:40:00,Maryland (State) Route,GEORGIA AVE,Unknown,Angle,Clear,Dry,Daylight,No Controls,"Not Suspect of Alcohol Use, Not Suspect of Drug Use",Yes,No Apparent Injury,Not Distracted,AL,Passenger Car,35,2020.0,Gmc,YUKON XL,15,Tuesday,3
EJ7875005C,240049895,GAITHERSBURG,Injury Crash,2024-10-18 16:58:00,Maryland (State) Route,S FREDERICK RD (SB/L),Unknown,Front to Rear,Clear,Dry,Daylight,Traffic Control Signal,"Not Suspect of Alcohol Use, Not Suspect of Drug Use",No,Suspected Minor Injury,Not Distracted,MD,Passenger Car,35,2023.0,Toyota,RAV4,16,Friday,10
MCP29650026,170520330,Montgomery County Police,Injury Crash,2017-07-21 10:12:00,Maryland (State),NEW HAMPSHIRE AVE,RANDOLPH RD,SAME DIRECTION RIGHT TURN,CLEAR,DRY,DAYLIGHT,NO CONTROLS,NONE DETECTED,No,Possible Injury,NOT DISTRACTED,MD,Passenger Car,45,2001.0,Toyota,CORROLA,10,Friday,7
MCP9118002P,210024307,Montgomery County Police,Property Damage Crash,2021-06-25 02:01:00,Maryland (State),GEORGIA AVE,RANDOLPH RD,SINGLE VEHICLE,CLEAR,DRY,DARK LIGHTS ON,TRAFFIC SIGNAL,ALCOHOL PRESENT,Yes,No Apparent Injury,UNKNOWN,MD,Passenger Car,35,2008.0,Vw,4S,2,Friday,6
MCP2766000V,15000735,Montgomery County Police,Property Damage Crash,2015-01-05 15:23:00,County,RANDOLPH RD,SELFRIDGE RD,STRAIGHT MOVEMENT ANGLE,CLEAR,DRY,DAYLIGHT,TRAFFIC SIGNAL,NONE DETECTED,Yes,No Apparent Injury,NOT DISTRACTED,MD,(Sport) Utility Vehicle,35,2002.0,Toyota,SEQUOIA,15,Monday,1
EJ7858000Z,170504257,Gaithersburg Police Depar,Injury Crash,2017-04-26 00:41:00,Interstate (State),EISENHOWER MEMORIAL HWY,EXIT #9,OTHER,RAINING,WET,DARK LIGHTS ON,OTHER,NONE DETECTED,Yes,No Apparent Injury,NOT DISTRACTED,MD,Passenger Car,55,2006.0,Volvo,S60,0,Wednesday,4
MCP2305003Q,250011459,MONTGOMERY,Property Damage Crash,2025-03-16 02:08:00,County Route,BRANDERMILL DR,Unknown,Front to Rear,Clear,Dry,Dark - Lighted,No Controls,"Not Suspect of Alcohol Use, Not Suspect of Drug Use",Yes,No Apparent Injury,Unknown,MD,Passenger Car,25,2014.0,Dodge,CHARGER,2,Sunday,3
EJ7866002Q,170550729,Gaithersburg Police Depar,Injury Crash,2017-12-26 11:50:00,Maryland (State),GREAT SENECA HWY,MUDDY BRANCH RD,STRAIGHT MOVEMENT ANGLE,Unknown,DRY,DAYLIGHT,TRAFFIC SIGNAL,NONE DETECTED,No,No Apparent Injury,NOT DISTRACTED,MD,Snowmobile,50,2016.0,Acur,SUV,11,Tuesday,12
MCP2059002C,15065267,MONTGOMERY,Property Damage Crash,2015-12-21 11:55:00,Maryland (State),ROCKVILLE PIKE,POOKS HILL RD,SAME DIRECTION SIDESWIPE,CLOUDY,DRY,DAYLIGHT,TRAFFIC SIGNAL,NONE DETECTED,No,No Apparent Injury,NOT DISTRACTED,MD,"Other Light Trucks (10,000Lbs (4,536Kg) Or Less)",35,2007.0,Ford,F150,11,Monday,12
MCP2329002N,230067207,Montgomery County Police,Property Damage Crash,2023-11-19 09:10:00,County,MONTGOMERY VILLAGE AVE,MIDCOUNTY HWY,STRAIGHT MOVEMENT ANGLE,CLEAR,DRY,DAYLIGHT,TRAFFIC SIGNAL,NONE DETECTED,No,No Apparent Injury,NOT DISTRACTED,MD,Pickup Truck,35,2018.0,Chev,TK,9,Sunday,11
MCP2859008F,200006504,Montgomery County Police,Property Damage Crash,2020-02-08 13:30:00,Interstate (State),NO NAME,RAMP 9 FR IS 370 EB TO SHADY GROVE RD,SAME DIR REAR END,CLEAR,DRY,DAYLIGHT,Unknown,NONE DETECTED,No,No Apparent Injury,NOT DISTRACTED,MD,Passenger Car,55,2019.0,Chev,TRAVERSE,13,Saturday,2
DD5651001M,220015885,Rockville Police Departme,Property Damage Crash,2022-04-14 17:45:00,Municipality,RESEARCH BLVD,W MONTGOMERY AVE,SINGLE VEHICLE,CLEAR,DRY,DAYLIGHT,NO CONTROLS,NONE DETECTED,No,No Apparent Injury,NOT DISTRACTED,MD,Transit Bus,30,2019.0,Gilg,BU,17,Thursday,4
EJ7875001L,200047117,Gaithersburg Police Depar,Injury Crash,2020-11-29 23:34:00,Maryland (State),FREDERICK RD,ODENDHAL AVE,SAME DIR REAR END,Unknown,DRY,DARK LIGHTS ON,TRAFFIC SIGNAL,Unknown,Yes,No Apparent Injury,OTHER DISTRACTION,MD,Passenger Car,25,2007.0,Honda,CIVIC,23,Sunday,11
MCP2291006R,230013224,Montgomery County Police,Injury Crash,2023-03-18 20:39:00,County,OAKLYN DR,POTOMAC STATION LA,STRAIGHT MOVEMENT ANGLE,CLEAR,DRY,DARK LIGHTS ON,STOP SIGN,NONE DETECTED,No,Possible Injury,NOT DISTRACTED,MD,Passenger Car,35,2009.0,Mercedez,E350,20,Saturday,3
MCP0539001R,15050821,MONTGOMERY,Injury Crash,2015-10-07 12:21:00,Maryland (State),FIRST ST,ANITA CT,SAME DIR REAR END,CLEAR,DRY,DAYLIGHT,TRAFFIC SIGNAL,NONE DETECTED,Yes,No Apparent Injury,NOT DISTRACTED,MD,Other,40,2010.0,Ford,TRANSIT VAN,12,Wednesday,10
MCP2311006T,210007035,Montgomery County Police,Injury Crash,2021-02-24 05:50:00,Maryland (State),WOODFIELD RD,SNOUFFERS SCHOOL RD,STRAIGHT MOVEMENT ANGLE,CLEAR,DRY,DARK LIGHTS ON,TRAFFIC SIGNAL,NONE DETECTED,Yes,Possible Injury,NOT DISTRACTED,MD,Passenger Car,35,1996.0,Jeep,TK,5,Wednesday,2
MCP28140010,15027152,Montgomery County Police,Property Damage Crash,2015-06-04 23:25:00,County,SHADY GROVE RD,OAKMONT AVE,SINGLE VEHICLE,RAINING,WET,DARK LIGHTS ON,NO CONTROLS,ALCOHOL CONTRIBUTED,Yes,No Apparent Injury,NOT DISTRACTED,MD,Passenger Car,40,2003.0,Cheverolet,SUBURBAN,23,Thursday,6
DD5502006G,220022808,Rockville Police Departme,Injury Crash,2022-05-28 08:58:00,Maryland (State),FIRST ST,GRANDIN AVE,SAME DIR REAR END,CLEAR,DRY,DAYLIGHT,NO CONTROLS,NONE DETECTED,Yes,No Apparent Injury,NOT DISTRACTED,MD,Passenger Car,30,2007.0,Volv,4S,8,Saturday,5
MCP1595002Z,250027429,MONTGOMERY,Property Damage Crash,2025-06-19 23:29:00,County Route,BELTON RD,Unknown,Front to Rear,Clear,Dry,Dark - Not Lighted,No Controls,"Not Suspect of Alcohol Use, Not Suspect of Drug Use",No,No Apparent Injury,Not Distracted,MD,Sport Utility Vehicle,15,2019.0,Toyota,RAV4,23,Thursday,6
MCP23990071,230051907,Montgomery County Police,Injury Crash,2023-08-28 19:47:00,County,MONTGOMERY VILLAGE AVE,APPLE RIDGE RD,STRAIGHT MOVEMENT ANGLE,CLEAR,DRY,DARK LIGHTS ON,TRAFFIC SIGNAL,NONE DETECTED,Yes,Possible Injury,UNKNOWN,MD,Passenger Car,25,2014.0,Nissan,SENTRA,19,Monday,8
MCP2929000H,15022578,Montgomery County Police,Property Damage Crash,2015-05-12 08:49:00,Maryland (State),GEORGIA AVE,GOLD MINE RD,HEAD ON LEFT TURN,CLEAR,DRY,DAYLIGHT,TRAFFIC SIGNAL,NONE DETECTED,No,No Apparent Injury,NOT DISTRACTED,MD,Passenger Car,20,2004.0,Hond,2S,8,Tuesday,5
HA2479000F,21001541,Maryland-National Capital,Property Damage Crash,2021-08-11 10:35:00,Unknown,Unknown,Unknown,STRAIGHT MOVEMENT ANGLE,CLEAR,Unknown,DAYLIGHT,Unknown,NONE DETECTED,Unknown,No Apparent Injury,NOT DISTRACTED,MD,Passenger Car,10,2006.0,Toyt,4S,10,Wednesday,8
MCP1378008S,15059102,MONTGOMERY,Property Damage Crash,2015-11-19 13:57:00,County,SHADY GROVE RD,CRABBS BRANCH WAY,STRAIGHT MOVEMENT ANGLE,RAINING,WET,DAYLIGHT,TRAFFIC SIGNAL,NONE DETECTED,Yes,No Apparent Injury,UNKNOWN,MD,Passenger Car,45,1999.0,Ford,MUSTANG,13,Thursday,11
MCP3260000N,240025444,MONTGOMERY,Property Damage Crash,2024-05-29 13:45:00,Maryland (State) Route,NEW HAMPSHIRE AVE,Unknown,Front to Rear,Clear,Dry,Daylight,No Controls,"Unknown, Unknown",Yes,Unknown,Unknown,Unknown,Passenger Car,35,2018.0,Toyota,SIENNA,13,Wednesday,5
MCP31210054,220057216,Montgomery County Police,Property Damage Crash,2022-12-25 17:03:00,County,CENTERWAY RD,BROADWATER DR,STRAIGHT MOVEMENT ANGLE,CLEAR,DRY,DARK -- UNKNOWN LIGHTING,NO CONTROLS,UNKNOWN,Yes,No Apparent Injury,UNKNOWN,Unknown,Passenger Car,35,2007.0,Merc,E550,17,Sunday,12
MCP2286001T,170532688,Montgomery County Police,Property Damage Crash,2017-09-23 16:06:00,Maryland (State),FIRST ST,ROCKVILLE PIKE,SAME DIR REAR END,CLEAR,DRY,DAYLIGHT,TRAFFIC SIGNAL,NONE DETECTED,Yes,No Apparent Injury,LOOKED BUT DID NOT SEE,VA,Passenger Car,35,2010.0,Toyota,4DR PRIUS,16,Saturday,9
DD5615001M,16011007,Rockville Police Departme,Property Damage Crash,2016-03-05 12:30:00,Maryland (State),ROCKVILLE PIKE,TEMPLETON PL,STRAIGHT MOVEMENT ANGLE,CLEAR,DRY,DAYLIGHT,TRAFFIC SIGNAL,NONE DETECTED,No,No Apparent Injury,NOT DISTRACTED,MD,Passenger Car,40,2011.0,Hond,4S,12,Saturday,3
MCP31260041,230008773,Montgomery County Police,Injury Crash,2023-02-21 17:35:00,Maryland (State),RIDGE RD,KINGS VALLEY RD,STRAIGHT MOVEMENT ANGLE,CLEAR,DRY,DAYLIGHT,TRAFFIC SIGNAL,NONE DETECTED,No,Possible Injury,NOT DISTRACTED,MD,Passenger Car,40,2020.0,Honda,ACCORD,17,Tuesday,2
MCP3209004C,230063876,Montgomery County Police,Injury Crash,2023-11-01 23:43:00,County,TAMARACK RD,E RANDOLPH RD,HEAD ON,CLEAR,DRY,DARK LIGHTS ON,TRAFFIC SIGNAL,NONE DETECTED,No,Suspected Minor Injury,NOT DISTRACTED,MD,Passenger Car,35,2014.0,Nissan,MAXIMA,23,Wednesday,11
MCP21950006,15017944,Montgomery County Police,Injury Crash,2015-04-17 10:32:00,Maryland (State),FALLS RD,MONTROSE RD,HEAD ON LEFT TURN,CLEAR,DRY,DAYLIGHT,TRAFFIC SIGNAL,NONE DETECTED,Yes,No Apparent Injury,NOT DISTRACTED,MD,Passenger Car,35,2012.0,Honda,ODY,10,Friday,4
MCP2818001X,16029221,Montgomery County Police,Injury Crash,2016-06-10 15:25:00,County,WAYNE AVE,FENTON ST,SAME DIRECTION RIGHT TURN,CLEAR,DRY,DAYLIGHT,NO CONTROLS,NONE DETECTED,Yes,No Apparent Injury,NOT DISTRACTED,MD,(Sport) Utility Vehicle,30,2014.0,Suba,SW,15,Friday,6
MCP3136000T,180054062,Montgomery County Police,Property Damage Crash,2018-10-28 22:04:00,Maryland (State),NEW HAMPSHIRE AVE,OAKVIEW DR,SAME DIR REAR END,CLEAR,WET,DARK LIGHTS ON,TRAFFIC SIGNAL,UNKNOWN,Yes,No Apparent Injury,UNKNOWN,Unknown,Passenger Car,40,2001.0,Bmw,4S,22,Sunday,10
MCP3422000Q,240048662,MONTGOMERY,Property Damage Crash,2024-10-11 18:51:00,Maryland (State) Route,GEORGIA AVE,Unknown,"Sideswipe, Same Direction",Clear,Dry,Daylight,No Controls,"Not Suspect of Alcohol Use, Not Suspect of Drug Use",No,No Apparent Injury,Not Distracted,MD,Bus - Transit,35,2024.0,Unknown,UNKNOWN,18,Friday,10
MCP1123001X,180028779,Montgomery County Police,Property Damage Crash,2018-06-11 09:37:00,Unknown,Unknown,Unknown,OTHER,RAINING,Unknown,DAYLIGHT,NO CONTROLS,NONE DETECTED,Yes,No Apparent Injury,NOT DISTRACTED,MD,School Bus,15,2007.0,Thom,BUS,9,Monday,6
MCP26560018,16020298,Montgomery County Police,Property Damage Crash,2016-06-15 17:46:00,Maryland (State),SANDY SPRING RD,RIDING STABLE RD,STRAIGHT MOVEMENT ANGLE,CLEAR,DRY,Unknown,NO CONTROLS,Unknown,Yes,No Apparent Injury,LOOKED BUT DID NOT SEE,MD,Pickup Truck,40,2011.0,Gmc,SIERRA,17,Wednesday,6
MCP2898004W,240022169,MONTGOMERY,Property Damage Crash,2024-05-10 19:54:00,County Route,BLUNT RD,Unknown,"Sideswipe, Opposite Direction",Rain,Wet,Dark - Lighted,No Controls,"Not Suspect of Alcohol Use, Not Suspect of Drug Use",Yes,No Apparent Injury,Not Distracted,MD,Passenger Car,30,2021.0,Honda,ACCORD,19,Friday,5
MCP33360011,230010294,Montgomery County Police,Property Damage Crash,2023-03-02 06:18:00,County,OAKVIEW DR,MT PISGAH RD,STRAIGHT MOVEMENT ANGLE,RAINING,WET,DAWN,STOP SIGN,NONE DETECTED,Yes,No Apparent Injury,UNKNOWN,MD,Passenger Car,15,2019.0,Jeep,LAREDO,6,Thursday,3
MCP23290021,230029544,Montgomery County Police,Injury Crash,2023-06-20 09:54:00,Municipality,WATKINS MILL RD,WINDBROOKE DR,SAME DIR REAR END,CLOUDY,DRY,DAYLIGHT,NO CONTROLS,NONE DETECTED,Yes,Suspected Minor Injury,UNKNOWN,MD,(Sport) Utility Vehicle,35,2006.0,Niss,UT,9,Tuesday,6
MCP3394001M,250020412,MONTGOMERY,Property Damage Crash,2025-05-09 07:56:00,Maryland (State) Route,EAST WEST HWY,Unknown,Rear To Side,Rain,Wet,Daylight,No Controls,"Not Suspect of Alcohol Use, Not Suspect of Drug Use",Yes,No Apparent Injury,Not Distracted,MD,Passenger Car,35,2017.0,Volvo,XC60,7,Friday,5
MCP137800YK,210039016,Montgomery County Police,Injury Crash,2021-10-01 17:14:00,Interstate (State),EISENHOWER MEMORIAL HWY,END C/D LANE (NB/L),SAME DIRECTION SIDESWIPE,CLEAR,DRY,DAYLIGHT,NO CONTROLS,NONE DETECTED,No,Possible Injury,NOT DISTRACTED,MD,Pickup Truck,55,2012.0,Toyota,TACOMA,17,Friday,10
MCP289200FD,230061481,Montgomery County Police,Property Damage Crash,2023-10-19 16:32:00,Unknown,Unknown,Unknown,SINGLE VEHICLE,CLEAR,Unknown,DAYLIGHT,NO CONTROLS,NONE DETECTED,Yes,No Apparent Injury,NOT DISTRACTED,MD,Passenger Car,5,2023.0,Lndr,UT,16,Thursday,10
MCP2612000T,15016657,Montgomery County Police,Injury Crash,2015-04-10 18:01:00,Unknown,Unknown,Unknown,OTHER,CLOUDY,Unknown,DAYLIGHT,NO CONTROLS,NONE DETECTED,Yes,No Apparent Injury,LOOKED BUT DID NOT SEE,MD,Passenger Car,5,2004.0,Ford,RANGER,18,Friday,4
MCP0036004S,16040700,Montgomery County Police,Property Damage Crash,2016-08-11 11:40:00,Unknown,Unknown,Unknown,SINGLE VEHICLE,CLEAR,Unknown,DAYLIGHT,NO CONTROLS,NONE DETECTED,Yes,No Apparent Injury,INATTENTIVE OR LOST IN THOUGHT,MD,Police Vehicle/Emergency,0,2016.0,Ford,4S,11,Thursday,8
MCP003600GP,22002850,Montgomery County Police,Injury Crash,2022-07-05 17:14:00,Maryland (State),RIVER RD,SPRINGFIELD DR,OTHER,CLOUDY,DRY,DAYLIGHT,TRAFFIC SIGNAL,NONE DETECTED,Yes,Suspected Minor Injury,INATTENTIVE OR LOST IN THOUGHT,CT,Passenger Car,35,2010.0,Honda,FIT,17,Tuesday,7
MCP2134001V,190003916,Montgomery County Police,Property Damage Crash,2019-01-25 09:40:00,County,E GUDE DR,CRABBS BRANCH WAY,SAME DIR REAR END,CLEAR,DRY,DAYLIGHT,TRAFFIC SIGNAL,Unknown,No,No Apparent Injury,NOT DISTRACTED,MD,School Bus,35,2019.0,Thms,BU,9,Friday,1
MCP0617006P,250005039,MONTGOMERY,Injury Crash,2025-02-04 07:21:00,County Route,HILLCREST AVE,Unknown,"Sideswipe, Opposite Direction",Clear,Dry,Daylight,No Controls,"Not Suspect of Alcohol Use, Not Suspect of Drug Use",No,Suspected Minor Injury,Not Distracted,MD,Sport Utility Vehicle,25,2020.0,Chevrolet,TRAVERSE,7,Tuesday,2
MCP27890023,16002384,Montgomery County Police,Property Damage Crash,2016-01-13 16:00:00,Maryland (State),GEORGIA AVE,MEDICAL PARK DR,SAME DIRECTION SIDESWIPE,CLEAR,DRY,DAYLIGHT,TRAFFIC SIGNAL,Unknown,No,No Apparent Injury,NOT DISTRACTED,MD,Van,35,2014.0,Ford,TRANSIT,16,Wednesday,1
MCP30260047,190036672,Montgomery County Police,Property Damage Crash,2019-08-01 09:34:00,County,GROSVENOR LA,ROCKVILLE PIKE,SAME DIRECTION LEFT TURN,CLEAR,DRY,DAYLIGHT,TRAFFIC SIGNAL,NONE DETECTED,No,No Apparent Injury,NOT DISTRACTED,MD,Passenger Car,55,2017.0,Niss,ROGUE,9,Thursday,8
MCP2504001H,16030723,Montgomery County Police,Injury Crash,2016-06-17 19:59:00,County,TUCKERMAN LA,DEBORAH DR,SAME DIRECTION SIDESWIPE,CLEAR,DRY,DAYLIGHT,Unknown,NONE DETECTED,Yes,No Apparent Injury,LOOKED BUT DID NOT SEE,MD,(Sport) Utility Vehicle,35,2010.0,Mercedes,ML350,19,Friday,6
MCP29890005,15035320,MONTGOMERY,Property Damage Crash,2015-07-18 01:43:00,County,GREENCASTLE RD,COLUMBIA PIKE,SINGLE VEHICLE,CLEAR,DRY,DARK LIGHTS ON,FLASHING TRAFFIC SIGNAL,ALCOHOL PRESENT,Yes,No Apparent Injury,UNKNOWN,MD,Passenger Car,55,2015.0,Honda,ACCORD,1,Saturday,7
MCP3348001M,230069043,Montgomery County Police,Injury Crash,2023-11-30 07:52:00,Maryland (State),NEW HAMPSHIRE AVE,ASHTON RD,HEAD ON,CLEAR,DRY,DAYLIGHT,Unknown,NONE DETECTED,Yes,Suspected Serious Injury,UNKNOWN,MD,Passenger Car,40,2003.0,Mazda,PROTEGE,7,Thursday,11
MCP2617005K,180012834,Montgomery County Police,Injury Crash,2018-03-14 13:40:00,County,BEL PRE RD,PARKER FARM WAY,SAME DIRECTION SIDESWIPE,CLOUDY,DRY,DAYLIGHT,NO CONTROLS,NONE DETECTED,No,No Apparent Injury,NOT DISTRACTED,MD,Passenger Car,35,2001.0,Toyota,COROLLA,13,Wednesday,3
MCP3382001R,250010784,MONTGOMERY,Property Damage Crash,2025-03-12 08:23:00,County Route,HATHAWAY DR,LAYHILL RD (SB/L),Angle,Clear,Dry,Daylight,No Controls,"Not Suspect of Alcohol Use, Not Suspect of Drug Use",No,No Apparent Injury,Not Distracted,MD,Passenger Car,40,2014.0,Honda,ACCORD,8,Wednesday,3
MCP2962003T,190017991,Montgomery County Police,Property Damage Crash,2019-04-17 14:09:00,Maryland (State),BARNESVILLE RD,SPUR FR MD 117 TO MD 117,OPPOSITE DIRECTION SIDESWIPE,CLEAR,DRY,DAYLIGHT,NO CONTROLS,NONE DETECTED,Yes,No Apparent Injury,LOOKED BUT DID NOT SEE,MD,Passenger Car,30,2013.0,Ford,FOCUS,14,Wednesday,4
MCP2899006F,230014384,Montgomery County Police,Property Damage Crash,2023-03-25 00:13:00,Unknown,Unknown,Unknown,SINGLE VEHICLE,CLOUDY,Unknown,DARK LIGHTS ON,Unknown,ALCOHOL PRESENT,Yes,No Apparent Injury,UNKNOWN,MD,Pickup Truck,5,2019.0,Toyota,TACOMA,0,Saturday,3
DD56620016,250003632,ROCKVILLE,Property Damage Crash,2025-01-26 01:24:00,County Route,DOVER RD,Unknown,Angle,Clear,Dry,Dark - Not Lighted,No Controls,"Not Suspect of Alcohol Use, Not Suspect of Drug Use",Yes,No Apparent Injury,Unknown,MD,Passenger Car,30,2017.0,Ford,EDGE,1,Sunday,1
MCP3085006J,250046609,MONTGOMERY,Property Damage Crash,2025-10-16 20:30:00,County Route,NO NAME,GRUBB RD,Front to Rear,Clear,Dry,Dark - Lighted,No Controls,"Not Suspect of Alcohol Use, Not Suspect of Drug Use",No,No Apparent Injury,Not Distracted,MD,Bus - Transit,35,2009.0,Gillig,LOW FLOOR BUS,20,Thursday,10