Report Number,Local Case Number,Agency Name,ACRS Report Type,Crash Date/Time,Route Type,Road Name,Cross-Street Name,Collision Type,Weather,Surface Condition,Light,Traffic Control,Driver Substance Abuse,Driver At Fault,Injury Severity,Driver Distracted By,Drivers License State,Vehicle Body Type,Speed Limit,Vehicle Year,Vehicle Make,Vehicle Model,Crash Hour,Crash Day,Crash Month
MCP3305002N,230064613,Montgomery County Police,Property Damage Crash,2023-11-06 01:55:00,Maryland (State),PINEY BRANCH RD,UNIVERSITY BLVD E,SAME DIR REAR END,CLEAR,DRY,DARK LIGHTS ON,TRAFFIC SIGNAL,NONE DETECTED,No,No Apparent Injury,NOT DISTRACTED,MD,Passenger Car,35,2008.0,Subaru,LEGACY,1,Monday,11
MCP3151000Q,180053736,Montgomery County Police,Injury Crash,2018-10-26 19:43:00,County,LIVINGSTON ST,LINDELL ST,STRAIGHT MOVEMENT ANGLE,RAINING,WET,DARK LIGHTS ON,STOP SIGN,Unknown,Unknown,No Apparent Injury,NOT DISTRACTED,WV,Passenger Car,25,2011.0,Ford,FOCUS,19,Friday,10
MCP2752002H,180033568,Montgomery County Police,Injury Crash,2018-07-07 15:39:00,County,BROOKSIDE DR,LAWN WAY,ANGLE MEETS LEFT HEAD ON,CLEAR,DRY,DAYLIGHT,NO CONTROLS,Unknown,No,No Apparent Injury,NOT DISTRACTED,MD,Passenger Car,25,2007.0,Honda,ACCORD,15,Saturday,7
MCP1565002J,170534275,Montgomery County Police,Property Damage Crash,2017-10-02 07:41:00,Maryland (State),GEORGIA AVE,EPPING RD,STRAIGHT MOVEMENT ANGLE,CLEAR,DRY,DAYLIGHT,NO CONTROLS,NONE DETECTED,No,No Apparent Injury,NOT DISTRACTED,MD,Passenger Car,45,2014.0,Nissan,ALTIMA,7,Monday,10
MCP22030037,180037859,Montgomery County Police,Property Damage Crash,2018-07-31 07:15:00,County,RANDOLPH RD,KEMP MILL RD,SAME DIR REAR END,RAINING,WET,DAYLIGHT,TRAFFIC SIGNAL,NONE DETECTED,Yes,No Apparent Injury,NOT DISTRACTED,MD,Passenger Car,40,1999.0,Hond,CIVIC,7,Tuesday,7
MCP2437004B,210010371,Montgomery County Police,Injury Crash,2021-03-19 17:00:00,US (State),COLUMBIA PIKE,TECH RD,STRAIGHT MOVEMENT ANGLE,CLEAR,DRY,DAYLIGHT,TRAFFIC SIGNAL,NONE DETECTED,Yes,Possible Injury,UNKNOWN,MD,(Sport) Utility Vehicle,50,2006.0,Honda,PILOT,17,Friday,3
MCP30850039,220025124,Montgomery County Police,Property Damage Crash,2022-06-11 16:19:00,Maryland (State),ROCKVILLE PIKE,BEGIN BRIDGE,SAME DIR REAR END,CLOUDY,DRY,DAYLIGHT,Unknown,NONE DETECTED,No,No Apparent Injury,NOT DISTRACTED,FL,Passenger Car,40,2021.0,Mercedez,GLK350,16,Saturday,6
MCP3026008N,220048941,Montgomery County Police,Injury Crash,2022-11-06 10:39:00,Maryland (State),CONNECTICUT AVE,DECATUR AVE,STRAIGHT MOVEMENT ANGLE,CLEAR,WET,DAYLIGHT,NO CONTROLS,NONE DETECTED,No,Suspected Minor Injury,NOT DISTRACTED,MD,Passenger Car,40,2015.0,Hyun,SONATA,10,Sunday,11
DD56120026,180009451,Rockville Police Departme,Property Damage Crash,2018-02-23 15:33:00,Unknown,Unknown,Unknown,SAME DIRECTION SIDESWIPE,CLOUDY,Unknown,DAYLIGHT,NO CONTROLS,NONE DETECTED,No,No Apparent Injury,NOT DISTRACTED,MD,Other Bus,0,2016.0,Thom,BU,15,Friday,2
MCP28990052,210028622,Montgomery County Police,Injury Crash,2021-07-24 00:28:00,Maryland (State),VEIRS MILL RD,UNIVERSITY BLVD W,SAME DIR REAR END,CLEAR,DRY,DARK LIGHTS ON,TRAFFIC SIGNAL,ALCOHOL PRESENT,Yes,No Apparent Injury,UNKNOWN,MD,Passenger Car,45,2011.0,Fordq,TRANSIT,0,Saturday,7
MCP25940062,200009011,Montgomery County Police,Property Damage Crash,2020-02-23 13:00:00,Maryland (State),NORBECK RD,BAILEYS LA,SAME DIR REAR END,CLEAR,DRY,DAYLIGHT,TRAFFIC SIGNAL,NONE DETECTED,No,No Apparent Injury,NOT DISTRACTED,MD,Passenger Car,40,2016.0,Honda,CRV,13,Sunday,2
MCP25160046,230030853,Montgomery County Police,Injury Crash,2023-06-28 07:14:00,Maryland (State),FREDERICK RD,OXBRIDGE DR,SAME DIR REAR END,CLEAR,DRY,DAYLIGHT,NO CONTROLS,Unknown,Yes,No Apparent Injury,UNKNOWN,MD,Pickup Truck,45,2019.0,Ford,TK,7,Wednesday,6
MCP93220019,200043048,Montgomery County Police,Property Damage Crash,2020-11-01 04:26:00,Maryland (State),GEORGIA AVE,HERITAGE HILLS DR,SINGLE VEHICLE,CLEAR,DRY,DARK LIGHTS ON,NO CONTROLS,NONE DETECTED,No,No Apparent Injury,NOT DISTRACTED,MD,Passenger Car,50,2020.0,Ford,TRUCK,4,Sunday,11
MCP158000CP,200008463,Montgomery County Police,Injury Crash,2020-02-20 10:03:00,County,GOSHEN RD,ODENDHAL AVE,SAME DIR REAR END,CLOUDY,DRY,DAYLIGHT,NO CONTROLS,NONE DETECTED,No,Suspected Minor Injury,NOT DISTRACTED,NJ,Moped,25,2007.0,Honda,MOPED,10,Thursday,2
MCP1202003S,190022051,Montgomery County Police,Injury Crash,2019-05-10 11:31:00,Maryland (State),RIVER RD,ROYAL DOMINION DR,SAME DIR REAR END,CLEAR,DRY,DAYLIGHT,TRAFFIC SIGNAL,NONE DETECTED,No,No Apparent Injury,NOT DISTRACTED,MD,Passenger Car,35,2008.0,Lexus,ES350,11,Friday,5
MCP15340014,250019387,MONTGOMERY,Property Damage Crash,2025-05-03 10:18:00,Maryland (State) Route,Unknown,Unknown,Single Vehicle,Cloudy,Wet,Daylight,No Controls,"Not Suspect of Alcohol Use, Not Suspect of Drug Use",Yes,No Apparent Injury,Not Distracted,Unknown,Passenger Car,45,2009.0,Honda,CIVIC,10,Saturday,5
MCP28710035,16032029,Montgomery County Police,Property Damage Crash,2016-06-24 18:02:00,Unknown,Unknown,Unknown,OTHER,CLEAR,Unknown,DAYLIGHT,NO CONTROLS,NONE DETECTED,No,No Apparent Injury,NOT DISTRACTED,MD,Passenger Car,15,2009.0,Niss,VERSA,18,Friday,6
MCP2436009F,200001967,Montgomery County Police,Injury Crash,2020-01-12 11:40:00,Maryland (State),UNIVERSITY BLVD W,BRUNETT AVE,SAME DIR REAR END,CLEAR,DRY,DAYLIGHT,Unknown,NONE DETECTED,No,Possible Injury,NOT DISTRACTED,MD,Passenger Car,35,2000.0,Toyota,CAMRY,11,Sunday,1
MCP2902001J,16059595,Montgomery County Police,Property Damage Crash,2016-11-19 11:26:00,County,WISTERIA DR,GREAT SENECA HWY,SAME DIR REND RIGHT TURN,CLEAR,DRY,DAYLIGHT,TRAFFIC SIGNAL,NONE DETECTED,No,No Apparent Injury,NOT DISTRACTED,MD,Passenger Car,50,2016.0,Toyota,CAMRY,11,Saturday,11
MCP2877003T,170516409,Montgomery County Police,Property Damage Crash,2017-06-29 12:22:00,Maryland (State),GEORGIA AVE,CAPITAL BELTWAY,SAME DIR REAR END,CLEAR,DRY,DAYLIGHT,TRAFFIC SIGNAL,NONE DETECTED,No,No Apparent Injury,NOT DISTRACTED,MD,Passenger Car,35,2007.0,Jeep,LIBERTY,12,Thursday,6
MCP3037005H,230065219,Montgomery County Police,Injury Crash,2023-11-08 18:13:00,Maryland (State),OLD HUNDRED RD,RAMP 3 FR MD 109 EB TO RAMP 2 (TO IS270),HEAD ON LEFT TURN,CLEAR,DRY,DARK LIGHTS ON,NO CONTROLS,NONE DETECTED,No,Suspected Minor Injury,NOT DISTRACTED,MD,Passenger Car,30,2005.0,Honda,ACCORD,18,Wednesday,11
MCP3009003Z,220002288,Montgomery County Police,Property Damage Crash,2022-01-19 08:00:00,County,GUNNERS BRANCH RD,ZEBRAWOOD CT,STRAIGHT MOVEMENT ANGLE,CLEAR,DRY,DAYLIGHT,STOP SIGN,Unknown,Yes,No Apparent Injury,NOT DISTRACTED,MD,(Sport) Utility Vehicle,30,2006.0,Jeep,TK,8,Wednesday,1
MCP28780021,16045619,Montgomery County Police,Property Damage Crash,2016-09-06 18:21:00,Maryland (State),WOODFIELD RD,ROLLING FORK DR,STRAIGHT MOVEMENT ANGLE,CLEAR,DRY,DAYLIGHT,STOP SIGN,NONE DETECTED,No,No Apparent Injury,NOT DISTRACTED,MD,Passenger Car,40,2007.0,Honda,FIT,18,Tuesday,9
MCP3289004G,250047111,MONTGOMERY,Property Damage Crash,2025-10-21 13:08:00,Unknown,Unknown,Unknown,Rear To Rear,Clear,Unknown,Daylight,Unknown,"Not Suspect of Alcohol Use, Not Suspect of Drug Use",No,No Apparent Injury,Not Distracted,MD,Passenger Car,0,2018.0,Honda,ACCORD,13,Tuesday,10
MCP24250094,170502931,Montgomery County Police,Property Damage Crash,2017-04-19 10:15:00,County,OLD COLUMBIA PIKE,AVONSHIRE DR,STRAIGHT MOVEMENT ANGLE,CLEAR,DRY,DAYLIGHT,NO CONTROLS,NONE DETECTED,Yes,No Apparent Injury,UNKNOWN,MD,Passenger Car,35,2005.0,Toyota,TACOMA,10,Wednesday,4
HA25000009,22002154,Maryland-National Capital,Property Damage Crash,2022-12-11 14:55:00,Maryland (State),DAMASCUS RD,SUNDOWN RD,SAME DIR REAR END,RAINING,WET,DAYLIGHT,STOP SIGN,NONE DETECTED,Unknown,No Apparent Injury,NOT DISTRACTED,MD,Passenger Car,30,2022.0,Toyt,UT,14,Sunday,12
MCP2475001M,17013153,Montgomery County Police,Injury Crash,2017-03-13 17:17:00,Maryland (State),NEW HAMPSHIRE AVE,DILSTON RD,SAME DIR REAR END,Unknown,DRY,DAYLIGHT,Unknown,Unknown,Yes,No Apparent Injury,NOT DISTRACTED,MD,Passenger Car,40,2001.0,Toyota,SOLARA,17,Monday,3
MCP13420024,180030466,Montgomery County Police,Property Damage Crash,2018-06-20 14:30:00,County,SHADY GROVE RD,CAVANAUGH DR,STRAIGHT MOVEMENT ANGLE,CLOUDY,DRY,DAYLIGHT,FLASHING TRAFFIC SIGNAL,NONE DETECTED,No,No Apparent Injury,NOT DISTRACTED,MD,Passenger Car,40,2009.0,Volks,JETTA,14,Wednesday,6
MCP2827001Z,16002820,Montgomery County Police,Property Damage Crash,2016-01-15 16:04:00,County,MIDDLEBRIDGE DR,AUTUMN RIDGE LA,STRAIGHT MOVEMENT ANGLE,CLEAR,DRY,DAYLIGHT,NO CONTROLS,NONE DETECTED,Yes,No Apparent Injury,LOOKED BUT DID NOT SEE,MD,Passenger Car,30,2012.0,Toyota,4D,16,Friday,1
MCP29710059,200002915,Montgomery County Police,Property Damage Crash,2020-01-17 19:35:00,Maryland (State),GERMANTOWN RD,WISTERIA DR,SAME DIR REAR END,CLEAR,DRY,DARK LIGHTS ON,NO CONTROLS,NONE DETECTED,Yes,No Apparent Injury,UNKNOWN,MD,Passenger Car,40,2002.0,Honda,ACCORD,19,Friday,1
MCP21770014,16049892,Montgomery County Police,Injury Crash,2016-09-28 11:48:00,Maryland (State),W MONTGOMERY AVE,RAMP 6 FR MD 28 EB TO IS 270 SB,SAME DIR REAR END,RAINING,WET,DAYLIGHT,FLASHING TRAFFIC SIGNAL,NONE DETECTED,No,No Apparent Injury,NOT DISTRACTED,MD,Passenger Car,35,2006.0,Hond,VN,11,Wednesday,9
MCP15940004,170508690,Montgomery County Police,Property Damage Crash,2017-05-19 14:05:00,US (State),COLESVILLE RD,UNIVERSITY BLVD E,SAME DIR REAR END,CLEAR,DRY,DAYLIGHT,TRAFFIC SIGNAL,NONE DETECTED,Yes,No Apparent Injury,LOOKED BUT DID NOT SEE,MD,Van,40,2005.0,Chry,VAN,14,Friday,5
DD5610002W,170517842,Rockville Police Departme,Property Damage Crash,2017-07-07 15:44:00,County,TWINBROOK PKWY,VEIRS MILL RD,SAME DIR REAR END,CLEAR,DRY,DAYLIGHT,NO CONTROLS,Unknown,No,No Apparent Injury,NOT DISTRACTED,MD,Passenger Car,35,2016.0,Nissan,TRUCK,15,Friday,7
MCP2528000S,240021525,MONTGOMERY,Property Damage Crash,2024-05-07 16:42:00,Maryland (State) Route,GREAT SENECA HWY,Unknown,Front to Rear,Clear,Dry,Daylight,Traffic Control Signal,"Not Suspect of Alcohol Use, Not Suspect of Drug Use",No,No Apparent Injury,Unknown,MD,Passenger Car,45,2015.0,Subaru,OUTBACK,16,Tuesday,5
MCP2600000T,15000610,Montgomery County Police,Property Damage Crash,2015-01-04 17:45:00,US (State),COLESVILLE RD,LORAIN AVE,SAME DIR REAR END,CLEAR,DRY,DARK LIGHTS ON,NO CONTROLS,Unknown,No,No Apparent Injury,NOT DISTRACTED,PA,Passenger Car,40,2010.0,Hyun,ELANTRA,17,Sunday,1
DM8423002R,210034735,Takoma Park Police Depart,Property Damage Crash,2021-09-04 17:35:00,Maryland (State),NEW HAMPSHIRE AVE,UNIVERSITY BLVD,SAME DIR REAR END,CLEAR,DRY,DAYLIGHT,TRAFFIC SIGNAL,Unknown,No,No Apparent Injury,NOT DISTRACTED,MD,Passenger Car,35,2009.0,Honda,CIVIC,17,Saturday,9
MCP2846001G,15066412,MONTGOMERY,Property Damage Crash,2015-12-27 13:30:00,County,SHOREFIELD RD,GEORGIA AVE,OTHER,CLEAR,DRY,DAYLIGHT,NO CONTROLS,NONE DETECTED,No,No Apparent Injury,NOT DISTRACTED,MD,Passenger Car,20,2006.0,Dodg,4S,13,Sunday,12
MCP30100085,230025000,Montgomery County Police,Injury Crash,2023-05-25 05:49:00,Maryland (State),KNOWLES AVE,SUMMIT AVE,STRAIGHT MOVEMENT ANGLE,CLEAR,DRY,DAWN,TRAFFIC SIGNAL,Unknown,Unknown,No Apparent Injury,NOT DISTRACTED,MD,Passenger Car,30,2004.0,Toyt,5S,5,Thursday,5
MCP3138001S,190050158,Montgomery County Police,Injury Crash,2019-10-19 09:55:00,Maryland (State),DR BIRD RD,OLNEY SANDY SPRING RD,SAME DIR REAR END,CLEAR,DRY,DAYLIGHT,TRAFFIC SIGNAL,Unknown,No,No Apparent Injury,NOT DISTRACTED,MD,Passenger Car,35,2002.0,Toyota,SIENNA,9,Saturday,10
MCP2914004H,170508525,Montgomery County Police,Injury Crash,2017-05-18 16:40:00,Unknown,Unknown,Unknown,OTHER,CLEAR,Unknown,DAYLIGHT,NO CONTROLS,Unknown,Yes,No Apparent Injury,LOOKED BUT DID NOT SEE,MD,Passenger Car,15,2004.0,Niss,4S,16,Thursday,5
MCP29170030,180054041,Montgomery County Police,Property Damage Crash,2018-10-28 18:52:00,Other Public Roadway,GLENMONT CIR #1,RANDOLPH RD,STRAIGHT MOVEMENT ANGLE,RAINING,WET,DARK LIGHTS ON,TRAFFIC SIGNAL,NONE DETECTED,Yes,No Apparent Injury,LOOKED BUT DID NOT SEE,MD,Police Vehicle/Emergency,40,2013.0,Ford,EXPLORER,18,Sunday,10
MCP2910003Q,170511280,Montgomery County Police,Property Damage Crash,2017-06-02 07:54:00,US (State),COLUMBIA PIKE,FAIRLAND RD,SAME DIRECTION RIGHT TURN,CLEAR,DRY,DAYLIGHT,Unknown,NONE DETECTED,Yes,No Apparent Injury,NOT DISTRACTED,MD,Passenger Car,50,2012.0,Mitsubishi,LANCER,7,Friday,6
MCP2339004J,190036147,Montgomery County Police,Property Damage Crash,2019-07-29 14:08:00,County,DARNESTOWN RD,W MONTGOMERY AVE,SINGLE VEHICLE,CLEAR,DRY,DAYLIGHT,TRAFFIC SIGNAL,NONE DETECTED,Yes,No Apparent Injury,UNKNOWN,MD,Passenger Car,40,2004.0,Buick,RENDEVOUS,14,Monday,7
MCP31050012,180029911,Montgomery County Police,Injury Crash,2018-06-17 12:40:00,County,RIDGE RD,OBSERVATION DR,SAME DIR REAR END,CLEAR,DRY,DAYLIGHT,TRAFFIC SIGNAL,NONE DETECTED,Yes,No Apparent Injury,LOOKED BUT DID NOT SEE,MD,Passenger Car,45,2000.0,Lincoln,LS,12,Sunday,6
DD5647001H,210043893,Rockville Police Departme,Property Damage Crash,2021-10-30 22:40:00,Municipality,REDLAND BLVD,ELMCROFT BLVD,STRAIGHT MOVEMENT ANGLE,CLEAR,DRY,DARK LIGHTS ON,STOP SIGN,Unknown,No,No Apparent Injury,NOT DISTRACTED,MD,Passenger Car,30,2020.0,Hyundai,ACCENT,22,Saturday,10
MCP2991003M,190022481,Montgomery County Police,Injury Crash,2019-05-13 08:00:00,County,BRIGHTON DAM RD,BORDLY DR,HEAD ON,RAINING,WET,DAYLIGHT,NO CONTROLS,NONE DETECTED,Yes,No Apparent Injury,NOT DISTRACTED,MD,Passenger Car,30,2019.0,Volkwasgen,PASSAT,8,Monday,5
HA2386001L,23001385,Maryland-National Capital,Property Damage Crash,2023-07-17 07:00:00,Unknown,Unknown,Unknown,SINGLE VEHICLE,CLEAR,Unknown,DAYLIGHT,NO CONTROLS,Unknown,Yes,No Apparent Injury,NOT DISTRACTED,MD,"Cargo Van/Light Truck 2 Axles (Over 10,000Lbs (4,536 Kg))",5,2019.0,Ford,TK,7,Monday,7
MCP2598002L,190009281,Montgomery County Police,Injury Crash,2019-02-27 08:35:00,County,CHERRY HILL RD,O'FALLON ST,STRAIGHT MOVEMENT ANGLE,CLEAR,DRY,DAYLIGHT,STOP SIGN,NONE DETECTED,Yes,No Apparent Injury,BY OTHER OCCUPANTS,MD,(Sport) Utility Vehicle,40,2002.0,Mitsunshi,MONTERO,8,Wednesday,2
MCP2008008S,210032913,Montgomery County Police,Property Damage Crash,2021-08-23 17:25:00,County,PARKLAWN DR,RANDOLPH RD,ANGLE MEETS RIGHT TURN,Unknown,DRY,DAYLIGHT,Unknown,NONE DETECTED,Yes,No Apparent Injury,NOT DISTRACTED,MD,(Sport) Utility Vehicle,35,2021.0,Bmw,X7,17,Monday,8
MCP2717008Z,16066626,Montgomery County Police,Property Damage Crash,2016-12-27 17:50:00,Maryland (State),ROCKVILLE PIKE,BROAD BROOK DR,OTHER,CLEAR,DRY,DARK LIGHTS ON,NO CONTROLS,NONE DETECTED,No,No Apparent Injury,NOT DISTRACTED,MD,Pickup Truck,35,2015.0,Toytota,TUNDRA,17,Tuesday,12
MCP3335003Y,250052149,MONTGOMERY,Injury Crash,2025-11-20 17:38:00,Maryland (State) Route,UNIVERSITY BLVD E,Unknown,"Sideswipe, Same Direction",Clear,Dry,Dark - Lighted,Other,"Not Suspect of Alcohol Use, Not Suspect of Drug Use",Yes,No Apparent Injury,Unknown,MD,Passenger Car,30,2021.0,Toyota,HIGHLANDER,17,Thursday,11
DD5612003Q,230026975,Rockville Police Departme,Property Damage Crash,2023-05-18 15:00:00,Unknown,Unknown,Unknown,SINGLE VEHICLE,CLEAR,Unknown,DAYLIGHT,NO CONTROLS,UNKNOWN,Yes,No Apparent Injury,UNKNOWN,MD,Van,5,2016.0,Ram,VN,15,Thursday,5
DD56200018,170515747,Rockville Police Departme,Injury Crash,2017-06-25 17:13:00,Maryland (State),W JEFFERSON ST,W MONTGOMERY AVE,SAME DIR REAR END,CLEAR,DRY,DAYLIGHT,TRAFFIC SIGNAL,NONE DETECTED,No,Possible Injury,NOT DISTRACTED,MD,Passenger Car,30,2015.0,Tesla,MODEL X,17,Sunday,6
DD5633002Z,200000663,Rockville Police Departme,Injury Crash,2020-01-04 19:00:00,Maryland (State),VEIRS MILL RD,ATLANTIC AVE,STRAIGHT MOVEMENT ANGLE,RAINING,WET,DARK LIGHTS ON,NO CONTROLS,NONE DETECTED,Yes,Possible Injury,NOT DISTRACTED,MD,Passenger Car,40,2011.0,Chrysler,4S,19,Saturday,1
DD55230006,16027891,Rockville Police Departme,Injury Crash,2016-06-03 10:20:00,Municipality,ROLLINS AVE,ROCKVILLE PIKE,OTHER,CLOUDY,DRY,DARK LIGHTS ON,Unknown,Unknown,Yes,Suspected Serious Injury,OTHER DISTRACTION,MD,Passenger Car,30,2012.0,Honda,CIVIC,10,Friday,6
MCP295200BQ,210018006,Montgomery County Police,Property Damage Crash,2021-05-13 13:22:00,Unknown,Unknown,Unknown,OTHER,CLEAR,Unknown,DAYLIGHT,Unknown,NONE DETECTED,No,No Apparent Injury,NOT DISTRACTED,MD,Van,15,2020.0,Toyota,SIENNA,13,Thursday,5
MCP2082002X,240012607,MONTGOMERY,Injury Crash,2024-03-16 05:26:00,County Route,ENNALLS AVE,VEIRS MILL RD,Angle,Clear,Dry,Dark - Lighted,Stop Sign,"Not Suspect of Alcohol Use, Not Suspect of Drug Use",Yes,Possible Injury,Unknown,MD,Passenger Car,35,2018.0,Bmw,X5,5,Saturday,3
MCP3124004C,210027519,Montgomery County Police,Injury Crash,2021-07-16 16:29:00,Maryland (State),UNIVERSITY BLVD W,ELKIN ST,STRAIGHT MOVEMENT ANGLE,CLOUDY,DRY,DAYLIGHT,STOP SIGN,NONE DETECTED,No,Suspected Minor Injury,NOT DISTRACTED,MD,Passenger Car,30,2000.0,Toyota,4S,16,Friday,7
MCP2930005N,250040533,MONTGOMERY,Property Damage Crash,2025-09-09 16:30:00,Maryland (State) Route,SPENCERVILLE RD,Unknown,"Sideswipe, Same Direction",Clear,Unknown,Daylight,No Controls,"Unknown, Unknown",No,Unknown,Unknown,Unknown,Unknown,40,2025.0,Unknown,UNKNOWN,16,Tuesday,9
MCP2516003B,210007480,Montgomery County Police,Property Damage Crash,2021-02-27 12:02:00,Maryland (State),GERMANTOWN RD,FATHER HURLEY BLVD,HEAD ON,CLOUDY,WET,DAYLIGHT,TRAFFIC SIGNAL,Unknown,No,No Apparent Injury,NOT DISTRACTED,MD,Passenger Car,40,2011.0,Merz,TK,12,Saturday,2
MCP2598003D,200047133,Montgomery County Police,Property Damage Crash,2020-11-30 06:59:00,County,MANCHESTER RD,E WAYNE AVE,SAME DIR REAR END,RAINING,WET,DAWN,STOP SIGN,NONE DETECTED,Yes,No Apparent Injury,NOT DISTRACTED,MD,Passenger Car,25,2015.0,Kia,4S,6,Monday,11
EJ7851006Z,210041425,Gaithersburg Police Depar,Injury Crash,2021-10-15 19:10:00,Maryland (State),FREDERICK RD,DALAMAR ST,SAME DIR REAR END,CLEAR,DRY,DARK LIGHTS ON,NO CONTROLS,NONE DETECTED,Yes,No Apparent Injury,LOOKED BUT DID NOT SEE,MD,Passenger Car,30,2012.0,Toyota,HIGHLANDER,19,Friday,10
MCP26670049,170551438,Montgomery County Police,Property Damage Crash,2017-12-31 09:30:00,Municipality,E DIAMOND AVE,RAILROAD ST,HEAD ON LEFT TURN,CLEAR,DRY,DAYLIGHT,TRAFFIC SIGNAL,NONE DETECTED,Yes,No Apparent Injury,UNKNOWN,MD,Passenger Car,30,2016.0,Toyota,4S,9,Sunday,12
MCP2851001L,16004462,Montgomery County Police,Property Damage Crash,2016-01-27 08:00:00,Unknown,Unknown,Unknown,SAME DIR REAR END,Unknown,Unknown,DAYLIGHT,NO CONTROLS,NONE DETECTED,Yes,No Apparent Injury,LOOKED BUT DID NOT SEE,MD,Passenger Car,25,2007.0,Nissan,ALTIMA,8,Wednesday,1
EJ7881000R,200042127,Gaithersburg Police Depar,Injury Crash,2020-10-25 19:53:00,Maryland (State),W DIAMOND AVE,RAMP 6 FR MD 117 EB TO IS 270 SB,HEAD ON LEFT TURN,RAINING,WET,DUSK,NO CONTROLS,ALCOHOL PRESENT,Yes,Suspected Minor Injury,NOT DISTRACTED,MD,Passenger Car,35,2014.0,Mazd,4S,19,Sunday,10
MCP2087003N,200043203,Montgomery County Police,Property Damage Crash,2020-11-02 10:40:00,Maryland (State),VEIRS MILL RD,FERRARA AVE,SAME DIR REAR END,CLEAR,DRY,DAYLIGHT,TRAFFIC SIGNAL,NONE DETECTED,Yes,No Apparent Injury,UNKNOWN,MD,Passenger Car,40,2015.0,Niss,4S,10,Monday,11
MCP30570019,180040891,Montgomery County Police,Injury Crash,2018-08-17 07:55:00,County,MIDDLEBROOK RD,OBSERVATION DR,STRAIGHT MOVEMENT ANGLE,CLEAR,DRY,DAYLIGHT,TRAFFIC SIGNAL,NONE DETECTED,Yes,Possible Injury,LOOKED BUT DID NOT SEE,MD,Passenger Car,40,2007.0,Toyt,COROLLA,7,Friday,8
MCP27190012,16029486,Montgomery County Police,Property Damage Crash,2016-06-11 19:20:00,Unknown,Unknown,Unknown,OTHER,Unknown,Unknown,DAYLIGHT,NO CONTROLS,ALCOHOL PRESENT,Yes,No Apparent Injury,NOT DISTRACTED,MD,Passenger Car,10,2008.0,Toyota,4D,19,Saturday,6
EJ7898003X,240041908,GAITHERSBURG,Injury Crash,2024-09-04 13:15:00,Maryland (State) Route,QUINCE ORCHARD RD (SB/L),CLOPPER RD (WB/L),Angle,Clear,Dry,Daylight,Traffic Control Signal,"Not Suspect of Alcohol Use, Not Suspect of Drug Use",No,No Apparent Injury,Not Distracted,MD,Passenger Car,35,2009.0,Mini,COOPER,13,Wednesday,9
EJ78290056,180054661,Gaithersburg Police Depar,Property Damage Crash,2018-10-31 19:10:00,Maryland (State),CLOPPER RD,FIRSTFIELD RD,SAME DIR REAR END,CLEAR,DRY,DARK LIGHTS ON,OTHER,NONE DETECTED,No,No Apparent Injury,NOT DISTRACTED,MD,Passenger Car,40,2018.0,Toyt,4H,19,Wednesday,10
MCP10200033,180012556,Montgomery County Police,Property Damage Crash,2018-03-13 08:39:00,County,LITTLE SENECA PKWY,HAVENWORTH LA,ANGLE MEETS LEFT TURN,CLEAR,DRY,DAYLIGHT,STOP SIGN,NONE DETECTED,Yes,No Apparent Injury,NOT DISTRACTED,MD,(Sport) Utility Vehicle,35,2016.0,Bmw,4S,8,Tuesday,3
MCP2863002Z,230060575,Montgomery County Police,Property Damage Crash,2023-10-14 20:45:00,County,RAILROAD ST,RIDGE RD,SAME DIRECTION SIDESWIPE,RAINING,WET,DARK LIGHTS ON,NO CONTROLS,NONE DETECTED,No,No Apparent Injury,NOT DISTRACTED,DC,Passenger Car,25,2002.0,Honda,ACCORD,20,Saturday,10
MCP291700DN,240031556,MONTGOMERY,Property Damage Crash,2024-07-04 13:40:00,Maryland (State) Route,UNIVERSITY BLVD W (WB/L),Unknown,Front to Rear,Clear,Dry,Daylight,No Controls,"Not Suspect of Alcohol Use, Not Suspect of Drug Use",Yes,No Apparent Injury,Not Distracted,MD,Passenger Car,35,2020.0,Chevrolet,EQUINOX,13,Thursday,7
MCP28480038,16044609,Montgomery County Police,Property Damage Crash,2016-09-01 09:55:00,Maryland (State),OLD GEORGETOWN RD,EXECUTIVE BLVD,HEAD ON LEFT TURN,RAINING,WET,DAYLIGHT,TRAFFIC SIGNAL,NONE DETECTED,No,No Apparent Injury,NOT DISTRACTED,MD,Passenger Car,30,1999.0,Subaru,LEGACY,9,Thursday,9
MCP2545000S,200040813,Montgomery County Police,Property Damage Crash,2020-10-14 11:08:00,Unknown,Unknown,Unknown,OTHER,CLEAR,Unknown,DAYLIGHT,Unknown,UNKNOWN,Yes,No Apparent Injury,UNKNOWN,Unknown,Passenger Car,5,2015.0,Honda,CRV,11,Wednesday,10
MCP2314000S,170520633,Montgomery County Police,Injury Crash,2017-07-22 20:14:00,County,E GUDE DR,CRABBS BRANCH WAY,STRAIGHT MOVEMENT ANGLE,CLOUDY,DRY,DAYLIGHT,TRAFFIC SIGNAL,NONE DETECTED,Yes,Suspected Minor Injury,DISTRACTED BY OUTSIDE PERSON OBJECT OR EVENT,MD,Passenger Car,40,2006.0,Toyota,COROLLA,20,Saturday,7