Report Number,Local Case Number,Agency Name,ACRS Report Type,Crash Date/Time,Route Type,Road Name,Cross-Street Name,Collision Type,Weather,Surface Condition,Light,Traffic Control,Driver Substance Abuse,Driver At Fault,Injury Severity,Driver Distracted By,Drivers License State,Vehicle Body Type,Speed Limit,Vehicle Year,Vehicle Make,Vehicle Model,Crash Hour,Crash Day,Crash Month
MCP25560015,16066604,Montgomery County Police,Property Damage Crash,2016-12-27 16:12:00,Maryland (State),FREDERICK RD,ONEILL DR,STRAIGHT MOVEMENT ANGLE,CLEAR,DRY,DAYLIGHT,TRAFFIC SIGNAL,NONE DETECTED,Yes,No Apparent Injury,LOOKED BUT DID NOT SEE,MD,Passenger Car,40,2011.0,Toyota,COROLLA,16,Tuesday,12
DD5538001N,16038859,Rockville Police Departme,Property Damage Crash,2016-08-01 08:30:00,Maryland (State),E JEFFERSON ST,MARYLAND AVE,SAME DIR REAR END,CLEAR,DRY,DAYLIGHT,TRAFFIC SIGNAL,NONE DETECTED,No,No Apparent Injury,NOT DISTRACTED,MD,Van,30,2011.0,Honda,ODYSSEY,8,Monday,8
DM8386001J,210043969,Takoma Park Police Depart,Injury Crash,2021-10-31 15:38:00,Maryland (State),ETHAN ALLEN AVE,ELM AVE,HEAD ON LEFT TURN,CLEAR,DRY,DAYLIGHT,NO CONTROLS,NONE DETECTED,Yes,No Apparent Injury,LOOKED BUT DID NOT SEE,MD,"Medium/Heavy Trucks 3 Axles (Over 10,000Lbs (4,536Kg))",25,2019.0,Ford,F550,15,Sunday,10
MCP32950030,230047980,Montgomery County Police,Property Damage Crash,2023-08-05 15:47:00,Maryland (State),SANDY SPRING RD,RAMP 6 FR MD 198 EB TO US 29 SB,SAME DIRECTION SIDESWIPE,CLEAR,DRY,DAYLIGHT,NO CONTROLS,NONE DETECTED,No,No Apparent Injury,NOT DISTRACTED,MD,Van,35,1997.0,Ford,ECONOLINE,15,Saturday,8
MCP27700015,16040377,Montgomery County Police,Property Damage Crash,2016-08-09 16:09:00,Unknown,Unknown,Unknown,OTHER,CLEAR,Unknown,DAYLIGHT,Unknown,Unknown,No,No Apparent Injury,NO DRIVER PRESENT,MD,Passenger Car,5,2015.0,Bmw,428I,16,Tuesday,8
MCP2534003M,210026617,Montgomery County Police,Injury Crash,2021-07-11 02:45:00,Maryland (State),VEIRS MILL RD,ENNALLS AVE,SAME DIRECTION SIDESWIPE,CLEAR,DRY,DARK LIGHTS ON,NO CONTROLS,ALCOHOL PRESENT,No,No Apparent Injury,NOT DISTRACTED,MD,Passenger Car,30,2012.0,Mazda,2,2,Sunday,7
MCP28590043,170517563,Montgomery County Police,Property Damage Crash,2017-07-06 08:40:00,County,SHADY GROVE RD,CORPORATE BLVD,STRAIGHT MOVEMENT ANGLE,RAINING,WET,DAYLIGHT,TRAFFIC SIGNAL,NONE DETECTED,Yes,No Apparent Injury,NOT DISTRACTED,MD,Passenger Car,30,2015.0,Volks,4D,8,Thursday,7
MCP2556003G,200002525,Montgomery County Police,Property Damage Crash,2020-01-15 11:45:00,Unknown,Unknown,Unknown,OTHER,CLOUDY,Unknown,DAYLIGHT,Unknown,UNKNOWN,Yes,No Apparent Injury,LOOKED BUT DID NOT SEE,MD,Passenger Car,0,2016.0,Hyun,ELANTRA,11,Wednesday,1
MCP2569001H,190046894,Montgomery County Police,Injury Crash,2019-09-30 17:16:00,Maryland (State),ROCKVILLE PIKE,SECURITY LA,SAME DIR REAR END,CLOUDY,WET,DAYLIGHT,TRAFFIC SIGNAL,NONE DETECTED,Yes,No Apparent Injury,NOT DISTRACTED,US,Passenger Car,40,2009.0,Smart,CMP,17,Monday,9
MCP2875008Z,240029509,MONTGOMERY,Property Damage Crash,2024-06-21 18:20:00,County Route,STEDWICK RD,MONTGOMERY VILLAGE AVE (SB/L),Front to Rear,Clear,Dry,Daylight,Traffic Control Signal,"Not Suspect of Alcohol Use, Not Suspect of Drug Use",No,No Apparent Injury,Not Distracted,MD,Sport Utility Vehicle,25,2015.0,Gmc,ACADIA,18,Friday,6
MCP3427000Y,250023121,MONTGOMERY,Property Damage Crash,2025-05-25 00:46:00,County Route,WIGHTMAN RD,GOSHEN RD SNOUFFERS SCHOOL RD,Angle,Clear,Dry,Dark - Lighted,Flashing Traffic Control Signal,"Not Suspect of Alcohol Use, Not Suspect of Drug Use",No,No Apparent Injury,Not Distracted,MD,Passenger Car,35,2008.0,Lexus,ES,0,Sunday,5
MCP3053000F,170533684,Montgomery County Police,Property Damage Crash,2017-09-28 17:49:00,County,INDEPENDENCE ST,TURKEY BRANCH PKWY,STRAIGHT MOVEMENT ANGLE,CLEAR,DRY,DAYLIGHT,STOP SIGN,Unknown,Yes,No Apparent Injury,TALKING OR LISTENING TO CELLULAR PHONE,MD,Passenger Car,25,1999.0,Toyota,COROLLA,17,Thursday,9
MCP30600042,230007720,Montgomery County Police,Property Damage Crash,2023-02-15 14:48:00,County,WOODMONT AVE,MONTGOMERY LA,SAME DIR BOTH LEFT TURN,CLEAR,DRY,DAYLIGHT,TRAFFIC SIGNAL,NONE DETECTED,Yes,No Apparent Injury,LOOKED BUT DID NOT SEE,MD,Transit Bus,10,2016.0,Gill,BUS,14,Wednesday,2
MCP27170058,16015546,Montgomery County Police,Property Damage Crash,2016-03-30 12:50:00,County,DEMOCRACY BLVD,RAMP 7 FR DEMOCRACY BLVD WB TO RAMP 6,SAME DIRECTION LEFT TURN,CLEAR,DRY,DAYLIGHT,TRAFFIC SIGNAL,NONE DETECTED,No,No Apparent Injury,NOT DISTRACTED,VA,(Sport) Utility Vehicle,40,2003.0,Saturn,VUE,12,Wednesday,3
MCP3129002Q,210013157,Montgomery County Police,Property Damage Crash,2021-04-08 17:01:00,County,CONNECTICUT AVE,GRAND PRE RD,SAME DIR REAR END,CLEAR,DRY,DAYLIGHT,Unknown,NONE DETECTED,Yes,No Apparent Injury,LOOKED BUT DID NOT SEE,MD,Passenger Car,30,2014.0,Ford,SD,17,Thursday,4
MCP2969000W,15042074,MONTGOMERY,Injury Crash,2015-08-22 12:21:00,Maryland (State),VEIRS MILL RD,GAIL ST,STRAIGHT MOVEMENT ANGLE,CLEAR,DRY,DAYLIGHT,STOP SIGN,NONE DETECTED,Yes,No Apparent Injury,UNKNOWN,MD,(Sport) Utility Vehicle,40,2004.0,Toyota,RAV4,12,Saturday,8
MCP3164005T,220027814,Montgomery County Police,Injury Crash,2022-06-28 14:17:00,Maryland (State),UNIVERSITY BLVD W,GABEL ST,OPPOSITE DIRECTION SIDESWIPE,Unknown,DRY,DAYLIGHT,TRAFFIC SIGNAL,NONE DETECTED,Yes,Possible Injury,NOT DISTRACTED,MD,(Sport) Utility Vehicle,25,2015.0,Toyt,RAV4,14,Tuesday,6
MCP229800QZ,200009817,Montgomery County Police,Injury Crash,2020-02-27 18:59:00,Maryland (State),FREDERICK RD,GUNNERS BRANCH RD,STRAIGHT MOVEMENT ANGLE,CLEAR,DRY,DARK LIGHTS ON,STOP SIGN,NONE DETECTED,Yes,Possible Injury,LOOKED BUT DID NOT SEE,MD,Passenger Car,40,2008.0,Hyun,ACCENT,18,Thursday,2
MCP2087001N,170520113,Montgomery County Police,Property Damage Crash,2017-07-20 09:06:00,County,NORWOOD RD,DR BIRD RD,SAME DIR REAR END,CLEAR,DRY,DAYLIGHT,NO CONTROLS,NONE DETECTED,Yes,No Apparent Injury,UNKNOWN,MD,Van,40,2008.0,Toyt,TK,9,Thursday,7
MCP28660061,190056984,Montgomery County Police,Property Damage Crash,2019-11-25 19:15:00,Interstate (State),CAPITAL BELTWAY,SEMINARY RD,SAME DIRECTION SIDESWIPE,CLEAR,DRY,DARK NO LIGHTS,NO CONTROLS,NONE DETECTED,No,No Apparent Injury,NOT DISTRACTED,MD,Passenger Car,55,2019.0,Ford,F-150,19,Monday,11
MCP30080033,220018133,Montgomery County Police,Property Damage Crash,2022-04-28 23:30:00,Maryland (State),PINEY BRANCH RD,UNIVERSITY BLVD E,SINGLE VEHICLE,CLEAR,DRY,DARK LIGHTS ON,NO CONTROLS,ALCOHOL PRESENT,Yes,No Apparent Injury,UNKNOWN,MD,Passenger Car,30,2007.0,Acura,TL,23,Thursday,4
MCP2962008K,230068895,Montgomery County Police,Injury Crash,2023-11-29 11:27:00,County,PEACH TREE RD,BARNESVILLE RD,SAME DIRECTION SIDESWIPE,CLEAR,DRY,DAYLIGHT,NO CONTROLS,NONE DETECTED,Yes,Possible Injury,UNKNOWN,MD,Passenger Car,40,2022.0,Toyota,COROLLA,11,Wednesday,11
EJ7858000C,15052805,GAITHERSBURG,Property Damage Crash,2015-10-18 23:45:00,Maryland (State),MONTGOMERY VILLAGE AVE,FREDERICK RD,SAME DIRECTION LEFT TURN,CLEAR,DRY,DARK LIGHTS ON,NO CONTROLS,UNKNOWN,No,No Apparent Injury,UNKNOWN,Unknown,Pickup Truck,35,2015.0,Unknown,UNKNOWN,23,Sunday,10
DD56060047,170500798,Rockville Police Departme,Injury Crash,2017-04-06 10:19:00,County,SHADY GROVE RD,GAITHER RD,SINGLE VEHICLE,CLOUDY,DRY,DARK LIGHTS ON,TRAFFIC SIGNAL,NONE DETECTED,No,No Apparent Injury,NOT DISTRACTED,MD,Passenger Car,40,2005.0,Honda,4S,10,Thursday,4
EJ7851005H,200011001,Gaithersburg Police Depar,Injury Crash,2020-03-05 19:45:00,Maryland (State),MONTGOMERY VILLAGE AVE,RUSSELL AVE,SAME DIR REAR END,CLEAR,DRY,DARK LIGHTS ON,TRAFFIC SIGNAL,NONE DETECTED,No,No Apparent Injury,NOT DISTRACTED,MD,Passenger Car,35,2012.0,Mazda,3,19,Thursday,3
MCP2039004N,180055150,Montgomery County Police,Injury Crash,2018-11-03 11:35:00,Maryland (State),CONNECTICUT AVE,ENT TO ASPEN HILLS SHOPPING CTR,STRAIGHT MOVEMENT ANGLE,CLOUDY,DRY,DAYLIGHT,STOP SIGN,Unknown,Yes,Suspected Serious Injury,LOOKED BUT DID NOT SEE,MD,Passenger Car,45,1996.0,Jeep,GRAND CHEROKEE,11,Saturday,11
MCP24120012,190047724,Montgomery County Police,Property Damage Crash,2019-10-04 21:29:00,Maryland (State),UNIVERSITY BLVD E,BUCKINGHAM DR,STRAIGHT MOVEMENT ANGLE,CLEAR,DRY,DARK LIGHTS ON,TRAFFIC SIGNAL,NONE DETECTED,No,No Apparent Injury,NOT DISTRACTED,MD,Passenger Car,35,2009.0,Toyota,CAMRY,21,Friday,10
MCP2830001S,15055919,MONTGOMERY,Injury Crash,2015-11-03 08:18:00,Maryland (State),SPENCERVILLE RD,VEITCH LA,SAME DIR REAR END,CLEAR,DRY,DAYLIGHT,NO CONTROLS,NONE DETECTED,No,No Apparent Injury,NOT DISTRACTED,MD,Passenger Car,35,2013.0,Hyun,4S,8,Tuesday,11
DD5648001H,220052088,Rockville Police Departme,Injury Crash,2022-11-25 16:55:00,Maryland (State),HUNGERFORD DR,E MIDDLE LA,STRAIGHT MOVEMENT ANGLE,CLEAR,DRY,DARK LIGHTS ON,TRAFFIC SIGNAL,NONE DETECTED,Yes,Suspected Minor Injury,INATTENTIVE OR LOST IN THOUGHT,MD,Passenger Car,40,2017.0,Toyt,SD,16,Friday,11
MCP3124000D,180010972,Montgomery County Police,Injury Crash,2018-03-03 21:41:00,Maryland (State),GEORGIA AVE,PLYERS MILL RD,SAME DIR REAR END,CLEAR,DRY,DARK LIGHTS ON,TRAFFIC SIGNAL,NONE DETECTED,No,Possible Injury,NOT DISTRACTED,MD,Passenger Car,35,2017.0,Toyota,RAV4,21,Saturday,3
DD5666000P,240011281,ROCKVILLE,Property Damage Crash,2024-03-08 14:24:00,Municipality Route,S WASHINGTON ST,E MONTGOMERY AVE AT COURTHOUSE SQ N WASHINGTON ST W MONTGOMERY AVE,"Sideswipe, Opposite Direction",Clear,Dry,Daylight,Traffic Control Signal,"Not Suspect of Alcohol Use, Not Suspect of Drug Use",No,No Apparent Injury,Not Distracted,MD,Bus - Transit,25,2019.0,Gillig,CITY TRANSIT BUS,14,Friday,3
MCP30370047,220044034,Montgomery County Police,Injury Crash,2022-10-08 18:41:00,County,CLARKSBURG RD,LEWISDALE RD,HEAD ON,CLEAR,DRY,DUSK,NO CONTROLS,NONE DETECTED,Yes,No Apparent Injury,NOT DISTRACTED,MD,Pickup Truck,40,2017.0,Ford,F150,18,Saturday,10
MCP209400GJ,200043607,Montgomery County Police,Injury Crash,2020-11-05 05:46:00,County,GATEWAY CENTER DR,STRINGTOWN RD,HEAD ON LEFT TURN,CLEAR,DRY,DARK LIGHTS ON,TRAFFIC SIGNAL,NONE DETECTED,Yes,Possible Injury,UNKNOWN,MD,Police Vehicle/Non Emergency,35,2011.0,Ford,CROWN VICTORIA,5,Thursday,11
MCP2759001B,180027850,Montgomery County Police,Injury Crash,2018-06-06 12:32:00,US (State),COLESVILLE RD,NOYES DR,SAME DIR REAR END,CLEAR,DRY,DAYLIGHT,NO CONTROLS,Unknown,No,No Apparent Injury,NOT DISTRACTED,MD,Passenger Car,35,2012.0,Toyota,4 DOOR,12,Wednesday,6
MCP2394002Y,180037518,Montgomery County Police,Injury Crash,2018-07-28 23:24:00,Municipality,MT VERNON PL,FLEET ST,SAME DIR REAR END,CLEAR,DRY,DARK LIGHTS ON,NO CONTROLS,ALCOHOL PRESENT,Yes,Possible Injury,TALKING OR LISTENING TO CELLULAR PHONE,MD,Passenger Car,25,2016.0,Toyt,COROLLA,23,Saturday,7
MCP12330026,180015196,Montgomery County Police,Property Damage Crash,2018-03-28 16:58:00,Maryland (State),CONNECTICUT AVE,BALTIMORE ST,HEAD ON LEFT TURN,RAINING,WET,DAYLIGHT,NO CONTROLS,NONE DETECTED,No,No Apparent Injury,NOT DISTRACTED,MD,Passenger Car,35,2002.0,Hond,CIVIC,16,Wednesday,3
DD56570010,230046370,Rockville Police Departme,Property Damage Crash,2023-07-27 08:20:00,Maryland (State),FREDERICK RD,REDLAND RD,SAME DIR REAR END,CLEAR,DRY,DAYLIGHT,Unknown,NONE DETECTED,No,No Apparent Injury,NOT DISTRACTED,MD,Passenger Car,35,2017.0,Honda,HB,8,Thursday,7
MCP24750027,170549145,Montgomery County Police,Property Damage Crash,2017-12-17 17:24:00,Interstate (State),CAPITAL BELTWAY,NEW HAMPSHIRE AVE,SAME DIR REAR END,Unknown,DRY,DARK LIGHTS ON,NO CONTROLS,NONE DETECTED,No,No Apparent Injury,NOT DISTRACTED,VA,Passenger Car,30,2014.0,Toyota,SIENNA,17,Sunday,12
MCP3019000T,170505235,Montgomery County Police,Property Damage Crash,2017-04-30 18:50:00,Unknown,Unknown,Unknown,STRAIGHT MOVEMENT ANGLE,Unknown,Unknown,DUSK,NO CONTROLS,Unknown,No,No Apparent Injury,NOT DISTRACTED,DC,Passenger Car,10,2015.0,Jaguar,XJ,18,Sunday,4
MCP2181003W,210010703,Montgomery County Police,Property Damage Crash,2021-03-21 17:10:00,Maryland (State),FREDERICK RD,LAKE FOREST BLVD,SAME DIRECTION SIDESWIPE,CLEAR,DRY,DAYLIGHT,TRAFFIC SIGNAL,Unknown,Yes,No Apparent Injury,DISTRACTED BY OUTSIDE PERSON OBJECT OR EVENT,MD,(Sport) Utility Vehicle,35,2006.0,Kia,SORENTO,17,Sunday,3
MCP2927003P,200051521,Montgomery County Police,Property Damage Crash,2020-12-31 18:13:00,US (State),COLESVILLE RD,FRANKLIN AVE,SAME DIR REAR END,Unknown,Unknown,DARK LIGHTS ON,NO CONTROLS,NONE DETECTED,Yes,No Apparent Injury,NOT DISTRACTED,MD,Passenger Car,35,2018.0,Honda,H-RV,18,Thursday,12
MCP2358006P,190041008,Montgomery County Police,Property Damage Crash,2019-08-27 10:00:00,Unknown,Unknown,Unknown,OTHER,CLEAR,Unknown,DAYLIGHT,NO CONTROLS,UNKNOWN,Yes,No Apparent Injury,UNKNOWN,MD,Passenger Car,15,2007.0,Toyota,UNKNOWN,10,Tuesday,8
MCP3193002K,210033643,Montgomery County Police,Property Damage Crash,2021-08-28 18:20:00,County,EPPING CT,DENLEY RD,SAME DIRECTION SIDESWIPE,CLEAR,DRY,DAYLIGHT,NO CONTROLS,Unknown,No,No Apparent Injury,NOT DISTRACTED,MD,Passenger Car,25,2015.0,Honda,SD,18,Saturday,8
MCP2102000R,170514409,Montgomery County Police,Injury Crash,2017-06-18 14:39:00,Maryland (State),GEORGIA AVE,PARKER AVE,SAME DIR REAR END,CLEAR,DRY,DAYLIGHT,TRAFFIC SIGNAL,NONE DETECTED,No,No Apparent Injury,NOT DISTRACTED,MD,Passenger Car,35,2001.0,Honda,CIVIC 4S,14,Sunday,6
MCP2314004G,250008547,MONTGOMERY,Injury Crash,2025-02-26 16:29:00,Maryland (State) Route,MONTROSE RD (WB/L),Unknown,Front to Rear,Clear,Dry,Daylight,No Controls,"Not Suspect of Alcohol Use, Not Suspect of Drug Use",No,Possible Injury,Not Distracted,MD,Sport Utility Vehicle,40,2025.0,Hyundai,SANTA FE,16,Wednesday,2
EJ78330026,16042626,Gaithersburg Police Depar,Property Damage Crash,2016-08-22 16:07:00,County,MUDDY BRANCH RD,BEGIN BRIDGE,STRAIGHT MOVEMENT ANGLE,CLEAR,DRY,DAYLIGHT,TRAFFIC SIGNAL,NONE DETECTED,No,No Apparent Injury,NOT DISTRACTED,MD,Passenger Car,45,2007.0,Toyt,RAV4,16,Monday,8
MCP3009009F,250052426,MONTGOMERY,Injury Crash,2025-11-22 13:10:00,Maryland (State) Route,RIDGE RD (SB/L),Unknown,Angle,Cloudy,Dry,Daylight,No Controls,"Not Suspect of Alcohol Use, Not Suspect of Drug Use",No,No Apparent Injury,Not Distracted,MD,Pickup,40,2011.0,Ford,F-450,13,Saturday,11
MCP2961004G,240044992,MONTGOMERY,Property Damage Crash,2024-09-20 22:10:00,County Route,BRIGGS RD,Unknown,"Sideswipe, Opposite Direction",Clear,Dry,Dark - Lighted,No Controls,"Suspect of Alcohol Use, Not Suspect of Drug Use",Yes,No Apparent Injury,Unknown,MD,Passenger Car,35,2003.0,Honda,CIVIC,22,Friday,9
MCP3381002C,250001330,MONTGOMERY,Injury Crash,2025-01-10 22:14:00,Maryland (State) Route,Unknown,Unknown,Single Vehicle,Clear,Ice/Frost,Dark - Lighted,No Controls,"Suspect of Alcohol Use, Not Suspect of Drug Use",Yes,Possible Injury,Unknown,MD,Passenger Car,30,2024.0,Subaru,OUTBACK,22,Friday,1
MCP203900BZ,240048336,MONTGOMERY,Property Damage Crash,2024-10-10 08:45:00,Unknown,Unknown,Unknown,Front to Rear,Clear,Unknown,Daylight,Unknown,"Not Suspect of Alcohol Use, Not Suspect of Drug Use",Yes,No Apparent Injury,Not Distracted,MD,Sport Utility Vehicle,0,2015.0,Acura,MDX,8,Thursday,10
MCP3361001C,250002241,MONTGOMERY,Property Damage Crash,2025-01-16 21:21:00,County Route,BLUERIDGE AVE,GEORGIA AVE,Front to Front,Clear,Wet,Dark - Lighted,Traffic Control Signal,"Not Suspect of Alcohol Use, Not Suspect of Drug Use",No,No Apparent Injury,Not Distracted,MD,Passenger Car,25,2021.0,Toyota,TACOMA,21,Thursday,1
MCP29820028,170551386,Montgomery County Police,Injury Crash,2017-12-30 18:51:00,County,SEMINARY RD,GEORGIA AVE,HEAD ON LEFT TURN,CLEAR,DRY,DARK LIGHTS ON,TRAFFIC SIGNAL,NONE DETECTED,Yes,Suspected Minor Injury,UNKNOWN,MD,Passenger Car,35,2017.0,Toyota,RAV 4,18,Saturday,12
MCP209400DQ,190012613,Montgomery County Police,Injury Crash,2019-03-19 10:05:00,Maryland (State),RIVER RD,RAMP 8 FR RAMP 5 (FR IS495) TO MD 190 WB,STRAIGHT MOVEMENT ANGLE,CLEAR,DRY,DAYLIGHT,TRAFFIC SIGNAL,NONE DETECTED,No,Possible Injury,NOT DISTRACTED,MD,Passenger Car,40,2012.0,Volkswagon,PASSAT,10,Tuesday,3
MCP2861004B,190055488,Montgomery County Police,Property Damage Crash,2019-11-17 15:45:00,County,MONTROSE RD,E JEFFERSON ST,SAME DIR REND RIGHT TURN,CLEAR,DRY,DAYLIGHT,TRAFFIC SIGNAL,NONE DETECTED,Yes,No Apparent Injury,LOOKED BUT DID NOT SEE,MD,Passenger Car,40,2018.0,Honda,TK,15,Sunday,11
MCP3076004D,250030942,MONTGOMERY,Property Damage Crash,2025-07-11 17:47:00,Maryland (State) Route,CLOPPER RD,Unknown,Front to Rear,Clear,Dry,Daylight,No Controls,"Not Suspect of Alcohol Use, Not Suspect of Drug Use",Yes,No Apparent Injury,"Other Action (looking away from task, etc.)",MD,Passenger Car,35,2013.0,Ford,MUSTANG,17,Friday,7
MCP2831001S,17003129,Montgomery County Police,Injury Crash,2017-01-18 16:39:00,Maryland (State),GREAT SENECA HWY,GREY EAGLE CT,STRAIGHT MOVEMENT ANGLE,CLEAR,DRY,DAYLIGHT,NO CONTROLS,NONE DETECTED,No,Suspected Minor Injury,NOT DISTRACTED,MD,Passenger Car,50,2000.0,Honda,CIVIC,16,Wednesday,1
MCP3289002J,230033714,Montgomery County Police,Property Damage Crash,2023-07-15 13:18:00,US (State),GEORGIA AVE,SILVER SPRING AVE,SAME DIR REAR END,CLEAR,DRY,DAYLIGHT,NO CONTROLS,NONE DETECTED,Yes,No Apparent Injury,UNKNOWN,DC,Passenger Car,35,2002.0,Nissan,UT,13,Saturday,7
MCP3048004Y,190011398,Montgomery County Police,Injury Crash,2019-03-12 09:39:00,Maryland (State),CONNECTICUT AVE,RAMP 4 FR MD 185 NB TO IS 495 EB,SAME DIR REAR END,CLEAR,DRY,DAYLIGHT,TRAFFIC SIGNAL,Unknown,No,Possible Injury,NOT DISTRACTED,DC,Passenger Car,35,2012.0,Acura,TSX,9,Tuesday,3
MCP2857003H,210034905,Montgomery County Police,Property Damage Crash,2021-09-05 23:00:00,Maryland (State),MONTGOMERY VILLAGE AVE,CHRISTOPHER AVE,HEAD ON LEFT TURN,CLEAR,WET,DARK LIGHTS ON,TRAFFIC SIGNAL,NONE DETECTED,No,No Apparent Injury,NOT DISTRACTED,MD,Passenger Car,35,2012.0,Chevy,CAMARO,23,Sunday,9
DD5642003Q,220045584,Rockville Police Departme,Injury Crash,2022-10-17 17:25:00,Maryland (State),VEIRS MILL RD,MEADOW HALL DR,STRAIGHT MOVEMENT ANGLE,Unknown,WET,DAYLIGHT,Unknown,NONE DETECTED,Yes,Suspected Minor Injury,LOOKED BUT DID NOT SEE,MD,Passenger Car,40,2021.0,Chrysler,300,17,Monday,10
MCP242500H9,220003404,Montgomery County Police,Injury Crash,2022-01-26 10:59:00,Maryland (State),OLD GEORGETOWN RD,SONOMA RD,STRAIGHT MOVEMENT ANGLE,CLEAR,DRY,DAYLIGHT,STOP SIGN,NONE DETECTED,No,Possible Injury,NOT DISTRACTED,MD,Passenger Car,35,2007.0,Acura,TL,10,Wednesday,1
MCP3016001C,170528298,Montgomery County Police,Property Damage Crash,2017-09-02 07:30:00,Unknown,Unknown,Unknown,SINGLE VEHICLE,RAINING,Unknown,DAYLIGHT,Unknown,Unknown,Yes,No Apparent Injury,UNKNOWN,MD,Pickup Truck,0,2003.0,Ford,F150XL,7,Saturday,9
MCP30910030,210041349,Montgomery County Police,Property Damage Crash,2021-10-15 13:16:00,County,SHADY GROVE RD,MT PLEASANT AVE,STRAIGHT MOVEMENT ANGLE,CLEAR,DRY,DAYLIGHT,TRAFFIC SIGNAL,Unknown,Yes,No Apparent Injury,UNKNOWN,MD,Passenger Car,40,2017.0,Infiniti,QX60,13,Friday,10
MCP31130030,210005908,Montgomery County Police,Property Damage Crash,2021-02-15 10:55:00,County,STEWART LA,COLUMBIA PIKE,SAME DIR REAR END,CLOUDY,WET,DAYLIGHT,TRAFFIC SIGNAL,Unknown,No,No Apparent Injury,NOT DISTRACTED,MD,(Sport) Utility Vehicle,30,2007.0,Acura,SUV,10,Monday,2
MCP31600041,230003351,Montgomery County Police,Injury Crash,2023-01-20 21:00:00,Unknown,Unknown,Unknown,SINGLE VEHICLE,CLEAR,Unknown,DARK LIGHTS ON,NO CONTROLS,NONE DETECTED,Yes,Possible Injury,LOOKED BUT DID NOT SEE,MD,Passenger Car,5,2021.0,Porche,CAYENNE,21,Friday,1
MCP2565005P,180049482,Montgomery County Police,Injury Crash,2018-10-03 17:45:00,Maryland (State),WISCONSIN AVE,SOMERSET TERRACE,SAME DIRECTION SIDESWIPE,CLEAR,DRY,DAYLIGHT,NO CONTROLS,NONE DETECTED,No,No Apparent Injury,NOT DISTRACTED,MD,(Sport) Utility Vehicle,35,2014.0,Cadillac,SRX4,17,Wednesday,10
MCP3170000Q,190023890,Montgomery County Police,Injury Crash,2019-05-20 15:26:00,Maryland (State),FREDERICK RD,WHEATFIELD DR,ANGLE MEETS RIGHT TURN,CLEAR,DRY,DAYLIGHT,STOP SIGN,NONE DETECTED,No,No Apparent Injury,NOT DISTRACTED,MD,Passenger Car,45,2012.0,Chry,4S,15,Monday,5
MCP3029001Q,170543259,Montgomery County Police,Property Damage Crash,2017-11-16 16:00:00,Maryland (State),CONNECTICUT AVE,BRADLEY LA,SAME DIRECTION SIDESWIPE,CLEAR,DRY,DAYLIGHT,NO CONTROLS,Unknown,Yes,No Apparent Injury,LOOKED BUT DID NOT SEE,Unknown,Passenger Car,40,2014.0,Honda,PILOT,16,Thursday,11
MCP2356001K,190059959,Montgomery County Police,Property Damage Crash,2019-12-12 18:05:00,Maryland (State),W MONTGOMERY AVE,SHADY GROVE RD,SAME DIR REAR END,CLEAR,DRY,DARK LIGHTS ON,TRAFFIC SIGNAL,NONE DETECTED,No,No Apparent Injury,NOT DISTRACTED,MD,Pickup Truck,40,2012.0,Toyt,TACOMA,18,Thursday,12
DD5538001P,16042163,Rockville Police Departme,Property Damage Crash,2016-08-19 18:04:00,Other Public Roadway,CHAPMAN AVE,ENT TO METRO STATION,OTHER,CLEAR,DRY,DAYLIGHT,NO CONTROLS,NONE DETECTED,No,No Apparent Injury,NOT DISTRACTED,MD,Transit Bus,25,2014.0,Gill,BUS,18,Friday,8
MCP21070031,200051169,Montgomery County Police,Injury Crash,2020-12-29 09:57:00,Maryland (State),CLOPPER RD,BEGIN BRIDGE,SAME DIR REAR END,CLEAR,DRY,DAYLIGHT,NO CONTROLS,UNKNOWN,Yes,No Apparent Injury,NOT DISTRACTED,MD,Passenger Car,35,1900.0,Chevy,CRUISE,9,Tuesday,12
MCP2509000M,15030147,Montgomery County Police,Property Damage Crash,2015-06-20 14:24:00,Maryland (State),UNIVERSITY BLVD E,E SCHUYLER RD,SAME DIR REAR END,CLEAR,Unknown,DAYLIGHT,NO CONTROLS,NONE DETECTED,No,No Apparent Injury,NOT DISTRACTED,VA,Passenger Car,40,1999.0,Merz,E320,14,Saturday,6
MCP29670028,170521703,Montgomery County Police,Injury Crash,2017-07-28 16:55:00,Maryland (State),WISCONSIN AVE,BRADLEY LA,SAME DIRECTION SIDESWIPE,RAINING,WET,DAYLIGHT,TRAFFIC SIGNAL,Unknown,No,No Apparent Injury,NOT DISTRACTED,MD,Passenger Car,35,2010.0,Chevrolet,IMPALA,16,Friday,7
MCP3148006C,240024698,MONTGOMERY,Property Damage Crash,2024-05-24 20:17:00,Municipality Route,UNDERWOOD ST,Unknown,Other,Clear,Dry,Dusk,No Controls,"Not Suspect of Alcohol Use, Not Suspect of Drug Use",No,No Apparent Injury,Unknown,MD,Sport Utility Vehicle,25,2023.0,Land Rover,DEFENDER,20,Friday,5
DM8492001G,230010436,Takoma Park Police Depart,Injury Crash,2023-03-02 19:30:00,Maryland (State),NEW HAMPSHIRE AVE,UNIVERSITY BLVD,HEAD ON LEFT TURN,CLEAR,DRY,DARK LIGHTS ON,TRAFFIC SIGNAL,Unknown,No,No Apparent Injury,NOT DISTRACTED,DC,Passenger Car,5,2005.0,Honda,ODYSSEY,19,Thursday,3