Report Number,Local Case Number,Agency Name,ACRS Report Type,Crash Date/Time,Route Type,Road Name,Cross-Street Name,Collision Type,Weather,Surface Condition,Light,Traffic Control,Driver Substance Abuse,Driver At Fault,Injury Severity,Driver Distracted By,Drivers License State,Vehicle Body Type,Speed Limit,Vehicle Year,Vehicle Make,Vehicle Model,Crash Hour,Crash Day,Crash Month
MCP3136001Z,190027695,Montgomery County Police,Property Damage Crash,2019-06-10 14:22:00,County,FLOWER AVE,PINEY BRANCH RD,STRAIGHT MOVEMENT ANGLE,RAINING,WET,DAYLIGHT,Unknown,NONE DETECTED,No,No Apparent Injury,NOT DISTRACTED,XX,Passenger Car,30,2014.0,Niss,4S,14,Monday,6
MCP27230012,15055958,MONTGOMERY,Injury Crash,2015-11-03 11:45:00,Maryland (State),GEORGIA AVE,HINES RD,SAME DIR REAR END,CLEAR,DRY,DAYLIGHT,TRAFFIC SIGNAL,NONE DETECTED,Yes,No Apparent Injury,LOOKED BUT DID NOT SEE,MD,Passenger Car,30,2006.0,Bmw,4S,11,Tuesday,11
MCP2594001Y,16047946,Montgomery County Police,Injury Crash,2016-09-18 14:36:00,County,MIDLAND RD,NEW HAMPSHIRE AVE,SAME DIRECTION SIDESWIPE,CLEAR,DRY,DAYLIGHT,NO CONTROLS,NONE DETECTED,No,Suspected Minor Injury,LOOKED BUT DID NOT SEE,PA,Passenger Car,40,2000.0,Toyota,CAMRY,14,Sunday,9
MCP2938000W,16032315,Montgomery County Police,Property Damage Crash,2016-06-26 05:19:00,Maryland (State),ROCKVILLE PIKE,CEDAR LA,UNKNOWN,CLEAR,DRY,DARK LIGHTS ON,NO CONTROLS,ALCOHOL CONTRIBUTED,Yes,No Apparent Injury,UNKNOWN,MD,Passenger Car,35,2005.0,Toyota,COROLLA,5,Sunday,6
DD5502000T,15009229,Rockville Police Departme,Property Damage Crash,2015-02-26 10:54:00,Municipality,E MIDDLE LA,MONROE ST,OTHER,CLOUDY,WET,DAYLIGHT,NO CONTROLS,NONE DETECTED,Yes,No Apparent Injury,NOT DISTRACTED,MD,"Medium/Heavy Trucks 3 Axles (Over 10,000Lbs (4,536Kg))",25,2014.0,Chevy,TK,10,Thursday,2
DD55020034,170507273,Rockville Police Departme,Injury Crash,2017-05-11 17:54:00,Maryland (State),VEIRS MILL RD,EDMONSTON DR,SAME DIR REAR END,RAINING,WET,DAYLIGHT,NO CONTROLS,NONE DETECTED,Yes,No Apparent Injury,NOT DISTRACTED,MD,Van,30,2006.0,Niss,VN,17,Thursday,5
MCP27540007,15004835,Montgomery County Police,Injury Crash,2015-01-30 13:13:00,Maryland (State),PINEY BRANCH RD,SLIGO CREEK PKWY,SAME DIR REAR END,CLEAR,DRY,DAYLIGHT,TRAFFIC SIGNAL,NONE DETECTED,Yes,No Apparent Injury,UNKNOWN,MD,Passenger Car,40,1999.0,Toyota,CAMRY,13,Friday,1
MCP30370049,220045575,Montgomery County Police,Injury Crash,2022-10-17 16:39:00,Maryland (State),OLD HUNDRED RD,RAMP 2 FR MD 109 WB TO IS 270 NB,HEAD ON LEFT TURN,Unknown,WET,DAYLIGHT,NO CONTROLS,NONE DETECTED,Yes,No Apparent Injury,DISTRACTED BY OUTSIDE PERSON OBJECT OR EVENT,MD,(Sport) Utility Vehicle,40,2017.0,Chevy,TRAVERSE,16,Monday,10
MCP2894000W,15023056,Montgomery County Police,Property Damage Crash,2015-05-14 14:06:00,County,SHAFTSBURY ST,MERTFORD ST,OPPOSITE DIRECTION SIDESWIPE,CLEAR,DRY,DAYLIGHT,NO CONTROLS,NONE DETECTED,No,No Apparent Injury,NOT DISTRACTED,MD,Passenger Car,35,2014.0,Toyota,4 DOOR,14,Thursday,5
MCP0487001W,170529552,Montgomery County Police,Property Damage Crash,2017-09-09 11:10:00,County,MIDCOUNTY HWY,MILLER FALL RD,HEAD ON LEFT TURN,CLEAR,DRY,DAYLIGHT,NO CONTROLS,NONE DETECTED,Yes,No Apparent Injury,LOOKED BUT DID NOT SEE,MD,Passenger Car,45,1999.0,Nissan,TRUCK,11,Saturday,9
MCP32210044,250032191,MONTGOMERY,Injury Crash,2025-07-18 20:18:00,Spur,Unknown,Unknown,Front to Rear,Clear,Wet,Dark - Lighted,Yield Sign,"Not Suspect of Alcohol Use, Not Suspect of Drug Use",Yes,No Apparent Injury,"Other Action (looking away from task, etc.)",MD,Sport Utility Vehicle,40,2024.0,Jeep,GRAND CHEROKEE L,20,Friday,7
MCP2597001B,15009502,Montgomery County Police,Property Damage Crash,2015-02-27 17:04:00,Unknown,Unknown,Unknown,OTHER,CLEAR,Unknown,DAYLIGHT,NO CONTROLS,UNKNOWN,Yes,No Apparent Injury,UNKNOWN,DC,Passenger Car,0,2015.0,Nissan,4DR,17,Friday,2
MCP1566002C,250052008,MONTGOMERY,Property Damage Crash,2025-11-19 22:31:00,Maryland (State) Route,GREAT SENECA HWY (SB/L),QUINCE ORCHARD RD (SB/L),Single Vehicle,Clear,Dry,Dark - Lighted,Traffic Control Signal,"Not Suspect of Alcohol Use, Not Suspect of Drug Use",Yes,No Apparent Injury,Not Distracted,Unknown,Sport Utility Vehicle,50,2020.0,Chevrolet,EQUINOX,22,Wednesday,11
DD5638000D,190033745,Rockville Police Departme,Property Damage Crash,2019-07-16 12:00:00,Municipality,PARK RD,S STONESTREET AVE,SAME DIRECTION SIDESWIPE,CLEAR,DRY,DAYLIGHT,NO CONTROLS,Unknown,No,No Apparent Injury,NOT DISTRACTED,VA,Passenger Car,25,2011.0,Vw,GOLF,12,Tuesday,7
MCP28710040,17004790,Montgomery County Police,Injury Crash,2017-01-27 18:43:00,Interstate (State),EISENHOWER MEMORIAL HWY,ROCKLEDGE BLVD,SAME DIRECTION LEFT TURN,CLEAR,DRY,DARK NO LIGHTS,NO CONTROLS,NONE DETECTED,Yes,No Apparent Injury,NOT DISTRACTED,MD,Passenger Car,55,2006.0,Lexs,TK,18,Friday,1
MCP94060021,180060258,Montgomery County Police,Injury Crash,2018-12-02 16:26:00,Maryland (State),GEORGIA AVE,PARKER AVE,SAME DIR REAR END,CLOUDY,WET,DAYLIGHT,NO CONTROLS,NONE DETECTED,Yes,No Apparent Injury,NOT DISTRACTED,MD,Passenger Car,35,2006.0,Honda,CRV,16,Sunday,12
MCP2974003Z,220005280,Montgomery County Police,Property Damage Crash,2022-02-06 17:30:00,Unknown,Unknown,Unknown,UNKNOWN,Unknown,Unknown,DUSK,Unknown,UNKNOWN,Yes,No Apparent Injury,UNKNOWN,Unknown,Passenger Car,0,2017.0,Gmc,YUKON,17,Sunday,2
MCP2269002N,230066426,Montgomery County Police,Property Damage Crash,2023-11-15 08:45:00,County,MIDCOUNTY HWY,ENT TO SHADY GROVE MIDDLE SCHOOL,SAME DIR REAR END,CLEAR,DRY,DAYLIGHT,NO CONTROLS,NONE DETECTED,Yes,No Apparent Injury,NOT DISTRACTED,MD,Passenger Car,45,2015.0,Lndr,UT,8,Wednesday,11
MCP229800LG,180055462,Montgomery County Police,Injury Crash,2018-11-05 13:24:00,Maryland (State),RIDGE RD,KINGS VALLEY RD,SAME DIR REAR END,RAINING,WET,DAYLIGHT,NO CONTROLS,NONE DETECTED,Yes,No Apparent Injury,EATING OR DRINKING,MD,(Sport) Utility Vehicle,45,2013.0,Jeep,GRAND CHER,13,Monday,11
EJ7878003Y,220003127,Gaithersburg Police Depar,Property Damage Crash,2022-01-24 17:50:00,Maryland (State),W DIAMOND AVE,PERRY PKWY,SAME DIR REAR END,CLEAR,DRY,DARK NO LIGHTS,TRAFFIC SIGNAL,Unknown,No,No Apparent Injury,NOT DISTRACTED,MD,Passenger Car,35,2003.0,Hond,UT,17,Monday,1
MCP2774001C,15046102,MONTGOMERY,Property Damage Crash,2015-09-12 02:02:00,Maryland (State),NEW HAMPSHIRE AVE,OAKVIEW DR,SAME DIRECTION SIDESWIPE,Unknown,DRY,DARK LIGHTS ON,NO CONTROLS,UNKNOWN,Yes,No Apparent Injury,UNKNOWN,MD,Pickup Truck,40,1900.0,Unknown,PICK UP,2,Saturday,9
MCP27830053,230067700,Montgomery County Police,Property Damage Crash,2023-11-21 19:12:00,Maryland (State),NEW HAMPSHIRE AVE,NORWOOD RD,ANGLE MEETS LEFT TURN,RAINING,WET,DARK LIGHTS ON,TRAFFIC SIGNAL,Unknown,No,No Apparent Injury,NOT DISTRACTED,MD,Passenger Car,45,2017.0,Niss,SD,19,Tuesday,11
MCP2398000X,16061835,Montgomery County Police,Injury Crash,2016-12-02 07:25:00,Maryland (State),MIDCOUNTY HWY,GOSHEN RD,SAME DIRECTION SIDESWIPE,CLEAR,DRY,DAWN,TRAFFIC SIGNAL,NONE DETECTED,No,Possible Injury,NOT DISTRACTED,MD,Passenger Car,40,2000.0,Toyt,COROLLA,7,Friday,12
MCP3209002Q,210021256,Montgomery County Police,Property Damage Crash,2021-06-04 17:52:00,Maryland (State),EAST WEST HWY,ROSEMARY HILLS RD,SAME DIRECTION SIDESWIPE,Unknown,DRY,DAYLIGHT,NO CONTROLS,NONE DETECTED,Yes,No Apparent Injury,LOOKED BUT DID NOT SEE,MD,Passenger Car,35,2016.0,Hond,CIVIC,17,Friday,6
MCP2983002Z,180045797,Montgomery County Police,Property Damage Crash,2018-09-13 17:40:00,Maryland (State),GEORGIA AVE,EVANS PKWY,SAME DIR REAR END,CLEAR,DRY,DAYLIGHT,NO CONTROLS,NONE DETECTED,No,No Apparent Injury,NOT DISTRACTED,MD,(Sport) Utility Vehicle,35,2017.0,Toyt,TK,17,Thursday,9
MCP31700013,190043413,Montgomery County Police,Injury Crash,2019-09-10 21:03:00,County,MIDDLEBROOK RD,CENTURY BLVD,STRAIGHT MOVEMENT ANGLE,CLEAR,DRY,DARK LIGHTS ON,TRAFFIC SIGNAL,NONE DETECTED,No,Suspected Minor Injury,NOT DISTRACTED,MD,Passenger Car,30,2013.0,Hond,TK,21,Tuesday,9
MCP28950029,220022228,Montgomery County Police,Property Damage Crash,2022-04-28 12:11:00,Maryland (State),CLOPPER RD,HOPKINS RD,OTHER,CLEAR,DRY,DAYLIGHT,Unknown,UNKNOWN,Yes,No Apparent Injury,UNKNOWN,Unknown,"Other Light Trucks (10,000Lbs (4,536Kg) Or Less)",40,2002.0,International,TRUCK,12,Thursday,4
MCP242500HR,230027769,Montgomery County Police,Property Damage Crash,2023-06-09 14:20:00,Maryland (State),WISCONSIN AVE,MILLER AVE,SAME DIRECTION RIGHT TURN,CLOUDY,DRY,DAYLIGHT,NO CONTROLS,NONE DETECTED,No,No Apparent Injury,NOT DISTRACTED,MD,Transit Bus,25,2020.0,Gillig,BUS,14,Friday,6
MCP93010021,180003601,Montgomery County Police,Injury Crash,2018-01-22 11:10:00,County,DARNESTOWN RD,SHADY GROVE RD,HEAD ON LEFT TURN,CLEAR,DRY,DAYLIGHT,TRAFFIC SIGNAL,Unknown,No,Possible Injury,NOT DISTRACTED,MD,Passenger Car,35,2011.0,Ford,ESCAPE,11,Monday,1
MCP2378000C,15048556,MONTGOMERY,Injury Crash,2015-09-24 23:02:00,Maryland (State),ROCKVILLE PIKE,TUCKERMAN LA,HEAD ON LEFT TURN,CLEAR,DRY,DARK LIGHTS ON,TRAFFIC SIGNAL,NONE DETECTED,No,Possible Injury,NOT DISTRACTED,MD,(Sport) Utility Vehicle,35,2013.0,Nissan,ROGUE,23,Thursday,9
MCP1021000C,17006683,Montgomery County Police,Injury Crash,2017-02-07 15:00:00,Maryland (State),RIDGE RD,BLOOM DR,SAME DIR REAR END,CLEAR,DRY,Unknown,Unknown,NONE DETECTED,Yes,Possible Injury,OTHER ELECTRONIC DEVICE (NAVIGATIONAL PALM PILOT),NJ,Passenger Car,40,2016.0,Honda,ACCORD,15,Tuesday,2
DD56350039,210001622,Rockville Police Departme,Property Damage Crash,2021-01-13 15:49:00,Maryland (State),NORBECK RD,E GUDE DR,SAME DIR REAR END,Unknown,DRY,DAYLIGHT,Unknown,NONE DETECTED,No,No Apparent Injury,NOT DISTRACTED,MD,Van,50,2020.0,Chrysler,PACIFICA,15,Wednesday,1
MCP3226000R,200031559,Montgomery County Police,Property Damage Crash,2020-08-13 16:33:00,County,EDNOR RD,HAW LA,SINGLE VEHICLE,CLEAR,DRY,DAYLIGHT,NO CONTROLS,NONE DETECTED,Yes,No Apparent Injury,LOOKED BUT DID NOT SEE,MD,(Sport) Utility Vehicle,35,2004.0,Volvo,4S,16,Thursday,8
MCP2256000R,16014692,MONTGOMERY,Property Damage Crash,2016-03-25 12:54:00,Maryland (State),CLOPPER RD,RICHTER FARM RD,OTHER,CLOUDY,DRY,DAYLIGHT,STOP SIGN,NONE DETECTED,Yes,No Apparent Injury,NOT DISTRACTED,MD,Passenger Car,35,2015.0,Nissan,ALTIMA,12,Friday,3
MCP3019002R,190052843,Montgomery County Police,Property Damage Crash,2019-11-02 20:15:00,Maryland (State),WISCONSIN AVE,STANFORD ST,SAME DIR REAR END,CLEAR,DRY,DARK LIGHTS ON,TRAFFIC SIGNAL,Unknown,Yes,No Apparent Injury,USING OTHER DEVICE CONTROLS INTEGRAL TO VEHICLE,MD,Police Vehicle/Emergency,25,2013.0,Ford,INTERCEPTOR,20,Saturday,11
MCP1453006W,180063726,Montgomery County Police,Injury Crash,2018-12-21 07:47:00,Maryland (State),CLOPPER RD,GREAT SENECA HWY,HEAD ON LEFT TURN,RAINING,WET,DAWN,TRAFFIC SIGNAL,NONE DETECTED,Yes,No Apparent Injury,NOT DISTRACTED,MD,Passenger Car,30,2006.0,Toyota,COROLLA,7,Friday,12
MCP913000BT,210030887,Montgomery County Police,Injury Crash,2021-08-09 05:49:00,Maryland (State),UNIVERSITY BLVD E,PINEY BRANCH RD,SAME DIR REAR END,CLOUDY,DRY,DARK LIGHTS ON,TRAFFIC SIGNAL,NONE DETECTED,No,Suspected Minor Injury,NOT DISTRACTED,MD,Pickup Truck,40,2020.0,Toyota,TACOMA,5,Monday,8
DD55670089,250022059,ROCKVILLE,Property Damage Crash,2025-05-19 08:14:00,Ramp,RAMP 10 FR RAMP 4 TO TOWER OAKS BLVD,Unknown,Front to Rear,Clear,Dry,Daylight,Traffic Control Signal,"Not Suspect of Alcohol Use, Not Suspect of Drug Use",Yes,No Apparent Injury,Not Distracted,MD,Passenger Car,55,2018.0,Acura,ILX,8,Monday,5
DD56580027,240013642,ROCKVILLE,Property Damage Crash,2024-03-22 09:39:00,Municipality Route,ARDENNES AVE,CRAWFORD DR,Front to Rear,Clear,Dry,Daylight,Stop Sign,"Not Suspect of Alcohol Use, Not Suspect of Drug Use",No,No Apparent Injury,Unknown,MD,Passenger Car,15,2019.0,Honda,HR-V,9,Friday,3
MCP1235002H,200046170,Montgomery County Police,Property Damage Crash,2020-11-22 18:02:00,Maryland (State),NEW HAMPSHIRE AVE,NORTHWEST DR,STRAIGHT MOVEMENT ANGLE,CLEAR,DRY,DARK LIGHTS ON,NO CONTROLS,NONE DETECTED,Yes,No Apparent Injury,NOT DISTRACTED,XX,Passenger Car,40,2016.0,Toyota,CAMRY,18,Sunday,11
MCP1220004L,16064364,Montgomery County Police,Property Damage Crash,2016-12-15 14:40:00,County,CHERRY HILL RD,BROADBIRCH DR,STRAIGHT MOVEMENT ANGLE,CLEAR,DRY,DAYLIGHT,TRAFFIC SIGNAL,NONE DETECTED,Yes,No Apparent Injury,UNKNOWN,MD,Passenger Car,40,2006.0,Acura,TL,14,Thursday,12
MCP2667004P,180023360,Montgomery County Police,Injury Crash,2018-05-12 10:34:00,County,AIRPARK RD,WOODFIELD RD,SINGLE VEHICLE,CLEAR,DRY,DAYLIGHT,Unknown,NONE DETECTED,Yes,Suspected Minor Injury,UNKNOWN,MD,Motorcycle,50,2015.0,Yamaha,BOLT,10,Saturday,5
MCP28920030,170531617,Montgomery County Police,Property Damage Crash,2017-09-19 21:51:00,Maryland (State),GEORGIA AVE,RAMP 2 FR IS 495 WB TO MD 97 NB,SAME DIR REAR END,CLEAR,DRY,DARK LIGHTS ON,YIELD SIGN,Unknown,Yes,No Apparent Injury,NOT DISTRACTED,XX,Passenger Car,25,2017.0,Honda,4S,21,Tuesday,9
MCP2898004C,230068589,Montgomery County Police,Injury Crash,2023-11-27 18:44:00,Maryland (State),GERMANTOWN RD,OBSERVATION DR,STRAIGHT MOVEMENT ANGLE,CLEAR,DRY,DARK LIGHTS ON,TRAFFIC SIGNAL,Unknown,No,No Apparent Injury,NOT DISTRACTED,MD,Passenger Car,40,2015.0,Hod,4S,18,Monday,11
MCP24360032,170506979,Montgomery County Police,Property Damage Crash,2017-05-10 07:40:00,Maryland (State),UNIVERSITY BLVD E,SILVER SPRING PRESBYTERIAN CHURCH,SAME DIR REAR END,CLEAR,DRY,DAYLIGHT,NO CONTROLS,NONE DETECTED,No,No Apparent Injury,NOT DISTRACTED,VA,(Sport) Utility Vehicle,40,2013.0,Ford,EXPLORER,7,Wednesday,5
MCP29190045,170546789,Montgomery County Police,Property Damage Crash,2017-12-05 18:20:00,Maryland (State),NEW HAMPSHIRE AVE,POWDER MILL RD,SAME DIR REAR END,RAINING,WET,DARK LIGHTS ON,Unknown,NONE DETECTED,Yes,No Apparent Injury,NOT DISTRACTED,MD,Passenger Car,40,2007.0,Nissan,ALTIMA,18,Tuesday,12
MCP2556004X,230034930,Montgomery County Police,Injury Crash,2023-07-22 15:39:00,County,GREAT SENECA HWY,KEY WEST AVE,STRAIGHT MOVEMENT ANGLE,CLEAR,DRY,DAYLIGHT,TRAFFIC SIGNAL,NONE DETECTED,No,No Apparent Injury,NOT DISTRACTED,MD,Passenger Car,50,2016.0,Lexus,RC350,15,Saturday,7
MCP3382000B,240004160,MONTGOMERY,Property Damage Crash,2024-01-26 13:16:00,County Route,EPPING RD,Unknown,"Sideswipe, Same Direction",Clear,Dry,Daylight,No Controls,"Not Suspect of Alcohol Use, Not Suspect of Drug Use",Yes,No Apparent Injury,Not Distracted,MD,Van - Cargo,25,2007.0,Chevrolet,EXPRESS,13,Friday,1
DD5611001G,16032513,Rockville Police Departme,Injury Crash,2016-06-27 13:00:00,Municipality,ARDENNES AVE,WAINWRIGHT AVE,STRAIGHT MOVEMENT ANGLE,CLEAR,DRY,DAYLIGHT,Unknown,NONE DETECTED,No,No Apparent Injury,NOT DISTRACTED,MD,Passenger Car,25,2010.0,Toyt,4S,13,Monday,6
MCP2608005H,240001806,MONTGOMERY,Property Damage Crash,2024-01-11 19:01:00,County Route,FLOWER AVE,Unknown,"Sideswipe, Same Direction",Clear,Dry,Dark - Lighted,No Controls,"Not Suspect of Alcohol Use, Not Suspect of Drug Use",No,No Apparent Injury,Not Distracted,MD,Bus - Transit,30,2009.0,Gillig,CITY TRANSIT BUS,19,Thursday,1
MCP1465002F,16056629,Montgomery County Police,Property Damage Crash,2016-11-03 07:01:00,Maryland (State),HUNGERFORD DR,MANNAKEE ST,HEAD ON LEFT TURN,CLOUDY,DRY,DARK LIGHTS ON,TRAFFIC SIGNAL,NONE DETECTED,No,No Apparent Injury,NOT DISTRACTED,MD,Transit Bus,40,2014.0,Gill,BUS,7,Thursday,11
MCP0942001Q,180026529,Montgomery County Police,Property Damage Crash,2018-05-30 10:35:00,Maryland (State),EAST WEST HWY,MONTGOMERY AVE,SAME DIRECTION SIDESWIPE,CLOUDY,DRY,DAYLIGHT,NO CONTROLS,NONE DETECTED,Yes,No Apparent Injury,LOOKED BUT DID NOT SEE,MD,Van,25,2016.0,Ford,TRANSIT 250,10,Wednesday,5
MCP3232004X,240021116,MONTGOMERY,Property Damage Crash,2024-05-05 14:21:00,Local Route,GOOD HOPE DR,GOOD HOPE RD,Front to Rear,Rain,Wet,Daylight,No Controls,"Not Suspect of Alcohol Use, Not Suspect of Drug Use",No,No Apparent Injury,Not Distracted,MD,Passenger Car,30,2012.0,Lincoln,MKZ,14,Sunday,5
DD5665000H,230009677,Rockville Police Departme,Property Damage Crash,2023-02-26 21:50:00,Maryland (State),ROCKVILLE PIKE,WOOTTON PKWY,STRAIGHT MOVEMENT ANGLE,CLEAR,DRY,DARK LIGHTS ON,TRAFFIC SIGNAL,NONE DETECTED,No,No Apparent Injury,NOT DISTRACTED,MD,Passenger Car,35,2017.0,Jeep,WRANGLER,21,Sunday,2
MCP3254000T,200045887,Montgomery County Police,Injury Crash,2020-11-20 16:40:00,Maryland (State),OLD HUNDRED RD,RAMP 3 FR MD 109 EB TO RAMP 2 (TO IS270),HEAD ON LEFT TURN,CLEAR,DRY,DAYLIGHT,NO CONTROLS,NONE DETECTED,Yes,No Apparent Injury,LOOKED BUT DID NOT SEE,MD,(Sport) Utility Vehicle,30,2014.0,Toyt,RAV-4,16,Friday,11
MCP3211003B,220047169,Montgomery County Police,Property Damage Crash,2022-10-27 12:40:00,County,FRIENDSHIP BLVD,WASHINGTON DC/LINE,OTHER,CLEAR,DRY,DAYLIGHT,NO CONTROLS,NONE DETECTED,Yes,No Apparent Injury,LOOKED BUT DID NOT SEE,VA,Passenger Car,15,2006.0,Dodge,RAM TRUCK,12,Thursday,10
MCP23460008,200013930,Montgomery County Police,Property Damage Crash,2020-03-25 11:26:00,Interstate (State),CAPITAL BELTWAY,EISENHOWER MEMORIAL HWY,SINGLE VEHICLE,RAINING,WET,DAYLIGHT,NO CONTROLS,NONE DETECTED,Yes,No Apparent Injury,NOT DISTRACTED,MD,Passenger Car,55,2013.0,Honda,ACCORD,11,Wednesday,3
DM8439001G,170547467,Takoma Park Police Depart,Property Damage Crash,2017-12-08 21:11:00,Maryland (State),PHILADELPHIA AVE,CEDAR AVE,SAME DIR REAR END,CLOUDY,DRY,DARK LIGHTS ON,Unknown,Unknown,Yes,No Apparent Injury,UNKNOWN,MD,Passenger Car,25,2011.0,Ford,FIESTA 4D,21,Friday,12
MCP2588003M,170548352,Montgomery County Police,Injury Crash,2017-12-13 15:09:00,Maryland (State),GEORGIA AVE,HEATHFIELD RD,STRAIGHT MOVEMENT ANGLE,CLEAR,DRY,DAYLIGHT,NO CONTROLS,NONE DETECTED,No,No Apparent Injury,NOT DISTRACTED,MD,(Sport) Utility Vehicle,45,2011.0,Lexus,RX450,15,Wednesday,12
MCP2965006X,230011355,Montgomery County Police,Property Damage Crash,2023-03-08 10:45:00,Unknown,Unknown,Unknown,SINGLE VEHICLE,CLEAR,Unknown,DAYLIGHT,NO CONTROLS,NONE DETECTED,Yes,No Apparent Injury,NOT DISTRACTED,MD,Passenger Car,25,2015.0,Hyundai,4S,10,Wednesday,3
MCP27230087,230072596,Montgomery County Police,Injury Crash,2023-12-19 16:00:00,Maryland (State),GEORGIA AVE,NORBECK RD,STRAIGHT MOVEMENT ANGLE,CLEAR,DRY,DAYLIGHT,TRAFFIC SIGNAL,NONE DETECTED,No,No Apparent Injury,NOT DISTRACTED,MD,Passenger Car,35,2017.0,Toyota,COROLLA,16,Tuesday,12
MCP2665001S,16056755,Montgomery County Police,Injury Crash,2016-11-03 18:15:00,County,GROSVENOR LA,SPUR TO MD 355,SAME DIR REAR END,CLEAR,DRY,DUSK,STOP SIGN,NONE DETECTED,Yes,No Apparent Injury,OTHER DISTRACTION,MD,Passenger Car,40,2013.0,Honda,CRV,18,Thursday,11
MCP23140022,230012830,Montgomery County Police,Property Damage Crash,2023-03-16 16:04:00,Unknown,HAYWORTH DRIVE,HEATHSIDE WAY,SINGLE VEHICLE,CLEAR,DRY,DAYLIGHT,NO CONTROLS,NONE DETECTED,Yes,No Apparent Injury,NOT DISTRACTED,MD,School Bus,5,2021.0,Thomas,MSDE-D-12,16,Thursday,3
EJ7836000H,17007424,Gaithersburg Police Depar,Property Damage Crash,2017-02-11 00:29:00,Maryland (State),GREAT SENECA HWY,ORCHARD RIDGE DR,SAME DIR REAR END,CLEAR,DRY,DARK LIGHTS ON,FLASHING TRAFFIC SIGNAL,NONE DETECTED,Yes,No Apparent Injury,UNKNOWN,MD,Passenger Car,50,2013.0,Honda,CIVIC,0,Saturday,2
MCP2848002H,16003303,Montgomery County Police,Property Damage Crash,2016-01-18 14:56:00,Unknown,Unknown,Unknown,OTHER,CLEAR,Unknown,DAYLIGHT,NO CONTROLS,NONE DETECTED,Yes,No Apparent Injury,NOT DISTRACTED,MD,Passenger Car,10,2006.0,Lincoln,NAVIGATOR,14,Monday,1
MCP1221001M,15054943,MONTGOMERY,Injury Crash,2015-10-29 09:26:00,Municipality,FIRSTFIELD RD,CLOPPER RD,SAME DIR REAR END,CLEAR,WET,DAYLIGHT,TRAFFIC SIGNAL,NONE DETECTED,No,No Apparent Injury,NOT DISTRACTED,MD,(Sport) Utility Vehicle,35,2006.0,Toyota,HIGHLANDER,9,Thursday,10
MCP2513001F,190033062,Montgomery County Police,Injury Crash,2019-07-12 05:40:00,Maryland (State),GEORGIA AVE,RAMP 7 FR RAMP 2 (FR IS 495) TO MD 97 SB,STRAIGHT MOVEMENT ANGLE,CLEAR,DRY,DAWN,TRAFFIC SIGNAL,NONE DETECTED,No,No Apparent Injury,NOT DISTRACTED,VA,Passenger Car,35,2011.0,Ford,F150,5,Friday,7
MCP3118001X,190022034,Montgomery County Police,Property Damage Crash,2019-05-10 10:19:00,Unknown,Unknown,Unknown,OTHER,CLEAR,Unknown,DAYLIGHT,Unknown,NONE DETECTED,Yes,No Apparent Injury,NOT DISTRACTED,MD,Pickup Truck,10,2007.0,Chev,TK,10,Friday,5
MCP21500007,200031047,Montgomery County Police,Property Damage Crash,2020-08-10 10:45:00,County,SHADY GROVE RD,ENT TO MONT CO TRANSFER STATION,SAME DIRECTION SIDESWIPE,CLEAR,DRY,DAYLIGHT,TRAFFIC SIGNAL,NONE DETECTED,Yes,No Apparent Injury,NOT DISTRACTED,MD,Pickup Truck,35,2016.0,Dodge,RAM,10,Monday,8
MCP13660095,190020833,Montgomery County Police,Injury Crash,2019-05-03 14:39:00,Maryland (State),MUNCASTER MILL RD,NEEDWOOD RD,STRAIGHT MOVEMENT ANGLE,CLEAR,DRY,DAYLIGHT,TRAFFIC SIGNAL,NONE DETECTED,No,No Apparent Injury,NOT DISTRACTED,MD,Passenger Car,40,2010.0,Toyt,4S,14,Friday,5
EJ7885004F,240033849,GAITHERSBURG,Property Damage Crash,2024-07-17 17:48:00,Maryland (State) Route,FREDERICK RD,Unknown,Front to Rear,Rain,Wet,Daylight,No Controls,"Not Suspect of Alcohol Use, Not Suspect of Drug Use",No,No Apparent Injury,Not Distracted,MD,Passenger Car,30,2008.0,Acura,UNKNOWN,17,Wednesday,7
DD56170014,170529141,Rockville Police Departme,Property Damage Crash,2017-09-07 09:42:00,Municipality,N WASHINGTON ST,HUNGERFORD DR,SAME DIRECTION SIDESWIPE,CLEAR,DRY,DAYLIGHT,TRAFFIC SIGNAL,Unknown,No,No Apparent Injury,NOT DISTRACTED,MD,Transit Bus,40,2016.0,Gill,BUS,9,Thursday,9
MCP2651000Q,16035981,Montgomery County Police,Injury Crash,2016-07-15 22:16:00,Maryland (State),SANDY SPRING RD,MCKNEW RD,HEAD ON LEFT TURN,Unknown,DRY,DARK LIGHTS ON,TRAFFIC SIGNAL,ALCOHOL PRESENT,Yes,Possible Injury,LOOKED BUT DID NOT SEE,MD,Passenger Car,40,2003.0,Nissan,4D,22,Friday,7
MCP2363000J,15045070,Montgomery County Police,Fatal Crash,2015-09-07 05:54:00,Maryland (State),FREDERICK RD,S WESTLAND DR,SINGLE VEHICLE,CLEAR,DRY,DARK LIGHTS ON,TRAFFIC SIGNAL,Unknown,No,No Apparent Injury,NOT DISTRACTED,MD,Passenger Car,40,2002.0,Toyt,CAMRY,5,Monday,9
MCP2641003S,240002772,MONTGOMERY,Injury Crash,2024-01-18 11:22:00,US (State),COLESVILLE RD,HASTINGS DR (SB/L),Angle,Cloudy,Dry,Daylight,Traffic Control Signal,"Not Suspect of Alcohol Use, Not Suspect of Drug Use",No,Possible Injury,Talking/listening,MD,Passenger Car,35,2022.0,Honda,PILOT,11,Thursday,1