Report Number,Local Case Number,Agency Name,ACRS Report Type,Crash Date/Time,Route Type,Road Name,Cross-Street Name,Collision Type,Weather,Surface Condition,Light,Traffic Control,Driver Substance Abuse,Driver At Fault,Injury Severity,Driver Distracted By,Drivers License State,Vehicle Body Type,Speed Limit,Vehicle Year,Vehicle Make,Vehicle Model,Crash Hour,Crash Day,Crash Month
MCP3195000R,190056661,Montgomery County Police,Property Damage Crash,2019-11-23 16:29:00,Maryland (State),OLD COLUMBIA PIKE,BURTONSVILLE SCH ACCESS RD,STRAIGHT MOVEMENT ANGLE,RAINING,WET,DARK LIGHTS ON,NO CONTROLS,Unknown,Yes,No Apparent Injury,NOT DISTRACTED,MD,Passenger Car,25,1998.0,Toyota,CAMRY,16,Saturday,11
MCP3403001C,240054259,MONTGOMERY,Property Damage Crash,2024-11-12 05:15:00,Unknown,Unknown,Unknown,Single Vehicle,Clear,Unknown,Dark - Lighted,Unknown,"Not Suspect of Alcohol Use, Not Suspect of Drug Use",No,No Apparent Injury,Not Distracted,MD,Other,0,2020.0,Freightliner,M2,5,Tuesday,11
MCP2760007Q,250048112,MONTGOMERY,Property Damage Crash,2025-10-26 18:07:00,Unknown,Unknown,Unknown,"Sideswipe, Opposite Direction",Clear,Unknown,Dark - Lighted,Unknown,"Suspect of Alcohol Use, Not Suspect of Drug Use",Yes,No Apparent Injury,Unknown,MD,Sport Utility Vehicle,0,2025.0,Chevrolet,TRAX,18,Sunday,10
MCP272600C6,250000795,MONTGOMERY,Injury Crash,2025-01-07 10:27:00,County Route,TWINBROOK PKWY,HALPINE RD,Rear To Side,Clear,Slush,Daylight,No Controls,"Not Suspect of Alcohol Use, Not Suspect of Drug Use",Yes,Suspected Minor Injury,Not Distracted,MD,Passenger Car,25,2020.0,Ford,FUSION,10,Tuesday,1
MCP14330033,200027685,Montgomery County Police,Property Damage Crash,2020-07-16 18:05:00,County,MONTROSE RD,SHAGBARK DR,SAME DIR REAR END,CLEAR,DRY,DAYLIGHT,NO CONTROLS,NONE DETECTED,Yes,No Apparent Injury,LOOKED BUT DID NOT SEE,MD,Van,35,2014.0,Toyt,VN,18,Thursday,7
MCP2991004S,200041959,Montgomery County Police,Property Damage Crash,2020-10-24 10:00:00,Maryland (State),NEW HAMPSHIRE AVE,BONIFANT RD,SAME DIR REAR END,CLEAR,DRY,DAYLIGHT,NO CONTROLS,NONE DETECTED,Yes,No Apparent Injury,LOOKED BUT DID NOT SEE,MD,Passenger Car,40,2016.0,Volkwasgen,JETTA,10,Saturday,10
MCP30950021,200020499,Montgomery County Police,Property Damage Crash,2020-05-22 20:06:00,County,KILGORE RD,BROADMORE RD,OPPOSITE DIRECTION SIDESWIPE,CLEAR,WET,DARK LIGHTS ON,Unknown,Unknown,Yes,No Apparent Injury,NOT DISTRACTED,MD,Fire Vehicle/Non Emergency,35,2005.0,Pierce-Dash,ARIAL TOWER,20,Friday,5
MCP2146000B,180058635,Montgomery County Police,Property Damage Crash,2018-11-23 11:49:00,Unknown,Unknown,Unknown,HEAD ON LEFT TURN,CLOUDY,Unknown,DAYLIGHT,Unknown,NONE DETECTED,No,No Apparent Injury,NOT DISTRACTED,VA,Passenger Car,0,2009.0,Chevy,MALIBU,11,Friday,11
MCP2771001L,230002675,Montgomery County Police,Injury Crash,2023-01-17 13:53:00,Maryland (State),GEORGIA AVE,INTERNATIONAL DR,SAME DIR REAR END,RAINING,WET,DAYLIGHT,TRAFFIC SIGNAL,Unknown,No,No Apparent Injury,NOT DISTRACTED,MD,Passenger Car,45,2021.0,Toyt,SD,13,Tuesday,1
EJ7898003J,240035449,GAITHERSBURG,Property Damage Crash,2024-07-27 13:20:00,Unknown,Unknown,Unknown,Single Vehicle,Clear,Unknown,Daylight,Unknown,"Unknown, Unknown",No,Unknown,Unknown,Unknown,Passenger Car,0,2002.0,Toyota,CAMRY,13,Saturday,7
MCP1182001T,170521652,Montgomery County Police,Property Damage Crash,2017-07-28 11:42:00,County,EXECUTIVE BLVD,CROSSOVER,HEAD ON LEFT TURN,RAINING,WET,DAYLIGHT,TRAFFIC SIGNAL,Unknown,Yes,No Apparent Injury,LOOKED BUT DID NOT SEE,NY,Passenger Car,35,2017.0,Audi,4DR,11,Friday,7
MCP1291002S,200011829,Montgomery County Police,Injury Crash,2020-03-10 16:49:00,Maryland (State),CLOPPER RD,ENT TO SENECA STATE PARK,SAME DIR REAR END,CLEAR,DRY,DAYLIGHT,NO CONTROLS,NONE DETECTED,No,No Apparent Injury,NOT DISTRACTED,MD,(Sport) Utility Vehicle,45,2015.0,Nissan,ROGUE,16,Tuesday,3
MCP2698001T,16052607,Montgomery County Police,Property Damage Crash,2016-10-13 08:35:00,Maryland (State),MUNCASTER MILL RD,EMORY LA,STRAIGHT MOVEMENT ANGLE,CLEAR,DRY,DAYLIGHT,STOP SIGN,NONE DETECTED,No,No Apparent Injury,UNKNOWN,MD,Passenger Car,40,2014.0,Honda,ACCORD,8,Thursday,10
MCP1453004Q,170531701,Montgomery County Police,Property Damage Crash,2017-09-20 11:49:00,Maryland (State),RIDGE RD,HENDERSON CORNER RD,SAME DIR REAR END,CLEAR,DRY,DAYLIGHT,TRAFFIC SIGNAL,NONE DETECTED,No,No Apparent Injury,NOT DISTRACTED,MD,Van,45,2013.0,Toyt,VN,11,Wednesday,9
EJ7889000N,210015206,Gaithersburg Police Depar,Injury Crash,2021-04-23 21:50:00,County,SHADY GROVE RD,RAMP 2 FR SHADY GROVE RD WB TO IS 270 NB,OTHER,CLEAR,Unknown,OTHER,NO CONTROLS,NONE DETECTED,No,No Apparent Injury,NOT DISTRACTED,MD,Passenger Car,40,2016.0,Nissan,ROUGE,21,Friday,4
MCP2396001S,16061248,Montgomery County Police,Injury Crash,2016-11-29 14:51:00,Maryland (State),GEORGIA AVE,RIPPLING BROOK DR,STRAIGHT MOVEMENT ANGLE,RAINING,WET,DAYLIGHT,NO CONTROLS,NONE DETECTED,Yes,Possible Injury,LOOKED BUT DID NOT SEE,MD,Passenger Car,45,2015.0,Dodge,DART,14,Tuesday,11
MCP2967006K,250008037,MONTGOMERY,Injury Crash,2025-02-23 18:56:00,Interstate (State),CAPITAL BELTWAY (WB/L),Unknown,Front to Rear,Clear,Dry,Dark - Lighted,No Controls,"Unknown, Unknown",No,Unknown,Unknown,Unknown,Passenger Car,55,2011.0,Lexus,IS,18,Sunday,2
MCP2898004M,240011771,MONTGOMERY,Injury Crash,2024-03-11 17:20:00,County Route,OBSERVATION DR,MIDDLEBROOK RD (WB/L),Front to Rear,Clear,Dry,Daylight,Traffic Control Signal,"Not Suspect of Alcohol Use, Not Suspect of Drug Use",No,Possible Injury,Not Distracted,MD,Passenger Car,30,2007.0,Toyota,COROLLA,17,Monday,3
MCP2788001X,190028156,Montgomery County Police,Injury Crash,2019-06-13 00:17:00,Maryland (State),UNIVERSITY BLVD W,EISNER ST,SAME DIR REAR END,Unknown,WET,DARK LIGHTS ON,Unknown,NONE DETECTED,Yes,No Apparent Injury,UNKNOWN,MD,(Sport) Utility Vehicle,35,2005.0,Saturn,VUE,0,Thursday,6
MCP1022003R,15061504,MONTGOMERY,Property Damage Crash,2015-12-02 09:31:00,County,SENECA MEADOWS PKWY,CROSSOVER,SINGLE VEHICLE,RAINING,WET,DAYLIGHT,NO CONTROLS,NONE DETECTED,Yes,No Apparent Injury,NOT DISTRACTED,MD,Passenger Car,30,2004.0,Honda,ACC0RD,9,Wednesday,12
MCP3058001X,180041268,Montgomery County Police,Property Damage Crash,2018-08-19 17:35:00,County,TRAVILAH RD,PINEY MEETINGHOUSE RD,STRAIGHT MOVEMENT ANGLE,CLEAR,DRY,DAYLIGHT,STOP SIGN,NONE DETECTED,No,No Apparent Injury,NOT DISTRACTED,MD,Passenger Car,35,2013.0,Honda,CIVIC,17,Sunday,8
MCP2897000W,16034073,Montgomery County Police,Property Damage Crash,2016-07-05 20:08:00,County,LITTLE SENECA PKWY,FREDERICK RD,SAME DIR REAR END,Unknown,DRY,DARK NO LIGHTS,NO CONTROLS,NONE DETECTED,Yes,No Apparent Injury,DISTRACTED BY OUTSIDE PERSON OBJECT OR EVENT,MD,Passenger Car,40,2013.0,Audi,4S,20,Tuesday,7
MCP94060036,230066501,Montgomery County Police,Property Damage Crash,2023-11-11 16:15:00,Unknown,Unknown,Unknown,UNKNOWN,CLEAR,Unknown,DAYLIGHT,Unknown,UNKNOWN,Yes,No Apparent Injury,UNKNOWN,Unknown,Passenger Car,10,2008.0,Chev,MALIBU,16,Saturday,11
MCP24200013,15060677,MONTGOMERY,Property Damage Crash,2015-11-27 19:22:00,County,BOWIE MILL RD,GELDING LA,STRAIGHT MOVEMENT ANGLE,CLEAR,DRY,DARK LIGHTS ON,STOP SIGN,NONE DETECTED,No,No Apparent Injury,NOT DISTRACTED,MD,Passenger Car,30,2006.0,Hond,4S,19,Friday,11
MCP12100023,170527028,Montgomery County Police,Injury Crash,2017-08-26 14:50:00,County,RAILROAD ST,WASHINGTON GROVE LA,HEAD ON LEFT TURN,CLEAR,DRY,DAYLIGHT,Unknown,NONE DETECTED,Yes,No Apparent Injury,UNKNOWN,MD,Passenger Car,25,2002.0,Chev,IMPALA,14,Saturday,8
EJ7887001B,210045344,Gaithersburg Police Depar,Injury Crash,2021-11-09 10:45:00,Maryland (State),FREDERICK RD,CHESTNUT ST,STRAIGHT MOVEMENT ANGLE,CLEAR,DRY,DAYLIGHT,TRAFFIC SIGNAL,NONE DETECTED,No,Possible Injury,LOOKED BUT DID NOT SEE,MD,Passenger Car,30,2018.0,Mazda,CX-9,10,Tuesday,11
MCP913000FV,230021334,Montgomery County Police,Injury Crash,2023-05-04 13:02:00,Maryland (State),UNIVERSITY BLVD E,RAMP 2 FR IS 495 WB TO MD 193 NB,STRAIGHT MOVEMENT ANGLE,CLEAR,DRY,DAYLIGHT,TRAFFIC SIGNAL,NONE DETECTED,No,No Apparent Injury,NOT DISTRACTED,MD,Passenger Car,35,2013.0,Hond,4S,13,Thursday,5
MCP29450008,15019668,MONTGOMERY,Injury Crash,2015-04-26 13:01:00,Maryland (State),GEORGIA AVE,SHOREFIELD RD,SAME DIR REAR END,CLEAR,DRY,DAYLIGHT,Unknown,NONE DETECTED,Yes,Possible Injury,NOT DISTRACTED,MD,Passenger Car,40,2012.0,Honda,VN,13,Sunday,4
MCP30780006,170529719,Montgomery County Police,Injury Crash,2017-09-10 13:53:00,Maryland (State),MUNCASTER MILL RD,SYCAMORE LA,SAME DIRECTION LEFT TURN,CLEAR,DRY,DAYLIGHT,Unknown,Unknown,No,Possible Injury,NOT DISTRACTED,MD,Passenger Car,40,2001.0,Toyota,COROLLA,13,Sunday,9
MCP271700PD,190034877,Montgomery County Police,Property Damage Crash,2019-07-22 20:00:00,Unknown,Unknown,Unknown,OTHER,Unknown,Unknown,OTHER,NO CONTROLS,NONE DETECTED,Yes,No Apparent Injury,INATTENTIVE OR LOST IN THOUGHT,MD,Passenger Car,0,2013.0,Nissan,MAXIMA,20,Monday,7
DM8492000Z,220003717,Takoma Park Police Depart,Property Damage Crash,2022-01-28 08:30:00,Maryland (State),UNIVERSITY BLVD E,MERRIMAC DR,SAME DIR REAR END,CLEAR,DRY,DAYLIGHT,NO CONTROLS,Unknown,Yes,No Apparent Injury,OTHER DISTRACTION,MD,Passenger Car,35,2014.0,Toyt,VN,8,Friday,1
MCP29040019,15044991,MONTGOMERY,Property Damage Crash,2015-09-06 18:51:00,Maryland (State),UNIVERSITY BLVD E,CARROLL AVE,SAME DIR REAR END,CLEAR,DRY,DAYLIGHT,NO CONTROLS,UNKNOWN,Yes,No Apparent Injury,UNKNOWN,Unknown,Passenger Car,40,2001.0,Honda,CIVIC,18,Sunday,9
DM84940014,210032254,Takoma Park Police Depart,Property Damage Crash,2021-08-19 09:55:00,Unknown,Unknown,Unknown,OTHER,CLEAR,Unknown,DAYLIGHT,NO CONTROLS,Unknown,Yes,No Apparent Injury,INATTENTIVE OR LOST IN THOUGHT,MD,Passenger Car,0,2009.0,Subaru,4S,9,Thursday,8
MCP3347001F,230069347,Montgomery County Police,Property Damage Crash,2023-12-01 16:18:00,Maryland (State),RIVER RD,ROYAL DOMINION DR,SAME DIR REND LEFT TURN,RAINING,WET,DAYLIGHT,TRAFFIC SIGNAL,NONE DETECTED,No,No Apparent Injury,NOT DISTRACTED,MD,Passenger Car,35,2016.0,Bmw,X1,16,Friday,12
MCP2689001B,15058133,MONTGOMERY,Property Damage Crash,2015-11-14 11:53:00,County,PARKLAWN DR,WILKINS AVE,HEAD ON LEFT TURN,CLEAR,DRY,DAYLIGHT,TRAFFIC SIGNAL,NONE DETECTED,Yes,No Apparent Injury,UNKNOWN,MD,Passenger Car,30,2004.0,Ford,TAURUS,11,Saturday,11
MCP3084002Q,180062179,Montgomery County Police,Property Damage Crash,2018-12-13 08:24:00,Interstate (State),EISENHOWER MEMORIAL HWY,OLD GEORGETOWN RD,SAME DIR REAR END,CLEAR,DRY,DAYLIGHT,NO CONTROLS,NONE DETECTED,Yes,No Apparent Injury,LOOKED BUT DID NOT SEE,FL,Passenger Car,55,2006.0,Honda,ACCORD,8,Thursday,12
MCP2739003G,200018821,Montgomery County Police,Property Damage Crash,2020-05-09 00:04:00,Maryland (State),PINEY BRANCH RD,UNIVERSITY BLVD E,SAME DIR REAR END,CLEAR,WET,DARK LIGHTS ON,TRAFFIC SIGNAL,NONE DETECTED,No,No Apparent Injury,NOT DISTRACTED,MD,Passenger Car,35,2004.0,Honda,ODDESSY,0,Saturday,5
MCP2728005C,180018445,Montgomery County Police,Property Damage Crash,2018-04-15 19:45:00,County,FENTON ST,BONIFANT ST,SAME DIR REAR END,RAINING,WET,DARK LIGHTS ON,TRAFFIC SIGNAL,NONE DETECTED,No,No Apparent Injury,NOT DISTRACTED,MD,Passenger Car,35,2006.0,Volvo,4S,19,Sunday,4
MCP28460091,230061510,Montgomery County Police,Property Damage Crash,2023-10-19 19:10:00,Maryland (State),GEORGIA AVE,WINDHAM LA,SAME DIR REAR END,CLEAR,DRY,DARK LIGHTS ON,NO CONTROLS,NONE DETECTED,No,No Apparent Injury,NOT DISTRACTED,MD,Passenger Car,35,2016.0,Hond,TK,19,Thursday,10
MCP20480021,190016772,Montgomery County Police,Injury Crash,2019-04-10 20:40:00,County,UNIVERSITY BLVD E SERV RD,CARROLL AVE,SAME DIR REAR END,CLEAR,DRY,DARK LIGHTS ON,TRAFFIC SIGNAL,ALCOHOL PRESENT,Yes,No Apparent Injury,UNKNOWN,MD,Passenger Car,35,2001.0,Gmc,UNK,20,Wednesday,4
MCP211600F4,210047794,Montgomery County Police,Injury Crash,2021-11-24 13:23:00,County,SHADY GROVE RD,BRIARDALE RD,STRAIGHT MOVEMENT ANGLE,CLEAR,DRY,DAYLIGHT,TRAFFIC SIGNAL,NONE DETECTED,No,Suspected Serious Injury,NOT DISTRACTED,MD,Other,25,2002.0,Us Postal,TK,13,Wednesday,11
MCP2864001T,16020609,Montgomery County Police,Property Damage Crash,2016-04-26 17:02:00,County,TWINBROOK PKWY,HALPINE RD,STRAIGHT MOVEMENT ANGLE,CLEAR,DRY,DAYLIGHT,NO CONTROLS,NONE DETECTED,Yes,No Apparent Injury,LOOKED BUT DID NOT SEE,VA,Passenger Car,35,2002.0,Mercury,GRAND MARQUIS,17,Tuesday,4
MCP32570018,200047496,Montgomery County Police,Property Damage Crash,2020-12-02 13:58:00,Maryland (State),CONNECTICUT AVE,KNOWLES AVE,HEAD ON,CLEAR,DRY,DAYLIGHT,TRAFFIC SIGNAL,NONE DETECTED,Yes,No Apparent Injury,NOT DISTRACTED,DC,Passenger Car,30,2013.0,Toyota,PRIUS,13,Wednesday,12
DD56010010,15033268,ROCKVILLE,Injury Crash,2015-07-07 19:05:00,Maryland (State),NORBECK RD,BALTIMORE RD,STRAIGHT MOVEMENT ANGLE,CLEAR,DRY,DAYLIGHT,TRAFFIC SIGNAL,Unknown,Yes,No Apparent Injury,NOT DISTRACTED,MD,Passenger Car,45,2010.0,Toyt,TK,19,Tuesday,7
MCP22980181,250039782,MONTGOMERY,Property Damage Crash,2025-09-05 09:09:00,County Route,BURNT HILL RD,Unknown,Single Vehicle,Clear,Dry,Daylight,No Controls,"Not Suspect of Alcohol Use, Not Suspect of Drug Use",No,No Apparent Injury,Not Distracted,MD,Pickup,25,2018.0,Toyota,TACOMA,9,Friday,9
MCP2866001N,15046003,MONTGOMERY,Property Damage Crash,2015-09-11 17:42:00,Maryland (State),CONNECTICUT AVE,ROSEMARY ST #2,SAME DIRECTION SIDESWIPE,CLEAR,DRY,DAYLIGHT,TRAFFIC SIGNAL,NONE DETECTED,No,No Apparent Injury,NOT DISTRACTED,NJ,Passenger Car,30,2010.0,Hyundai,SONATA,17,Friday,9
MCP2801002F,180040699,Montgomery County Police,Injury Crash,2018-08-15 11:24:00,Maryland (State),GEORGIA AVE,HILDAROSE DR,SAME DIR REAR END,CLEAR,DRY,DARK -- UNKNOWN LIGHTING,NO CONTROLS,Unknown,No,Possible Injury,NOT DISTRACTED,MD,Passenger Car,35,2014.0,Chev,IMPALA,11,Wednesday,8
MCP2766005W,200023890,Montgomery County Police,Property Damage Crash,2020-06-18 15:34:00,County,BEL PRE RD,CONNECTICUT AVE,HEAD ON LEFT TURN,CLEAR,DRY,DAYLIGHT,TRAFFIC SIGNAL,NONE DETECTED,Yes,No Apparent Injury,LOOKED BUT DID NOT SEE,MD,Passenger Car,35,2005.0,Honda,CIVIC,15,Thursday,6
MCP2420001X,16058026,Montgomery County Police,Property Damage Crash,2016-11-10 16:01:00,Maryland (State),NORBECK RD,GEORGIA AVE,SAME DIR REAR END,CLEAR,DRY,DAYLIGHT,NO CONTROLS,Unknown,Yes,No Apparent Injury,NOT DISTRACTED,MD,School Bus,40,2007.0,Thom,BUS,16,Thursday,11
MCP13780095,16020561,Montgomery County Police,Injury Crash,2016-04-26 13:19:00,Maryland (State),MUNCASTER MILL RD,AVERY RD,STRAIGHT MOVEMENT ANGLE,CLEAR,DRY,DAYLIGHT,TRAFFIC SIGNAL,NONE DETECTED,Yes,Possible Injury,NOT DISTRACTED,MD,(Sport) Utility Vehicle,35,2007.0,Lexs,RX 350,13,Tuesday,4
EJ7839003K,190007126,Gaithersburg Police Depar,Property Damage Crash,2019-02-13 21:01:00,Other Public Roadway,BEACON SQUARE CT,BOOTH ST,OTHER,CLEAR,DRY,DARK LIGHTS ON,NO CONTROLS,NONE DETECTED,Yes,No Apparent Injury,INATTENTIVE OR LOST IN THOUGHT,MD,Passenger Car,25,2005.0,Toyota,SOLARA,21,Wednesday,2
MCP30690027,200037096,Montgomery County Police,Property Damage Crash,2020-09-21 18:30:00,County,EXECUTIVE BLVD,OLD GEORGETOWN RD,SINGLE VEHICLE,CLEAR,DRY,DUSK,TRAFFIC SIGNAL,NONE DETECTED,Yes,No Apparent Injury,NOT DISTRACTED,MD,Passenger Car,35,2019.0,Honda,CRV,18,Monday,9
MCP3074005C,220047675,Montgomery County Police,Property Damage Crash,2022-10-30 15:43:00,US (State),COLESVILLE RD,SLIGO CREEK PKWY,SAME DIR REAR END,CLEAR,DRY,DAYLIGHT,TRAFFIC SIGNAL,UNKNOWN,Yes,No Apparent Injury,UNKNOWN,Unknown,Passenger Car,35,2015.0,Ford,MUSTANG,15,Sunday,10
MCP3136006Z,240021092,MONTGOMERY,Injury Crash,2024-05-05 11:18:00,County Route,CHESTER ST,Unknown,Front to Rear,Rain,Wet,Daylight,No Controls,"Not Suspect of Alcohol Use, Not Suspect of Drug Use",No,Suspected Minor Injury,Not Distracted,MD,Passenger Car,30,2020.0,Jeep,GLADIATOR,11,Sunday,5
MCP295200BZ,210035248,Montgomery County Police,Property Damage Crash,2021-09-08 11:15:00,Maryland (State),GEORGIA AVE,FENWICK LA,OTHER,CLEAR,DRY,DAYLIGHT,NO CONTROLS,NONE DETECTED,No,No Apparent Injury,NOT DISTRACTED,MD,Passenger Car,35,2009.0,Honda,CIVIC,11,Wednesday,9
MCP1389000P,16020988,Montgomery County Police,Injury Crash,2016-04-28 14:25:00,County,CONTOUR RD,TUNSTALL DR,STRAIGHT MOVEMENT ANGLE,CLOUDY,WET,DAYLIGHT,NO CONTROLS,NONE DETECTED,Yes,Possible Injury,LOOKED BUT DID NOT SEE,MD,Passenger Car,30,2014.0,Hyundai,SONATA,14,Thursday,4
MCP2866002Z,16051656,Montgomery County Police,Injury Crash,2016-10-07 18:57:00,County,RANDOLPH RD,SHERWOOD FOREST DR,STRAIGHT MOVEMENT ANGLE,CLEAR,DRY,DARK LIGHTS ON,NO CONTROLS,NONE DETECTED,No,Possible Injury,NOT DISTRACTED,MD,Passenger Car,40,2015.0,Toyota,RAV 4,18,Friday,10
MCP27560027,180016398,Montgomery County Police,Property Damage Crash,2018-04-04 18:57:00,Maryland (State),GEORGIA AVE,WINDHAM LA,SAME DIRECTION SIDESWIPE,CLEAR,DRY,DAYLIGHT,TRAFFIC SIGNAL,NONE DETECTED,No,No Apparent Injury,NOT DISTRACTED,MD,Pickup Truck,35,2003.0,Ford,F250,18,Wednesday,4
MCP29300047,240012138,MONTGOMERY,Property Damage Crash,2024-03-13 17:16:00,County Route,Unknown,EADES ST,Front to Rear,Clear,Dry,Daylight,No Controls,"Not Suspect of Alcohol Use, Not Suspect of Drug Use",Yes,No Apparent Injury,Not Distracted,NJ,Passenger Car,30,2015.0,Ford,FUSION,17,Wednesday,3
MCP2982000F,16002301,Montgomery County Police,Property Damage Crash,2016-01-13 08:56:00,County,MANCHESTER RD,CROYDON CT,OTHER,CLEAR,DRY,DAYLIGHT,NO CONTROLS,Unknown,No,No Apparent Injury,UNKNOWN,MD,(Sport) Utility Vehicle,0,2002.0,Toyota,RAV4,8,Wednesday,1
DD55220046,190009636,Rockville Police Departme,Property Damage Crash,2019-03-01 06:10:00,Unknown,Unknown,Unknown,OTHER,WINTRY MIX,Unknown,DAWN,NO CONTROLS,NONE DETECTED,No,No Apparent Injury,UNKNOWN,MD,Pickup Truck,5,2015.0,Toyota,TUNDRA,6,Friday,3
MCP3148005R,230069644,Montgomery County Police,Property Damage Crash,2023-12-03 14:57:00,Maryland (State),WISCONSIN AVE,WILLARD AVE,SAME DIRECTION SIDESWIPE,CLOUDY,WET,DAYLIGHT,TRAFFIC SIGNAL,NONE DETECTED,Yes,No Apparent Injury,LOOKED BUT DID NOT SEE,MD,Transit Bus,30,2014.0,Gillig,BUS,14,Sunday,12
MCP3107000X,180032028,Montgomery County Police,Property Damage Crash,2018-06-22 09:29:00,Unknown,Unknown,Unknown,SINGLE VEHICLE,Unknown,Unknown,Unknown,Unknown,Unknown,Yes,No Apparent Injury,UNKNOWN,Unknown,Passenger Car,15,2015.0,Bmw,2D,9,Friday,6
MCP30550011,180005869,Montgomery County Police,Injury Crash,2018-02-03 09:38:00,Maryland (State),CONNECTICUT AVE,RANDOLPH RD,SAME DIR REAR END,CLEAR,DRY,DAYLIGHT,TRAFFIC SIGNAL,NONE DETECTED,No,Suspected Minor Injury,NOT DISTRACTED,MD,Passenger Car,45,2005.0,Toyota,4S,9,Saturday,2
EJ7889003G,230001098,Gaithersburg Police Depar,Property Damage Crash,2023-01-07 17:10:00,County,MUDDY BRANCH RD,GREAT SENECA HWY,OTHER,CLEAR,DRY,DUSK,TRAFFIC SIGNAL,NONE DETECTED,No,No Apparent Injury,NOT DISTRACTED,MD,Passenger Car,45,2017.0,Chev,4S,17,Saturday,1
MCP33420009,220045119,Montgomery County Police,Injury Crash,2022-10-14 18:32:00,Maryland (State),NEW HAMPSHIRE AVE,ASHTON OAKS CT,SINGLE VEHICLE,CLEAR,DRY,DARK NO LIGHTS,NO CONTROLS,NONE DETECTED,No,No Apparent Injury,NOT DISTRACTED,MD,Passenger Car,30,2013.0,Honda,ACCORD,18,Friday,10
MCP33870034,250035971,MONTGOMERY,Property Damage Crash,2025-08-12 13:30:00,Interstate (State),CAPITAL BELTWAY,Unknown,Other,Clear,Dry,Daylight,No Controls,"Not Suspect of Alcohol Use, Not Suspect of Drug Use",No,No Apparent Injury,Not Distracted,DC,Passenger Car,55,2005.0,Toyota,HIGHLANDER,13,Tuesday,8
MCP32370015,220044094,Montgomery County Police,Injury Crash,2022-10-09 05:12:00,Maryland (State),QUINCE ORCHARD RD,BANK ST,SAME DIR REAR END,CLEAR,DRY,DARK LIGHTS ON,TRAFFIC SIGNAL,NONE DETECTED,No,No Apparent Injury,LOOKED BUT DID NOT SEE,MD,(Sport) Utility Vehicle,35,2021.0,Hond,UT,5,Sunday,10
DD56440034,230020064,Rockville Police Departme,Property Damage Crash,2023-04-26 11:20:00,Maryland (State),HUNGERFORD DR,N WASHINGTON ST,SAME DIRECTION SIDESWIPE,RAINING,WET,DARK LIGHTS ON,Unknown,NONE DETECTED,Yes,No Apparent Injury,LOOKED BUT DID NOT SEE,MD,Passenger Car,35,2016.0,Nissan,4D,11,Wednesday,4
MCP320000FX,250021404,MONTGOMERY,Property Damage Crash,2025-05-15 10:48:00,Interstate (State),CAPITAL BELTWAY (WB/L),Unknown,Front to Rear,Clear,Dry,Daylight,No Controls,"Not Suspect of Alcohol Use, Not Suspect of Drug Use",No,No Apparent Injury,Not Distracted,MD,Sport Utility Vehicle,55,2017.0,Toyota,4-RUNNER,10,Thursday,5
DM85220015,230073912,Takoma Park Police Depart,Property Damage Crash,2023-12-27 20:50:00,Unknown,UNIVERSITY BLVD E,NEW HAMPSHIRE AVE,OTHER,RAINING,WET,DARK LIGHTS ON,TRAFFIC SIGNAL,NONE DETECTED,No,No Apparent Injury,NOT DISTRACTED,VA,Passenger Car,30,2016.0,Toyt,4S,20,Wednesday,12
MCP2997000P,17005000,Montgomery County Police,Injury Crash,2017-01-28 22:22:00,Maryland (State),GEORGIA AVE,HEWITT AVE,SAME DIR REAR END,CLEAR,Unknown,DARK LIGHTS ON,TRAFFIC SIGNAL,NONE DETECTED,No,Suspected Minor Injury,NOT DISTRACTED,MD,Passenger Car,45,1997.0,Toyt,TK,22,Saturday,1
MCP28680014,15017362,Montgomery County Police,Injury Crash,2015-04-14 17:00:00,County,SEVEN LOCKS RD,SEVEN HILL LA,STRAIGHT MOVEMENT ANGLE,RAINING,WET,DAYLIGHT,STOP SIGN,NONE DETECTED,Yes,No Apparent Injury,LOOKED BUT DID NOT SEE,MD,(Sport) Utility Vehicle,10,2013.0,Toyota,HIGHLANDER,17,Tuesday,4
MCP3196001D,200038827,Montgomery County Police,Injury Crash,2020-10-02 16:00:00,Maryland (State),GREAT SENECA HWY,MIDDLEBROOK RD,SAME DIR REAR END,CLEAR,Unknown,DAYLIGHT,Unknown,Unknown,No,Possible Injury,NOT DISTRACTED,MD,Passenger Car,50,2009.0,Mercury,4S,16,Friday,10
MCP34260023,250029129,MONTGOMERY,Property Damage Crash,2025-06-30 16:10:00,County Route,DANVILLE DR,Unknown,Front to Rear,Clear,Dry,Daylight,No Controls,"Not Suspect of Alcohol Use, Not Suspect of Drug Use",No,No Apparent Injury,Not Distracted,MD,Passenger Car,25,2023.0,Toyota,CAMRY,16,Monday,6
MCP2914005C,170531787,Montgomery County Police,Injury Crash,2017-09-20 17:12:00,Maryland (State),UNIVERSITY BLVD W,BRUNETT AVE,SAME DIR REND RIGHT TURN,CLEAR,DRY,DAYLIGHT,STOP SIGN,Unknown,Yes,Possible Injury,NOT DISTRACTED,MD,Other,30,2014.0,Volkwagon,PASSAT,17,Wednesday,9
MCP1022003S,15061684,MONTGOMERY,Injury Crash,2015-12-03 08:04:00,County,MIDDLEBROOK RD,GERMANTOWN RD,SAME DIR REAR END,CLEAR,DRY,DAYLIGHT,NO CONTROLS,NONE DETECTED,No,Possible Injury,NOT DISTRACTED,MD,Police Vehicle/Emergency,30,2007.0,Dodge,CHARGER,8,Thursday,12