Report Number,Local Case Number,Agency Name,ACRS Report Type,Crash Date/Time,Route Type,Road Name,Cross-Street Name,Collision Type,Weather,Surface Condition,Light,Traffic Control,Driver Substance Abuse,Driver At Fault,Injury Severity,Driver Distracted By,Drivers License State,Vehicle Body Type,Speed Limit,Vehicle Year,Vehicle Make,Vehicle Model,Crash Hour,Crash Day,Crash Month
MCP3291000T,220000006,Montgomery County Police,Property Damage Crash,2022-01-01 01:13:00,County,MANCHESTER RD,SCHUYLER RD,HEAD ON,FOGGY,WET,DARK LIGHTS ON,NO CONTROLS,UNKNOWN,Yes,No Apparent Injury,UNKNOWN,Unknown,Passenger Car,30,2008.0,Acura,TSX,1,Saturday,1
MCP137800P5,180062510,Montgomery County Police,Property Damage Crash,2018-12-14 17:07:00,Maryland (State),FREDERICK RD,GAME PRESERVE RD,SAME DIRECTION SIDESWIPE,RAINING,WET,DARK LIGHTS ON,NO CONTROLS,NONE DETECTED,No,No Apparent Injury,NOT DISTRACTED,MD,School Bus,45,2012.0,Thomas Built,SCHOOL BUS,17,Friday,12
DD55020025,16013425,Rockville Police Departme,Property Damage Crash,2016-03-18 16:16:00,Municipality,W MONTGOMERY AVE,N WASHINGTON ST,SINGLE VEHICLE,Unknown,DRY,DAYLIGHT,NO CONTROLS,NONE DETECTED,Yes,No Apparent Injury,NOT DISTRACTED,MD,Fire Vehicle/Emergency,25,2000.0,Emon,FIRE TRUCK,16,Friday,3
MCP3158001F,190026188,Montgomery County Police,Injury Crash,2019-06-01 18:52:00,County,SNOUFFERS SCHOOL RD,WOODFIELD RD,OTHER,CLEAR,DRY,DAYLIGHT,WARNING SIGN,NONE DETECTED,Yes,Possible Injury,LOOKED BUT DID NOT SEE,MD,Motorcycle,35,1955.0,Harley,MC,18,Saturday,6
MCP3227004V,230056674,Montgomery County Police,Property Damage Crash,2023-09-24 19:32:00,US (State),COLUMBIA PIKE,ENT TO BURNT MILLS SHOPPING CENTER,SINGLE VEHICLE,RAINING,WET,DARK LIGHTS ON,TRAFFIC SIGNAL,NONE DETECTED,Yes,No Apparent Injury,UNKNOWN,MD,Passenger Car,40,2015.0,Nissan,ALTIMA,19,Sunday,9
MCP3125001P,190041205,Montgomery County Police,Injury Crash,2019-08-28 15:20:00,Maryland (State),DARNESTOWN RD,QUINCE ORCHARD RD,STRAIGHT MOVEMENT ANGLE,RAINING,WET,DAYLIGHT,TRAFFIC SIGNAL,NONE DETECTED,No,Suspected Minor Injury,NOT DISTRACTED,MD,Passenger Car,40,2010.0,Hond,4S,15,Wednesday,8
DD562000BN,240031059,ROCKVILLE,Property Damage Crash,2024-07-01 14:45:00,Maryland (State) Route,W MONTGOMERY AVE (WB/L),HURLEY AVE HURLEY AVE (NB/L),Angle,Clear,Dry,Daylight,Traffic Control Signal,"Not Suspect of Alcohol Use, Not Suspect of Drug Use",No,No Apparent Injury,Not Distracted,MD,Passenger Car,30,2017.0,Toyota,SIENNA,14,Monday,7
DD56520011,220031025,Rockville Police Departme,Property Damage Crash,2022-07-19 11:06:00,Unknown,Unknown,Unknown,OPPOSITE DIRECTION SIDESWIPE,CLEAR,Unknown,DAYLIGHT,NO CONTROLS,NONE DETECTED,No,No Apparent Injury,NOT DISTRACTED,MD,Passenger Car,0,2015.0,Toyota,RAV4,11,Tuesday,7
MCP29590024,16063406,Montgomery County Police,Injury Crash,2016-12-10 11:26:00,Maryland (State),CONNECTICUT AVE,ADAMS DR,OTHER,CLEAR,DRY,DAYLIGHT,TRAFFIC SIGNAL,NONE DETECTED,Yes,No Apparent Injury,NOT DISTRACTED,MD,Passenger Car,40,2014.0,Honda,CIVIC,11,Saturday,12
MCP2973000B,15035225,MONTGOMERY,Injury Crash,2015-07-17 17:00:00,County,AMHERST AVE,BLUERIDGE AVE,STRAIGHT MOVEMENT ANGLE,CLEAR,DRY,DAYLIGHT,Unknown,NONE DETECTED,No,No Apparent Injury,LOOKED BUT DID NOT SEE,MD,Pickup Truck,25,2003.0,Chevy,SILVERADO,17,Friday,7
MCP3023003Z,200040622,Montgomery County Police,Injury Crash,2020-10-15 12:20:00,County,CONNECTICUT AVE,BEL PRE RD,SAME DIR REAR END,CLEAR,DRY,DAYLIGHT,TRAFFIC SIGNAL,NONE DETECTED,No,Possible Injury,NOT DISTRACTED,FL,Passenger Car,35,2018.0,Toyota,CAMREY,12,Thursday,10
MCP13930018,170524855,Montgomery County Police,Property Damage Crash,2017-08-14 20:23:00,Maryland (State),FREDERICK RD,CLARKSBURG RD,HEAD ON LEFT TURN,RAINING,WET,DARK LIGHTS ON,TRAFFIC SIGNAL,NONE DETECTED,Yes,No Apparent Injury,NOT DISTRACTED,MD,Passenger Car,35,2002.0,Buick,CENTURY,20,Monday,8
DM84390041,240022346,TAKOMA,Property Damage Crash,2024-05-12 03:18:00,Unknown,Unknown,Unknown,Rear To Side,Cloudy,Unknown,Dark - Lighted,Unknown,"Unknown, Unknown",No,No Apparent Injury,Not Distracted,MD,Passenger Car,0,2021.0,Acura,RDX,3,Sunday,5
DM8505002R,250039630,TAKOMA,Property Damage Crash,2025-09-04 12:08:00,Municipality Route,GLENSIDE DR,Unknown,Front to Rear,Clear,Dry,Daylight,Other,"Unknown, Unknown",No,Unknown,Unknown,Unknown,Passenger Car,20,2017.0,Toyota,COROLLA,12,Thursday,9
MCP3395002R,240058781,MONTGOMERY,Property Damage Crash,2024-12-09 08:22:00,County Route,FREYMAN DR,Unknown,"Sideswipe, Opposite Direction",Rain,Wet,Daylight,No Controls,"Not Suspect of Alcohol Use, Not Suspect of Drug Use",Yes,No Apparent Injury,Not Distracted,MD,Bus - Transit,15,2016.0,Gillig,CITY TRANSIT BUS,8,Monday,12
MCP3295003W,240005661,MONTGOMERY,Property Damage Crash,2024-02-04 17:56:00,US (State),COLUMBIA PIKE,Unknown,Front to Rear,Clear,Dry,Daylight,No Controls,"Not Suspect of Alcohol Use, Not Suspect of Drug Use",No,No Apparent Injury,Not Distracted,MD,Passenger Car,55,2002.0,Volkswagen,PASSAT,17,Sunday,2
MCP2981000W,16048352,MONTGOMERY,Property Damage Crash,2016-09-20 15:35:00,Unknown,Unknown,Unknown,SINGLE VEHICLE,Unknown,Unknown,DAYLIGHT,NO CONTROLS,Unknown,No,No Apparent Injury,LOOKED BUT DID NOT SEE,MD,Police Vehicle/Emergency,0,2016.0,Ford,4S,15,Tuesday,9
MCP30850023,190061201,Montgomery County Police,Property Damage Crash,2019-12-19 18:11:00,Maryland (State),OLD GEORGETOWN RD,GREENTREE RD,OTHER,CLEAR,DRY,DARK LIGHTS ON,TRAFFIC SIGNAL,NONE DETECTED,No,No Apparent Injury,NOT DISTRACTED,DC,Passenger Car,35,2019.0,Mercedez Benz,C300,18,Thursday,12
MCP25150014,17013280,Montgomery County Police,Property Damage Crash,2017-03-14 17:09:00,County,BUSH HILL RD,CLUB VIEW DR,SINGLE VEHICLE,SNOW,SNOW,DAYLIGHT,NO CONTROLS,NONE DETECTED,Yes,No Apparent Injury,NOT DISTRACTED,MD,Passenger Car,25,2010.0,Ford,TK,17,Tuesday,3
MCP3045000P,170521626,Montgomery County Police,Property Damage Crash,2017-07-28 08:57:00,Maryland (State),CONNECTICUT AVE,RAMP 5 FR MD 185 SB TO IS 495 EB,SAME DIRECTION SIDESWIPE,CLEAR,DRY,DAYLIGHT,NO CONTROLS,NONE DETECTED,Yes,No Apparent Injury,LOOKED BUT DID NOT SEE,DC,Passenger Car,35,2007.0,Honda,CIVIC,8,Friday,7
MCP2875008N,240017579,MONTGOMERY,Injury Crash,2024-04-15 17:20:00,County Route,Unknown,GERMANTOWN RD (SB/L),Rear To Side,Cloudy,Dry,Daylight,Traffic Control Signal,"Not Suspect of Alcohol Use, Not Suspect of Drug Use",Yes,Possible Injury,Talking/listening,Unknown,Passenger Car,40,2016.0,Honda,CIVIC,17,Monday,4
MCP2921003G,190051903,Montgomery County Police,Property Damage Crash,2019-10-28 17:06:00,Maryland (State),DAMASCUS RD,CHROME MINE RD,HEAD ON LEFT TURN,CLEAR,DRY,DAYLIGHT,NO CONTROLS,Unknown,Yes,No Apparent Injury,LOOKED BUT DID NOT SEE,MD,Passenger Car,40,2007.0,Merc,4S,17,Monday,10
MCP3099002P,210008568,Montgomery County Police,Property Damage Crash,2021-03-07 10:23:00,County,WISTERIA DR,GERMANTOWN RD,STRAIGHT MOVEMENT ANGLE,CLEAR,DRY,DAYLIGHT,TRAFFIC SIGNAL,NONE DETECTED,Yes,No Apparent Injury,LOOKED BUT DID NOT SEE,MD,Passenger Car,30,2016.0,Hond,TK,10,Sunday,3
MCP2970004H,180032399,Montgomery County Police,Injury Crash,2018-07-01 06:07:00,Maryland (State),GEORGIA AVE,BLUERIDGE AVE,STRAIGHT MOVEMENT ANGLE,CLEAR,DRY,DAYLIGHT,TRAFFIC SIGNAL,NONE DETECTED,No,Possible Injury,NOT DISTRACTED,MD,Other,35,2000.0,Honda,CIVIC,6,Sunday,7
MCP2639009L,200034016,Montgomery County Police,Injury Crash,2020-08-31 12:23:00,Maryland (State),CONNECTICUT AVE,CROSSOVER,HEAD ON LEFT TURN,RAINING,WET,DAYLIGHT,NO CONTROLS,NONE DETECTED,No,No Apparent Injury,NOT DISTRACTED,MD,Passenger Car,35,2012.0,Honda,ACCORD,12,Monday,8
DM84230016,16062632,Takoma Park Police Depart,Property Damage Crash,2016-12-06 15:45:00,Maryland (State),CARROLL AVE,OUT CORP LMTS TAKOMA PARK,SAME DIR REAR END,RAINING,WET,DAYLIGHT,NO CONTROLS,NONE DETECTED,No,No Apparent Injury,NOT DISTRACTED,MD,Passenger Car,25,2004.0,Toyota,COROLLA,15,Tuesday,12
DM84900022,220035807,Takoma Park Police Depart,Property Damage Crash,2022-08-19 11:22:00,Unknown,Unknown,Unknown,OTHER,CLEAR,Unknown,DAYLIGHT,Unknown,Unknown,Yes,No Apparent Injury,UNKNOWN,Unknown,Passenger Car,0,2011.0,Ford,TAURUS,11,Friday,8
MCP25560044,210020609,Montgomery County Police,Property Damage Crash,2021-05-31 14:49:00,County,SHADY GROVE RD,RAMP 7 FR SHADY GROVE RD WB TO IS 270 SB,STRAIGHT MOVEMENT ANGLE,CLEAR,DRY,DAYLIGHT,TRAFFIC SIGNAL,NONE DETECTED,Yes,No Apparent Injury,UNKNOWN,MD,Passenger Car,45,2013.0,Audi,4S,14,Monday,5
MCP2531000Y,170548975,Montgomery County Police,Property Damage Crash,2017-12-16 15:59:00,County,GREAT SENECA HWY,KEY WEST AVE,SAME DIR REAR END,Unknown,DRY,DAYLIGHT,NO CONTROLS,Unknown,Yes,No Apparent Injury,LOOKED BUT DID NOT SEE,MD,Passenger Car,50,2013.0,Honda,ACCORD,15,Saturday,12
MCP3057002K,200025410,Montgomery County Police,Injury Crash,2020-06-30 11:02:00,County,MIDDLEBROOK RD,CENTURY BLVD,HEAD ON LEFT TURN,CLEAR,DRY,DAYLIGHT,TRAFFIC SIGNAL,Unknown,No,Suspected Minor Injury,LOOKED BUT DID NOT SEE,MD,Passenger Car,25,2018.0,Toyota,CAMRY,11,Tuesday,6
MCP3227005F,240027802,MONTGOMERY,Property Damage Crash,2024-06-11 13:20:00,County Route,POWDER MILL RD,NEW HAMPSHIRE AVE,Front to Rear,Clear,Dry,Daylight,Traffic Control Signal,"Unknown, Unknown",No,Unknown,Unknown,Unknown,Passenger Car,35,2017.0,Hyundai,UNKNOWN,13,Tuesday,6
MCP2690001S,16041388,Montgomery County Police,Property Damage Crash,2016-08-15 15:29:00,Maryland (State),CLOPPER RD,WARING STATION RD,SAME DIR REAR END,CLEAR,DRY,DAYLIGHT,TRAFFIC SIGNAL,NONE DETECTED,Yes,No Apparent Injury,OTHER ELECTRONIC DEVICE (NAVIGATIONAL PALM PILOT),MD,Passenger Car,35,2001.0,Toyt,COROLLA,15,Monday,8
MCP1205002D,16051145,Montgomery County Police,Injury Crash,2016-10-05 11:00:00,County,SHEPHERD ST,BRENNON LA,OTHER,CLEAR,DRY,DAYLIGHT,NO CONTROLS,NONE DETECTED,Unknown,No Apparent Injury,UNKNOWN,MD,Passenger Car,25,2015.0,Ford,FUSION,11,Wednesday,10
MCP913000BS,210028188,Montgomery County Police,Property Damage Crash,2021-07-21 10:36:00,Maryland (State),PINEY BRANCH RD,UNIVERSITY BLVD E,SAME DIR REAR END,CLOUDY,DRY,DAYLIGHT,NO CONTROLS,NONE DETECTED,No,No Apparent Injury,NOT DISTRACTED,MD,Pickup Truck,30,2014.0,Chevrolet,SILVERADO,10,Wednesday,7
MCP2640000M,16064278,Montgomery County Police,Property Damage Crash,2016-12-14 21:02:00,County,MONTGOMERY VILLAGE AVE,CENTERWAY RD,SAME DIRECTION SIDESWIPE,CLEAR,DRY,DARK LIGHTS ON,TRAFFIC SIGNAL,NONE DETECTED,No,No Apparent Injury,NOT DISTRACTED,MD,Passenger Car,35,2006.0,Toyota,SIENNA,21,Wednesday,12
MCP3001000L,16007557,Montgomery County Police,Property Damage Crash,2016-02-14 14:15:00,County,BEL PRE RD,LAYHILL RD,SAME DIRECTION SIDESWIPE,CLEAR,DRY,DAYLIGHT,TRAFFIC SIGNAL,NONE DETECTED,No,No Apparent Injury,NOT DISTRACTED,MD,Passenger Car,40,2004.0,Nissan,ALTIMA,14,Sunday,2
MCP3055003Q,220035268,Montgomery County Police,Property Damage Crash,2022-08-16 08:32:00,County,DRURY RD,COFFEEWOOD CT,OTHER,CLEAR,DRY,DAYLIGHT,NO CONTROLS,Unknown,Yes,No Apparent Injury,NOT DISTRACTED,MD,Passenger Car,25,2011.0,Ford,TK,8,Tuesday,8
MCP1324000J,230010365,Montgomery County Police,Property Damage Crash,2023-03-02 13:03:00,Ramp,RAMP 2 FR MD 118 WB TO IS 270 NB,GERMANTOWN RD,SINGLE VEHICLE,CLOUDY,DRY,DAYLIGHT,NO CONTROLS,NONE DETECTED,Yes,No Apparent Injury,NOT DISTRACTED,MD,Passenger Car,45,2015.0,Toyota,SIENNA,13,Thursday,3
MCP2201000W,16054062,Montgomery County Police,Property Damage Crash,2016-10-20 16:54:00,County,SUNNYSIDE RD,PINEY BRANCH RD,SAME DIR REAR END,CLEAR,DRY,DAYLIGHT,NO CONTROLS,NONE DETECTED,No,No Apparent Injury,NOT DISTRACTED,MD,Passenger Car,25,2010.0,Hond,SW,16,Thursday,10
DD56200096,230006339,Rockville Police Departme,Property Damage Crash,2023-02-08 07:25:00,Interstate (State),EISENHOWER MEMORIAL HWY,MILE MARKER 5.0,SAME DIR REAR END,CLEAR,DRY,DAYLIGHT,Unknown,NONE DETECTED,No,No Apparent Injury,NOT DISTRACTED,MD,Passenger Car,55,2015.0,Tesla,MODEL S,7,Wednesday,2
DD5595007J,190026696,Rockville Police Departme,Property Damage Crash,2019-06-04 16:10:00,Municipality,WOOTTON PKWY,FLEET ST,SAME DIRECTION SIDESWIPE,CLEAR,DRY,DAYLIGHT,NO CONTROLS,NONE DETECTED,Yes,No Apparent Injury,NOT DISTRACTED,MD,Passenger Car,40,2007.0,Honda,4S,16,Tuesday,6
MCP1512003M,210052386,Montgomery County Police,Property Damage Crash,2021-12-23 17:46:00,Maryland (State),FREDERICK RD,CROSSOVER,ANGLE MEETS LEFT TURN,CLEAR,DRY,DARK LIGHTS ON,TRAFFIC SIGNAL,NONE DETECTED,Yes,No Apparent Injury,NOT DISTRACTED,MD,Passenger Car,35,2002.0,Hond,SD,17,Thursday,12
MCP30480089,220029908,Montgomery County Police,Injury Crash,2022-07-12 11:45:00,Maryland (State),CONNECTICUT AVE,DUNLOP ST,STRAIGHT MOVEMENT ANGLE,CLEAR,DRY,DAYLIGHT,STOP SIGN,Unknown,Yes,No Apparent Injury,LOOKED BUT DID NOT SEE,MD,Passenger Car,5,2018.0,Buic,TK,11,Tuesday,7
MCP229800J7,180023730,Montgomery County Police,Injury Crash,2018-05-14 16:33:00,Maryland (State),RIDGE RD,SPUR FR WOODFIELD RD EXT,SAME DIR REAR END,Unknown,DRY,DAYLIGHT,NO CONTROLS,NONE DETECTED,Yes,Possible Injury,LOOKED BUT DID NOT SEE,MD,(Sport) Utility Vehicle,30,2015.0,Jeep,GRAND CHEROKE,16,Monday,5
HA24920017,24002250,MCPARK,Injury Crash,2024-10-24 07:00:00,Government Route,BEACH DR,Unknown,"Sideswipe, Opposite Direction",Clear,Dry,Dawn,No Controls,"Not Suspect of Alcohol Use, Not Suspect of Drug Use",No,No Apparent Injury,Not Distracted,GA,Passenger Car,25,2018.0,Volkswagen,PASSAT,7,Thursday,10
DD5567005P,240039896,ROCKVILLE,Injury Crash,2024-08-23 13:38:00,Municipality Route,Unknown,RAMP 9 FR RAMP 1 TO REDLAND BLVD,Angle,Clear,Dry,Daylight,Traffic Control Signal,"Not Suspect of Alcohol Use, Not Suspect of Drug Use",Yes,No Apparent Injury,Not Distracted,MD,Sport Utility Vehicle,35,2009.0,Audi,Q7,13,Friday,8
MCP3196002T,210053374,Montgomery County Police,Injury Crash,2021-12-31 18:10:00,Maryland (State),FREDERICK RD,GERMANTOWN RD,OTHER,Unknown,DRY,DARK LIGHTS ON,Unknown,NONE DETECTED,No,Possible Injury,NOT DISTRACTED,MD,Passenger Car,45,2017.0,Suba,UNKNOWN,18,Friday,12
MCP9113004C,190002690,Montgomery County Police,Property Damage Crash,2019-01-17 13:28:00,Maryland (State),GEORGIA AVE,COLESVILLE RD,SAME DIR REAR END,CLOUDY,DRY,DAYLIGHT,OTHER,NONE DETECTED,No,No Apparent Injury,NOT DISTRACTED,MD,Passenger Car,45,2002.0,Toyt,SIENNA,13,Thursday,1
MCP34290011,250038782,MONTGOMERY,Property Damage Crash,2025-08-29 20:48:00,Maryland (State) Route,CONNECTICUT AVE (SB/L),GREENLY ST,Angle,Clear,Dry,Dark - Not Lighted,Stop Sign,"Not Suspect of Alcohol Use, Not Suspect of Drug Use",Yes,No Apparent Injury,Unknown,MD,Passenger Car,25,2005.0,Ford,MUSTANG,20,Friday,8
EJ7872000V,180064242,Gaithersburg Police Depar,Injury Crash,2018-12-23 19:20:00,County,MUDDY BRANCH RD,DIAMONDBACK DR,HEAD ON LEFT TURN,Unknown,DRY,DARK LIGHTS ON,TRAFFIC SIGNAL,NONE DETECTED,No,Suspected Minor Injury,NOT DISTRACTED,MD,Passenger Car,45,2002.0,Mazda,4S,19,Sunday,12
MCP0617000V,16034151,Montgomery County Police,Property Damage Crash,2016-07-06 09:28:00,Maryland (State),LAYHILL RD,CROSSOVER,SAME DIR REAR END,CLEAR,DRY,DAYLIGHT,NO CONTROLS,NONE DETECTED,No,No Apparent Injury,NOT DISTRACTED,MD,(Sport) Utility Vehicle,40,2009.0,Chevy,TAHOE,9,Wednesday,7
MCP2798001Z,16032990,Montgomery County Police,Property Damage Crash,2016-06-29 20:25:00,Maryland (State),SANDY SPRING RD,RAMP 6 FR MD 198 EB TO US 29 SB,SAME DIRECTION SIDESWIPE,CLEAR,DRY,DUSK,TRAFFIC SIGNAL,UNKNOWN,Yes,No Apparent Injury,UNKNOWN,MD,Passenger Car,40,2001.0,Ford,2D,20,Wednesday,6
MCP3163005H,230022470,Montgomery County Police,Property Damage Crash,2023-05-10 17:53:00,Maryland (State),CONNECTICUT AVE,CHEVY CHASE CIR,SAME DIRECTION SIDESWIPE,Unknown,DRY,DAYLIGHT,Unknown,Unknown,Yes,No Apparent Injury,LOOKED BUT DID NOT SEE,MD,"Medium/Heavy Trucks 3 Axles (Over 10,000Lbs (4,536Kg))",35,2017.0,Int,TK,17,Wednesday,5
MCP3095005D,240052748,MONTGOMERY,Property Damage Crash,2024-11-02 19:02:00,County Route,BRIGGS CHANEY RD,Unknown,Front to Rear,Clear,Dry,Daylight,Lane Use Control Signal,"Not Suspect of Alcohol Use, Not Suspect of Drug Use",No,No Apparent Injury,Not Distracted,MD,Van - Passenger (&Lt;9 Seats),35,2016.0,Honda,ODYSSEY,19,Saturday,11
DD56030019,15003181,Rockville Police Departme,Property Damage Crash,2015-01-20 12:27:00,Maryland (State),HUNGERFORD DR,MANNAKEE ST,OTHER,CLEAR,DRY,DAYLIGHT,TRAFFIC SIGNAL,NONE DETECTED,No,No Apparent Injury,NOT DISTRACTED,MD,"Other Light Trucks (10,000Lbs (4,536Kg) Or Less)",45,2005.0,Chev,TK,12,Tuesday,1
MCP29770059,190008012,Montgomery County Police,Injury Crash,2019-02-19 13:45:00,County,TECH RD,COLUMBIA PIKE,HEAD ON,CLEAR,DRY,DAYLIGHT,TRAFFIC SIGNAL,Unknown,No,No Apparent Injury,NOT DISTRACTED,MD,(Sport) Utility Vehicle,0,2009.0,Lexs,RX350,13,Tuesday,2
MCP31900025,21000683,Montgomery County Police,Injury Crash,2021-01-14 05:28:00,County,RANDOLPH RD,GLENALLAN AVE,STRAIGHT MOVEMENT ANGLE,Unknown,DRY,DARK LIGHTS ON,FLASHING TRAFFIC SIGNAL,NONE DETECTED,No,Suspected Minor Injury,NOT DISTRACTED,MD,Passenger Car,35,2014.0,Kia,SPORTAGE,5,Thursday,1
MCP32280029,210030591,Montgomery County Police,Property Damage Crash,2021-08-06 18:28:00,US (State),COLESVILLE RD,DALE DR,SAME DIRECTION RIGHT TURN,CLEAR,DRY,DAYLIGHT,TRAFFIC SIGNAL,NONE DETECTED,Yes,No Apparent Injury,NOT DISTRACTED,XX,(Sport) Utility Vehicle,35,2000.0,Ford,TK,18,Friday,8
MCP3038002L,180053839,Montgomery County Police,Property Damage Crash,2018-10-27 14:35:00,Maryland (State),ROCKLEDGE BLVD,RAMP 6 FR IS 270 EB TO MD 187B SB,STRAIGHT MOVEMENT ANGLE,RAINING,WET,DAYLIGHT,TRAFFIC SIGNAL,Unknown,Yes,No Apparent Injury,LOOKED BUT DID NOT SEE,MD,Passenger Car,35,2019.0,Volkswagon,JETTA,14,Saturday,10
MCP3295004H,240051205,MONTGOMERY,Property Damage Crash,2024-10-25 13:30:00,County Route,RANDOLPH RD,BREGMAN RD,Angle,Unknown,Unknown,Daylight,No Controls,"Not Suspect of Alcohol Use, Not Suspect of Drug Use",No,No Apparent Injury,Not Distracted,MD,Passenger Car,40,2010.0,Lexus,RX,13,Friday,10
MCP27280023,16011200,Montgomery County Police,Property Damage Crash,2016-03-06 21:10:00,Maryland (State),NEW HAMPSHIRE AVE,NORTHAMPTON DR,SAME DIRECTION SIDESWIPE,Unknown,DRY,DARK LIGHTS ON,NO CONTROLS,Unknown,Yes,No Apparent Injury,UNKNOWN,Unknown,Passenger Car,40,2007.0,Merecedes,SUV,21,Sunday,3
MCP32070019,200042284,Montgomery County Police,Property Damage Crash,2020-10-26 19:30:00,US (State),COLUMBIA PIKE,STEWART LA,STRAIGHT MOVEMENT ANGLE,CLEAR,DRY,DARK LIGHTS ON,TRAFFIC SIGNAL,NONE DETECTED,No,No Apparent Injury,NOT DISTRACTED,MD,Passenger Car,45,2002.0,Toyota,HIGHLANDER,19,Monday,10
MCP2689007C,200044957,Montgomery County Police,Injury Crash,2020-11-14 09:59:00,County,DARNESTOWN RD,SHADY GROVE RD,HEAD ON LEFT TURN,CLEAR,DRY,DAYLIGHT,TRAFFIC SIGNAL,NONE DETECTED,Yes,No Apparent Injury,UNKNOWN,MD,Passenger Car,40,2018.0,Ford,FUSION,9,Saturday,11
MCP3003003P,190017584,Montgomery County Police,Injury Crash,2019-04-15 11:40:00,County,NICHOLSON LA,ENT TO WHITE FLINT MALL,OTHER,CLEAR,DRY,DAYLIGHT,TRAFFIC SIGNAL,NONE DETECTED,No,No Apparent Injury,NOT DISTRACTED,MD,Passenger Car,35,2019.0,Toyota,CAMRY,11,Monday,4
EJ7865001H,170523530,Gaithersburg Police Depar,Property Damage Crash,2017-08-07 17:49:00,Municipality,E DIAMOND AVE,CHESTNUT ST,SAME DIR REAR END,CLEAR,DRY,DAYLIGHT,TRAFFIC SIGNAL,UNKNOWN,Yes,No Apparent Injury,UNKNOWN,Unknown,Passenger Car,25,2002.0,Toyota,ECHO,17,Monday,8
MCP2967001F,16034961,Montgomery County Police,Injury Crash,2016-07-10 17:20:00,County,RANDOLPH RD,NEBEL ST,OTHER,CLEAR,DRY,DAYLIGHT,TRAFFIC SIGNAL,Unknown,Unknown,No Apparent Injury,LOOKED BUT DID NOT SEE,MD,"Cargo Van/Light Truck 2 Axles (Over 10,000Lbs (4,536 Kg))",30,2011.0,Ford,E350,17,Sunday,7
MCP3223001P,220057961,Montgomery County Police,Property Damage Crash,2022-12-31 01:14:00,Ramp,RAMP 4 FR MD 650 NB TO IS 495 EB,NEW HAMPSHIRE AVE,SAME DIRECTION SIDESWIPE,CLEAR,DRY,DARK LIGHTS ON,NO CONTROLS,NONE DETECTED,Unknown,No Apparent Injury,UNKNOWN,MD,Passenger Car,35,2007.0,Honda,PILOT,1,Saturday,12
MCP29390034,190002348,Montgomery County Police,Property Damage Crash,2019-01-15 18:28:00,Maryland (State),GREAT SENECA HWY,DAWSON FARM RD,OTHER,CLEAR,DRY,DARK LIGHTS ON,TRAFFIC SIGNAL,NONE DETECTED,Yes,No Apparent Injury,NOT DISTRACTED,MD,Transit Bus,50,2017.0,Gilg,BU,18,Tuesday,1
MCP304800DC,250001769,MONTGOMERY,Injury Crash,2025-01-14 07:15:00,Maryland (State) Route,OLD GEORGETOWN RD,TUCKERMAN LA,Front to Front,Clear,Dry,Daylight,Lane Use Control Signal,"Not Suspect of Alcohol Use, Not Suspect of Drug Use",No,No Apparent Injury,Not Distracted,MD,Passenger Car,40,2007.0,Toyota,SIENNA,7,Tuesday,1
MCP21870032,250049427,MONTGOMERY,Property Damage Crash,2025-11-04 08:50:00,County Route,SHADY GROVE RD,Unknown,"Sideswipe, Opposite Direction",Clear,Dry,Daylight,Traffic Control Signal,"Not Suspect of Alcohol Use, Not Suspect of Drug Use",No,No Apparent Injury,Not Distracted,MD,Passenger Car,35,2022.0,Toyota,CAMRY,8,Tuesday,11
MCP120500D6,250042764,MONTGOMERY,Property Damage Crash,2025-09-23 09:43:00,County Route,NICHOLSON LA,ROCKVILLE PIKE,"Sideswipe, Same Direction",Cloudy,Dry,Daylight,Traffic Control Signal,"Not Suspect of Alcohol Use, Not Suspect of Drug Use",No,No Apparent Injury,Not Distracted,MD,Truck Tractor,30,2019.0,International,MV607,9,Tuesday,9
MCP13660045,16004506,Montgomery County Police,Property Damage Crash,2016-01-28 05:24:00,County,SEVEN LOCKS RD,TUCKERMAN LA,STRAIGHT MOVEMENT ANGLE,CLEAR,SLUSH,DARK LIGHTS ON,TRAFFIC SIGNAL,NONE DETECTED,No,No Apparent Injury,NOT DISTRACTED,MD,(Sport) Utility Vehicle,35,1994.0,Isuzu,RODEO,5,Thursday,1
MCP30590030,180053883,Montgomery County Police,Property Damage Crash,2018-10-27 19:53:00,Maryland (State),GEORGIA AVE,RAMP 4 FR MD 97 NB TO IS 495 EB,SAME DIRECTION SIDESWIPE,Unknown,DRY,DARK LIGHTS ON,NO CONTROLS,NONE DETECTED,No,No Apparent Injury,NOT DISTRACTED,MD,Transit Bus,35,2013.0,Nwfl,XDE,19,Saturday,10
MCP2738000Y,15043095,MONTGOMERY,Property Damage Crash,2015-08-27 12:30:00,Maryland (State),NEW HAMPSHIRE AVE,POWDER MILL RD,SAME DIR REAR END,CLEAR,DRY,DAYLIGHT,NO CONTROLS,NONE DETECTED,No,No Apparent Injury,NOT DISTRACTED,MD,Passenger Car,40,2008.0,Lexus,4S,12,Thursday,8
MCP1334007H,190005651,Montgomery County Police,Injury Crash,2019-02-05 08:41:00,County,AIRPARK RD,ANTARES DR,SAME DIR REAR END,CLOUDY,DRY,DAYLIGHT,TRAFFIC SIGNAL,NONE DETECTED,Yes,No Apparent Injury,NOT DISTRACTED,MD,Van,50,2002.0,Chevrolet,VAN,8,Tuesday,2