Report Number,Local Case Number,Agency Name,ACRS Report Type,Crash Date/Time,Route Type,Road Name,Cross-Street Name,Collision Type,Weather,Surface Condition,Light,Traffic Control,Driver Substance Abuse,Driver At Fault,Injury Severity,Driver Distracted By,Drivers License State,Vehicle Body Type,Speed Limit,Vehicle Year,Vehicle Make,Vehicle Model,Crash Hour,Crash Day,Crash Month
MCP3096001Z,190015108,Montgomery County Police,Injury Crash,2019-04-01 17:09:00,Maryland (State),HUNGERFORD DR,COLLEGE PKWY,SAME DIRECTION RIGHT TURN,CLEAR,DRY,DAYLIGHT,NO CONTROLS,NONE DETECTED,No,No Apparent Injury,NOT DISTRACTED,MD,Passenger Car,35,2018.0,Tesla,4D,17,Monday,4
MCP30860096,230031126,Montgomery County Police,Property Damage Crash,2023-06-29 18:10:00,County,GREAT SENECA HWY,MEDICAL CENTER DR,ANGLE MEETS LEFT TURN,CLOUDY,DRY,DAYLIGHT,NO CONTROLS,NONE DETECTED,No,No Apparent Injury,NOT DISTRACTED,MD,(Sport) Utility Vehicle,35,2021.0,Mercedez,GLE53,18,Thursday,6
MCP30380055,210022738,Montgomery County Police,Property Damage Crash,2021-06-14 15:48:00,County,SLIGO AVE,SCHRIDER ST,Unknown,CLEAR,DRY,DAYLIGHT,NO CONTROLS,NONE DETECTED,Yes,No Apparent Injury,INATTENTIVE OR LOST IN THOUGHT,MD,Passenger Car,30,2015.0,Honda,ACCORD,15,Monday,6
MCP2946003K,200035733,Montgomery County Police,Injury Crash,2020-09-12 08:37:00,Maryland (State),FREDERICK RD,LITTLE BENNETT DR,HEAD ON LEFT TURN,CLOUDY,DRY,DAYLIGHT,Unknown,NONE DETECTED,No,No Apparent Injury,NOT DISTRACTED,MD,Passenger Car,50,2017.0,Kia,SPORTAGE,8,Saturday,9
MCP31840009,190013073,Montgomery County Police,Injury Crash,2019-03-21 16:40:00,Unknown,Unknown,Unknown,SINGLE VEHICLE,Unknown,Unknown,DAYLIGHT,Unknown,NONE DETECTED,Yes,No Apparent Injury,NOT DISTRACTED,MD,Passenger Car,5,2014.0,Acura,MDX,16,Thursday,3
MCP2863001D,16058193,Montgomery County Police,Injury Crash,2016-11-11 13:34:00,County,APPLE RIDGE RD,WHEELWRIGHT DR,SINGLE VEHICLE,CLEAR,DRY,DAYLIGHT,NO CONTROLS,NONE DETECTED,Unknown,Possible Injury,NOT DISTRACTED,MD,Passenger Car,5,2004.0,Toyota,CAMRY,13,Friday,11
MCP3192003Q,230012300,Montgomery County Police,Property Damage Crash,2023-03-13 17:17:00,County,DEWEY RD,FERNHILL RD,SAME DIRECTION SIDESWIPE,CLEAR,DRY,DAYLIGHT,NO CONTROLS,NONE DETECTED,Yes,No Apparent Injury,UNKNOWN,MD,Passenger Car,25,2013.0,Gill,BUS,17,Monday,3
DD5540001F,210045588,Rockville Police Departme,Property Damage Crash,2021-11-10 16:30:00,Municipality,W EDMONSTON DR,ROCKVILLE PIKE,SAME DIRECTION SIDESWIPE,CLEAR,DRY,DAYLIGHT,TRAFFIC SIGNAL,NONE DETECTED,Unknown,No Apparent Injury,NOT DISTRACTED,MD,(Sport) Utility Vehicle,25,2020.0,Infiniti,QX60,16,Wednesday,11
MCP241100CX,240005161,MONTGOMERY,Property Damage Crash,2024-02-01 11:33:00,Maryland (State) Route,ROCKVILLE PIKE,SHOPPING CENTER ENT,Angle,Clear,Dry,Daylight,No Controls,"Not Suspect of Alcohol Use, Not Suspect of Drug Use",No,No Apparent Injury,Not Distracted,MD,Passenger Car,40,2009.0,Toyota,CAMRY,11,Thursday,2
MCP1378009S,16025662,Montgomery County Police,Injury Crash,2016-05-23 17:18:00,Maryland (State),GREAT SENECA HWY,ENT KENTLAND'S SQUARE SHOPPING CTR,STRAIGHT MOVEMENT ANGLE,RAINING,WET,DAYLIGHT,STOP SIGN,NONE DETECTED,No,Possible Injury,NOT DISTRACTED,MD,Passenger Car,50,1999.0,Nissan,MAXIMA,17,Monday,5
MCP30050008,16000379,Montgomery County Police,Property Damage Crash,2016-01-03 08:29:00,Maryland (State),GEORGIA AVE,HATHAWAY DR,HEAD ON LEFT TURN,CLEAR,DRY,DAYLIGHT,TRAFFIC SIGNAL,NONE DETECTED,Yes,No Apparent Injury,LOOKED BUT DID NOT SEE,MD,Passenger Car,45,2010.0,Chevy,HHR,8,Sunday,1
MCP33740013,230047805,Montgomery County Police,Injury Crash,2023-08-04 14:55:00,Unknown,Unknown,Unknown,STRAIGHT MOVEMENT ANGLE,CLEAR,Unknown,DAYLIGHT,NO CONTROLS,NONE DETECTED,Yes,No Apparent Injury,OTHER CELLULAR PHONE RELATED,MD,Passenger Car,10,2016.0,Toyota,4S,14,Friday,8
MCP26350036,16049574,Montgomery County Police,Property Damage Crash,2016-09-26 18:41:00,Maryland (State),NORBECK RD,NORBECK BLVD,SAME DIR REAR END,CLEAR,DRY,DAYLIGHT,TRAFFIC SIGNAL,Unknown,No,No Apparent Injury,NOT DISTRACTED,MD,Passenger Car,40,2013.0,Kia,RIO,18,Monday,9
MCP2565003H,16059968,Montgomery County Police,Property Damage Crash,2016-11-21 20:30:00,Maryland (State),OLD GEORGETOWN RD,ROCKVILLE PIKE,SAME DIRECTION SIDESWIPE,Unknown,DRY,DARK LIGHTS ON,Unknown,NONE DETECTED,No,No Apparent Injury,NOT DISTRACTED,MD,Passenger Car,30,2006.0,Honda,ACCORD,20,Monday,11
MCP2776003S,220011951,Montgomery County Police,Property Damage Crash,2022-03-20 02:38:00,Maryland (State),GEORGIA AVE,HATHAWAY DR,SAME DIR REAR END,CLEAR,DRY,DARK LIGHTS ON,FLASHING TRAFFIC SIGNAL,NONE DETECTED,Yes,No Apparent Injury,UNKNOWN,MD,Passenger Car,35,2008.0,Honda,CIVIC,2,Sunday,3
EJ7913000H,250025533,GAITHERSBURG,Injury Crash,2025-06-08 15:30:00,Unknown,Unknown,Unknown,Front to Rear,Rain,Unknown,Daylight,Unknown,"Not Suspect of Alcohol Use, Not Suspect of Drug Use",Yes,No Apparent Injury,Unknown,MD,Passenger Car,0,2023.0,Nissan,SENTRA,15,Sunday,6
EJ7851001X,16061013,Gaithersburg Police Depar,Property Damage Crash,2016-11-28 07:58:00,Municipality,CEDAR AVE,S FREDERICK RD,STRAIGHT MOVEMENT ANGLE,CLEAR,DRY,DAWN,STOP SIGN,NONE DETECTED,Yes,No Apparent Injury,LOOKED BUT DID NOT SEE,MD,Passenger Car,25,1998.0,Toyota,CAMRY,7,Monday,11
MCP3037001G,170540961,Montgomery County Police,Injury Crash,2017-11-04 18:23:00,Maryland (State),WOODFIELD RD,BISCAYNE LA,SAME DIR REAR END,RAINING,WET,DARK LIGHTS ON,NO CONTROLS,NONE DETECTED,Yes,No Apparent Injury,UNKNOWN,MD,(Sport) Utility Vehicle,40,2005.0,Toyota,SEQUOIA,18,Saturday,11
MCP13820026,15027723,Montgomery County Police,Property Damage Crash,2015-06-08 12:44:00,Maryland (State),BURLINGTON AVE,GEORGIA AVE,SAME DIR REND LEFT TURN,CLEAR,DRY,DAYLIGHT,NO CONTROLS,NONE DETECTED,Yes,No Apparent Injury,LOOKED BUT DID NOT SEE,MD,Transit Bus,30,2009.0,Gillig,BUS,12,Monday,6
DD56300010,180065377,Rockville Police Departme,Property Damage Crash,2018-12-31 19:03:00,Maryland (State),VEIRS MILL RD,ATLANTIC AVE,HEAD ON LEFT TURN,RAINING,WET,DARK LIGHTS ON,TRAFFIC SIGNAL,NONE DETECTED,No,No Apparent Injury,NOT DISTRACTED,MD,Passenger Car,40,2014.0,Lexus,SW,19,Monday,12
MCP2968000Y,15064402,MONTGOMERY,Property Damage Crash,2015-12-17 07:25:00,County,GLEN RD,S GLEN RD,HEAD ON,RAINING,WET,DAYLIGHT,NO CONTROLS,Unknown,No,No Apparent Injury,NOT DISTRACTED,MD,Passenger Car,40,2012.0,Merz,4S,7,Thursday,12
MCP2356004H,250024109,MONTGOMERY,Property Damage Crash,2025-05-30 19:16:00,Private Route,Unknown,Unknown,Other,Rain,Wet,Daylight,Pedestrian Crossing,"Suspect of Alcohol Use, Unknown",No,No Apparent Injury,Not Distracted,MD,Other Trucks,25,2021.0,Isuzu,NPR/NPR-HD,19,Friday,5
MCP9442000D,16016915,Montgomery County Police,Property Damage Crash,2016-04-07 09:25:00,County,LOST KNIFE RD,ODENDHAL AVE,SAME DIR REAR END,RAINING,WET,DAYLIGHT,TRAFFIC SIGNAL,NONE DETECTED,No,No Apparent Injury,NOT DISTRACTED,MD,Passenger Car,35,2004.0,Acura,2DR,9,Thursday,4
MCP3048003J,180042628,Montgomery County Police,Injury Crash,2018-08-27 11:00:00,Maryland (State),OLD GEORGETOWN RD,EDSON LA,HEAD ON LEFT TURN,CLEAR,DRY,DAYLIGHT,TRAFFIC SIGNAL,Unknown,No,Suspected Minor Injury,NOT DISTRACTED,MD,Passenger Car,30,2007.0,Hond,PILOT,11,Monday,8
MCP2891005B,180010745,Montgomery County Police,Property Damage Crash,2018-03-02 09:29:00,Maryland (State),GEORGIA AVE,LOCUST GROVE RD,SAME DIRECTION SIDESWIPE,CLEAR,DRY,DAYLIGHT,Unknown,NONE DETECTED,Yes,No Apparent Injury,NOT DISTRACTED,MD,Passenger Car,35,2017.0,Chevrolet,CRUZE,9,Friday,3
MCP1425000P,180064964,Montgomery County Police,Property Damage Crash,2018-12-28 20:47:00,Other Public Roadway,MONTROSE PKWY,E JEFFERSON ST,SINGLE VEHICLE,RAINING,WET,DARK LIGHTS ON,TRAFFIC SIGNAL,Unknown,Yes,No Apparent Injury,NOT DISTRACTED,MD,Passenger Car,25,2013.0,Toyota,CAMRY,20,Friday,12
HA24510007,19002496,Maryland-National Capital,Injury Crash,2019-09-15 15:35:00,Government,BEACH DR,WEXFORD DR,OTHER,CLEAR,DRY,DAYLIGHT,Unknown,NONE DETECTED,Yes,No Apparent Injury,NOT DISTRACTED,MD,Passenger Car,25,2012.0,Toyota,RAV 4,15,Sunday,9
MCP2927004G,230032852,Montgomery County Police,Property Damage Crash,2023-07-10 15:26:00,County,FOREST GLEN RD,DAMERON DR,SAME DIR REAR END,CLEAR,DRY,DAYLIGHT,TRAFFIC SIGNAL,NONE DETECTED,Yes,No Apparent Injury,NOT DISTRACTED,MD,Passenger Car,25,2016.0,Honda,4S,15,Monday,7
MCP29650075,230022935,Montgomery County Police,Property Damage Crash,2023-05-13 05:59:00,Maryland (State),GEORGIA AVE,KING WILLIAM DR,SINGLE VEHICLE,CLOUDY,DRY,DARK NO LIGHTS,TRAFFIC SIGNAL,UNKNOWN,Yes,No Apparent Injury,UNKNOWN,Unknown,Passenger Car,30,2014.0,Chevrolet,CRUZE,5,Saturday,5
MCP2251002T,250016378,MONTGOMERY,Property Damage Crash,2025-04-15 12:23:00,County Route,GAINSBOROUGH RD,Unknown,Front to Front,Clear,Dry,Daylight,No Controls,"Not Suspect of Alcohol Use, Not Suspect of Drug Use",No,No Apparent Injury,Unknown,MD,Passenger Car,30,2017.0,Subaru,IMPREZA,12,Tuesday,4
MCP28480085,190035944,Montgomery County Police,Property Damage Crash,2019-07-28 11:49:00,Maryland (State),UNIVERSITY BLVD W,WEST AVE,SAME DIR REAR END,CLEAR,DRY,DAYLIGHT,NO CONTROLS,NONE DETECTED,Yes,No Apparent Injury,UNKNOWN,MD,Passenger Car,35,2012.0,Toyota,CAMRY,11,Sunday,7
DM8421000J,16023598,Takoma Park Police Depart,Injury Crash,2016-05-12 15:23:00,Maryland (State),CARROLL AVE,GREENWOOD AVE,SAME DIR REAR END,CLEAR,DRY,DAYLIGHT,TRAFFIC SIGNAL,NONE DETECTED,Yes,No Apparent Injury,NOT DISTRACTED,MD,Passenger Car,25,2010.0,Toyt,4S,15,Thursday,5
MCP24660023,170536318,Montgomery County Police,Property Damage Crash,2017-10-12 17:38:00,Unknown,Unknown,Unknown,STRAIGHT MOVEMENT ANGLE,RAINING,Unknown,DAYLIGHT,STOP SIGN,NONE DETECTED,Yes,No Apparent Injury,UNKNOWN,MD,(Sport) Utility Vehicle,20,2006.0,Volv,TK,17,Thursday,10
MCP2948007V,250025763,MONTGOMERY,Property Damage Crash,2025-06-09 20:11:00,County Route,ARCOLA AVE,Unknown,Angle,Clear,Dry,Daylight,No Controls,"Not Suspect of Alcohol Use, Not Suspect of Drug Use",Yes,No Apparent Injury,Not Distracted,MD,Passenger Car,30,2018.0,Ford,FOCUS,20,Monday,6
MCP3243000H,200034855,Montgomery County Police,Property Damage Crash,2020-09-05 20:51:00,Maryland (State),ROCKVILLE PIKE,OLD GEORGETOWN RD,SAME DIR REAR END,CLEAR,DRY,DARK LIGHTS ON,TRAFFIC SIGNAL,UNKNOWN,Yes,No Apparent Injury,UNKNOWN,Unknown,Van,40,2002.0,Cheverolet,EXPRESS,20,Saturday,9
EJ7860002K,200019367,Gaithersburg Police Depar,Injury Crash,2020-05-14 00:37:00,County,LOST KNIFE RD,MONTGOMERY VILLAGE AVE,STRAIGHT MOVEMENT ANGLE,CLEAR,DRY,DARK LIGHTS ON,TRAFFIC SIGNAL,NONE DETECTED,Yes,Suspected Minor Injury,LOOKED BUT DID NOT SEE,MD,(Sport) Utility Vehicle,30,2010.0,Acura,MDX,0,Thursday,5
MCP29640012,15061415,MONTGOMERY,Property Damage Crash,2015-12-01 19:43:00,County,SENECA MEADOWS PKWY,CROSSOVER,SINGLE VEHICLE,CLOUDY,WET,DARK LIGHTS ON,NO CONTROLS,NONE DETECTED,Yes,No Apparent Injury,UNKNOWN,MD,Passenger Car,35,2009.0,Honda,CIVIC,19,Tuesday,12
MCP1022005J,16047337,Montgomery County Police,Injury Crash,2016-09-15 11:43:00,Maryland (State),FREDERICK RD,ST. CLAIR RD,HEAD ON,CLEAR,DRY,DAYLIGHT,NO CONTROLS,NONE DETECTED,Yes,Suspected Minor Injury,UNKNOWN,MD,Passenger Car,40,2015.0,Toyota,COROLLA,11,Thursday,9
MCP3192004R,240016751,MONTGOMERY,Property Damage Crash,2024-04-10 20:42:00,County Route,HUGGINS DR,Unknown,Other,Clear,Dry,Dark - Lighted,No Controls,"Not Suspect of Alcohol Use, Not Suspect of Drug Use",No,No Apparent Injury,Not Distracted,MD,Passenger Car,35,2009.0,Acura,TL,20,Wednesday,4
MCP2777003B,17006514,Montgomery County Police,Property Damage Crash,2017-02-06 16:37:00,Maryland (State),OLD GEORGETOWN RD,ENT TO BUSINESS,SAME DIRECTION SIDESWIPE,CLEAR,DRY,DAYLIGHT,NO CONTROLS,NONE DETECTED,Yes,No Apparent Injury,LOOKED BUT DID NOT SEE,MD,Police Vehicle/Non Emergency,40,2016.0,Ford,INTERCEPTOR,16,Monday,2
MCP2298009W,16048385,Montgomery County Police,Injury Crash,2016-09-20 18:05:00,Maryland (State),CLOPPER RD,ALLSPICE RD,SAME DIR REAR END,CLEAR,DRY,DAYLIGHT,NO CONTROLS,NONE DETECTED,No,No Apparent Injury,NOT DISTRACTED,MD,Pickup Truck,45,2004.0,Toyt,PRERUNNER,18,Tuesday,9
MCP29440009,15018549,Montgomery County Police,Property Damage Crash,2015-04-20 15:50:00,County,DEMOCRACY BLVD,OLD GEORGETOWN RD,SAME DIRECTION LEFT TURN,CLEAR,DRY,DAYLIGHT,TRAFFIC SIGNAL,NONE DETECTED,Yes,No Apparent Injury,NOT DISTRACTED,MA,Passenger Car,45,2009.0,Dodge,JOURNEY,15,Monday,4
MCP3173002R,230003385,Montgomery County Police,Property Damage Crash,2023-01-21 00:56:00,Unknown,Unknown,Unknown,OTHER,Unknown,Unknown,DARK NO LIGHTS,NO CONTROLS,Unknown,No,No Apparent Injury,NOT DISTRACTED,MD,Passenger Car,15,2016.0,Jeep,CHEROKEE,0,Saturday,1
MCP2627000L,15041132,MONTGOMERY,Property Damage Crash,2015-08-17 15:55:00,Municipality,N PARK AVE,WILLARD AVE,SAME DIR REAR END,Unknown,DRY,DAYLIGHT,NO CONTROLS,NONE DETECTED,Yes,No Apparent Injury,NOT DISTRACTED,DC,Passenger Car,25,1991.0,Oldmobile,4DR,15,Monday,8
DD5649000Z,210037479,Rockville Police Departme,Injury Crash,2021-09-22 15:06:00,Maryland (State),ROCKVILLE PIKE,RICHARD MONTGOMERY DR,HEAD ON LEFT TURN,RAINING,WET,DAYLIGHT,TRAFFIC SIGNAL,Unknown,Yes,No Apparent Injury,NOT DISTRACTED,MD,(Sport) Utility Vehicle,35,1999.0,Gmc,TK,15,Wednesday,9
EJ78980023,230072725,Gaithersburg Police Depar,Injury Crash,2023-12-20 10:10:00,County,SHADY GROVE RD,EXIT #8,STRAIGHT MOVEMENT ANGLE,CLEAR,DRY,DAYLIGHT,TRAFFIC SIGNAL,UNKNOWN,Yes,Suspected Minor Injury,INATTENTIVE OR LOST IN THOUGHT,VA,Passenger Car,40,2010.0,Nissan,4W,10,Wednesday,12
MCP29870009,16001745,Montgomery County Police,Property Damage Crash,2016-01-10 11:48:00,US (State),COLESVILLE RD,INDIAN SPRING DR,SAME DIR REAR END,CLEAR,DRY,DAYLIGHT,NO CONTROLS,NONE DETECTED,No,No Apparent Injury,NOT DISTRACTED,MD,Passenger Car,40,2009.0,Nissan,4S,11,Sunday,1
EJ7888002F,220025210,Gaithersburg Police Depar,Property Damage Crash,2022-06-12 08:10:00,Municipality,SCHOOL DR,BIG ACRE SQUARE,OTHER,CLEAR,WET,DAYLIGHT,NO CONTROLS,ALCOHOL CONTRIBUTED,Yes,No Apparent Injury,NOT DISTRACTED,MD,(Sport) Utility Vehicle,25,2003.0,Gmc,YUKON,8,Sunday,6
MCP1465004K,190038793,Montgomery County Police,Property Damage Crash,2019-08-14 10:52:00,County,SOUTHLAWN LA,SOUTHLAWN CT,SINGLE VEHICLE,CLEAR,DRY,DAYLIGHT,NO CONTROLS,NONE DETECTED,Yes,No Apparent Injury,UNKNOWN,MD,"Medium/Heavy Trucks 3 Axles (Over 10,000Lbs (4,536Kg))",30,2016.0,Peterbilt,DUMP,10,Wednesday,8
MCP3007001Q,170508439,Montgomery County Police,Injury Crash,2017-05-18 08:16:00,Maryland (State),GEORGIA AVE,RALPH RD,SAME DIR REAR END,CLEAR,DRY,DAYLIGHT,NO CONTROLS,NONE DETECTED,Yes,No Apparent Injury,INATTENTIVE OR LOST IN THOUGHT,MD,Passenger Car,45,2006.0,Volk,4S,8,Thursday,5
MCP3003001B,170506674,Montgomery County Police,Injury Crash,2017-05-08 18:44:00,Maryland (State),FREDERICK RD,MIDDLEBROOK RD,SAME DIRECTION SIDESWIPE,CLEAR,DRY,DAYLIGHT,Unknown,NONE DETECTED,No,Suspected Minor Injury,NOT DISTRACTED,MD,Motorcycle,40,2015.0,Harley,MC,18,Monday,5
MCP3111009T,250032829,MONTGOMERY,Property Damage Crash,2025-07-23 08:27:00,Local Route,GREYSWOOD RD,Unknown,Angle,Clear,Dry,Daylight,No Controls,"Not Suspect of Alcohol Use, Not Suspect of Drug Use",Yes,No Apparent Injury,Not Distracted,MD,Passenger Car,20,2024.0,Ram,PROMASTER 1500,8,Wednesday,7
MCP1035000D,16038657,Montgomery County Police,Property Damage Crash,2016-07-31 01:46:00,Unknown,Unknown,Unknown,STRAIGHT MOVEMENT ANGLE,CLOUDY,Unknown,DARK LIGHTS ON,NO CONTROLS,Unknown,Yes,No Apparent Injury,TALKING OR LISTENING TO CELLULAR PHONE,MD,Passenger Car,25,2008.0,Volvo,S60,1,Sunday,7
MCP3051007R,240042296,MONTGOMERY,Injury Crash,2024-09-06 14:22:00,Maryland (State) Route,OLD GEORGETOWN RD (SB/L),Unknown,Front to Rear,Clear,Dry,Daylight,No Controls,"Not Suspect of Alcohol Use, Not Suspect of Drug Use",No,Possible Injury,Not Distracted,VA,Sport Utility Vehicle,35,2015.0,Kia,SPORTAGE,14,Friday,9
MCP31430045,230014060,Montgomery County Police,Property Damage Crash,2023-03-23 13:45:00,County,SECURITY LA,ROCKVILLE PIKE,STRAIGHT MOVEMENT ANGLE,CLEAR,DRY,DAYLIGHT,NO CONTROLS,NONE DETECTED,Yes,No Apparent Injury,LOOKED BUT DID NOT SEE,GA,"Cargo Van/Light Truck 2 Axles (Over 10,000Lbs (4,536 Kg))",25,2010.0,Nissan,FRONTIER,13,Thursday,3
MCP3341004Z,250020281,MONTGOMERY,Property Damage Crash,2025-05-08 13:00:00,Unknown,Unknown,Unknown,Rear To Side,Clear,Unknown,Daylight,Unknown,"Not Suspect of Alcohol Use, Not Suspect of Drug Use",No,No Apparent Injury,Not Distracted,MD,Passenger Car,0,2014.0,Jaguar,XF,13,Thursday,5
MCP29420017,15059136,Montgomery County Police,Property Damage Crash,2015-11-19 16:30:00,County,MACARTHUR BLVD,BRICKYARD RD,SINGLE VEHICLE,RAINING,Unknown,DAYLIGHT,Unknown,NONE DETECTED,Yes,No Apparent Injury,NOT DISTRACTED,VA,Passenger Car,30,2005.0,Toyota,CAMRY,16,Thursday,11
MCP24560046,190056201,Montgomery County Police,Property Damage Crash,2019-11-21 08:07:00,County,E NOLCREST DR,SCHINDLER DR,STRAIGHT MOVEMENT ANGLE,CLEAR,DRY,DAYLIGHT,NO CONTROLS,NONE DETECTED,No,No Apparent Injury,UNKNOWN,MD,Passenger Car,15,2010.0,Toyota,VENZA,8,Thursday,11
MCP2761001T,170511588,Montgomery County Police,Injury Crash,2017-06-03 16:31:00,County,MATENY RD,STONE HOLLOW DR,SAME DIRECTION SIDESWIPE,CLEAR,DRY,DAYLIGHT,NO CONTROLS,NONE DETECTED,Yes,Suspected Minor Injury,UNKNOWN,MD,Van,25,2015.0,Toyt,SIENNA,16,Saturday,6
MCP2679002V,190045654,Montgomery County Police,Property Damage Crash,2019-09-23 22:00:00,Maryland (State),PINEY BRANCH RD,ARLISS ST,SAME DIR REAR END,CLEAR,DRY,DARK LIGHTS ON,TRAFFIC SIGNAL,ALCOHOL CONTRIBUTED,Yes,No Apparent Injury,LOOKED BUT DID NOT SEE,DC,Passenger Car,30,2007.0,Chevrolet,TRAILBALZER,22,Monday,9
MCP24450008,190008906,Montgomery County Police,Injury Crash,2019-02-25 07:47:00,Maryland (State),CLOPPER RD,WARING STATION RD,SAME DIR REAR END,CLEAR,DRY,DAYLIGHT,NO CONTROLS,NONE DETECTED,No,Possible Injury,NOT DISTRACTED,MD,Passenger Car,45,2017.0,Hyun,TK,7,Monday,2
MCP1119008W,200050597,Montgomery County Police,Injury Crash,2020-12-24 06:45:00,County,GOOD HOPE RD,CAPE MAY RD,HEAD ON,CLOUDY,WET,DARK LIGHTS ON,NO CONTROLS,NONE DETECTED,No,Possible Injury,NOT DISTRACTED,MD,Pickup Truck,30,2007.0,Dodge,RAM 1500,6,Thursday,12
MCP28880012,16030634,Montgomery County Police,Property Damage Crash,2016-06-20 07:11:00,Unknown,Unknown,Unknown,HEAD ON,CLEAR,Unknown,DAYLIGHT,Unknown,Unknown,Yes,No Apparent Injury,NOT DISTRACTED,MD,"Cargo Van/Light Truck 2 Axles (Over 10,000Lbs (4,536 Kg))",5,2005.0,Chev,TRUCK,7,Monday,6
MCP32700017,210041019,Montgomery County Police,Property Damage Crash,2021-10-13 15:20:00,US (State),COLESVILLE RD,SPRING ST,SAME DIRECTION SIDESWIPE,CLEAR,DRY,DAYLIGHT,NO CONTROLS,NONE DETECTED,No,No Apparent Injury,NOT DISTRACTED,MD,Transit Bus,35,2013.0,New Flyer,BUS,15,Wednesday,10
MCP3387000H,240007818,MONTGOMERY,Injury Crash,2024-02-17 09:57:00,Maryland (State) Route,GEORGIA AVE (SB/L),DEXTER AVE METRORAIL TRACK B2 RAIL,"Sideswipe, Same Direction",Clear,Dry,Daylight,Stop Sign,"Not Suspect of Alcohol Use, Not Suspect of Drug Use",No,No Apparent Injury,Not Distracted,MD,Passenger Car,25,2011.0,Chevrolet,CAMARO,9,Saturday,2
MCP32530029,230002501,Montgomery County Police,Injury Crash,2023-01-16 12:12:00,Maryland (State),QUINCE ORCHARD RD,PURCHASE ST,HEAD ON,CLEAR,DRY,DAYLIGHT,NO CONTROLS,NONE DETECTED,Yes,Suspected Serious Injury,LOOKED BUT DID NOT SEE,MD,Passenger Car,35,2010.0,Honda,CRV,12,Monday,1
MCP25390025,220048324,Montgomery County Police,Property Damage Crash,2022-11-02 23:22:00,County,TUCKERMAN LA,ROCKVILLE PIKE,SAME DIRECTION SIDESWIPE,CLEAR,DRY,DARK LIGHTS ON,TRAFFIC SIGNAL,NONE DETECTED,Yes,No Apparent Injury,NOT DISTRACTED,MD,Police Vehicle/Non Emergency,25,2021.0,Ford,EXPLORER,23,Wednesday,11
MCP25160019,170544798,Montgomery County Police,Injury Crash,2017-11-25 11:07:00,Other Public Roadway,OBSERVATION DR,GERMANTOWN RD,SAME DIR REAR END,CLEAR,DRY,DAYLIGHT,TRAFFIC SIGNAL,Unknown,Yes,No Apparent Injury,NOT DISTRACTED,MD,Passenger Car,25,2010.0,Volkswagon,JETTA,11,Saturday,11
DD5612000M,170503099,Rockville Police Departme,Property Damage Crash,2017-04-20 09:38:00,Municipality,REDLAND BLVD,PICCARD DR,SAME DIRECTION RIGHT TURN,CLOUDY,WET,DAYLIGHT,TRAFFIC SIGNAL,NONE DETECTED,Yes,No Apparent Injury,LOOKED BUT DID NOT SEE,MD,Passenger Car,25,2017.0,Volkswagon,CN,9,Thursday,4
MCP3168008J,250040597,MONTGOMERY,Property Damage Crash,2025-09-10 07:45:00,Maryland (State) Route,W MONTGOMERY AVE,Unknown,Front to Rear,Rain,Wet,Daylight,Traffic Control Signal,"Not Suspect of Alcohol Use, Not Suspect of Drug Use",No,No Apparent Injury,Not Distracted,MD,Passenger Car,35,2018.0,Toyota,CAMRY,7,Wednesday,9
MCP32000018,200001014,Montgomery County Police,Property Damage Crash,2020-01-07 07:58:00,Interstate (State),CAPITAL BELTWAY,GEORGIA AVE,SINGLE VEHICLE,CLEAR,DRY,DAYLIGHT,NO CONTROLS,NONE DETECTED,Yes,No Apparent Injury,UNKNOWN,MD,Passenger Car,55,2015.0,Toyota,COROLLA,7,Tuesday,1
MCP3169004D,210029707,Montgomery County Police,Injury Crash,2021-07-31 13:29:00,Maryland (State),NEW HAMPSHIRE AVE,NORTHAMPTON DR,SAME DIR REAR END,CLEAR,DRY,DAYLIGHT,TRAFFIC SIGNAL,Unknown,No,No Apparent Injury,NOT DISTRACTED,MD,Passenger Car,40,2006.0,Dodg,CHARGER,13,Saturday,7
MCP24460024,16042471,Montgomery County Police,Injury Crash,2016-08-21 15:21:00,Unknown,Unknown,Unknown,STRAIGHT MOVEMENT ANGLE,CLEAR,Unknown,DAYLIGHT,NO CONTROLS,NONE DETECTED,No,No Apparent Injury,NOT DISTRACTED,MD,(Sport) Utility Vehicle,25,2008.0,Jeep,CHEROKEE,15,Sunday,8
MCP3050003F,190023951,Montgomery County Police,Property Damage Crash,2019-05-19 14:00:00,Unknown,Unknown,Unknown,SAME DIR REAR END,CLEAR,Unknown,DAYLIGHT,NO CONTROLS,Unknown,Yes,No Apparent Injury,UNKNOWN,Unknown,Pickup Truck,15,2008.0,Chevy,SILVERADO,14,Sunday,5
MCP2710002R,190018854,Montgomery County Police,Injury Crash,2019-04-22 16:30:00,County,SHADY GROVE RD,EXIT #8,STRAIGHT MOVEMENT ANGLE,Unknown,DRY,DAYLIGHT,TRAFFIC SIGNAL,NONE DETECTED,No,Possible Injury,NOT DISTRACTED,MD,Passenger Car,45,2008.0,Honda,CIVIC,16,Monday,4
EJ7876006J,230063805,Gaithersburg Police Depar,Property Damage Crash,2023-11-01 14:25:00,Maryland (State),W DIAMOND AVE,SPUR FR MD 124,SAME DIRECTION SIDESWIPE,CLEAR,DRY,DAYLIGHT,YIELD SIGN,NONE DETECTED,No,No Apparent Injury,NOT DISTRACTED,MD,Passenger Car,30,2018.0,Frht,TR,14,Wednesday,11