Report Number,Local Case Number,Agency Name,ACRS Report Type,Crash Date/Time,Route Type,Road Name,Cross-Street Name,Collision Type,Weather,Surface Condition,Light,Traffic Control,Driver Substance Abuse,Driver At Fault,Injury Severity,Driver Distracted By,Drivers License State,Vehicle Body Type,Speed Limit,Vehicle Year,Vehicle Make,Vehicle Model,Crash Hour,Crash Day,Crash Month
MCP2466005Z,250020509,MONTGOMERY,Injury Crash,2025-05-09 17:23:00,County Route,TRAVILAH RD,Unknown,Single Vehicle,Clear,Dry,Daylight,No Controls,"Unknown, Unknown",No,Suspected Minor Injury,Unknown,MD,Passenger Car,30,2007.0,Toyota,RAV4,17,Friday,5
MCP2951001N,16033363,Montgomery County Police,Injury Crash,2016-07-01 17:35:00,County,BEL PRE RD,BEAVERWOOD LA,STRAIGHT MOVEMENT ANGLE,CLEAR,DRY,DAYLIGHT,NO CONTROLS,NONE DETECTED,No,Suspected Serious Injury,UNKNOWN,MD,Passenger Car,35,2008.0,Suzi,4S,17,Friday,7
MCP2940004S,200019405,Montgomery County Police,Injury Crash,2020-05-14 11:05:00,County,MONTROSE RD,FARM HAVEN DR,STRAIGHT MOVEMENT ANGLE,CLEAR,DRY,DAYLIGHT,TRAFFIC SIGNAL,Unknown,Yes,No Apparent Injury,UNKNOWN,DC,Police Vehicle/Emergency,40,2007.0,Lexus,ES350,11,Thursday,5
MCP2752002W,180055488,Montgomery County Police,Injury Crash,2018-11-05 15:40:00,County,MACARTHUR BLVD,WALHONDING RD,SAME DIR REAR END,RAINING,WET,DAWN,NO CONTROLS,Unknown,Yes,No Apparent Injury,NOT DISTRACTED,DC,Passenger Car,30,2015.0,Vw,GOLF,15,Monday,11
MCP2395001X,210027675,Montgomery County Police,Property Damage Crash,2021-07-17 21:33:00,County,QUINCE ORCHARD RD,HORSE CENTER RD,SINGLE VEHICLE,RAINING,WET,DARK LIGHTS ON,Unknown,Unknown,Yes,No Apparent Injury,UNKNOWN,MD,Passenger Car,30,2015.0,Toyt,SIENNA,21,Saturday,7
MCP3003002T,180054399,Montgomery County Police,Injury Crash,2018-10-30 09:13:00,Maryland (State),ROCKVILLE PIKE,SPUR FR POOKS HILL RD,OTHER,CLEAR,DRY,DAYLIGHT,TRAFFIC SIGNAL,NONE DETECTED,No,Suspected Minor Injury,NOT DISTRACTED,MD,Passenger Car,35,2015.0,Honda,CIVIC,9,Tuesday,10
MCP2358008M,210025925,Montgomery County Police,Property Damage Crash,2021-07-06 12:05:00,Maryland (State),ROCKVILLE PIKE,POOKS HILL RD,STRAIGHT MOVEMENT ANGLE,CLEAR,DRY,DAYLIGHT,TRAFFIC SIGNAL,NONE DETECTED,Yes,No Apparent Injury,NOT DISTRACTED,VA,Passenger Car,35,2011.0,Toyota,4 RUNNER,12,Tuesday,7
MCP2970001S,16036345,Montgomery County Police,Injury Crash,2016-07-18 12:48:00,County,DENNIS AVE,TENBROOK DR,STRAIGHT MOVEMENT ANGLE,CLEAR,DRY,DAYLIGHT,STOP SIGN,Unknown,No,Possible Injury,TEXTING FROM A CELLULAR PHONE,MD,Passenger Car,25,2009.0,Honda,CIVIC,12,Monday,7
MCP3145005C,240054364,MONTGOMERY,Property Damage Crash,2024-11-12 15:00:00,Private Route,Unknown,Unknown,Other,Clear,Dry,Daylight,No Controls,"Not Suspect of Alcohol Use, Not Suspect of Drug Use",Yes,No Apparent Injury,Unknown,MD,Bus - School,25,2012.0,Freightliner,B2 BUS CHASSIS,15,Tuesday,11
MCP0617006Q,250010460,MONTGOMERY,Injury Crash,2025-03-10 12:36:00,Maryland (State) Route,GEORGIA AVE (SB/L),EMORY LA,Front to Rear,Clear,Dry,Daylight,Traffic Control Signal,"Not Suspect of Alcohol Use, Not Suspect of Drug Use",No,Suspected Minor Injury,Not Distracted,MD,Sport Utility Vehicle,40,2023.0,Ford,BRONCO SPORT,12,Monday,3
MCP2712003D,190013736,Montgomery County Police,Property Damage Crash,2019-03-13 13:27:00,Unknown,Unknown,Unknown,OTHER,CLEAR,Unknown,DAYLIGHT,Unknown,Unknown,Yes,No Apparent Injury,UNKNOWN,MD,Passenger Car,15,2006.0,Toyota,RAV4,13,Wednesday,3
MCP3218001W,210031014,Montgomery County Police,Property Damage Crash,2021-08-09 21:30:00,Maryland (State),NORBECK RD,WESTBURY RD,SAME DIRECTION SIDESWIPE,CLEAR,WET,DARK LIGHTS ON,NO CONTROLS,ILLEGAL DRUG CONTRIBUTED,Yes,No Apparent Injury,UNKNOWN,MD,Passenger Car,45,2013.0,Bmw,X3,21,Monday,8
MCP2939004Y,200028492,Montgomery County Police,Property Damage Crash,2020-07-22 16:32:00,Maryland (State),LAYTONSVILLE RD,BRINK RD,OTHER,RAINING,WET,DAYLIGHT,NO CONTROLS,Unknown,No,No Apparent Injury,NOT DISTRACTED,MD,Passenger Car,35,2014.0,Mits,TK,16,Wednesday,7
MCP2771002K,230053657,Montgomery County Police,Property Damage Crash,2023-09-07 14:02:00,Unknown,Unknown,Unknown,OTHER,CLOUDY,Unknown,DAYLIGHT,NO CONTROLS,Unknown,No,No Apparent Injury,NOT DISTRACTED,MD,Passenger Car,5,2022.0,Nissan,SENTRA,14,Thursday,9
MCP2923005J,190030746,Montgomery County Police,Property Damage Crash,2019-06-27 21:24:00,County,RANDOLPH RD,GLENMONT CIR #1,OTHER,CLOUDY,DRY,DARK LIGHTS ON,OTHER,NONE DETECTED,Yes,No Apparent Injury,LOOKED BUT DID NOT SEE,MD,(Sport) Utility Vehicle,35,1999.0,Chevrolet,TK,21,Thursday,6
MCP2608005N,240015599,MONTGOMERY,Property Damage Crash,2024-04-03 19:40:00,Maryland (State) Route,PINEY BRANCH RD (SB/L),Unknown,"Sideswipe, Same Direction",Rain,Wet,Dark - Lighted,No Controls,"Not Suspect of Alcohol Use, Not Suspect of Drug Use",Yes,No Apparent Injury,Not Distracted,MD,Passenger Car,30,2014.0,Honda,CR-V,19,Wednesday,4
MCP2726008V,240005302,MONTGOMERY,Property Damage Crash,2024-02-02 10:08:00,County Route,SHADY GROVE RD,FREDERICK RD (SB/L),"Sideswipe, Same Direction",Clear,Dry,Daylight,Traffic Control Signal,"Not Suspect of Alcohol Use, Not Suspect of Drug Use",No,No Apparent Injury,Not Distracted,MD,Passenger Car,40,2006.0,Volvo,S80,10,Friday,2
MCP2291001B,15047173,MONTGOMERY,Property Damage Crash,2015-09-17 18:19:00,County,GRUBB RD,COLSTON DR,STRAIGHT MOVEMENT ANGLE,CLEAR,DRY,DAYLIGHT,STOP SIGN,NONE DETECTED,No,No Apparent Injury,NOT DISTRACTED,DC,Passenger Car,25,2011.0,Honda,ACCORD,18,Thursday,9
MCP9390003F,250018768,MONTGOMERY,Property Damage Crash,2025-04-29 18:46:00,County Route,MEDICAL CENTER DR,Unknown,"Sideswipe, Same Direction",Clear,Dry,Daylight,No Controls,"Not Suspect of Alcohol Use, Not Suspect of Drug Use",No,No Apparent Injury,Not Distracted,MD,Bus - Transit,25,2021.0,Gillig,LOW FLOOR BUS,18,Tuesday,4
MCP3296002H,240034314,MONTGOMERY,Injury Crash,2024-07-20 16:51:00,Ramp,RAMP 8 FR US 29 SB TO DUSTIN RD,Unknown,Front to Rear,Rain,Wet,Daylight,Yield Sign,"Not Suspect of Alcohol Use, Not Suspect of Drug Use",Yes,No Apparent Injury,Not Distracted,MD,Sport Utility Vehicle,30,2013.0,Bmw,X5,16,Saturday,7
MCP29050059,220007928,Montgomery County Police,Property Damage Crash,2022-02-23 12:04:00,Maryland (State),OLD GEORGETOWN RD,GLENWOOD RD,STRAIGHT MOVEMENT ANGLE,CLEAR,DRY,DAYLIGHT,STOP SIGN,Unknown,No,No Apparent Injury,NOT DISTRACTED,PA,"Other Light Trucks (10,000Lbs (4,536Kg) Or Less)",30,2019.0,Frht,TK,12,Wednesday,2
HA2476000F,22001203,Maryland-National Capital,Property Damage Crash,2022-07-14 18:45:00,County,FATHER HURLEY BLVD,RAMP 8 FR IS270 SB TO FATHER HURLEY BLVD,SINGLE VEHICLE,CLOUDY,DRY,DAYLIGHT,TRAFFIC SIGNAL,Unknown,Unknown,No Apparent Injury,LOOKED BUT DID NOT SEE,MD,Passenger Car,45,2015.0,Ford,ESCAPE,18,Thursday,7
MCP2504000V,15041981,MONTGOMERY,Property Damage Crash,2015-08-21 22:00:00,County,DARNESTOWN RD,SHADY GROVE RD,STRAIGHT MOVEMENT ANGLE,CLEAR,DRY,DARK LIGHTS ON,TRAFFIC SIGNAL,Unknown,No,No Apparent Injury,NOT DISTRACTED,MD,(Sport) Utility Vehicle,40,2012.0,Honda,CRV,22,Friday,8
MCP3379001H,240061165,MONTGOMERY,Property Damage Crash,2024-12-22 14:48:00,Spur,Unknown,Unknown,Front to Rear,Clear,Dry,Daylight,Yield Sign,"Not Suspect of Alcohol Use, Not Suspect of Drug Use",No,No Apparent Injury,Not Distracted,MD,Passenger Car,35,2015.0,Ford,EXPEDITION,14,Sunday,12
MCP1334006S,180029206,Montgomery County Police,Injury Crash,2018-06-13 14:30:00,County,CRABBS BRANCH WAY,ENT TO THE GROVE SHOPPING CENTER,SAME DIRECTION LEFT TURN,Unknown,DRY,DAYLIGHT,NO CONTROLS,NONE DETECTED,No,No Apparent Injury,NOT DISTRACTED,MD,Transit Bus,30,2014.0,Gillis,BUS,14,Wednesday,6
MCP2270001H,230026094,Montgomery County Police,Property Damage Crash,2023-05-31 13:10:00,County,FALLS RD,RIVER RD,HEAD ON LEFT TURN,CLEAR,DRY,DAYLIGHT,TRAFFIC SIGNAL,NONE DETECTED,No,No Apparent Injury,NOT DISTRACTED,MD,Passenger Car,35,2018.0,Honda,CRV,13,Wednesday,5
MCP2504001S,16055164,Montgomery County Police,Injury Crash,2016-10-26 17:20:00,Interstate (State),EISENHOWER MEMORIAL HWY,RAMP 6 FR IS 270 EB TO MD 355 SB,SAME DIR REAR END,CLEAR,DRY,DUSK,NO CONTROLS,NONE DETECTED,No,No Apparent Injury,NOT DISTRACTED,MD,Van,55,2011.0,Toyota,SIENNA,17,Wednesday,10
MCP30210035,180036247,Montgomery County Police,Property Damage Crash,2018-07-22 07:40:00,County,OCTAGON LA,E RANDOLPH RD,STRAIGHT MOVEMENT ANGLE,CLEAR,DRY,DAYLIGHT,TRAFFIC SIGNAL,NONE DETECTED,No,No Apparent Injury,NOT DISTRACTED,MD,Passenger Car,40,2003.0,Toyota,COROLLA,7,Sunday,7
MCP137800B1,16032874,Montgomery County Police,Injury Crash,2016-06-29 11:31:00,County,RAILROAD ST,WASHINGTON GROVE LA,STRAIGHT MOVEMENT ANGLE,CLEAR,DRY,DAYLIGHT,Unknown,NONE DETECTED,No,No Apparent Injury,NOT DISTRACTED,MD,Passenger Car,30,2010.0,Chev,COBALT,11,Wednesday,6
MCP94120007,170546663,Montgomery County Police,Property Damage Crash,2017-12-05 08:01:00,Interstate (State),CAPITAL BELTWAY,EISENHOWER MEMORIAL HWY,SAME DIR REAR END,CLOUDY,DRY,DAYLIGHT,Unknown,NONE DETECTED,No,No Apparent Injury,NOT DISTRACTED,MD,Recreational Vehicle,55,2009.0,Mazada,CX 7,8,Tuesday,12
DD56240037,190051889,Rockville Police Departme,Property Damage Crash,2019-10-28 16:30:00,County,E GUDE DR,FREDERICK RD,SAME DIRECTION SIDESWIPE,CLEAR,DRY,DAYLIGHT,TRAFFIC SIGNAL,NONE DETECTED,Yes,No Apparent Injury,NOT DISTRACTED,MD,Police Vehicle/Emergency,35,2009.0,Ford,CROWN VIC,16,Monday,10
DD56680004,230024523,Rockville Police Departme,Property Damage Crash,2023-04-18 08:30:00,Unknown,Unknown,Unknown,SAME DIR REAR END,CLEAR,Unknown,DAYLIGHT,NO CONTROLS,Unknown,Yes,No Apparent Injury,LOOKED BUT DID NOT SEE,MD,Passenger Car,5,2018.0,Buic,4S,8,Tuesday,4
MCP2598003Y,220017096,Montgomery County Police,Fatal Crash,2022-04-22 12:28:00,Maryland (State),WOODFIELD RD,WATKINS RD,SINGLE VEHICLE,CLEAR,DRY,DAYLIGHT,NO CONTROLS,ALCOHOL PRESENT,Yes,Fatal Injury,UNKNOWN,MD,Station Wagon,50,2006.0,Dodge,MAGNUM,12,Friday,4
MCP94280023,180050641,Montgomery County Police,Injury Crash,2018-10-10 08:27:00,Maryland (State),CLOPPER RD,WARING STATION RD,SAME DIR REAR END,CLEAR,DRY,DAYLIGHT,TRAFFIC SIGNAL,NONE DETECTED,Yes,No Apparent Injury,ADJUSTING AUDIO AND OR CLIMATE CONTROLS,MD,(Sport) Utility Vehicle,40,2016.0,Chev,TRAX,8,Wednesday,10
MCP2977008Z,220025750,Montgomery County Police,Property Damage Crash,2022-06-15 12:33:00,US (State),COLUMBIA PIKE,HILLWOOD DR,OTHER,CLEAR,DRY,DAYLIGHT,NO CONTROLS,Unknown,No,No Apparent Injury,NOT DISTRACTED,MD,School Bus,40,2021.0,Frht,CHASSIS,12,Wednesday,6
MCP3057000M,170533410,Montgomery County Police,Property Damage Crash,2017-09-27 12:17:00,Unknown,Unknown,Unknown,OTHER,CLEAR,Unknown,DAYLIGHT,Unknown,Unknown,Yes,No Apparent Injury,UNKNOWN,MD,Passenger Car,0,2011.0,Chevrolet,SUBURBAN,12,Wednesday,9
EJ7870005F,220013346,Gaithersburg Police Depar,Injury Crash,2022-03-29 09:30:00,Maryland (State),FREDERICK RD,ODENDHAL AVE,SAME DIRECTION SIDESWIPE,CLEAR,DRY,DAYLIGHT,TRAFFIC SIGNAL,NONE DETECTED,No,No Apparent Injury,NOT DISTRACTED,MD,Truck Tractor,30,2016.0,Volv,VNM,9,Tuesday,3
MCP3350001W,230064571,Montgomery County Police,Property Damage Crash,2023-11-05 17:55:00,Maryland (State),EAST WEST HWY,BEACH DR,HEAD ON LEFT TURN,CLEAR,DRY,DARK -- UNKNOWN LIGHTING,TRAFFIC SIGNAL,NONE DETECTED,No,No Apparent Injury,NOT DISTRACTED,MD,Passenger Car,30,2023.0,Bmw,530I,17,Sunday,11
MCP2818002L,170502651,Montgomery County Police,Property Damage Crash,2017-04-17 19:20:00,US (State),GEORGIA AVE,THAYER AVE,SAME DIRECTION LEFT TURN,CLEAR,DRY,DUSK,TRAFFIC SIGNAL,NONE DETECTED,No,No Apparent Injury,NOT DISTRACTED,MD,Passenger Car,35,2011.0,Jag,XJ,19,Monday,4
MCP2559000V,16025284,Montgomery County Police,Injury Crash,2016-05-21 13:34:00,Interstate (State),EISENHOWER MEMORIAL HWY,RAMP 2 FR MD 124 WB TO IS 270 NB,SAME DIRECTION SIDESWIPE,RAINING,WET,DAYLIGHT,YIELD SIGN,NONE DETECTED,No,Suspected Serious Injury,NOT DISTRACTED,MD,Passenger Car,55,2004.0,Toyota,RAV4,13,Saturday,5
MCP23560043,250006359,MONTGOMERY,Property Damage Crash,2025-02-10 18:20:00,Unknown,Unknown,Unknown,"Sideswipe, Same Direction",Clear,Unknown,Dark - Lighted,Unknown,"Unknown, Unknown",Yes,No Apparent Injury,Unknown,MD,Passenger Car,0,2019.0,Bmw,X5,18,Monday,2
MCP1202000K,15030096,Montgomery County Police,Injury Crash,2015-06-20 08:06:00,County,MACARTHUR BLVD,MOHICAN RD,HEAD ON LEFT TURN,CLEAR,DRY,DAYLIGHT,NO CONTROLS,NONE DETECTED,Yes,No Apparent Injury,NOT DISTRACTED,MD,Passenger Car,25,2004.0,Acura,MDX,8,Saturday,6
MCP2805004N,210050801,Montgomery County Police,Property Damage Crash,2021-12-14 11:25:00,County,CHRISTOPHER AVE,MONTGOMERY VILLAGE AVE,SAME DIRECTION SIDESWIPE,CLEAR,DRY,DAYLIGHT,TRAFFIC SIGNAL,NONE DETECTED,No,No Apparent Injury,NOT DISTRACTED,MD,Transit Bus,30,2017.0,Gillig,L FLOOR,11,Tuesday,12
MCP2425008Z,17015047,Montgomery County Police,Property Damage Crash,2017-03-24 12:22:00,County,FENTON ST,WAYNE AVE,SAME DIRECTION SIDESWIPE,CLOUDY,WET,DAYLIGHT,TRAFFIC SIGNAL,NONE DETECTED,Yes,No Apparent Injury,NOT DISTRACTED,MD,"Cargo Van/Light Truck 2 Axles (Over 10,000Lbs (4,536 Kg))",25,2016.0,Ford,TRUCKS,12,Friday,3
MCP3039003T,190021576,Montgomery County Police,Injury Crash,2019-05-07 18:00:00,County,FERNDALE ST,MEREDITH AVE,STRAIGHT MOVEMENT ANGLE,CLEAR,DRY,DAYLIGHT,STOP SIGN,NONE DETECTED,Yes,Possible Injury,NOT DISTRACTED,MD,Passenger Car,30,2014.0,Ford,FOCUS,18,Tuesday,5
MCP3305004M,250043415,MONTGOMERY,Property Damage Crash,2025-09-26 21:30:00,Maryland (State) Route,UNIVERSITY BLVD E,LANGLEY DR,Angle,Clear,Dry,Dark - Lighted,No Controls,"Not Suspect of Alcohol Use, Not Suspect of Drug Use",No,No Apparent Injury,Not Distracted,MD,Pickup,35,2023.0,Ford,F-150,21,Friday,9
MCP30400056,210050832,Montgomery County Police,Property Damage Crash,2021-12-14 14:00:00,County,OLD BALTIMORE RD,GEORGIA AVE,SAME DIR REAR END,CLEAR,DRY,DAYLIGHT,TRAFFIC SIGNAL,NONE DETECTED,No,No Apparent Injury,NOT DISTRACTED,MD,Passenger Car,45,2011.0,Ford,4S,14,Tuesday,12
EJ7886000D,210007807,Gaithersburg Police Depar,Property Damage Crash,2021-03-01 20:42:00,Municipality,CHESTNUT ST,W DIAMOND AVE,SAME DIR REAR END,CLEAR,DRY,DARK LIGHTS ON,TRAFFIC SIGNAL,UNKNOWN,Yes,No Apparent Injury,UNKNOWN,MD,Passenger Car,25,2015.0,Chevrolet,TK,20,Monday,3
MCP12130045,180051879,Montgomery County Police,Property Damage Crash,2018-10-16 19:20:00,County,GOOD HOPE RD,WINDMILL LA,Unknown,CLEAR,DRY,DARK LIGHTS ON,NO CONTROLS,NONE DETECTED,No,No Apparent Injury,NOT DISTRACTED,MD,(Sport) Utility Vehicle,30,2007.0,Toyt,TK,19,Tuesday,10
MCP28160043,240047008,MONTGOMERY,Property Damage Crash,2024-10-02 11:51:00,Maryland (State) Route,HUNGERFORD DR (SB/L),Unknown,Front to Rear,Rain,Wet,Daylight,Other Signal,"Not Suspect of Alcohol Use, Not Suspect of Drug Use",No,No Apparent Injury,Not Distracted,MD,Passenger Car,35,2020.0,Toyota,RAV4,11,Wednesday,10
MCP3022002C,180051850,Montgomery County Police,Injury Crash,2018-10-16 17:06:00,Maryland (State),WOODFIELD RD,FIELDCREST RD,SAME DIR REAR END,CLEAR,DRY,DAYLIGHT,TRAFFIC SIGNAL,Unknown,No,No Apparent Injury,NOT DISTRACTED,MD,Passenger Car,0,2009.0,Honda,2S,17,Tuesday,10
MCP27850011,15062654,MONTGOMERY,Property Damage Crash,2015-12-08 11:48:00,US (State),COLUMBIA PIKE,GREENCASTLE RD,HEAD ON LEFT TURN,CLEAR,DRY,DAYLIGHT,TRAFFIC SIGNAL,Unknown,No,No Apparent Injury,NOT DISTRACTED,MD,Passenger Car,55,2011.0,Hond,ACCORD,11,Tuesday,12
EJ7833003R,170518332,Gaithersburg Police Depar,Property Damage Crash,2017-07-10 17:58:00,Maryland (State),MIDCOUNTY HWY,GOSHEN RD,SAME DIR REAR END,CLEAR,DRY,DAYLIGHT,TRAFFIC SIGNAL,NONE DETECTED,Yes,No Apparent Injury,TALKING OR LISTENING TO CELLULAR PHONE,MD,Passenger Car,50,2004.0,Toyt,COROLLA,17,Monday,7
MCP94190066,250039775,MONTGOMERY,Property Damage Crash,2025-09-05 09:57:00,County Route,REDLAND RD,Unknown,"Sideswipe, Same Direction",Clear,Dry,Daylight,No Controls,"Not Suspect of Alcohol Use, Not Suspect of Drug Use",No,No Apparent Injury,Not Distracted,MD,Passenger Car,35,2015.0,Dodge,GRAND CARAVAN,9,Friday,9
MCP06380009,16007910,Montgomery County Police,Property Damage Crash,2016-02-17 06:10:00,Maryland (State),GREAT SENECA HWY,HORN POINT DR,SINGLE VEHICLE,CLEAR,ICE,DARK LIGHTS ON,NO CONTROLS,Unknown,Yes,No Apparent Injury,NOT DISTRACTED,MD,Pickup Truck,55,1995.0,Toyota,TACOMA,6,Wednesday,2
DD56150030,17012844,Rockville Police Departme,Property Damage Crash,2017-03-11 16:13:00,Maryland (State),HUNGERFORD DR,E MIDDLE LA,STRAIGHT MOVEMENT ANGLE,CLEAR,DRY,DAYLIGHT,TRAFFIC SIGNAL,UNKNOWN,Yes,No Apparent Injury,NOT DISTRACTED,Unknown,Passenger Car,40,2000.0,Toyota,CAMRY,16,Saturday,3
MCP93210010,16041694,Montgomery County Police,Injury Crash,2016-08-17 08:14:00,Maryland (State),UNIVERSITY BLVD W,EISNER ST,STRAIGHT MOVEMENT ANGLE,CLEAR,DRY,DAYLIGHT,NO CONTROLS,NONE DETECTED,No,Possible Injury,NOT DISTRACTED,MD,Passenger Car,40,2000.0,Mercedes,KOMPRESSOR,8,Wednesday,8
MCP30400048,190056119,Montgomery County Police,Injury Crash,2019-11-20 19:45:00,Maryland (State),GEORGIA AVE,OLNEY SANDY SPRING RD,SAME DIR REAR END,CLEAR,DRY,DARK LIGHTS ON,TRAFFIC SIGNAL,Unknown,No,Suspected Minor Injury,NOT DISTRACTED,MD,Passenger Car,30,2017.0,Nissan,TK,19,Wednesday,11
MCP33080028,230068275,Montgomery County Police,Property Damage Crash,2023-11-25 23:22:00,Maryland (State),LAYHILL RD,BEL PRE RD,SINGLE VEHICLE,CLEAR,DRY,DARK LIGHTS ON,TRAFFIC SIGNAL,NONE DETECTED,Yes,No Apparent Injury,OTHER DISTRACTION,MD,Passenger Car,35,2016.0,Kia,FORTE,23,Saturday,11
MCP2921004V,230060322,Montgomery County Police,Property Damage Crash,2023-10-13 15:07:00,County,MIDDLEBROOK RD,CELEBRATION WAY,OTHER,CLEAR,DRY,DAYLIGHT,STOP SIGN,Unknown,No,No Apparent Injury,NOT DISTRACTED,MD,Passenger Car,35,2014.0,Volkswagon,JETTA,15,Friday,10
MCP29170069,190062628,Montgomery County Police,Injury Crash,2019-12-29 19:06:00,County,RANDOLPH RD,SELFRIDGE RD,OTHER,RAINING,WET,DARK NO LIGHTS,TRAFFIC SIGNAL,NONE DETECTED,Yes,No Apparent Injury,LOOKED BUT DID NOT SEE,MD,Passenger Car,35,2015.0,Jeep,WRANGLER,19,Sunday,12
MCP21160021,15025585,Montgomery County Police,Injury Crash,2015-05-27 19:08:00,Maryland (State),DARNESTOWN RD,WHITES FERRY RD,STRAIGHT MOVEMENT ANGLE,CLEAR,WET,DAYLIGHT,NO CONTROLS,NONE DETECTED,Yes,No Apparent Injury,NOT DISTRACTED,MD,Passenger Car,50,2005.0,Toyota,SUV,19,Wednesday,5
MCP10990032,200006612,Montgomery County Police,Property Damage Crash,2020-02-09 10:00:00,Unknown,Unknown,Unknown,SAME DIRECTION SIDESWIPE,CLEAR,Unknown,DAYLIGHT,Unknown,Unknown,Yes,No Apparent Injury,NOT DISTRACTED,MD,Passenger Car,25,2008.0,Lexus,TK,10,Sunday,2
MCP23580060,190019372,Montgomery County Police,Property Damage Crash,2019-04-25 13:18:00,Maryland (State),RIVER RD,BURDETTE RD,SAME DIR REAR END,CLEAR,DRY,DAYLIGHT,NO CONTROLS,NONE DETECTED,No,No Apparent Injury,NOT DISTRACTED,DC,Passenger Car,35,2005.0,Honda,CIVIC,13,Thursday,4
MCP28550012,16023424,Montgomery County Police,Property Damage Crash,2016-05-11 17:06:00,Unknown,Unknown,Unknown,UNKNOWN,RAINING,Unknown,DAYLIGHT,Unknown,UNKNOWN,Yes,No Apparent Injury,UNKNOWN,MD,Pickup Truck,0,2002.0,Dodge,RAM,17,Wednesday,5
MCP2896000P,15008572,Montgomery County Police,Property Damage Crash,2015-02-22 09:59:00,County,EARLSTON DR,WESTWAY DR,SAME DIRECTION SIDESWIPE,CLOUDY,WET,DAYLIGHT,NO CONTROLS,NONE DETECTED,Yes,No Apparent Injury,NOT DISTRACTED,DC,"Other Light Trucks (10,000Lbs (4,536Kg) Or Less)",25,2003.0,Chev,DP TRK CC 1T,9,Sunday,2
MCP3268001L,220007559,Montgomery County Police,Property Damage Crash,2022-02-21 10:32:00,County,STEWART LA,COLUMBIA PIKE,STRAIGHT MOVEMENT ANGLE,Unknown,DRY,DAYLIGHT,TRAFFIC SIGNAL,Unknown,No,No Apparent Injury,NOT DISTRACTED,MD,(Sport) Utility Vehicle,45,2015.0,Chevy,EQUINOX,10,Monday,2
MCP3020000L,170508319,Montgomery County Police,Property Damage Crash,2017-05-17 15:51:00,County,BEL PRE RD,LAYHILL RD,SAME DIRECTION LEFT TURN,CLEAR,DRY,DAYLIGHT,Unknown,NONE DETECTED,No,No Apparent Injury,NOT DISTRACTED,MD,Passenger Car,45,2007.0,Toyota,COROLLA,15,Wednesday,5
MCP2892004N,180018100,Montgomery County Police,Property Damage Crash,2018-04-13 17:37:00,Maryland (State),PINEY BRANCH RD,MISSISSIPPI AVE,HEAD ON LEFT TURN,CLEAR,DRY,DAYLIGHT,STOP SIGN,NONE DETECTED,Unknown,No Apparent Injury,LOOKED BUT DID NOT SEE,MD,Passenger Car,25,2006.0,Acur,4S,17,Friday,4
MCP2358008H,210023351,Montgomery County Police,Property Damage Crash,2021-06-18 12:44:00,County,WESTLAKE DR,WESTLAKE TERR,STRAIGHT MOVEMENT ANGLE,CLEAR,DRY,DAYLIGHT,NO CONTROLS,NONE DETECTED,No,No Apparent Injury,NOT DISTRACTED,MD,Passenger Car,35,2020.0,Toyota,TACOMA,12,Friday,6
DD5603005S,180023246,Rockville Police Departme,Property Damage Crash,2018-05-11 18:45:00,Municipality,HALPINE RD,ROCKVILLE PIKE,HEAD ON LEFT TURN,CLEAR,DRY,DAYLIGHT,TRAFFIC SIGNAL,NONE DETECTED,No,No Apparent Injury,NOT DISTRACTED,MD,Passenger Car,25,2009.0,Acur,SUV,18,Friday,5
MCP106400C7,220004318,Montgomery County Police,Property Damage Crash,2022-02-01 11:09:00,Unknown,Unknown,Unknown,OTHER,CLEAR,Unknown,DAYLIGHT,Unknown,Unknown,Yes,No Apparent Injury,DISTRACTED BY OUTSIDE PERSON OBJECT OR EVENT,MD,(Sport) Utility Vehicle,0,2018.0,Toyt,RAV4,11,Tuesday,2
MCP2353006H,190001606,Montgomery County Police,Injury Crash,2019-01-10 15:01:00,Maryland (State),OLD GEORGETOWN RD,LONE OAK DR,SAME DIR REAR END,CLEAR,DRY,DAYLIGHT,TRAFFIC SIGNAL,NONE DETECTED,Yes,Possible Injury,LOOKED BUT DID NOT SEE,MD,Passenger Car,35,2017.0,Toyota,CAMRY,15,Thursday,1
MCP3232003H,230013454,Montgomery County Police,Property Damage Crash,2023-03-14 15:49:00,Maryland (State),NEW HAMPSHIRE AVE,PIPING ROCK DR,SAME DIR REAR END,CLEAR,DRY,DAYLIGHT,NO CONTROLS,NONE DETECTED,No,No Apparent Injury,NOT DISTRACTED,MD,Passenger Car,40,2015.0,Hond,ACCORD,15,Tuesday,3
MCP2764003L,240041131,MONTGOMERY,Property Damage Crash,2024-08-30 16:38:00,Maryland (State) Route,ROCKVILLE PIKE,Unknown,Front to Rear,Clear,Dry,Daylight,No Controls,"Not Suspect of Alcohol Use, Not Suspect of Drug Use",No,No Apparent Injury,Not Distracted,MD,Sport Utility Vehicle,35,2018.0,Nissan,ROGUE,16,Friday,8
EJ7837007N,230072742,Gaithersburg Police Depar,Property Damage Crash,2023-12-20 12:00:00,Maryland (State),FREDERICK RD,PERRY PKWY,SAME DIR REAR END,CLEAR,DRY,DAYLIGHT,TRAFFIC SIGNAL,Unknown,No,No Apparent Injury,NOT DISTRACTED,MD,School Bus,35,2018.0,Thms,BU,12,Wednesday,12