Report Number,Local Case Number,Agency Name,ACRS Report Type,Crash Date/Time,Route Type,Road Name,Cross-Street Name,Collision Type,Weather,Surface Condition,Light,Traffic Control,Driver Substance Abuse,Driver At Fault,Injury Severity,Driver Distracted By,Drivers License State,Vehicle Body Type,Speed Limit,Vehicle Year,Vehicle Make,Vehicle Model,Crash Hour,Crash Day,Crash Month
MCP3192006Y,250057194,MONTGOMERY,Injury Crash,2025-12-22 19:09:00,County Route,RANDOLPH RD (WB/L),Unknown,Single Vehicle,Clear,Dry,Dark - Lighted,Traffic Control Signal,"Not Suspect of Alcohol Use, Not Suspect of Drug Use",No,No Apparent Injury,Not Distracted,MD,Passenger Car,40,2001.0,Lexus,ES,19,Monday,12
MCP2472001G,15049116,MONTGOMERY,Injury Crash,2015-09-28 09:05:00,Unknown,Unknown,Unknown,SINGLE VEHICLE,CLOUDY,Unknown,DAYLIGHT,Unknown,NONE DETECTED,Yes,No Apparent Injury,LOOKED BUT DID NOT SEE,MD,Passenger Car,5,2008.0,Vw,UNKNOWN,9,Monday,9
MCP3269003H,240032637,MONTGOMERY,Property Damage Crash,2024-07-11 01:10:00,Maryland (State) Route,E RANDOLPH RD,OLD COLUMBIA PIKE,Angle,Clear,Dry,Dark - Lighted,Flashing Traffic Control Signal,"Not Suspect of Alcohol Use, Not Suspect of Drug Use",No,No Apparent Injury,Not Distracted,MD,Passenger Car,35,2007.0,Toyota,YARIS,1,Thursday,7
MCP3040008K,250043589,MONTGOMERY,Property Damage Crash,2025-09-28 06:00:00,County Route,BREADY RD,Unknown,Single Vehicle,Clear,Dry,Dark - Not Lighted,Stop Sign,"Not Suspect of Alcohol Use, Not Suspect of Drug Use",Yes,No Apparent Injury,Not Distracted,MD,Passenger Car,35,2016.0,Honda,ODYSSEY,6,Sunday,9
MCP3080002J,200012054,Montgomery County Police,Injury Crash,2020-03-11 17:28:00,County,MIDDLEBROOK RD,GREAT SENECA HWY,OPPOSITE DIRECTION SIDESWIPE,CLEAR,DRY,DAYLIGHT,TRAFFIC SIGNAL,NONE DETECTED,Yes,No Apparent Injury,OTHER DISTRACTION,MD,Passenger Car,40,2016.0,Toyt,TK,17,Wednesday,3
MCP2832000X,15001236,Montgomery County Police,Injury Crash,2015-01-08 14:56:00,Municipality,HOWARD AVE,CONNECTICUT AVE,SAME DIR REND RIGHT TURN,CLEAR,WET,DAYLIGHT,STOP SIGN,NONE DETECTED,Yes,No Apparent Injury,UNKNOWN,MD,Passenger Car,25,2013.0,Mazda,4D,14,Thursday,1
MCP3423002J,250044859,MONTGOMERY,Injury Crash,2025-10-06 08:05:00,County Route,WOLF DR,NEW HAMPSHIRE AVE (SB/L),Angle,Clear,Dry,Daylight,Traffic Control Signal,"Not Suspect of Alcohol Use, Not Suspect of Drug Use",Yes,Suspected Minor Injury,Not Distracted,MD,Passenger Car,45,2010.0,Chevrolet,EXPRESS,8,Monday,10
MCP2446005Y,220048796,Montgomery County Police,Injury Crash,2022-11-05 11:00:00,Maryland (State),RIDGE RD,ENT TO SHOPPING CENTER,SAME DIR REAR END,CLEAR,DRY,DAYLIGHT,TRAFFIC SIGNAL,NONE DETECTED,No,Possible Injury,NOT DISTRACTED,MD,Passenger Car,30,2010.0,Chevrolet,CAMARO,11,Saturday,11
MCP1342002V,190059142,Montgomery County Police,Property Damage Crash,2019-12-08 06:35:00,Maryland (State),WHITES FERRY RD,MORROW DR,SINGLE VEHICLE,CLEAR,DRY,DAWN,NO CONTROLS,NONE DETECTED,Yes,No Apparent Injury,NOT DISTRACTED,MD,Police Vehicle/Emergency,40,2011.0,Ford,CROWN VIC,6,Sunday,12
EJ7809003W,230034946,Gaithersburg Police Depar,Injury Crash,2023-07-22 17:01:00,County,N SUMMIT AVE,PARK AVE,SINGLE VEHICLE,CLEAR,DRY,DAYLIGHT,NO CONTROLS,NONE DETECTED,Unknown,No Apparent Injury,NOT DISTRACTED,MD,(Sport) Utility Vehicle,15,2008.0,Hyundai,SUV,17,Saturday,7
MCP2008004T,180020146,Montgomery County Police,Property Damage Crash,2018-04-24 19:32:00,Unknown,Unknown,Unknown,OTHER,RAINING,Unknown,DARK LIGHTS ON,Unknown,NONE DETECTED,Yes,No Apparent Injury,NOT DISTRACTED,MD,Passenger Car,0,2014.0,Tesl,4S,19,Tuesday,4
MCP3139001B,190028072,Montgomery County Police,Injury Crash,2019-06-12 16:17:00,County,RUATAN ST,QUEBEC ST,OTHER,Unknown,Unknown,DAYLIGHT,STOP SIGN,Unknown,No,Possible Injury,NOT DISTRACTED,MD,Passenger Car,25,2013.0,Nissan,ROGUE,16,Wednesday,6
MCP3329004Q,250042612,MONTGOMERY,Injury Crash,2025-09-22 11:07:00,Interstate (State),CAPITAL BELTWAY,Unknown,Front to Rear,Clear,Dry,Daylight,No Controls,"Not Suspect of Alcohol Use, Not Suspect of Drug Use",No,Suspected Minor Injury,Not Distracted,MD,Passenger Car,55,2019.0,Ford,TRANSIT CONNECT,11,Monday,9
DD5571000J,250030393,ROCKVILLE,Property Damage Crash,2025-07-08 17:20:00,Maryland (State) Route,W MONTGOMERY AVE,Unknown,Front to Rear,Rain,Wet,Daylight,Traffic Control Signal,"Not Suspect of Alcohol Use, Not Suspect of Drug Use",No,No Apparent Injury,Unknown,MD,Passenger Car,30,2018.0,Bmw,440I,17,Tuesday,7
MCP3230002P,220012012,Montgomery County Police,Property Damage Crash,2022-03-20 16:05:00,Maryland (State),VEIRS MILL RD,ROBINDALE DR,SAME DIR REAR END,CLEAR,DRY,DAYLIGHT,TRAFFIC SIGNAL,NONE DETECTED,No,No Apparent Injury,NOT DISTRACTED,MD,Passenger Car,35,2014.0,Jeep,PATRIOT,16,Sunday,3
MCP3390001C,240050207,MONTGOMERY,Property Damage Crash,2024-10-20 16:04:00,Maryland (State) Route,GERMANTOWN RD (SB/L),MIDDLEBROOK RD (WB/L),Front to Rear,Clear,Dry,Daylight,Traffic Control Signal,"Not Suspect of Alcohol Use, Not Suspect of Drug Use",No,No Apparent Injury,Not Distracted,MD,Passenger Car,40,2011.0,Toyota,TACOMA,16,Sunday,10
MCP2563001W,240026080,MONTGOMERY,Injury Crash,2024-06-01 21:34:00,County Route,MONTGOMERY VILLAGE AVE (SB/L),Unknown,Single Vehicle,Clear,Dry,Dark - Lighted,No Controls,"Suspect of Alcohol Use, Not Suspect of Drug Use",Yes,Suspected Serious Injury,Unknown,Unknown,Passenger Car,35,2011.0,Nissan,MURANO,21,Saturday,6
MCP3238002V,230065598,Montgomery County Police,Injury Crash,2023-11-10 13:53:00,Maryland (State),GEORGIA AVE,FOREST GLEN RD,HEAD ON LEFT TURN,RAINING,WET,DAYLIGHT,TRAFFIC SIGNAL,NONE DETECTED,No,Possible Injury,NOT DISTRACTED,MD,Passenger Car,30,2014.0,Toyota,SCION,13,Friday,11
MCP29000032,190049901,Montgomery County Police,Property Damage Crash,2019-10-17 21:30:00,Municipality,GIRARD ST,N SUMMIT AVE,OPPOSITE DIRECTION SIDESWIPE,CLEAR,DRY,DARK LIGHTS ON,TRAFFIC SIGNAL,Unknown,Yes,No Apparent Injury,LOOKED BUT DID NOT SEE,MD,Passenger Car,35,2019.0,Hyundai,TUCSON,21,Thursday,10
MCP29820047,210039034,Montgomery County Police,Property Damage Crash,2021-10-01 18:37:00,County,FRANKLIN AVE,CAROLINE AVE,OTHER,Unknown,DRY,DAYLIGHT,NO CONTROLS,NONE DETECTED,No,No Apparent Injury,NOT DISTRACTED,MD,Passenger Car,35,2014.0,Acura,RDX,18,Friday,10
EJ7876006L,230067874,Gaithersburg Police Depar,Property Damage Crash,2023-11-22 19:30:00,Maryland (State),W DIAMOND AVE,MUDDY BRANCH RD,ANGLE MEETS RIGHT TURN,CLEAR,DRY,DARK LIGHTS ON,TRAFFIC SIGNAL,NONE DETECTED,No,No Apparent Injury,NOT DISTRACTED,VA,Passenger Car,30,2014.0,Toyota,CAMRY,19,Wednesday,11
MCP235300CG,230062644,Montgomery County Police,Property Damage Crash,2023-10-26 10:21:00,Maryland (State),CONNECTICUT AVE,MANOR RD,SINGLE VEHICLE,CLOUDY,DRY,DAYLIGHT,Unknown,NONE DETECTED,Yes,No Apparent Injury,UNKNOWN,MD,Passenger Car,35,2004.0,Honda,CIVIC,10,Thursday,10
MCP30500013,170512907,Montgomery County Police,Property Damage Crash,2017-06-10 14:45:00,County,RANDOLPH RD,COLIE DR,SAME DIR REAR END,CLEAR,DRY,DAYLIGHT,NO CONTROLS,UNKNOWN,Yes,No Apparent Injury,UNKNOWN,MD,Passenger Car,45,1995.0,Toyota,4S,14,Saturday,6
MCP3214001V,220050821,Montgomery County Police,Property Damage Crash,2022-11-17 11:24:00,Maryland (State),GERMANTOWN RD,RIFFLE FORD RD,SAME DIR REAR END,CLEAR,DRY,DAYLIGHT,NO CONTROLS,NONE DETECTED,No,No Apparent Injury,NOT DISTRACTED,MD,(Sport) Utility Vehicle,40,2016.0,Ford,EXPLORER,11,Thursday,11
MCP29170034,180055026,Montgomery County Police,Property Damage Crash,2018-11-03 15:45:00,County,ASPEN HILL RD,CONNECTICUT AVE,SAME DIRECTION SIDESWIPE,CLEAR,DRY,DAYLIGHT,NO CONTROLS,NONE DETECTED,Yes,No Apparent Injury,NOT DISTRACTED,Unknown,Passenger Car,30,2008.0,Ford,ESCAPE,15,Saturday,11
MCP31340037,210051611,Montgomery County Police,Injury Crash,2021-12-18 19:17:00,County,GREENCASTLE RD,TURBRIDGE DR,SINGLE VEHICLE,CLEAR,DRY,DARK -- UNKNOWN LIGHTING,NO CONTROLS,Unknown,Yes,No Apparent Injury,NOT DISTRACTED,SC,Passenger Car,30,2014.0,Chevy,CAMARO,19,Saturday,12
MCP2983004B,190062185,Montgomery County Police,Injury Crash,2019-12-26 16:35:00,Unknown,Unknown,Unknown,SINGLE VEHICLE,CLEAR,Unknown,DAWN,Unknown,NONE DETECTED,Yes,No Apparent Injury,NOT DISTRACTED,MD,(Sport) Utility Vehicle,15,2006.0,Suzuki,GRAND,16,Thursday,12
MCP1210001J,17008699,Montgomery County Police,Property Damage Crash,2017-02-17 14:15:00,Unknown,Unknown,Unknown,OTHER,CLEAR,Unknown,DAYLIGHT,Unknown,UNKNOWN,Yes,No Apparent Injury,UNKNOWN,MD,Passenger Car,0,2012.0,Volks,PASSAT,14,Friday,2
MCP30020012,16057189,Montgomery County Police,Property Damage Crash,2016-11-06 01:30:00,Maryland (State),EAST WEST HWY,GLENDALE RD,SINGLE VEHICLE,Unknown,DRY,DARK LIGHTS ON,NO CONTROLS,ALCOHOL CONTRIBUTED,Yes,No Apparent Injury,NOT DISTRACTED,MD,Passenger Car,35,2016.0,Audi,A4,1,Sunday,11
MCP3106001V,190036535,Montgomery County Police,Injury Crash,2019-07-31 16:39:00,County,JONES BRIDGE RD,CONNECTICUT AVE,SAME DIR REAR END,Unknown,Unknown,DAYLIGHT,TRAFFIC SIGNAL,Unknown,No,No Apparent Injury,NOT DISTRACTED,MD,"Cargo Van/Light Truck 2 Axles (Over 10,000Lbs (4,536 Kg))",35,2015.0,Dodge,DURANGO,16,Wednesday,7
DD55950030,16046695,Rockville Police Departme,Injury Crash,2016-09-12 09:50:00,Municipality,N WASHINGTON ST,MARTINS LA,OTHER,CLEAR,DRY,DAYLIGHT,TRAFFIC SIGNAL,NONE DETECTED,Yes,No Apparent Injury,NOT DISTRACTED,MD,Passenger Car,25,2010.0,Hond,TK,9,Monday,9
MCP24660051,240026788,MONTGOMERY,Injury Crash,2024-06-05 14:44:00,Maryland (State) Route,DARNESTOWN RD,Unknown,Front to Rear,Rain,Wet,Daylight,No Controls,"Not Suspect of Alcohol Use, Not Suspect of Drug Use",No,No Apparent Injury,Not Distracted,MD,Sport Utility Vehicle,30,2008.0,Acura,MDX,14,Wednesday,6
MCP9428005M,250045457,MONTGOMERY,Property Damage Crash,2025-10-09 17:30:00,Maryland (State) Route,Unknown,Unknown,Front to Rear,Clear,Dry,Daylight,No Controls,"Not Suspect of Alcohol Use, Not Suspect of Drug Use",No,No Apparent Injury,Not Distracted,MD,Sport Utility Vehicle,40,2023.0,Honda,PILOT,17,Thursday,10
MCP2723001Y,16048695,Montgomery County Police,Property Damage Crash,2016-09-22 09:49:00,County,CASHELL RD,EMORY LA,OPPOSITE DIRECTION SIDESWIPE,CLEAR,DRY,DAYLIGHT,TRAFFIC SIGNAL,Unknown,Yes,No Apparent Injury,UNKNOWN,MD,Passenger Car,30,2015.0,Chevy,SUBURBAN,9,Thursday,9
MCP31210041,210013967,Montgomery County Police,Property Damage Crash,2021-04-14 14:47:00,County,LOST KNIFE RD,CONTOUR RD,HEAD ON LEFT TURN,CLOUDY,DRY,DAYLIGHT,TRAFFIC SIGNAL,NONE DETECTED,No,No Apparent Injury,NOT DISTRACTED,MD,(Sport) Utility Vehicle,30,2004.0,Cadi,ESCALADE,14,Wednesday,4
MCP2846005B,190039495,Montgomery County Police,Property Damage Crash,2019-08-18 21:00:00,Maryland (State),GEORGIA AVE,DAWSON AVE,SAME DIR REAR END,CLEAR,DRY,DARK LIGHTS ON,NO CONTROLS,NONE DETECTED,Yes,No Apparent Injury,LOOKED BUT DID NOT SEE,MD,Passenger Car,25,2016.0,Nissan,SENTRA,21,Sunday,8
MCP29760022,16046107,Montgomery County Police,Property Damage Crash,2016-09-08 22:10:00,County,E RANDOLPH RD,TOURMALINE CT,OTHER,CLEAR,DRY,DARK LIGHTS ON,NO CONTROLS,UNKNOWN,Yes,No Apparent Injury,UNKNOWN,Unknown,Station Wagon,40,2004.0,Honda,ACCORD,22,Thursday,9
MCP3262006J,250054312,MONTGOMERY,Property Damage Crash,2025-12-04 16:26:00,County Route,LOCKWOOD DR,Unknown,"Sideswipe, Opposite Direction",Clear,Dry,Daylight,Traffic Control Signal,"Not Suspect of Alcohol Use, Not Suspect of Drug Use",Yes,No Apparent Injury,Unknown,MD,Passenger Car,35,2025.0,Toyota,COROLLA,16,Thursday,12
MCP3276001J,220000349,Montgomery County Police,Property Damage Crash,2022-01-04 02:31:00,Maryland (State),GEORGIA AVE,SEMINARY PL,STRAIGHT MOVEMENT ANGLE,CLEAR,ICE,DARK LIGHTS ON,FLASHING TRAFFIC SIGNAL,NONE DETECTED,No,No Apparent Injury,NOT DISTRACTED,MD,Pickup Truck,35,2004.0,Ford,TK,2,Tuesday,1
MCP3094004D,240024951,MONTGOMERY,Injury Crash,2024-05-26 17:17:00,Maryland (State) Route,Unknown,Unknown,Front to Rear,Clear,Dry,Daylight,No Controls,"Not Suspect of Alcohol Use, Not Suspect of Drug Use",No,Suspected Minor Injury,Not Distracted,MD,Passenger Car,35,2016.0,Toyota,RAV4,17,Sunday,5
DD5603004K,170530797,Rockville Police Departme,Property Damage Crash,2017-09-15 16:50:00,Maryland (State),ROCKVILLE PIKE,CONGRESSIONAL LA,SAME DIRECTION LEFT TURN,CLEAR,DRY,DAYLIGHT,NO CONTROLS,NONE DETECTED,No,No Apparent Injury,NOT DISTRACTED,MD,Passenger Car,40,2002.0,Toyota,4S,16,Friday,9
EJ78950063,240036829,GAITHERSBURG,Injury Crash,2024-08-05 07:05:00,County Route,MUDDY BRANCH RD (SB/L),SUFFIELD DR,Front to Front,Clear,Dry,Daylight,No Controls,"Not Suspect of Alcohol Use, Not Suspect of Drug Use",No,Suspected Minor Injury,Not Distracted,MD,Passenger Car,35,2017.0,Hyundai,ELANTRA,7,Monday,8
DD5624002H,190018238,Rockville Police Departme,Property Damage Crash,2019-04-18 21:20:00,Maryland (State),VEIRS MILL RD,MEADOW HALL DR,SAME DIR REAR END,CLEAR,DRY,DARK LIGHTS ON,NO CONTROLS,NONE DETECTED,Yes,No Apparent Injury,NOT DISTRACTED,MD,Passenger Car,35,2003.0,Ford,TK,21,Thursday,4
MCP2450001Z,180028121,Montgomery County Police,Property Damage Crash,2018-06-07 16:40:00,Unknown,Unknown,Unknown,OTHER,Unknown,Unknown,DAYLIGHT,Unknown,Unknown,Yes,No Apparent Injury,UNKNOWN,MD,Passenger Car,15,2011.0,Toyota,COROLLA,16,Thursday,6
MCP1174006T,240023354,MONTGOMERY,Property Damage Crash,2024-05-17 15:15:00,County Route,HATHERLEIGH DR,Unknown,"Sideswipe, Same Direction",Cloudy,Dry,Daylight,No Controls,"Not Suspect of Alcohol Use, Not Suspect of Drug Use",No,No Apparent Injury,Not Distracted,MD,Bus - School,25,2015.0,Friesen Welding,FRIESEN WELDING,15,Friday,5
MCP9422001Z,190043516,Montgomery County Police,Property Damage Crash,2019-09-11 13:50:00,Unknown,Unknown,Unknown,HEAD ON LEFT TURN,CLEAR,Unknown,DAYLIGHT,Unknown,NONE DETECTED,Yes,No Apparent Injury,LOOKED BUT DID NOT SEE,MD,Passenger Car,0,2014.0,Mazd,SW,13,Wednesday,9
MCP3220001K,210042350,Montgomery County Police,Property Damage Crash,2021-10-21 15:23:00,Unknown,Unknown,Unknown,OTHER,Unknown,Unknown,Unknown,NO CONTROLS,NONE DETECTED,No,No Apparent Injury,NOT DISTRACTED,MD,Pickup Truck,25,2006.0,Toyota,TACOMA,15,Thursday,10
MCP2837005L,230054391,Montgomery County Police,Property Damage Crash,2023-09-12 09:22:00,County,GLEN RD,S GLEN RD,HEAD ON,CLEAR,DRY,DAYLIGHT,NO CONTROLS,UNKNOWN,Yes,No Apparent Injury,UNKNOWN,MD,Passenger Car,25,2018.0,Dodge,RAM,9,Tuesday,9
MCP3096002G,200001158,Montgomery County Police,Property Damage Crash,2020-01-07 17:30:00,County,TWINBROOK PKWY,VEIRS MILL RD,OPPOSITE DIRECTION SIDESWIPE,SLEET,WET,DUSK,TRAFFIC SIGNAL,NONE DETECTED,Yes,No Apparent Injury,NOT DISTRACTED,MD,Passenger Car,35,2015.0,Toyt,PRIUS,17,Tuesday,1
MCP3410000N,240055164,MONTGOMERY,Injury Crash,2024-11-17 15:56:00,County Route,BONIFANT RD,CARONA DR,Angle,Clear,Dry,Daylight,No Controls,"Not Suspect of Alcohol Use, Not Suspect of Drug Use",No,Suspected Minor Injury,Not Distracted,MD,Passenger Car,35,2022.0,Kia,SORENTO,15,Sunday,11
MCP20160089,240051768,MONTGOMERY,Property Damage Crash,2024-10-29 09:57:00,Local Route,SOUTHLAWN CT,Unknown,Front to Rear,Clear,Dry,Daylight,No Controls,"Not Suspect of Alcohol Use, Not Suspect of Drug Use",No,No Apparent Injury,Not Distracted,MD,Other,15,2007.0,Pierce Manufacturing,DASH,9,Tuesday,10
MCP1554004P,190034346,Montgomery County Police,Property Damage Crash,2019-07-19 15:42:00,County,SHADY GROVE RD,OAKMONT AVE,SAME DIR REAR END,CLEAR,DRY,DAYLIGHT,TRAFFIC SIGNAL,NONE DETECTED,No,No Apparent Injury,NOT DISTRACTED,MD,Transit Bus,45,2008.0,Gill,BUS,15,Friday,7
MCP3012006X,200025024,Montgomery County Police,Property Damage Crash,2020-06-27 10:02:00,Unknown,Unknown,Unknown,OPPOSITE DIRECTION SIDESWIPE,CLEAR,Unknown,DAYLIGHT,NO CONTROLS,Unknown,No,No Apparent Injury,NOT DISTRACTED,MD,(Sport) Utility Vehicle,15,2006.0,Toyota,4RUNNER,10,Saturday,6
MCP29520040,170519034,Montgomery County Police,Property Damage Crash,2017-07-07 13:30:00,Unknown,Unknown,Unknown,SINGLE VEHICLE,CLEAR,Unknown,DAYLIGHT,NO CONTROLS,UNKNOWN,Yes,No Apparent Injury,UNKNOWN,Unknown,"Medium/Heavy Trucks 3 Axles (Over 10,000Lbs (4,536Kg))",30,2015.0,Isuzu,BOX TRUCK,13,Friday,7
MCP2687002V,180007801,Montgomery County Police,Property Damage Crash,2018-02-14 17:23:00,Maryland (State),OLD GEORGETOWN RD,FAIRMONT AVE,SAME DIRECTION SIDESWIPE,CLEAR,DRY,Unknown,NO CONTROLS,NONE DETECTED,Yes,No Apparent Injury,LOOKED BUT DID NOT SEE,MD,Passenger Car,25,2007.0,Ford,4FUSION,17,Wednesday,2
MCP30600022,180060368,Montgomery County Police,Injury Crash,2018-12-03 10:13:00,Maryland (State),CONNECTICUT AVE,RAMP 8 FR MD 185 SB TO IS 495 WB,STRAIGHT MOVEMENT ANGLE,CLEAR,DRY,DAYLIGHT,TRAFFIC SIGNAL,Unknown,No,Suspected Minor Injury,NOT DISTRACTED,MD,Passenger Car,35,2013.0,Lexus,4S,10,Monday,12
MCP32570056,220028230,Montgomery County Police,Property Damage Crash,2022-07-01 01:55:00,Other Public Roadway,MONTROSE PKWY,E JEFFERSON ST,SAME DIR REAR END,CLEAR,DRY,DARK LIGHTS ON,FLASHING TRAFFIC SIGNAL,UNKNOWN,Yes,No Apparent Injury,BY OTHER OCCUPANTS,Unknown,(Sport) Utility Vehicle,40,2016.0,Nissan,PATHFINDER,1,Friday,7
MCP23560032,230033402,Montgomery County Police,Property Damage Crash,2023-07-13 15:32:00,Maryland (State),HUNGERFORD DR,COLLEGE PKWY,SAME DIRECTION RIGHT TURN,CLEAR,DRY,DAYLIGHT,NO CONTROLS,NONE DETECTED,No,No Apparent Injury,NOT DISTRACTED,MD,Transit Bus,40,2013.0,New Flyer,XDE40,15,Thursday,7
MCP3452000P,250011590,MONTGOMERY,Injury Crash,2025-03-17 07:30:00,Maryland (State) Route,UNIVERSITY BLVD W (WB/L),Unknown,Front to Rear,Clear,Wet,Dark - Lighted,Traffic Control Signal,"Not Suspect of Alcohol Use, Not Suspect of Drug Use",Yes,No Apparent Injury,"Manually Operating (dialing, playing game, etc.)",MD,Passenger Car,35,2013.0,Volkswagen,JETTA,7,Monday,3
MCP33910025,250044689,MONTGOMERY,Property Damage Crash,2025-10-04 19:30:00,Maryland (State) Route,OLNEY SANDY SPRING RD,Unknown,Angle,Clear,Dry,Dark - Lighted,No Controls,"Not Suspect of Alcohol Use, Not Suspect of Drug Use",Yes,No Apparent Injury,Not Distracted,MD,Passenger Car,30,2020.0,Porsche,MACAN,19,Saturday,10
MCP3329003K,240062182,MONTGOMERY,Injury Crash,2024-12-30 15:20:00,Local Route,SHOP CTR CUT THRU CUT,Unknown,Angle,Clear,Dry,Daylight,No Controls,"Not Suspect of Alcohol Use, Not Suspect of Drug Use",No,No Apparent Injury,Unknown,Unknown,Passenger Car,25,2010.0,Subaru,OUTBACK,15,Monday,12
MCP13780066,15025967,Montgomery County Police,Property Damage Crash,2015-05-29 17:40:00,County,GOSHEN RD,GREEN RUN WAY,STRAIGHT MOVEMENT ANGLE,CLEAR,DRY,DAYLIGHT,TRAFFIC SIGNAL,NONE DETECTED,Yes,No Apparent Injury,NOT DISTRACTED,MD,Van,35,1999.0,Niss,QUEST,17,Friday,5
MCP29100029,16023785,Montgomery County Police,Injury Crash,2016-05-13 13:24:00,County,BRIGGS CHANEY RD,RAMP 2 FR BRIGGS CHANEY RD TO US 29 NB,SAME DIR REAR END,RAINING,WET,DAYLIGHT,TRAFFIC SIGNAL,NONE DETECTED,No,Possible Injury,NOT DISTRACTED,MD,Passenger Car,30,2016.0,Kia,SPORTAGE,13,Friday,5
MCP1233004D,220010371,Montgomery County Police,Property Damage Crash,2022-03-10 15:18:00,County,JONES MILL RD,FORSYTHE AVE,STRAIGHT MOVEMENT ANGLE,CLOUDY,DRY,DAYLIGHT,STOP SIGN,NONE DETECTED,Yes,No Apparent Injury,NOT DISTRACTED,MD,Passenger Car,25,2012.0,Hond,CRV,15,Thursday,3
MCP3227004K,230029217,Montgomery County Police,Injury Crash,2023-06-17 21:12:00,Maryland (State),PINEY BRANCH RD,BARRON ST,STRAIGHT MOVEMENT ANGLE,CLEAR,DRY,DARK LIGHTS ON,TRAFFIC SIGNAL,NONE DETECTED,Yes,Suspected Minor Injury,UNKNOWN,MD,Passenger Car,35,2019.0,Hyundai,TUCSON,21,Saturday,6
DM83380006,15034008,TAKOMA,Injury Crash,2015-07-11 08:38:00,Maryland (State),PHILADELPHIA AVE,HOLLY AVE,ANGLE MEETS LEFT HEAD ON,RAINING,WET,DAYLIGHT,STOP SIGN,Unknown,Yes,Suspected Minor Injury,LOOKED BUT DID NOT SEE,MA,Passenger Car,25,2003.0,Toyota,CAMRY,8,Saturday,7
MCP2934002J,170501917,Montgomery County Police,Property Damage Crash,2017-04-13 13:03:00,Maryland (State),ROCKVILLE PIKE,TUCKERMAN LA,SAME DIR REAR END,CLEAR,DRY,DAYLIGHT,TRAFFIC SIGNAL,NONE DETECTED,No,No Apparent Injury,NOT DISTRACTED,MD,Passenger Car,40,2012.0,Cheverolet,SONIC,13,Thursday,4
MCP2203003Z,190031861,Montgomery County Police,Property Damage Crash,2019-07-04 12:30:00,Unknown,Unknown,Unknown,SAME DIRECTION SIDESWIPE,CLOUDY,Unknown,DAYLIGHT,Unknown,NONE DETECTED,Yes,No Apparent Injury,UNKNOWN,MD,Passenger Car,25,2017.0,Hyun,ACCENT,12,Thursday,7
MCP32090016,200023501,Montgomery County Police,Property Damage Crash,2020-06-15 17:18:00,Maryland (State),PINEY BRANCH RD,SLIGO CREEK PKWY,SAME DIR REAR END,CLEAR,DRY,DAYLIGHT,TRAFFIC SIGNAL,NONE DETECTED,Yes,No Apparent Injury,OTHER CELLULAR PHONE RELATED,MD,Pickup Truck,35,2007.0,Ford,RANGER,17,Monday,6
MCP2837005K,230053401,Montgomery County Police,Property Damage Crash,2023-09-06 09:48:00,County,TRAVILAH RD,TRAVILAH TERR,OTHER,Unknown,DRY,DAYLIGHT,NO CONTROLS,Unknown,No,No Apparent Injury,NOT DISTRACTED,MD,Passenger Car,30,2013.0,Audi,2S,9,Wednesday,9
DD56470029,220040686,Rockville Police Departme,Injury Crash,2022-09-19 09:25:00,Maryland (State),FALLS RD,WOOTTON PKWY,SAME DIR REAR END,CLEAR,DRY,DAYLIGHT,TRAFFIC SIGNAL,Unknown,No,Possible Injury,NOT DISTRACTED,MD,Passenger Car,35,2010.0,Honda,4S,9,Monday,9
DM8522001P,240015037,TAKOMA,Property Damage Crash,2024-03-31 11:15:00,Unknown,Unknown,Unknown,Rear To Side,Clear,Unknown,Daylight,Unknown,"Not Suspect of Alcohol Use, Not Suspect of Drug Use",Yes,No Apparent Injury,Unknown,Unknown,Passenger Car,0,2007.0,Infiniti,G35,11,Sunday,3
EJ77810009,15026399,Gaithersburg Police Depar,Injury Crash,2015-06-01 09:42:00,Municipality,S SUMMIT AVE,OLDE TOWNE AVE,HEAD ON LEFT TURN,CLEAR,DRY,DAYLIGHT,STOP SIGN,NONE DETECTED,Yes,No Apparent Injury,NOT DISTRACTED,MD,Passenger Car,25,2005.0,Lexus,ES330,9,Monday,6
MCP2330003V,220054948,Montgomery County Police,Property Damage Crash,2022-12-12 13:38:00,Maryland (State),GEORGIA AVE,REEDIE DR,SAME DIRECTION SIDESWIPE,CLEAR,DRY,DAYLIGHT,TRAFFIC SIGNAL,NONE DETECTED,Yes,No Apparent Injury,NOT DISTRACTED,MD,Passenger Car,25,2021.0,Toyota,CAMRY,13,Monday,12
MCP229800LX,180061728,Montgomery County Police,Injury Crash,2018-12-10 17:09:00,Maryland (State),LAYTONSVILLE RD,GRIFFITH RD,SAME DIR REAR END,CLEAR,DRY,DARK NO LIGHTS,NO CONTROLS,NONE DETECTED,No,No Apparent Injury,NOT DISTRACTED,MD,Passenger Car,40,2010.0,Honda,CRV,17,Monday,12