Report Number,Local Case Number,Agency Name,ACRS Report Type,Crash Date/Time,Route Type,Road Name,Cross-Street Name,Collision Type,Weather,Surface Condition,Light,Traffic Control,Driver Substance Abuse,Driver At Fault,Injury Severity,Driver Distracted By,Drivers License State,Vehicle Body Type,Speed Limit,Vehicle Year,Vehicle Make,Vehicle Model,Crash Hour,Crash Day,Crash Month
MCP3068002D,190023368,Montgomery County Police,Property Damage Crash,2019-05-17 16:41:00,Interstate (State),CAPITAL BELTWAY,RAMP 4 FR IS 495 NB TO CLARA BARTON PKWY,SAME DIR REAR END,CLEAR,DRY,DAYLIGHT,NO CONTROLS,Unknown,No,No Apparent Injury,NOT DISTRACTED,MD,Passenger Car,55,2012.0,Ford,EXPLORER,16,Friday,5
EJ7878004G,220022535,Gaithersburg Police Depar,Injury Crash,2022-05-26 16:15:00,Maryland (State),GREAT SENECA HWY,SPUR TO SAM EIG HWY,SAME DIR REAR END,RAINING,WET,DAYLIGHT,NO CONTROLS,MEDICATION PRESENT,Yes,Possible Injury,LOOKED BUT DID NOT SEE,MD,Passenger Car,50,2014.0,Mazd,TK,16,Thursday,5
MCP31260032,220013444,Montgomery County Police,Property Damage Crash,2022-03-29 19:00:00,Interstate (State),EISENHOWER MEMORIAL HWY,EXIT #18,SAME DIR REAR END,CLEAR,DRY,DAYLIGHT,NO CONTROLS,NONE DETECTED,No,No Apparent Injury,NOT DISTRACTED,MD,Passenger Car,55,2020.0,Audi,Q3,19,Tuesday,3
MCP3121003D,200029869,Montgomery County Police,Property Damage Crash,2020-08-01 15:43:00,Unknown,Unknown,Unknown,STRAIGHT MOVEMENT ANGLE,CLEAR,Unknown,DAYLIGHT,NO CONTROLS,NONE DETECTED,Yes,No Apparent Injury,LOOKED BUT DID NOT SEE,MD,Passenger Car,15,2017.0,Honda,ACCORD,15,Saturday,8
MCP25980032,190043825,Montgomery County Police,Property Damage Crash,2019-09-13 08:50:00,Unknown,SNOWDEN FARM PARKWAY,WINDING WOODS WAY,STRAIGHT MOVEMENT ANGLE,CLOUDY,DRY,DAYLIGHT,YIELD SIGN,NONE DETECTED,Yes,No Apparent Injury,NOT DISTRACTED,MD,Passenger Car,40,2015.0,Honda,ODYSSEY,8,Friday,9
MCP243600C5,210009660,Montgomery County Police,Property Damage Crash,2021-03-15 09:45:00,Unknown,Unknown,Unknown,SINGLE VEHICLE,CLEAR,Unknown,DAYLIGHT,Unknown,NONE DETECTED,Yes,No Apparent Injury,OTHER CELLULAR PHONE RELATED,MD,Passenger Car,0,2010.0,Subaru,FORESTER,9,Monday,3
MCP3446000M,250033015,MONTGOMERY,Injury Crash,2025-07-24 13:30:00,Maryland (State) Route,UNIVERSITY BLVD W,Unknown,Single Vehicle,Clear,Dry,Daylight,No Controls,"Not Suspect of Alcohol Use, Not Suspect of Drug Use",No,No Apparent Injury,Not Distracted,MD,Passenger Car,30,2012.0,Toyota,PRIUS V,13,Thursday,7
MCP2962005P,210026527,Montgomery County Police,Injury Crash,2021-07-10 11:06:00,Maryland (State),CLOPPER RD,ALLSPICE RD,SAME DIR REAR END,CLEAR,DRY,DAYLIGHT,NO CONTROLS,NONE DETECTED,No,Possible Injury,NOT DISTRACTED,MD,Pickup Truck,35,2002.0,Toyt,TK,11,Saturday,7
MCP10640055,16062413,Montgomery County Police,Property Damage Crash,2016-12-05 11:52:00,Maryland (State),PINEY BRANCH RD,FLOWER AVE,SAME DIRECTION SIDESWIPE,CLEAR,WET,DAYLIGHT,Unknown,Unknown,No,No Apparent Injury,UNKNOWN,MD,Passenger Car,30,2011.0,Toyt,4S CAMRY,11,Monday,12
MCP2837001G,170510273,Montgomery County Police,Property Damage Crash,2017-05-27 19:06:00,Maryland (State),FREDERICK RD,REDLAND BLVD,HEAD ON LEFT TURN,CLOUDY,DRY,Unknown,TRAFFIC SIGNAL,NONE DETECTED,Unknown,No Apparent Injury,NOT DISTRACTED,MD,Passenger Car,40,1999.0,Mazd,CN,19,Saturday,5
EJ7888001P,220000760,Gaithersburg Police Depar,Injury Crash,2022-01-07 10:30:00,Unknown,Unknown,Unknown,STRAIGHT MOVEMENT ANGLE,SNOW,Unknown,DAYLIGHT,NO CONTROLS,NONE DETECTED,Yes,No Apparent Injury,LOOKED BUT DID NOT SEE,MD,Passenger Car,10,2006.0,Niss,TK,10,Friday,1
MCP2251002R,250008002,MONTGOMERY,Property Damage Crash,2025-02-23 14:20:00,Maryland (State) Route,Unknown,MONTROSE RD MONTROSE RD (WB/L),Front to Front,Clear,Dry,Daylight,Traffic Control Signal,"Not Suspect of Alcohol Use, Not Suspect of Drug Use",No,No Apparent Injury,Not Distracted,VA,Passenger Car,35,2017.0,Honda,ACCORD,14,Sunday,2
MCP3125000V,180036184,Montgomery County Police,Property Damage Crash,2018-07-21 18:40:00,Municipality,ALDERWOOD DR,DARNESTOWN RD,SINGLE VEHICLE,RAINING,WET,DAYLIGHT,Unknown,Unknown,Yes,No Apparent Injury,NOT DISTRACTED,MD,Passenger Car,25,2013.0,Ford,FUSION,18,Saturday,7
MCP2231006K,220017489,Montgomery County Police,Injury Crash,2022-04-24 08:17:00,Maryland (State),QUINCE ORCHARD RD,SPUR TO MD 117,SAME DIR REAR END,CLOUDY,DRY,DAYLIGHT,YIELD SIGN,NONE DETECTED,No,Possible Injury,NOT DISTRACTED,MD,Passenger Car,35,1999.0,Toyota,COROLLA,8,Sunday,4
MCP1564005D,210024371,Montgomery County Police,Injury Crash,2021-06-25 14:00:00,Maryland (State),GEORGIA AVE,EMORY CHURCH RD,HEAD ON LEFT TURN,CLEAR,DRY,DAYLIGHT,TRAFFIC SIGNAL,NONE DETECTED,Yes,No Apparent Injury,LOOKED BUT DID NOT SEE,MD,Passenger Car,45,2010.0,Toyt,HIGHLANDER,14,Friday,6
MCP3170004B,250036325,MONTGOMERY,Property Damage Crash,2025-08-14 16:41:00,Maryland (State) Route,Unknown,KINGSVIEW RD,Front to Rear,Rain,Wet,Daylight,Traffic Control Signal,"Not Suspect of Alcohol Use, Not Suspect of Drug Use",No,No Apparent Injury,Not Distracted,MD,Passenger Car,30,2024.0,Audi,Q3,16,Thursday,8
MCP22960001,250025195,MONTGOMERY,Injury Crash,2025-06-19 05:55:00,Unknown,Unknown,Unknown,Single Vehicle,Clear,Unknown,Dawn,Unknown,"Not Suspect of Alcohol Use, Not Suspect of Drug Use",Yes,Suspected Minor Injury,Unknown,MD,Passenger Car,0,2009.0,Toyota,CAMRY,5,Thursday,6
MCP21070054,240019072,MONTGOMERY,Injury Crash,2024-04-24 09:00:00,County Route,ANNAPOLIS ROCK RD,DAMASCUS RD,Front to Rear,Clear,Dry,Daylight,No Controls,"Not Suspect of Alcohol Use, Not Suspect of Drug Use",Yes,Possible Injury,Unknown,MD,Passenger Car,50,2013.0,Chevrolet,CORVETTE,9,Wednesday,4
MCP1205008R,230002605,Montgomery County Police,Injury Crash,2023-01-17 08:35:00,Maryland (State),CONNECTICUT AVE,RAMP 5 FR MD 185 SB TO IS 495 EB,SAME DIRECTION SIDESWIPE,RAINING,WET,DAYLIGHT,NO CONTROLS,NONE DETECTED,No,No Apparent Injury,NOT DISTRACTED,MD,Passenger Car,30,2010.0,Honda,CIVIC,8,Tuesday,1
MCP9432003C,220056416,Montgomery County Police,Property Damage Crash,2022-12-20 13:30:00,US (State),COLESVILLE RD,NOYES DR,SAME DIR REAR END,CLEAR,DRY,DAYLIGHT,TRAFFIC SIGNAL,NONE DETECTED,No,No Apparent Injury,NOT DISTRACTED,MD,Passenger Car,35,2012.0,Toyota,PRIUS,13,Tuesday,12
MCP3115006V,230057260,Montgomery County Police,Property Damage Crash,2023-09-28 10:00:00,County,AUTOMOBILE BLVD,AUTOMOBILE BLVD,STRAIGHT MOVEMENT ANGLE,CLEAR,DRY,DAYLIGHT,STOP SIGN,Unknown,No,No Apparent Injury,NOT DISTRACTED,MD,Passenger Car,25,2013.0,Dodge,AVENGER,10,Thursday,9
MCP1233003L,200003838,Montgomery County Police,Property Damage Crash,2020-01-23 17:21:00,Maryland (State),CONNECTICUT AVE,RAYMOND ST,SAME DIR REAR END,CLOUDY,DRY,DARK LIGHTS ON,TRAFFIC SIGNAL,NONE DETECTED,No,No Apparent Injury,NOT DISTRACTED,MD,Transit Bus,35,2009.0,Gill,BUS,17,Thursday,1
MCP0833000F,16046089,Montgomery County Police,Injury Crash,2016-09-08 22:05:00,Maryland (State),GEORGIA AVE,MORNINGWOOD DR,HEAD ON LEFT TURN,CLEAR,DRY,DARK LIGHTS ON,TRAFFIC SIGNAL,NONE DETECTED,Yes,Suspected Minor Injury,NOT DISTRACTED,MD,Passenger Car,30,2013.0,Hyundai,SONATA,22,Thursday,9
HA2424000D,18000619,Maryland-National Capital,Property Damage Crash,2018-05-26 12:17:00,Unknown,Unknown,Unknown,SINGLE VEHICLE,CLEAR,Unknown,DAYLIGHT,Unknown,NONE DETECTED,No,No Apparent Injury,OTHER DISTRACTION,MD,Passenger Car,5,2008.0,Merz,TK,12,Saturday,5
DD559500GK,250051004,ROCKVILLE,Property Damage Crash,2025-11-13 15:29:00,Municipality Route,MANNAKEE ST,S CAMPUS DR,Other,Clear,Dry,Daylight,Stop Sign,"Not Suspect of Alcohol Use, Not Suspect of Drug Use",No,No Apparent Injury,Unknown,MD,Passenger Car,25,2013.0,Chrysler,300,15,Thursday,11
MCP9392000C,16003083,Montgomery County Police,Property Damage Crash,2016-01-16 22:55:00,County,LOCBURY DR,CLUB HILL DR,SAME DIR REAR END,CLEAR,DRY,DARK LIGHTS ON,STOP SIGN,ALCOHOL PRESENT,Yes,No Apparent Injury,NOT DISTRACTED,MD,Passenger Car,30,2011.0,Ford,FOCUS,22,Saturday,1
DD5527003M,210039880,Rockville Police Departme,Injury Crash,2021-10-06 17:20:00,Municipality,WOOTTON PKWY,PRESERVE PKWY,HEAD ON LEFT TURN,CLOUDY,DRY,DAYLIGHT,TRAFFIC SIGNAL,NONE DETECTED,No,Possible Injury,NOT DISTRACTED,MD,Passenger Car,40,2011.0,Toyota,CAMRY,17,Wednesday,10
DD56480031,240018915,ROCKVILLE,Injury Crash,2024-04-23 10:50:00,Municipality Route,WOOTTON PKWY,FLEET ST (EB/L),Angle,Clear,Dry,Daylight,No Controls,"Not Suspect of Alcohol Use, Not Suspect of Drug Use",No,Possible Injury,Not Distracted,MD,Passenger Car,30,2013.0,Nissan,ALTIMA,10,Tuesday,4
EJ7747001T,16025748,Gaithersburg Police Depar,Property Damage Crash,2016-05-24 08:18:00,Maryland (State),QUINCE ORCHARD RD,BANK ST,SAME DIR REAR END,CLEAR,DRY,DAYLIGHT,NO CONTROLS,NONE DETECTED,No,No Apparent Injury,NOT DISTRACTED,MD,Passenger Car,40,2002.0,Suba,STATION WGN.,8,Tuesday,5
EJ7869001K,180017097,Gaithersburg Police Depar,Injury Crash,2018-04-08 21:00:00,Maryland (State),S FREDERICK RD,N WESTLAND DR,SAME DIR REAR END,CLEAR,DRY,DARK LIGHTS ON,NO CONTROLS,NONE DETECTED,No,Possible Injury,NOT DISTRACTED,MD,Passenger Car,35,2011.0,Toyt,VN,21,Sunday,4
MCP2910002B,16025091,Montgomery County Police,Injury Crash,2016-05-20 14:09:00,Unknown,Unknown,Unknown,STRAIGHT MOVEMENT ANGLE,CLEAR,Unknown,DAYLIGHT,NO CONTROLS,NONE DETECTED,Yes,No Apparent Injury,NOT DISTRACTED,MD,Passenger Car,0,2014.0,Jeep,CHEROKEE,14,Friday,5
MCP1121001Z,17011660,Montgomery County Police,Injury Crash,2017-03-05 14:56:00,Maryland (State),CLOPPER RD,FIRSTFIELD RD,SAME DIR REAR END,CLEAR,DRY,DAYLIGHT,NO CONTROLS,NONE DETECTED,No,No Apparent Injury,NOT DISTRACTED,MD,Passenger Car,35,2015.0,Bmw,4S,14,Sunday,3
EJ78510033,170544502,Gaithersburg Police Depar,Injury Crash,2017-11-23 10:00:00,Maryland (State),QUINCE ORCHARD RD,W DIAMOND AVE,SAME DIR REAR END,CLEAR,DRY,DAYLIGHT,NO CONTROLS,NONE DETECTED,Yes,No Apparent Injury,ADJUSTING AUDIO AND OR CLIMATE CONTROLS,MD,Passenger Car,30,2007.0,Chevy,MALIBU,10,Thursday,11
MCP276700B8,230024962,Montgomery County Police,Property Damage Crash,2023-05-24 18:38:00,County,FENTON ST,SILVER SPRING AVE,STRAIGHT MOVEMENT ANGLE,CLEAR,DRY,DAYLIGHT,NO CONTROLS,UNKNOWN,Yes,No Apparent Injury,UNKNOWN,Unknown,Passenger Car,35,2012.0,Infiniti,G37,18,Wednesday,5
MCP242500FQ,190058468,Montgomery County Police,Property Damage Crash,2019-12-04 17:01:00,US (State),COLUMBIA PIKE,INDUSTRIAL PKWY,SAME DIR REAR END,CLOUDY,DRY,DARK LIGHTS ON,TRAFFIC SIGNAL,NONE DETECTED,Yes,No Apparent Injury,UNKNOWN,MD,Passenger Car,45,2012.0,Bmw,528I,17,Wednesday,12
MCP1472001H,190028534,Montgomery County Police,Property Damage Crash,2019-06-14 22:30:00,Ramp,RAMP 4 FR IS 270 NB TO RIDGE RD EB,RIDGE RD,SINGLE VEHICLE,CLEAR,DRY,DARK LIGHTS ON,NO CONTROLS,ALCOHOL CONTRIBUTED,Yes,No Apparent Injury,NOT DISTRACTED,MD,Passenger Car,40,2015.0,Volk,JETTA CC 4D,22,Friday,6
MCP29690062,190005898,Montgomery County Police,Injury Crash,2019-02-06 13:55:00,Maryland (State),SPENCERVILLE RD,PEACH ORCHARD RD,HEAD ON,CLEAR,DRY,DAYLIGHT,NO CONTROLS,NONE DETECTED,Yes,Suspected Serious Injury,UNKNOWN,MD,Passenger Car,45,2003.0,Lexus,ES330,13,Wednesday,2
MCP156300B8,250010307,MONTGOMERY,Property Damage Crash,2025-03-09 12:30:00,Other Public Roadway,PITTMAN DR,BROOKVILLE RD,Single Vehicle,Clear,Dry,Daylight,No Controls,"Unknown, Unknown",No,No Apparent Injury,Unknown,Unknown,Passenger Car,35,2019.0,Kia,FORTE,12,Sunday,3
MCP32670008,200034767,Montgomery County Police,Property Damage Crash,2020-09-05 08:46:00,County,E GUDE DR,CALHOUN DR,SAME DIR REAR END,CLEAR,Unknown,DAYLIGHT,TRAFFIC SIGNAL,NONE DETECTED,No,No Apparent Injury,NOT DISTRACTED,MD,Passenger Car,35,2002.0,Toyota,CN,8,Saturday,9
MCP27820024,170539738,Montgomery County Police,Injury Crash,2017-10-30 08:24:00,Maryland (State),CONNECTICUT AVE,DEAN RD,SAME DIRECTION SIDESWIPE,CLEAR,DRY,DAYLIGHT,NO CONTROLS,NONE DETECTED,No,Possible Injury,NOT DISTRACTED,MD,(Sport) Utility Vehicle,45,2004.0,Toyota,SEQUOIA,8,Monday,10
EJ7878000D,190046255,Gaithersburg Police Depar,Injury Crash,2019-09-26 21:20:00,County,LOST KNIFE RD,CONTOUR RD,STRAIGHT MOVEMENT ANGLE,CLEAR,DRY,DARK LIGHTS ON,STOP SIGN,Unknown,No,No Apparent Injury,NOT DISTRACTED,MD,Van,30,2006.0,Chev,EXPRESS,21,Thursday,9
MCP31260033,220014704,Montgomery County Police,Property Damage Crash,2022-04-06 18:54:00,Maryland (State),CLARKSBURG RD,FREDERICK RD,STRAIGHT MOVEMENT ANGLE,CLEAR,DRY,DAYLIGHT,TRAFFIC SIGNAL,UNKNOWN,Yes,No Apparent Injury,UNKNOWN,MD,Van,40,2021.0,Nissan,NV,18,Wednesday,4
MCP29740015,16054358,Montgomery County Police,Injury Crash,2016-10-22 02:00:00,County,SLIGO AVE,FENTON ST,STRAIGHT MOVEMENT ANGLE,CLEAR,DRY,DARK LIGHTS ON,FLASHING TRAFFIC SIGNAL,NONE DETECTED,Yes,No Apparent Injury,LOOKED BUT DID NOT SEE,MD,Passenger Car,30,2011.0,Jeep,TK,2,Saturday,10
MCP263900CV,210037426,Montgomery County Police,Property Damage Crash,2021-09-22 11:35:00,Maryland (State),WOODFIELD RD,WARFIELD RD,SAME DIR REAR END,RAINING,WET,DAYLIGHT,TRAFFIC SIGNAL,NONE DETECTED,No,No Apparent Injury,NOT DISTRACTED,MD,(Sport) Utility Vehicle,30,2006.0,Toyota,RAV4,11,Wednesday,9
EJ7884003X,220005750,Gaithersburg Police Depar,Property Damage Crash,2022-02-09 21:12:00,Municipality,QUINCE ORCHARD BLVD,RABBITT RD,SAME DIR REAR END,CLEAR,DRY,DARK LIGHTS ON,NO CONTROLS,Unknown,Yes,No Apparent Injury,UNKNOWN,Unknown,Passenger Car,25,2003.0,Chevy,SUBURBAN,21,Wednesday,2
MCP20080059,180034872,Montgomery County Police,Property Damage Crash,2018-07-14 17:18:00,Maryland (State),WISCONSIN AVE,EAST WEST HWY (W/B COUPLET),OTHER,CLEAR,DRY,DAYLIGHT,TRAFFIC SIGNAL,NONE DETECTED,No,No Apparent Injury,NOT DISTRACTED,MD,Police Vehicle/Non Emergency,25,2018.0,Ford,4S,17,Saturday,7
MCP32990011,210044008,Montgomery County Police,Injury Crash,2021-10-31 22:03:00,Maryland (State),VEIRS MILL RD,CLARIDGE RD,SAME DIR REAR END,CLEAR,DRY,DUSK,NO CONTROLS,NONE DETECTED,No,No Apparent Injury,NOT DISTRACTED,MD,Passenger Car,35,2014.0,Ford,4S,22,Sunday,10
MCP24730007,17004117,Montgomery County Police,Injury Crash,2017-01-24 11:29:00,County,MUSGROVE RD,OLD COLUMBIA PIKE,STRAIGHT MOVEMENT ANGLE,CLOUDY,WET,DAYLIGHT,STOP SIGN,NONE DETECTED,Yes,No Apparent Injury,NOT DISTRACTED,MD,Passenger Car,35,2006.0,Lexus,RX 400,11,Tuesday,1
DD56160014,16037128,Rockville Police Departme,Property Damage Crash,2016-07-22 12:03:00,Maryland (State),FIRST ST,VEIRS MILL RD,SAME DIR REAR END,CLEAR,DRY,DAYLIGHT,YIELD SIGN,NONE DETECTED,Yes,No Apparent Injury,NOT DISTRACTED,MD,Passenger Car,40,2008.0,Hond,SU,12,Friday,7
MCP21810016,16056199,Montgomery County Police,Injury Crash,2016-11-01 07:37:00,Maryland (State),RIVER RD,TRAVILAH RD,SAME DIR REND LEFT TURN,CLOUDY,DRY,DAWN,NO CONTROLS,Unknown,No,Possible Injury,NOT DISTRACTED,MD,Passenger Car,50,2010.0,Bmw,328,7,Tuesday,11
MCP2401001X,230073067,Montgomery County Police,Injury Crash,2023-12-22 05:00:00,County,RANDOLPH RD,PARKLAWN DR,STRAIGHT MOVEMENT ANGLE,CLEAR,DRY,DARK LIGHTS ON,TRAFFIC SIGNAL,NONE DETECTED,Unknown,Possible Injury,UNKNOWN,MD,Passenger Car,35,2011.0,Nissan,ALTIMA,5,Friday,12
EJ785600BQ,220047570,Gaithersburg Police Depar,Property Damage Crash,2022-10-29 18:50:00,Unknown,Unknown,Unknown,OTHER,CLEAR,Unknown,DUSK,Unknown,Unknown,No,No Apparent Injury,NOT DISTRACTED,VA,Passenger Car,15,2003.0,Mercedes,S500,18,Saturday,10
MCP137800N1,180050724,Montgomery County Police,Property Damage Crash,2018-10-10 15:24:00,Maryland (State),QUINCE ORCHARD RD,QUINCE ORCHARD BLVD,STRAIGHT MOVEMENT ANGLE,CLOUDY,DRY,DAYLIGHT,TRAFFIC SIGNAL,NONE DETECTED,No,No Apparent Injury,NOT DISTRACTED,MD,Passenger Car,40,2010.0,Toyota,COROLLA,15,Wednesday,10
MCP32260017,210014762,Montgomery County Police,Property Damage Crash,2021-04-20 16:30:00,County,RANDOLPH RD,NEW HAMPSHIRE AVE,SAME DIRECTION SIDESWIPE,CLEAR,DRY,DAYLIGHT,TRAFFIC SIGNAL,NONE DETECTED,No,No Apparent Injury,NOT DISTRACTED,MD,Passenger Car,40,2013.0,Toyota,CAMRY,16,Tuesday,4
MCP32080033,220022759,Montgomery County Police,Property Damage Crash,2022-05-27 21:17:00,County,OAKVIEW DR,NEW HAMPSHIRE AVE,SAME DIRECTION SIDESWIPE,RAINING,WET,DARK LIGHTS ON,TRAFFIC SIGNAL,UNKNOWN,Yes,No Apparent Injury,UNKNOWN,Unknown,Passenger Car,30,2017.0,Toyota,CAMRY,21,Friday,5
MCP3168004H,220035557,Montgomery County Police,Injury Crash,2022-08-17 20:51:00,County,RANDOLPH RD,PARKLAWN DR,HEAD ON LEFT TURN,CLEAR,DRY,DARK LIGHTS ON,TRAFFIC SIGNAL,NONE DETECTED,No,Possible Injury,NOT DISTRACTED,MD,Passenger Car,35,2015.0,Nissan,VERSA,20,Wednesday,8
MCP30050056,200037843,Montgomery County Police,Property Damage Crash,2020-09-26 11:20:00,Maryland (State),GEORGIA AVE,GEORGIAN WOODS PL,SAME DIRECTION SIDESWIPE,Unknown,DRY,DAYLIGHT,NO CONTROLS,UNKNOWN,Unknown,No Apparent Injury,UNKNOWN,MD,Passenger Car,35,2010.0,Mitsubishi,4D,11,Saturday,9
DM8374000V,16046906,Takoma Park Police Depart,Injury Crash,2016-09-13 11:30:00,Government,SLIGO CREEK PKWY,NEW HAMPSHIRE AVE,SAME DIR REND RIGHT TURN,CLEAR,DRY,DAYLIGHT,TRAFFIC SIGNAL,Unknown,Unknown,No Apparent Injury,NOT DISTRACTED,MD,(Sport) Utility Vehicle,5,2006.0,Range Rover,SPORT HSE,11,Tuesday,9
MCP0613000Q,180002825,Montgomery County Police,Injury Crash,2018-01-18 08:48:00,Maryland (State),OLNEY LAYTONSVILLE RD,QUEEN ELIZABETH DR,STRAIGHT MOVEMENT ANGLE,Unknown,DRY,DAYLIGHT,TRAFFIC SIGNAL,NONE DETECTED,No,Suspected Minor Injury,NOT DISTRACTED,MD,Passenger Car,40,2015.0,Chevy,MALIBU,8,Thursday,1
DM83880038,190054069,Takoma Park Police Depart,Property Damage Crash,2019-11-09 17:20:00,Maryland (State),NEW HAMPSHIRE AVE,HOLTON LA,SAME DIR REAR END,CLEAR,DRY,DARK LIGHTS ON,NO CONTROLS,UNKNOWN,Yes,No Apparent Injury,UNKNOWN,Unknown,(Sport) Utility Vehicle,35,2017.0,Dodge,JOURNEY,17,Saturday,11
MCP2987009W,250047315,MONTGOMERY,Injury Crash,2025-10-21 14:42:00,Ramp,RAMP 7 FR RP 2 (FR MD200 WB) TO US 29 SB,COLUMBIA PIKE (SB/L),Front to Rear,Clear,Dry,Daylight,Traffic Control Signal,"Not Suspect of Alcohol Use, Not Suspect of Drug Use",No,Possible Injury,Not Distracted,PA,Passenger Car,50,2022.0,Hyundai,TUCSON,14,Tuesday,10
MCP3040008F,250040424,MONTGOMERY,Injury Crash,2025-09-09 09:30:00,Maryland (State) Route,GEORGIA AVE,Unknown,Angle,Clear,Dry,Daylight,No Controls,"Not Suspect of Alcohol Use, Not Suspect of Drug Use",Yes,No Apparent Injury,Not Distracted,MD,Passenger Car,30,2019.0,Cadillac,CT6,9,Tuesday,9
MCP1342001L,170521206,Montgomery County Police,Injury Crash,2017-07-26 08:03:00,Maryland (State),FALLS RD,ELDWICK WAY,ANGLE MEETS RIGHT TURN,CLEAR,DRY,DAYLIGHT,STOP SIGN,NONE DETECTED,No,Suspected Minor Injury,NOT DISTRACTED,MD,(Sport) Utility Vehicle,35,1999.0,Merz,ML320,8,Wednesday,7
DD56330032,200001687,Rockville Police Departme,Property Damage Crash,2020-01-10 14:00:00,Maryland (State),VEIRS MILL RD,TWINBROOK PKWY,STRAIGHT MOVEMENT ANGLE,CLEAR,DRY,DAYLIGHT,TRAFFIC SIGNAL,NONE DETECTED,Unknown,No Apparent Injury,NOT DISTRACTED,VA,Passenger Car,35,2017.0,Mercedes Benz,GLA250,14,Friday,1
MCP3362006H,250045020,MONTGOMERY,Injury Crash,2025-10-07 08:29:00,County Route,FAIRLAND RD,Unknown,Front to Front,Clear,Dry,Daylight,No Controls,"Not Suspect of Alcohol Use, Not Suspect of Drug Use",No,No Apparent Injury,"Other Action (looking away from task, etc.)",MD,Passenger Car,35,2012.0,Honda,FIT,8,Tuesday,10
MCP2878002R,170507258,Montgomery County Police,Property Damage Crash,2017-05-11 19:43:00,County,GRAND ELM ST,SNOWDEN FARM PKWY,STRAIGHT MOVEMENT ANGLE,RAINING,WET,DAYLIGHT,NO CONTROLS,UNKNOWN,Yes,No Apparent Injury,UNKNOWN,MD,Passenger Car,25,2000.0,Toyota,COROLLA,19,Thursday,5
MCP3168001H,190052495,Montgomery County Police,Injury Crash,2019-10-31 18:36:00,Maryland (State),DARNESTOWN RD,DUFIEF DR,SAME DIR REAR END,CLEAR,DRY,DARK NO LIGHTS,NO CONTROLS,NONE DETECTED,Yes,Possible Injury,LOOKED BUT DID NOT SEE,MD,Passenger Car,40,2005.0,Merz,4S,18,Thursday,10
MCP2617004L,170543256,Montgomery County Police,Property Damage Crash,2017-11-16 16:10:00,Maryland (State),VEIRS MILL RD,RANDOLPH RD,SAME DIRECTION RIGHT TURN,CLEAR,DRY,DARK LIGHTS ON,NO CONTROLS,NONE DETECTED,No,No Apparent Injury,NOT DISTRACTED,MD,Transit Bus,35,2013.0,New Flyer,XDE,16,Thursday,11
DD5651000P,210040250,Rockville Police Departme,Injury Crash,2021-10-08 17:50:00,Maryland (State),VEIRS MILL RD,ATLANTIC AVE,SAME DIR REAR END,CLEAR,DRY,DAYLIGHT,NO CONTROLS,NONE DETECTED,No,No Apparent Injury,NOT DISTRACTED,MD,Passenger Car,30,2013.0,Forte,HB,17,Friday,10
MCP308600BS,250016547,MONTGOMERY,Property Damage Crash,2025-04-16 12:50:00,Unknown,Unknown,Unknown,"Sideswipe, Same Direction",Clear,Unknown,Daylight,Unknown,"Not Suspect of Alcohol Use, Not Suspect of Drug Use",Yes,No Apparent Injury,Not Distracted,MD,Pickup,0,2018.0,Chevrolet,SILVERADO,12,Wednesday,4
MCP2059002F,16004237,Montgomery County Police,Property Damage Crash,2016-01-26 14:50:00,Maryland (State),OLD GEORGETOWN RD,RAMP 7 FR RAMP 2 (FR IS270) TO MD 187 SB,STRAIGHT MOVEMENT ANGLE,CLOUDY,WET,DAYLIGHT,TRAFFIC SIGNAL,NONE DETECTED,Unknown,No Apparent Injury,UNKNOWN,MD,Passenger Car,40,2015.0,Toyota,RAV4,14,Tuesday,1
MCP2843002Q,250014183,MONTGOMERY,Property Damage Crash,2025-04-01 15:41:00,Interstate (State),IS 270 LOCAL LANES (NB),Unknown,Front to Rear,Clear,Dry,Daylight,No Controls,"Not Suspect of Alcohol Use, Not Suspect of Drug Use",No,No Apparent Injury,Not Distracted,OH,Passenger Car,55,2018.0,Honda,ACCORD,15,Tuesday,4
MCP1378017Q,240009908,MONTGOMERY,Injury Crash,2024-02-29 15:02:00,County Route,SEMINARY RD,WARREN ST,Angle,Clear,Dry,Daylight,Stop Sign,"Not Suspect of Alcohol Use, Not Suspect of Drug Use",Yes,No Apparent Injury,Not Distracted,MD,Passenger Car,30,2012.0,Honda,ACCORD,15,Thursday,2
MCP28750016,15043777,MONTGOMERY,Property Damage Crash,2015-08-31 17:47:00,Maryland (State),FREDERICK RD,GERMANTOWN RD,SAME DIR REAR END,CLEAR,DRY,DAYLIGHT,NO CONTROLS,NONE DETECTED,No,No Apparent Injury,NOT DISTRACTED,MD,(Sport) Utility Vehicle,45,2015.0,Toyota,RAV4,17,Monday,8
MCP3176000K,190027284,Montgomery County Police,Property Damage Crash,2019-06-08 17:24:00,Maryland (State),COLESVILLE RD,WMATA BUS LOOP,ANGLE MEETS LEFT TURN,CLEAR,DRY,DAYLIGHT,TRAFFIC SIGNAL,NONE DETECTED,Yes,No Apparent Injury,LOOKED BUT DID NOT SEE,MD,Transit Bus,35,2016.0,Gillig,LOW FLOOR,17,Saturday,6
MCP27260098,240012897,MONTGOMERY,Property Damage Crash,2024-03-18 10:55:00,County Route,SHADY GROVE RD (SB/L),RAMP 5 FR IS 270 SB TO SHADY GROVE RD,Rear To Side,Clear,Dry,Daylight,Traffic Control Signal,"Not Suspect of Alcohol Use, Not Suspect of Drug Use",Yes,No Apparent Injury,Not Distracted,MD,Passenger Car,40,2018.0,Chevrolet,MALIBU,10,Monday,3