Report Number,Local Case Number,Agency Name,ACRS Report Type,Crash Date/Time,Route Type,Road Name,Cross-Street Name,Collision Type,Weather,Surface Condition,Light,Traffic Control,Driver Substance Abuse,Driver At Fault,Injury Severity,Driver Distracted By,Drivers License State,Vehicle Body Type,Speed Limit,Vehicle Year,Vehicle Make,Vehicle Model,Crash Hour,Crash Day,Crash Month
MCP23560034,230033638,Montgomery County Police,Property Damage Crash,2023-07-14 20:26:00,County,CHAPMAN AVE,BOU AVE,SAME DIR REAR END,CLEAR,WET,DARK LIGHTS ON,Unknown,ALCOHOL PRESENT,Yes,No Apparent Injury,UNKNOWN,MD,Snowmobile,30,2009.0,Hond,PILOT,20,Friday,7
DD5651005Z,250007645,ROCKVILLE,Property Damage Crash,2025-02-21 07:58:00,Municipality Route,GRANDIN AVE,Unknown,"Sideswipe, Opposite Direction",Clear,Dry,Daylight,No Controls,"Not Suspect of Alcohol Use, Not Suspect of Drug Use",No,No Apparent Injury,Not Distracted,MD,Passenger Car,25,2015.0,Audi,A3,7,Friday,2
MCP2438002N,200041291,Montgomery County Police,Property Damage Crash,2020-10-19 19:03:00,US (State),COLUMBIA PIKE,NO NAME,SAME DIR REAR END,CLEAR,DRY,DARK LIGHTS ON,YIELD SIGN,Unknown,No,No Apparent Injury,NOT DISTRACTED,VA,Passenger Car,50,2012.0,Toyota,CAMRY,19,Monday,10
MCP2339000T,15012759,Montgomery County Police,Property Damage Crash,2015-03-19 17:58:00,Maryland (State),GEORGIA AVE,CHURCH OF CHRIST AT OLNEY,SAME DIR REAR END,CLEAR,DRY,DAYLIGHT,Unknown,NONE DETECTED,No,No Apparent Injury,NOT DISTRACTED,MD,Passenger Car,40,2006.0,Cadillac,CTS,17,Thursday,3
MCP30750012,180011249,Montgomery County Police,Property Damage Crash,2018-03-05 16:34:00,County,MIDDLEBROOK RD,ENT TO MIDDLEBROOK SQ SHOPPING CENTER,OTHER,CLEAR,DRY,DAYLIGHT,Unknown,NONE DETECTED,No,No Apparent Injury,NOT DISTRACTED,MD,Passenger Car,40,2000.0,Cadi,ESCALADE,16,Monday,3
HA24970007,P230590273,Maryland-National Capital,Property Damage Crash,2023-02-28 12:50:00,Government,SLIGO CREEK PKWY,PINEY BRANCH RD,HEAD ON LEFT TURN,CLEAR,DRY,DAYLIGHT,OTHER,NONE DETECTED,Yes,No Apparent Injury,OTHER CELLULAR PHONE RELATED,MD,Van,25,2019.0,Ram,VN,12,Tuesday,2
MCP27670015,15040222,MONTGOMERY,Injury Crash,2015-08-12 17:10:00,Maryland (State),VEIRS MILL RD,GAIL ST,SAME DIR REAR END,CLEAR,DRY,DAYLIGHT,NO CONTROLS,NONE DETECTED,Yes,No Apparent Injury,NOT DISTRACTED,MD,Station Wagon,45,2007.0,Audi,SW,17,Wednesday,8
MCP2181002J,190019317,Montgomery County Police,Injury Crash,2019-04-25 05:37:00,Maryland (State),RIDGE RD,TRALEE TERR,STRAIGHT MOVEMENT ANGLE,CLEAR,DRY,DARK LIGHTS ON,STOP SIGN,Unknown,Yes,No Apparent Injury,NOT DISTRACTED,MD,Passenger Car,40,2016.0,Honda,FIT,5,Thursday,4
DD55950023,15064046,ROCKVILLE,Property Damage Crash,2015-12-23 18:35:00,Municipality,MANNAKEE ST,SMALLWOOD RD,OPPOSITE DIRECTION SIDESWIPE,RAINING,WET,DARK LIGHTS ON,NO CONTROLS,NONE DETECTED,No,No Apparent Injury,NOT DISTRACTED,MD,Pickup Truck,25,2007.0,Volvo,4S,18,Wednesday,12
MCP2714000G,180025768,Montgomery County Police,Injury Crash,2018-05-25 19:10:00,Maryland (State),GEORGIA AVE,WELLER RD,STRAIGHT MOVEMENT ANGLE,CLEAR,DRY,DAYLIGHT,NO CONTROLS,Unknown,Yes,No Apparent Injury,LOOKED BUT DID NOT SEE,MD,Other,30,2013.0,Toyt,HIGHLANDER,19,Friday,5
MCP0685002R,17000363,Montgomery County Police,Injury Crash,2017-01-03 09:44:00,County,CRABBS BRANCH WAY,MOCCASIN LA,ANGLE MEETS LEFT TURN,RAINING,WET,DAYLIGHT,NO CONTROLS,NONE DETECTED,No,Possible Injury,NOT DISTRACTED,MD,Passenger Car,35,2011.0,Toyota,CAMRY,9,Tuesday,1
DD56350019,190033469,Rockville Police Departme,Property Damage Crash,2019-07-14 14:55:00,Municipality,N WASHINGTON ST,W MIDDLE LA,OTHER,CLEAR,DRY,DAYLIGHT,TRAFFIC SIGNAL,NONE DETECTED,Yes,No Apparent Injury,UNKNOWN,MD,Passenger Car,25,2009.0,Toyt,4S,14,Sunday,7
MCP93860054,170544269,Montgomery County Police,Property Damage Crash,2017-11-22 09:00:00,County,ROBISON RD,HONEYBEE LA,SINGLE VEHICLE,CLEAR,DRY,DAYLIGHT,NO CONTROLS,NONE DETECTED,Yes,No Apparent Injury,UNKNOWN,MD,School Bus,25,2013.0,Thomas,BUS,9,Wednesday,11
MCP3060004J,240006584,MONTGOMERY,Property Damage Crash,2024-02-09 18:33:00,Unknown,Unknown,Unknown,Front to Front,Clear,Unknown,Dark - Lighted,Unknown,"Unknown, Unknown",No,No Apparent Injury,Unknown,Unknown,Passenger Car,0,2011.0,Chevrolet,IMPALA,18,Friday,2
MCP2952002Q,16061181,Montgomery County Police,Property Damage Crash,2016-11-29 09:10:00,Unknown,Unknown,Unknown,SINGLE VEHICLE,RAINING,Unknown,DAYLIGHT,OTHER,NONE DETECTED,Yes,No Apparent Injury,NOT DISTRACTED,MD,Passenger Car,30,2001.0,Toyota,CAMRY,9,Tuesday,11
MCP2910002Z,16062606,Montgomery County Police,Property Damage Crash,2016-12-06 13:15:00,County,BRIGGS CHANEY RD,RAMP 1 FR US29 NB TO BRIGGS CHANEY RD WB,STRAIGHT MOVEMENT ANGLE,RAINING,WET,DAYLIGHT,TRAFFIC SIGNAL,NONE DETECTED,No,No Apparent Injury,NOT DISTRACTED,MD,Van,30,2000.0,Mazda,MPV,13,Tuesday,12
MCP2504000T,15041922,MONTGOMERY,Injury Crash,2015-08-21 16:59:00,County,TRAVILAH RD,DARNESTOWN RD,STRAIGHT MOVEMENT ANGLE,CLEAR,DRY,DAYLIGHT,STOP SIGN,NONE DETECTED,No,Possible Injury,NOT DISTRACTED,MD,(Sport) Utility Vehicle,30,2001.0,Mercedes,ML430,16,Friday,8
MCP27390026,190003655,Montgomery County Police,Property Damage Crash,2019-01-23 22:30:00,US (State),COLUMBIA PIKE,PRELUDE DR,SAME DIR REAR END,CLEAR,DRY,DARK LIGHTS ON,NO CONTROLS,NONE DETECTED,Yes,No Apparent Injury,NOT DISTRACTED,MD,Passenger Car,45,2011.0,Toyota,CAMRY,22,Wednesday,1
DM8493001C,230006873,Takoma Park Police Depart,Injury Crash,2023-02-10 17:12:00,Maryland (State),CARROLL AVE,S MANOR CIR,OTHER,CLEAR,DRY,DAYLIGHT,NO CONTROLS,Unknown,No,No Apparent Injury,UNKNOWN,MD,Passenger Car,25,2008.0,Toyota,COROLLA,17,Friday,2
MCP3290000C,210006638,Montgomery County Police,Property Damage Crash,2021-02-21 14:10:00,County,FENTON ST,WAYNE AVE,OTHER,Unknown,DRY,DAYLIGHT,TRAFFIC SIGNAL,UNKNOWN,Yes,No Apparent Injury,UNKNOWN,Unknown,"Cargo Van/Light Truck 2 Axles (Over 10,000Lbs (4,536 Kg))",25,2008.0,Gmc,C5500,14,Sunday,2
EJ7888004G,230030301,Gaithersburg Police Depar,Injury Crash,2023-06-24 20:35:00,Maryland (State),MONTGOMERY VILLAGE AVE,FREDERICK RD,SAME DIR REAR END,CLEAR,DRY,DARK NO LIGHTS,TRAFFIC SIGNAL,NONE DETECTED,No,Suspected Minor Injury,NOT DISTRACTED,MD,Passenger Car,35,2013.0,Toyota,COROLLA,20,Saturday,6
MCP28910039,17004111,Montgomery County Police,Property Damage Crash,2017-01-24 11:06:00,Maryland (State),GEORGIA AVE,ENT TO BUSINESS,SAME DIRECTION SIDESWIPE,CLEAR,DRY,DAYLIGHT,Unknown,UNKNOWN,Yes,No Apparent Injury,NOT DISTRACTED,MD,"Cargo Van/Light Truck 2 Axles (Over 10,000Lbs (4,536 Kg))",35,2015.0,Peterbilt,TK,11,Tuesday,1
MCP2928000N,15033174,MONTGOMERY,Injury Crash,2015-07-07 11:40:00,Unknown,Unknown,Unknown,SINGLE VEHICLE,CLEAR,Unknown,DAYLIGHT,NO CONTROLS,NONE DETECTED,Yes,No Apparent Injury,UNKNOWN,MD,Passenger Car,35,1999.0,Merz,TK,11,Tuesday,7
MCP2892001B,15060057,MONTGOMERY,Property Damage Crash,2015-11-24 12:38:00,County,OLD COLUMBIA PIKE,FAIRLAND RD,SAME DIRECTION RIGHT TURN,CLEAR,DRY,DAYLIGHT,TRAFFIC SIGNAL,NONE DETECTED,No,No Apparent Injury,NOT DISTRACTED,MD,School Bus,40,2006.0,Thomas,BUS,12,Tuesday,11
MCP3329000V,220049780,Montgomery County Police,Property Damage Crash,2022-11-11 12:37:00,US (State),COLUMBIA PIKE,RAMP 8 FR US 29 SB TO MD 200 WB,SAME DIR REAR END,CLEAR,DRY,DARK LIGHTS ON,Unknown,Unknown,No,No Apparent Injury,NOT DISTRACTED,Unknown,Passenger Car,55,2000.0,Ford,F150,12,Friday,11
MCP2546001V,16047005,Montgomery County Police,Property Damage Crash,2016-09-13 18:38:00,County,DALEWOOD DR,GOODHILL RD,STRAIGHT MOVEMENT ANGLE,CLEAR,DRY,DAYLIGHT,STOP SIGN,NONE DETECTED,No,No Apparent Injury,NOT DISTRACTED,MD,Passenger Car,25,2004.0,Ford,EXPEDITION,18,Tuesday,9
MCP2891005S,180021489,Montgomery County Police,Property Damage Crash,2018-05-02 12:45:00,County,FOREST GLEN RD,GEORGIA AVE,SAME DIRECTION SIDESWIPE,CLEAR,DRY,DAYLIGHT,TRAFFIC SIGNAL,UNKNOWN,Yes,No Apparent Injury,UNKNOWN,Unknown,(Sport) Utility Vehicle,35,2001.0,Chevrolet,SUBURBAN,12,Wednesday,5
MCP2436006G,180056250,Montgomery County Police,Injury Crash,2018-11-09 08:42:00,Maryland (State),UNIVERSITY BLVD E,E FRANKLIN AVE,STRAIGHT MOVEMENT ANGLE,Unknown,WET,DAYLIGHT,TRAFFIC SIGNAL,NONE DETECTED,Yes,Possible Injury,UNKNOWN,MD,Passenger Car,35,2015.0,Honda,CIVIC,8,Friday,11
MCP29390026,170543930,Montgomery County Police,Property Damage Crash,2017-11-20 17:13:00,County,WISTERIA DR,GERMANTOWN RD,STRAIGHT MOVEMENT ANGLE,CLEAR,DRY,DARK LIGHTS ON,Unknown,Unknown,Yes,No Apparent Injury,INATTENTIVE OR LOST IN THOUGHT,CA,Passenger Car,35,2014.0,Nissan,VERSA,17,Monday,11
MCP31120032,190042417,Montgomery County Police,Property Damage Crash,2019-09-04 17:54:00,County,WOODMONT AVE,MONTGOMERY LA,SAME DIRECTION SIDESWIPE,CLEAR,DRY,DAYLIGHT,TRAFFIC SIGNAL,NONE DETECTED,No,No Apparent Injury,NOT DISTRACTED,MD,Passenger Car,25,2011.0,Toyota,CAMRY,17,Wednesday,9
MCP23580013,15038872,MONTGOMERY,Property Damage Crash,2015-08-05 12:05:00,Unknown,Unknown,Unknown,SINGLE VEHICLE,CLEAR,Unknown,DAYLIGHT,Unknown,NONE DETECTED,Yes,No Apparent Injury,NOT DISTRACTED,VA,Truck Tractor,15,2014.0,Frght,TRACTOR,12,Wednesday,8
MCP3133001B,190030437,Montgomery County Police,Property Damage Crash,2019-06-26 05:58:00,Maryland (State),VEIRS MILL RD,GAIL ST,STRAIGHT MOVEMENT ANGLE,CLEAR,DRY,DAYLIGHT,STOP SIGN,NONE DETECTED,Yes,No Apparent Injury,NOT DISTRACTED,MD,Passenger Car,25,2015.0,Hond,CIVIC,5,Wednesday,6
DD5595003Q,17015542,Rockville Police Departme,Property Damage Crash,2017-03-27 09:02:00,Maryland (State),FREDERICK RD,KING FARM BLVD,SAME DIR REAR END,RAINING,WET,DAYLIGHT,TRAFFIC SIGNAL,NONE DETECTED,No,No Apparent Injury,NOT DISTRACTED,MD,Passenger Car,40,2014.0,Chevy,SPARK,9,Monday,3
MCP27820056,240053510,MONTGOMERY,Property Damage Crash,2024-11-07 15:05:00,County Route,CONNECTICUT AVE (SB/L),Unknown,"Sideswipe, Same Direction",Clear,Dry,Daylight,Traffic Control Signal,"Not Suspect of Alcohol Use, Not Suspect of Drug Use",Yes,No Apparent Injury,Not Distracted,PA,Other,35,2020.0,Freightliner,M2,15,Thursday,11
MCP30600015,180015270,Montgomery County Police,Injury Crash,2018-03-29 07:17:00,Unknown,Unknown,Unknown,SAME DIRECTION SIDESWIPE,FOGGY,Unknown,DAYLIGHT,NO CONTROLS,Unknown,Yes,Suspected Minor Injury,UNKNOWN,MD,Passenger Car,5,2001.0,Jeep,GRAND CHEROKEE,7,Thursday,3
MCP2215001Q,220003133,Montgomery County Police,Property Damage Crash,2022-01-24 18:20:00,County,BURNT HILL RD,KINGSTEAD RD,SINGLE VEHICLE,CLOUDY,DRY,DARK LIGHTS ON,NO CONTROLS,NONE DETECTED,Yes,No Apparent Injury,NOT DISTRACTED,MD,Passenger Car,40,2001.0,Honda,SD,18,Monday,1
MCP3109003L,190055595,Montgomery County Police,Property Damage Crash,2019-11-18 09:55:00,County,CAMERON ST,GEORGIA AVE,SAME DIRECTION SIDESWIPE,CLOUDY,WET,DAYLIGHT,NO CONTROLS,NONE DETECTED,Yes,No Apparent Injury,NOT DISTRACTED,MD,Passenger Car,30,2017.0,Bmw,SUV,9,Monday,11
DD5628003B,200041240,Rockville Police Departme,Property Damage Crash,2020-10-19 13:47:00,Maryland (State),E JEFFERSON ST,MONROE ST,SAME DIRECTION SIDESWIPE,CLEAR,Unknown,DAYLIGHT,OTHER,NONE DETECTED,No,No Apparent Injury,NOT DISTRACTED,MD,Pickup Truck,25,2013.0,Toyt,TK,13,Monday,10
MCP2311000J,15041278,MONTGOMERY,Injury Crash,2015-08-18 12:41:00,Maryland (State),FREDERICK RD,ODENDHAL AVE,SAME DIRECTION RIGHT TURN,CLEAR,DRY,DAYLIGHT,Unknown,Unknown,Yes,No Apparent Injury,NOT DISTRACTED,FL,Pickup Truck,35,2008.0,Chev,TK,12,Tuesday,8
MCP2583004W,250037308,MONTGOMERY,Injury Crash,2025-08-21 02:15:00,County Route,SHADY GROVE RD (SB/L),Unknown,"Sideswipe, Same Direction",Clear,Dry,Dark - Lighted,No Controls,"Unknown, Unknown",No,Unknown,Unknown,Unknown,Sport Utility Vehicle,40,2025.0,Honda,PILOT,2,Thursday,8
MCP32280053,230022451,Montgomery County Police,Property Damage Crash,2023-05-16 16:55:00,Maryland (State),16TH ST,EAST WEST HWY,STRAIGHT MOVEMENT ANGLE,CLEAR,DRY,DAYLIGHT,TRAFFIC SIGNAL,UNKNOWN,Yes,No Apparent Injury,NOT DISTRACTED,Unknown,Passenger Car,35,2015.0,Hyundai,SONATA,16,Tuesday,5
MCP2973001N,16030642,Montgomery County Police,Property Damage Crash,2016-06-17 13:32:00,County,BEL PRE RD,LAYHILL RD,STRAIGHT MOVEMENT ANGLE,CLEAR,DRY,DAYLIGHT,NO CONTROLS,NONE DETECTED,No,No Apparent Injury,NOT DISTRACTED,MD,Passenger Car,35,2002.0,Honda,2S,13,Friday,6
MCP2875006G,220044281,Montgomery County Police,Injury Crash,2022-10-10 14:47:00,Maryland (State),FREDERICK RD,LITTLE BENNETT DR,SAME DIRECTION LEFT TURN,CLEAR,DRY,DAYLIGHT,NO CONTROLS,NONE DETECTED,No,Suspected Serious Injury,NOT DISTRACTED,MD,Motorcycle,50,2011.0,Harley Davidson,FLHTK,14,Monday,10
EJ7876004K,220017728,Gaithersburg Police Depar,Injury Crash,2022-04-26 15:30:00,Municipality,E DIAMOND AVE,ALLEY #3,OTHER,CLOUDY,WET,DAYLIGHT,NO CONTROLS,NONE DETECTED,No,No Apparent Injury,NOT DISTRACTED,MD,Passenger Car,30,2008.0,Toyota,COROLLA,15,Tuesday,4
MCP13780134,230000384,Montgomery County Police,Property Damage Crash,2023-01-03 17:42:00,County,RANDOLPH RD,HAMMONTON PL,SAME DIR REAR END,CLOUDY,DRY,DARK LIGHTS ON,NO CONTROLS,NONE DETECTED,Yes,No Apparent Injury,NOT DISTRACTED,MD,Passenger Car,40,2006.0,Toyota,PRIUS,17,Tuesday,1
HA2492000X,23002364,Maryland-National Capital,Property Damage Crash,2023-12-15 10:52:00,Maryland (State),OLD GEORGETOWN RD,RAMP 8 FR MD 187 SB TO RAMP 9 (TO IS270),SAME DIR BOTH LEFT TURN,CLEAR,DRY,DAYLIGHT,TRAFFIC SIGNAL,NONE DETECTED,Yes,No Apparent Injury,UNKNOWN,TX,Truck Tractor,40,2016.0,Freightliner,TRACTOR,10,Friday,12
MCP12050024,16035622,Montgomery County Police,Property Damage Crash,2016-07-14 10:28:00,Maryland (State),CONNECTICUT AVE,VEIRS MILL RD,SAME DIRECTION RIGHT TURN,CLEAR,DRY,DAYLIGHT,TRAFFIC SIGNAL,UNKNOWN,Yes,No Apparent Injury,UNKNOWN,MD,Passenger Car,35,2011.0,Mazda,TRUCK,10,Thursday,7
MCP2975000R,15049682,MONTGOMERY,Property Damage Crash,2015-10-01 06:25:00,Maryland (State),VEIRS MILL RD,FERRARA AVE,ANGLE MEETS RIGHT TURN,RAINING,WET,DARK LIGHTS ON,TRAFFIC SIGNAL,UNKNOWN,Yes,No Apparent Injury,UNKNOWN,Unknown,Passenger Car,40,2015.0,Toyota,CAMRY,6,Thursday,10
MCP28640013,15022518,Montgomery County Police,Injury Crash,2015-05-11 19:43:00,Maryland (State),DARNESTOWN RD,WYE OAK DR,HEAD ON,CLEAR,DRY,DAYLIGHT,NO CONTROLS,NONE DETECTED,Yes,Possible Injury,INATTENTIVE OR LOST IN THOUGHT,MD,Passenger Car,40,2011.0,Toyota,CAMRY,19,Monday,5
MCP15630072,210043502,Montgomery County Police,Injury Crash,2021-10-28 12:21:00,Maryland (State),16TH ST,SPRING ST,SAME DIR REAR END,CLOUDY,DRY,DAYLIGHT,TRAFFIC SIGNAL,NONE DETECTED,No,No Apparent Injury,NOT DISTRACTED,MD,Passenger Car,35,2019.0,Kia,NITRO,12,Thursday,10
MCP1475002G,190054874,Montgomery County Police,Property Damage Crash,2019-11-13 23:00:00,Unknown,Unknown,Unknown,OTHER,UNKNOWN,Unknown,DARK LIGHTS ON,Unknown,UNKNOWN,Yes,No Apparent Injury,UNKNOWN,MD,Passenger Car,15,2007.0,Nissan,VERSA,23,Wednesday,11
MCP3014000F,16006495,Montgomery County Police,Property Damage Crash,2016-02-08 08:47:00,County,DENFELD AVE,WOODSON AVE,SAME DIR REAR END,CLEAR,DRY,DAYLIGHT,STOP SIGN,NONE DETECTED,Yes,No Apparent Injury,LOOKED BUT DID NOT SEE,MD,(Sport) Utility Vehicle,25,2009.0,Toyt,TK,8,Monday,2
MCP3313000X,220021420,Montgomery County Police,Injury Crash,2022-05-19 21:12:00,Maryland (State),GEORGIA AVE,DAMASCUS RD,STRAIGHT MOVEMENT ANGLE,CLEAR,DRY,DARK LIGHTS ON,TRAFFIC SIGNAL,NONE DETECTED,Yes,No Apparent Injury,NOT DISTRACTED,MD,Passenger Car,30,2009.0,Dodge,CHALLENGER,21,Thursday,5
MCP3030006Y,240043402,MONTGOMERY,Injury Crash,2024-09-12 14:46:00,Unknown,Unknown,Unknown,Single Vehicle,Clear,Unknown,Daylight,Unknown,"Not Suspect of Alcohol Use, Not Suspect of Drug Use",No,Possible Injury,Unknown,MD,Passenger Car,0,2013.0,Infiniti,G37,14,Thursday,9
DM8494001F,210040553,Takoma Park Police Depart,Property Damage Crash,2021-10-10 19:43:00,Unknown,Unknown,Unknown,STRAIGHT MOVEMENT ANGLE,RAINING,Unknown,DARK LIGHTS ON,NO CONTROLS,Unknown,No,No Apparent Injury,NOT DISTRACTED,MD,Passenger Car,5,2013.0,Jeep,SPORT UTILITY,19,Sunday,10
MCP1152000Z,190060896,Montgomery County Police,Property Damage Crash,2019-12-18 08:08:00,Maryland (State),WILSON LA,FAIRFAX RD,STRAIGHT MOVEMENT ANGLE,CLEAR,DRY,DAYLIGHT,STOP SIGN,Unknown,No,No Apparent Injury,NOT DISTRACTED,MD,Passenger Car,25,2009.0,Mazda,5,8,Wednesday,12
MCP2796002V,15065307,MONTGOMERY,Property Damage Crash,2015-12-21 15:23:00,Unknown,Unknown,Unknown,OTHER,CLOUDY,Unknown,DAYLIGHT,Unknown,NONE DETECTED,Yes,No Apparent Injury,LOOKED BUT DID NOT SEE,MD,School Bus,0,2008.0,Thomas Bus Co,SCHOOL BUS,15,Monday,12
MCP2039001J,16018390,Montgomery County Police,Property Damage Crash,2016-04-15 06:12:00,Maryland (State),CONNECTICUT AVE,KAYSON ST,STRAIGHT MOVEMENT ANGLE,CLEAR,DRY,DARK NO LIGHTS,STOP SIGN,Unknown,No,No Apparent Injury,NOT DISTRACTED,MD,Passenger Car,45,2015.0,Mitsubishi,LANCER EVO,6,Friday,4
DM8497001N,230014004,Takoma Park Police Depart,Property Damage Crash,2023-03-23 07:30:00,Maryland (State),ETHAN ALLEN AVE,CARROLL AVE (BACK),SAME DIRECTION RIGHT TURN,Unknown,DRY,DAYLIGHT,Unknown,Unknown,No,No Apparent Injury,NOT DISTRACTED,MD,Transit Bus,30,2009.0,Gillig,LOW FLOOR,7,Thursday,3
MCP242500HP,230006484,Montgomery County Police,Property Damage Crash,2023-02-08 18:29:00,Maryland (State),COLESVILLE RD,SECOND AVE,SAME DIRECTION SIDESWIPE,CLEAR,DRY,DARK NO LIGHTS,TRAFFIC SIGNAL,NONE DETECTED,No,No Apparent Injury,NOT DISTRACTED,MD,Other Bus,25,2014.0,Giilig,BUS,18,Wednesday,2
MCP28160039,220040361,Montgomery County Police,Property Damage Crash,2022-09-16 18:55:00,Maryland (State),FREDERICK RD,E GUDE DR,SAME DIR REAR END,Unknown,DRY,DAYLIGHT,NO CONTROLS,NONE DETECTED,Yes,No Apparent Injury,UNKNOWN,MD,Passenger Car,40,2021.0,Subaru,FORRESTER,18,Friday,9
MCP32550022,210028107,Montgomery County Police,Injury Crash,2021-07-20 20:00:00,Unknown,Unknown,Unknown,SINGLE VEHICLE,CLEAR,Unknown,DAYLIGHT,Unknown,Unknown,Yes,No Apparent Injury,UNKNOWN,MD,Passenger Car,0,2020.0,Toyota,CAMRY,20,Tuesday,7
MCP2823001B,15027072,Montgomery County Police,Property Damage Crash,2015-06-04 15:49:00,Maryland (State),CONNECTICUT AVE,INDEPENDENCE ST,SAME DIR REAR END,CLOUDY,DRY,DAYLIGHT,TRAFFIC SIGNAL,NONE DETECTED,No,No Apparent Injury,NOT DISTRACTED,MD,Passenger Car,45,2011.0,Nissan,SU,15,Thursday,6
MCP2961003N,190018617,Montgomery County Police,Property Damage Crash,2019-04-21 01:30:00,Maryland (State),LAYHILL RD,DECKMAN LA,HEAD ON LEFT TURN,CLEAR,DRY,DARK LIGHTS ON,NO CONTROLS,NONE DETECTED,Yes,No Apparent Injury,UNKNOWN,MD,Passenger Car,35,2002.0,Toyota,CAMRY,1,Sunday,4
MCP1436000T,190027864,Montgomery County Police,Property Damage Crash,2019-06-11 13:39:00,County,RANDOLPH RD,ROCKING HORSE RD,SAME DIR REAR END,CLEAR,DRY,DAYLIGHT,NO CONTROLS,Unknown,No,No Apparent Injury,NOT DISTRACTED,MD,"Cargo Van/Light Truck 2 Axles (Over 10,000Lbs (4,536 Kg))",35,2011.0,Chev,TK,13,Tuesday,6
MCP27540025,180018153,Montgomery County Police,Property Damage Crash,2018-04-13 22:12:00,Maryland (State),UNIVERSITY BLVD W,LORAIN AVE,SAME DIR REAR END,CLEAR,DRY,DARK LIGHTS ON,NO CONTROLS,NONE DETECTED,No,No Apparent Injury,NOT DISTRACTED,MD,Passenger Car,35,2009.0,Honda,CIVIC,22,Friday,4
MCP25860022,16042148,Montgomery County Police,Property Damage Crash,2016-08-19 16:33:00,US (State),COLUMBIA PIKE,GREENCASTLE RD,SAME DIR REAR END,CLEAR,DRY,DAYLIGHT,TRAFFIC SIGNAL,NONE DETECTED,No,No Apparent Injury,NOT DISTRACTED,MD,Passenger Car,50,2013.0,Nissan,ALTIMA,16,Friday,8
MCP26510013,170509328,Montgomery County Police,Property Damage Crash,2017-05-23 01:49:00,County,SHEFFIELD MANOR DR,LAMBERTON SQUARE RD,SAME DIR REAR END,FOGGY,DRY,DARK LIGHTS ON,Unknown,NONE DETECTED,Yes,No Apparent Injury,OTHER DISTRACTION,MD,Passenger Car,25,2009.0,Infinity,M35X,1,Tuesday,5
MCP20590085,240010319,MONTGOMERY,Property Damage Crash,2024-03-02 19:00:00,Unknown,Unknown,Unknown,"Sideswipe, Same Direction",Clear,Unknown,Dark - Lighted,Unknown,"Unknown, Unknown",Yes,No Apparent Injury,Unknown,MD,Sport Utility Vehicle,0,2010.0,Nissan,ARMADA,19,Saturday,3
MCP2904007X,210017685,Montgomery County Police,Property Damage Crash,2021-05-11 11:15:00,US (State),COLESVILLE RD,HASTINGS DR,SAME DIR REAR END,CLEAR,DRY,DAYLIGHT,STOP SIGN,NONE DETECTED,No,No Apparent Injury,NOT DISTRACTED,DC,Transit Bus,45,2020.0,Novb,BUS,11,Tuesday,5
DD56040048,220033981,Rockville Police Departme,Property Damage Crash,2022-08-08 08:07:00,Unknown,Unknown,Unknown,SINGLE VEHICLE,CLEAR,Unknown,DAYLIGHT,NO CONTROLS,NONE DETECTED,Yes,No Apparent Injury,LOOKED BUT DID NOT SEE,MD,Passenger Car,15,2020.0,Nissan,ROGUE,8,Monday,8
MCP3176000L,190030346,Montgomery County Police,Property Damage Crash,2019-06-25 16:17:00,Maryland (State),NEW HAMPSHIRE AVE,ELTON RD,SAME DIR REAR END,CLEAR,DRY,DAYLIGHT,TRAFFIC SIGNAL,NONE DETECTED,No,No Apparent Injury,NOT DISTRACTED,DC,Transit Bus,40,2019.0,Wmata,LOW FLOOR,16,Tuesday,6
MCP30290012,170518677,Montgomery County Police,Property Damage Crash,2017-07-12 15:30:00,County,BARBARA RD,DELANCY DR,STRAIGHT MOVEMENT ANGLE,CLEAR,DRY,DAYLIGHT,STOP SIGN,NONE DETECTED,Yes,No Apparent Injury,LOOKED BUT DID NOT SEE,MD,Passenger Car,30,2005.0,Toyota,4S,15,Wednesday,7
MCP2466000H,15004734,Montgomery County Police,Property Damage Crash,2015-01-29 21:05:00,Maryland (State),LAYHILL RD,RAMP 4 FR MD 182 NB TO MD 200 EB,SAME DIR REAR END,WINTRY MIX,WET,DARK LIGHTS ON,TRAFFIC SIGNAL,NONE DETECTED,No,No Apparent Injury,UNKNOWN,MD,Passenger Car,40,2015.0,Nissan,ROGUE SUV,21,Thursday,1
MCP24370055,230056305,Montgomery County Police,Property Damage Crash,2023-09-22 13:40:00,Unknown,Unknown,Unknown,SAME DIRECTION SIDESWIPE,CLOUDY,Unknown,DAYLIGHT,NO CONTROLS,NONE DETECTED,No,No Apparent Injury,NOT DISTRACTED,MD,Other Bus,0,2017.0,Ford,E-450,13,Friday,9
EJ7833002H,16066034,Gaithersburg Police Depar,Property Damage Crash,2016-12-23 18:16:00,County,SHADY GROVE RD,ENT TO BUSINESS,SAME DIR REAR END,CLEAR,DRY,DARK LIGHTS ON,TRAFFIC SIGNAL,NONE DETECTED,No,No Apparent Injury,NOT DISTRACTED,MD,Passenger Car,40,2014.0,Niss,ROGUE,18,Friday,12
DD5641001X,210008628,Rockville Police Departme,Property Damage Crash,2021-03-07 19:10:00,Maryland (State),ROCKVILLE PIKE,HALPINE RD,SAME DIRECTION LEFT TURN,CLEAR,DRY,DARK LIGHTS ON,NO CONTROLS,NONE DETECTED,Yes,No Apparent Injury,LOOKED BUT DID NOT SEE,NC,Passenger Car,40,2010.0,Toyt,VENZA,19,Sunday,3