Report Number,Local Case Number,Agency Name,ACRS Report Type,Crash Date/Time,Route Type,Road Name,Cross-Street Name,Collision Type,Weather,Surface Condition,Light,Traffic Control,Driver Substance Abuse,Driver At Fault,Injury Severity,Driver Distracted By,Drivers License State,Vehicle Body Type,Speed Limit,Vehicle Year,Vehicle Make,Vehicle Model,Crash Hour,Crash Day,Crash Month
MCP2969009P,200049618,Montgomery County Police,Injury Crash,2020-12-17 11:50:00,County,RANDOLPH RD,KEMP MILL RD,SAME DIR REAR END,CLEAR,SLUSH,DAYLIGHT,TRAFFIC SIGNAL,NONE DETECTED,No,Possible Injury,NOT DISTRACTED,MD,(Sport) Utility Vehicle,40,2005.0,Ford,TK,11,Thursday,12
DD5620006Z,210034981,Rockville Police Departme,Property Damage Crash,2021-08-31 08:43:00,Unknown,Unknown,Unknown,OTHER,CLEAR,Unknown,DAYLIGHT,Unknown,NONE DETECTED,No,No Apparent Injury,NOT DISTRACTED,MD,Passenger Car,15,2013.0,Mercedes,E350,8,Tuesday,8
MCP3279000P,210020506,Montgomery County Police,Injury Crash,2021-05-30 17:31:00,County,PARKLAND DR,MARIANNA DR,STRAIGHT MOVEMENT ANGLE,CLEAR,DRY,Unknown,STOP SIGN,NONE DETECTED,Yes,No Apparent Injury,UNKNOWN,MD,Passenger Car,25,2016.0,Honda,CIVIC LX,17,Sunday,5
MCP2695000D,15042025,MONTGOMERY,Injury Crash,2015-08-22 02:15:00,Maryland (State),GEORGIA AVE,HEWITT AVE,HEAD ON,CLEAR,DRY,DARK LIGHTS ON,OTHER,Unknown,No,Suspected Minor Injury,NOT DISTRACTED,MD,Passenger Car,25,2013.0,Honda,ACCORD,2,Saturday,8
MCP3109007N,230000041,Montgomery County Police,Property Damage Crash,2023-01-01 08:30:00,Maryland (State),UNIVERSITY BLVD E,SILVER SPRING FIRE & RESCUE,SINGLE VEHICLE,CLEAR,WET,DAYLIGHT,NO CONTROLS,ALCOHOL CONTRIBUTED,Yes,No Apparent Injury,NOT DISTRACTED,MD,Passenger Car,35,2009.0,Infiniti,4 DOOR,8,Sunday,1
MCP3200000V,190055770,Montgomery County Police,Injury Crash,2019-11-19 06:57:00,Maryland (State),RIVER RD,BROOKSIDE DR,STRAIGHT MOVEMENT ANGLE,CLOUDY,WET,DAWN,TRAFFIC SIGNAL,NONE DETECTED,Yes,Suspected Minor Injury,UNKNOWN,DC,Passenger Car,25,2013.0,Volvo,XC60,6,Tuesday,11
MCP94170018,16017805,Montgomery County Police,Property Damage Crash,2016-04-12 06:44:00,Maryland (State),EAST WEST HWY,ROSEMARY HILLS RD,SAME DIRECTION LEFT TURN,RAINING,WET,DAYLIGHT,Unknown,NONE DETECTED,Yes,No Apparent Injury,LOOKED BUT DID NOT SEE,DC,(Sport) Utility Vehicle,35,2014.0,Toyota,RAV4,6,Tuesday,4
DD5502001H,15044066,ROCKVILLE,Property Damage Crash,2015-09-02 08:42:00,Municipality,BULLARD CIRCLE,W MONTGOMERY AVE,STRAIGHT MOVEMENT ANGLE,CLEAR,DRY,DAYLIGHT,TRAFFIC SIGNAL,NONE DETECTED,No,No Apparent Injury,NOT DISTRACTED,MD,Police Vehicle/Non Emergency,25,2010.0,Dodg,4S,8,Wednesday,9
MCP3109002Q,190030670,Montgomery County Police,Property Damage Crash,2019-06-27 14:20:00,Maryland (State),GEORGIA AVE,COLESVILLE RD,SAME DIRECTION RIGHT TURN,CLEAR,DRY,DAYLIGHT,TRAFFIC SIGNAL,NONE DETECTED,Yes,No Apparent Injury,NOT DISTRACTED,MD,Passenger Car,35,2015.0,Honda,FIT,14,Thursday,6
DD55670005,15008061,Rockville Police Departme,Property Damage Crash,2015-02-18 18:24:00,Maryland (State),ROCKVILLE PIKE,TEMPLETON PL,SAME DIR REAR END,SNOW,WET,DARK LIGHTS ON,Unknown,NONE DETECTED,No,No Apparent Injury,NOT DISTRACTED,MD,Passenger Car,40,2013.0,Vw,4 DR,18,Wednesday,2
MCP1433005Y,240046063,MONTGOMERY,Property Damage Crash,2024-09-26 19:25:00,Maryland (State) Route,VEIRS MILL RD (WB/L),Unknown,Front to Rear,Cloudy,Wet,Dark - Not Lighted,Traffic Control Signal,"Not Suspect of Alcohol Use, Not Suspect of Drug Use",No,No Apparent Injury,Not Distracted,MD,Passenger Car,40,2021.0,Toyota,CAMRY,19,Thursday,9
DM8451000F,15027426,Takoma Park Police Depart,Injury Crash,2015-06-06 14:21:00,Maryland (State),NEW HAMPSHIRE AVE,ERSKINE ST,HEAD ON LEFT TURN,CLEAR,DRY,DAYLIGHT,TRAFFIC SIGNAL,NONE DETECTED,Yes,Possible Injury,LOOKED BUT DID NOT SEE,MD,Passenger Car,35,2013.0,Honda,ACCORD,14,Saturday,6
MCP3213000C,190043056,Montgomery County Police,Injury Crash,2019-09-08 17:38:00,Maryland (State),GEORGIA AVE,COLESVILLE RD,ANGLE MEETS LEFT TURN,CLEAR,DRY,DAYLIGHT,Unknown,NONE DETECTED,No,No Apparent Injury,NOT DISTRACTED,MD,Passenger Car,35,2016.0,Lexus,ES350,17,Sunday,9
MCP158000BG,190025282,Montgomery County Police,Property Damage Crash,2019-05-28 07:03:00,County,SHADY GROVE RD,EPSILON DR,SAME DIR REAR END,RAINING,WET,DAYLIGHT,TRAFFIC SIGNAL,NONE DETECTED,Yes,No Apparent Injury,UNKNOWN,PA,"Other Light Trucks (10,000Lbs (4,536Kg) Or Less)",45,2005.0,Hino,BOX TK,7,Tuesday,5
MCP32380036,240058650,MONTGOMERY,Property Damage Crash,2024-12-08 06:30:00,Interstate (State),CAPITAL BELTWAY (WB/L),Unknown,Front to Rear,Clear,Dry,Dark - Unknown Lighting,No Controls,"Not Suspect of Alcohol Use, Not Suspect of Drug Use",Yes,No Apparent Injury,Not Distracted,MD,Sport Utility Vehicle,55,2014.0,Dodge,JOURNEY,6,Sunday,12
EJ79080025,250021102,GAITHERSBURG,Property Damage Crash,2025-05-13 13:44:00,Unknown,Unknown,Unknown,"Sideswipe, Opposite Direction",Rain,Unknown,Daylight,Unknown,"Unknown, Unknown",No,Unknown,Unknown,Unknown,Passenger Car,0,2022.0,Buick,ENVISION,13,Tuesday,5
DD56040010,15010997,Rockville Police Departme,Injury Crash,2015-03-10 05:46:00,Maryland (State),VEIRS MILL RD,DODGE ST,STRAIGHT MOVEMENT ANGLE,CLEAR,DRY,DARK LIGHTS ON,NO CONTROLS,NONE DETECTED,Yes,Suspected Minor Injury,LOOKED BUT DID NOT SEE,MD,Passenger Car,30,2013.0,Toyota,TK,5,Tuesday,3
MCP31960010,190054932,Montgomery County Police,Injury Crash,2019-11-14 16:30:00,Unknown,Unknown,Unknown,STRAIGHT MOVEMENT ANGLE,CLEAR,Unknown,DAYLIGHT,NO CONTROLS,NONE DETECTED,Yes,No Apparent Injury,LOOKED BUT DID NOT SEE,MD,Passenger Car,30,2013.0,Ford,INTERCEPTOR (4S),16,Thursday,11
MCP2939006P,220057912,Montgomery County Police,Property Damage Crash,2022-12-30 18:36:00,County,CLARKSBURG RD,LEWISDALE RD,SINGLE VEHICLE,CLEAR,DRY,DARK NO LIGHTS,STOP SIGN,Unknown,Yes,No Apparent Injury,INATTENTIVE OR LOST IN THOUGHT,MD,Passenger Car,35,2008.0,Acura,4S,18,Friday,12
EJ7888003T,230010556,Gaithersburg Police Depar,Injury Crash,2023-03-03 14:30:00,County,MUDDY BRANCH RD,GREAT SENECA HWY,SAME DIR REAR END,RAINING,WET,DAYLIGHT,TRAFFIC SIGNAL,Unknown,No,Suspected Minor Injury,NOT DISTRACTED,MD,Passenger Car,45,2003.0,Merz,4S,14,Friday,3
DD56040059,240053648,ROCKVILLE,Property Damage Crash,2024-11-08 11:09:00,Municipality Route,SOUTHLAWN LA,Unknown,Front to Front,Clear,Dry,Daylight,No Controls,"Not Suspect of Alcohol Use, Not Suspect of Drug Use",Yes,No Apparent Injury,Not Distracted,MD,Sport Utility Vehicle,25,2019.0,Acura,RDX,11,Friday,11
MCP26860018,16027190,Montgomery County Police,Injury Crash,2016-05-31 17:10:00,Maryland (State),WOODFIELD RD,ROSEWOOD MANOR LA,SAME DIR REAR END,CLEAR,DRY,DAYLIGHT,NO CONTROLS,Unknown,No,No Apparent Injury,NOT DISTRACTED,MD,Passenger Car,45,2009.0,Toyt,4S,17,Tuesday,5
MCP2710002Q,190017306,Montgomery County Police,Property Damage Crash,2019-04-13 17:00:00,Unknown,Unknown,Unknown,OTHER,RAINING,Unknown,DAYLIGHT,Unknown,UNKNOWN,Yes,No Apparent Injury,UNKNOWN,MD,Passenger Car,10,2013.0,Hyundai,SANTA FE,17,Saturday,4
MCP1119004M,170550739,Montgomery County Police,Property Damage Crash,2017-12-26 12:55:00,Maryland (State),GEORGIA AVE,EMORY CHURCH RD,SAME DIR REAR END,Unknown,DRY,DAYLIGHT,TRAFFIC SIGNAL,NONE DETECTED,Yes,No Apparent Injury,NOT DISTRACTED,MD,Passenger Car,50,2005.0,Chrysler,PT CRUISER,12,Tuesday,12
MCP2724002X,260001297,MONTGOMERY,Property Damage Crash,2026-01-09 08:26:00,Unknown,Unknown,Unknown,Single Vehicle,Cloudy,Unknown,Daylight,Unknown,"Not Suspect of Alcohol Use, Not Suspect of Drug Use",No,No Apparent Injury,Not Distracted,MD,Bus - Transit,0,2020.0,Motor Coach Industri,J4500,8,Friday,1
MCP3080004M,240022430,MONTGOMERY,Property Damage Crash,2024-05-12 17:52:00,County Route,MIDDLEBROOK RD,Unknown,Other,Clear,Dry,Daylight,Traffic Control Signal,"Not Suspect of Alcohol Use, Not Suspect of Drug Use",No,No Apparent Injury,Not Distracted,MD,Passenger Car,40,2013.0,Ford,TAURUS,17,Sunday,5
MCP3445000K,250024091,MONTGOMERY,Property Damage Crash,2025-05-30 17:55:00,County Route,MONTROSE PKWY (WB/L),Unknown,Front to Rear,Cloudy,Wet,Daylight,No Controls,"Not Suspect of Alcohol Use, Not Suspect of Drug Use",Yes,No Apparent Injury,Not Distracted,VA,Passenger Car,45,2018.0,Hyundai,SONATA,17,Friday,5
MCP1323000D,16040957,Montgomery County Police,Property Damage Crash,2016-08-12 17:20:00,Unknown,Unknown,Unknown,SAME DIR REAR END,CLEAR,Unknown,DAYLIGHT,NO CONTROLS,Unknown,No,No Apparent Injury,NOT DISTRACTED,MD,Police Vehicle/Non Emergency,0,2014.0,Dodge,CHARGER,17,Friday,8
MCP2357001G,16011266,MONTGOMERY,Property Damage Crash,2016-03-07 10:06:00,Maryland (State),GEORGIA AVE,DEXTER AVE,SAME DIR REAR END,CLEAR,DRY,DAYLIGHT,NO CONTROLS,NONE DETECTED,Yes,No Apparent Injury,NOT DISTRACTED,MD,Passenger Car,35,2009.0,Honda,ACCORD,10,Monday,3
MCP31390036,220023142,Montgomery County Police,Injury Crash,2022-05-30 19:19:00,Unknown,Unknown,Unknown,OTHER,CLEAR,Unknown,DAYLIGHT,NO CONTROLS,NONE DETECTED,Yes,Possible Injury,NOT DISTRACTED,MD,Passenger Car,25,2017.0,Volkswagon,TIGUAN,19,Monday,5
MCP2518000S,15047536,MONTGOMERY,Injury Crash,2015-09-19 13:07:00,Maryland (State),RIDGE RD,DAVIS MILL RD,SAME DIR REAR END,CLEAR,DRY,DAYLIGHT,NO CONTROLS,NONE DETECTED,Yes,Possible Injury,NOT DISTRACTED,VA,Passenger Car,40,2012.0,Chev,4S,13,Saturday,9
DD5615008L,200001632,Rockville Police Departme,Property Damage Crash,2020-01-10 09:30:00,Municipality,CONGRESSIONAL LA,ROCKVILLE PIKE,SAME DIR REAR END,Unknown,DRY,DAYLIGHT,NO CONTROLS,NONE DETECTED,Yes,No Apparent Injury,NOT DISTRACTED,VA,Passenger Car,25,2017.0,Bmw,X5,9,Friday,1
MCP31650012,190013682,Montgomery County Police,Property Damage Crash,2019-03-25 08:15:00,Unknown,Unknown,Unknown,STRAIGHT MOVEMENT ANGLE,CLEAR,Unknown,DAYLIGHT,Unknown,NONE DETECTED,Yes,No Apparent Injury,NOT DISTRACTED,MD,(Sport) Utility Vehicle,20,2013.0,Toyota,TK,8,Monday,3
MCP23720055,220055101,Montgomery County Police,Injury Crash,2022-12-13 10:21:00,Maryland (State),OLD GEORGETOWN RD,GREENTREE RD,STRAIGHT MOVEMENT ANGLE,CLEAR,DRY,DAYLIGHT,TRAFFIC SIGNAL,NONE DETECTED,Yes,No Apparent Injury,NOT DISTRACTED,MD,(Sport) Utility Vehicle,35,2009.0,Toyota,HIGHLANDER,10,Tuesday,12
MCP302600BB,230034313,Montgomery County Police,Property Damage Crash,2023-07-19 07:30:00,Maryland (State),ROCKLEDGE BLVD,BEGIN BRIDGE,SAME DIR BOTH LEFT TURN,RAINING,WET,DAYLIGHT,TRAFFIC SIGNAL,NONE DETECTED,No,No Apparent Injury,NOT DISTRACTED,MD,Passenger Car,35,2007.0,Gmc,VAN,7,Wednesday,7
MCP2077000Q,15005462,Montgomery County Police,Property Damage Crash,2015-02-03 12:20:00,Maryland (State),UNIVERSITY BLVD E,WILLIAMSBURG DR,SAME DIR REAR END,CLEAR,DRY,DAYLIGHT,TRAFFIC SIGNAL,Unknown,Yes,No Apparent Injury,UNKNOWN,MD,Recreational Vehicle,40,2005.0,Chrys,PT CRUISER,12,Tuesday,2
MCP285900GS,240026900,MONTGOMERY,Injury Crash,2024-06-06 09:45:00,Municipality Route,BLACKWELL RD,SHADY GROVE RD,Angle,Clear,Dry,Daylight,Traffic Control Signal,"Not Suspect of Alcohol Use, Not Suspect of Drug Use",No,Possible Injury,Not Distracted,MD,Sport Utility Vehicle,30,2014.0,Bmw,X3,9,Thursday,6
MCP2047004T,230025081,Montgomery County Police,Property Damage Crash,2023-05-25 13:18:00,County,PARKLAWN DR,WILKINS AVE,HEAD ON,CLEAR,DRY,DAYLIGHT,NO CONTROLS,NONE DETECTED,No,No Apparent Injury,NOT DISTRACTED,MD,School Bus,30,2015.0,Frht,BUS,13,Thursday,5
MCP30570027,20007797,Montgomery County Police,Property Damage Crash,2020-02-16 09:21:00,County,CENTURY BLVD,CENTURY BLVD (BACK),OTHER,CLOUDY,DRY,DAYLIGHT,Unknown,NONE DETECTED,No,No Apparent Injury,NOT DISTRACTED,MD,Pickup Truck,25,2013.0,Ford,F150,9,Sunday,2
MCP2777004S,180031487,Montgomery County Police,Property Damage Crash,2018-06-26 17:26:00,Maryland (State),WILSON LA,FAIRFAX RD,ANGLE MEETS LEFT HEAD ON,CLOUDY,DRY,DAYLIGHT,STOP SIGN,NONE DETECTED,No,No Apparent Injury,NOT DISTRACTED,MD,Passenger Car,25,2010.0,Toyota,PRIUS,17,Tuesday,6
MCP3161002R,210013423,Montgomery County Police,Injury Crash,2021-04-10 17:45:00,Maryland (State),PLYERS MILL RD,CONNECTICUT AVE,SINGLE VEHICLE,CLEAR,DRY,DAYLIGHT,NO CONTROLS,NONE DETECTED,No,No Apparent Injury,NOT DISTRACTED,MD,Passenger Car,25,2013.0,Honda,ACCORD,17,Saturday,4
MCP3245002V,220016461,Montgomery County Police,Property Damage Crash,2022-04-18 16:55:00,Interstate (State),EISENHOWER MEMORIAL HWY,EXIT #8,SAME DIR REAR END,RAINING,WET,DAYLIGHT,NO CONTROLS,NONE DETECTED,Yes,No Apparent Injury,LOOKED BUT DID NOT SEE,MD,Passenger Car,55,2018.0,Lexs,4H,16,Monday,4
MCP2904003H,170510966,Montgomery County Police,Property Damage Crash,2017-05-31 19:17:00,County,11TH AVE,RUATAN ST,HEAD ON LEFT TURN,Unknown,DRY,DAYLIGHT,NO CONTROLS,NONE DETECTED,No,No Apparent Injury,NOT DISTRACTED,MD,Passenger Car,35,2013.0,Kia,OPTIMA,19,Wednesday,5
MCP20520029,210045647,Montgomery County Police,Property Damage Crash,2021-11-10 23:38:00,Maryland (State),QUINCE ORCHARD RD,SPUR TO MD 117,SAME DIR REAR END,CLEAR,DRY,DARK LIGHTS ON,TRAFFIC SIGNAL,NONE DETECTED,Yes,No Apparent Injury,INATTENTIVE OR LOST IN THOUGHT,MD,(Sport) Utility Vehicle,40,2009.0,Ford,UT EXPLORER,23,Wednesday,11
DM8499001T,230029580,Takoma Park Police Depart,Injury Crash,2023-06-20 13:18:00,Maryland (State),NEW HAMPSHIRE AVE,HOLTON LA,OTHER,CLEAR,DRY,DAYLIGHT,TRAFFIC SIGNAL,NONE DETECTED,Yes,No Apparent Injury,OTHER DISTRACTION,MD,Passenger Car,30,2019.0,Nissan,PATHFINDER,13,Tuesday,6
MCP30940019,200017140,Montgomery County Police,Property Damage Crash,2020-04-25 01:11:00,Maryland (State),MUNCASTER MILL RD,SNOW CREEK DR,SINGLE VEHICLE,Unknown,DRY,DARK LIGHTS ON,Unknown,NONE DETECTED,Yes,No Apparent Injury,LOOKED BUT DID NOT SEE,MD,Passenger Car,35,2010.0,Nissan,SENTRA,1,Saturday,4
MCP31450050,240040588,MONTGOMERY,Injury Crash,2024-08-27 16:45:00,Maryland (State) Route,UNIVERSITY BLVD W,Unknown,Front to Rear,Clear,Dry,Daylight,No Controls,"Unknown, Unknown",No,Unknown,Unknown,Unknown,Pickup,35,2004.0,Chevrolet,SILVERADO,16,Tuesday,8
MCP2003000K,16016879,Montgomery County Police,Injury Crash,2016-04-06 11:16:00,County,KEMP MILL RD,GLENALLAN AVE,SAME DIR REND LEFT TURN,CLEAR,DRY,DARK LIGHTS ON,NO CONTROLS,Unknown,No,Suspected Serious Injury,NOT DISTRACTED,DC,(Sport) Utility Vehicle,35,2008.0,Acura,SUV,11,Wednesday,4
MCP3299000F,210032902,Montgomery County Police,Property Damage Crash,2021-08-23 16:50:00,Maryland (State),GEORGIA AVE,OLD BALTIMORE RD,SAME DIR REAR END,CLEAR,DRY,DAYLIGHT,NO CONTROLS,NONE DETECTED,Yes,No Apparent Injury,LOOKED BUT DID NOT SEE,MD,Passenger Car,45,2009.0,Honda,4S,16,Monday,8
MCP31480055,230048282,Montgomery County Police,Property Damage Crash,2023-08-07 18:09:00,County,MACARTHUR BLVD,MOHICAN RD,SAME DIRECTION LEFT TURN,RAINING,WET,DAYLIGHT,Unknown,NONE DETECTED,No,No Apparent Injury,NOT DISTRACTED,MD,Passenger Car,30,2016.0,Toyota,CAMRY,18,Monday,8
MCP2615001N,17009573,Montgomery County Police,Property Damage Crash,2017-02-22 15:30:00,County,OLD COLUMBIA PIKE,FAIRLAND RD,ANGLE MEETS LEFT TURN,CLEAR,DRY,DAYLIGHT,TRAFFIC SIGNAL,NONE DETECTED,Yes,No Apparent Injury,NOT DISTRACTED,MD,Passenger Car,40,2008.0,Honda,ODYSSEY,15,Wednesday,2
MCP28910018,15039913,MONTGOMERY,Injury Crash,2015-08-11 08:30:00,County,HILDAROSE DR,GEORGIA AVE,STRAIGHT MOVEMENT ANGLE,CLEAR,DRY,DAYLIGHT,STOP SIGN,NONE DETECTED,Unknown,No Apparent Injury,LOOKED BUT DID NOT SEE,MD,Passenger Car,35,2010.0,Hyundai,SONATA,8,Tuesday,8
DD56120041,230049400,Rockville Police Departme,Injury Crash,2023-08-14 13:45:00,Municipality,CONGRESSIONAL LA,ROCKVILLE PIKE,STRAIGHT MOVEMENT ANGLE,CLOUDY,DRY,DAYLIGHT,TRAFFIC SIGNAL,NONE DETECTED,Yes,Suspected Minor Injury,UNKNOWN,MD,Passenger Car,35,2020.0,Jeep,UT,13,Monday,8
MCP29680043,210051580,Montgomery County Police,Injury Crash,2021-12-18 15:00:00,County,SEVEN LOCKS RD,IVYMOUNT TERR,OTHER,RAINING,WET,DAYLIGHT,NO CONTROLS,Unknown,No,No Apparent Injury,NOT DISTRACTED,MD,Passenger Car,35,2020.0,Toyt,RAV 4,15,Saturday,12
MCP3289004B,250037710,MONTGOMERY,Property Damage Crash,2025-08-23 12:02:00,US (State),GEORGIA AVE,Unknown,"Sideswipe, Same Direction",Clear,Dry,Daylight,No Controls,"Not Suspect of Alcohol Use, Not Suspect of Drug Use",No,No Apparent Injury,Not Distracted,MD,Passenger Car,30,2013.0,Ford,C-MAX,12,Saturday,8
MCP2707001L,190031501,Montgomery County Police,Property Damage Crash,2019-07-02 12:40:00,County,DIAMONDBACK DR,MUDDY BRANCH RD,HEAD ON LEFT TURN,CLEAR,DRY,DAYLIGHT,TRAFFIC SIGNAL,NONE DETECTED,No,No Apparent Injury,NOT DISTRACTED,MD,Station Wagon,30,2018.0,Subaru,OUTBACK,12,Tuesday,7
MCP3153000N,180057877,Montgomery County Police,Injury Crash,2018-11-18 15:42:00,Maryland (State),GEORGIA AVE,GLENALLAN AVE,OTHER,CLEAR,DRY,DAYLIGHT,TRAFFIC SIGNAL,NONE DETECTED,Yes,No Apparent Injury,NOT DISTRACTED,XX,Passenger Car,45,2000.0,Honda,CIVIC,15,Sunday,11
MCP3067002R,230052867,Montgomery County Police,Property Damage Crash,2023-09-02 23:45:00,Maryland (State),FREDERICK RD,ODENDHAL AVE,OTHER,CLEAR,DRY,DARK LIGHTS ON,Unknown,NONE DETECTED,No,No Apparent Injury,NOT DISTRACTED,MD,Passenger Car,35,2019.0,Toyota,CAMRY,23,Saturday,9
MCP2594000F,15001367,Montgomery County Police,Injury Crash,2015-01-09 10:31:00,Maryland (State),LAYHILL RD,BONIFANT RD,OTHER,CLEAR,DRY,DAYLIGHT,NO CONTROLS,NONE DETECTED,No,No Apparent Injury,NOT DISTRACTED,MD,Passenger Car,35,2010.0,Hond,ACCORD,10,Friday,1
EJ7894001D,220033500,Gaithersburg Police Depar,Property Damage Crash,2022-08-04 14:52:00,Unknown,Unknown,Unknown,HEAD ON LEFT TURN,CLEAR,Unknown,DAYLIGHT,Unknown,NONE DETECTED,Yes,No Apparent Injury,NOT DISTRACTED,MD,Van,0,2022.0,Chev,VAN,14,Thursday,8
MCP229800FL,170528005,Montgomery County Police,Injury Crash,2017-08-31 15:44:00,Unknown,SNOWDEN FARM RD,NEWCUT ROAD,ANGLE MEETS LEFT TURN,CLEAR,DRY,DAYLIGHT,FLASHING TRAFFIC SIGNAL,NONE DETECTED,Unknown,No Apparent Injury,LOOKED BUT DID NOT SEE,MN,Passenger Car,40,2017.0,Ford,TAURUS,15,Thursday,8
MCP2861002D,16061490,Montgomery County Police,Property Damage Crash,2016-11-30 16:26:00,County,FALLS RD,MACARTHUR BLVD,SAME DIR REAR END,RAINING,WET,Unknown,STOP SIGN,NONE DETECTED,No,No Apparent Injury,NOT DISTRACTED,DE,Passenger Car,30,2014.0,Jeep,TK,16,Wednesday,11
MCP2689009B,230010524,Montgomery County Police,Property Damage Crash,2023-03-03 11:07:00,County,SHADY GROVE RD,WILLOW TREE DR,STRAIGHT MOVEMENT ANGLE,RAINING,WET,DAYLIGHT,NO CONTROLS,NONE DETECTED,Yes,No Apparent Injury,UNKNOWN,MD,Passenger Car,40,2019.0,Audi,S4,11,Friday,3
MCP32710049,240012539,MONTGOMERY,Property Damage Crash,2024-03-15 17:50:00,County Route,BRADLEY BLVD,BRADLEY BLVD RIVER RD,Front to Rear,Cloudy,Wet,Daylight,Traffic Control Signal,"Not Suspect of Alcohol Use, Not Suspect of Drug Use",Yes,No Apparent Injury,Unknown,VA,Passenger Car,35,2014.0,Toyota,CAMRY,17,Friday,3
MCP3396001L,250003572,MONTGOMERY,Injury Crash,2025-01-25 15:22:00,County Route,Unknown,Unknown,Front to Rear,Clear,Dry,Daylight,No Controls,"Not Suspect of Alcohol Use, Not Suspect of Drug Use",Yes,Possible Injury,Not Distracted,MD,Passenger Car,30,2021.0,Jeep,GRAND CHEROKEE,15,Saturday,1
MCP23980016,17012966,Montgomery County Police,Property Damage Crash,2017-03-12 13:36:00,Municipality,SUMMIT HALL RD,BRIGHTON DR,SAME DIR REAR END,CLEAR,DRY,DAYLIGHT,NO CONTROLS,ALCOHOL PRESENT,Yes,No Apparent Injury,OTHER CELLULAR PHONE RELATED,MD,Passenger Car,25,2000.0,Chev,PRISM,13,Sunday,3
MCP2927000S,16011870,MONTGOMERY,Property Damage Crash,2016-03-10 11:13:00,County,SILVER SPRING AVE,NOLTE AVE,OPPOSITE DIRECTION SIDESWIPE,CLEAR,DRY,DAYLIGHT,STOP SIGN,NONE DETECTED,No,No Apparent Injury,NOT DISTRACTED,MD,Passenger Car,25,2001.0,Volks,4S,11,Thursday,3
MCP2718002G,17001479,Montgomery County Police,Injury Crash,2017-01-09 17:42:00,Maryland (State),VEIRS MILL RD,MEADOW HALL DR,OTHER,CLEAR,DRY,DARK LIGHTS ON,Unknown,Unknown,No,Suspected Minor Injury,UNKNOWN,MD,Transit Bus,40,2013.0,New Flyer,TBU,17,Monday,1
MCP3117002B,200005995,Montgomery County Police,Property Damage Crash,2020-02-05 15:00:00,Municipality,ROLLINS AVE,CHAPMAN AVE,SINGLE VEHICLE,CLEAR,DRY,DAYLIGHT,NO CONTROLS,NONE DETECTED,Yes,No Apparent Injury,LOOKED BUT DID NOT SEE,MD,Passenger Car,15,2016.0,Ford,EXPLORER,15,Wednesday,2
MCP295200CV,220024175,Montgomery County Police,Property Damage Crash,2022-06-06 10:04:00,County,SILVER SPRING AVE,SCHRIDER ST,OTHER,CLEAR,DRY,DAYLIGHT,NO CONTROLS,NONE DETECTED,No,No Apparent Injury,NOT DISTRACTED,MD,Transit Bus,25,2009.0,Gill,BUS,10,Monday,6
MCP120500DH,250055752,MONTGOMERY,Injury Crash,2025-12-13 08:31:00,Maryland (State) Route,EAST WEST HWY,Unknown,Front to Rear,Clear,Dry,Daylight,No Controls,"Not Suspect of Alcohol Use, Not Suspect of Drug Use",No,Suspected Minor Injury,Not Distracted,MD,Passenger Car,35,2012.0,Hyundai,ELANTRA,8,Saturday,12
MCP2962002W,180049970,Montgomery County Police,Property Damage Crash,2018-10-06 09:58:00,Maryland (State),FREDERICK RD,GUNNERS BRANCH RD,HEAD ON LEFT TURN,CLOUDY,DRY,DAYLIGHT,TRAFFIC SIGNAL,NONE DETECTED,Yes,No Apparent Injury,LOOKED BUT DID NOT SEE,MD,Passenger Car,40,2014.0,Mini,2S,9,Saturday,10
MCP2446005L,210052230,Montgomery County Police,Property Damage Crash,2021-12-22 15:56:00,Interstate (State),EISENHOWER MEMORIAL HWY,RAMP 7 FR MD 121 WB TO IS 270 SB,SINGLE VEHICLE,CLEAR,DRY,DAYLIGHT,NO CONTROLS,NONE DETECTED,Yes,No Apparent Injury,NOT DISTRACTED,NY,Passenger Car,55,2021.0,Toyota,SUPRA,15,Wednesday,12
MCP12020017,16014240,MONTGOMERY,Property Damage Crash,2016-03-23 13:00:00,Maryland (State),WISCONSIN AVE,DORSET AVE,SAME DIRECTION SIDESWIPE,CLEAR,DRY,DAYLIGHT,Unknown,NONE DETECTED,Unknown,No Apparent Injury,NOT DISTRACTED,MD,Passenger Car,35,2006.0,Bmw,UU,13,Wednesday,3
MCP24560059,210007036,Montgomery County Police,Property Damage Crash,2021-02-24 06:10:00,Maryland (State),UNIVERSITY BLVD E,COLESVILLE RD,STRAIGHT MOVEMENT ANGLE,CLEAR,DRY,DARK LIGHTS ON,TRAFFIC SIGNAL,NONE DETECTED,Yes,No Apparent Injury,NOT DISTRACTED,MD,Passenger Car,40,2013.0,Toyota,PRIUS,6,Wednesday,2
MCP287100BV,250000542,MONTGOMERY,Property Damage Crash,2025-01-04 19:40:00,Maryland (State) Route,ROCKVILLE PIKE,Unknown,Front to Rear,Clear,Dry,Dark - Lighted,Traffic Control Signal,"Not Suspect of Alcohol Use, Not Suspect of Drug Use",Yes,No Apparent Injury,Not Distracted,MD,Sport Utility Vehicle,35,2015.0,Lexus,RX,19,Saturday,1