Report Number,Local Case Number,Agency Name,ACRS Report Type,Crash Date/Time,Route Type,Road Name,Cross-Street Name,Collision Type,Weather,Surface Condition,Light,Traffic Control,Driver Substance Abuse,Driver At Fault,Injury Severity,Driver Distracted By,Drivers License State,Vehicle Body Type,Speed Limit,Vehicle Year,Vehicle Make,Vehicle Model,Crash Hour,Crash Day,Crash Month
MCP28230018,15019689,Montgomery County Police,Property Damage Crash,2015-04-26 15:40:00,Maryland (State),VEIRS MILL RD,GRIDLEY RD,SAME DIR REAR END,CLEAR,DRY,DAYLIGHT,TRAFFIC SIGNAL,NONE DETECTED,No,No Apparent Injury,NOT DISTRACTED,MD,Passenger Car,40,2007.0,Ford,EDGE,15,Sunday,4
MCP3180003Y,240020357,MONTGOMERY,Property Damage Crash,2024-05-01 16:11:00,County Route,MORNINGWOOD DR,Unknown,Front to Rear,Clear,Dry,Daylight,Traffic Control Signal,"Not Suspect of Alcohol Use, Not Suspect of Drug Use",No,No Apparent Injury,Not Distracted,MD,Bus - School,30,2022.0,Freightliner,SBFD,16,Wednesday,5
MCP1260001K,240061381,MONTGOMERY,Property Damage Crash,2024-12-23 23:56:00,County Route,FATHER HURLEY BLVD (NB/L),Unknown,"Sideswipe, Same Direction",Clear,Dry,Dark - Lighted,No Controls,"Unknown, Unknown",No,No Apparent Injury,Unknown,Unknown,Van - Cargo,45,2003.0,Ford,E-350,23,Monday,12
MCP12330061,240056860,MONTGOMERY,Injury Crash,2024-11-26 20:18:00,Bicycle Route,Unknown,BEACH DR CONNECTICUT AVE,Rear To Side,Clear,Dry,Dark - Not Lighted,Traffic Control Signal,"Not Suspect of Alcohol Use, Not Suspect of Drug Use",No,No Apparent Injury,Not Distracted,MD,Passenger Car,25,2014.0,Toyota,PASEO,20,Tuesday,11
MCP3040005S,230016328,Montgomery County Police,Injury Crash,2023-04-05 18:30:00,County,ROLLING ACRES WAY,STONEYCASTLE ST,STRAIGHT MOVEMENT ANGLE,CLEAR,DRY,DAYLIGHT,YIELD SIGN,NONE DETECTED,No,No Apparent Injury,NOT DISTRACTED,MD,Passenger Car,25,2019.0,Cadi,UT,18,Wednesday,4
MCP3207001T,210020408,Montgomery County Police,Injury Crash,2021-05-29 19:52:00,County,CALVERTON BLVD,PALERMO DR,ANGLE MEETS LEFT TURN,RAINING,WET,DUSK,STOP SIGN,NONE DETECTED,No,Suspected Minor Injury,NOT DISTRACTED,MD,Passenger Car,30,2004.0,Honda,ACCORD,19,Saturday,5
DD5538000Q,15023070,Rockville Police Departme,Property Damage Crash,2015-05-14 13:30:00,Unknown,Unknown,Unknown,OTHER,CLEAR,Unknown,DAYLIGHT,NO CONTROLS,UNKNOWN,Yes,No Apparent Injury,UNKNOWN,WV,Passenger Car,25,1998.0,Toyota,COROLLA,13,Thursday,5
MCP3394001N,250021473,MONTGOMERY,Injury Crash,2025-05-15 15:50:00,Maryland (State) Route,Unknown,Unknown,Angle,Clear,Dry,Daylight,No Controls,"Not Suspect of Alcohol Use, Not Suspect of Drug Use",Yes,No Apparent Injury,Not Distracted,MD,Passenger Car,35,2016.0,Ford,EXPLORER,15,Thursday,5
MCP3211000J,190049421,Montgomery County Police,Property Damage Crash,2019-10-15 10:34:00,County,FORT SUMNER DR,MASSACHUSETTS AVE,HEAD ON LEFT TURN,CLEAR,DRY,DAYLIGHT,Unknown,NONE DETECTED,Yes,No Apparent Injury,LOOKED BUT DID NOT SEE,MD,Unknown,30,2016.0,Audi,ALLROAD,10,Tuesday,10
MCP3218001Z,210035650,Montgomery County Police,Injury Crash,2021-09-10 17:55:00,Maryland (State),UNIVERSITY BLVD W,DENNIS AVE,STRAIGHT MOVEMENT ANGLE,CLEAR,DRY,DAYLIGHT,TRAFFIC SIGNAL,NONE DETECTED,Yes,No Apparent Injury,UNKNOWN,MD,Passenger Car,35,2015.0,Dodge,DURANGO,17,Friday,9
MCP2888001T,220006266,Montgomery County Police,Property Damage Crash,2022-02-13 01:00:00,Maryland (State),ROCKVILLE PIKE,HUBBARD DR,SINGLE VEHICLE,RAINING,WET,DARK LIGHTS ON,FLASHING TRAFFIC SIGNAL,Unknown,Yes,No Apparent Injury,UNKNOWN,Unknown,Passenger Car,40,2017.0,Honda,ACCORD,1,Sunday,2
MCP2094005L,15050971,MONTGOMERY,Injury Crash,2015-10-08 08:35:00,Maryland (State),ROCKVILLE PIKE,OLD GEORGETOWN RD,SAME DIR REAR END,CLEAR,DRY,DAYLIGHT,NO CONTROLS,NONE DETECTED,Yes,No Apparent Injury,LOOKED BUT DID NOT SEE,MD,(Sport) Utility Vehicle,35,2010.0,Mitsubishi,OUTLANDER,8,Thursday,10
MCP2436005T,180037690,Montgomery County Police,Injury Crash,2018-07-30 08:09:00,Maryland (State),UNIVERSITY BLVD E,WILLIAMSBURG DR,SAME DIR REAR END,Unknown,DRY,DAYLIGHT,TRAFFIC SIGNAL,NONE DETECTED,No,Possible Injury,NOT DISTRACTED,MD,Van,35,2004.0,Chevrolet,EXPRESS,8,Monday,7
MCP2118001Z,240037836,MONTGOMERY,Property Damage Crash,2024-08-10 23:24:00,Maryland (State) Route,Unknown,Unknown,"Sideswipe, Same Direction",Clear,Dry,Dark - Lighted,No Controls,"Not Suspect of Alcohol Use, Not Suspect of Drug Use",No,No Apparent Injury,Not Distracted,MD,Pickup,45,1996.0,Dodge,RAM,23,Saturday,8
DD56480021,230026115,Rockville Police Departme,Injury Crash,2023-05-31 15:37:00,Maryland (State),W JEFFERSON ST,S WASHINGTON ST,HEAD ON LEFT TURN,CLEAR,DRY,DAYLIGHT,TRAFFIC SIGNAL,NONE DETECTED,No,Suspected Minor Injury,NOT DISTRACTED,MD,Passenger Car,30,2018.0,Mini,COOPER,15,Wednesday,5
MCP28050025,16063101,Montgomery County Police,Injury Crash,2016-12-08 19:56:00,County,WATKINS MILL RD,APPLE RIDGE RD,HEAD ON,CLEAR,DRY,DARK LIGHTS ON,TRAFFIC SIGNAL,ALCOHOL PRESENT,Yes,Possible Injury,NOT DISTRACTED,MD,Passenger Car,35,1999.0,Toyota,COROLLA,19,Thursday,12
MCP3093005R,240050779,MONTGOMERY,Property Damage Crash,2024-10-23 16:38:00,County Route,OLD SPRING RD,Unknown,Other,Clear,Dry,Daylight,No Controls,"Not Suspect of Alcohol Use, Not Suspect of Drug Use",Yes,No Apparent Injury,Not Distracted,MD,Bus - School,25,2022.0,Thomas Built,SCHOOL BUS,16,Wednesday,10
MCP2508000P,180043490,Montgomery County Police,Property Damage Crash,2018-08-31 17:01:00,Maryland (State),FREDERICK RD,GUNNERS BRANCH RD,STRAIGHT MOVEMENT ANGLE,CLEAR,DRY,DAYLIGHT,TRAFFIC SIGNAL,NONE DETECTED,Yes,No Apparent Injury,NOT DISTRACTED,MD,Passenger Car,45,2018.0,Toyt,4S,17,Friday,8
MCP26560036,180040608,Montgomery County Police,Property Damage Crash,2018-08-15 14:31:00,Maryland (State),NEW HAMPSHIRE AVE,ENT TO WHITE OAK CENTER,OTHER,Unknown,DRY,DAYLIGHT,Unknown,Unknown,Yes,No Apparent Injury,LOOKED BUT DID NOT SEE,MD,Passenger Car,10,1994.0,Oldsmobile,4D,14,Wednesday,8
MCP2693004J,240028653,MONTGOMERY,Injury Crash,2024-06-16 14:04:00,County Route,MASON ST,GEORGIA AVE (SB/L),"Sideswipe, Same Direction",Clear,Dry,Daylight,No Controls,"Not Suspect of Alcohol Use, Not Suspect of Drug Use",Yes,No Apparent Injury,Unknown,MD,Sport Utility Vehicle,35,2024.0,Honda,CR-V,14,Sunday,6
MCP9113001K,16029216,Montgomery County Police,Property Damage Crash,2016-06-10 14:47:00,Maryland (State),NORBECK RD,GEORGIA AVE,OTHER,CLEAR,DRY,DAYLIGHT,NO CONTROLS,NONE DETECTED,Unknown,No Apparent Injury,NOT DISTRACTED,MD,Other,40,1999.0,Intl,DLRTRK,14,Friday,6
MCP28630033,240001203,MONTGOMERY,Property Damage Crash,2024-01-08 14:00:00,County Route,SHADY GROVE RD,Unknown,"Sideswipe, Same Direction",Clear,Dry,Daylight,Other Warning Sign,"Unknown, Unknown",No,No Apparent Injury,Unknown,Unknown,Other,45,2004.0,Ford,F-350,14,Monday,1
MCP102200FB,210003204,Montgomery County Police,Injury Crash,2021-01-26 05:36:00,Maryland (State),WOODFIELD RD,SUNNYACRES RD,SINGLE VEHICLE,WINTRY MIX,ICE,DARK NO LIGHTS,NO CONTROLS,NONE DETECTED,Yes,Possible Injury,NOT DISTRACTED,MD,Passenger Car,35,2017.0,Ford,MUSTANG,5,Tuesday,1
MCP2466002L,180043733,Montgomery County Police,Injury Crash,2018-09-01 22:25:00,Maryland (State),NEW HAMPSHIRE AVE,RIVERMIST CT,HEAD ON,RAINING,WET,DARK NO LIGHTS,Unknown,Unknown,No,No Apparent Injury,NOT DISTRACTED,MD,Van,40,2011.0,Toyota,SIENNA,22,Saturday,9
DD56630028,250031386,ROCKVILLE,Injury Crash,2025-07-14 16:02:00,Municipality Route,HALPINE RD (EB/L),ROCKVILLE PIKE (SB/L),Front to Rear,Clear,Dry,Daylight,Traffic Control Signal,"Not Suspect of Alcohol Use, Not Suspect of Drug Use",No,No Apparent Injury,Not Distracted,MD,Sport Utility Vehicle,25,2024.0,Bmw,X3,16,Monday,7
DD56070025,170527665,Rockville Police Departme,Property Damage Crash,2017-08-29 22:30:00,Municipality,SOUTHLAWN LA,E GUDE DR,HEAD ON LEFT TURN,CLEAR,DRY,DARK LIGHTS ON,TRAFFIC SIGNAL,NONE DETECTED,No,No Apparent Injury,NOT DISTRACTED,MD,Passenger Car,35,2016.0,Honda,CRV,22,Tuesday,8
MCP24200032,180026191,Montgomery County Police,Property Damage Crash,2018-05-28 14:00:00,Unknown,Unknown,Unknown,SAME DIR REAR END,Unknown,Unknown,DAYLIGHT,STOP SIGN,Unknown,Yes,No Apparent Injury,NOT DISTRACTED,Unknown,Passenger Car,15,2006.0,Toyt,4 RUNNER,14,Monday,5
MCP27370044,200000529,Montgomery County Police,Property Damage Crash,2020-01-03 23:45:00,Maryland (State),GEORGIA AVE,HINES RD,STRAIGHT MOVEMENT ANGLE,FOGGY,WET,DARK LIGHTS ON,TRAFFIC SIGNAL,NONE DETECTED,Unknown,No Apparent Injury,UNKNOWN,MD,Van,45,2012.0,Honda,VAN,23,Friday,1
DM8476000F,190041413,Takoma Park Police Depart,Injury Crash,2019-08-29 17:45:00,Maryland (State),NEW HAMPSHIRE AVE,ETHAN ALLEN AVE,SAME DIR REAR END,CLEAR,DRY,DAYLIGHT,TRAFFIC SIGNAL,NONE DETECTED,Yes,No Apparent Injury,NOT DISTRACTED,MD,"Other Light Trucks (10,000Lbs (4,536Kg) Or Less)",35,2012.0,Ford,TK,17,Thursday,8
MCP2522001C,210042320,Montgomery County Police,Property Damage Crash,2021-10-21 13:00:00,County,EXECUTIVE BLVD,CROSSOVER,SAME DIR REAR END,CLEAR,DRY,DAYLIGHT,NO CONTROLS,NONE DETECTED,Yes,No Apparent Injury,NOT DISTRACTED,VA,Passenger Car,30,2017.0,Dodge,CHALLENGER,13,Thursday,10
MCP2750002W,170519144,Montgomery County Police,Injury Crash,2017-07-14 19:00:00,County,VALLEYWOOD DR,HENDERSON AVE,STRAIGHT MOVEMENT ANGLE,RAINING,WET,DAYLIGHT,NO CONTROLS,NONE DETECTED,No,No Apparent Injury,NOT DISTRACTED,MD,Passenger Car,25,2005.0,Ford,EXPLORER,19,Friday,7
MCP2356001R,200029346,Montgomery County Police,Injury Crash,2020-07-28 17:35:00,Maryland (State),FREDERICK RD,REDLAND BLVD,SINGLE VEHICLE,Unknown,DRY,DAYLIGHT,TRAFFIC SIGNAL,NONE DETECTED,Yes,No Apparent Injury,NOT DISTRACTED,MD,Passenger Car,40,2004.0,Acur,2S,17,Tuesday,7
MCP2968005F,240008441,MONTGOMERY,Injury Crash,2024-02-21 08:23:00,County Route,Unknown,SHADY GROVE RD (SB/L),Other,Clear,Dry,Daylight,Traffic Control Signal,"Not Suspect of Alcohol Use, Not Suspect of Drug Use",No,No Apparent Injury,Unknown,MD,Passenger Car,35,2019.0,Acura,MDX,8,Wednesday,2
MCP32820013,220007098,Montgomery County Police,Property Damage Crash,2022-02-18 04:20:00,County,MIDDLEBROOK RD,GREAT SENECA HWY,HEAD ON LEFT TURN,CLEAR,DRY,DARK LIGHTS ON,FLASHING TRAFFIC SIGNAL,NONE DETECTED,No,No Apparent Injury,NOT DISTRACTED,MD,Passenger Car,40,2020.0,Honda,CIVIC,4,Friday,2
EJ7870003V,210021489,Gaithersburg Police Depar,Property Damage Crash,2021-06-06 13:46:00,Unknown,Unknown,Unknown,OPPOSITE DIRECTION SIDESWIPE,CLEAR,Unknown,DAYLIGHT,Unknown,NONE DETECTED,Yes,No Apparent Injury,INATTENTIVE OR LOST IN THOUGHT,MD,(Sport) Utility Vehicle,15,2016.0,Mazd,CX9,13,Sunday,6
MCP158000BM,190029246,Montgomery County Police,Injury Crash,2019-06-19 08:17:00,Maryland (State),FREDERICK RD,S WESTLAND DR,HEAD ON LEFT TURN,CLOUDY,DRY,DAYLIGHT,TRAFFIC SIGNAL,NONE DETECTED,No,Possible Injury,NOT DISTRACTED,MD,(Sport) Utility Vehicle,40,2011.0,Chev,TRAVERSE,8,Wednesday,6
MCP2975002Y,190036228,Montgomery County Police,Property Damage Crash,2019-07-29 23:27:00,County,ATWOOD RD,ALDERTON RD,HEAD ON,CLEAR,DRY,DARK LIGHTS ON,NO CONTROLS,UNKNOWN,Yes,No Apparent Injury,UNKNOWN,MD,Passenger Car,15,2009.0,Honda,ACCORD,23,Monday,7
MCP120500CN,250000464,MONTGOMERY,Property Damage Crash,2025-01-04 11:13:00,Maryland (State) Route,CONNECTICUT AVE,Unknown,"Sideswipe, Same Direction",Clear,Dry,Daylight,No Controls,"Not Suspect of Alcohol Use, Not Suspect of Drug Use",Yes,No Apparent Injury,Not Distracted,MD,Other Trucks,25,2016.0,Autocar,XPEDITOR,11,Saturday,1
MCP2436003G,170513791,Montgomery County Police,Property Damage Crash,2017-06-15 08:45:00,US (State),COLESVILLE RD,LORAIN AVE,SAME DIR REAR END,CLEAR,DRY,DAYLIGHT,NO CONTROLS,Unknown,Yes,No Apparent Injury,UNKNOWN,Unknown,Passenger Car,40,1996.0,Chevrolet,LUMINA,8,Thursday,6
MCP3148003C,210031517,Montgomery County Police,Property Damage Crash,2021-08-13 17:38:00,County,SEVEN LOCKS RD,CINDY LA,SAME DIR REAR END,RAINING,WET,DUSK,Unknown,NONE DETECTED,Unknown,No Apparent Injury,UNKNOWN,MD,Pickup Truck,30,2003.0,Ford,TK,17,Friday,8
MCP0619001H,190009658,Montgomery County Police,Injury Crash,2019-03-01 10:30:00,County,SHADY GROVE RD,RAMP 1 FR IS 270 NB TO SHADY GROVE RD WB,SAME DIR REAR END,Unknown,WET,DAYLIGHT,TRAFFIC SIGNAL,Unknown,Yes,Possible Injury,NOT DISTRACTED,MD,Passenger Car,40,2008.0,Chevy,SW,10,Friday,3
MCP271700HX,180028840,Montgomery County Police,Property Damage Crash,2018-06-11 14:00:00,US (State),COLESVILLE RD,SLIGO CREEK PKWY,OTHER,CLEAR,DRY,DAYLIGHT,TRAFFIC SIGNAL,NONE DETECTED,Yes,No Apparent Injury,LOOKED BUT DID NOT SEE,DC,(Sport) Utility Vehicle,35,2007.0,Lexus,RX,14,Monday,6
MCP34550009,250018205,MONTGOMERY,Property Damage Crash,2025-04-26 18:30:00,County Route,AMHERST AVE,WINDHAM LA,Angle,Clear,Dry,Daylight,Stop Sign,"Not Suspect of Alcohol Use, Not Suspect of Drug Use",Yes,No Apparent Injury,"Other Action (looking away from task, etc.)",MD,Passenger Car,25,2021.0,Honda,CIVIC TYPE R,18,Saturday,4
MCP271700XW,230052014,Montgomery County Police,Injury Crash,2023-08-29 14:33:00,Maryland (State),NEW HAMPSHIRE AVE,ELTON RD,SAME DIR REAR END,CLEAR,DRY,DAYLIGHT,TRAFFIC SIGNAL,NONE DETECTED,No,Suspected Minor Injury,NOT DISTRACTED,MD,Motorcycle,40,2015.0,Honda,MOTORCYCLE,14,Tuesday,8
MCP2969005R,180063717,Montgomery County Police,Injury Crash,2018-12-21 05:50:00,Maryland (State),NEW HAMPSHIRE AVE,MIDLAND RD,SAME DIR REAR END,RAINING,WET,DARK LIGHTS ON,TRAFFIC SIGNAL,NONE DETECTED,Yes,No Apparent Injury,NOT DISTRACTED,MD,Passenger Car,45,2004.0,Toyota,SIENNA,5,Friday,12
MCP27670027,16065999,Montgomery County Police,Property Damage Crash,2016-12-23 15:45:00,County,NEWPORT MILL RD,PAUL DR,SAME DIRECTION SIDESWIPE,CLEAR,DRY,DAYLIGHT,NO CONTROLS,NONE DETECTED,No,No Apparent Injury,NOT DISTRACTED,MD,Transit Bus,25,2016.0,Gill,BUS,15,Friday,12
MCP3061000M,170540654,Montgomery County Police,Injury Crash,2017-11-03 11:30:00,County,WATERS LANDING DR,SHADYSIDE WAY,SAME DIR REAR END,CLEAR,DRY,DAYLIGHT,NO CONTROLS,NONE DETECTED,Yes,Suspected Minor Injury,UNKNOWN,MD,Passenger Car,30,2004.0,Toyota,CAMRY,11,Friday,11
MCP2664001V,16007246,Montgomery County Police,Injury Crash,2016-02-12 12:19:00,Maryland (State),GEORGIA AVE,PRICE AVE,STRAIGHT MOVEMENT ANGLE,CLEAR,DRY,DAYLIGHT,STOP SIGN,NONE DETECTED,No,Possible Injury,UNKNOWN,MD,Other,35,2016.0,Nissan,FRONTIER,12,Friday,2
DD5615002H,16047309,Rockville Police Departme,Property Damage Crash,2016-09-15 09:42:00,Maryland (State),VEIRS MILL RD,TWINBROOK PKWY,SINGLE VEHICLE,CLEAR,DRY,DAYLIGHT,NO CONTROLS,MEDICATION CONTRIBUTED,Yes,No Apparent Injury,NOT DISTRACTED,MD,Passenger Car,40,2013.0,Chevrolet,CAMERO,9,Thursday,9
MCP9128000J,16022629,Montgomery County Police,Injury Crash,2016-05-07 11:07:00,Unknown,Unknown,Unknown,SAME DIR REAR END,CLEAR,Unknown,DAYLIGHT,STOP SIGN,NONE DETECTED,No,Suspected Minor Injury,NOT DISTRACTED,MD,Passenger Car,10,2013.0,Honda,FIT,11,Saturday,5
MCP3048008L,220038174,Montgomery County Police,Property Damage Crash,2022-09-03 07:25:00,Unknown,Unknown,Unknown,SAME DIR REAR END,CLEAR,Unknown,DAYLIGHT,Unknown,Unknown,Yes,No Apparent Injury,NOT DISTRACTED,MD,Passenger Car,35,2010.0,Toyota,COROLLA,7,Saturday,9
MCP2894005B,190001213,Montgomery County Police,Property Damage Crash,2019-01-08 10:30:00,County,NICHOLSON LA,WOODGLEN DR,STRAIGHT MOVEMENT ANGLE,CLEAR,DRY,DAYLIGHT,TRAFFIC SIGNAL,NONE DETECTED,Yes,No Apparent Injury,LOOKED BUT DID NOT SEE,MD,Passenger Car,35,2017.0,Jeep,COMPASS,10,Tuesday,1
MCP9365000N,170508648,Montgomery County Police,Injury Crash,2017-05-19 11:04:00,Maryland (State),NEW HAMPSHIRE AVE,SHAW AVE E,SAME DIR REAR END,CLEAR,DRY,DAYLIGHT,Unknown,NONE DETECTED,No,No Apparent Injury,NOT DISTRACTED,MD,Passenger Car,40,2015.0,Kia,OPTIMA,11,Friday,5
MCP3030000Q,170528873,Montgomery County Police,Injury Crash,2017-09-05 19:43:00,County,WESTLAKE TERR,AUTO PARK AVE,STRAIGHT MOVEMENT ANGLE,RAINING,WET,DARK LIGHTS ON,TRAFFIC SIGNAL,NONE DETECTED,No,Possible Injury,NOT DISTRACTED,MD,Passenger Car,25,2007.0,Toyt,4S,19,Tuesday,9
MCP9379001C,170514392,Montgomery County Police,Property Damage Crash,2017-06-18 12:48:00,Maryland (State),VEIRS MILL RD,ASPEN HILL RD,SAME DIR REAR END,CLEAR,DRY,DAYLIGHT,TRAFFIC SIGNAL,NONE DETECTED,Yes,No Apparent Injury,NOT DISTRACTED,AZ,Passenger Car,45,2017.0,Volkswagon,TIGUAN,12,Sunday,6
MCP2788002P,220024320,Montgomery County Police,Property Damage Crash,2022-06-06 22:27:00,Maryland (State),GEORGIA AVE,PRICHARD RD,HEAD ON LEFT TURN,CLEAR,DRY,DARK LIGHTS ON,Unknown,Unknown,No,No Apparent Injury,NOT DISTRACTED,MD,Ambulance/Emergency,25,2018.0,Freight,AMBULANCE,22,Monday,6
MCP1436000R,190027044,Montgomery County Police,Injury Crash,2019-06-06 12:53:00,County,SHADY GROVE RD,FREDERICK RD,STRAIGHT MOVEMENT ANGLE,CLEAR,DRY,DAYLIGHT,NO CONTROLS,NONE DETECTED,Yes,No Apparent Injury,LOOKED BUT DID NOT SEE,GA,Truck Tractor,40,2012.0,Peterbuilt,COTTRELL,12,Thursday,6
MCP3127004D,250012075,MONTGOMERY,Property Damage Crash,2025-03-19 15:20:00,Government Route,CLARA BARTON PKWY (NB/L),Unknown,"Sideswipe, Same Direction",Clear,Dry,Daylight,Other Signal,"Unknown, Unknown",No,Unknown,Unknown,Unknown,Passenger Car,10,2016.0,Bmw,328I,15,Wednesday,3
MCP23580041,170534689,Montgomery County Police,Property Damage Crash,2017-10-04 10:38:00,County,BULLS RUN PKWY,NOWELL DR,OTHER,CLEAR,DRY,DAYLIGHT,NO CONTROLS,NONE DETECTED,No,No Apparent Injury,NOT DISTRACTED,DC,"Cargo Van/Light Truck 2 Axles (Over 10,000Lbs (4,536 Kg))",25,2016.0,Freightliner,114SD,10,Wednesday,10
MCP11190043,170524327,Montgomery County Police,Injury Crash,2017-08-11 13:38:00,Maryland (State),CONNECTICUT AVE,GEORGIA AVE,SAME DIR REAR END,CLEAR,DRY,DAYLIGHT,NO CONTROLS,NONE DETECTED,No,No Apparent Injury,NOT DISTRACTED,MD,Passenger Car,40,2005.0,Ford,EXPLORER,13,Friday,8
EJ79070021,250015115,GAITHERSBURG,Property Damage Crash,2025-04-07 15:30:00,Municipality Route,GIRARD ST (WB/L),Unknown,Angle,Clear,Dry,Daylight,No Controls,"Not Suspect of Alcohol Use, Not Suspect of Drug Use",No,No Apparent Injury,Not Distracted,Unknown,Sport Utility Vehicle,30,2017.0,Mitsubishi,OUTLANDER,15,Monday,4
MCP29890021,230005213,Montgomery County Police,Property Damage Crash,2023-01-31 16:30:00,Maryland (State),FREDERICK RD,MONTGOMERY VILLAGE AVE,SAME DIRECTION SIDESWIPE,CLEAR,DRY,DAYLIGHT,NO CONTROLS,Unknown,No,No Apparent Injury,NOT DISTRACTED,MD,(Sport) Utility Vehicle,40,2020.0,Jeep,CHEROKEE,16,Tuesday,1
MCP2396001C,16040529,Montgomery County Police,Property Damage Crash,2016-08-10 13:32:00,Unknown,Unknown,Unknown,SAME DIR REAR END,CLEAR,Unknown,DAYLIGHT,NO CONTROLS,NONE DETECTED,No,No Apparent Injury,NOT DISTRACTED,MD,Passenger Car,5,2005.0,Hond,ACCORD,13,Wednesday,8
MCP21810046,210041941,Montgomery County Police,Injury Crash,2021-10-19 09:23:00,County,SNOWDEN FARM PKWY,FOREMAN BLVD,STRAIGHT MOVEMENT ANGLE,CLEAR,DRY,DAYLIGHT,STOP SIGN,Unknown,Yes,Suspected Minor Injury,NOT DISTRACTED,MD,Passenger Car,40,2004.0,Toyt,MATRIX,9,Tuesday,10
MCP27170052,16010589,MONTGOMERY,Injury Crash,2016-03-03 08:30:00,Maryland (State),CONNECTICUT AVE,WOODBINE ST,STRAIGHT MOVEMENT ANGLE,CLEAR,DRY,DAYLIGHT,STOP SIGN,NONE DETECTED,No,Suspected Minor Injury,NOT DISTRACTED,MD,Passenger Car,25,2008.0,Honda,CIVIC,8,Thursday,3
MCP157500D3,220001225,Montgomery County Police,Property Damage Crash,2022-01-11 10:01:00,County,QUEEN MARY DR,GEORGIA AVE,OTHER,CLEAR,DRY,DAYLIGHT,NO CONTROLS,NONE DETECTED,No,No Apparent Injury,NOT DISTRACTED,MD,Passenger Car,25,2013.0,Toyt,VENZA,10,Tuesday,1
MCP9130006N,190004394,Montgomery County Police,Property Damage Crash,2019-01-28 11:58:00,US (State),COLUMBIA PIKE,BURNT MILLS AVE,STRAIGHT MOVEMENT ANGLE,CLEAR,DRY,DAYLIGHT,TRAFFIC SIGNAL,NONE DETECTED,Yes,No Apparent Injury,UNKNOWN,MD,Van,45,2011.0,Honda,ODYSSEY,11,Monday,1
MCP3239000P,200013882,Montgomery County Police,Property Damage Crash,2020-03-24 21:37:00,Maryland (State),SPENCERVILLE RD,SANTINI RD,SINGLE VEHICLE,CLEAR,DRY,DARK LIGHTS ON,NO CONTROLS,UNKNOWN,Yes,No Apparent Injury,INATTENTIVE OR LOST IN THOUGHT,MD,Van,30,1999.0,Toyota,SIENNA,21,Tuesday,3
MCP2987003Z,180037592,Montgomery County Police,Property Damage Crash,2018-07-29 14:32:00,US (State),COLESVILLE RD,TIMBERWOOD AVE,STRAIGHT MOVEMENT ANGLE,CLEAR,DRY,DAYLIGHT,NO CONTROLS,NONE DETECTED,Yes,No Apparent Injury,LOOKED BUT DID NOT SEE,FL,Passenger Car,40,2012.0,Dodge,JOURNEY,14,Sunday,7
MCP30660022,220028909,Montgomery County Police,Injury Crash,2022-07-06 02:46:00,Maryland (State),GOLDSBORO RD,RADNOR RD,SINGLE VEHICLE,CLEAR,DRY,DARK LIGHTS ON,Unknown,Unknown,Yes,Suspected Serious Injury,OTHER DISTRACTION,MD,Passenger Car,30,2018.0,Jeep,COMPASS,2,Wednesday,7
MCP2991001B,16057076,Montgomery County Police,Property Damage Crash,2016-11-05 10:09:00,County,RANDOLPH RD,KEMP MILL RD,OTHER,CLEAR,DRY,DAYLIGHT,NO CONTROLS,NONE DETECTED,Unknown,No Apparent Injury,NOT DISTRACTED,MD,"Other Light Trucks (10,000Lbs (4,536Kg) Or Less)",35,2001.0,Ster,DS,10,Saturday,11
MCP2679001B,16021380,Montgomery County Police,Injury Crash,2016-04-30 23:23:00,Unknown,Unknown,Unknown,SINGLE VEHICLE,RAINING,Unknown,DARK LIGHTS ON,NO CONTROLS,NONE DETECTED,Yes,Possible Injury,NOT DISTRACTED,MD,Passenger Car,30,2015.0,Jeep,COMPASS,23,Saturday,4
MCP209400BT,180037181,Montgomery County Police,Property Damage Crash,2018-07-27 07:07:00,Interstate (State),CAPITAL BELTWAY,ROCKVILLE PIKE,SAME DIRECTION SIDESWIPE,CLEAR,DRY,DAYLIGHT,NO CONTROLS,NONE DETECTED,Yes,No Apparent Injury,NOT DISTRACTED,MD,Passenger Car,55,2018.0,Chevy,MALIBU,7,Friday,7
MCP3115000F,180013494,Montgomery County Police,Property Damage Crash,2018-03-18 11:02:00,Maryland (State),UNIVERSITY BLVD E,WILLIAMSBURG DR,SAME DIRECTION SIDESWIPE,Unknown,Unknown,DAYLIGHT,Unknown,UNKNOWN,Yes,No Apparent Injury,UNKNOWN,Unknown,Passenger Car,25,2000.0,Unknown,UNKNOWN,11,Sunday,3
MCP2986000L,16022601,Montgomery County Police,Injury Crash,2016-05-07 06:55:00,Maryland (State),GEORGIA AVE,RAMP 2 FR IS 495 WB TO MD 97 NB,SAME DIR REAR END,Unknown,DRY,DAYLIGHT,NO CONTROLS,NONE DETECTED,No,Suspected Minor Injury,NOT DISTRACTED,GA,Passenger Car,30,2007.0,Toyota,RAV 4,6,Saturday,5
MCP27980051,220035897,Montgomery County Police,Property Damage Crash,2022-08-19 19:58:00,County,FATHER HURLEY BLVD,MIDDLEBROOK RD,SAME DIR REAR END,CLEAR,DRY,DUSK,YIELD SIGN,NONE DETECTED,Yes,No Apparent Injury,LOOKED BUT DID NOT SEE,MD,Passenger Car,30,2018.0,Kia,4D,19,Friday,8