Report Number,Local Case Number,Agency Name,ACRS Report Type,Crash Date/Time,Route Type,Road Name,Cross-Street Name,Collision Type,Weather,Surface Condition,Light,Traffic Control,Driver Substance Abuse,Driver At Fault,Injury Severity,Driver Distracted By,Drivers License State,Vehicle Body Type,Speed Limit,Vehicle Year,Vehicle Make,Vehicle Model,Crash Hour,Crash Day,Crash Month
MCP2967006Q,250016575,MONTGOMERY,Injury Crash,2025-04-16 15:37:00,Maryland (State) Route,GOLDSBORO RD (SB/L),BRADLEY BLVD,Angle,Clear,Dry,Daylight,Traffic Control Signal,"Not Suspect of Alcohol Use, Not Suspect of Drug Use",No,Possible Injury,Not Distracted,MD,Sport Utility Vehicle,35,2020.0,Honda,PILOT,15,Wednesday,4
MCP3402003N,250024032,MONTGOMERY,Property Damage Crash,2025-05-30 13:04:00,Maryland (State) Route,NEW HAMPSHIRE AVE,Unknown,Front to Rear,Clear,Dry,Daylight,No Controls,"Not Suspect of Alcohol Use, Not Suspect of Drug Use",No,No Apparent Injury,Not Distracted,MD,Other Trucks,35,2019.0,Ford,TRANSIT,13,Friday,5
DD56060049,170510336,Rockville Police Departme,Property Damage Crash,2017-05-28 03:22:00,Unknown,Unknown,Unknown,OTHER,CLEAR,Unknown,DARK LIGHTS ON,NO CONTROLS,Unknown,No,No Apparent Injury,NO DRIVER PRESENT,MD,Passenger Car,15,2014.0,Hond,4S,3,Sunday,5
MCP27700035,230017763,Montgomery County Police,Property Damage Crash,2023-04-14 07:27:00,Maryland (State),WOODFIELD RD,SNOUFFERS SCHOOL RD,SAME DIR REAR END,CLEAR,DRY,DAYLIGHT,TRAFFIC SIGNAL,NONE DETECTED,No,No Apparent Injury,NOT DISTRACTED,MD,Passenger Car,45,2020.0,Honda,CRV,7,Friday,4
MCP3169000H,190015398,Montgomery County Police,Injury Crash,2019-04-03 08:51:00,Maryland (State),NEW HAMPSHIRE AVE,CROSSOVER,SAME DIR REAR END,CLEAR,DRY,DAYLIGHT,Unknown,Unknown,No,Possible Injury,NOT DISTRACTED,MD,(Sport) Utility Vehicle,35,2005.0,Gmc,YUKON,8,Wednesday,4
MCP2072002Q,180057439,Montgomery County Police,Injury Crash,2018-11-16 07:12:00,Maryland (State),GERMANTOWN RD,END BRIDGE,SAME DIR REAR END,SNOW,ICE,DAYLIGHT,NO CONTROLS,NONE DETECTED,Yes,No Apparent Injury,NOT DISTRACTED,MD,Passenger Car,25,2006.0,Ford,TK,7,Friday,11
DM8522004T,250048935,TAKOMA,Property Damage Crash,2025-10-31 17:16:00,Maryland (State) Route,NEW HAMPSHIRE AVE,LINDEN AVE,Other,Clear,Dry,Daylight,No Controls,"Not Suspect of Alcohol Use, Not Suspect of Drug Use",No,No Apparent Injury,Not Distracted,MD,Passenger Car,15,2017.0,Honda,CIVIC,17,Friday,10
MCP2356002R,230013949,Montgomery County Police,Injury Crash,2023-03-22 10:15:00,Maryland (State),HUNGERFORD DR,COLLEGE PKWY,SINGLE VEHICLE,CLEAR,DRY,DAYLIGHT,NO CONTROLS,Unknown,No,No Apparent Injury,NOT DISTRACTED,MD,Passenger Car,40,2014.0,Ford,F150,10,Wednesday,3
MCP32150033,220020549,Montgomery County Police,Property Damage Crash,2022-05-13 14:10:00,Maryland (State),ROCKVILLE PIKE,ENT TO NATIONAL NAVAL MEDICAL CTR,SAME DIR REAR END,UNKNOWN,UNKNOWN,UNKNOWN,TRAFFIC SIGNAL,NONE DETECTED,No,No Apparent Injury,NOT DISTRACTED,MD,(Sport) Utility Vehicle,35,2000.0,Nissan,SU,14,Friday,5
MCP29160012,15051420,MONTGOMERY,Injury Crash,2015-10-10 11:18:00,County,BROADBIRCH DR,BOURNEFIELD WAY,SAME DIR REAR END,CLEAR,DRY,DAYLIGHT,STOP SIGN,NONE DETECTED,No,Suspected Minor Injury,NOT DISTRACTED,MD,Passenger Car,35,2015.0,Nissan,ALTIMA,11,Saturday,10
MCP27070018,180035492,Montgomery County Police,Property Damage Crash,2018-07-18 08:20:00,County,MEDICAL CENTER DR,KEY WEST AVE,SAME DIR REAR END,CLEAR,DRY,DAYLIGHT,Unknown,NONE DETECTED,Yes,No Apparent Injury,NOT DISTRACTED,MD,Passenger Car,25,2004.0,Lexu,4S,8,Wednesday,7
MCP3196001J,200041599,Montgomery County Police,Property Damage Crash,2020-10-21 19:00:00,Ramp,RAMP 8 FR IS 270 SB TO MD 124 WB,RAMP 1 FR RAMP 8 (FR IS270) TO MD 124 EB,SAME DIR REAR END,CLEAR,DRY,DARK LIGHTS ON,Unknown,NONE DETECTED,No,No Apparent Injury,NOT DISTRACTED,MD,Passenger Car,55,2017.0,Toyt,4S,19,Wednesday,10
MCP2660000B,15064573,MONTGOMERY,Property Damage Crash,2015-12-17 18:54:00,Maryland (State),VEIRS MILL RD,EDMONSTON DR,SINGLE VEHICLE,RAINING,WET,DARK LIGHTS ON,TRAFFIC SIGNAL,Unknown,Yes,No Apparent Injury,OTHER ELECTRONIC DEVICE (NAVIGATIONAL PALM PILOT),MD,(Sport) Utility Vehicle,45,2014.0,Ford,EXPLORER,18,Thursday,12
MCP1550004L,230048208,Montgomery County Police,Property Damage Crash,2023-08-07 12:30:00,Maryland (State),KNOWLES AVE,CONNECTICUT AVE,SAME DIRECTION SIDESWIPE,CLEAR,DRY,DAYLIGHT,TRAFFIC SIGNAL,NONE DETECTED,Unknown,No Apparent Injury,UNKNOWN,MD,Transit Bus,25,2016.0,Gill,BUS,12,Monday,8
MCP2631000W,16041488,Montgomery County Police,Injury Crash,2016-08-16 00:32:00,Other Public Roadway,MONTROSE PKWY,ENT TO BUSINESS,SINGLE VEHICLE,RAINING,WET,DARK LIGHTS ON,Unknown,NONE DETECTED,Yes,Suspected Minor Injury,NOT DISTRACTED,MD,Passenger Car,35,2005.0,Honda,ACCORD,0,Tuesday,8
MCP9442003R,240050491,MONTGOMERY,Property Damage Crash,2024-10-22 08:29:00,Maryland (State) Route,Unknown,Unknown,"Sideswipe, Same Direction",Clear,Dry,Daylight,No Controls,"Not Suspect of Alcohol Use, Not Suspect of Drug Use",No,No Apparent Injury,Not Distracted,MD,Passenger Car,35,2021.0,Tesla,MODEL 3,8,Tuesday,10
EJ79060020,250005799,GAITHERSBURG,Property Damage Crash,2025-02-08 14:14:00,Municipality Route,WASHINGTONIAN BLVD,Unknown,"Sideswipe, Same Direction",Cloudy,Wet,Daylight,No Controls,"Not Suspect of Alcohol Use, Not Suspect of Drug Use",No,No Apparent Injury,Not Distracted,MD,Passenger Car,30,2021.0,Toyota,CAMRY,14,Saturday,2
MCP9419005V,250021634,MONTGOMERY,Property Damage Crash,2025-05-16 12:57:00,Maryland (State) Route,HUNGERFORD DR,Unknown,Front to Rear,Clear,Dry,Daylight,Traffic Control Signal,"Not Suspect of Alcohol Use, Not Suspect of Drug Use",Yes,No Apparent Injury,Unknown,MD,Passenger Car,40,2024.0,Nissan,VERSA,12,Friday,5
DD56150025,16033923,Rockville Police Departme,Injury Crash,2016-07-05 08:29:00,Municipality,E GUDE DR,NORBECK RD,SAME DIR REAR END,CLEAR,WET,DAYLIGHT,NO CONTROLS,NONE DETECTED,No,Possible Injury,NOT DISTRACTED,MD,Pickup Truck,40,2011.0,Ford,F150,8,Tuesday,7
MCP2898002L,180051824,Montgomery County Police,Property Damage Crash,2018-10-16 15:37:00,Maryland (State),RIDGE RD,SNOWDEN FARM PKWY (PROP),SAME DIR REAR END,CLEAR,DRY,DAYLIGHT,TRAFFIC SIGNAL,Unknown,No,No Apparent Injury,NOT DISTRACTED,MA,Passenger Car,40,2015.0,Merz,TK,15,Tuesday,10
MCP2001001H,210009181,Montgomery County Police,Injury Crash,2021-03-11 15:45:00,County,SHADY GROVE RD,EPSILON DR,HEAD ON LEFT TURN,CLEAR,DRY,DAYLIGHT,TRAFFIC SIGNAL,NONE DETECTED,Yes,Possible Injury,UNKNOWN,MD,Van,45,2018.0,Ford,TRANSIT 250,15,Thursday,3
MCP28350020,190029948,Montgomery County Police,Injury Crash,2019-06-23 02:05:00,Maryland (State),OLD GEORGETOWN RD,WOODMONT AVE,OTHER,CLEAR,DRY,DARK LIGHTS ON,FLASHING TRAFFIC SIGNAL,ALCOHOL CONTRIBUTED,Yes,Suspected Serious Injury,NOT DISTRACTED,MD,Motorcycle,25,2019.0,Harley Davidson,Unknown,2,Sunday,6
MCP26350032,16044238,Montgomery County Police,Property Damage Crash,2016-08-30 16:19:00,Maryland (State),OLNEY SANDY SPRING RD,MEETING HOUSE RD,SAME DIR REAR END,CLEAR,DRY,DAYLIGHT,TRAFFIC SIGNAL,Unknown,Yes,No Apparent Injury,NOT DISTRACTED,MD,"Cargo Van/Light Truck 2 Axles (Over 10,000Lbs (4,536 Kg))",30,2011.0,Mercedes Benz,SPRINTER,16,Tuesday,8
EJ7846001F,16028219,Gaithersburg Police Depar,Property Damage Crash,2016-06-05 20:15:00,Unknown,Unknown,Unknown,STRAIGHT MOVEMENT ANGLE,CLEAR,Unknown,DAYLIGHT,NO CONTROLS,UNKNOWN,Yes,No Apparent Injury,UNKNOWN,Unknown,Passenger Car,5,2015.0,Hyundai,ELANTRA,20,Sunday,6
MCP3153004P,230012998,Montgomery County Police,Property Damage Crash,2023-03-17 12:16:00,Unknown,Unknown,Unknown,STRAIGHT MOVEMENT ANGLE,RAINING,Unknown,DAYLIGHT,NO CONTROLS,NONE DETECTED,No,No Apparent Injury,NOT DISTRACTED,MD,Passenger Car,10,2005.0,Honda,CRV,12,Friday,3
MCP3180002L,210029153,Montgomery County Police,Injury Crash,2021-07-27 18:33:00,County,GOLD MINE RD,CARTER MILL WAY,SAME DIRECTION LEFT TURN,CLEAR,DRY,DAYLIGHT,NO CONTROLS,NONE DETECTED,No,No Apparent Injury,NOT DISTRACTED,MD,Van,25,2019.0,Merz,VAN,18,Tuesday,7
MCP2687002H,170539666,Montgomery County Police,Injury Crash,2017-10-29 15:44:00,Maryland (State),BRADLEY LA,WEST AVE,SINGLE VEHICLE,RAINING,WET,DAYLIGHT,NO CONTROLS,NONE DETECTED,Yes,Possible Injury,NOT DISTRACTED,CA,Motorcycle,25,2015.0,Jonway,YY150T-50,15,Sunday,10
MCP9386003T,16053307,Montgomery County Police,Property Damage Crash,2016-10-17 09:46:00,Maryland (State),ROCKVILLE PIKE,NICHOLSON LA,SAME DIRECTION SIDESWIPE,CLEAR,DRY,DAYLIGHT,TRAFFIC SIGNAL,NONE DETECTED,Yes,No Apparent Injury,NOT DISTRACTED,MD,"Cargo Van/Light Truck 2 Axles (Over 10,000Lbs (4,536 Kg))",40,2015.0,Ford,TRUCK,9,Monday,10
MCP26170081,190050659,Montgomery County Police,Property Damage Crash,2019-10-22 11:10:00,Maryland (State),GEORGIA AVE,EMORY CHURCH RD,STRAIGHT MOVEMENT ANGLE,CLOUDY,WET,DAYLIGHT,TRAFFIC SIGNAL,NONE DETECTED,Yes,No Apparent Injury,LOOKED BUT DID NOT SEE,MD,Passenger Car,40,2009.0,Toyota,COROLLA,11,Tuesday,10
MCP1119007G,190043128,Montgomery County Police,Injury Crash,2019-09-09 09:07:00,County,RANDOLPH RD,HAWKESBURY LA,STRAIGHT MOVEMENT ANGLE,CLEAR,DRY,DAYLIGHT,TRAFFIC SIGNAL,NONE DETECTED,Unknown,Possible Injury,NOT DISTRACTED,MD,(Sport) Utility Vehicle,45,2005.0,Ford,ESCAPE,9,Monday,9
DD55270013,17005603,Rockville Police Departme,Property Damage Crash,2017-02-01 13:45:00,Maryland (State),ROCKVILLE PIKE,ENT TO WINTERGREEN PLAZA,STRAIGHT MOVEMENT ANGLE,CLEAR,DRY,DAYLIGHT,NO CONTROLS,NONE DETECTED,No,No Apparent Injury,NOT DISTRACTED,MD,Passenger Car,40,2008.0,Acur,4S,13,Wednesday,2
MCP31930077,250052943,MONTGOMERY,Injury Crash,2025-11-25 18:20:00,County Route,RANDOLPH RD,Unknown,Front to Rear,Rain,Wet,Dark - Not Lighted,Traffic Control Signal,"Not Suspect of Alcohol Use, Not Suspect of Drug Use",Yes,Suspected Minor Injury,"Other Action (looking away from task, etc.)",MD,Passenger Car,35,2021.0,Toyota,HIGHLANDER,18,Tuesday,11
MCP33810024,240051503,MONTGOMERY,Property Damage Crash,2024-10-27 15:53:00,County Route,RIDGE RD,Unknown,Front to Rear,Clear,Dry,Daylight,No Controls,"Not Suspect of Alcohol Use, Not Suspect of Drug Use",No,No Apparent Injury,Not Distracted,VA,Passenger Car,45,2013.0,Hyundai,ELANTRA,15,Sunday,10
MCP9301004S,230061004,Montgomery County Police,Property Damage Crash,2023-10-17 08:40:00,Unknown,Unknown,Unknown,OTHER,CLOUDY,Unknown,DAYLIGHT,NO CONTROLS,Unknown,Yes,No Apparent Injury,LOOKED BUT DID NOT SEE,MD,School Bus,10,2020.0,Thms,HDX,8,Tuesday,10
MCP3416000D,240049623,MONTGOMERY,Property Damage Crash,2024-10-17 10:15:00,Maryland (State) Route,CONNECTICUT AVE,Unknown,Front to Rear,Clear,Dry,Daylight,Traffic Control Signal,"Not Suspect of Alcohol Use, Not Suspect of Drug Use",Yes,No Apparent Injury,Not Distracted,NY,Passenger Car,35,2011.0,Mercedes-Benz,C30,10,Thursday,10
MCP2851001B,15051090,MONTGOMERY,Property Damage Crash,2015-10-08 18:41:00,County,CRYSTAL ROCK DR,FATHER HURLEY BLVD,SAME DIR REAR END,CLEAR,DRY,DUSK,TRAFFIC SIGNAL,NONE DETECTED,Unknown,No Apparent Injury,NOT DISTRACTED,MD,Passenger Car,40,2010.0,Volv,4S,18,Thursday,10
MCP3052002Q,210045484,Montgomery County Police,Property Damage Crash,2021-11-10 01:20:00,Unknown,Unknown,Unknown,STRAIGHT MOVEMENT ANGLE,CLEAR,Unknown,DARK LIGHTS ON,NO CONTROLS,Unknown,No,No Apparent Injury,NOT DISTRACTED,MD,Passenger Car,15,2010.0,Toyt,PV,1,Wednesday,11
MCP1170001G,16008530,Montgomery County Police,Property Damage Crash,2016-02-20 12:54:00,Maryland (State),NEW HAMPSHIRE AVE,LOCKWOOD DR,SAME DIRECTION RIGHT TURN,Unknown,DRY,DAYLIGHT,NO CONTROLS,NONE DETECTED,No,No Apparent Injury,NOT DISTRACTED,MD,Other Bus,45,2011.0,Gill,BUS,12,Saturday,2
MCP33050019,210048613,Montgomery County Police,Property Damage Crash,2021-11-30 16:10:00,Maryland (State),EAST WEST HWY,16TH ST,SAME DIRECTION SIDESWIPE,CLEAR,DRY,DAYLIGHT,TRAFFIC SIGNAL,NONE DETECTED,No,No Apparent Injury,NOT DISTRACTED,MD,Passenger Car,35,2002.0,Honda,ACCORD,16,Tuesday,11
MCP29630010,17001966,Montgomery County Police,Property Damage Crash,2017-01-12 09:00:00,US (State),GEORGIA AVE,WAYNE AVE,SAME DIR REAR END,CLEAR,WET,DAYLIGHT,NO CONTROLS,NONE DETECTED,No,No Apparent Injury,NOT DISTRACTED,MD,Passenger Car,30,2008.0,Acura,TSX,9,Thursday,1
MCP271700HQ,180026567,Montgomery County Police,Property Damage Crash,2018-05-30 14:00:00,US (State),COLUMBIA PIKE,INDUSTRIAL PKWY,OTHER,CLEAR,DRY,DAYLIGHT,TRAFFIC SIGNAL,NONE DETECTED,Yes,No Apparent Injury,LOOKED BUT DID NOT SEE,MD,School Bus,50,2011.0,Thomas,SCHOOL BUS,14,Wednesday,5
MCP32750009,210004348,Montgomery County Police,Property Damage Crash,2021-02-03 13:59:00,Unknown,Unknown,Unknown,STRAIGHT MOVEMENT ANGLE,CLEAR,Unknown,DAYLIGHT,NO CONTROLS,NONE DETECTED,No,No Apparent Injury,NOT DISTRACTED,MD,Passenger Car,0,2003.0,Hond,4S,13,Wednesday,2
MCP28480032,16027760,Montgomery County Police,Injury Crash,2016-06-03 12:03:00,County,EXECUTIVE BLVD,OLD GEORGETOWN RD,STRAIGHT MOVEMENT ANGLE,CLOUDY,DRY,DAYLIGHT,NO CONTROLS,NONE DETECTED,Yes,No Apparent Injury,LOOKED BUT DID NOT SEE,VA,Passenger Car,30,2008.0,Toyota,SCION,12,Friday,6
DD5604003H,200029283,Rockville Police Departme,Fatal Crash,2020-07-28 09:11:00,Maryland (State),W MONTGOMERY AVE,RAMP 5 FR IS 270 SB TO MD 28 EB,STRAIGHT MOVEMENT ANGLE,CLEAR,DRY,DAYLIGHT,TRAFFIC SIGNAL,NONE DETECTED,No,No Apparent Injury,NOT DISTRACTED,MD,Passenger Car,45,2019.0,Toyota,TK,9,Tuesday,7
MCP3235001X,220049933,Montgomery County Police,Property Damage Crash,2022-11-11 23:55:00,County,TECH RD,COLUMBIA PIKE,SAME DIR REAR END,RAINING,WET,DARK LIGHTS ON,TRAFFIC SIGNAL,ALCOHOL PRESENT,Yes,No Apparent Injury,UNKNOWN,MD,Passenger Car,30,2008.0,Toyota,SIENNA,23,Friday,11
MCP3230005P,240032966,MONTGOMERY,Injury Crash,2024-07-12 19:50:00,County Route,LISTRA RD,Unknown,Front to Rear,Clear,Dry,Daylight,No Controls,"Not Suspect of Alcohol Use, Not Suspect of Drug Use",No,No Apparent Injury,Not Distracted,MD,Passenger Car,25,2019.0,Toyota,COROLLA,19,Friday,7
MCP2513001M,190039308,Montgomery County Police,Injury Crash,2019-08-17 13:55:00,Maryland (State),GEORGIA AVE,FOREST GLEN RD,STRAIGHT MOVEMENT ANGLE,CLEAR,DRY,DAYLIGHT,TRAFFIC SIGNAL,NONE DETECTED,No,Suspected Minor Injury,NOT DISTRACTED,FL,Passenger Car,25,2017.0,Honda,ACCORD,13,Saturday,8
MCP1221002L,16053510,Montgomery County Police,Injury Crash,2016-10-18 09:07:00,Interstate (State),EISENHOWER MEMORIAL HWY,BEGIN BRIDGE,SAME DIR REAR END,CLEAR,DRY,DAYLIGHT,NO CONTROLS,NONE DETECTED,No,Suspected Minor Injury,NOT DISTRACTED,MD,Passenger Car,55,2010.0,Toyota,4S,9,Tuesday,10
MCP2969003C,170511836,Montgomery County Police,Injury Crash,2017-06-05 08:16:00,Maryland (State),SPENCERVILLE RD,THOMPSON RD,OPPOSITE DIRECTION SIDESWIPE,CLEAR,DRY,DAYLIGHT,NO CONTROLS,NONE DETECTED,No,Possible Injury,NOT DISTRACTED,MD,Passenger Car,40,2013.0,Hyundai,SANTAFE,8,Monday,6
HA25600003,25001734,MCPARK,Property Damage Crash,2025-08-14 09:17:00,Bicycle Route,Unknown,Unknown,Single Vehicle,Clear,Dry,Daylight,No Controls,"Not Suspect of Alcohol Use, Not Suspect of Drug Use",No,No Apparent Injury,Unknown,XX,Passenger Car,25,2007.0,Mercedes-Benz,C-CLASS,9,Thursday,8
HA2396000F,17000262,Maryland-National Capital,Property Damage Crash,2017-03-07 23:28:00,Government,BEACH DR,END BRIDGE,SINGLE VEHICLE,OTHER,WET,DARK NO LIGHTS,NO CONTROLS,NONE DETECTED,Yes,No Apparent Injury,NOT DISTRACTED,XX,Passenger Car,25,1990.0,Chevy,COBALT,23,Tuesday,3
DD5637001J,200019610,Rockville Police Departme,Injury Crash,2020-05-15 17:58:00,Maryland (State),FALLS RD,EXIT #5,HEAD ON,CLEAR,DRY,DAYLIGHT,TRAFFIC SIGNAL,NONE DETECTED,No,No Apparent Injury,NOT DISTRACTED,MD,Passenger Car,30,2018.0,Honda,ACCORD,17,Friday,5
MCP3048009M,230016525,Montgomery County Police,Injury Crash,2023-04-06 20:50:00,Maryland (State),MASSACHUSETTS AVE,DUVALL DR,OTHER,RAINING,WET,DARK LIGHTS ON,NO CONTROLS,Unknown,No,No Apparent Injury,NOT DISTRACTED,MD,Passenger Car,35,2023.0,Volv,UT,20,Thursday,4
MCP25080009,15040442,MONTGOMERY,Injury Crash,2015-08-13 19:53:00,County,PINNACLE DR,CENTURY BLVD,SINGLE VEHICLE,CLEAR,DRY,DAWN,NO CONTROLS,NONE DETECTED,Yes,No Apparent Injury,LOOKED BUT DID NOT SEE,MD,"Other Light Trucks (10,000Lbs (4,536Kg) Or Less)",25,2001.0,Toyt,4S,19,Thursday,8
MCP27380029,170501645,Montgomery County Police,Injury Crash,2017-04-11 18:06:00,Maryland (State),SANDY SPRING RD,COLUMBIA PIKE,SAME DIR REAR END,CLEAR,DRY,DAYLIGHT,TRAFFIC SIGNAL,Unknown,Yes,No Apparent Injury,LOOKED BUT DID NOT SEE,MD,Passenger Car,40,2001.0,Honda,4S,18,Tuesday,4
MCP2939001H,17012457,Montgomery County Police,Injury Crash,2017-03-09 16:09:00,Maryland (State),GERMANTOWN RD,CLOPPER RD,SAME DIR REAR END,CLEAR,DRY,DAYLIGHT,NO CONTROLS,NONE DETECTED,No,No Apparent Injury,NOT DISTRACTED,MD,Passenger Car,40,2004.0,Honda,ACCORD,16,Thursday,3
MCP91300076,190019553,Montgomery County Police,Injury Crash,2019-04-26 11:32:00,Interstate (State),CAPITAL BELTWAY,GEORGIA AVE,SAME DIRECTION LEFT TURN,CLOUDY,DRY,DAYLIGHT,NO CONTROLS,NONE DETECTED,No,No Apparent Injury,NOT DISTRACTED,MD,"Other Light Trucks (10,000Lbs (4,536Kg) Or Less)",55,2012.0,International,DIESEL,11,Friday,4
MCP3212002J,210016295,Montgomery County Police,Injury Crash,2021-05-01 18:42:00,Maryland (State),GEORGIA AVE,HIGHLAND DR,HEAD ON,CLEAR,DRY,DAYLIGHT,NO CONTROLS,NONE DETECTED,No,No Apparent Injury,NOT DISTRACTED,VA,Passenger Car,35,2013.0,Toyt,HINGLANDER,18,Saturday,5
MCP2968004H,220042950,Montgomery County Police,Property Damage Crash,2022-10-02 13:24:00,County,SHADY GROVE RD,RAMP 1 FR IS 270 NB TO SHADY GROVE RD WB,SAME DIR REAR END,RAINING,WET,DAYLIGHT,TRAFFIC SIGNAL,Unknown,No,No Apparent Injury,NOT DISTRACTED,MD,Passenger Car,45,2020.0,Hond,TK,13,Sunday,10
MCP2314001R,220050051,Montgomery County Police,Property Damage Crash,2022-11-12 13:50:00,Unknown,Unknown,Unknown,OTHER,CLOUDY,Unknown,DAYLIGHT,Unknown,UNKNOWN,Yes,No Apparent Injury,UNKNOWN,MD,(Sport) Utility Vehicle,15,2017.0,Jeep,PATRIOT,13,Saturday,11
MCP32580022,220019810,Montgomery County Police,Property Damage Crash,2022-05-10 09:06:00,Maryland (State),UNIVERSITY BLVD W,EISNER ST,STRAIGHT MOVEMENT ANGLE,CLEAR,DRY,DAYLIGHT,STOP SIGN,NONE DETECTED,No,No Apparent Injury,NOT DISTRACTED,MD,Passenger Car,35,2010.0,Hond,HB,9,Tuesday,5
MCP29290039,180059838,Montgomery County Police,Property Damage Crash,2018-11-30 09:12:00,Maryland (State),OLNEY SANDY SPRING RD,MARDEN LA,SAME DIR REAR END,CLOUDY,DRY,DAYLIGHT,NO CONTROLS,NONE DETECTED,Yes,No Apparent Injury,LOOKED BUT DID NOT SEE,MD,Passenger Car,30,2014.0,Nissan,PATHFINDER,9,Friday,11
DD5594002B,16045543,Rockville Police Departme,Property Damage Crash,2016-09-06 13:37:00,Unknown,Unknown,Unknown,HEAD ON LEFT TURN,CLOUDY,Unknown,DAYLIGHT,Unknown,NONE DETECTED,No,No Apparent Injury,NOT DISTRACTED,MD,Other,25,1998.0,Toyt,4S,13,Tuesday,9
MCP30600017,180018718,Montgomery County Police,Injury Crash,2018-04-17 13:08:00,Interstate (State),CAPITAL BELTWAY,EXIT #34,SAME DIR REAR END,CLEAR,DRY,DAYLIGHT,NO CONTROLS,Unknown,No,No Apparent Injury,NOT DISTRACTED,MD,Passenger Car,55,2003.0,Honda,ELEMENT,13,Tuesday,4
MCP1168000J,16050086,Montgomery County Police,Injury Crash,2016-09-29 12:55:00,Maryland (State),GEORGIA AVE,DAMASCUS RD,OPPOSITE DIRECTION SIDESWIPE,RAINING,WET,DAYLIGHT,NO CONTROLS,Unknown,No,Possible Injury,NOT DISTRACTED,MD,Van,40,2008.0,Toyt,TK,12,Thursday,9
EJ7781005G,240060393,GAITHERSBURG,Injury Crash,2024-12-18 07:18:00,Municipality Route,DIAMOND DR,QUINCE ORCHARD BLVD QUINCE ORCHARD BLVD (EB/L) SEBASTIANI BLVD SEBASTIANI BLVD (SB/L),Single Vehicle,Clear,Dry,Dawn,No Controls,"Not Suspect of Alcohol Use, Not Suspect of Drug Use",Yes,No Apparent Injury,"Other Action (looking away from task, etc.)",MD,Passenger Car,25,2021.0,Toyota,RAV4,7,Wednesday,12
MCP3351001F,230049701,Montgomery County Police,Property Damage Crash,2023-08-16 07:14:00,US (State),COLESVILLE RD,SOUTHWOOD AVE,SAME DIRECTION RIGHT TURN,CLEAR,DRY,DAYLIGHT,TRAFFIC SIGNAL,UNKNOWN,Yes,No Apparent Injury,UNKNOWN,Unknown,Passenger Car,35,2007.0,Toyota,4S,7,Wednesday,8
MCP25860077,240009962,MONTGOMERY,Property Damage Crash,2024-02-29 19:03:00,Maryland (State) Route,FREDERICK RD (SB/L),GUNNERS BRANCH RD,Angle,Clear,Dry,Dark - Not Lighted,Traffic Control Signal,"Suspect of Alcohol Use, Not Suspect of Drug Use",No,No Apparent Injury,Not Distracted,Unknown,Passenger Car,40,2004.0,Nissan,SENTRA,19,Thursday,2
MCP2881005W,230057482,Montgomery County Police,Property Damage Crash,2023-09-29 13:15:00,Unknown,Unknown,Unknown,SAME DIRECTION SIDESWIPE,CLEAR,Unknown,DAYLIGHT,NO CONTROLS,NONE DETECTED,Yes,No Apparent Injury,NOT DISTRACTED,MD,Passenger Car,20,2015.0,Hyun,ELANTRA,13,Friday,9
MCP1433003F,210001136,Montgomery County Police,Injury Crash,2021-01-09 16:10:00,Maryland (State),ROCKVILLE PIKE,HUBBARD DR,SAME DIR REAR END,CLEAR,DRY,DARK LIGHTS ON,TRAFFIC SIGNAL,NONE DETECTED,No,No Apparent Injury,NOT DISTRACTED,NC,(Sport) Utility Vehicle,35,2013.0,Chevrolet,TAHOE,16,Saturday,1
MCP2936001H,17005282,Montgomery County Police,Injury Crash,2017-01-30 19:04:00,Maryland (State),WISCONSIN AVE,SOMERSET TERRACE,OTHER,CLEAR,DRY,DARK LIGHTS ON,NO CONTROLS,NONE DETECTED,No,No Apparent Injury,NOT DISTRACTED,DC,Passenger Car,35,2012.0,Fiat,PHB,19,Monday,1
MCP31270023,230004494,Montgomery County Police,Injury Crash,2023-01-27 16:29:00,Maryland (State),EAST WEST HWY,GRUBB RD,HEAD ON LEFT TURN,Unknown,DRY,DAYLIGHT,TRAFFIC SIGNAL,NONE DETECTED,No,No Apparent Injury,NOT DISTRACTED,MD,Passenger Car,35,2015.0,Honda,CIVIC,16,Friday,1
MCP28120020,16048149,Montgomery County Police,Property Damage Crash,2016-09-19 16:34:00,US (State),COLESVILLE RD,SPRING ST,SAME DIRECTION RIGHT TURN,CLEAR,WET,DAYLIGHT,NO CONTROLS,Unknown,No,No Apparent Injury,NOT DISTRACTED,MD,Passenger Car,35,2002.0,Chevrolet,CAVALIER,16,Monday,9
MCP3080005Y,250051431,MONTGOMERY,Property Damage Crash,2025-11-16 18:57:00,County Route,FATHER HURLEY BLVD (NB/L),Unknown,Front to Front,Clear,Dry,Dark - Lighted,Traffic Control Signal,"Not Suspect of Alcohol Use, Not Suspect of Drug Use",No,No Apparent Injury,Not Distracted,MD,Passenger Car,35,2019.0,Hyundai,ELANTRA,18,Sunday,11
MCP3030003V,200040328,Montgomery County Police,Property Damage Crash,2020-10-13 15:17:00,Maryland (State),RIVER RD,LITTLE FALLS PKWY,STRAIGHT MOVEMENT ANGLE,CLEAR,DRY,DAYLIGHT,NO CONTROLS,Unknown,Yes,No Apparent Injury,LOOKED BUT DID NOT SEE,MD,Passenger Car,35,2015.0,Fiat,TK,15,Tuesday,10