Report Number,Local Case Number,Agency Name,ACRS Report Type,Crash Date/Time,Route Type,Road Name,Cross-Street Name,Collision Type,Weather,Surface Condition,Light,Traffic Control,Driver Substance Abuse,Driver At Fault,Injury Severity,Driver Distracted By,Drivers License State,Vehicle Body Type,Speed Limit,Vehicle Year,Vehicle Make,Vehicle Model,Crash Hour,Crash Day,Crash Month
DD5594000V,15011089,Rockville Police Departme,Injury Crash,2015-03-10 15:52:00,Municipality,ELMCROFT BLVD,KING FARM BLVD,ANGLE MEETS LEFT TURN,RAINING,WET,DAYLIGHT,YIELD SIGN,NONE DETECTED,No,No Apparent Injury,NOT DISTRACTED,MD,Passenger Car,25,1997.0,Toyota,COROLLA,15,Tuesday,3
MCP2358002R,17007128,Montgomery County Police,Property Damage Crash,2017-02-09 14:56:00,Other Public Roadway,MONTROSE PKWY,E JEFFERSON ST,SAME DIRECTION RIGHT TURN,CLEAR,DRY,DAYLIGHT,TRAFFIC SIGNAL,NONE DETECTED,Unknown,No Apparent Injury,NOT DISTRACTED,SC,Passenger Car,40,2006.0,Buick,LUCERNE,14,Thursday,2
DM83780018,180036137,Takoma Park Police Depart,Property Damage Crash,2018-07-21 12:03:00,Maryland (State),PHILADELPHIA AVE,CARROLL AVE (AHEAD),HEAD ON,RAINING,WET,DAYLIGHT,Unknown,NONE DETECTED,No,No Apparent Injury,NOT DISTRACTED,MD,Passenger Car,25,2005.0,Toyota,COROLLA,12,Saturday,7
MCP1378009C,16021650,Montgomery County Police,Property Damage Crash,2016-05-02 15:44:00,Unknown,Unknown,Unknown,SAME DIRECTION SIDESWIPE,CLEAR,Unknown,DAYLIGHT,NO CONTROLS,NONE DETECTED,Yes,No Apparent Injury,NOT DISTRACTED,MD,School Bus,5,2007.0,Chevrolet,SCHOOL BUS,15,Monday,5
MCP30260069,210015405,Montgomery County Police,Property Damage Crash,2021-04-25 12:20:00,Maryland (State),EAST WEST HWY,MEADOWBROOK LA,SAME DIR REAR END,CLEAR,DRY,DAYLIGHT,TRAFFIC SIGNAL,NONE DETECTED,No,No Apparent Injury,NOT DISTRACTED,MD,Passenger Car,35,2008.0,Toyt,COROLLA,12,Sunday,4
MCP3360000W,230052582,Montgomery County Police,Injury Crash,2023-09-01 09:30:00,County,SHADY GROVE RD,MIDCOUNTY HWY,SAME DIR REAR END,CLEAR,DRY,DAYLIGHT,TRAFFIC SIGNAL,NONE DETECTED,Yes,Suspected Minor Injury,INATTENTIVE OR LOST IN THOUGHT,MD,Passenger Car,45,2015.0,Chry,SD,9,Friday,9
MCP2016002P,180012372,Montgomery County Police,Injury Crash,2018-03-12 08:52:00,Maryland (State),ROCKVILLE PIKE,ENT TO FEDERAL PLAZA S.C.,STRAIGHT MOVEMENT ANGLE,CLOUDY,DRY,DAYLIGHT,FLASHING TRAFFIC SIGNAL,Unknown,Yes,No Apparent Injury,NOT DISTRACTED,MD,Passenger Car,40,2013.0,Honda,PILOT,8,Monday,3
MCP2968003T,210027735,Montgomery County Police,Injury Crash,2021-07-18 11:23:00,County,DARNESTOWN RD,TRAVILAH RD,HEAD ON LEFT TURN,CLEAR,DRY,DAYLIGHT,NO CONTROLS,Unknown,Yes,No Apparent Injury,LOOKED BUT DID NOT SEE,MD,Passenger Car,40,2014.0,Toyt,SIENNA,11,Sunday,7
MCP23110027,16018098,Montgomery County Police,Property Damage Crash,2016-04-13 16:20:00,Maryland (State),MUNCASTER MILL RD,BOWIE MILL RD,SAME DIR REAR END,CLEAR,DRY,DAYLIGHT,TRAFFIC SIGNAL,Unknown,No,No Apparent Injury,NOT DISTRACTED,MD,Van,30,2012.0,Ford,VAN,16,Wednesday,4
MCP15500039,220024539,Montgomery County Police,Injury Crash,2022-06-08 09:18:00,County,WOODGLEN DR,EXECUTIVE BLVD,OTHER,CLEAR,DRY,DAYLIGHT,STOP SIGN,NONE DETECTED,Yes,No Apparent Injury,NOT DISTRACTED,MD,Pickup Truck,20,2000.0,Toyt,PK,9,Wednesday,6
MCP2353007X,190062267,Montgomery County Police,Injury Crash,2019-12-27 05:56:00,Interstate (State),CAPITAL BELTWAY,END BRIDGE,SAME DIRECTION RIGHT TURN,CLEAR,WET,DARK LIGHTS ON,NO CONTROLS,NONE DETECTED,Yes,No Apparent Injury,UNKNOWN,VA,Van,55,2008.0,Ford,ECONOLINE,5,Friday,12
MCP3262002M,220057551,Montgomery County Police,Injury Crash,2022-12-28 15:23:00,County,SEMINARY PL,GEORGIA AVE,STRAIGHT MOVEMENT ANGLE,CLEAR,DRY,DAYLIGHT,NO CONTROLS,NONE DETECTED,Yes,Possible Injury,LOOKED BUT DID NOT SEE,MD,Passenger Car,30,2019.0,Hyun,4S,15,Wednesday,12
MCP3158002Q,200027699,Montgomery County Police,Property Damage Crash,2020-07-16 17:00:00,County,SHADY GROVE RD,MIDCOUNTY HWY,SAME DIR REAR END,CLEAR,DRY,DAYLIGHT,TRAFFIC SIGNAL,NONE DETECTED,No,No Apparent Injury,NOT DISTRACTED,MD,Passenger Car,45,2018.0,Ford,TK,17,Thursday,7
MCP31680013,190038439,Montgomery County Police,Injury Crash,2019-08-12 13:14:00,Unknown,Unknown,Unknown,SAME DIRECTION SIDESWIPE,CLEAR,Unknown,DAYLIGHT,NO CONTROLS,NONE DETECTED,Yes,Possible Injury,LOOKED BUT DID NOT SEE,MD,Passenger Car,5,2014.0,Volk,4H,13,Monday,8
MCP3031005J,240025924,MONTGOMERY,Property Damage Crash,2024-05-31 21:00:00,Maryland (State) Route,NEW HAMPSHIRE AVE,Unknown,Front to Front,Clear,Dry,Dark - Lighted,Stop Sign,"Suspect of Alcohol Use, Not Suspect of Drug Use",Yes,No Apparent Injury,Not Distracted,MD,Passenger Car,15,2010.0,Honda,ODYSSEY,21,Friday,5
DM8478002H,240003267,TAKOMA,Property Damage Crash,2024-01-22 07:50:00,Municipality Route,ALLEY #4,NEW HAMPSHIRE AVE,"Sideswipe, Same Direction",Clear,Slush,Daylight,No Controls,"Not Suspect of Alcohol Use, Not Suspect of Drug Use",No,No Apparent Injury,Not Distracted,MD,Passenger Car,35,2005.0,Ford,F-150,7,Monday,1
MCP9437000F,16014401,MONTGOMERY,Property Damage Crash,2016-03-23 23:34:00,Maryland (State),WOODFIELD RD,VALLEY PARK DR,HEAD ON,CLEAR,DRY,DARK NO LIGHTS,Unknown,NONE DETECTED,Yes,No Apparent Injury,LOOKED BUT DID NOT SEE,MD,Passenger Car,30,2005.0,Chev,SILVERADO,23,Wednesday,3
MCP2699001S,230070999,Montgomery County Police,Property Damage Crash,2023-12-10 22:22:00,Maryland (State),NORBECK RD,BEGIN BRIDGE,SINGLE VEHICLE,RAINING,WATER(STANDING/MOVING),DARK NO LIGHTS,NO CONTROLS,NONE DETECTED,Yes,No Apparent Injury,UNKNOWN,MD,Passenger Car,40,2014.0,Toyota,AVALON,22,Sunday,12
MCP2118001M,230017904,Montgomery County Police,Property Damage Crash,2023-04-14 23:03:00,Unknown,WINDING WOODS WAY,COOL GARDEN WAY,SINGLE VEHICLE,CLEAR,DRY,DARK LIGHTS ON,Unknown,Unknown,Yes,No Apparent Injury,NOT DISTRACTED,MD,Pickup Truck,25,2022.0,Chevrolet,SILVERADO,23,Friday,4
MCP2362000M,15018653,MONTGOMERY,Property Damage Crash,2015-04-21 08:34:00,Maryland (State),NEW HAMPSHIRE AVE,NORTHWEST DR,SAME DIR REAR END,CLEAR,DRY,DAYLIGHT,TRAFFIC SIGNAL,Unknown,Yes,No Apparent Injury,NOT DISTRACTED,MD,(Sport) Utility Vehicle,35,2011.0,Hyun,4S,8,Tuesday,4
MCP3311000K,220011008,Montgomery County Police,Property Damage Crash,2022-03-14 17:20:00,County,DEMOCRACY BLVD,CROSSOVER,SAME DIRECTION LEFT TURN,CLEAR,DRY,DAYLIGHT,Unknown,Unknown,No,No Apparent Injury,NOT DISTRACTED,MD,School Bus,35,2017.0,Frht,BUS,17,Monday,3
MCP24550087,250034714,MONTGOMERY,Property Damage Crash,2025-08-04 17:24:00,County Route,TWINBROOK PKWY,BESLEY CT,Angle,Clear,Dry,Daylight,No Controls,"Not Suspect of Alcohol Use, Not Suspect of Drug Use",Yes,No Apparent Injury,Unknown,MD,Passenger Car,35,2019.0,Volkswagen,GOLF,17,Monday,8
MCP2932009D,250040935,MONTGOMERY,Injury Crash,2025-09-12 01:31:00,US (State),GEORGIA AVE,SILVER SPRING AVE,Angle,Clear,Dry,Dark - Lighted,Traffic Control Signal,"Suspect of Alcohol Use, Not Suspect of Drug Use",No,Suspected Minor Injury,Not Distracted,VA,Passenger Car,25,2017.0,Kia,OPTIMA,1,Friday,9
MCP26170045,170535663,Montgomery County Police,Property Damage Crash,2017-10-09 16:12:00,County,CORDELL AVE,OLD GEORGETOWN RD,STRAIGHT MOVEMENT ANGLE,CLEAR,DRY,DAYLIGHT,NO CONTROLS,NONE DETECTED,Yes,No Apparent Injury,LOOKED BUT DID NOT SEE,MD,Passenger Car,25,2015.0,Honda,CIVIC,16,Monday,10
MCP34110023,250018321,MONTGOMERY,Property Damage Crash,2025-04-27 15:31:00,Maryland (State) Route,ROCKVILLE PIKE,Unknown,Front to Rear,Clear,Dry,Daylight,Traffic Control Signal,"Not Suspect of Alcohol Use, Not Suspect of Drug Use",Yes,No Apparent Injury,Not Distracted,GA,Passenger Car,35,2001.0,Mitsubishi,GALANT,15,Sunday,4
EJ7866003V,180028935,Gaithersburg Police Depar,Property Damage Crash,2018-06-12 07:10:00,Maryland (State),FREDERICK RD,ODENDHAL AVE,SAME DIR REAR END,CLEAR,DRY,DAYLIGHT,NO CONTROLS,NONE DETECTED,Yes,No Apparent Injury,UNKNOWN,MD,Passenger Car,30,2014.0,Suba,SW,7,Tuesday,6
MCP1334007B,180060370,Montgomery County Police,Property Damage Crash,2018-12-03 10:17:00,Municipality,RUSSELL AVE,CHRISTOPHER AVE,SAME DIRECTION SIDESWIPE,CLEAR,DRY,DAYLIGHT,NO CONTROLS,NONE DETECTED,No,No Apparent Injury,NOT DISTRACTED,PA,Truck Tractor,10,2015.0,International,TK,10,Monday,12
MCP3009008Y,250038681,MONTGOMERY,Property Damage Crash,2025-08-29 13:30:00,Maryland (State) Route,FREDERICK RD (SB/L),Unknown,Front to Rear,Clear,Dry,Daylight,No Controls,"Not Suspect of Alcohol Use, Not Suspect of Drug Use",Yes,No Apparent Injury,Not Distracted,MD,Passenger Car,40,2009.0,Honda,ACCORD,13,Friday,8
MCP2930005W,250055499,MONTGOMERY,Property Damage Crash,2025-12-11 18:00:00,County Route,Unknown,NEW HAMPSHIRE AVE (SB/L),Angle,Clear,Dry,Dark - Lighted,Traffic Control Signal,"Not Suspect of Alcohol Use, Not Suspect of Drug Use",No,No Apparent Injury,Unknown,MD,Sport Utility Vehicle,40,2018.0,Toyota,RAV4,18,Thursday,12
MCP3095005G,240055058,MONTGOMERY,Property Damage Crash,2024-11-16 19:38:00,County Route,RANDOLPH RD (WB/L),Unknown,Other,Clear,Dry,Dark - Lighted,Other,"Not Suspect of Alcohol Use, Not Suspect of Drug Use",No,No Apparent Injury,Not Distracted,MD,Passenger Car,45,2013.0,Nissan,ALTIMA,19,Saturday,11
MCP1291003H,210047206,Montgomery County Police,Property Damage Crash,2021-11-20 18:00:00,Maryland (State),QUINCE ORCHARD RD,RAMP 6 FR MD 124 EB TO RAMP 7 (TO IS270),SAME DIR REAR END,CLEAR,DRY,DARK LIGHTS ON,Unknown,NONE DETECTED,No,No Apparent Injury,NOT DISTRACTED,DC,Passenger Car,35,2019.0,Subaru,ASCENT,18,Saturday,11
MCP9133000D,15049019,MONTGOMERY,Injury Crash,2015-09-27 14:53:00,Other Public Roadway,HENDERSON CORNER RD,SENECA CROSSING DR,STRAIGHT MOVEMENT ANGLE,CLEAR,DRY,DAYLIGHT,STOP SIGN,Unknown,No,Possible Injury,NOT DISTRACTED,MA,"Other Light Trucks (10,000Lbs (4,536Kg) Or Less)",30,2011.0,Toyota,CAMRY,14,Sunday,9
MCP2845005N,190049049,Montgomery County Police,Injury Crash,2019-10-12 14:30:00,Maryland (State),NEW HAMPSHIRE AVE,OAKVIEW DR,STRAIGHT MOVEMENT ANGLE,CLOUDY,DRY,DAYLIGHT,TRAFFIC SIGNAL,NONE DETECTED,Yes,No Apparent Injury,NOT DISTRACTED,MD,Passenger Car,40,2006.0,Mercedes,C280,14,Saturday,10
MCP2753005Q,220034358,Montgomery County Police,Injury Crash,2022-08-11 12:46:00,Maryland (State),GEORGIA AVE,GOLD MINE RD,SAME DIR REAR END,CLEAR,DRY,DAYLIGHT,PERSON,NONE DETECTED,No,No Apparent Injury,NOT DISTRACTED,MD,Passenger Car,40,2020.0,Jeep,TK,12,Thursday,8
MCP2608000P,15004360,Montgomery County Police,Property Damage Crash,2015-01-27 17:37:00,Maryland (State),16TH ST,SPRING ST,STRAIGHT MOVEMENT ANGLE,CLEAR,Unknown,DARK LIGHTS ON,NO CONTROLS,NONE DETECTED,No,No Apparent Injury,NOT DISTRACTED,MD,Passenger Car,35,2003.0,Honda,ACCORD,17,Tuesday,1
DD5603001B,15003398,Rockville Police Departme,Property Damage Crash,2015-01-21 13:38:00,Municipality,ROLLINS AVE,CHAPMAN AVE,HEAD ON,SNOW,SNOW,DAYLIGHT,NO CONTROLS,NONE DETECTED,No,No Apparent Injury,NOT DISTRACTED,NY,Passenger Car,15,2014.0,Merz,C30,13,Wednesday,1
MCP3094000Q,180034361,Montgomery County Police,Property Damage Crash,2018-07-11 14:00:00,Unknown,Unknown,Unknown,SAME DIR REAR END,CLEAR,Unknown,DAYLIGHT,Unknown,Unknown,Yes,No Apparent Injury,NOT DISTRACTED,MD,Passenger Car,0,2006.0,Honda,ODYSSEY,14,Wednesday,7
DM84370020,180061102,Takoma Park Police Depart,Property Damage Crash,2018-12-06 19:20:00,Unknown,Unknown,Unknown,SAME DIR REAR END,CLEAR,Unknown,DARK LIGHTS ON,STOP SIGN,UNKNOWN,Yes,No Apparent Injury,UNKNOWN,Unknown,Passenger Car,10,2007.0,Honda,ACCORD,19,Thursday,12
MCP0036007Q,180017246,Montgomery County Police,Property Damage Crash,2018-04-09 15:02:00,Maryland (State),GERMANTOWN RD,AIRCRAFT DR,STRAIGHT MOVEMENT ANGLE,CLEAR,DRY,DAYLIGHT,TRAFFIC SIGNAL,NONE DETECTED,Yes,No Apparent Injury,NOT DISTRACTED,MD,Passenger Car,40,2015.0,Subaru,OTBACK,15,Monday,4
MCP3377001G,240029345,MONTGOMERY,Property Damage Crash,2024-06-20 19:15:00,County Route,FLANDERS AVE,DRUID DR,Single Vehicle,Clear,Dry,Daylight,No Controls,"Not Suspect of Alcohol Use, Not Suspect of Drug Use",No,No Apparent Injury,Not Distracted,IL,Passenger Car,15,2019.0,Honda,ACCORD,19,Thursday,6
MCP2682002S,210029037,Montgomery County Police,Injury Crash,2021-07-27 06:31:00,County,SNOUFFERS SCHOOL RD,FLOWER HILL WAY,ANGLE MEETS LEFT HEAD ON,CLEAR,DRY,DAWN,STOP SIGN,NONE DETECTED,No,Possible Injury,NOT DISTRACTED,MD,Passenger Car,40,2020.0,Subaru,FORRESTER,6,Tuesday,7
MCP2094006B,16022431,Montgomery County Police,Property Damage Crash,2016-05-06 12:19:00,County,MARINELLI RD,ROCKVILLE PIKE,STRAIGHT MOVEMENT ANGLE,RAINING,WET,DAYLIGHT,NO CONTROLS,NONE DETECTED,Yes,No Apparent Injury,NOT DISTRACTED,MD,Passenger Car,25,2013.0,Honda,ACCORD,12,Friday,5
MCP3263003F,230031607,Montgomery County Police,Property Damage Crash,2023-07-02 18:00:00,Unknown,Unknown,Unknown,UNKNOWN,Unknown,Unknown,DARK LIGHTS ON,NO CONTROLS,UNKNOWN,Yes,No Apparent Injury,UNKNOWN,Unknown,Passenger Car,5,2016.0,Hyundia,ELANTRA,18,Sunday,7
MCP29190024,16061383,Montgomery County Police,Injury Crash,2016-11-30 08:43:00,Interstate (State),CAPITAL BELTWAY,EXIT #31,SAME DIR REAR END,RAINING,WET,DAYLIGHT,NO CONTROLS,NONE DETECTED,No,Possible Injury,NOT DISTRACTED,MD,Passenger Car,55,2016.0,Mercedes,C300,8,Wednesday,11
MCP23390074,220016490,Montgomery County Police,Property Damage Crash,2022-04-18 19:57:00,Maryland (State),ROCKVILLE PIKE,ENT TO FEDERAL PLAZA S.C.,STRAIGHT MOVEMENT ANGLE,RAINING,WET,DARK LIGHTS ON,TRAFFIC SIGNAL,NONE DETECTED,Yes,No Apparent Injury,INATTENTIVE OR LOST IN THOUGHT,XX,Passenger Car,40,2015.0,Jeep,PATRIOT,19,Monday,4
MCP2694002P,170523044,Montgomery County Police,Injury Crash,2017-08-04 19:22:00,Maryland (State),CLOPPER RD,GREAT SENECA HWY,HEAD ON LEFT TURN,CLEAR,DRY,DAYLIGHT,TRAFFIC SIGNAL,NONE DETECTED,Yes,No Apparent Injury,LOOKED BUT DID NOT SEE,MD,Passenger Car,35,2015.0,Honda,CIVIC,19,Friday,8
MCP3010003N,19001625,Montgomery County Police,Injury Crash,2019-04-08 07:54:00,Maryland (State),CONNECTICUT AVE,ADAMS DR,OTHER,Unknown,DRY,DAYLIGHT,TRAFFIC SIGNAL,Unknown,Yes,Suspected Minor Injury,LOOKED BUT DID NOT SEE,MD,Passenger Car,40,2012.0,Toyota,4 RUNNER,7,Monday,4
MCP3134004C,230023923,Montgomery County Police,Property Damage Crash,2023-05-18 17:09:00,Unknown,Unknown,Unknown,STRAIGHT MOVEMENT ANGLE,CLEAR,Unknown,DAYLIGHT,NO CONTROLS,UNKNOWN,Yes,No Apparent Injury,UNKNOWN,Unknown,(Sport) Utility Vehicle,10,2008.0,Ford,EXPLORER,17,Thursday,5
EJ7852001V,180012066,Gaithersburg Police Depar,Property Damage Crash,2018-03-10 01:22:00,Maryland (State),FREDERICK RD,MONTGOMERY VILLAGE AVE,SINGLE VEHICLE,CLEAR,DRY,DARK LIGHTS ON,TRAFFIC SIGNAL,ALCOHOL CONTRIBUTED,Yes,No Apparent Injury,NOT DISTRACTED,MD,Passenger Car,35,2009.0,Pontiac,TORRENT,1,Saturday,3
MCP29740009,15022056,Montgomery County Police,Property Damage Crash,2015-05-08 23:40:00,Maryland (State),UNIVERSITY BLVD E,PINEY BRANCH RD,SAME DIRECTION SIDESWIPE,CLEAR,DRY,DARK LIGHTS ON,Unknown,NONE DETECTED,No,No Apparent Injury,NOT DISTRACTED,DC,Passenger Car,40,1998.0,Toyota,RAV4,23,Friday,5
MCP1453006Q,180062162,Montgomery County Police,Property Damage Crash,2018-12-13 06:47:00,County,BRINK RD,BLUNT RD,SAME DIR REAR END,CLOUDY,DRY,DARK LIGHTS ON,STOP SIGN,NONE DETECTED,Yes,No Apparent Injury,LOOKED BUT DID NOT SEE,MD,(Sport) Utility Vehicle,40,2001.0,Nissan,PATHFINDER,6,Thursday,12
MCP31910022,200046334,Montgomery County Police,Property Damage Crash,2020-11-23 19:30:00,Maryland (State),FREDERICK RD,RIDGEMONT AVE,SAME DIR REND RIGHT TURN,CLEAR,DRY,DARK LIGHTS ON,NO CONTROLS,NONE DETECTED,No,No Apparent Injury,NOT DISTRACTED,MD,Passenger Car,35,2016.0,Nissan,VERSA,19,Monday,11
MCP2353009Q,220006927,Montgomery County Police,Property Damage Crash,2022-02-17 06:45:00,Interstate (State),EISENHOWER MEMORIAL HWY,EXIT #9,SAME DIR REAR END,CLOUDY,DRY,DAWN,Unknown,NONE DETECTED,Yes,No Apparent Injury,NOT DISTRACTED,MD,Passenger Car,55,2019.0,Toyota,CH-R,6,Thursday,2
MCP3218003B,220046126,Montgomery County Police,Property Damage Crash,2022-10-20 18:35:00,Maryland (State),UNIVERSITY BLVD W,REEDIE DR,SAME DIR REAR END,CLEAR,DRY,DARK LIGHTS ON,TRAFFIC SIGNAL,NONE DETECTED,No,No Apparent Injury,NOT DISTRACTED,MD,Passenger Car,35,2004.0,Toyota,PRIUS,18,Thursday,10
MCP2916002Q,190017731,Montgomery County Police,Property Damage Crash,2019-04-16 08:45:00,County,RANDOLPH RD,HAMMONTON RD,SAME DIR REAR END,CLEAR,DRY,DAYLIGHT,NO CONTROLS,NONE DETECTED,No,No Apparent Injury,NOT DISTRACTED,MD,Passenger Car,45,2012.0,Honda,ACCORD,8,Tuesday,4
MCP06850039,170530302,Montgomery County Police,Property Damage Crash,2017-09-13 10:00:00,County,PINEY MEETINGHOUSE RD,PALATINE DR,SINGLE VEHICLE,CLOUDY,WET,DAYLIGHT,NO CONTROLS,NONE DETECTED,Yes,No Apparent Injury,NOT DISTRACTED,MD,(Sport) Utility Vehicle,30,1997.0,Toyota,4RUNNER,10,Wednesday,9
MCP1580003F,15027748,Montgomery County Police,Injury Crash,2015-06-08 15:09:00,Municipality,PERRY PKWY,W DIAMOND AVE,SAME DIRECTION RIGHT TURN,CLEAR,DRY,DAYLIGHT,NO CONTROLS,UNKNOWN,Yes,No Apparent Injury,UNKNOWN,MD,Passenger Car,30,2002.0,Honda,CIVIC,15,Monday,6
MCP1378016K,230066753,Montgomery County Police,Injury Crash,2023-11-16 17:26:00,Maryland (State),INTERCOUNTY CONNECTOR,RAMP 3 FR MD 200 EB TO MD 650 NB,SAME DIR REAR END,CLEAR,DRY,DARK LIGHTS ON,TRAFFIC SIGNAL,NONE DETECTED,No,Possible Injury,NOT DISTRACTED,MD,(Sport) Utility Vehicle,50,2021.0,Suba,IMPREZA,17,Thursday,11
MCP31610073,240049480,MONTGOMERY,Property Damage Crash,2024-10-16 15:00:00,Maryland (State) Route,CONNECTICUT AVE,Unknown,"Sideswipe, Same Direction",Clear,Dry,Daylight,Traffic Control Signal,"Not Suspect of Alcohol Use, Not Suspect of Drug Use",No,No Apparent Injury,Unknown,MD,Passenger Car,35,2012.0,Nissan,ALTIMA,15,Wednesday,10
MCP30900065,220023793,Montgomery County Police,Injury Crash,2022-06-03 15:00:00,Municipality,FIRSTFIELD RD,BANK ST,STRAIGHT MOVEMENT ANGLE,CLEAR,DRY,DAYLIGHT,NO CONTROLS,Unknown,No,Suspected Minor Injury,NOT DISTRACTED,MD,(Sport) Utility Vehicle,25,2018.0,Jeep,WRANGLER,15,Friday,6
MCP27880027,200036819,Montgomery County Police,Property Damage Crash,2020-09-19 23:41:00,Maryland (State),GEORGIA AVE,UNIVERSITY BLVD W,STRAIGHT MOVEMENT ANGLE,CLEAR,DRY,DARK LIGHTS ON,TRAFFIC SIGNAL,NONE DETECTED,Yes,No Apparent Injury,UNKNOWN,MD,Passenger Car,25,2007.0,Honda,FIT,23,Saturday,9
MCP1378008Y,15061796,MONTGOMERY,Injury Crash,2015-12-03 18:00:00,County,GOSHEN RD,MIDCOUNTY HWY,SAME DIR REAR END,CLEAR,DRY,DARK NO LIGHTS,TRAFFIC SIGNAL,NONE DETECTED,Yes,Possible Injury,NOT DISTRACTED,MD,Passenger Car,35,2010.0,Hond,INSIGHT,18,Thursday,12
MCP2353008X,210014079,Montgomery County Police,Injury Crash,2021-04-15 13:51:00,Maryland (State),EAST WEST HWY,GLENDALE RD,STRAIGHT MOVEMENT ANGLE,CLOUDY,DRY,DAYLIGHT,STOP SIGN,NONE DETECTED,No,Possible Injury,NOT DISTRACTED,MD,Station Wagon,35,2015.0,Land Rover,RANGE ROVER,13,Thursday,4
DD56210013,170512893,Rockville Police Departme,Injury Crash,2017-06-10 13:11:00,Maryland (State),VEIRS MILL RD,MEADOW HALL DR,SAME DIRECTION RIGHT TURN,CLEAR,DRY,DAYLIGHT,NO CONTROLS,NONE DETECTED,No,No Apparent Injury,NOT DISTRACTED,MD,Passenger Car,40,2000.0,Toyt,TK,13,Saturday,6
MCP9130006Z,190013548,Montgomery County Police,Injury Crash,2019-03-24 10:03:00,County,HARTWELL RD,BRADFORD RD,HEAD ON,CLEAR,DRY,DAYLIGHT,NO CONTROLS,NONE DETECTED,Yes,Suspected Minor Injury,OTHER DISTRACTION,MD,Passenger Car,25,2008.0,Hyundai,AZERA,10,Sunday,3
MCP2763003J,210031127,Montgomery County Police,Injury Crash,2021-08-10 19:50:00,Maryland (State),MIDCOUNTY HWY,MONTGOMERY VILLAGE AVE,SAME DIR REAR END,RAINING,WET,DUSK,NO CONTROLS,NONE DETECTED,No,Possible Injury,NOT DISTRACTED,MD,Passenger Car,35,2017.0,Toyt,4S,19,Tuesday,8
MCP3053007B,240014974,MONTGOMERY,Injury Crash,2024-03-30 19:18:00,County Route,GRANDVIEW AVE,Unknown,Front to Rear,Clear,Dry,Daylight,No Controls,"Not Suspect of Alcohol Use, Not Suspect of Drug Use",No,No Apparent Injury,Unknown,MD,Passenger Car,20,2003.0,Toyota,COROLLA,19,Saturday,3
MCP3190005D,230059283,Montgomery County Police,Property Damage Crash,2023-10-08 12:55:00,Maryland (State),GEORGIA AVE,WEISMAN RD,SAME DIRECTION LEFT TURN,CLEAR,DRY,DAYLIGHT,NO CONTROLS,NONE DETECTED,Yes,No Apparent Injury,NOT DISTRACTED,MD,Passenger Car,35,2009.0,Hyundai,SANTA FE,12,Sunday,10
MCP31190035,210042640,Montgomery County Police,Property Damage Crash,2021-10-23 11:45:00,County,SNOUFFERS SCHOOL RD,CENTERWAY RD,STRAIGHT MOVEMENT ANGLE,CLEAR,DRY,DAYLIGHT,TRAFFIC SIGNAL,NONE DETECTED,Yes,No Apparent Injury,NOT DISTRACTED,MD,Passenger Car,40,2015.0,Ford,TK,11,Saturday,10
MCP23570015,15043376,MONTGOMERY,Property Damage Crash,2015-08-29 08:33:00,US (State),COLESVILLE RD,DALE DR,SAME DIR REAR END,CLEAR,DRY,DAYLIGHT,TRAFFIC SIGNAL,NONE DETECTED,Yes,No Apparent Injury,DISTRACTED BY OUTSIDE PERSON OBJECT OR EVENT,MD,Passenger Car,35,2011.0,Hyundy,SONATA,8,Saturday,8
MCP3008001N,180044235,Montgomery County Police,Property Damage Crash,2018-09-05 04:00:00,Unknown,Unknown,Unknown,OTHER,Unknown,Unknown,DARK LIGHTS ON,NO CONTROLS,NONE DETECTED,Yes,No Apparent Injury,NOT DISTRACTED,TX,Passenger Car,5,2015.0,Nissan,PATHFINDER,4,Wednesday,9
EJ7907001J,250005680,GAITHERSBURG,Property Damage Crash,2025-02-07 17:25:00,Maryland (State) Route,Unknown,MONTGOMERY AVE,Front to Front,Clear,Dry,Daylight,Stop Sign,"Not Suspect of Alcohol Use, Not Suspect of Drug Use",No,No Apparent Injury,Not Distracted,MD,Sport Utility Vehicle,30,2018.0,Toyota,HIGHLANDER,17,Friday,2
MCP3387000F,240004632,MONTGOMERY,Property Damage Crash,2024-01-29 14:23:00,County Route,FENTON ST,Unknown,"Sideswipe, Same Direction",Clear,Dry,Daylight,No Controls,"Not Suspect of Alcohol Use, Not Suspect of Drug Use",No,No Apparent Injury,Not Distracted,MD,Passenger Car,25,2022.0,Chevrolet,MALIBU,14,Monday,1
MCP2809002D,15052959,MONTGOMERY,Injury Crash,2015-10-20 07:09:00,Maryland (State),GEORGIA AVE,ARCOLA AVE,SAME DIR REAR END,Unknown,DRY,DAWN,TRAFFIC SIGNAL,Unknown,Yes,No Apparent Injury,UNKNOWN,MD,Passenger Car,35,2015.0,Chevy,TRAX,7,Tuesday,10
MCP2516005L,240051787,MONTGOMERY,Property Damage Crash,2024-10-29 11:00:00,County Route,WAYFARER RD,Unknown,Front to Rear,Clear,Dry,Daylight,No Controls,"Unknown, Unknown",Yes,Unknown,Unknown,Unknown,All-Terrain Vehicle/All-Terrain Cycle (Atv/Atc),25,2008.0,Toyota,SCION XB,11,Tuesday,10