Report Number,Local Case Number,Agency Name,ACRS Report Type,Crash Date/Time,Route Type,Road Name,Cross-Street Name,Collision Type,Weather,Surface Condition,Light,Traffic Control,Driver Substance Abuse,Driver At Fault,Injury Severity,Driver Distracted By,Drivers License State,Vehicle Body Type,Speed Limit,Vehicle Year,Vehicle Make,Vehicle Model,Crash Hour,Crash Day,Crash Month
MCP1086000B,210042474,Montgomery County Police,Injury Crash,2021-10-22 07:30:00,County,RICHTER FARM RD,MOLASSES RUN DR,OTHER,Unknown,DRY,DAYLIGHT,STOP SIGN,NONE DETECTED,Yes,No Apparent Injury,UNKNOWN,MD,Passenger Car,25,2003.0,Toyota,COROLLA,7,Friday,10
MCP1283000R,16053203,Montgomery County Police,Injury Crash,2016-10-16 13:50:00,Maryland (State),CLARKSBURG RD,WEST OLD BALTIMORE RD,HEAD ON LEFT TURN,CLEAR,DRY,DAYLIGHT,Unknown,NONE DETECTED,Yes,No Apparent Injury,NOT DISTRACTED,MD,Passenger Car,40,2004.0,Chevy,CAVALIER,13,Sunday,10
EJ7865005V,200028778,Gaithersburg Police Depar,Property Damage Crash,2020-07-24 15:47:00,Maryland (State),W DIAMOND AVE,RAMP 1 FR IS 270 NB TO MD 117 WB,SAME DIRECTION SIDESWIPE,CLEAR,DRY,DAYLIGHT,TRAFFIC SIGNAL,UNKNOWN,Yes,No Apparent Injury,UNKNOWN,MD,Passenger Car,35,2005.0,Subaru,OUTBACK,15,Friday,7
MCP26410021,210011660,Montgomery County Police,Property Damage Crash,2021-03-29 06:50:00,County,HAWKINS CREAMERY RD,LAYTONSVILLE RD,SINGLE VEHICLE,CLEAR,DRY,DAWN,Unknown,NONE DETECTED,Yes,No Apparent Injury,UNKNOWN,MD,(Sport) Utility Vehicle,35,2004.0,Honda,PILOT,6,Monday,3
MCP2965000H,15036191,MONTGOMERY,Property Damage Crash,2015-07-24 06:00:00,County,FARRELL DR,NAVARRE DR,OPPOSITE DIRECTION SIDESWIPE,CLEAR,DRY,DAYLIGHT,Unknown,UNKNOWN,Yes,No Apparent Injury,UNKNOWN,Unknown,Passenger Car,30,2011.0,Ford,4S,6,Friday,7
MCP2358004J,180015633,Montgomery County Police,Property Damage Crash,2018-03-31 10:34:00,Maryland (State),RIVER RD,BRADLEY BLVD,STRAIGHT MOVEMENT ANGLE,CLEAR,DRY,DAYLIGHT,TRAFFIC SIGNAL,NONE DETECTED,Yes,No Apparent Injury,NOT DISTRACTED,MD,Passenger Car,40,2010.0,Honda,CRV,10,Saturday,3
MCP3240003P,240044375,MONTGOMERY,Property Damage Crash,2024-09-17 22:09:00,Maryland (State) Route,GERMANTOWN RD (SB/L),CLOPPER RD (WB/L),Single Vehicle,Clear,Wet,Dark - Lighted,Traffic Control Signal,"Not Suspect of Alcohol Use, Not Suspect of Drug Use",No,No Apparent Injury,Not Distracted,MD,Passenger Car,40,2018.0,Lexus,IS,22,Tuesday,9
MCP94280031,210001428,Montgomery County Police,Injury Crash,2021-01-12 08:20:00,County,BRINK RD,WILDCAT RD,SAME DIR REAR END,CLEAR,DRY,DAYLIGHT,STOP SIGN,NONE DETECTED,Yes,No Apparent Injury,LOOKED BUT DID NOT SEE,MD,Pickup Truck,40,2003.0,Ford,F150,8,Tuesday,1
DD5640000Y,200050824,Rockville Police Departme,Injury Crash,2020-12-26 13:30:00,Maryland (State),VEIRS MILL RD,EDMONSTON DR,STRAIGHT MOVEMENT ANGLE,CLEAR,DRY,DAYLIGHT,TRAFFIC SIGNAL,NONE DETECTED,Yes,No Apparent Injury,NOT DISTRACTED,WA,Passenger Car,40,2020.0,Toyota,CAMRY,13,Saturday,12
EJ77640003,16047792,Gaithersburg Police Depar,Property Damage Crash,2016-09-17 13:54:00,Maryland (State),QUINCE ORCHARD RD,KENTLANDS BLVD,STRAIGHT MOVEMENT ANGLE,CLEAR,DRY,DAYLIGHT,TRAFFIC SIGNAL,NONE DETECTED,Yes,No Apparent Injury,UNKNOWN,MD,Passenger Car,40,2001.0,Nissan,ALTIMA,13,Saturday,9
MCP1252001H,210053238,Montgomery County Police,Injury Crash,2021-12-30 17:29:00,Maryland (State),GREAT SENECA HWY,CLOPPER RD,HEAD ON LEFT TURN,CLOUDY,WET,DARK LIGHTS ON,TRAFFIC SIGNAL,NONE DETECTED,No,Possible Injury,NOT DISTRACTED,MD,(Sport) Utility Vehicle,35,2018.0,Toyt,HIGHLANDER,17,Thursday,12
MCP2009002K,23005100,Montgomery County Police,Property Damage Crash,2023-09-15 16:01:00,Maryland (State),RIVER RD,COUNSELMAN RD,SAME DIR REAR END,CLEAR,DRY,DAYLIGHT,NO CONTROLS,NONE DETECTED,No,No Apparent Injury,NOT DISTRACTED,MD,Passenger Car,30,2020.0,Toyota,COROLLA,16,Friday,9
MCP9113006Y,210000385,Montgomery County Police,Property Damage Crash,2021-01-04 12:49:00,Unknown,Unknown,Unknown,SAME DIRECTION SIDESWIPE,CLOUDY,Unknown,DAYLIGHT,NO CONTROLS,UNKNOWN,Yes,No Apparent Injury,NOT DISTRACTED,MD,Passenger Car,0,2012.0,Toyota,RAV4,12,Monday,1
MCP3377000M,230055326,Montgomery County Police,Property Damage Crash,2023-09-17 01:33:00,Maryland (State),OLD GEORGETOWN RD,DEMOCRACY BLVD,HEAD ON LEFT TURN,CLEAR,DRY,DARK LIGHTS ON,FLASHING TRAFFIC SIGNAL,Unknown,Yes,No Apparent Injury,LOOKED BUT DID NOT SEE,DE,Passenger Car,35,2015.0,Chevy,EQU,1,Sunday,9
MCP1436000Q,190022226,Montgomery County Police,Property Damage Crash,2019-05-11 10:04:00,County,PARKLAWN DR,RANDOLPH RD,SAME DIR REAR END,CLEAR,DRY,DAYLIGHT,TRAFFIC SIGNAL,NONE DETECTED,Yes,No Apparent Injury,NOT DISTRACTED,MD,Passenger Car,35,2010.0,Toyt,RAV4,10,Saturday,5
MCP2798002P,17016594,Montgomery County Police,Property Damage Crash,2017-04-01 16:19:00,US (State),COLUMBIA PIKE,RAMP 6 FR US 29 EB TO MD 650 SB,SAME DIR REAR END,CLEAR,DRY,DAYLIGHT,NO CONTROLS,NONE DETECTED,No,No Apparent Injury,NOT DISTRACTED,MD,Passenger Car,50,2014.0,Kia,2S,16,Saturday,4
MCP21160077,170534470,Montgomery County Police,Property Damage Crash,2017-10-03 09:20:00,Municipality,COLLEGE PKWY,HUNGERFORD DR,SAME DIR REAR END,CLEAR,DRY,DAYLIGHT,TRAFFIC SIGNAL,NONE DETECTED,Yes,No Apparent Injury,OTHER DISTRACTION,MD,School Bus,25,2008.0,Thomas,BUS,9,Tuesday,10
MCP30730043,190042185,Montgomery County Police,Property Damage Crash,2019-09-03 16:29:00,County,WESTBURY RD,NORBECK RD,SAME DIR REAR END,Unknown,DRY,DAYLIGHT,STOP SIGN,Unknown,No,No Apparent Injury,UNKNOWN,MD,Passenger Car,25,1998.0,Nissan,MAXIMA,16,Tuesday,9
MCP2726006B,210044456,Montgomery County Police,Property Damage Crash,2021-11-03 08:43:00,Municipality,TOWER OAKS BLVD,MONTROSE RD,SAME DIRECTION RIGHT TURN,CLEAR,DRY,DAYLIGHT,TRAFFIC SIGNAL,NONE DETECTED,No,No Apparent Injury,NOT DISTRACTED,MD,Passenger Car,35,2016.0,Toyota,COROLLA,8,Wednesday,11
MCP2339006W,220015044,Montgomery County Police,Property Damage Crash,2022-04-08 20:43:00,County,ASPEN HILL RD,ARCTIC AVE,ANGLE MEETS RIGHT TURN,Unknown,Unknown,DARK LIGHTS ON,TRAFFIC SIGNAL,NONE DETECTED,No,No Apparent Injury,NOT DISTRACTED,MD,Passenger Car,35,2013.0,Dodge,JOURNEY,20,Friday,4
DD5624003Q,200000635,Rockville Police Departme,Injury Crash,2020-01-04 16:15:00,Unknown,Unknown,Unknown,OTHER,RAINING,Unknown,DARK LIGHTS ON,NO CONTROLS,NONE DETECTED,Yes,No Apparent Injury,UNKNOWN,MD,Van,10,2009.0,Chevy,VAN,16,Saturday,1
MCP3041000B,17012230,Montgomery County Police,Injury Crash,2017-03-08 06:16:00,Unknown,Unknown,Unknown,STRAIGHT MOVEMENT ANGLE,CLEAR,Unknown,Unknown,STOP SIGN,Unknown,No,Possible Injury,NOT DISTRACTED,MD,Motorcycle,0,2002.0,Yama,MC,6,Wednesday,3
DD5614004H,190026979,Rockville Police Departme,Injury Crash,2019-06-06 00:05:00,Ramp,RAMP 2 FR MD 189 WB TO RAMP 3 (TO IS270),FALLS RD,SINGLE VEHICLE,CLOUDY,WET,DARK LIGHTS ON,NO CONTROLS,NONE DETECTED,Yes,Possible Injury,UNKNOWN,MD,(Sport) Utility Vehicle,55,2001.0,Toyt,TK,0,Thursday,6
DD56650034,250054522,ROCKVILLE,Property Damage Crash,2025-12-05 18:46:00,Maryland (State) Route,W MONTGOMERY AVE,FALLSGROVE DR,"Sideswipe, Same Direction",Cloudy,Wet,Dark - Lighted,Traffic Control Signal,"Not Suspect of Alcohol Use, Not Suspect of Drug Use",Yes,No Apparent Injury,Unknown,VA,Passenger Car,25,2019.0,Volkswagen,ATLAS,18,Friday,12
MCP2339002P,170518912,Montgomery County Police,Property Damage Crash,2017-07-13 16:09:00,Municipality,E JEFFERSON ST,ROLLINS AVE,HEAD ON LEFT TURN,Unknown,DRY,DAYLIGHT,NO CONTROLS,NONE DETECTED,No,No Apparent Injury,NOT DISTRACTED,MD,Passenger Car,30,2011.0,Toyota,4S,16,Thursday,7
MCP3255004N,230029861,Montgomery County Police,Injury Crash,2023-06-21 22:00:00,Ramp,RAMP 8 FR RAMP 5 TO RAMP 1 (TO IS370),RAMP 1 FR IS 270 NB TO IS 370 WB,SAME DIR REAR END,CLEAR,WET,DARK LIGHTS ON,NO CONTROLS,Unknown,Yes,Possible Injury,UNKNOWN,MD,(Sport) Utility Vehicle,55,2023.0,Lexus,RX,22,Wednesday,6
EJ7893002D,230022344,Gaithersburg Police Depar,Injury Crash,2023-05-10 08:30:00,Maryland (State),W DIAMOND AVE,RAMP 7 FR MD 117 WB TO RAMP 6 (TO IS270),STRAIGHT MOVEMENT ANGLE,CLEAR,DRY,DAYLIGHT,NO CONTROLS,NONE DETECTED,No,Suspected Minor Injury,NOT DISTRACTED,MD,Passenger Car,35,2008.0,Pontiac,VIBE,8,Wednesday,5
MCP2835003C,240000859,MONTGOMERY,Property Damage Crash,2024-01-06 05:40:00,County Route,KANSAS AVE,Unknown,Other,Clear,Dry,Dark - Lighted,No Controls,"Suspect of Alcohol Use, Unknown",No,No Apparent Injury,Unknown,Unknown,Passenger Car,25,2019.0,Acura,ILX,5,Saturday,1
MCP219800DN,230054721,Montgomery County Police,Injury Crash,2023-09-13 20:46:00,County,SHADY GROVE RD,EPSILON DR,HEAD ON LEFT TURN,CLEAR,DRY,DARK LIGHTS ON,TRAFFIC SIGNAL,Unknown,Yes,Possible Injury,UNKNOWN,FL,Passenger Car,40,2019.0,Buic,ENCORE,20,Wednesday,9
MCP2848002R,16015305,MONTGOMERY,Property Damage Crash,2016-03-29 06:47:00,Interstate (State),EISENHOWER MEMORIAL HWY,SPUR FR C/D LANE (SB/L),SAME DIRECTION SIDESWIPE,Unknown,DRY,DAWN,NO CONTROLS,NONE DETECTED,No,No Apparent Injury,NOT DISTRACTED,MD,Passenger Car,55,2016.0,Honda,ACCORD,6,Tuesday,3
MCP30580013,170546787,Montgomery County Police,Property Damage Crash,2017-12-05 18:15:00,County,MUDDY BRANCH RD,DARNESTOWN RD,OPPOSITE DIRECTION SIDESWIPE,RAINING,WET,DARK LIGHTS ON,TRAFFIC SIGNAL,NONE DETECTED,No,No Apparent Injury,NOT DISTRACTED,MD,Passenger Car,40,2014.0,Hyundai,ELANTRA,18,Tuesday,12
MCP25520073,240013756,MONTGOMERY,Injury Crash,2024-03-22 18:12:00,County Route,E GUDE DR (WB/L),CRABBS BRANCH WAY (NB/L),Front to Front,Clear,Dry,Daylight,Traffic Control Signal,"Not Suspect of Alcohol Use, Not Suspect of Drug Use",No,Suspected Minor Injury,Not Distracted,MD,Sport Utility Vehicle,40,2018.0,Honda,CR-V,18,Friday,3
MCP3192000J,190054088,Montgomery County Police,Injury Crash,2019-11-09 20:20:00,County,OLD COLUMBIA PIKE,FAIRLAND RD,SINGLE VEHICLE,CLEAR,DRY,DUSK,TRAFFIC SIGNAL,ALCOHOL PRESENT,Yes,Suspected Serious Injury,OTHER DISTRACTION,MD,Passenger Car,35,2014.0,Ford,EXPLORER,20,Saturday,11
MCP20470064,250035914,MONTGOMERY,Property Damage Crash,2025-08-12 12:14:00,Unknown,Unknown,Unknown,Other,Clear,Unknown,Daylight,Unknown,"Not Suspect of Alcohol Use, Not Suspect of Drug Use",Yes,No Apparent Injury,Not Distracted,MD,Van - Passenger (&Lt;9 Seats),0,2016.0,Ford,TRANSIT,12,Tuesday,8
MCP2917009Z,220030478,Montgomery County Police,Property Damage Crash,2022-07-15 18:44:00,Maryland (State),NORBECK RD,GEORGIA AVE,SAME DIR REAR END,CLEAR,DRY,DAYLIGHT,TRAFFIC SIGNAL,NONE DETECTED,No,No Apparent Injury,NOT DISTRACTED,MD,Passenger Car,35,2018.0,Ford,CMAX,18,Friday,7
MCP3093004K,230000359,Montgomery County Police,Property Damage Crash,2023-01-03 15:48:00,Government,BEACH DR,EAST WEST HWY,OTHER,CLEAR,DRY,DAYLIGHT,TRAFFIC SIGNAL,Unknown,Yes,No Apparent Injury,LOOKED BUT DID NOT SEE,MD,Passenger Car,30,2008.0,Toyt,MATRIX,15,Tuesday,1
MCP2891004D,170539795,Montgomery County Police,Property Damage Crash,2017-10-30 13:24:00,Maryland (State),GEORGIA AVE,RAMP 8 FR MD 97 SB TO IS 495 WB,SAME DIRECTION SIDESWIPE,CLEAR,DRY,DAYLIGHT,Unknown,NONE DETECTED,Yes,No Apparent Injury,NOT DISTRACTED,MD,Passenger Car,35,2006.0,Toyota,SIENNA,13,Monday,10
MCP3263000K,200042728,Montgomery County Police,Property Damage Crash,2020-10-29 20:22:00,County,MONTROSE RD,EVELYN DR,SINGLE VEHICLE,RAINING,WET,DARK LIGHTS ON,TRAFFIC SIGNAL,NONE DETECTED,Yes,No Apparent Injury,UNKNOWN,MD,Passenger Car,40,2005.0,Shsrd78555U336510,SW,20,Thursday,10
MCP23940056,240009308,MONTGOMERY,Property Damage Crash,2024-02-26 10:54:00,Maryland (State) Route,NEW HAMPSHIRE AVE (SB/L),Unknown,Front to Rear,Clear,Dry,Daylight,No Controls,"Not Suspect of Alcohol Use, Not Suspect of Drug Use",No,No Apparent Injury,Not Distracted,MD,Station Wagon,40,2004.0,Subaru,FORESTER,10,Monday,2
MCP1382002Q,16013785,MONTGOMERY,Property Damage Crash,2016-03-21 08:34:00,County,COLUMBIA BLVD,GEORGIA AVE,STRAIGHT MOVEMENT ANGLE,CLEAR,DRY,DAYLIGHT,NO CONTROLS,NONE DETECTED,Yes,No Apparent Injury,NOT DISTRACTED,MD,Pickup Truck,30,2014.0,Toyota,TACOMA,8,Monday,3
MCP31340053,240038599,MONTGOMERY,Injury Crash,2024-08-15 17:46:00,Ramp,RAMP 5 FR RAMP 6 (US29) TO BLACKBURN RD,Unknown,Rear To Rear,Clear,Dry,Daylight,No Controls,"Not Suspect of Alcohol Use, Not Suspect of Drug Use",No,No Apparent Injury,Not Distracted,MD,Passenger Car,55,2022.0,Honda,HR-V,17,Thursday,8
MCP29950079,200050365,Montgomery County Police,Property Damage Crash,2020-12-22 18:08:00,Maryland (State),GEORGIA AVE,CONNECTICUT AVE,SAME DIR REAR END,CLEAR,DRY,DARK LIGHTS ON,TRAFFIC SIGNAL,NONE DETECTED,No,No Apparent Injury,NOT DISTRACTED,MD,Passenger Car,35,2017.0,Chevrolet,TAHOE,18,Tuesday,12
MCP3009007W,240028328,MONTGOMERY,Property Damage Crash,2024-06-14 12:15:00,Unknown,Unknown,Unknown,Rear To Side,Clear,Unknown,Daylight,Unknown,"Not Suspect of Alcohol Use, Not Suspect of Drug Use",Yes,No Apparent Injury,Not Distracted,MD,Sport Utility Vehicle,0,2016.0,Ford,EXPLORER,12,Friday,6
DM8437000R,16004303,Takoma Park Police Depart,Injury Crash,2016-01-26 21:58:00,Maryland (State),NEW HAMPSHIRE AVE,LINDEN AVE,STRAIGHT MOVEMENT ANGLE,OTHER,WET,DARK LIGHTS ON,Unknown,NONE DETECTED,Yes,No Apparent Injury,LOOKED BUT DID NOT SEE,DC,Passenger Car,35,2009.0,Toyota,CAMRY,21,Tuesday,1
MCP23130014,190047690,Montgomery County Police,Injury Crash,2019-10-04 17:30:00,Maryland (State),KEY WEST AVE,DARNESTOWN RD,HEAD ON LEFT TURN,CLEAR,DRY,DAYLIGHT,TRAFFIC SIGNAL,Unknown,No,Possible Injury,UNKNOWN,MD,(Sport) Utility Vehicle,40,2008.0,Honda,CRV,17,Friday,10
MCP26070031,180004532,Montgomery County Police,Property Damage Crash,2018-01-26 19:17:00,County,SHADY GROVE RD,BRIARDALE RD,SAME DIR REAR END,Unknown,DRY,DARK LIGHTS ON,NO CONTROLS,NONE DETECTED,Yes,No Apparent Injury,NOT DISTRACTED,MD,Passenger Car,40,2014.0,Toyota,CAMRY,19,Friday,1
MCP2936003S,200019192,Montgomery County Police,Property Damage Crash,2020-05-12 15:15:00,County,RANDOLPH RD,CHAPMAN AVE,HEAD ON LEFT TURN,CLEAR,DRY,DAYLIGHT,TRAFFIC SIGNAL,NONE DETECTED,Yes,No Apparent Injury,LOOKED BUT DID NOT SEE,MD,Police Vehicle/Emergency,35,2014.0,Hyun,SONATA,15,Tuesday,5
MCP1305001T,180003122,Montgomery County Police,Property Damage Crash,2018-01-19 14:24:00,Unknown,Unknown,Unknown,SAME DIRECTION SIDESWIPE,CLEAR,Unknown,DAYLIGHT,Unknown,NONE DETECTED,Yes,No Apparent Injury,LOOKED BUT DID NOT SEE,MD,Passenger Car,15,2006.0,Linc,NAVIGATOR,14,Friday,1
MCP2750001B,15023505,Montgomery County Police,Property Damage Crash,2015-05-16 17:55:00,Maryland (State),GEORGIA AVE,PARKER AVE,STRAIGHT MOVEMENT ANGLE,RAINING,WET,DAYLIGHT,NO CONTROLS,NONE DETECTED,Yes,No Apparent Injury,NOT DISTRACTED,DC,Passenger Car,40,2012.0,Toyota,PRIUS,17,Saturday,5
MCP27520031,180062075,Montgomery County Police,Injury Crash,2018-12-12 16:00:00,Maryland (State),WILSON LA,EXETER RD,STRAIGHT MOVEMENT ANGLE,CLOUDY,DRY,DAYLIGHT,STOP SIGN,Unknown,Yes,Possible Injury,NOT DISTRACTED,MD,Passenger Car,30,2005.0,Toyota,COROLLA,16,Wednesday,12
MCP28910027,16021104,Montgomery County Police,Property Damage Crash,2016-04-29 12:16:00,County,SILVER SPRING AVE,FENTON ST,HEAD ON LEFT TURN,CLEAR,DRY,DAYLIGHT,TRAFFIC SIGNAL,NONE DETECTED,No,No Apparent Injury,NOT DISTRACTED,MD,Passenger Car,35,2004.0,Toyota,SOLARA,12,Friday,4
MCP137800MD,180044770,Montgomery County Police,Injury Crash,2018-09-07 17:51:00,Municipality,WATKINS MILL RD,RUSSELL AVE,STRAIGHT MOVEMENT ANGLE,CLOUDY,DRY,DAYLIGHT,STOP SIGN,NONE DETECTED,No,Suspected Minor Injury,NOT DISTRACTED,MD,Passenger Car,30,2016.0,Toyt,COROLLA,17,Friday,9
MCP2615003M,200023697,Montgomery County Police,Injury Crash,2020-06-17 05:15:00,US (State),COLUMBIA PIKE,MUSGROVE RD,STRAIGHT MOVEMENT ANGLE,CLEAR,DRY,DAWN,FLASHING TRAFFIC SIGNAL,NONE DETECTED,Yes,No Apparent Injury,NOT DISTRACTED,MD,Passenger Car,40,2012.0,Toyota,CAMRY,5,Wednesday,6
MCP2971000D,15028679,Montgomery County Police,Property Damage Crash,2015-06-12 18:33:00,US (State),COLESVILLE RD,GEORGIA AVE,SAME DIRECTION SIDESWIPE,CLEAR,DRY,DAYLIGHT,TRAFFIC SIGNAL,NONE DETECTED,No,No Apparent Injury,NOT DISTRACTED,MD,Transit Bus,35,2009.0,Gill,HY,18,Friday,6
MCP913000GH,230052434,Montgomery County Police,Property Damage Crash,2023-08-31 12:47:00,US (State),COLESVILLE RD,CRESTMOOR DR,SAME DIRECTION LEFT TURN,CLEAR,DRY,DAYLIGHT,NO CONTROLS,NONE DETECTED,Yes,No Apparent Injury,NOT DISTRACTED,MD,Passenger Car,40,2010.0,Honda,FIT,12,Thursday,8
MCP2710002R,190018854,Montgomery County Police,Injury Crash,2019-04-22 16:30:00,County,SHADY GROVE RD,EXIT #8,STRAIGHT MOVEMENT ANGLE,Unknown,DRY,DAYLIGHT,TRAFFIC SIGNAL,NONE DETECTED,Yes,No Apparent Injury,UNKNOWN,MD,Passenger Car,45,2007.0,Toyt,TK,16,Monday,4
MCP2739003C,200018651,Montgomery County Police,Injury Crash,2020-05-07 23:39:00,US (State),COLESVILLE RD,MD 193 (NBL),STRAIGHT MOVEMENT ANGLE,CLEAR,DRY,DARK LIGHTS ON,TRAFFIC SIGNAL,NONE DETECTED,Unknown,No Apparent Injury,UNKNOWN,MD,Passenger Car,35,2018.0,Toyota,SIENNA,23,Thursday,5
MCP32900019,220010135,Montgomery County Police,Property Damage Crash,2022-03-09 12:40:00,US (State),COLESVILLE RD,FENTON ST,SAME DIRECTION SIDESWIPE,RAINING,WET,DAYLIGHT,TRAFFIC SIGNAL,Unknown,Yes,No Apparent Injury,OTHER DISTRACTION,MD,Passenger Car,35,2006.0,Toyota,VAN,12,Wednesday,3
MCP30510027,180050515,Montgomery County Police,Property Damage Crash,2018-10-09 16:55:00,Maryland (State),CONNECTICUT AVE,CHEVY CHASE CIR,SAME DIR REAR END,CLEAR,DRY,DAYLIGHT,YIELD SIGN,NONE DETECTED,Yes,No Apparent Injury,UNKNOWN,MD,Passenger Car,30,2007.0,Nissan,MAXIMA,16,Tuesday,10
MCP3348002F,240014011,MONTGOMERY,Property Damage Crash,2024-03-24 20:56:00,Maryland (State) Route,NEW HAMPSHIRE AVE,Unknown,"Sideswipe, Same Direction",Clear,Dry,Dark - Lighted,No Controls,"Unknown, Unknown",No,Unknown,Unknown,Unknown,Passenger Car,35,2013.0,Toyota,COROLLA,20,Sunday,3
MCP271700TX,210010402,Montgomery County Police,Property Damage Crash,2021-03-19 18:40:00,Ramp,RAMP 8 FR IS 270Y SB TO DEMOCRACY BLVD,DEMOCRACY BLVD,SAME DIRECTION SIDESWIPE,CLEAR,DRY,DAYLIGHT,NO CONTROLS,NONE DETECTED,No,No Apparent Injury,NOT DISTRACTED,MD,(Sport) Utility Vehicle,55,2015.0,Gmc,ACADIA,18,Friday,3
MCP242500G1,200009712,Montgomery County Police,Property Damage Crash,2020-02-27 10:20:00,US (State),COLESVILLE RD,UNIVERSITY BLVD E,SAME DIRECTION SIDESWIPE,CLEAR,DRY,DAYLIGHT,NO CONTROLS,UNKNOWN,Yes,No Apparent Injury,UNKNOWN,Unknown,Passenger Car,30,2009.0,Subaru,4DR,10,Thursday,2
MCP3374002B,240057585,MONTGOMERY,Property Damage Crash,2024-12-02 09:25:00,County Route,TILDEN LA,Unknown,Front to Rear,Clear,Dry,Daylight,No Controls,"Not Suspect of Alcohol Use, Not Suspect of Drug Use",No,No Apparent Injury,Not Distracted,MD,Passenger Car,35,2016.0,Dodge,DURANGO,9,Monday,12
MCP3076004D,250030942,MONTGOMERY,Property Damage Crash,2025-07-11 17:47:00,Maryland (State) Route,CLOPPER RD,Unknown,Front to Rear,Clear,Dry,Daylight,No Controls,"Not Suspect of Alcohol Use, Not Suspect of Drug Use",No,No Apparent Injury,Not Distracted,MD,Passenger Car,35,2015.0,Toyota,COROLLA,17,Friday,7
DM83520005,190004683,Takoma Park Police Depart,Injury Crash,2019-01-30 07:02:00,Maryland (State),NEW HAMPSHIRE AVE,EAST WEST HWY (PG CO),SAME DIR REAR END,CLEAR,DRY,DAWN,TRAFFIC SIGNAL,NONE DETECTED,Yes,Possible Injury,INATTENTIVE OR LOST IN THOUGHT,MD,Passenger Car,35,2007.0,Dodge,CHARGER,7,Wednesday,1
MCP3348001S,230070332,Montgomery County Police,Property Damage Crash,2023-12-07 08:14:00,Maryland (State),NORBECK RD,HANNANS WAY,SAME DIR REAR END,CLOUDY,DRY,DAYLIGHT,Unknown,NONE DETECTED,No,No Apparent Injury,NOT DISTRACTED,MD,Van,30,2020.0,Ford,TK,8,Thursday,12
MCP2942002M,170508361,Montgomery County Police,Property Damage Crash,2017-05-17 07:18:00,Unknown,Unknown,Unknown,SAME DIR REND RIGHT TURN,CLEAR,Unknown,DAYLIGHT,Unknown,UNKNOWN,Yes,No Apparent Injury,UNKNOWN,MD,Passenger Car,0,2014.0,Chrystler,200,7,Wednesday,5
MCP2981001Q,170541343,Montgomery County Police,Property Damage Crash,2017-11-06 19:00:00,Maryland (State),OLNEY SANDY SPRING RD,SHERWOOD HIGH SCHOOL,SAME DIR REAR END,CLOUDY,WET,DARK LIGHTS ON,TRAFFIC SIGNAL,NONE DETECTED,No,No Apparent Injury,NOT DISTRACTED,MD,Passenger Car,30,2013.0,Ford,4S,19,Monday,11
MCP3009003Q,210044974,Montgomery County Police,Injury Crash,2021-11-06 15:00:00,Maryland (State),FREDERICK RD,MIDDLEBROOK RD,SAME DIR REAR END,CLEAR,DRY,DAYLIGHT,Unknown,Unknown,No,Possible Injury,NOT DISTRACTED,MD,Passenger Car,45,2014.0,Toyt,4D,15,Saturday,11
MCP13090009,170505367,Montgomery County Police,Property Damage Crash,2017-05-02 07:44:00,County,SNOWDEN FARM PKWY,SNOWDEN FARM PKWY (PROP) (AHEAD),STRAIGHT MOVEMENT ANGLE,CLEAR,DRY,DAYLIGHT,STOP SIGN,NONE DETECTED,No,No Apparent Injury,NOT DISTRACTED,MD,Passenger Car,30,2007.0,Dodg,4S,7,Tuesday,5
EJ78660035,180008467,Gaithersburg Police Depar,Injury Crash,2018-02-18 08:55:00,Maryland (State),FREDERICK RD,CHRISTOPHER AVE,STRAIGHT MOVEMENT ANGLE,CLOUDY,WET,DAYLIGHT,TRAFFIC SIGNAL,NONE DETECTED,Yes,Possible Injury,UNKNOWN,MD,Passenger Car,40,1994.0,Acur,4S,8,Sunday,2
MCP30850063,250025301,MONTGOMERY,Injury Crash,2025-06-06 21:01:00,County Route,BETHESDA AVE,Unknown,"Sideswipe, Same Direction",Clear,Dry,Dark - Lighted,No Controls,"Not Suspect of Alcohol Use, Not Suspect of Drug Use",No,No Apparent Injury,Not Distracted,MD,Passenger Car,25,2022.0,Tesla,MODEL Y,21,Friday,6
MCP2871006B,190042025,Montgomery County Police,Property Damage Crash,2019-09-02 17:49:00,Maryland (State),MONTROSE PKWY,MONTROSE PKWY (BACK),OTHER,RAINING,WET,DAYLIGHT,NO CONTROLS,Unknown,Yes,No Apparent Injury,NOT DISTRACTED,MD,Passenger Car,30,2011.0,Hond,4S,17,Monday,9
MCP2863003Q,250019581,MONTGOMERY,Property Damage Crash,2025-05-04 16:00:00,Maryland (State) Route,MUNCASTER MILL RD,SHADY GROVE RD (SB/L),Front to Rear,Clear,Dry,Daylight,Traffic Control Signal,"Unknown, Unknown",No,Unknown,Unknown,Unknown,Passenger Car,25,2016.0,Honda,ACCORD,16,Sunday,5
MCP31490038,220012314,Montgomery County Police,Property Damage Crash,2022-03-22 10:31:00,County,TENBROOK DR,GODWIN DR,OTHER,CLOUDY,DRY,DAYLIGHT,Unknown,NONE DETECTED,Yes,No Apparent Injury,UNKNOWN,MD,Transit Bus,25,2014.0,Gillig,G27E102N2,10,Tuesday,3
DD5620008P,220053670,Rockville Police Departme,Property Damage Crash,2022-12-05 12:25:00,Municipality,W MONTGOMERY AVE,GREAT FALLS RD,SAME DIR REAR END,CLEAR,DRY,DAYLIGHT,TRAFFIC SIGNAL,NONE DETECTED,No,No Apparent Injury,NOT DISTRACTED,MD,Passenger Car,35,2007.0,Toyota,YARIS,12,Monday,12