Report Number,Local Case Number,Agency Name,ACRS Report Type,Crash Date/Time,Route Type,Road Name,Cross-Street Name,Collision Type,Weather,Surface Condition,Light,Traffic Control,Driver Substance Abuse,Driver At Fault,Injury Severity,Driver Distracted By,Drivers License State,Vehicle Body Type,Speed Limit,Vehicle Year,Vehicle Make,Vehicle Model,Crash Hour,Crash Day,Crash Month
MCP2974000P,15047637,MONTGOMERY,Property Damage Crash,2015-09-20 05:45:00,Maryland (State),UNIVERSITY BLVD E,COLESVILLE RD,SAME DIR REAR END,CLEAR,DRY,DARK LIGHTS ON,Unknown,NONE DETECTED,Yes,No Apparent Injury,UNKNOWN,MD,Passenger Car,40,2001.0,Toyota,SUV,5,Sunday,9
MCP3106002G,190061003,Montgomery County Police,Property Damage Crash,2019-12-18 17:50:00,Maryland (State),KNOWLES AVE,SUMMIT AVE,SAME DIR REAR END,CLEAR,DRY,DARK LIGHTS ON,TRAFFIC SIGNAL,Unknown,Yes,No Apparent Injury,UNKNOWN,DC,Passenger Car,35,2014.0,Volkswagen,JETTA,17,Wednesday,12
MCP29610011,16029830,Montgomery County Police,Property Damage Crash,2016-06-13 17:55:00,Maryland (State),GEORGIA AVE,LINDELL ST,HEAD ON LEFT TURN,CLEAR,DRY,DAYLIGHT,NO CONTROLS,NONE DETECTED,No,No Apparent Injury,NOT DISTRACTED,MD,Passenger Car,40,1987.0,Jeep,4S,17,Monday,6
MCP31330052,240010902,MONTGOMERY,Property Damage Crash,2024-03-06 13:17:00,Unknown,Unknown,Unknown,Rear To Side,Rain,Unknown,Daylight,Unknown,"Not Suspect of Alcohol Use, Not Suspect of Drug Use",No,No Apparent Injury,Not Distracted,MD,Passenger Car,0,2018.0,Toyota,PRIUS,13,Wednesday,3
MCP2739003L,200026286,Montgomery County Police,Property Damage Crash,2020-07-07 00:32:00,County,SOUTHAMPTON DR,BEACON RD,SAME DIR REAR END,RAINING,WET,DARK LIGHTS ON,NO CONTROLS,UNKNOWN,Yes,No Apparent Injury,UNKNOWN,XX,Passenger Car,25,2006.0,Honda,ODDESSY,0,Tuesday,7
MCP2875006S,230004951,Montgomery County Police,Property Damage Crash,2023-01-30 18:23:00,Maryland (State),FREDERICK RD,GUNNERS BRANCH RD,SAME DIRECTION SIDESWIPE,CLEAR,DRY,DARK LIGHTS ON,NO CONTROLS,NONE DETECTED,Yes,No Apparent Injury,UNKNOWN,VA,(Sport) Utility Vehicle,40,2008.0,Acura,MDX,18,Monday,1
MCP243600JN,250012183,MONTGOMERY,Property Damage Crash,2025-03-20 08:55:00,Maryland (State) Route,UNIVERSITY BLVD W,COLESVILLE RD (SB/L),"Sideswipe, Same Direction",Clear,Dry,Daylight,Traffic Control Signal,"Not Suspect of Alcohol Use, Not Suspect of Drug Use",Yes,No Apparent Injury,Not Distracted,MD,Passenger Car,35,2021.0,Toyota,CAMRY,8,Thursday,3
MCP3112004J,200016405,Montgomery County Police,Property Damage Crash,2020-04-18 20:07:00,County,WOODMONT AVE,WISCONSIN AVE,SAME DIRECTION LEFT TURN,CLEAR,DRY,DARK LIGHTS ON,TRAFFIC SIGNAL,NONE DETECTED,Yes,No Apparent Injury,UNKNOWN,MD,Passenger Car,25,2020.0,Toyota,COROLLA,20,Saturday,4
MCP2859004B,170524430,Montgomery County Police,Property Damage Crash,2017-08-11 23:00:00,Unknown,Unknown,Unknown,SINGLE VEHICLE,RAINING,Unknown,DARK LIGHTS ON,NO CONTROLS,NONE DETECTED,Yes,No Apparent Injury,UNKNOWN,XX,Passenger Car,15,2003.0,Bmw,SEDAN,23,Friday,8
MCP3089001X,180062196,Montgomery County Police,Property Damage Crash,2018-12-13 10:19:00,Maryland (State),GEORGIA AVE,FOREST GLEN RD,STRAIGHT MOVEMENT ANGLE,Unknown,DRY,DAYLIGHT,TRAFFIC SIGNAL,Unknown,Yes,No Apparent Injury,LOOKED BUT DID NOT SEE,MD,Passenger Car,20,2003.0,Suzu,TK,10,Thursday,12
MCP3124005D,220012752,Montgomery County Police,Injury Crash,2022-03-24 19:39:00,County,AMHERST AVE,ELKIN ST,OTHER,RAINING,WET,DARK LIGHTS ON,STOP SIGN,NONE DETECTED,Unknown,No Apparent Injury,UNKNOWN,MD,Passenger Car,25,2007.0,Honda,TK,19,Thursday,3
MCP32080021,210038047,Montgomery County Police,Property Damage Crash,2021-09-26 01:38:00,US (State),COLUMBIA PIKE,LOCKWOOD DR,SAME DIR REAR END,CLEAR,DRY,DARK LIGHTS ON,TRAFFIC SIGNAL,Unknown,No,No Apparent Injury,NOT DISTRACTED,MD,Passenger Car,40,2017.0,Toyota,4H,1,Sunday,9
MCP1595001Z,220021633,Montgomery County Police,Property Damage Crash,2022-05-21 01:37:00,County,DENNIS AVE,LANARK WAY,SAME DIRECTION SIDESWIPE,CLEAR,DRY,DARK LIGHTS ON,NO CONTROLS,ALCOHOL CONTRIBUTED,Yes,No Apparent Injury,UNKNOWN,MD,Passenger Car,25,2009.0,Honda,ACCORD,1,Saturday,5
MCP2675002D,200017992,Montgomery County Police,Property Damage Crash,2020-05-02 22:34:00,County,HALLET ST,PARKLAND DR,OPPOSITE DIRECTION SIDESWIPE,CLEAR,DRY,DARK LIGHTS ON,NO CONTROLS,NONE DETECTED,Yes,No Apparent Injury,OTHER CELLULAR PHONE RELATED,MD,Passenger Car,15,2008.0,Honda,CR-V,22,Saturday,5
EJ7781004W,240016449,GAITHERSBURG,Property Damage Crash,2024-04-09 08:25:00,Maryland (State) Route,FREDERICK RD (SB/L),Unknown,Front to Rear,Clear,Dry,Daylight,No Controls,"Not Suspect of Alcohol Use, Not Suspect of Drug Use",No,No Apparent Injury,Not Distracted,MD,Passenger Car,40,2017.0,Honda,CR-V,8,Tuesday,4
MCP25390013,190028335,Montgomery County Police,Property Damage Crash,2019-06-13 21:53:00,Maryland (State),ROCKVILLE PIKE,STRATHMORE AVE,SAME DIR REAR END,CLEAR,WET,DARK LIGHTS ON,NO CONTROLS,NONE DETECTED,No,No Apparent Injury,NOT DISTRACTED,MD,Passenger Car,40,2016.0,Mits,TK,21,Thursday,6
MCP2917004B,190025080,Montgomery County Police,Injury Crash,2019-05-26 16:30:00,Maryland (State),GEORGIA AVE,ENT TO BUSINESS,STRAIGHT MOVEMENT ANGLE,CLEAR,DRY,DAYLIGHT,NO CONTROLS,NONE DETECTED,No,No Apparent Injury,NOT DISTRACTED,MD,Passenger Car,40,2013.0,Toyota,HIGHLANDER,16,Sunday,5
MCP3387003F,250048423,MONTGOMERY,Property Damage Crash,2025-10-28 15:16:00,Maryland (State) Route,PINEY BRANCH RD,Unknown,"Sideswipe, Same Direction",Cloudy,Dry,Daylight,No Controls,"Not Suspect of Alcohol Use, Not Suspect of Drug Use",Yes,No Apparent Injury,Not Distracted,MD,Bus - Transit,35,2024.0,Gillig,LOW FLOOR BUS,15,Tuesday,10
MCP2504002S,170542564,Montgomery County Police,Injury Crash,2017-11-13 15:11:00,County,SHADY GROVE RD,MOLECULAR DR,STRAIGHT MOVEMENT ANGLE,CLEAR,DRY,DAYLIGHT,STOP SIGN,NONE DETECTED,No,No Apparent Injury,NOT DISTRACTED,MD,(Sport) Utility Vehicle,40,2014.0,Ford,EDGE,15,Monday,11
MCP12130052,200003630,Montgomery County Police,Property Damage Crash,2020-01-22 16:24:00,County,RANDOLPH RD,LOCKSLEY LA,STRAIGHT MOVEMENT ANGLE,CLEAR,DRY,DAYLIGHT,TRAFFIC SIGNAL,NONE DETECTED,Yes,No Apparent Injury,LOOKED BUT DID NOT SEE,MD,Passenger Car,45,2018.0,Merz,4S,16,Wednesday,1
MCP2897001H,170545253,Montgomery County Police,Injury Crash,2017-11-27 19:56:00,Maryland (State),RIDGE RD,BRINK RD,SAME DIR REAR END,CLEAR,DRY,DARK NO LIGHTS,Unknown,NONE DETECTED,Yes,No Apparent Injury,NOT DISTRACTED,WV,Passenger Car,40,2016.0,Chevrolet,CRUZE,19,Monday,11
MCP3362002T,240011516,MONTGOMERY,Injury Crash,2024-03-10 05:59:00,Ramp,RAMP 8 FR MD 650 SB TO IS 495 WB,Unknown,Angle,Clear,Wet,Dark - Not Lighted,No Controls,"Not Suspect of Alcohol Use, Not Suspect of Drug Use",No,Suspected Minor Injury,Not Distracted,MD,Passenger Car,25,2007.0,Dodge,CARAVAN,5,Sunday,3
MCP2300000D,16047702,Montgomery County Police,Property Damage Crash,2016-09-16 23:40:00,County,WOODMONT AVE,RUGBY AVE,HEAD ON LEFT TURN,CLEAR,DRY,DARK LIGHTS ON,NO CONTROLS,NONE DETECTED,No,No Apparent Injury,NOT DISTRACTED,DC,Passenger Car,25,2015.0,Chevy,SUBURBAN,23,Friday,9
MCP2832003M,170548974,Montgomery County Police,Property Damage Crash,2017-12-16 15:39:00,Maryland (State),ROCKVILLE PIKE,OLD GEORGETOWN RD,SAME DIR REAR END,CLEAR,DRY,DAYLIGHT,TRAFFIC SIGNAL,NONE DETECTED,No,No Apparent Injury,NOT DISTRACTED,MD,Passenger Car,40,2012.0,Toyota,CAMRY,15,Saturday,12
MCP24250082,16058776,Montgomery County Police,Property Damage Crash,2016-11-15 07:19:00,US (State),COLESVILLE RD,LORAIN AVE,STRAIGHT MOVEMENT ANGLE,CLOUDY,WET,DAYLIGHT,NO CONTROLS,NONE DETECTED,Yes,No Apparent Injury,NOT DISTRACTED,MD,Passenger Car,40,2008.0,Toyota,CAMRY,7,Tuesday,11
MCP25940024,16061627,Montgomery County Police,Injury Crash,2016-12-01 09:09:00,County,BONIFANT RD,ALDERTON RD,SAME DIR REAR END,CLEAR,DRY,DAYLIGHT,NO CONTROLS,NONE DETECTED,No,No Apparent Injury,NOT DISTRACTED,MD,Passenger Car,35,2002.0,Toyota,CAMRY,9,Thursday,12
EJ7873002Z,200034279,Gaithersburg Police Depar,Injury Crash,2020-09-02 06:01:00,Maryland (State),W DIAMOND AVE,RAMP 7 FR MD 117 WB TO RAMP 6 (TO IS270),OTHER,RAINING,WET,DARK LIGHTS ON,NO CONTROLS,NONE DETECTED,No,Suspected Minor Injury,NOT DISTRACTED,MD,(Sport) Utility Vehicle,35,2006.0,Gmc,ENVOY,6,Wednesday,9
EJ7906000V,240025702,GAITHERSBURG,Property Damage Crash,2024-05-30 20:02:00,Municipality Route,ORCHARD DR,Unknown,Other,Clear,Dry,Daylight,No Controls,"Not Suspect of Alcohol Use, Not Suspect of Drug Use",No,No Apparent Injury,Talking/listening,MD,Passenger Car,15,2021.0,Toyota,RAV4,20,Thursday,5
MCP23510043,210013391,Montgomery County Police,Injury Crash,2021-04-10 13:57:00,Maryland (State),ROCKVILLE PIKE,RAMP 4 FR MD 355 NB TO MONTROSE PKWY,SAME DIR REAR END,Unknown,DRY,DAYLIGHT,TRAFFIC SIGNAL,NONE DETECTED,Yes,No Apparent Injury,NOT DISTRACTED,MD,Other,25,2017.0,Jeep,GRAND CHEROKEE,13,Saturday,4
MCP3073006J,220040975,Montgomery County Police,Property Damage Crash,2022-09-20 15:47:00,County,ARBUTUS AVE,PAYSON ST,SAME DIRECTION SIDESWIPE,Unknown,Unknown,DAYLIGHT,Unknown,NONE DETECTED,Yes,No Apparent Injury,UNKNOWN,MD,School Bus,25,2012.0,Thomas,BUS,15,Tuesday,9
DD5603005C,180003567,Rockville Police Departme,Injury Crash,2018-01-22 07:45:00,Maryland (State),ROCKVILLE PIKE,TWINBROOK PKWY,HEAD ON LEFT TURN,CLEAR,WET,DAYLIGHT,TRAFFIC SIGNAL,NONE DETECTED,No,No Apparent Injury,NOT DISTRACTED,MD,Passenger Car,25,2013.0,Toyt,TK,7,Monday,1
MCP0036004R,16040668,Montgomery County Police,Injury Crash,2016-08-11 06:55:00,Maryland (State),FREDERICK RD,OLD HUNDRED RD,SAME DIR REAR END,CLEAR,DRY,DAYLIGHT,NO CONTROLS,NONE DETECTED,No,No Apparent Injury,NOT DISTRACTED,FL,"Other Light Trucks (10,000Lbs (4,536Kg) Or Less)",30,2012.0,Jeep,TK,6,Thursday,8
MCP2516004Z,240030875,MONTGOMERY,Property Damage Crash,2024-06-30 11:40:00,Other Public Roadway,VILLAGE FOUNTAIN DR (SB/L),NIAGARA FALLS CT,Single Vehicle,Cloudy,Dry,Daylight,No Controls,"Not Suspect of Alcohol Use, Not Suspect of Drug Use",Yes,No Apparent Injury,Not Distracted,MD,Passenger Car,25,2017.0,Ford,TAURUS,11,Sunday,6
MCP2940000M,16025968,Montgomery County Police,Injury Crash,2016-05-25 10:22:00,Maryland (State),EAST WEST HWY,GRUBB RD,SAME DIR REAR END,CLEAR,DRY,DAYLIGHT,TRAFFIC SIGNAL,NONE DETECTED,Yes,No Apparent Injury,UNKNOWN,MD,Passenger Car,35,2006.0,Toyt,VN,10,Wednesday,5
MCP2850002F,230012054,Montgomery County Police,Property Damage Crash,2023-03-11 23:47:00,County,WHETSTONE DR,N&S MEADOW FENCE RD,HEAD ON,CLEAR,DRY,DARK LIGHTS ON,NO CONTROLS,Unknown,Yes,No Apparent Injury,DIALING CELLULAR PHONE,MD,Passenger Car,30,2017.0,Hond,SD,23,Saturday,3
MCP2938001C,180019450,Montgomery County Police,Injury Crash,2018-04-21 01:10:00,Maryland (State),BRADLEY BLVD,ARLINGTON RD,STRAIGHT MOVEMENT ANGLE,CLEAR,DRY,DARK LIGHTS ON,FLASHING TRAFFIC SIGNAL,NONE DETECTED,Yes,No Apparent Injury,NOT DISTRACTED,VA,Passenger Car,35,2010.0,Nissan,ALTIMA,1,Saturday,4
MCP24500037,200019455,Montgomery County Police,Property Damage Crash,2020-05-14 16:40:00,Maryland (State),UNIVERSITY BLVD E,SEPTEMBER LA,SAME DIRECTION SIDESWIPE,CLEAR,DRY,DAYLIGHT,OTHER,Unknown,No,No Apparent Injury,NOT DISTRACTED,MD,Transit Bus,35,2009.0,New Flyer,TBU,16,Thursday,5
MCP2687001F,16013893,MONTGOMERY,Property Damage Crash,2016-03-21 18:08:00,Maryland (State),WISCONSIN AVE,WOODMONT AVE,HEAD ON LEFT TURN,CLEAR,DRY,DAYLIGHT,NO CONTROLS,NONE DETECTED,Yes,No Apparent Injury,NOT DISTRACTED,MD,Passenger Car,25,2013.0,Volv,XC60,18,Monday,3
MCP21950042,200049112,Montgomery County Police,Injury Crash,2020-12-13 11:17:00,Maryland (State),DARNESTOWN RD,GERMANTOWN RD,SINGLE VEHICLE,CLEAR,DRY,DAYLIGHT,NO CONTROLS,UNKNOWN,Yes,Suspected Minor Injury,NOT DISTRACTED,MD,Passenger Car,65,2018.0,Chevy,IMPALA,11,Sunday,12
MCP1022008S,180024020,Montgomery County Police,Injury Crash,2018-05-16 11:11:00,Maryland (State),GERMANTOWN RD,AIRCRAFT DR,SAME DIR REAR END,CLOUDY,DRY,DAYLIGHT,TRAFFIC SIGNAL,NONE DETECTED,Yes,No Apparent Injury,NOT DISTRACTED,MD,Passenger Car,40,2014.0,Kia,OPTIMA SX,11,Wednesday,5
MCP31650052,240000419,MONTGOMERY,Property Damage Crash,2024-01-02 18:00:00,Local Route,GREENCASTLE RIDGE TERR,Unknown,"Sideswipe, Same Direction",Clear,Dry,Dark - Lighted,No Controls,"Unknown, Unknown",No,Unknown,Unknown,Unknown,Other,20,2017.0,Dodge,CARAVAN,18,Tuesday,1
DD5680000G,250007090,ROCKVILLE,Property Damage Crash,2025-02-17 21:02:00,Maryland (State) Route,W MONTGOMERY AVE,Unknown,Front to Rear,Clear,Dry,Dark - Lighted,Traffic Control Signal,"Not Suspect of Alcohol Use, Not Suspect of Drug Use",No,No Apparent Injury,Not Distracted,MD,Passenger Car,35,2024.0,Toyota,CAMRY,21,Monday,2
MCP2134002G,190061955,Montgomery County Police,Injury Crash,2019-12-24 14:50:00,Unknown,Unknown,Unknown,OTHER,CLEAR,Unknown,DAYLIGHT,Unknown,Unknown,Yes,No Apparent Injury,UNKNOWN,MD,Passenger Car,15,2007.0,Merz,SL550,14,Tuesday,12
MCP2736004G,170503736,Montgomery County Police,Property Damage Crash,2017-04-23 15:57:00,Unknown,Unknown,Unknown,UNKNOWN,CLEAR,Unknown,DAYLIGHT,NO CONTROLS,UNKNOWN,Yes,No Apparent Injury,UNKNOWN,Unknown,Passenger Car,5,2015.0,Chevrolet,2S,15,Sunday,4
MCP31950025,210015427,Montgomery County Police,Property Damage Crash,2021-04-25 16:11:00,Other Public Roadway,CALVERTON BLVD,CHERRY HILL RD,STRAIGHT MOVEMENT ANGLE,CLEAR,DRY,DAYLIGHT,TRAFFIC SIGNAL,NONE DETECTED,No,No Apparent Injury,NOT DISTRACTED,MD,Passenger Car,40,2018.0,Lexus,NX3000H,16,Sunday,4
MCP1022009W,180050246,Montgomery County Police,Property Damage Crash,2018-10-08 07:28:00,Maryland (State),GREAT SENECA HWY,COTTAGE GARDEN DR,SINGLE VEHICLE,CLOUDY,DRY,DAYLIGHT,NO CONTROLS,NONE DETECTED,Yes,No Apparent Injury,NOT DISTRACTED,MD,Passenger Car,35,2014.0,Honda,ACCORD,7,Monday,10
MCP3192006L,250047019,MONTGOMERY,Property Damage Crash,2025-10-19 19:37:00,County Route,Unknown,Unknown,Other,Clear,Dry,Dark - Not Lighted,No Controls,"Unknown, Unknown",No,Unknown,Unknown,Unknown,Passenger Car,35,2021.0,Honda,PILOT,19,Sunday,10
MCP15800085,180001243,Montgomery County Police,Injury Crash,2018-01-09 07:58:00,Municipality,TWIN LAKES DR,QUINCE ORCHARD RD,OTHER,CLEAR,ICE,DAYLIGHT,NO CONTROLS,NONE DETECTED,Yes,No Apparent Injury,UNKNOWN,MD,Passenger Car,30,2013.0,Toyt,COROLLA,7,Tuesday,1
MCP2846007Z,220021835,Montgomery County Police,Injury Crash,2022-05-22 15:15:00,Maryland (State),GEORGIA AVE,BLUERIDGE AVE,HEAD ON LEFT TURN,CLEAR,DRY,DAYLIGHT,PERSON,NONE DETECTED,Yes,No Apparent Injury,LOOKED BUT DID NOT SEE,MD,Passenger Car,25,2017.0,Chev,SUV,15,Sunday,5
MCP24500040,220025788,Montgomery County Police,Property Damage Crash,2022-06-15 15:46:00,County,FLOWER AVE,ARLISS ST,SAME DIRECTION SIDESWIPE,Unknown,DRY,DAYLIGHT,OTHER,NONE DETECTED,No,No Apparent Injury,NOT DISTRACTED,MD,Transit Bus,30,2011.0,Gill,BUS,15,Wednesday,6
MCP1563002P,16050498,Montgomery County Police,Property Damage Crash,2016-10-01 16:30:00,Unknown,Unknown,Unknown,SINGLE VEHICLE,CLOUDY,Unknown,DAYLIGHT,NO CONTROLS,NONE DETECTED,Yes,No Apparent Injury,NOT DISTRACTED,MD,Fire Vehicle/Non Emergency,0,2008.0,Spartan,FIRE TRUCK,16,Saturday,10
MCP2892006Y,190038476,Montgomery County Police,Injury Crash,2019-08-12 16:21:00,Maryland (State),GEORGIA AVE,COLESVILLE RD,SAME DIRECTION SIDESWIPE,CLEAR,DRY,DAYLIGHT,Unknown,NONE DETECTED,Unknown,No Apparent Injury,NOT DISTRACTED,MD,Passenger Car,35,2016.0,Gill,BU,16,Monday,8
MCP29220008,15001608,Montgomery County Police,Property Damage Crash,2015-01-10 20:59:00,Maryland (State),CARROLL AVE,UNIVERSITY BLVD E,OTHER,Unknown,DRY,DARK LIGHTS ON,TRAFFIC SIGNAL,ALCOHOL PRESENT,Yes,No Apparent Injury,NOT DISTRACTED,MD,"Other Light Trucks (10,000Lbs (4,536Kg) Or Less)",25,1998.0,Toyota,COROLLA,20,Saturday,1
DD56050022,16006749,Rockville Police Departme,Property Damage Crash,2016-02-09 15:00:00,Municipality,N WASHINGTON ST,HUNGERFORD DR,SAME DIR BOTH LEFT TURN,CLEAR,Unknown,DAYLIGHT,TRAFFIC SIGNAL,NONE DETECTED,Yes,No Apparent Injury,LOOKED BUT DID NOT SEE,MD,Other Bus,35,2014.0,Gill,BUS,15,Tuesday,2
MCP29320031,190037737,Montgomery County Police,Property Damage Crash,2019-08-07 02:35:00,Maryland (State),GEORGIA AVE,RAMP 4 FR MD 97 NB TO IS 495 EB,SAME DIR REAR END,CLEAR,DRY,DARK LIGHTS ON,TRAFFIC SIGNAL,UNKNOWN,Yes,No Apparent Injury,UNKNOWN,Unknown,Passenger Car,35,2015.0,Nissan,SENTRA,2,Wednesday,8
MCP29520014,15046475,MONTGOMERY,Injury Crash,2015-09-14 12:25:00,Maryland (State),UNIVERSITY BLVD E,RAMP 4 FR MD 193 NB TO IS 495 EB,SAME DIR REAR END,CLEAR,DRY,DAYLIGHT,NO CONTROLS,NONE DETECTED,No,Possible Injury,NOT DISTRACTED,MD,Passenger Car,40,2007.0,Hond,4S,12,Monday,9
MCP05390018,15003316,Montgomery County Police,Property Damage Crash,2015-01-21 07:08:00,Maryland (State),LAYHILL RD,POST LA,SINGLE VEHICLE,CLOUDY,WET,DAWN,NO CONTROLS,NONE DETECTED,Yes,No Apparent Injury,NOT DISTRACTED,MD,Passenger Car,40,2005.0,Saturn,ION,7,Wednesday,1
MCP2816004F,250013175,MONTGOMERY,Property Damage Crash,2025-03-26 08:20:00,County Route,GOYA DR,SEVEN LOCKS RD,Front to Front,Clear,Dry,Daylight,No Controls,"Not Suspect of Alcohol Use, Not Suspect of Drug Use",No,No Apparent Injury,Not Distracted,MD,Passenger Car,25,2017.0,Porsche,CAYENNE,8,Wednesday,3
MCP3121001D,180052411,Montgomery County Police,Property Damage Crash,2018-10-19 15:53:00,County,SNOUFFERS SCHOOL RD,CENTERWAY RD,SAME DIR REAR END,CLEAR,DRY,DAYLIGHT,TRAFFIC SIGNAL,NONE DETECTED,No,No Apparent Injury,NOT DISTRACTED,MD,Passenger Car,40,2015.0,Toyota,RAV4,15,Friday,10
MCP30910016,180033529,Montgomery County Police,Injury Crash,2018-07-07 11:06:00,Interstate (State),EISENHOWER MEMORIAL HWY,NO NAME,OTHER,CLEAR,DRY,DAYLIGHT,OTHER,Unknown,No,No Apparent Injury,NOT DISTRACTED,MD,Passenger Car,55,2006.0,Mazd,MAZDA 3,11,Saturday,7
MCP1512003R,220010737,Montgomery County Police,Property Damage Crash,2022-03-12 16:52:00,Maryland (State),GREAT SENECA HWY,KENTLANDS BLVD,HEAD ON LEFT TURN,CLOUDY,WET,DAYLIGHT,TRAFFIC SIGNAL,NONE DETECTED,No,No Apparent Injury,NOT DISTRACTED,MD,Passenger Car,35,2008.0,Cadi,TK,16,Saturday,3
DD5649001L,210050484,Rockville Police Departme,Property Damage Crash,2021-12-12 12:01:00,Unknown,Unknown,Unknown,OTHER,Unknown,Unknown,DAYLIGHT,Unknown,Unknown,Yes,No Apparent Injury,NOT DISTRACTED,MD,(Sport) Utility Vehicle,0,2017.0,Toyt,4S,12,Sunday,12
MCP27850014,16001344,Montgomery County Police,Property Damage Crash,2016-01-08 11:20:00,Maryland (State),OLD COLUMBIA PIKE,E RANDOLPH RD,SAME DIRECTION LEFT TURN,FOGGY,WET,DAYLIGHT,Unknown,Unknown,Yes,No Apparent Injury,LOOKED BUT DID NOT SEE,MD,Passenger Car,35,2011.0,Toyt,CAMRY,11,Friday,1
MCP33950034,250016190,MONTGOMERY,Property Damage Crash,2025-04-14 08:44:00,County Route,CULVER ST,Unknown,Angle,Cloudy,Dry,Daylight,Stop Sign,"Not Suspect of Alcohol Use, Not Suspect of Drug Use",Yes,No Apparent Injury,Not Distracted,MD,Sport Utility Vehicle,15,2018.0,Volkswagen,TIGUAN,8,Monday,4
EJ7884007H,250048811,GAITHERSBURG,Property Damage Crash,2025-10-30 21:36:00,Municipality Route,LEE ST,Unknown,Front to Rear,Clear,Dry,Dark - Lighted,No Controls,"Suspect of Alcohol Use, Not Suspect of Drug Use",Yes,No Apparent Injury,Unknown,MD,Sport Utility Vehicle,15,2024.0,Volkswagen,ATLAS,21,Thursday,10
MCP0036004W,16044933,Montgomery County Police,Injury Crash,2016-09-02 16:59:00,Maryland (State),WOODFIELD RD,BETHESDA CHURCH RD,STRAIGHT MOVEMENT ANGLE,CLEAR,DRY,DAYLIGHT,STOP SIGN,NONE DETECTED,Yes,Possible Injury,LOOKED BUT DID NOT SEE,MD,Pickup Truck,30,2009.0,Ford,F150,16,Friday,9
MCP2680001B,15023674,Montgomery County Police,Injury Crash,2015-05-17 19:27:00,County,SILVER SPRING AVE,FENTON ST,ANGLE MEETS RIGHT TURN,CLEAR,DRY,DAYLIGHT,STOP SIGN,NONE DETECTED,No,Suspected Minor Injury,NOT DISTRACTED,MD,Passenger Car,25,2003.0,Mercedes,SL500,19,Sunday,5
MCP2348003K,180010637,Montgomery County Police,Property Damage Crash,2018-02-02 23:45:00,Unknown,Unknown,Unknown,SINGLE VEHICLE,CLEAR,Unknown,DARK LIGHTS ON,Unknown,NONE DETECTED,Yes,No Apparent Injury,NOT DISTRACTED,MD,Police Vehicle/Emergency,0,2011.0,Ford,CROWN VICTORIA,23,Friday,2
MCP30100080,230011518,Montgomery County Police,Injury Crash,2023-03-09 06:49:00,Maryland (State),CONNECTICUT AVE,MANOR RD,SAME DIRECTION SIDESWIPE,CLEAR,DRY,DAYLIGHT,TRAFFIC SIGNAL,Unknown,Yes,No Apparent Injury,LOOKED BUT DID NOT SEE,NJ,Passenger Car,35,2013.0,Tesla,4DR,6,Thursday,3
MCP3191000X,190031333,Montgomery County Police,Property Damage Crash,2019-07-01 13:38:00,Maryland (State),VEIRS MILL RD,RANDOLPH RD,OTHER,CLEAR,DRY,DAYLIGHT,TRAFFIC SIGNAL,Unknown,Yes,No Apparent Injury,UNKNOWN,Unknown,Passenger Car,35,2003.0,Chevrolet,TK,13,Monday,7
MCP1213004G,190025200,Montgomery County Police,Injury Crash,2019-05-27 14:45:00,County,RANDOLPH RD,SPRING TREE DR,SAME DIRECTION SIDESWIPE,CLEAR,DRY,DAYLIGHT,NO CONTROLS,NONE DETECTED,No,Possible Injury,NOT DISTRACTED,MD,Passenger Car,40,2010.0,Mazd,4S,14,Monday,5
MCP3117001X,190024548,Montgomery County Police,Property Damage Crash,2019-05-23 16:05:00,Maryland (State),FREDERICK RD,REDLAND BLVD,ANGLE MEETS LEFT TURN,CLOUDY,DRY,DAYLIGHT,TRAFFIC SIGNAL,Unknown,No,No Apparent Injury,NOT DISTRACTED,MD,Passenger Car,35,2003.0,Lexus,4D,16,Thursday,5
DM8388000Z,16038759,Takoma Park Police Depart,Injury Crash,2016-07-31 17:25:00,Unknown,Unknown,Unknown,SAME DIR REAR END,CLOUDY,Unknown,DAYLIGHT,TRAFFIC SIGNAL,NONE DETECTED,Yes,No Apparent Injury,UNKNOWN,MD,(Sport) Utility Vehicle,10,2001.0,Lincoln,NAVIGATOR,17,Sunday,7
MCP30690052,210013639,Montgomery County Police,Property Damage Crash,2021-04-12 14:17:00,Maryland (State),OLD GEORGETOWN RD,RAMP 8 FR MD 187 SB TO IS 495 WB,HEAD ON LEFT TURN,CLOUDY,DRY,DAYLIGHT,TRAFFIC SIGNAL,NONE DETECTED,Yes,No Apparent Injury,LOOKED BUT DID NOT SEE,PR,Passenger Car,35,2016.0,Toyota,CAMRY,14,Monday,4
MCP26830016,15040128,MONTGOMERY,Property Damage Crash,2015-08-12 08:51:00,County,SHADY GROVE RD,MIDCOUNTY HWY,SAME DIR REAR END,CLEAR,DRY,DAYLIGHT,NO CONTROLS,NONE DETECTED,Yes,No Apparent Injury,NOT DISTRACTED,MD,Passenger Car,45,2008.0,Hond,ACCORD,8,Wednesday,8
MCP2588006B,190046531,Montgomery County Police,Property Damage Crash,2019-09-28 13:40:00,Maryland (State),GEORGIA AVE,CONNECTICUT AVE,STRAIGHT MOVEMENT ANGLE,CLEAR,DRY,DAYLIGHT,TRAFFIC SIGNAL,NONE DETECTED,Yes,No Apparent Injury,LOOKED BUT DID NOT SEE,MD,Passenger Car,40,2011.0,Mazda,3,13,Saturday,9