Report Number,Local Case Number,Agency Name,ACRS Report Type,Crash Date/Time,Route Type,Road Name,Cross-Street Name,Collision Type,Weather,Surface Condition,Light,Traffic Control,Driver Substance Abuse,Driver At Fault,Injury Severity,Driver Distracted By,Drivers License State,Vehicle Body Type,Speed Limit,Vehicle Year,Vehicle Make,Vehicle Model,Crash Hour,Crash Day,Crash Month
EJ7826001C,16020932,Gaithersburg Police Depar,Property Damage Crash,2016-04-28 13:30:00,Municipality,E DIAMOND AVE,ALLEY #3,OTHER,CLOUDY,WET,DAYLIGHT,NO CONTROLS,NONE DETECTED,Yes,No Apparent Injury,LOOKED BUT DID NOT SEE,MD,Passenger Car,30,2015.0,Ford,F350,13,Thursday,4
MCP33620014,230030054,Montgomery County Police,Property Damage Crash,2023-06-23 11:07:00,Maryland (State),NEW HAMPSHIRE AVE,ELTON RD,STRAIGHT MOVEMENT ANGLE,RAINING,WET,DAYLIGHT,TRAFFIC SIGNAL,NONE DETECTED,No,No Apparent Injury,NOT DISTRACTED,MD,Passenger Car,40,2004.0,Toyota,CAMRY,11,Friday,6
MCP3395002Y,250008485,MONTGOMERY,Property Damage Crash,2025-02-26 12:12:00,County Route,AUBURN AVE,Unknown,"Sideswipe, Same Direction",Clear,Dry,Daylight,No Controls,"Unknown, Unknown",No,Unknown,Unknown,Unknown,Bus - Mini,15,2019.0,Freightliner,M2,12,Wednesday,2
MCP2231000W,15004047,Montgomery County Police,Property Damage Crash,2015-01-25 12:39:00,Unknown,Unknown,Unknown,OTHER,CLOUDY,Unknown,DAYLIGHT,NO CONTROLS,NONE DETECTED,Yes,No Apparent Injury,DISTRACTED BY OUTSIDE PERSON OBJECT OR EVENT,MD,Passenger Car,0,2014.0,Acura,RDX,12,Sunday,1
MCP31920042,230047509,Montgomery County Police,Property Damage Crash,2023-08-02 18:26:00,Maryland (State),GEORGIA AVE,ARCOLA AVE,SAME DIR REAR END,CLEAR,DRY,DAYLIGHT,TRAFFIC SIGNAL,NONE DETECTED,No,No Apparent Injury,NOT DISTRACTED,MD,Passenger Car,35,2019.0,Hyundai,TUCSON,18,Wednesday,8
MCP30260047,190036672,Montgomery County Police,Property Damage Crash,2019-08-01 09:34:00,County,GROSVENOR LA,ROCKVILLE PIKE,SAME DIRECTION LEFT TURN,CLEAR,DRY,DAYLIGHT,TRAFFIC SIGNAL,UNKNOWN,Yes,No Apparent Injury,UNKNOWN,Unknown,Unknown,55,1983.0,Hmde,TRAILER,9,Thursday,8
MCP15800064,16044382,Montgomery County Police,Property Damage Crash,2016-08-31 09:30:00,County,SHADY GROVE RD,EPSILON DR,SAME DIR REAR END,CLEAR,DRY,DAYLIGHT,NO CONTROLS,NONE DETECTED,Yes,No Apparent Injury,UNKNOWN,MD,Passenger Car,45,2004.0,Dodg,NEON,9,Wednesday,8
MCP2978001N,17009605,Montgomery County Police,Injury Crash,2017-02-22 17:41:00,Maryland (State),DARNESTOWN RD,TURKEY FOOT RD,SAME DIR REAR END,CLEAR,DRY,DAYLIGHT,Unknown,NONE DETECTED,No,Possible Injury,NOT DISTRACTED,MD,Passenger Car,30,2009.0,Honda,VAN,17,Wednesday,2
MCP27220050,230063100,Montgomery County Police,Property Damage Crash,2023-10-28 18:05:00,Municipality,TWINBROOK PKWY,CHAPMAN AVE,SAME DIRECTION SIDESWIPE,CLEAR,DRY,DAYLIGHT,NO CONTROLS,NONE DETECTED,Yes,No Apparent Injury,NOT DISTRACTED,MD,Passenger Car,35,2004.0,Acur,RSX,18,Saturday,10
DD5606004B,170516372,Rockville Police Departme,Injury Crash,2017-06-29 08:10:00,Maryland (State),W MONTGOMERY AVE,HURLEY AVE,STRAIGHT MOVEMENT ANGLE,CLEAR,DRY,DAYLIGHT,TRAFFIC SIGNAL,NONE DETECTED,Yes,No Apparent Injury,NOT DISTRACTED,VA,Truck Tractor,35,2017.0,Frht,TT,8,Thursday,6
MCP21340011,170513638,Montgomery County Police,Injury Crash,2017-06-14 13:07:00,Unknown,Unknown,Unknown,OTHER,CLEAR,Unknown,DAYLIGHT,Unknown,NONE DETECTED,Yes,No Apparent Injury,NOT DISTRACTED,VA,Passenger Car,15,2004.0,Honda,ACCORD,13,Wednesday,6
MCP3269001P,220019548,Montgomery County Police,Property Damage Crash,2022-05-08 12:30:00,US (State),COLUMBIA PIKE,GREENCASTLE RD,SAME DIR REAR END,CLOUDY,DRY,DAYLIGHT,TRAFFIC SIGNAL,NONE DETECTED,Yes,No Apparent Injury,NOT DISTRACTED,VA,Passenger Car,55,2016.0,Acura,RDX,12,Sunday,5
MCP2055002F,180003086,Montgomery County Police,Property Damage Crash,2018-01-19 11:50:00,Maryland (State),MONTGOMERY VILLAGE AVE,SPUR TO MD 355,SAME DIR REAR END,CLEAR,DRY,DAYLIGHT,TRAFFIC SIGNAL,NONE DETECTED,Yes,No Apparent Injury,LOOKED BUT DID NOT SEE,MD,Passenger Car,35,2015.0,Tesl,S,11,Friday,1
EJ786600FK,240043833,GAITHERSBURG,Injury Crash,2024-09-14 18:00:00,Municipality Route,N SUMMIT AVE,Unknown,Front to Rear,Clear,Dry,Daylight,No Controls,"Not Suspect of Alcohol Use, Not Suspect of Drug Use",No,No Apparent Injury,Not Distracted,MD,Sport Utility Vehicle,25,2021.0,Toyota,HIGHLANDER,18,Saturday,9
MCP29820014,16049459,Montgomery County Police,Property Damage Crash,2016-09-26 09:03:00,County,SPRING ST,ROEDER RD,SAME DIRECTION LEFT TURN,CLOUDY,DRY,DAYLIGHT,NO CONTROLS,NONE DETECTED,Yes,No Apparent Injury,LOOKED BUT DID NOT SEE,MD,Transit Bus,30,2009.0,Gillig,LOW FLOOR BUS,9,Monday,9
MCP2773001J,15057408,MONTGOMERY,Property Damage Crash,2015-11-10 18:58:00,Maryland (State),UNIVERSITY BLVD E,WHITESTONE RD,SINGLE VEHICLE,RAINING,WET,DARK LIGHTS ON,NO CONTROLS,NONE DETECTED,Unknown,No Apparent Injury,NOT DISTRACTED,DC,Passenger Car,40,2002.0,Saturn,SEDAN,18,Tuesday,11
MCP2440002P,250006879,MONTGOMERY,Property Damage Crash,2025-02-08 13:40:00,Spur,Unknown,Unknown,Front to Rear,Clear,Dry,Daylight,No Controls,"Unknown, Unknown",No,Unknown,Unknown,Unknown,Pickup,30,2001.0,Ford,F-150,13,Saturday,2
MCP29040055,180028553,Montgomery County Police,Injury Crash,2018-06-09 20:15:00,Maryland (State),PINEY BRANCH RD,CARROLL AVE,SAME DIRECTION SIDESWIPE,CLEAR,DRY,DAYLIGHT,NO CONTROLS,NONE DETECTED,Yes,No Apparent Injury,UNKNOWN,MD,Passenger Car,35,2011.0,Honda,PILOT,20,Saturday,6
MCP2582000T,15049463,MONTGOMERY,Property Damage Crash,2015-09-30 23:51:00,County,RANDOLPH RD,CONNECTICUT AVE,SAME DIR REAR END,RAINING,WET,DARK LIGHTS ON,NO CONTROLS,Unknown,No,No Apparent Injury,NOT DISTRACTED,MD,Passenger Car,35,2011.0,Honda,ACCORD,23,Wednesday,9
MCP22030055,21002269,Montgomery County Police,Property Damage Crash,2021-06-14 11:00:00,Unknown,Unknown,Unknown,STRAIGHT MOVEMENT ANGLE,CLEAR,Unknown,DAYLIGHT,Unknown,NONE DETECTED,Yes,No Apparent Injury,NOT DISTRACTED,MD,Van,25,2009.0,Strn,OUTLOOK,11,Monday,6
MCP33200045,250048168,MONTGOMERY,Property Damage Crash,2025-10-27 09:10:00,US (State),COLESVILLE RD,Unknown,"Sideswipe, Same Direction",Clear,Dry,Daylight,Lane Use Control Signal,"Not Suspect of Alcohol Use, Not Suspect of Drug Use",No,No Apparent Injury,Not Distracted,MD,Bus - Transit,35,2025.0,Gillig,LOW FLOOR BUS,9,Monday,10
MCP3301000V,210051739,Montgomery County Police,Property Damage Crash,2021-12-19 14:50:00,Unknown,Unknown,Unknown,SAME DIR REAR END,CLEAR,Unknown,DAYLIGHT,NO CONTROLS,NONE DETECTED,No,No Apparent Injury,NOT DISTRACTED,MD,Passenger Car,0,2011.0,Acur,SW,14,Sunday,12
MCP3230002Q,220012720,Montgomery County Police,Injury Crash,2022-03-25 16:42:00,County,RANDOLPH RD,CONNECTICUT AVE,HEAD ON LEFT TURN,CLEAR,DRY,DAYLIGHT,TRAFFIC SIGNAL,NONE DETECTED,Yes,Suspected Minor Injury,NOT DISTRACTED,MD,Passenger Car,35,2001.0,Mercedez,4D,16,Friday,3
MCP12900005,15050082,MONTGOMERY,Property Damage Crash,2015-10-03 04:29:00,County,DARNESTOWN RD,TRAVILLE  GATEWAY DR,SINGLE VEHICLE,RAINING,WET,DARK LIGHTS ON,TRAFFIC SIGNAL,NONE DETECTED,Yes,No Apparent Injury,NOT DISTRACTED,MD,Passenger Car,40,2009.0,Bmw,CN,4,Saturday,10
MCP3382000Q,240012405,MONTGOMERY,Property Damage Crash,2024-03-15 07:30:00,County Route,RANDOLPH RD (WB/L),Unknown,Front to Rear,Rain,Wet,Dark - Lighted,Traffic Control Signal,"Not Suspect of Alcohol Use, Not Suspect of Drug Use",No,No Apparent Injury,Not Distracted,MD,Other Trucks,35,2021.0,Ford,F-650,7,Friday,3
EJ7809002N,210036542,Gaithersburg Police Depar,Property Damage Crash,2021-09-16 14:30:00,Maryland (State),FREDERICK RD,S WESTLAND DR,SAME DIR REAR END,CLOUDY,DRY,DAYLIGHT,Unknown,NONE DETECTED,No,No Apparent Injury,NOT DISTRACTED,MD,Passenger Car,40,2019.0,Hyundai,ELANTRA,14,Thursday,9
MCP2846002T,170505454,Montgomery County Police,Injury Crash,2017-05-02 14:02:00,Maryland (State),UNIVERSITY BLVD W,EAST AVE,HEAD ON LEFT TURN,CLEAR,DRY,DAYLIGHT,OTHER,NONE DETECTED,Yes,Possible Injury,INATTENTIVE OR LOST IN THOUGHT,MD,Passenger Car,40,2014.0,Dodge,CHARGER,14,Tuesday,5
MCP2767001H,15057348,MONTGOMERY,Injury Crash,2015-11-10 15:25:00,Maryland (State),VEIRS MILL RD,RANDOLPH RD,SAME DIR REAR END,RAINING,WET,DAYLIGHT,NO CONTROLS,NONE DETECTED,No,Suspected Minor Injury,NOT DISTRACTED,MD,Passenger Car,45,2015.0,Nissan,4S,15,Tuesday,11
MCP2898003N,230001234,Montgomery County Police,Injury Crash,2023-01-08 20:00:00,County,RIDGE RD,OBSERVATION DR,SAME DIRECTION SIDESWIPE,CLEAR,DRY,DARK LIGHTS ON,TRAFFIC SIGNAL,Unknown,Yes,No Apparent Injury,NOT DISTRACTED,DC,(Sport) Utility Vehicle,40,2017.0,Jeep,PATRIOT,20,Sunday,1
MCP15800053,16003396,Montgomery County Police,Property Damage Crash,2016-01-19 09:48:00,County,CENTRAL AVE,S FREDERICK RD,HEAD ON,CLEAR,DRY,DAYLIGHT,STOP SIGN,NONE DETECTED,Yes,No Apparent Injury,UNKNOWN,MD,"Other Light Trucks (10,000Lbs (4,536Kg) Or Less)",30,2001.0,Chevy,3500,9,Tuesday,1
MCP2931001N,16050789,Montgomery County Police,Property Damage Crash,2016-10-03 15:45:00,Municipality,HALPINE RD,CHAPMAN AVE,SAME DIRECTION SIDESWIPE,CLEAR,DRY,DAYLIGHT,STOP SIGN,Unknown,Yes,No Apparent Injury,OTHER DISTRACTION,XX,Passenger Car,30,2016.0,Toyota,CAMRY,15,Monday,10
EJ7886000R,210040725,Gaithersburg Police Depar,Property Damage Crash,2021-10-11 22:07:00,Unknown,Unknown,Unknown,STRAIGHT MOVEMENT ANGLE,CLEAR,Unknown,DARK LIGHTS ON,NO CONTROLS,Unknown,No,No Apparent Injury,NO DRIVER PRESENT,Unknown,Passenger Car,15,2018.0,Ford,EXPLORER,22,Monday,10
MCP3039001P,170540028,Montgomery County Police,Injury Crash,2017-10-31 16:30:00,Maryland (State),WILSON LA,LEESBURG DR,SAME DIR REAR END,CLEAR,DRY,DAYLIGHT,NO CONTROLS,NONE DETECTED,Yes,No Apparent Injury,NOT DISTRACTED,MD,Pickup Truck,30,2014.0,Toyota,TACOMA,16,Tuesday,10
MCP2798000S,15007539,Montgomery County Police,Injury Crash,2015-02-15 01:13:00,Maryland (State),UNIVERSITY BLVD W,LORAIN AVE,OTHER,SEVERE WINDS,ICE,DARK LIGHTS ON,NO CONTROLS,NONE DETECTED,No,Possible Injury,NOT DISTRACTED,MD,Passenger Car,40,2002.0,Saturn,4D,1,Sunday,2
DD56120039,230002684,Rockville Police Departme,Property Damage Crash,2023-01-17 14:08:00,Municipality,GREAT FALLS RD,W JEFFERSON ST,STRAIGHT MOVEMENT ANGLE,CLEAR,DRY,DAYLIGHT,TRAFFIC SIGNAL,NONE DETECTED,No,No Apparent Injury,NOT DISTRACTED,MA,Passenger Car,30,2021.0,Toyota,SEDAN,14,Tuesday,1
MCP3042000K,170500831,Montgomery County Police,Property Damage Crash,2017-04-07 02:30:00,Unknown,Unknown,Unknown,STRAIGHT MOVEMENT ANGLE,CLEAR,Unknown,DARK -- UNKNOWN LIGHTING,NO CONTROLS,NONE DETECTED,No,No Apparent Injury,NOT DISTRACTED,MD,Passenger Car,10,2004.0,Kia,TK,2,Friday,4
MCP29390089,250046750,MONTGOMERY,Injury Crash,2025-10-17 16:42:00,Maryland (State) Route,FREDERICK RD,Unknown,Front to Rear,Clear,Dry,Daylight,No Controls,"Not Suspect of Alcohol Use, Not Suspect of Drug Use",Yes,No Apparent Injury,Unknown,MD,Passenger Car,40,1999.0,Chevrolet,GEO PRIZM,16,Friday,10
MCP2215001X,220049557,Montgomery County Police,Injury Crash,2022-11-09 17:33:00,Maryland (State),RIDGE RD,BLOOM DR,STRAIGHT MOVEMENT ANGLE,CLEAR,DRY,DARK NO LIGHTS,STOP SIGN,NONE DETECTED,Yes,No Apparent Injury,LOOKED BUT DID NOT SEE,MD,Passenger Car,40,2016.0,Jeep,TK,17,Wednesday,11
DD5663001M,240059272,ROCKVILLE,Injury Crash,2024-12-11 15:54:00,Ramp,RAMP 9 FR TOWER OAKS BLVD TO RAMP 2,TOWER OAKS BLVD (SB/L),Front to Front,Rain,Wet,Daylight,Traffic Control Signal,"Not Suspect of Alcohol Use, Not Suspect of Drug Use",Yes,Possible Injury,Not Distracted,MD,Passenger Car,30,2022.0,Bmw,430I,15,Wednesday,12
MCP2737005G,220011781,Montgomery County Police,Property Damage Crash,2022-03-18 22:19:00,Maryland (State),NEW HAMPSHIRE AVE,NORWOOD RD,HEAD ON LEFT TURN,CLEAR,DRY,DARK LIGHTS ON,TRAFFIC SIGNAL,NONE DETECTED,Yes,No Apparent Injury,UNKNOWN,MD,Passenger Car,45,2006.0,Volvo,4D,22,Friday,3
MCP1220007F,180054383,Montgomery County Police,Property Damage Crash,2018-10-30 15:05:00,Maryland (State),GEORGIA AVE,DENNIS AVE,SAME DIRECTION SIDESWIPE,CLEAR,DRY,DAYLIGHT,TRAFFIC SIGNAL,NONE DETECTED,Yes,No Apparent Injury,UNKNOWN,MD,(Sport) Utility Vehicle,35,2010.0,Toyota,LAND CRUISER,15,Tuesday,10
MCP3190000D,190014303,Montgomery County Police,Property Damage Crash,2019-03-28 07:22:00,Maryland (State),LAYHILL RD,MERRIFIELDS DR,SINGLE VEHICLE,CLEAR,DRY,DAYLIGHT,Unknown,Unknown,Yes,No Apparent Injury,UNKNOWN,MD,Passenger Car,40,2008.0,Toyota,CAMRY,7,Thursday,3
MCP3350001M,230061955,Montgomery County Police,Injury Crash,2023-10-22 12:11:00,Maryland (State),ROCKVILLE PIKE,FLANDERS AVE,HEAD ON LEFT TURN,CLEAR,DRY,DAYLIGHT,NO CONTROLS,NONE DETECTED,No,Possible Injury,NOT DISTRACTED,MD,Passenger Car,40,1997.0,Bmw,M3,12,Sunday,10
EJ78850029,220034770,Gaithersburg Police Depar,Property Damage Crash,2022-08-12 19:31:00,Maryland (State),W DIAMOND AVE,MUDDY BRANCH RD,SAME DIRECTION SIDESWIPE,Unknown,DRY,Unknown,TRAFFIC SIGNAL,NONE DETECTED,No,No Apparent Injury,NOT DISTRACTED,MD,Passenger Car,35,2019.0,Toyota,RAV4,19,Friday,8
MCP3292000H,210007439,Montgomery County Police,Property Damage Crash,2021-02-26 21:50:00,County,CONTOUR RD,LOST KNIFE RD,STRAIGHT MOVEMENT ANGLE,RAINING,WET,DARK LIGHTS ON,STOP SIGN,NONE DETECTED,No,No Apparent Injury,NOT DISTRACTED,MD,Police Vehicle/Non Emergency,25,2014.0,Dodge,CHARGER,21,Friday,2
MCP28400015,170518352,Montgomery County Police,Property Damage Crash,2017-07-10 20:00:00,County,HAMMONTON RD,SHAW AVE,SINGLE VEHICLE,CLEAR,DRY,DUSK,NO CONTROLS,NONE DETECTED,Yes,No Apparent Injury,LOOKED BUT DID NOT SEE,MD,Passenger Car,25,2000.0,Volkswagen,PASSAT,20,Monday,7
EJ7905000G,240011449,GAITHERSBURG,Property Damage Crash,2024-03-09 16:00:00,Maryland (State) Route,S FREDERICK RD (SB/L),W DEER PARK RD,Rear To Side,Rain,Wet,Daylight,Traffic Control Signal,"Not Suspect of Alcohol Use, Not Suspect of Drug Use",Yes,No Apparent Injury,Unknown,Unknown,Pickup,35,2008.0,Toyota,TUNDRA,16,Saturday,3
MCP2937004L,220055243,Montgomery County Police,Property Damage Crash,2022-12-13 22:15:00,County,GATESHEAD MANOR WAY,ASTON MANOR DR,SINGLE VEHICLE,CLEAR,DRY,DARK LIGHTS ON,NO CONTROLS,NONE DETECTED,Yes,No Apparent Injury,NOT DISTRACTED,MD,Passenger Car,35,2012.0,Kia,OPTIMA,22,Tuesday,12
MCP1342001T,170549448,Montgomery County Police,Property Damage Crash,2017-12-19 08:55:00,County,FALLING LEAF WAY,DODIE DR,OPPOSITE DIRECTION SIDESWIPE,CLEAR,WET,DAYLIGHT,NO CONTROLS,NONE DETECTED,No,No Apparent Injury,NOT DISTRACTED,MD,School Bus,25,2016.0,Thom,BU,8,Tuesday,12
MCP3253000L,200040086,Montgomery County Police,Injury Crash,2020-10-11 22:33:00,Municipality,CHESTNUT ST,W DIAMOND AVE,OTHER,RAINING,WET,DARK LIGHTS ON,TRAFFIC SIGNAL,ALCOHOL PRESENT,Yes,No Apparent Injury,LOOKED BUT DID NOT SEE,MD,Passenger Car,25,2005.0,Volk,JETTA,22,Sunday,10
MCP2881001T,16063193,Montgomery County Police,Property Damage Crash,2016-12-09 11:34:00,Unknown,Unknown,Unknown,OTHER,CLEAR,Unknown,DAYLIGHT,Unknown,Unknown,Yes,No Apparent Injury,LOOKED BUT DID NOT SEE,MD,School Bus,5,2016.0,Thom,BU,11,Friday,12
MCP30580041,210014890,Montgomery County Police,Injury Crash,2021-04-21 18:23:00,Maryland (State),VEIRS MILL RD,CROSSOVER,STRAIGHT MOVEMENT ANGLE,CLOUDY,DRY,DAYLIGHT,NO CONTROLS,NONE DETECTED,Yes,Suspected Minor Injury,LOOKED BUT DID NOT SEE,MD,Passenger Car,40,2016.0,Toyota,COROLLA,18,Wednesday,4
MCP9428000N,15030774,Montgomery County Police,Property Damage Crash,2015-06-24 11:02:00,County,TWINBROOK PKWY,TWINBROOK PKWY (BACK),SAME DIR REAR END,CLEAR,DRY,DAYLIGHT,TRAFFIC SIGNAL,Unknown,Yes,No Apparent Injury,INATTENTIVE OR LOST IN THOUGHT,VA,Pickup Truck,40,2011.0,Nissan,FRONTIER,11,Wednesday,6
MCP26770004,15031115,Montgomery County Police,Property Damage Crash,2015-06-25 21:14:00,Maryland (State),CLOPPER RD,GREAT SENECA HWY,SINGLE VEHICLE,RAINING,WET,DARK NO LIGHTS,Unknown,Unknown,Yes,No Apparent Injury,NOT DISTRACTED,MD,Passenger Car,35,1999.0,Honda,2D,21,Thursday,6
MCP3210000N,190047890,Montgomery County Police,Property Damage Crash,2019-10-05 23:34:00,County,ARCTIC AVE,DANET PL,SAME DIRECTION SIDESWIPE,Unknown,DRY,DARK LIGHTS ON,NO CONTROLS,UNKNOWN,Yes,No Apparent Injury,UNKNOWN,MD,Passenger Car,35,2012.0,Volkswagen,GLI,23,Saturday,10
MCP2799002J,17013960,Montgomery County Police,Injury Crash,2017-03-18 17:34:00,Maryland (State),NEW HAMPSHIRE AVE,NORWOOD RD,STRAIGHT MOVEMENT ANGLE,CLEAR,WET,DAYLIGHT,TRAFFIC SIGNAL,NONE DETECTED,No,Possible Injury,NOT DISTRACTED,MD,Passenger Car,45,2014.0,Hyun,ELANTRA,17,Saturday,3
MCP24460023,16042303,Montgomery County Police,Injury Crash,2016-08-20 15:12:00,County,MIDDLEBROOK RD,LOCBURY DR,STRAIGHT MOVEMENT ANGLE,CLEAR,DRY,DAYLIGHT,NO CONTROLS,NONE DETECTED,No,Suspected Minor Injury,NOT DISTRACTED,MD,Passenger Car,35,2015.0,Scion,TC,15,Saturday,8
MCP242500FD,190045789,Montgomery County Police,Injury Crash,2019-09-24 14:49:00,Unknown,Unknown,Unknown,SINGLE VEHICLE,Unknown,Unknown,OTHER,Unknown,NONE DETECTED,Yes,Suspected Minor Injury,UNKNOWN,MD,Van,0,2005.0,Honda,ODYSSEY,14,Tuesday,9
MCP31480082,250026880,MONTGOMERY,Property Damage Crash,2025-06-16 16:00:00,County Route,GROSVENOR LA,ROCKVILLE PIKE (SB/L),Angle,Rain,Wet,Daylight,Traffic Control Signal,"Not Suspect of Alcohol Use, Not Suspect of Drug Use",Yes,No Apparent Injury,Unknown,MD,Sport Utility Vehicle,35,2025.0,Mazda,CX-50,16,Monday,6
EJ79050021,240058825,GAITHERSBURG,Injury Crash,2024-12-09 12:18:00,Maryland (State) Route,GREAT SENECA HWY (SB/L),Unknown,Front to Rear,Rain,Wet,Daylight,Traffic Control Signal,"Not Suspect of Alcohol Use, Not Suspect of Drug Use",Yes,No Apparent Injury,Unknown,MD,Passenger Car,50,1996.0,Jeep,GRAND CHEROKEE,12,Monday,12
MCP13660044,16003389,Montgomery County Police,Injury Crash,2016-01-19 08:32:00,Maryland (State),DARNESTOWN RD,BLACK ROCK RD,SAME DIR REAR END,CLEAR,DRY,DAYLIGHT,NO CONTROLS,NONE DETECTED,Yes,No Apparent Injury,UNKNOWN,MD,Passenger Car,50,2013.0,Lexus,TK,8,Tuesday,1
MCP2436001H,16020303,Montgomery County Police,Injury Crash,2016-04-25 09:29:00,Unknown,Unknown,Unknown,OTHER,CLEAR,Unknown,DAYLIGHT,NO CONTROLS,NONE DETECTED,Unknown,No Apparent Injury,UNKNOWN,MD,Passenger Car,0,2014.0,Nissan,ALTIMA,9,Monday,4
MCP2869002K,180033044,Montgomery County Police,Property Damage Crash,2018-07-04 22:10:00,County,VEIRS MILL RD,GRIDLEY RD,STRAIGHT MOVEMENT ANGLE,Unknown,DRY,DARK LIGHTS ON,YIELD SIGN,NONE DETECTED,Yes,No Apparent Injury,NOT DISTRACTED,MD,Passenger Car,45,2012.0,Acura,4S,22,Wednesday,7
EJ78460059,200027576,Gaithersburg Police Depar,Property Damage Crash,2020-07-16 07:15:00,Municipality,N SUMMIT AVE,E DIAMOND AVE,SAME DIR REAR END,CLEAR,DRY,DAYLIGHT,TRAFFIC SIGNAL,NONE DETECTED,No,No Apparent Injury,NOT DISTRACTED,MD,Passenger Car,35,2000.0,Bmw,4S,7,Thursday,7
MCP29650012,16033260,Montgomery County Police,Property Damage Crash,2016-07-01 13:26:00,Maryland (State),SPENCERVILLE RD,NEW HAMPSHIRE AVE,SAME DIR REND RIGHT TURN,CLEAR,DRY,DAYLIGHT,YIELD SIGN,NONE DETECTED,No,No Apparent Injury,NOT DISTRACTED,MD,Passenger Car,35,1991.0,Toyota,TK,13,Friday,7
MCP2855005F,250008587,MONTGOMERY,Property Damage Crash,2025-02-26 19:28:00,US (State),COLESVILLE RD,Unknown,"Sideswipe, Same Direction",Clear,Dry,Dark - Lighted,No Controls,"Not Suspect of Alcohol Use, Not Suspect of Drug Use",No,No Apparent Injury,Not Distracted,MD,Sport Utility Vehicle,35,2017.0,Honda,PILOT,19,Wednesday,2
MCP28610060,230050274,Montgomery County Police,Property Damage Crash,2023-08-19 18:18:00,County,DEMOCRACY BLVD,SEVEN LOCKS RD,HEAD ON LEFT TURN,Unknown,DRY,DAYLIGHT,TRAFFIC SIGNAL,NONE DETECTED,No,No Apparent Injury,NOT DISTRACTED,MD,Passenger Car,35,2006.0,Toyota,AVALON,18,Saturday,8
DD56280024,190028378,Rockville Police Departme,Property Damage Crash,2019-06-14 07:50:00,Maryland (State),W MONTGOMERY AVE,RESEARCH BLVD,SAME DIRECTION SIDESWIPE,CLEAR,DRY,DAYLIGHT,OTHER,NONE DETECTED,Yes,No Apparent Injury,LOOKED BUT DID NOT SEE,MD,Passenger Car,40,2004.0,Toyota,SEQUOIA,7,Friday,6
MCP2814004B,240007105,MONTGOMERY,Property Damage Crash,2024-02-13 07:12:00,Unknown,Unknown,Unknown,Single Vehicle,Snow,Unknown,Dark - Lighted,Unknown,"Not Suspect of Alcohol Use, Not Suspect of Drug Use",Yes,No Apparent Injury,Not Distracted,MD,Passenger Car,0,2019.0,Toyota,HIGHLANDER,7,Tuesday,2
MCP22010013,180001138,Montgomery County Police,Property Damage Crash,2018-01-08 15:22:00,County,LANARK WAY,COLESVILLE RD,SAME DIRECTION SIDESWIPE,SLEET,WET,DAYLIGHT,NO CONTROLS,NONE DETECTED,Yes,No Apparent Injury,LOOKED BUT DID NOT SEE,MD,Passenger Car,25,2008.0,Infiniti,M45X,15,Monday,1
MCP3279002N,230058586,Montgomery County Police,Property Damage Crash,2023-10-04 19:30:00,Maryland (State),GEORGIA AVE,UNIVERSITY BLVD W,SAME DIR REAR END,Unknown,UNKNOWN,UNKNOWN,NO CONTROLS,Unknown,No,No Apparent Injury,NOT DISTRACTED,MD,Passenger Car,25,2014.0,Chevrolet,IMPALA,19,Wednesday,10
MCP93650019,180065036,Montgomery County Police,Injury Crash,2018-12-29 07:50:00,US (State),COLUMBIA PIKE,RAMP 5 FR US 29 SB TO BRIGGS CHANEY RD,SINGLE VEHICLE,CLEAR,WET,DAYLIGHT,Unknown,NONE DETECTED,Yes,Suspected Minor Injury,UNKNOWN,MD,(Sport) Utility Vehicle,15,2006.0,Hond,TK,7,Saturday,12
MCP1213008H,230059482,Montgomery County Police,Injury Crash,2023-10-09 15:20:00,Maryland (State),LAYHILL RD,GLENALLAN AVE,SAME DIR REAR END,CLEAR,DRY,DAYLIGHT,TRAFFIC SIGNAL,NONE DETECTED,Yes,Suspected Minor Injury,LOOKED BUT DID NOT SEE,MD,Passenger Car,40,2021.0,Toyt,PRIUS,15,Monday,10
MCP3044000D,17008568,Montgomery County Police,Injury Crash,2017-02-17 06:45:00,County,OAKVIEW DR,BRADDOCK RD,SINGLE VEHICLE,CLEAR,DRY,DUSK,STOP SIGN,ALCOHOL PRESENT,Yes,Suspected Minor Injury,UNKNOWN,MD,Pickup Truck,25,2006.0,Chev,COLORADO,6,Friday,2
MCP32270030,210043984,Montgomery County Police,Property Damage Crash,2021-10-31 10:00:00,Unknown,Unknown,Unknown,OTHER,CLEAR,Unknown,DAYLIGHT,NO CONTROLS,NONE DETECTED,Yes,No Apparent Injury,UNKNOWN,MD,Passenger Car,0,2017.0,Chevy,EQUINOX,10,Sunday,10
MCP3112004V,200039555,Montgomery County Police,Injury Crash,2020-10-07 19:00:00,Unknown,Unknown,Unknown,OTHER,CLEAR,Unknown,DARK NO LIGHTS,Unknown,NONE DETECTED,Yes,No Apparent Injury,NOT DISTRACTED,DC,(Sport) Utility Vehicle,0,2003.0,Toyota,TRUCK,19,Wednesday,10