Report Number,Local Case Number,Agency Name,ACRS Report Type,Crash Date/Time,Route Type,Road Name,Cross-Street Name,Collision Type,Weather,Surface Condition,Light,Traffic Control,Driver Substance Abuse,Driver At Fault,Injury Severity,Driver Distracted By,Drivers License State,Vehicle Body Type,Speed Limit,Vehicle Year,Vehicle Make,Vehicle Model,Crash Hour,Crash Day,Crash Month
MCP3192001K,200047393,Montgomery County Police,Injury Crash,2020-12-01 18:04:00,Maryland (State),CONNECTICUT AVE,DELANO ST,STRAIGHT MOVEMENT ANGLE,CLEAR,DRY,DARK LIGHTS ON,STOP SIGN,NONE DETECTED,Yes,No Apparent Injury,LOOKED BUT DID NOT SEE,MD,Passenger Car,40,2015.0,Honda,CRV,18,Tuesday,12
MCP2239000Y,180019097,Montgomery County Police,Property Damage Crash,2018-04-19 08:46:00,County,WATTS BRANCH DR,CIRCLE DR,STRAIGHT MOVEMENT ANGLE,RAINING,WET,DAYLIGHT,STOP SIGN,NONE DETECTED,No,No Apparent Injury,NOT DISTRACTED,MD,Passenger Car,25,2013.0,Acur,TK,8,Thursday,4
MCP25130003,15063877,MONTGOMERY,Injury Crash,2015-12-14 16:10:00,Maryland (State),GEORGIA AVE,CONNECTICUT AVE,SAME DIR REAR END,CLOUDY,DRY,DAYLIGHT,TRAFFIC SIGNAL,NONE DETECTED,Yes,No Apparent Injury,NOT DISTRACTED,MD,Unknown,50,2005.0,Intl,TK,16,Monday,12
MCP2852001P,180064982,Montgomery County Police,Property Damage Crash,2018-12-28 22:52:00,County,GERMANTOWN RD,WATKINS MILL RD (AHEAD),SINGLE VEHICLE,FOGGY,WET,DARK LIGHTS ON,NO CONTROLS,NONE DETECTED,Yes,No Apparent Injury,NOT DISTRACTED,MD,Passenger Car,40,2012.0,Volkswagon,JETTA,22,Friday,12
MCP27630037,200010840,Montgomery County Police,Property Damage Crash,2020-03-04 20:05:00,County,QUAIL VALLEY BLVD,PURPLE MARTIN LA,SAME DIRECTION SIDESWIPE,Unknown,DRY,DARK LIGHTS ON,NO CONTROLS,NONE DETECTED,Yes,No Apparent Injury,NOT DISTRACTED,MD,Transit Bus,25,2019.0,Gilg,BUS,20,Wednesday,3
MCP1438008C,190019514,Montgomery County Police,Property Damage Crash,2019-04-26 07:20:00,Maryland (State),MUNCASTER MILL RD,IVY OAK DR,SAME DIRECTION SIDESWIPE,CLOUDY,WET,DAYLIGHT,Unknown,NONE DETECTED,Yes,No Apparent Injury,NOT DISTRACTED,MD,Transit Bus,40,2005.0,Orio,BUS,7,Friday,4
MCP3206000N,190046514,Montgomery County Police,Property Damage Crash,2019-09-28 11:10:00,Unknown,Unknown,Unknown,SAME DIRECTION SIDESWIPE,CLEAR,Unknown,DAYLIGHT,NO CONTROLS,UNKNOWN,Yes,No Apparent Injury,INATTENTIVE OR LOST IN THOUGHT,Unknown,Pickup Truck,0,2012.0,Toyota,TRUCK,11,Saturday,9
DD55830047,180053723,Rockville Police Departme,Injury Crash,2018-10-26 18:29:00,Municipality,CHAPMAN AVE,BOUIC AVE,SAME DIR REAR END,RAINING,WET,DARK NO LIGHTS,NO CONTROLS,UNKNOWN,Yes,No Apparent Injury,UNKNOWN,MD,Passenger Car,30,2012.0,Toyota,PRIUS,18,Friday,10
MCP3063003V,230006466,Montgomery County Police,Property Damage Crash,2023-02-08 17:19:00,Maryland (State),UNIVERSITY BLVD E,COLESVILLE RD,SAME DIRECTION LEFT TURN,CLEAR,DRY,DAYLIGHT,TRAFFIC SIGNAL,NONE DETECTED,Yes,No Apparent Injury,LOOKED BUT DID NOT SEE,MD,School Bus,35,2018.0,Frht,BU,17,Wednesday,2
MCP2286003V,210049705,Montgomery County Police,Property Damage Crash,2021-12-07 15:15:00,Unknown,Unknown,Unknown,OTHER,CLEAR,Unknown,DAYLIGHT,NO CONTROLS,NONE DETECTED,Yes,No Apparent Injury,LOOKED BUT DID NOT SEE,MD,Passenger Car,10,1997.0,Olds,IMPALA,15,Tuesday,12
MCP9381001Z,17014579,Montgomery County Police,Property Damage Crash,2017-03-22 03:05:00,County,FALLS RD,ALLOWAY DR,SINGLE VEHICLE,CLEAR,DRY,DARK NO LIGHTS,NO CONTROLS,NONE DETECTED,No,No Apparent Injury,NOT DISTRACTED,MD,Passenger Car,45,2014.0,Dodge,CHARGER,3,Wednesday,3
MCP242500FJ,190047373,Montgomery County Police,Injury Crash,2019-10-03 06:50:00,Maryland (State),NEW HAMPSHIRE AVE,OAKLAWN DR,SAME DIR REAR END,CLEAR,DRY,DAWN,NO CONTROLS,NONE DETECTED,No,No Apparent Injury,NOT DISTRACTED,MD,Passenger Car,40,2005.0,Hyundai,ACCENT,6,Thursday,10
HA25330007,P24000101,MCPARK,Property Damage Crash,2024-01-19 19:05:00,County Route,SPRING ST,Unknown,Other,Snow,Snow,Dark - Lighted,No Controls,"Not Suspect of Alcohol Use, Not Suspect of Drug Use",No,No Apparent Injury,Not Distracted,MD,Passenger Car,25,2013.0,Chevrolet,CRUZE,19,Friday,1
MCP27520022,170539195,Montgomery County Police,Property Damage Crash,2017-10-27 15:10:00,County,ROSEMONT DR,TUCKERMAN LA,STRAIGHT MOVEMENT ANGLE,Unknown,DRY,DAYLIGHT,STOP SIGN,NONE DETECTED,Yes,No Apparent Injury,LOOKED BUT DID NOT SEE,XX,Pickup Truck,35,2004.0,Dodg,TK,15,Friday,10
MCP3005005C,200041072,Montgomery County Police,Property Damage Crash,2020-10-18 11:30:00,Maryland (State),GEORGIA AVE,ARCOLA AVE,SAME DIRECTION SIDESWIPE,CLEAR,DRY,DAYLIGHT,TRAFFIC SIGNAL,NONE DETECTED,Yes,No Apparent Injury,LOOKED BUT DID NOT SEE,MD,Ambulance/Emergency,35,2020.0,Frht,M2,11,Sunday,10
MCP3269002L,230028388,Montgomery County Police,Property Damage Crash,2023-06-13 09:30:00,County,ROBEY RD,BRIGGS CHANEY RD,SAME DIR REAR END,CLEAR,DRY,DAYLIGHT,NO CONTROLS,NONE DETECTED,No,No Apparent Injury,NOT DISTRACTED,MD,Passenger Car,30,2018.0,Merz,CLA250,9,Tuesday,6
MCP28910090,200007505,Montgomery County Police,Injury Crash,2020-02-14 11:06:00,US (State),COLESVILLE RD,SLIGO CREEK PKWY,STRAIGHT MOVEMENT ANGLE,CLEAR,DRY,DAYLIGHT,TRAFFIC SIGNAL,NONE DETECTED,No,Suspected Minor Injury,NOT DISTRACTED,MD,Passenger Car,35,2013.0,Nissan,SENTRA,11,Friday,2
MCP32630042,230066775,Montgomery County Police,Property Damage Crash,2023-11-16 17:54:00,Maryland (State),RIVER RD,OGDEN RD,SAME DIRECTION RIGHT TURN,CLEAR,DRY,DARK NO LIGHTS,NO CONTROLS,NONE DETECTED,No,No Apparent Injury,NOT DISTRACTED,MD,Passenger Car,35,2013.0,Hyundai,VELOSTER,17,Thursday,11
MCP29400025,180000053,Montgomery County Police,Property Damage Crash,2018-01-01 09:53:00,Maryland (State),OLD GEORGETOWN RD,DEMOCRACY BLVD,STRAIGHT MOVEMENT ANGLE,CLEAR,DRY,DAYLIGHT,TRAFFIC SIGNAL,NONE DETECTED,No,No Apparent Injury,NOT DISTRACTED,MD,Ambulance/Emergency,35,2016.0,Frht,AM,9,Monday,1
MCP3412001D,240062192,MONTGOMERY,Property Damage Crash,2024-12-30 13:15:00,County Route,VEIRS MILL RD,Unknown,"Sideswipe, Same Direction",Clear,Dry,Daylight,No Controls,"Not Suspect of Alcohol Use, Not Suspect of Drug Use",No,No Apparent Injury,Not Distracted,MD,Passenger Car,35,2014.0,Chevrolet,EQUINOX,13,Monday,12
MCP94280019,17003283,Montgomery County Police,Property Damage Crash,2017-01-17 06:59:00,County,FATHER HURLEY BLVD,WISTERIA DR,SAME DIRECTION SIDESWIPE,CLEAR,DRY,DAWN,TRAFFIC SIGNAL,Unknown,No,No Apparent Injury,NOT DISTRACTED,MD,Van,35,2011.0,Honda,ODYSSEY,6,Tuesday,1
HA25560004,25000937,MCPARK,Injury Crash,2025-05-22 12:05:00,Spur,Unknown,RIVER RD,Other,Cloudy,Dry,Daylight,No Controls,"Not Suspect of Alcohol Use, Not Suspect of Drug Use",No,No Apparent Injury,Not Distracted,VA,Passenger Car,35,2018.0,Toyota,COROLLA,12,Thursday,5
MCP2798004X,220010758,Montgomery County Police,Property Damage Crash,2022-03-12 19:30:00,County,MIDDLEBROOK RD,CRYSTAL ROCK DR,HEAD ON LEFT TURN,SNOW,SNOW,DARK LIGHTS ON,TRAFFIC SIGNAL,NONE DETECTED,Yes,No Apparent Injury,LOOKED BUT DID NOT SEE,MD,Passenger Car,35,2020.0,Chevy,SEDAN,19,Saturday,3
MCP20080016,15049476,MONTGOMERY,Fatal Crash,2015-09-30 03:08:00,Maryland (State),DARNESTOWN RD,BELLINGHAM DR,SINGLE VEHICLE,RAINING,WET,DARK NO LIGHTS,Unknown,UNKNOWN,Unknown,Fatal Injury,UNKNOWN,MD,(Sport) Utility Vehicle,50,2003.0,Ford,EXPLORER,3,Wednesday,9
MCP30170032,240052582,MONTGOMERY,Property Damage Crash,2024-11-02 00:01:00,Maryland (State) Route,MIDCOUNTY HWY (SB/L),Unknown,Front to Rear,Clear,Dry,Dark - Lighted,Other,"Not Suspect of Alcohol Use, Not Suspect of Drug Use",No,No Apparent Injury,Not Distracted,MD,Passenger Car,40,2014.0,Lexus,IS,0,Saturday,11
MCP0251000H,15003252,Montgomery County Police,Injury Crash,2015-01-20 19:07:00,Maryland (State),GERMANTOWN RD,MIDDLEBROOK RD,SAME DIRECTION SIDESWIPE,CLEAR,DRY,DARK LIGHTS ON,TRAFFIC SIGNAL,NONE DETECTED,Yes,No Apparent Injury,LOOKED BUT DID NOT SEE,DC,Passenger Car,45,2013.0,Nissan,ALTIMA,19,Tuesday,1
MCP1350000L,15059303,MONTGOMERY,Property Damage Crash,2015-11-20 13:26:00,Maryland (State),FREDERICK RD,DALAMAR ST,SAME DIRECTION SIDESWIPE,CLEAR,DRY,DAYLIGHT,NO CONTROLS,NONE DETECTED,No,No Apparent Injury,NOT DISTRACTED,MD,Passenger Car,30,2014.0,Ford,MUSTANG,13,Friday,11
MCP14830002,15054937,MONTGOMERY,Property Damage Crash,2015-10-29 08:40:00,Maryland (State),DARNESTOWN RD,BERRYVILLE RD,SAME DIR REAR END,CLEAR,WET,DAYLIGHT,NO CONTROLS,NONE DETECTED,Yes,No Apparent Injury,NOT DISTRACTED,VA,Passenger Car,50,2007.0,Toyota,CAMRY,8,Thursday,10
MCP3193004V,230054877,Montgomery County Police,Injury Crash,2023-09-14 16:25:00,Maryland (State),VEIRS MILL RD,PENDLETON DR,STRAIGHT MOVEMENT ANGLE,CLEAR,DRY,DAYLIGHT,NO CONTROLS,NONE DETECTED,Yes,Suspected Minor Injury,LOOKED BUT DID NOT SEE,MD,Passenger Car,35,2017.0,Hond,SD,16,Thursday,9
HA2449000X,20001327,Maryland-National Capital,Injury Crash,2020-06-04 11:12:00,Government,BEACH DR,E STANHOPE RD,SINGLE VEHICLE,CLEAR,DRY,DAYLIGHT,NO CONTROLS,MEDICATION PRESENT,Yes,Possible Injury,NOT DISTRACTED,MD,Passenger Car,25,2006.0,Hyundai,SONATA,11,Thursday,6
MCP137800W1,210000432,Montgomery County Police,Property Damage Crash,2021-01-04 17:31:00,Maryland (State),MONTGOMERY VILLAGE AVE,SPUR FR MD 124 TO MD 124,SAME DIR REAR END,CLOUDY,DRY,DARK LIGHTS ON,YIELD SIGN,NONE DETECTED,Yes,No Apparent Injury,NOT DISTRACTED,MD,Pickup Truck,35,2003.0,Nissan,FRONTIER,17,Monday,1
MCP22140012,230016836,Montgomery County Police,Property Damage Crash,2023-04-08 19:33:00,County,CENTURY BLVD,ENT TO BUSINESS,SAME DIRECTION LEFT TURN,CLEAR,DRY,DAYLIGHT,Unknown,NONE DETECTED,Yes,No Apparent Injury,LOOKED BUT DID NOT SEE,WV,(Sport) Utility Vehicle,35,2022.0,Ford,EXPLORER,19,Saturday,4
MCP3170002T,230005131,Montgomery County Police,Property Damage Crash,2023-01-31 18:23:00,County,WEST OLD BALTIMORE RD,SENECA AYR DR,SAME DIR REAR END,RAINING,WET,Unknown,NO CONTROLS,NONE DETECTED,Yes,No Apparent Injury,UNKNOWN,MD,Passenger Car,40,2022.0,Toy,CAMRY,18,Tuesday,1
MCP211600CR,210001694,Montgomery County Police,Property Damage Crash,2021-01-14 09:58:00,Maryland (State),RIVER RD,MAIDENS BOWER DR,SAME DIRECTION LEFT TURN,CLEAR,DRY,DAYLIGHT,NO CONTROLS,NONE DETECTED,Yes,No Apparent Injury,NOT DISTRACTED,VA,Passenger Car,50,2013.0,Honda,ACCORD,9,Thursday,1
MCP1417003R,15041273,MONTGOMERY,Property Damage Crash,2015-08-18 12:13:00,County,MIDCOUNTY HWY,SHADY GROVE RD,SAME DIR REAR END,CLEAR,DRY,DAYLIGHT,TRAFFIC SIGNAL,NONE DETECTED,No,No Apparent Injury,NOT DISTRACTED,MD,Passenger Car,35,2013.0,Ford,FOCUS,12,Tuesday,8
MCP29140053,170524546,Montgomery County Police,Property Damage Crash,2017-08-12 21:38:00,Maryland (State),NEW HAMPSHIRE AVE,RAMP 6 FR IS 495 EB TO MD 650 SB,OTHER,Unknown,Unknown,DARK LIGHTS ON,YIELD SIGN,Unknown,No,No Apparent Injury,NOT DISTRACTED,MD,Passenger Car,40,2013.0,Hyun,ELANTRA,21,Saturday,8
MCP3136002G,190041527,Montgomery County Police,Injury Crash,2019-08-30 12:11:00,Unknown,Unknown,Unknown,OTHER,CLEAR,Unknown,DAYLIGHT,Unknown,NONE DETECTED,Unknown,No Apparent Injury,NOT DISTRACTED,VA,Passenger Car,5,2006.0,Chevrolet,EXPRESS,12,Friday,8
MCP25830041,240013554,MONTGOMERY,Injury Crash,2024-03-21 16:20:00,Maryland (State) Route,FREDERICK RD,GRIFFIN CIR,Front to Rear,Clear,Dry,Daylight,No Controls,"Not Suspect of Alcohol Use, Not Suspect of Drug Use",No,Suspected Minor Injury,Not Distracted,MD,Sport Utility Vehicle,40,2008.0,Honda,PILOT,16,Thursday,3
DM8421000K,16026076,Takoma Park Police Depart,Property Damage Crash,2016-05-25 19:32:00,Municipality,TAKOMA AVE,PHILADELPHIA AVE,OTHER,CLEAR,DRY,DAYLIGHT,NO CONTROLS,NONE DETECTED,Yes,No Apparent Injury,NOT DISTRACTED,MD,Pickup Truck,25,2007.0,Chevrolet,SILVERADO 2500,19,Wednesday,5
MCP28850010,15026125,Montgomery County Police,Injury Crash,2015-05-30 11:56:00,Maryland (State),UNIVERSITY BLVD W,AMHERST AVE,STRAIGHT MOVEMENT ANGLE,CLEAR,DRY,DAYLIGHT,NO CONTROLS,NONE DETECTED,No,Suspected Minor Injury,NOT DISTRACTED,MD,Passenger Car,40,2010.0,Mitts,GALANT,11,Saturday,5
EJ7826001H,17006609,Gaithersburg Police Depar,Property Damage Crash,2017-02-07 08:29:00,Maryland (State),FREDERICK RD,ODENDHAL AVE,SAME DIR REAR END,CLOUDY,DRY,DAYLIGHT,TRAFFIC SIGNAL,Unknown,Yes,No Apparent Injury,LOOKED BUT DID NOT SEE,MD,Passenger Car,30,2012.0,Mini,COOPER,8,Tuesday,2
MCP2977001G,16021761,Montgomery County Police,Injury Crash,2016-05-03 07:26:00,US (State),COLUMBIA PIKE,SANDY SPRING RD,SAME DIR REAR END,RAINING,WET,DAYLIGHT,NO CONTROLS,Unknown,No,Possible Injury,NOT DISTRACTED,MD,Passenger Car,55,2014.0,Mazd,MAZD6,7,Tuesday,5
MCP31700013,190043413,Montgomery County Police,Injury Crash,2019-09-10 21:03:00,County,MIDDLEBROOK RD,CENTURY BLVD,STRAIGHT MOVEMENT ANGLE,CLEAR,DRY,DARK LIGHTS ON,TRAFFIC SIGNAL,NONE DETECTED,Yes,No Apparent Injury,LOOKED BUT DID NOT SEE,MD,Passenger Car,35,2018.0,Chev,CP,21,Tuesday,9
MCP1354001H,200041024,Montgomery County Police,Property Damage Crash,2020-10-17 22:29:00,Maryland (State),DARNESTOWN RD,END BRIDGE,SINGLE VEHICLE,CLEAR,DRY,DARK NO LIGHTS,Unknown,UNKNOWN,Yes,No Apparent Injury,UNKNOWN,MD,Passenger Car,50,2004.0,Gmc,ENVOY,22,Saturday,10
MCP3446000G,250028327,MONTGOMERY,Injury Crash,2025-06-25 12:40:00,County Route,MACDUFF AVE,Unknown,Single Vehicle,Clear,Dry,Daylight,No Controls,"Not Suspect of Alcohol Use, Not Suspect of Drug Use",No,No Apparent Injury,Not Distracted,MD,Passenger Car,25,2004.0,Lexus,ES,12,Wednesday,6
MCP2717001J,15032993,MONTGOMERY,Property Damage Crash,2015-07-06 12:50:00,Maryland (State),OLD GEORGETOWN RD,CEDAR LA,SAME DIRECTION LEFT TURN,CLEAR,DRY,DAYLIGHT,TRAFFIC SIGNAL,NONE DETECTED,No,No Apparent Injury,NOT DISTRACTED,MD,(Sport) Utility Vehicle,35,2008.0,Honda,PILOT,12,Monday,7
MCP3012000L,16008805,Montgomery County Police,Property Damage Crash,2016-02-22 07:46:00,Unknown,Unknown,Unknown,OTHER,CLEAR,Unknown,DAYLIGHT,NO CONTROLS,NONE DETECTED,Yes,No Apparent Injury,UNKNOWN,MD,Passenger Car,15,2008.0,Honda,ACCORD,7,Monday,2
MCP2615003T,210000318,Montgomery County Police,Property Damage Crash,2021-01-04 05:02:00,US (State),COLUMBIA PIKE,NEW HAMPSHIRE AVE,SAME DIRECTION RIGHT TURN,CLEAR,ICE,DAWN,NO CONTROLS,NONE DETECTED,Yes,No Apparent Injury,NOT DISTRACTED,MD,Police Vehicle/Non Emergency,50,2019.0,Dodge,CHARGER,5,Monday,1
HA23370002,15000605,Maryland-National Capital,Injury Crash,2015-06-17 17:45:00,Government,BEACH DR,FRANKLIN ST,SAME DIR REAR END,CLEAR,DRY,DAYLIGHT,NO CONTROLS,Unknown,No,Suspected Minor Injury,NOT DISTRACTED,DC,Passenger Car,25,1997.0,Cadi,4D,17,Wednesday,6
MCP2789001N,15054360,MONTGOMERY,Injury Crash,2015-10-26 15:57:00,Maryland (State),GEORGIA AVE,CAPITAL BELTWAY,SAME DIR REAR END,CLEAR,DRY,DAYLIGHT,TRAFFIC SIGNAL,Unknown,Yes,No Apparent Injury,NOT DISTRACTED,ON,Passenger Car,35,2006.0,Hyundai,SONATA,15,Monday,10
MCP2016007S,240016519,MONTGOMERY,Property Damage Crash,2024-04-09 13:42:00,County Route,SHADY GROVE RD,Unknown,"Sideswipe, Same Direction",Clear,Dry,Daylight,No Controls,"Not Suspect of Alcohol Use, Not Suspect of Drug Use",No,No Apparent Injury,Not Distracted,MD,Bus - Transit,40,2014.0,Gillig,CITY TRANSIT BUS,13,Tuesday,4
MCP3007000Z,16046390,Montgomery County Police,Property Damage Crash,2016-09-10 11:30:00,Unknown,Unknown,Unknown,SINGLE VEHICLE,CLEAR,Unknown,DAYLIGHT,NO CONTROLS,NONE DETECTED,Yes,No Apparent Injury,OTHER DISTRACTION,MD,Passenger Car,35,2003.0,Ford,4S,11,Saturday,9
MCP2962000L,15061670,MONTGOMERY,Property Damage Crash,2015-12-03 04:23:00,County,BLACK ROCK RD,BURDETTE LA,SINGLE VEHICLE,Unknown,DRY,DARK NO LIGHTS,NO CONTROLS,NONE DETECTED,Yes,No Apparent Injury,NOT DISTRACTED,MD,Passenger Car,25,2013.0,Chevrolet,CAMARO,4,Thursday,12
MCP1604001P,190057247,Montgomery County Police,Injury Crash,2019-11-27 09:15:00,County,SHADY GROVE RD,MIDCOUNTY HWY,STRAIGHT MOVEMENT ANGLE,CLOUDY,WET,DAYLIGHT,TRAFFIC SIGNAL,NONE DETECTED,Yes,No Apparent Injury,NOT DISTRACTED,MD,Passenger Car,45,2013.0,Honda,ACCORD,9,Wednesday,11
MCP2748001Q,200044480,Montgomery County Police,Property Damage Crash,2020-11-10 22:33:00,Maryland (State),ROCKVILLE PIKE,TUCKERMAN LA,SAME DIR REAR END,Unknown,DRY,DARK LIGHTS ON,TRAFFIC SIGNAL,NONE DETECTED,No,No Apparent Injury,NOT DISTRACTED,UT,Passenger Car,40,2005.0,Chev,SD,22,Tuesday,11
MCP3126003K,220042567,Montgomery County Police,Injury Crash,2022-09-29 20:00:00,Other Public Roadway,ARORA HILLS DR,LITTLE SENECA PKWY,STRAIGHT MOVEMENT ANGLE,CLEAR,DRY,DARK LIGHTS ON,STOP SIGN,NONE DETECTED,Yes,Possible Injury,UNKNOWN,MD,Passenger Car,30,2015.0,Chevrolet,MALIBU,20,Thursday,9
MCP3254000T,200045887,Montgomery County Police,Injury Crash,2020-11-20 16:40:00,Maryland (State),OLD HUNDRED RD,RAMP 3 FR MD 109 EB TO RAMP 2 (TO IS270),HEAD ON LEFT TURN,CLEAR,DRY,DAYLIGHT,NO CONTROLS,NONE DETECTED,No,Suspected Minor Injury,NOT DISTRACTED,MD,Passenger Car,30,2016.0,Toyota,CAMRY,16,Friday,11
MCP2372002X,200008637,Montgomery County Police,Property Damage Crash,2020-02-21 07:33:00,Unknown,Unknown,Unknown,OTHER,CLEAR,Unknown,DAYLIGHT,NO CONTROLS,NONE DETECTED,Yes,No Apparent Injury,LOOKED BUT DID NOT SEE,MD,"Medium/Heavy Trucks 3 Axles (Over 10,000Lbs (4,536Kg))",5,2017.0,Kenworth,T400,7,Friday,2
MCP3434000N,250031999,MONTGOMERY,Property Damage Crash,2025-07-17 19:50:00,Ramp,RAMP 7 FR RAMP 2 (FR IS270) TO MD 187 SB,RAMP 9 FR MD 187 NB TO MD 187B SB,Angle,Rain,Wet,Dusk,Traffic Control Signal,"Not Suspect of Alcohol Use, Not Suspect of Drug Use",Yes,No Apparent Injury,Unknown,MD,Passenger Car,40,2022.0,Chevrolet,MALIBU,19,Thursday,7
MCP2981002T,190037028,Montgomery County Police,Property Damage Crash,2019-08-03 15:00:00,County,FERRARA AVE,VEIRS MILL RD,SAME DIRECTION SIDESWIPE,CLEAR,DRY,DAYLIGHT,TRAFFIC SIGNAL,NONE DETECTED,Yes,No Apparent Injury,UNKNOWN,MD,Passenger Car,35,2019.0,Mitsubishi,OUTLANDER,15,Saturday,8
MCP3111007P,240003855,MONTGOMERY,Property Damage Crash,2024-01-25 07:08:00,Maryland (State) Route,CONNECTICUT AVE (SB/L),Unknown,"Sideswipe, Same Direction",Rain,Wet,Dawn,No Controls,"Not Suspect of Alcohol Use, Not Suspect of Drug Use",No,No Apparent Injury,Not Distracted,MD,Passenger Car,35,2014.0,Toyota,CAMRY,7,Thursday,1
MCP91180043,230047902,Montgomery County Police,Injury Crash,2023-08-05 02:24:00,Maryland (State),GEORGIA AVE,GEORGIAN WAY,STRAIGHT MOVEMENT ANGLE,CLEAR,DRY,DARK -- UNKNOWN LIGHTING,NO CONTROLS,NONE DETECTED,Yes,Possible Injury,UNKNOWN,MD,(Sport) Utility Vehicle,35,2015.0,Honda,CRV,2,Saturday,8
MCP26120019,15062968,MONTGOMERY,Injury Crash,2015-12-09 20:17:00,Maryland (State),NORBECK RD,BAUER DR,HEAD ON LEFT TURN,CLEAR,DRY,DARK LIGHTS ON,TRAFFIC SIGNAL,NONE DETECTED,Yes,Suspected Minor Injury,UNKNOWN,MD,Passenger Car,40,2011.0,Honda,CRV,20,Wednesday,12
MCP9386001X,15009847,Montgomery County Police,Injury Crash,2015-03-02 11:07:00,Maryland (State),WILSON LA,CORDELL AVE,ANGLE MEETS LEFT TURN,CLEAR,DRY,DAYLIGHT,STOP SIGN,NONE DETECTED,No,Possible Injury,NOT DISTRACTED,MD,Pickup Truck,35,2002.0,Mazda,PICKUP TRUCK,11,Monday,3
MCP21590008,170507473,Montgomery County Police,Property Damage Crash,2017-05-12 20:32:00,County,FENTON ST,CAMERON ST,OTHER,RAINING,WET,DARK LIGHTS ON,Unknown,ALCOHOL PRESENT,Yes,No Apparent Injury,NOT DISTRACTED,MD,Passenger Car,25,2015.0,Chrysler,200,20,Friday,5
EJ7889000F,210006712,Gaithersburg Police Depar,Property Damage Crash,2021-02-21 19:45:00,County,SAM EIG HWY,RAMP 1 FR WASH. BLVD TO SAM EIG HWY WB,SAME DIR REAR END,CLEAR,DRY,DARK LIGHTS ON,NO CONTROLS,NONE DETECTED,Yes,No Apparent Injury,LOOKED BUT DID NOT SEE,MD,Passenger Car,45,2005.0,Chevy,COBALT,19,Sunday,2
MCP25340045,220011940,Montgomery County Police,Injury Crash,2022-03-20 01:02:00,Maryland (State),GEORGIA AVE,BLUERIDGE AVE,STRAIGHT MOVEMENT ANGLE,CLEAR,DRY,DARK LIGHTS ON,FLASHING TRAFFIC SIGNAL,NONE DETECTED,Yes,No Apparent Injury,NOT DISTRACTED,IL,Passenger Car,25,2017.0,Chevrolet,CRUZE,1,Sunday,3
MCP2919001C,16016742,Montgomery County Police,Property Damage Crash,2016-04-06 09:40:00,Maryland (State),GEORGIA AVE,FOREST GLEN RD,SAME DIR REAR END,Unknown,DRY,DAYLIGHT,Unknown,NONE DETECTED,No,No Apparent Injury,NOT DISTRACTED,MD,Passenger Car,35,2014.0,Chevrolet,4S,9,Wednesday,4
MCP25920038,230604099,Montgomery County Police,Injury Crash,2023-10-14 14:34:00,County,ROTHBURY DR,GOSHEN RD,STRAIGHT MOVEMENT ANGLE,RAINING,WET,Unknown,Unknown,NONE DETECTED,Yes,No Apparent Injury,LOOKED BUT DID NOT SEE,MD,Passenger Car,30,2015.0,Toyt,4S,14,Saturday,10
MCP2910002H,16036904,Montgomery County Police,Property Damage Crash,2016-07-21 11:25:00,County,BROADBIRCH DR,PLUM ORCHARD DR,OPPOSITE DIR BOTH LEFT TURN,CLEAR,DRY,DAYLIGHT,NO CONTROLS,NONE DETECTED,No,No Apparent Injury,NOT DISTRACTED,MD,Other,15,2016.0,Ford,MAIL TRUCK,11,Thursday,7
MCP133400B3,200039473,Montgomery County Police,Property Damage Crash,2020-10-07 10:39:00,County,COPPS HILL DR,KILRUSH CT,OTHER,CLEAR,DRY,DAYLIGHT,NO CONTROLS,NONE DETECTED,Yes,No Apparent Injury,NOT DISTRACTED,MD,School Bus,10,2020.0,Thomas,BUS,10,Wednesday,10
EJ7860000W,16066338,Gaithersburg Police Depar,Injury Crash,2016-12-25 22:38:00,Municipality,RUSSELL AVE,ODENDHAL AVE,HEAD ON LEFT TURN,CLEAR,DRY,DARK LIGHTS ON,TRAFFIC SIGNAL,NONE DETECTED,No,Possible Injury,NOT DISTRACTED,MD,Passenger Car,25,2003.0,Acura,TL,22,Sunday,12
MCP2456000W,16022832,Montgomery County Police,Injury Crash,2016-05-08 12:54:00,Maryland (State),UNIVERSITY BLVD E,PINEY BRANCH RD,SAME DIR REAR END,Unknown,DRY,DAYLIGHT,TRAFFIC SIGNAL,NONE DETECTED,No,Possible Injury,NOT DISTRACTED,MD,Passenger Car,40,2000.0,Toyota,COROLLA,12,Sunday,5
MCP1128004W,200013352,Montgomery County Police,Property Damage Crash,2020-03-20 06:12:00,Maryland (State),ROCKVILLE PIKE,STRATHMORE AVE,SAME DIR REAR END,CLEAR,WET,DARK LIGHTS ON,TRAFFIC SIGNAL,NONE DETECTED,No,No Apparent Injury,NOT DISTRACTED,MD,Van,40,2013.0,Ford,VAN,6,Friday,3
MCP3089003L,230010626,Montgomery County Police,Property Damage Crash,2023-03-03 20:31:00,County,DENNIS AVE,MEDICAL PARK DR,OTHER,RAINING,WET,DARK LIGHTS ON,OTHER,Unknown,No,No Apparent Injury,NOT DISTRACTED,MD,(Sport) Utility Vehicle,10,2021.0,Ford,EXPLORER,20,Friday,3
MCP9134000G,16060824,Montgomery County Police,Injury Crash,2016-11-26 22:57:00,County,WAYNE AVE,GEORGIA AVE,OTHER,CLEAR,DRY,DARK LIGHTS ON,TRAFFIC SIGNAL,NONE DETECTED,No,No Apparent Injury,NOT DISTRACTED,NC,Passenger Car,30,2008.0,Ford,EDGE,22,Saturday,11
MCP34140023,250039214,MONTGOMERY,Injury Crash,2025-09-02 09:20:00,County Route,DIXON AVE,Unknown,Single Vehicle,Clear,Dry,Other,No Controls,"Unknown, Unknown",No,Possible Injury,Unknown,DC,Passenger Car,15,2009.0,Toyota,RAV4,9,Tuesday,9