Report Number,Local Case Number,Agency Name,ACRS Report Type,Crash Date/Time,Route Type,Road Name,Cross-Street Name,Collision Type,Weather,Surface Condition,Light,Traffic Control,Driver Substance Abuse,Driver At Fault,Injury Severity,Driver Distracted By,Drivers License State,Vehicle Body Type,Speed Limit,Vehicle Year,Vehicle Make,Vehicle Model,Crash Hour,Crash Day,Crash Month
MCP2702000M,15009321,Montgomery County Police,Property Damage Crash,2015-02-26 21:14:00,US (State),COLESVILLE RD,CHRIST CONGREGATIONAL CHURCH,SAME DIR REAR END,CLEAR,DRY,DARK LIGHTS ON,NO CONTROLS,NONE DETECTED,Yes,No Apparent Injury,NOT DISTRACTED,MI,(Sport) Utility Vehicle,40,2004.0,Ford,ESCAPE XLT,21,Thursday,2
MCP2750005C,210005699,Montgomery County Police,Injury Crash,2021-02-13 11:30:00,Maryland (State),GEORGIA AVE,TRIDELPHIA LAKE RD,STRAIGHT MOVEMENT ANGLE,RAINING,WET,DAYLIGHT,NO CONTROLS,NONE DETECTED,No,Possible Injury,NOT DISTRACTED,NJ,Passenger Car,35,2009.0,Hyundai,ELANTRA,11,Saturday,2
MCP2008003H,17013572,Montgomery County Police,Property Damage Crash,2017-03-16 15:05:00,County,NICHOLSON LA,EXECUTIVE BLVD,ANGLE MEETS LEFT TURN,CLEAR,DRY,DAYLIGHT,NO CONTROLS,NONE DETECTED,Yes,No Apparent Injury,LOOKED BUT DID NOT SEE,MD,Passenger Car,40,2010.0,Toyt,4S,15,Thursday,3
DD56050061,180058277,Rockville Police Departme,Property Damage Crash,2018-11-20 18:00:00,Other Public Roadway,DOWGATE CT,ROAD END,OPPOSITE DIR BOTH LEFT TURN,CLEAR,DRY,DARK LIGHTS ON,OTHER,NONE DETECTED,Unknown,No Apparent Injury,UNKNOWN,MD,Passenger Car,35,2013.0,Hyun,4S,18,Tuesday,11
MCP32110025,210011855,Montgomery County Police,Property Damage Crash,2021-03-30 11:00:00,Maryland (State),ROCKVILLE PIKE,NICHOLSON LA,SAME DIR REAR END,CLEAR,DRY,DAYLIGHT,TRAFFIC SIGNAL,NONE DETECTED,Yes,No Apparent Injury,OTHER DISTRACTION,MD,Motorcycle,40,2014.0,Ducati,MONSER,11,Tuesday,3
MCP2851002X,190002175,Montgomery County Police,Property Damage Crash,2019-01-14 17:43:00,Maryland (State),CLOPPER RD,METZ DR,SAME DIR REAR END,Unknown,DRY,DARK NO LIGHTS,NO CONTROLS,NONE DETECTED,No,No Apparent Injury,NOT DISTRACTED,MD,Passenger Car,45,2010.0,Honda,4S,17,Monday,1
MCP27220040,220012388,Montgomery County Police,Property Damage Crash,2022-03-22 16:25:00,County,BEL PRE RD,CONNECTICUT AVE,SAME DIRECTION SIDESWIPE,CLEAR,DRY,DAYLIGHT,NO CONTROLS,NONE DETECTED,Yes,No Apparent Injury,NOT DISTRACTED,MD,Van,35,2008.0,Toyt,SIENNA,16,Tuesday,3
DM8360000K,15062634,TAKOMA,Property Damage Crash,2015-12-08 09:58:00,Municipality,MAPLE AVE,RITCHIE AVE,SAME DIR REAR END,CLEAR,DRY,DAYLIGHT,STOP SIGN,NONE DETECTED,No,No Apparent Injury,NOT DISTRACTED,MD,(Sport) Utility Vehicle,15,2005.0,Cheverlot,COLB,9,Tuesday,12
MCP1174004C,200012195,Montgomery County Police,Property Damage Crash,2020-03-12 13:28:00,County,AVONDALE ST,WISCONSIN AVE,STRAIGHT MOVEMENT ANGLE,CLEAR,DRY,DAYLIGHT,NO CONTROLS,NONE DETECTED,No,No Apparent Injury,NOT DISTRACTED,MD,Passenger Car,25,2020.0,Toyota,CORROLLA,13,Thursday,3
MCP3048001R,170532830,Montgomery County Police,Injury Crash,2017-09-24 12:41:00,Maryland (State),RIVER RD,BRADLEY BLVD,SAME DIR REAR END,CLEAR,DRY,DAYLIGHT,NO CONTROLS,NONE DETECTED,No,Possible Injury,NOT DISTRACTED,MD,Passenger Car,30,2016.0,Lexus,4DR,12,Sunday,9
MCP271700NZ,190028988,Montgomery County Police,Injury Crash,2019-06-17 18:30:00,Maryland (State),CONNECTICUT AVE,ROSEMARY ST #2,SAME DIRECTION SIDESWIPE,CLEAR,DRY,DAYLIGHT,TRAFFIC SIGNAL,NONE DETECTED,Yes,No Apparent Injury,LOOKED BUT DID NOT SEE,DC,Fire Vehicle/Emergency,25,2008.0,Spartan,FIRE TRUCK,18,Monday,6
MCP30590015,170541301,Montgomery County Police,Property Damage Crash,2017-11-06 16:17:00,Maryland (State),GEORGIA AVE,RANDOLPH RD,SAME DIRECTION SIDESWIPE,CLEAR,DRY,DAYLIGHT,TRAFFIC SIGNAL,NONE DETECTED,No,No Apparent Injury,NOT DISTRACTED,MD,Passenger Car,30,2002.0,Niss,4S,16,Monday,11
MCP2466003B,200004653,Montgomery County Police,Injury Crash,2020-01-28 15:40:00,Maryland (State),NEW HAMPSHIRE AVE,BONIFANT RD,SAME DIR REAR END,CLEAR,DRY,DAYLIGHT,TRAFFIC SIGNAL,NONE DETECTED,Yes,No Apparent Injury,UNKNOWN,MD,"Medium/Heavy Trucks 3 Axles (Over 10,000Lbs (4,536Kg))",45,2020.0,Sme,GRADALL,15,Tuesday,1
MCP3123002N,210032623,Montgomery County Police,Injury Crash,2021-08-21 15:25:00,Maryland (State),DARNESTOWN RD,ENT TO POTOMAC VALLEY SHOPPING CTR,HEAD ON LEFT TURN,CLOUDY,DRY,DAYLIGHT,TRAFFIC SIGNAL,Unknown,No,Possible Injury,NOT DISTRACTED,MD,Passenger Car,30,2013.0,Honda,ACCORD,15,Saturday,8
MCP2588001R,16038572,Montgomery County Police,Property Damage Crash,2016-07-30 13:51:00,Maryland (State),VEIRS MILL RD,TURKEY BRANCH PKWY,SAME DIR REAR END,CLEAR,WET,DAYLIGHT,OTHER,NONE DETECTED,Yes,No Apparent Injury,NOT DISTRACTED,MD,Passenger Car,40,2003.0,Mitsubishi,2S,13,Saturday,7
HA2525000N,25000922,MCPARK,Property Damage Crash,2025-05-20 16:45:00,Maryland (State) Route,UNIVERSITY BLVD E,LANGLEY DR,Angle,Clear,Dry,Daylight,No Controls,"Not Suspect of Alcohol Use, Not Suspect of Drug Use",No,No Apparent Injury,Not Distracted,MD,Passenger Car,35,2018.0,Ford,EXPLORER,16,Tuesday,5
MCP06170035,210047381,Montgomery County Police,Property Damage Crash,2021-11-22 07:30:00,County,EDNOR RD,CLEAR CREEK DR,SINGLE VEHICLE,RAINING,WET,DAYLIGHT,NO CONTROLS,NONE DETECTED,Yes,No Apparent Injury,INATTENTIVE OR LOST IN THOUGHT,MD,Passenger Car,35,2001.0,Honda,ACCORD EX,7,Monday,11
MCP9118000W,170517330,Montgomery County Police,Injury Crash,2017-07-04 23:29:00,County,RANDOLPH RD,GLENALLAN AVE,SAME DIR REAR END,CLEAR,DRY,DARK LIGHTS ON,TRAFFIC SIGNAL,NONE DETECTED,No,Possible Injury,NOT DISTRACTED,MD,"Medium/Heavy Trucks 3 Axles (Over 10,000Lbs (4,536Kg))",30,2006.0,Ford,UHAUL,23,Tuesday,7
MCP2995005C,190051705,Montgomery County Police,Injury Crash,2019-10-27 16:21:00,County,WELLER RD,VALLEYWOOD DR,STRAIGHT MOVEMENT ANGLE,CLEAR,DRY,DAYLIGHT,STOP SIGN,NONE DETECTED,Yes,No Apparent Injury,LOOKED BUT DID NOT SEE,MD,Passenger Car,35,2008.0,Acura,RDX,16,Sunday,10
MCP23530024,15058611,MONTGOMERY,Injury Crash,2015-11-17 07:38:00,Government,CLARA BARTON PKWY,SPUR FR MAC ARTHUR BLVD,SAME DIR REAR END,CLOUDY,DRY,DAYLIGHT,YIELD SIGN,NONE DETECTED,No,No Apparent Injury,NOT DISTRACTED,MD,(Sport) Utility Vehicle,15,2014.0,Volkswagon,TIGUAN,7,Tuesday,11
MCP2968000Z,15065530,MONTGOMERY,Injury Crash,2015-12-22 14:51:00,County,GLEN RD,TRAVILAH RD,HEAD ON,RAINING,WET,DAYLIGHT,NO CONTROLS,NONE DETECTED,No,Suspected Minor Injury,NOT DISTRACTED,MD,Passenger Car,30,2010.0,Hond,4S,14,Tuesday,12
MCP3091000V,180022798,Montgomery County Police,Injury Crash,2018-05-09 12:03:00,County,SEVEN LOCKS RD,GOYA DR,SAME DIR REAR END,CLEAR,DRY,DAYLIGHT,OTHER,Unknown,Yes,Possible Injury,UNKNOWN,MD,Passenger Car,30,2015.0,Chevy,CRUZE,12,Wednesday,5
MCP28230035,170529439,Montgomery County Police,Property Damage Crash,2017-09-08 17:00:00,County,BEL PRE RD,CHESTERFIELD RD,STRAIGHT MOVEMENT ANGLE,CLEAR,DRY,DAYLIGHT,NO CONTROLS,NONE DETECTED,No,No Apparent Injury,NOT DISTRACTED,MD,Passenger Car,40,2016.0,Lexus,TK,17,Friday,9
MCP2559001Z,170523331,Montgomery County Police,Property Damage Crash,2017-08-12 13:55:00,Unknown,Unknown,Unknown,OTHER,CLEAR,Unknown,DAYLIGHT,Unknown,Unknown,Yes,No Apparent Injury,UNKNOWN,XX,Passenger Car,20,2013.0,Honda,ACCORD,13,Saturday,8
MCP29670071,250034000,MONTGOMERY,Property Damage Crash,2025-07-30 16:46:00,County Route,FALLS RD,CHANDLER RD,Angle,Clear,Dry,Daylight,Stop Sign,"Not Suspect of Alcohol Use, Not Suspect of Drug Use",Yes,No Apparent Injury,Unknown,MD,Passenger Car,35,2009.0,Infiniti,G37,16,Wednesday,7
MCP3279003F,240040241,MONTGOMERY,Injury Crash,2024-08-25 18:27:00,County Route,LINDELL ST,KENDALL ST,Angle,Clear,Dry,Daylight,No Controls,"Not Suspect of Alcohol Use, Not Suspect of Drug Use",No,Suspected Minor Injury,Not Distracted,MD,Passenger Car,30,2018.0,Ford,FOCUS,18,Sunday,8
MCP1519001M,17000089,Montgomery County Police,Property Damage Crash,2017-01-01 11:13:00,County,FOUNTAIN HILLS DR,LIBERTY MILL RD,SINGLE VEHICLE,CLEAR,DRY,DAYLIGHT,NO CONTROLS,NONE DETECTED,Yes,No Apparent Injury,NOT DISTRACTED,MD,Passenger Car,20,2006.0,Acura,TSX,11,Sunday,1
MCP1235003Y,220013263,Montgomery County Police,Property Damage Crash,2022-03-28 14:59:00,US (State),COLESVILLE RD,SOUTHWOOD AVE,SAME DIR REAR END,Unknown,DRY,DAYLIGHT,NO CONTROLS,NONE DETECTED,No,No Apparent Injury,NOT DISTRACTED,PA,Passenger Car,40,2021.0,Subaru,OUTBACK,14,Monday,3
MCP21070043,230027689,Montgomery County Police,Property Damage Crash,2023-06-07 14:07:00,Maryland (State),FREDERICK RD,RIDGE RD,STRAIGHT MOVEMENT ANGLE,CLEAR,DRY,DAYLIGHT,TRAFFIC SIGNAL,NONE DETECTED,No,No Apparent Injury,NOT DISTRACTED,MD,Passenger Car,40,2022.0,Tesla,Y,14,Wednesday,6
MCP2425005B,15035733,MONTGOMERY,Injury Crash,2015-07-20 15:54:00,Maryland (State),PINEY BRANCH RD,SLIGO AVE,SAME DIR REAR END,CLEAR,DRY,DAYLIGHT,NO CONTROLS,NONE DETECTED,Yes,No Apparent Injury,UNKNOWN,MD,(Sport) Utility Vehicle,30,2014.0,Toyota,RAV4,15,Monday,7
MCP20460067,16057750,Montgomery County Police,Property Damage Crash,2016-11-09 08:35:00,County,OAKVIEW DR,NEW HAMPSHIRE AVE SER RD,SAME DIR REAR END,CLOUDY,DRY,DAYLIGHT,TRAFFIC SIGNAL,UNKNOWN,Yes,No Apparent Injury,UNKNOWN,Unknown,Passenger Car,30,2004.0,Toyota,SIENNA,8,Wednesday,11
MCP2866005Y,190051170,Montgomery County Police,Property Damage Crash,2019-10-24 17:26:00,Maryland (State),BRADLEY BLVD,HILLMEAD RD,SAME DIR REAR END,Unknown,DRY,DAYLIGHT,NO CONTROLS,NONE DETECTED,No,No Apparent Injury,NOT DISTRACTED,MD,Passenger Car,35,2011.0,Honda,ODYSSEY,17,Thursday,10
MCP25520010,16036226,Montgomery County Police,Property Damage Crash,2016-07-17 16:33:00,County,PARKLAWN DR,RANDOLPH RD,SAME DIR REAR END,CLEAR,DRY,DAYLIGHT,Unknown,UNKNOWN,Yes,No Apparent Injury,UNKNOWN,Unknown,Passenger Car,30,2015.0,Jeep,UNK,16,Sunday,7
EJ786600DB,230073007,Gaithersburg Police Depar,Property Damage Crash,2023-12-21 18:15:00,County,MUDDY BRANCH RD,DIAMONDBACK DR,HEAD ON LEFT TURN,CLOUDY,DRY,DARK LIGHTS ON,TRAFFIC SIGNAL,NONE DETECTED,No,No Apparent Injury,NOT DISTRACTED,MD,Passenger Car,40,2003.0,Hond,CP,18,Thursday,12
MCP1522001K,17053621,Montgomery County Police,Property Damage Crash,2017-09-23 07:56:00,Maryland (State),FREDERICK RD,ST. CLAIR RD,SINGLE VEHICLE,CLEAR,DRY,DAYLIGHT,NO CONTROLS,Unknown,Yes,No Apparent Injury,USING DEVICE OBJECT BROUGHT INTO VEHICLE,MD,Passenger Car,25,2013.0,Hyun,4S,7,Saturday,9
MCP2712001P,17009695,Montgomery County Police,Injury Crash,2017-02-23 05:56:00,County,MUSGROVE RD,OLD COLUMBIA PIKE,ANGLE MEETS LEFT TURN,CLEAR,Unknown,DARK LIGHTS ON,STOP SIGN,NONE DETECTED,No,Possible Injury,NOT DISTRACTED,MD,Passenger Car,35,2011.0,Toyota,PRIUS,5,Thursday,2
MCP31900051,230021284,Montgomery County Police,Injury Crash,2023-05-04 07:50:00,Maryland (State),GEORGIA AVE,SPUR TO/FR THISTLEBRIDGE DR,STRAIGHT MOVEMENT ANGLE,CLEAR,DRY,DAYLIGHT,YIELD SIGN,NONE DETECTED,Yes,No Apparent Injury,LOOKED BUT DID NOT SEE,XX,Passenger Car,45,2008.0,Ford,FOCUS,7,Thursday,5
MCP3253000X,210015220,Montgomery County Police,Injury Crash,2021-04-23 23:37:00,Maryland (State),WOODFIELD RD,EXODUS DR,SINGLE VEHICLE,CLEAR,DRY,DARK NO LIGHTS,Unknown,NONE DETECTED,Yes,Possible Injury,LOOKED BUT DID NOT SEE,MD,Passenger Car,35,2008.0,Toyota,RAV4,23,Friday,4
DD5604002S,190010501,Rockville Police Departme,Injury Crash,2019-03-06 17:48:00,Maryland (State),ROCKVILLE PIKE,CONGRESSIONAL LA,SAME DIRECTION RIGHT TURN,CLEAR,DRY,DUSK,NO CONTROLS,NONE DETECTED,Yes,No Apparent Injury,LOOKED BUT DID NOT SEE,DC,Passenger Car,40,2011.0,Kia,TK,17,Wednesday,3
MCP31090036,190045241,Montgomery County Police,Injury Crash,2019-09-21 09:00:00,US (State),COLESVILLE RD,NOYES DR,SAME DIRECTION SIDESWIPE,CLEAR,DRY,DAYLIGHT,NO CONTROLS,NONE DETECTED,No,Possible Injury,NOT DISTRACTED,MD,Passenger Car,35,2015.0,Toyt,RAV 4,9,Saturday,9
MCP9318000G,15017365,Montgomery County Police,Property Damage Crash,2015-04-14 17:31:00,US (State),COLESVILLE RD,SPRING ST,SAME DIRECTION RIGHT TURN,RAINING,WET,DAYLIGHT,Unknown,NONE DETECTED,No,No Apparent Injury,NOT DISTRACTED,MD,Station Wagon,40,1997.0,Tbu,BUS,17,Tuesday,4
MCP2162003H,190001838,Montgomery County Police,Property Damage Crash,2019-01-11 18:53:00,Maryland (State),OLNEY SANDY SPRING RD,VILLAGE CENTER DR,HEAD ON LEFT TURN,CLEAR,DRY,DARK LIGHTS ON,TRAFFIC SIGNAL,Unknown,Yes,No Apparent Injury,UNKNOWN,MD,Passenger Car,30,2014.0,Honda,CIVIC,18,Friday,1
DD5614004V,200032889,Rockville Police Departme,Property Damage Crash,2020-08-23 01:10:00,County,SHADY GROVE RD,RESEARCH BLVD,ANGLE MEETS LEFT TURN,CLEAR,DRY,DARK LIGHTS ON,TRAFFIC SIGNAL,ALCOHOL CONTRIBUTED,Yes,No Apparent Injury,UNKNOWN,MD,Passenger Car,40,2020.0,Toyota,COROLLA,1,Sunday,8
MCP22980199,250047436,MONTGOMERY,Injury Crash,2025-10-22 08:46:00,County Route,WIGHTMAN RD,GOSHEN RD SNOUFFERS SCHOOL RD,Front to Front,Clear,Wet,Daylight,Traffic Control Signal,"Not Suspect of Alcohol Use, Not Suspect of Drug Use",Yes,Possible Injury,Not Distracted,MD,Sport Utility Vehicle,35,2024.0,Subaru,OUTBACK,8,Wednesday,10
MCP2008009F,220041524,Montgomery County Police,Property Damage Crash,2022-09-23 16:30:00,County,SEVEN LOCKS RD,MATTERHORN CT,SAME DIRECTION SIDESWIPE,CLEAR,DRY,DAYLIGHT,Unknown,UNKNOWN,Yes,No Apparent Injury,LOOKED BUT DID NOT SEE,MD,Pickup Truck,35,2015.0,Ram,4500,16,Friday,9
MCP229800G3,170536100,Montgomery County Police,Property Damage Crash,2017-10-11 18:37:00,Maryland (State),WOODFIELD RD,EXODUS DR,OPPOSITE DIRECTION SIDESWIPE,RAINING,WET,DARK NO LIGHTS,NO CONTROLS,NONE DETECTED,No,No Apparent Injury,NOT DISTRACTED,MD,(Sport) Utility Vehicle,40,2014.0,Hond,CRV,18,Wednesday,10
EJ78580013,170526355,Gaithersburg Police Depar,Property Damage Crash,2017-08-23 00:15:00,Municipality,HIDDEN MARSH ST,KINGFISHER AVE,OTHER,UNKNOWN,UNKNOWN,UNKNOWN,NO CONTROLS,UNKNOWN,Yes,No Apparent Injury,UNKNOWN,MD,Passenger Car,25,2007.0,Nissan,SENTRA,0,Wednesday,8
EJ78330013,15055449,GAITHERSBURG,Property Damage Crash,2015-10-31 18:42:00,Municipality,GOLDEN ASH WAY,INSPIRATION LA,SAME DIRECTION SIDESWIPE,CLEAR,DRY,DARK LIGHTS ON,NO CONTROLS,ALCOHOL PRESENT,Yes,No Apparent Injury,OTHER DISTRACTION,MD,Passenger Car,15,2014.0,Honda,CRV,18,Saturday,10
MCP2046009Q,190009494,Montgomery County Police,Property Damage Crash,2019-02-28 11:20:00,US (State),COLESVILLE RD,TIMBERWOOD AVE,STRAIGHT MOVEMENT ANGLE,CLEAR,DRY,DAYLIGHT,NO CONTROLS,NONE DETECTED,Yes,No Apparent Injury,NOT DISTRACTED,MD,(Sport) Utility Vehicle,40,2008.0,Toyt,RAV4,11,Thursday,2
MCP2664004G,180032012,Montgomery County Police,Property Damage Crash,2018-06-29 07:30:00,County,RANDOLPH RD,TIVOLI LAKE BLVD,SAME DIR REAR END,CLEAR,DRY,DAYLIGHT,TRAFFIC SIGNAL,UNKNOWN,Yes,No Apparent Injury,UNKNOWN,MD,(Sport) Utility Vehicle,40,2014.0,Nissan,SUV,7,Friday,6
MCP3068001Y,180056991,Montgomery County Police,Property Damage Crash,2018-11-13 17:37:00,Maryland (State),RIVER RD,GOLDSBORO RD,SAME DIR REAR END,CLEAR,DRY,DARK LIGHTS ON,Unknown,Unknown,Yes,No Apparent Injury,NOT DISTRACTED,MD,(Sport) Utility Vehicle,45,2005.0,Hyun,SANTA FE,17,Tuesday,11
MCP3129004Q,220030362,Montgomery County Police,Injury Crash,2022-07-15 05:16:00,Maryland (State),GEORGIA AVE,MORNINGWOOD DR,STRAIGHT MOVEMENT ANGLE,CLEAR,DRY,Unknown,NO CONTROLS,NONE DETECTED,No,No Apparent Injury,NOT DISTRACTED,MD,Passenger Car,25,2013.0,Chev,4S,5,Friday,7
MCP27610037,220019464,Montgomery County Police,Property Damage Crash,2022-05-07 17:47:00,Maryland (State),CLOPPER RD,GREAT SENECA HWY,SAME DIRECTION SIDESWIPE,RAINING,WET,DAYLIGHT,NO CONTROLS,Unknown,Yes,No Apparent Injury,INATTENTIVE OR LOST IN THOUGHT,MD,(Sport) Utility Vehicle,30,2017.0,Merz,4D,17,Saturday,5
MCP3233005K,250009177,MONTGOMERY,Property Damage Crash,2025-03-02 12:23:00,County Route,GRACE CHURCH RD,16TH ST (SB/L),Front to Front,Clear,Dry,Daylight,Stop Sign,"Not Suspect of Alcohol Use, Not Suspect of Drug Use",Yes,No Apparent Injury,Not Distracted,DC,Passenger Car,35,2014.0,Hyundai,SONATA,12,Sunday,3
MCP28500020,220006876,Montgomery County Police,Property Damage Crash,2022-02-16 10:15:00,County,GOSHEN RD,CENTERWAY RD,HEAD ON LEFT TURN,CLEAR,DRY,DARK LIGHTS ON,TRAFFIC SIGNAL,Unknown,No,No Apparent Injury,NOT DISTRACTED,VA,Passenger Car,35,2014.0,Bmw,X3,10,Wednesday,2
MCP33820016,240023494,MONTGOMERY,Property Damage Crash,2024-05-18 13:37:00,Other Public Roadway,PARKER FARM WAY (SB/L),BEL PRE RD,Angle,Cloudy,Wet,Daylight,Traffic Control Signal,"Not Suspect of Alcohol Use, Not Suspect of Drug Use",No,No Apparent Injury,Not Distracted,NJ,Passenger Car,35,2023.0,Toyota,CAMRY,13,Saturday,5
MCP2511000D,15000847,Montgomery County Police,Injury Crash,2015-01-06 07:46:00,County,MONTGOMERY VILLAGE AVE,MEADOWCROFT LA,SAME DIRECTION LEFT TURN,SNOW,SNOW,DAYLIGHT,NO CONTROLS,NONE DETECTED,No,Suspected Minor Injury,NOT DISTRACTED,MD,Passenger Car,35,2008.0,Hyundai,ELANTRA,7,Tuesday,1
MCP3002000P,16024239,Montgomery County Police,Property Damage Crash,2016-05-16 07:59:00,Maryland (State),EAST WEST HWY,DONNYBROOK DR,SAME DIR REAR END,CLEAR,DRY,DAYLIGHT,NO CONTROLS,NONE DETECTED,No,No Apparent Injury,NOT DISTRACTED,MD,Passenger Car,35,2005.0,Toyt,PRIUS,7,Monday,5
MCP3180001N,200047581,Montgomery County Police,Injury Crash,2020-12-02 21:59:00,Maryland (State),FREDERICK RD,WATKINS MILL RD,SAME DIR REAR END,CLEAR,DRY,DARK LIGHTS ON,TRAFFIC SIGNAL,NONE DETECTED,No,No Apparent Injury,NOT DISTRACTED,MD,Passenger Car,40,2018.0,Chevy,4S,21,Wednesday,12
MCP2964000S,15042863,MONTGOMERY,Property Damage Crash,2015-08-26 17:31:00,Maryland (State),RIDGE RD,BROWN CHURCH RD,SAME DIR REAR END,CLEAR,DRY,DAYLIGHT,NO CONTROLS,NONE DETECTED,No,No Apparent Injury,NOT DISTRACTED,MD,Passenger Car,50,2014.0,Honda,CIVIC,17,Wednesday,8
MCP272600CQ,250014503,MONTGOMERY,Property Damage Crash,2025-04-03 13:11:00,County Route,AVERY RD,Unknown,Front to Front,Clear,Wet,Daylight,No Controls,"Not Suspect of Alcohol Use, Not Suspect of Drug Use",Yes,No Apparent Injury,Not Distracted,MD,Passenger Car,25,2014.0,Kia,CADENZA,13,Thursday,4
MCP3196003B,220027015,Montgomery County Police,Injury Crash,2022-06-23 00:54:00,Maryland (State),FREDERICK RD,RIDGE RD,STRAIGHT MOVEMENT ANGLE,UNKNOWN,WET,DARK LIGHTS ON,TRAFFIC SIGNAL,NONE DETECTED,Yes,No Apparent Injury,NOT DISTRACTED,MD,Passenger Car,40,2022.0,Toyota,COROLLA,0,Thursday,6
MCP2683006K,230000798,Montgomery County Police,Property Damage Crash,2023-01-05 19:12:00,Maryland (State),MONTGOMERY VILLAGE AVE,CHRISTOPHER AVE,OTHER,RAINING,WET,DARK LIGHTS ON,TRAFFIC SIGNAL,NONE DETECTED,No,No Apparent Injury,NOT DISTRACTED,MD,Passenger Car,35,2022.0,Toyt,HIGHLANDER,19,Thursday,1
EJ78360003,16028076,Gaithersburg Police Depar,Property Damage Crash,2016-06-04 23:30:00,Unknown,Unknown,Unknown,OTHER,CLOUDY,Unknown,DARK -- UNKNOWN LIGHTING,Unknown,UNKNOWN,Yes,No Apparent Injury,UNKNOWN,MD,"Other Light Trucks (10,000Lbs (4,536Kg) Or Less)",10,2011.0,Hyundai,SONATA,23,Saturday,6
MCP3007001G,17012581,Montgomery County Police,Injury Crash,2017-03-10 08:21:00,Maryland (State),VEIRS MILL RD,CONNECTICUT AVE,SAME DIR REAR END,RAINING,WET,DAYLIGHT,TRAFFIC SIGNAL,NONE DETECTED,Yes,No Apparent Injury,LOOKED BUT DID NOT SEE,MD,Passenger Car,45,2011.0,Jeep,WRANGLER,8,Friday,3
MCP2677001V,230069377,Montgomery County Police,Injury Crash,2023-12-01 18:29:00,Maryland (State),RIDGE RD,FREDERICK RD,SAME DIRECTION LEFT TURN,OTHER,WET,DARK LIGHTS ON,Unknown,ALCOHOL PRESENT,Yes,Possible Injury,UNKNOWN,MD,Passenger Car,45,2015.0,Chevy,4D,18,Friday,12
EJ7846005H,200033179,Gaithersburg Police Depar,Property Damage Crash,2020-08-27 11:00:00,Maryland (State),QUINCE ORCHARD RD,FIRSTFIELD RD,SAME DIRECTION SIDESWIPE,CLEAR,DRY,DAYLIGHT,NO CONTROLS,NONE DETECTED,No,No Apparent Injury,NOT DISTRACTED,MD,Passenger Car,35,2017.0,Honda,4S,11,Thursday,8
MCP209400LF,230005884,Montgomery County Police,Property Damage Crash,2023-02-05 13:29:00,County,LYTTONSVILLE RD,LYTTONSVILLE PL,OTHER,CLEAR,DRY,DAYLIGHT,NO CONTROLS,NONE DETECTED,No,No Apparent Injury,NOT DISTRACTED,MD,(Sport) Utility Vehicle,25,2016.0,Bmw,X5,13,Sunday,2
MCP26780065,250050201,MONTGOMERY,Injury Crash,2025-11-08 10:07:00,Maryland (State) Route,VEIRS MILL RD (WB/L),CONNECTICUT AVE (SB/L),Angle,Clear,Dry,Daylight,Traffic Control Signal,"Not Suspect of Alcohol Use, Not Suspect of Drug Use",Yes,No Apparent Injury,Not Distracted,MD,Passenger Car,40,2007.0,Nissan,SENTRA,10,Saturday,11
MCP9439000M,190022446,Montgomery County Police,Property Damage Crash,2019-05-12 23:00:00,Maryland (State),WHITES FERRY RD,PARTNERSHIP RD,SINGLE VEHICLE,OTHER,WET,DARK NO LIGHTS,Unknown,Unknown,Yes,No Apparent Injury,INATTENTIVE OR LOST IN THOUGHT,DE,Passenger Car,40,2007.0,Niss,ALT,23,Sunday,5
MCP33720043,250043812,MONTGOMERY,Property Damage Crash,2025-09-29 15:44:00,Maryland (State) Route,GEORGIA AVE (SB/L),Unknown,Front to Rear,Clear,Dry,Daylight,No Controls,"Not Suspect of Alcohol Use, Not Suspect of Drug Use",No,No Apparent Injury,Unknown,MD,Passenger Car,35,2020.0,Dodge,CHALLENGER,15,Monday,9
MCP3220005M,250052749,MONTGOMERY,Property Damage Crash,2025-11-24 15:53:00,Ramp,RAMP 6 FR WATKINS MILL RD TO IS 270 SB,W WATKINS MILL RD,Angle,Clear,Dry,Daylight,Traffic Control Signal,"Not Suspect of Alcohol Use, Not Suspect of Drug Use",Yes,No Apparent Injury,Unknown,MD,Passenger Car,35,2013.0,Acura,RDX,15,Monday,11
MCP32700023,230018051,Montgomery County Police,Property Damage Crash,2023-04-15 21:35:00,Maryland (State),NEW HAMPSHIRE AVE,NORTHWEST DR,SAME DIR REAR END,CLEAR,DRY,DARK LIGHTS ON,TRAFFIC SIGNAL,NONE DETECTED,No,No Apparent Injury,NOT DISTRACTED,MD,Passenger Car,40,2018.0,Honda,ACCORD,21,Saturday,4
DM8476001P,210002885,Takoma Park Police Depart,Property Damage Crash,2021-01-23 12:42:00,Maryland (State),UNIVERSITY BLVD E,MERRIMAC DR,STRAIGHT MOVEMENT ANGLE,CLEAR,DRY,DAYLIGHT,NO CONTROLS,Unknown,No,No Apparent Injury,NOT DISTRACTED,MD,Passenger Car,30,2014.0,Nissan,ALTIMA,12,Saturday,1
MCP3126004M,230031135,Montgomery County Police,Injury Crash,2023-06-29 19:00:00,Maryland (State),FREDERICK RD,OXBRIDGE DR,SAME DIR REAR END,CLEAR,DRY,DAYLIGHT,NO CONTROLS,NONE DETECTED,No,Possible Injury,NOT DISTRACTED,MD,Passenger Car,40,2011.0,Toyota,SIENNA,19,Thursday,6