Report Number,Local Case Number,Agency Name,ACRS Report Type,Crash Date/Time,Route Type,Road Name,Cross-Street Name,Collision Type,Weather,Surface Condition,Light,Traffic Control,Driver Substance Abuse,Driver At Fault,Injury Severity,Driver Distracted By,Drivers License State,Vehicle Body Type,Speed Limit,Vehicle Year,Vehicle Make,Vehicle Model,Crash Hour,Crash Day,Crash Month
MCP209400P6,250011198,MONTGOMERY,Injury Crash,2025-03-14 12:00:00,County Route,LINCOLN ST,OLD GEORGETOWN RD (SB/L),Front to Rear,Cloudy,Dry,Daylight,Traffic Control Signal,"Not Suspect of Alcohol Use, Not Suspect of Drug Use",Yes,No Apparent Injury,Not Distracted,MD,Van - Passenger (&Lt;9 Seats),35,2012.0,Chevrolet,EXPRESS,12,Friday,3
MCP3158001G,190026201,Montgomery County Police,Property Damage Crash,2019-06-01 21:03:00,County,EMORY GROVE RD,STRAWBERRY KNOLL RD,SAME DIR REAR END,CLEAR,DRY,DARK LIGHTS ON,NO CONTROLS,UNKNOWN,Yes,No Apparent Injury,UNKNOWN,Unknown,Passenger Car,35,2004.0,Honda,4D,21,Saturday,6
MCP3181000S,190033864,Montgomery County Police,Injury Crash,2019-07-17 07:05:00,Maryland (State),VEIRS MILL RD,DALEWOOD DR,SAME DIR REAR END,CLEAR,DRY,DAYLIGHT,STOP SIGN,Unknown,Yes,No Apparent Injury,NOT DISTRACTED,MD,Passenger Car,35,2019.0,Toyt,RAV4,7,Wednesday,7
MCP3077000D,170529920,Montgomery County Police,Property Damage Crash,2017-09-11 04:35:00,Maryland (State),CLOPPER RD,KINGSVIEW RD,SAME DIRECTION LEFT TURN,CLEAR,Unknown,DUSK,UNKNOWN,Unknown,Yes,No Apparent Injury,NOT DISTRACTED,MD,Passenger Car,35,2013.0,Hyundai,ELANTRA/4S,4,Monday,9
MCP3307001J,220023602,Montgomery County Police,Property Damage Crash,2022-06-02 12:44:00,Maryland (State),GEORGIA AVE,EMORY CHURCH RD,SAME DIR REAR END,CLEAR,DRY,DAYLIGHT,TRAFFIC SIGNAL,NONE DETECTED,No,No Apparent Injury,NOT DISTRACTED,MD,Passenger Car,40,2019.0,Kia,SEDONA,12,Thursday,6
HA2449000L,19002876,Maryland-National Capital,Injury Crash,2019-10-26 09:48:00,County,DENNIS AVE,SLIGO CREEK PKWY,SINGLE VEHICLE,CLEAR,DRY,DAYLIGHT,WARNING SIGN,Unknown,Yes,No Apparent Injury,DISTRACTED BY OUTSIDE PERSON OBJECT OR EVENT,MD,Passenger Car,25,2009.0,Buick,LUCERNE,9,Saturday,10
MCP3238002G,230031724,Montgomery County Police,Property Damage Crash,2023-07-03 14:37:00,County,FRANKLIN AVE,ELLSWORTH DR,STRAIGHT MOVEMENT ANGLE,Unknown,DRY,DAYLIGHT,NO CONTROLS,NONE DETECTED,Yes,No Apparent Injury,UNKNOWN,MD,Passenger Car,30,2018.0,Jeep,TK,14,Monday,7
MCP2720001H,15045581,MONTGOMERY,Property Damage Crash,2015-09-09 16:33:00,Unknown,Unknown,Unknown,OPPOSITE DIRECTION SIDESWIPE,CLEAR,Unknown,DAYLIGHT,NO CONTROLS,Unknown,Yes,No Apparent Injury,LOOKED BUT DID NOT SEE,MD,School Bus,5,2007.0,Thomas,BUS,16,Wednesday,9
MCP3312001F,220025870,Montgomery County Police,Injury Crash,2022-06-16 08:40:00,County,RANDOLPH RD,LOCKSLEY LA,SAME DIR REAR END,CLEAR,DRY,DAYLIGHT,Unknown,NONE DETECTED,No,No Apparent Injury,NOT DISTRACTED,MD,Passenger Car,45,2021.0,Chev,UT,8,Thursday,6
DD5614002G,170503378,Rockville Police Departme,Property Damage Crash,2017-04-21 15:57:00,Municipality,PLEASANT DR,KING FARM BLVD,STRAIGHT MOVEMENT ANGLE,Unknown,DRY,DAYLIGHT,STOP SIGN,NONE DETECTED,Yes,No Apparent Injury,LOOKED BUT DID NOT SEE,MD,Passenger Car,25,2005.0,Nissan,ALTIMA,15,Friday,4
MCP28940037,17001143,Montgomery County Police,Injury Crash,2017-01-07 11:49:00,Maryland (State),RIVER RD,SPRINGFIELD DR,STRAIGHT MOVEMENT ANGLE,SNOW,SNOW,DAYLIGHT,TRAFFIC SIGNAL,NONE DETECTED,No,Suspected Minor Injury,NOT DISTRACTED,MD,Passenger Car,40,2011.0,Bmw,4S,11,Saturday,1
MCP2786003F,210029786,Montgomery County Police,Property Damage Crash,2021-08-01 03:53:00,Interstate (State),CAPITAL BELTWAY,CONNECTICUT AVE,SINGLE VEHICLE,CLEAR,WET,DARK LIGHTS ON,Unknown,ALCOHOL PRESENT,Yes,No Apparent Injury,UNKNOWN,MD,Pickup Truck,55,2014.0,Chev,SILVERADO,3,Sunday,8
DD5529000Q,15022300,Rockville Police Departme,Injury Crash,2015-05-10 14:29:00,Municipality,TWINBROOK PKWY,ROCKVILLE PIKE,STRAIGHT MOVEMENT ANGLE,CLEAR,DRY,DAYLIGHT,TRAFFIC SIGNAL,NONE DETECTED,Yes,Suspected Minor Injury,NOT DISTRACTED,MD,(Sport) Utility Vehicle,40,2006.0,Honda,SUV,14,Sunday,5
MCP24560076,230010957,Montgomery County Police,Property Damage Crash,2023-03-06 09:00:00,Maryland (State),NEW HAMPSHIRE AVE,OAKVIEW DR,SAME DIR REAR END,CLEAR,DRY,DAYLIGHT,TRAFFIC SIGNAL,NONE DETECTED,No,No Apparent Injury,NOT DISTRACTED,MD,Passenger Car,35,2015.0,Nissan,SENTRA,9,Monday,3
MCP12050069,200021612,Montgomery County Police,Property Damage Crash,2020-06-01 10:00:00,Maryland (State),CONNECTICUT AVE,CHEVY CHASE LAKE DR,STRAIGHT MOVEMENT ANGLE,CLEAR,DRY,DAYLIGHT,TRAFFIC SIGNAL,NONE DETECTED,No,No Apparent Injury,NOT DISTRACTED,MD,Van,35,2012.0,Ford,VAN,10,Monday,6
DD56150083,190056256,Rockville Police Departme,Injury Crash,2019-11-21 13:45:00,Municipality,RITCHIE PKWY,E JEFFERSON ST,OTHER,CLEAR,DRY,DAYLIGHT,STOP SIGN,NONE DETECTED,Yes,No Apparent Injury,LOOKED BUT DID NOT SEE,MD,Passenger Car,25,2018.0,Toyota,HIGHLANDER,13,Thursday,11
MCP22980080,16013405,MONTGOMERY,Property Damage Crash,2016-03-18 16:32:00,Maryland (State),WOODFIELD RD,BISCAYNE LA,SAME DIR REAR END,CLEAR,DRY,DAYLIGHT,TRAFFIC SIGNAL,NONE DETECTED,No,No Apparent Injury,NOT DISTRACTED,MD,Passenger Car,40,2015.0,Hyun,SONTA,16,Friday,3
MCP3034003P,190039446,Montgomery County Police,Injury Crash,2019-08-18 13:21:00,County,RIVER RD SERV DR,ROYAL DOMINION DR (BACK),SAME DIRECTION LEFT TURN,CLEAR,DRY,DAYLIGHT,TRAFFIC SIGNAL,NONE DETECTED,Yes,Possible Injury,OTHER CELLULAR PHONE RELATED,MD,Passenger Car,35,2007.0,Toyt,COROLLA,13,Sunday,8
MCP137800DY,16059044,Montgomery County Police,Property Damage Crash,2016-11-16 15:20:00,Maryland (State),MUNCASTER MILL RD,MUNCASTER RD,SAME DIR REAR END,CLOUDY,DRY,DAYLIGHT,TRAFFIC SIGNAL,NONE DETECTED,Yes,No Apparent Injury,NOT DISTRACTED,MD,Van,35,2006.0,Hond,ODYSSEY,15,Wednesday,11
MCP25260026,210045605,Montgomery County Police,Property Damage Crash,2021-11-10 17:26:00,Maryland (State),DICKERSON RD,DICKERSON CHURCH RD,SINGLE VEHICLE,CLEAR,DRY,DARK NO LIGHTS,NO CONTROLS,Unknown,No,No Apparent Injury,NOT DISTRACTED,MD,Police Vehicle/Emergency,30,2016.0,Ford,INTERCEPTER,17,Wednesday,11
MCP31290095,240019934,MONTGOMERY,Injury Crash,2024-04-29 12:07:00,County Route,Unknown,Unknown,Angle,Clear,Dry,Daylight,No Controls,"Not Suspect of Alcohol Use, Not Suspect of Drug Use",No,No Apparent Injury,Not Distracted,MD,Sport Utility Vehicle,30,2018.0,Toyota,HIGHLANDER,12,Monday,4
MCP203900DG,250056265,MONTGOMERY,Property Damage Crash,2025-12-16 17:30:00,Maryland (State) Route,GEORGIA AVE,Unknown,"Sideswipe, Same Direction",Clear,Dry,Dark - Lighted,Traffic Control Signal,"Not Suspect of Alcohol Use, Not Suspect of Drug Use",No,No Apparent Injury,Not Distracted,MD,Sport Utility Vehicle,35,2023.0,Volkswagen,ID.4,17,Tuesday,12
MCP287100D5,250048307,MONTGOMERY,Property Damage Crash,2025-10-27 19:22:00,Maryland (State) Route,EAST WEST HWY,Unknown,Front to Rear,Clear,Dry,Dark - Lighted,No Controls,"Not Suspect of Alcohol Use, Not Suspect of Drug Use",Yes,No Apparent Injury,Unknown,MD,Sport Utility Vehicle,35,2013.0,Toyota,RAV4,19,Monday,10
MCP24200021,17008892,Montgomery County Police,Injury Crash,2017-02-18 17:58:00,Maryland (State),NORBECK RD,MUNCASTER MILL RD,SAME DIR REAR END,CLEAR,DRY,DARK LIGHTS ON,NO CONTROLS,ALCOHOL PRESENT,Yes,No Apparent Injury,NOT DISTRACTED,MD,Passenger Car,40,2016.0,Jeep,TK,17,Saturday,2
MCP3328000T,220023293,Montgomery County Police,Injury Crash,2022-05-31 16:25:00,Maryland (State),UNIVERSITY BLVD W,MARKWOOD DR,SAME DIRECTION SIDESWIPE,CLEAR,DRY,DAYLIGHT,NO CONTROLS,NONE DETECTED,Yes,Suspected Serious Injury,UNKNOWN,MD,Passenger Car,35,2010.0,Cadillac,ESCALADE,16,Tuesday,5
MCP1233001B,16064202,Montgomery County Police,Property Damage Crash,2016-12-14 16:20:00,Maryland (State),KNOWLES AVE,SUMMIT AVE,SAME DIR REAR END,CLOUDY,DRY,DAYLIGHT,NO CONTROLS,NONE DETECTED,No,No Apparent Injury,NOT DISTRACTED,MD,Passenger Car,30,2012.0,Acura,TL,16,Wednesday,12
MCP2908001J,16012445,MONTGOMERY,Injury Crash,2016-03-13 13:03:00,County,RUATAN ST,QUEBEC ST,STRAIGHT MOVEMENT ANGLE,Unknown,DRY,DAYLIGHT,STOP SIGN,ALCOHOL PRESENT,Yes,No Apparent Injury,INATTENTIVE OR LOST IN THOUGHT,MD,Passenger Car,25,2002.0,Hyun,TK,13,Sunday,3
MCP3059006J,210029575,Montgomery County Police,Property Damage Crash,2021-07-30 14:53:00,County,FATHER HURLEY BLVD,EISENHOWER MEMORIAL HWY,SAME DIR REAR END,CLEAR,DRY,DAYLIGHT,TRAFFIC SIGNAL,NONE DETECTED,Yes,No Apparent Injury,UNKNOWN,MD,Passenger Car,40,2014.0,Nissan,MAXIMA,14,Friday,7
MCP2799001M,16026429,Montgomery County Police,Injury Crash,2016-05-27 16:05:00,Maryland (State),GEORGIA AVE,QUEEN MARY DR,SAME DIR REAR END,CLEAR,DRY,DAYLIGHT,NO CONTROLS,NONE DETECTED,No,Suspected Minor Injury,NOT DISTRACTED,MD,School Bus,35,2011.0,Thomas,SCHOOL BUS,16,Friday,5
MCP3173002N,220034784,Montgomery County Police,Property Damage Crash,2022-08-12 20:54:00,Municipality,RUSSELL AVE,E DIAMOND AVE,OPPOSITE DIRECTION SIDESWIPE,Unknown,DRY,DARK LIGHTS ON,NO CONTROLS,NONE DETECTED,No,No Apparent Injury,NOT DISTRACTED,MD,Passenger Car,15,2021.0,Toyt,CMARY,20,Friday,8
MCP15950021,220028737,Montgomery County Police,Injury Crash,2022-07-04 23:14:00,Maryland (State),UNIVERSITY BLVD W,AMHERST AVE,STRAIGHT MOVEMENT ANGLE,CLEAR,DRY,DARK LIGHTS ON,TRAFFIC SIGNAL,NONE DETECTED,No,Possible Injury,UNKNOWN,MD,Van,40,2012.0,Toyota,SIENNA,23,Monday,7
MCP2313000J,170545878,Montgomery County Police,Property Damage Crash,2017-11-30 21:02:00,County,NEEDWOOD RD,BEACH DR,SINGLE VEHICLE,RAINING,WET,DARK NO LIGHTS,NO CONTROLS,UNKNOWN,Yes,No Apparent Injury,UNKNOWN,Unknown,Passenger Car,30,2002.0,Chevy,TAHOE,21,Thursday,11
DD5606001P,15006912,Rockville Police Departme,Injury Crash,2015-02-11 10:39:00,Maryland (State),W JEFFERSON ST,S WASHINGTON ST,SAME DIRECTION LEFT TURN,Unknown,Unknown,DAYLIGHT,TRAFFIC SIGNAL,NONE DETECTED,Yes,No Apparent Injury,NOT DISTRACTED,DC,Passenger Car,30,2012.0,Dodge,4S,10,Wednesday,2
MCP27630052,250014447,MONTGOMERY,Property Damage Crash,2025-04-03 06:40:00,County Route,Unknown,Unknown,Angle,Rain,Wet,Dark - Not Lighted,No Controls,"Not Suspect of Alcohol Use, Not Suspect of Drug Use",No,No Apparent Injury,Not Distracted,MD,Passenger Car,35,2009.0,Nissan,ROGUE,6,Thursday,4
MCP1260000H,200051427,Montgomery County Police,Property Damage Crash,2020-12-31 01:10:00,County,SNOWDEN FARM PKWY (PROP),RIDGE RD,SINGLE VEHICLE,CLEAR,DRY,DARK LIGHTS ON,NO CONTROLS,NONE DETECTED,Yes,No Apparent Injury,NOT DISTRACTED,WI,Passenger Car,40,2010.0,Toyota,CAMRY,1,Thursday,12
MCP2789000S,15015739,Montgomery County Police,Property Damage Crash,2015-04-05 18:43:00,US (State),COLESVILLE RD,SPRING ST,SAME DIRECTION SIDESWIPE,CLEAR,Unknown,DAYLIGHT,TRAFFIC SIGNAL,Unknown,No,No Apparent Injury,NOT DISTRACTED,MD,Other Bus,35,2013.0,New Flyer,TBU,18,Sunday,4
MCP3235000K,200012431,Montgomery County Police,Property Damage Crash,2020-03-13 15:56:00,County,LORAIN AVE,COLESVILLE RD,STRAIGHT MOVEMENT ANGLE,CLEAR,DRY,DAYLIGHT,NO CONTROLS,NONE DETECTED,Yes,No Apparent Injury,LOOKED BUT DID NOT SEE,MD,Passenger Car,45,1991.0,Ford,ECONOLINE,15,Friday,3
MCP24440012,15024036,Montgomery County Police,Property Damage Crash,2015-05-19 17:14:00,Maryland (State),CONNECTICUT AVE,HOWARD AVE,SAME DIR REAR END,CLEAR,DRY,DAYLIGHT,NO CONTROLS,NONE DETECTED,Yes,No Apparent Injury,UNKNOWN,MD,Passenger Car,35,2001.0,Nissan,MAXIMA,17,Tuesday,5
MCP2358006T,190051531,Montgomery County Police,Property Damage Crash,2019-10-25 17:00:00,Unknown,Unknown,Unknown,OTHER,CLEAR,Unknown,DAYLIGHT,NO CONTROLS,UNKNOWN,Yes,No Apparent Injury,UNKNOWN,Unknown,Passenger Car,15,2014.0,Mercedes Benz,ML350,17,Friday,10
MCP2339001G,16017396,Montgomery County Police,Property Damage Crash,2016-04-09 18:05:00,Maryland (State),OLNEY SANDY SPRING RD,VILLAGE CENTER DR,HEAD ON,CLEAR,DRY,DAYLIGHT,NO CONTROLS,NONE DETECTED,No,No Apparent Injury,NOT DISTRACTED,MD,Passenger Car,10,2016.0,Kia,SOUL,18,Saturday,4
MCP20390025,16063584,Montgomery County Police,Injury Crash,2016-12-11 12:47:00,Unknown,Unknown,Unknown,STRAIGHT MOVEMENT ANGLE,CLOUDY,Unknown,DAYLIGHT,NO CONTROLS,Unknown,Yes,No Apparent Injury,LOOKED BUT DID NOT SEE,DC,Passenger Car,5,2006.0,Ford,EXPEDITION,12,Sunday,12
EJ7862000T,1753526,Gaithersburg Police Depar,Property Damage Crash,2017-10-07 00:23:00,Municipality,S SUMMIT AVE,S FREDERICK RD,OTHER,CLEAR,DRY,DARK LIGHTS ON,FLASHING TRAFFIC SIGNAL,ALCOHOL PRESENT,Yes,No Apparent Injury,OTHER DISTRACTION,MD,Passenger Car,25,2005.0,Ford,TARUS,0,Saturday,10
EJ7876001C,190052477,Gaithersburg Police Depar,Injury Crash,2019-10-31 17:10:00,Municipality,WASHINGTONIAN BLVD,BOARDWALK PL,SAME DIR REAR END,CLOUDY,WET,DAYLIGHT,NO CONTROLS,NONE DETECTED,No,Possible Injury,NOT DISTRACTED,MD,Passenger Car,30,2019.0,Volk,JETTA,17,Thursday,10
MCP137800T9,190052449,Montgomery County Police,Injury Crash,2019-10-31 16:05:00,County,CONTOUR RD,LOST KNIFE RD,SAME DIR REAR END,CLOUDY,WET,DAYLIGHT,NO CONTROLS,NONE DETECTED,Yes,No Apparent Injury,NOT DISTRACTED,MD,Passenger Car,25,2006.0,Ford,FUSION,16,Thursday,10
MCP1366006M,170539753,Montgomery County Police,Injury Crash,2017-10-30 09:55:00,Unknown,Unknown,Unknown,SINGLE VEHICLE,CLEAR,Unknown,DAYLIGHT,NO CONTROLS,UNKNOWN,Yes,No Apparent Injury,UNKNOWN,Unknown,"Other Light Trucks (10,000Lbs (4,536Kg) Or Less)",0,2012.0,Chevrolet,TK,9,Monday,10
MCP3347000M,230025781,Montgomery County Police,Injury Crash,2023-05-29 18:26:00,Maryland (State),OLD GEORGETOWN RD,MCKINLEY ST,SAME DIR REAR END,RAINING,WET,DAYLIGHT,TRAFFIC SIGNAL,NONE DETECTED,Yes,Possible Injury,INATTENTIVE OR LOST IN THOUGHT,MD,Passenger Car,35,2020.0,Chevy,SONIC,18,Monday,5
MCP21910033,190056408,Montgomery County Police,Property Damage Crash,2019-11-22 08:25:00,County,EDSON LA,SNOWSHOE LA,STRAIGHT MOVEMENT ANGLE,CLOUDY,DRY,DAYLIGHT,STOP SIGN,NONE DETECTED,No,No Apparent Injury,NOT DISTRACTED,MD,Passenger Car,35,2016.0,Ford,TK,8,Friday,11
MCP30270016,170537511,Montgomery County Police,Injury Crash,2017-10-19 06:40:00,US (State),COLUMBIA PIKE,HILLWOOD DR,HEAD ON LEFT TURN,CLEAR,DRY,DAWN,TRAFFIC SIGNAL,Unknown,No,Possible Injury,UNKNOWN,NY,Passenger Car,35,2013.0,Toyota,SIENNA,6,Thursday,10
DD5649003G,230068815,Rockville Police Departme,Property Damage Crash,2023-11-28 20:34:00,Maryland (State),FREDERICK RD,KING FARM BLVD,OTHER,CLEAR,DRY,DARK LIGHTS ON,TRAFFIC SIGNAL,NONE DETECTED,Yes,No Apparent Injury,NOT DISTRACTED,MD,Passenger Car,35,2023.0,Volkswagon,JETTA,20,Tuesday,11
MCP2714000X,190001095,Montgomery County Police,Property Damage Crash,2019-01-07 16:04:00,County,PARKLAND DR,JUPITER ST,SAME DIRECTION SIDESWIPE,CLEAR,DRY,Unknown,NO CONTROLS,ALCOHOL PRESENT,Yes,No Apparent Injury,NOT DISTRACTED,MD,Passenger Car,35,1994.0,Plym,VN,16,Monday,1
MCP15500016,15047810,MONTGOMERY,Injury Crash,2015-04-21 17:57:00,Maryland (State),CONNECTICUT AVE,WASHINGTON ST,SAME DIR REAR END,CLEAR,DRY,DAYLIGHT,FLASHING TRAFFIC SIGNAL,NONE DETECTED,No,Suspected Serious Injury,NOT DISTRACTED,MD,Motorcycle,35,2011.0,Bmw,F800GS,17,Tuesday,4
DD5631000L,180033680,Rockville Police Departme,Injury Crash,2018-07-08 09:46:00,Municipality,KERSEY LA,FALLS RD,Unknown,Unknown,DRY,DAYLIGHT,TRAFFIC SIGNAL,NONE DETECTED,Yes,No Apparent Injury,LOOKED BUT DID NOT SEE,MD,Passenger Car,30,2007.0,Honda,TK,9,Sunday,7
DD5652000J,220011026,Rockville Police Departme,Property Damage Crash,2022-03-14 18:55:00,Maryland (State),ROCKVILLE PIKE,ENT TO BEST BUY,HEAD ON LEFT TURN,CLEAR,DRY,DARK LIGHTS ON,TRAFFIC SIGNAL,NONE DETECTED,Yes,No Apparent Injury,NOT DISTRACTED,MD,Passenger Car,30,2008.0,Audi,A4,18,Monday,3
MCP2896000N,15007595,Montgomery County Police,Property Damage Crash,2015-02-15 09:23:00,Interstate (State),EISENHOWER MEMORIAL HWY,OLD GEORGETOWN RD,SAME DIR REAR END,SEVERE WINDS,ICE,DAYLIGHT,NO CONTROLS,NONE DETECTED,No,No Apparent Injury,NOT DISTRACTED,MD,Ambulance/Emergency,55,2010.0,Freightliner,AMBULANCE,9,Sunday,2
MCP2891006Q,180040396,Montgomery County Police,Property Damage Crash,2018-08-14 13:20:00,Maryland (State),GEORGIA AVE,FOREST GLEN RD,SAME DIRECTION SIDESWIPE,CLEAR,DRY,DAYLIGHT,Unknown,UNKNOWN,Yes,No Apparent Injury,UNKNOWN,Unknown,"Other Light Trucks (10,000Lbs (4,536Kg) Or Less)",35,2014.0,Ram,DS,13,Tuesday,8
DD56420006,190049946,Rockville Police Departme,Property Damage Crash,2019-10-18 08:33:00,Maryland (State),FREDERICK RD,KING FARM BLVD,HEAD ON LEFT TURN,Unknown,DRY,DAYLIGHT,TRAFFIC SIGNAL,NONE DETECTED,No,No Apparent Injury,UNKNOWN,MD,Passenger Car,25,2016.0,Honda,2S,8,Friday,10
MCP2607006D,250058969,MONTGOMERY,Property Damage Crash,2025-03-01 21:45:00,County Route,FIELDS RD,Unknown,Other,Clear,Dry,Dark - Lighted,Flashing Traffic Control Signal,"Unknown, Unknown",No,No Apparent Injury,Not Distracted,MD,Passenger Car,35,2013.0,Toyota,TUNDRA,21,Saturday,3
MCP271700L0,180050899,Montgomery County Police,Injury Crash,2018-10-11 13:10:00,Maryland (State),UNIVERSITY BLVD E,FORSTON DR,SAME DIR REAR END,CLEAR,DRY,DAYLIGHT,NO CONTROLS,NONE DETECTED,No,No Apparent Injury,NOT DISTRACTED,MD,Passenger Car,35,2013.0,Honda,CIVIC,13,Thursday,10
DD5673000W,240058276,ROCKVILLE,Injury Crash,2024-12-05 22:58:00,Unknown,Unknown,Unknown,Unknown,Clear,Unknown,Dark - Lighted,Unknown,"Not Suspect of Alcohol Use, Not Suspect of Drug Use",Yes,Possible Injury,Unknown,MD,Passenger Car,0,2011.0,Hyundai,SANTA FE,22,Thursday,12
MCP27360047,17002620,Montgomery County Police,Property Damage Crash,2017-01-15 16:02:00,Maryland (State),WISCONSIN AVE,CORDELL AVE,SAME DIR REAR END,CLEAR,DRY,DAYLIGHT,TRAFFIC SIGNAL,NONE DETECTED,No,No Apparent Injury,NOT DISTRACTED,MD,Passenger Car,30,2007.0,Toyt,TK,16,Sunday,1
MCP32070017,200040071,Montgomery County Police,Injury Crash,2020-10-11 19:51:00,US (State),COLUMBIA PIKE,FAIRLAND RD,STRAIGHT MOVEMENT ANGLE,RAINING,WET,DARK LIGHTS ON,TRAFFIC SIGNAL,NONE DETECTED,No,Suspected Minor Injury,NOT DISTRACTED,MD,Passenger Car,25,2003.0,Toyt,4S,19,Sunday,10
MCP25860013,15017368,Montgomery County Police,Property Damage Crash,2015-04-14 18:10:00,County,BRIGGS CHANEY RD,ALPENHORN WAY,SAME DIR REAR END,RAINING,WET,DAYLIGHT,NO CONTROLS,NONE DETECTED,No,No Apparent Injury,NOT DISTRACTED,MD,Passenger Car,40,2010.0,Honda,ACCORD,18,Tuesday,4
DD55710001,190053885,Rockville Police Departme,Property Damage Crash,2019-11-08 14:41:00,Municipality,LEWIS AVE,BROADWOOD DR,SAME DIRECTION SIDESWIPE,CLEAR,DRY,DAYLIGHT,NO CONTROLS,NONE DETECTED,Yes,No Apparent Injury,UNKNOWN,MD,Pickup Truck,25,2012.0,Ford,SUPER DUTY TRUCK,14,Friday,11
MCP2859001X,16014700,MONTGOMERY,Injury Crash,2016-03-25 14:29:00,Maryland (State),FREDERICK RD,MONTGOMERY VILLAGE AVE,SAME DIR REAR END,CLEAR,DRY,DAYLIGHT,NO CONTROLS,NONE DETECTED,No,Suspected Minor Injury,NOT DISTRACTED,MD,Passenger Car,30,2012.0,Niss,4D,14,Friday,3
DD5616001B,16046088,Rockville Police Departme,Property Damage Crash,2016-09-24 16:14:00,Maryland (State),ROCKVILLE PIKE,CROSSOVER,SAME DIR REAR END,CLOUDY,DRY,DAYLIGHT,NO CONTROLS,NONE DETECTED,No,No Apparent Injury,NOT DISTRACTED,MD,Passenger Car,40,2002.0,Toyt,TK,16,Saturday,9
MCP2766002T,16051047,Montgomery County Police,Property Damage Crash,2016-10-04 20:08:00,Unknown,Unknown,Unknown,STRAIGHT MOVEMENT ANGLE,CLEAR,Unknown,DARK LIGHTS ON,NO CONTROLS,NONE DETECTED,No,No Apparent Injury,NOT DISTRACTED,MD,Passenger Car,5,2017.0,Toyota,COROLLA,20,Tuesday,10
MCP2298006G,15051948,MONTGOMERY,Property Damage Crash,2015-10-13 14:09:00,Maryland (State),CLOPPER RD,GREAT SENECA HWY,SAME DIR REAR END,CLEAR,DRY,DAYLIGHT,TRAFFIC SIGNAL,NONE DETECTED,Yes,No Apparent Injury,LOOKED BUT DID NOT SEE,MD,Passenger Car,40,2002.0,Honda,ACCORD,14,Tuesday,10
MCP2939001H,17012457,Montgomery County Police,Injury Crash,2017-03-09 16:09:00,Maryland (State),GERMANTOWN RD,CLOPPER RD,SAME DIR REAR END,CLEAR,DRY,DAYLIGHT,NO CONTROLS,NONE DETECTED,No,No Apparent Injury,NOT DISTRACTED,MD,Passenger Car,40,2015.0,Honda,CIVIC,16,Thursday,3
MCP3136006H,230046563,Montgomery County Police,Property Damage Crash,2023-07-28 06:06:00,Unknown,Unknown,Unknown,SAME DIRECTION SIDESWIPE,CLEAR,Unknown,DAYLIGHT,NO CONTROLS,NONE DETECTED,No,No Apparent Injury,NOT DISTRACTED,MD,Passenger Car,5,2017.0,Toyota,HIGHLANDER,6,Friday,7
MCP241100DT,240045307,MONTGOMERY,Injury Crash,2024-09-23 07:25:00,County Route,ROCKING HORSE RD,GAYNOR RD RANDOLPH RD RANDOLPH RD (WB/L),Other,Clear,Dry,Daylight,Traffic Control Signal,"Not Suspect of Alcohol Use, Not Suspect of Drug Use",Yes,No Apparent Injury,Not Distracted,MD,Passenger Car,35,2010.0,Honda,ODYSSEY,7,Monday,9
MCP24750047,190047123,Montgomery County Police,Property Damage Crash,2019-10-01 19:29:00,Maryland (State),NEW HAMPSHIRE AVE,FOX ST,SAME DIR REAR END,Unknown,DRY,DARK LIGHTS ON,NO CONTROLS,NONE DETECTED,Yes,No Apparent Injury,NOT DISTRACTED,DC,Transit Bus,40,2016.0,Tbu,BUS,19,Tuesday,10
MCP3173000Q,190034740,Montgomery County Police,Injury Crash,2019-07-22 02:15:00,Maryland (State),GEORGIA AVE,RAMP 5 FR MD 97 SB TO IS 495 EB,SAME DIR REAR END,Unknown,DRY,DARK LIGHTS ON,TRAFFIC SIGNAL,Unknown,Yes,No Apparent Injury,NO DRIVER PRESENT,Unknown,Passenger Car,35,2010.0,Bmw,535I,2,Monday,7
MCP21920027,180002704,Montgomery County Police,Injury Crash,2018-01-17 14:48:00,County,EDNOR RD,DONORA RD,HEAD ON,CLEAR,ICE,DAYLIGHT,Unknown,NONE DETECTED,Yes,Suspected Minor Injury,UNKNOWN,MD,Passenger Car,35,2002.0,Honda,CIVIC,14,Wednesday,1
MCP3051000T,170537043,Montgomery County Police,Injury Crash,2017-10-16 17:40:00,Maryland (State),WISCONSIN AVE,BRADLEY LA,SAME DIR REAR END,CLEAR,DRY,DARK LIGHTS ON,TRAFFIC SIGNAL,NONE DETECTED,No,Possible Injury,NOT DISTRACTED,MD,Passenger Car,25,2009.0,Hyundai,TUCSON,17,Monday,10
MCP15190028,170521944,Montgomery County Police,Injury Crash,2017-07-30 10:21:00,County,WARING STATION RD,PEACH CREST DR,SAME DIRECTION SIDESWIPE,CLEAR,DRY,DAYLIGHT,NO CONTROLS,UNKNOWN,Yes,Suspected Minor Injury,UNKNOWN,MD,Motorcycle,30,2008.0,Kawasaki,NINJA,10,Sunday,7
MCP26930048,210049136,Montgomery County Police,Injury Crash,2021-12-03 17:51:00,Maryland (State),GEORGIA AVE,HEATHFIELD RD,SAME DIR REAR END,CLEAR,DRY,DARK LIGHTS ON,NO CONTROLS,NONE DETECTED,Yes,No Apparent Injury,UNKNOWN,MD,Passenger Car,45,1994.0,Mazda,TK,17,Friday,12
MCP33510013,230033282,Montgomery County Police,Property Damage Crash,2023-07-12 20:28:00,Maryland (State),COLESVILLE RD,COLESVILLE RD,SAME DIR REAR END,CLEAR,DRY,DUSK,NO CONTROLS,NONE DETECTED,Yes,No Apparent Injury,NOT DISTRACTED,MD,(Sport) Utility Vehicle,25,2014.0,Suba,SW,20,Wednesday,7