Report Number,Local Case Number,Agency Name,ACRS Report Type,Crash Date/Time,Route Type,Road Name,Cross-Street Name,Collision Type,Weather,Surface Condition,Light,Traffic Control,Driver Substance Abuse,Driver At Fault,Injury Severity,Driver Distracted By,Drivers License State,Vehicle Body Type,Speed Limit,Vehicle Year,Vehicle Make,Vehicle Model,Crash Hour,Crash Day,Crash Month
MCP2970002P,170507900,Montgomery County Police,Injury Crash,2017-05-15 15:18:00,Maryland (State),GEORGIA AVE,VEIRS MILL RD,SAME DIR REAR END,CLEAR,DRY,DAYLIGHT,TRAFFIC SIGNAL,Unknown,No,No Apparent Injury,NOT DISTRACTED,MD,(Sport) Utility Vehicle,35,2003.0,Merz,TK,15,Monday,5
MCP22150026,23010440,Montgomery County Police,Property Damage Crash,2023-03-02 19:46:00,Maryland (State),WOODFIELD RD,BETHESDA CHURCH RD,ANGLE MEETS LEFT TURN,CLOUDY,DRY,DARK LIGHTS ON,STOP SIGN,NONE DETECTED,No,No Apparent Injury,NOT DISTRACTED,MD,Passenger Car,30,2017.0,Honda,CRV,19,Thursday,3
MCP29910022,170541793,Montgomery County Police,Property Damage Crash,2017-11-09 08:00:00,County,RIGGS RD,GREGG RD,OTHER,RAINING,WET,DAYLIGHT,NO CONTROLS,NONE DETECTED,No,No Apparent Injury,NOT DISTRACTED,MD,Other,0,2016.0,Ram,TRUCK,8,Thursday,11
MCP30300086,250040151,MONTGOMERY,Injury Crash,2025-09-07 16:01:00,County Route,WOODMONT AVE,WISCONSIN AVE (SB/L),"Sideswipe, Same Direction",Clear,Dry,Daylight,Traffic Control Signal,"Not Suspect of Alcohol Use, Not Suspect of Drug Use",Yes,No Apparent Injury,Unknown,MD,Passenger Car,25,2020.0,Honda,CIVIC,16,Sunday,9
MCP28370048,220010533,Montgomery County Police,Property Damage Crash,2022-03-11 14:06:00,County,SHADY GROVE RD,RAMP 6 FR SHADY GROVE RD EB TO MD200A SB,SAME DIRECTION SIDESWIPE,CLEAR,DRY,DAYLIGHT,YIELD SIGN,NONE DETECTED,No,No Apparent Injury,NOT DISTRACTED,MD,Passenger Car,40,2018.0,Ford,F150,14,Friday,3
MCP3382000T,240016790,MONTGOMERY,Injury Crash,2024-04-11 07:34:00,County Route,BEL PRE RD,PARKER FARM WAY,Angle,Clear,Dry,Daylight,Traffic Control Signal,"Not Suspect of Alcohol Use, Not Suspect of Drug Use",No,Suspected Serious Injury,Not Distracted,MD,Passenger Car,35,2007.0,Honda,ACCORD,7,Thursday,4
MCP29690033,17013557,Montgomery County Police,Injury Crash,2017-03-16 14:48:00,Maryland (State),DAMASCUS RD,HOWARD CHAPEL RD,STRAIGHT MOVEMENT ANGLE,CLEAR,DRY,DAYLIGHT,STOP SIGN,NONE DETECTED,No,No Apparent Injury,NOT DISTRACTED,MD,Passenger Car,45,2009.0,Toyota,COROLLA,14,Thursday,3
MCP271700B0,17012228,Montgomery County Police,Injury Crash,2017-03-08 15:00:00,Maryland (State),RIVER RD,FALLS RD,HEAD ON LEFT TURN,CLEAR,DRY,DAYLIGHT,NO CONTROLS,NONE DETECTED,No,Suspected Minor Injury,NOT DISTRACTED,MD,Passenger Car,35,1998.0,Toyota,CAMRY,15,Wednesday,3
DD5604000W,15006966,Rockville Police Departme,Property Damage Crash,2015-02-11 15:51:00,Maryland (State),HUNGERFORD DR,PARK RD,SAME DIR REAR END,CLEAR,DRY,DAYLIGHT,TRAFFIC SIGNAL,NONE DETECTED,Yes,No Apparent Injury,NOT DISTRACTED,DC,Passenger Car,40,2010.0,Chevrolet,IMPALA,15,Wednesday,2
MCP2875004D,210000458,Montgomery County Police,Property Damage Crash,2020-12-31 10:00:00,County,RED BLAZE DR,KINGS VALLEY RD,UNKNOWN,CLOUDY,WET,DAYLIGHT,NO CONTROLS,UNKNOWN,Yes,No Apparent Injury,UNKNOWN,Unknown,Unknown,25,2020.0,Unk,UNK,10,Thursday,12
MCP1568001Q,230022199,Montgomery County Police,Injury Crash,2023-05-08 15:55:00,Maryland (State),DARNESTOWN RD,NORMAN DR,SAME DIR REAR END,CLEAR,DRY,DAYLIGHT,NO CONTROLS,NONE DETECTED,Yes,No Apparent Injury,UNKNOWN,VA,Passenger Car,40,2010.0,Toyota,CAMRY,15,Monday,5
MCP0036008L,180053001,Montgomery County Police,Injury Crash,2018-10-23 06:20:00,Maryland (State),WOODFIELD RD,BISCAYNE LA,SAME DIR REAR END,CLEAR,DRY,DARK LIGHTS ON,NO CONTROLS,NONE DETECTED,No,Suspected Minor Injury,NOT DISTRACTED,MD,Pickup Truck,40,2010.0,Chevy,TK,6,Tuesday,10
MCP16040013,170517585,Montgomery County Police,Property Damage Crash,2017-07-06 05:00:00,County,SNOUFFERS SCHOOL RD,WOODFIELD RD,SINGLE VEHICLE,RAINING,WET,DARK LIGHTS ON,Unknown,NONE DETECTED,Yes,No Apparent Injury,UNKNOWN,MD,Passenger Car,40,2004.0,Honda,4S,5,Thursday,7
MCP3037002F,190001294,Montgomery County Police,Property Damage Crash,2019-01-08 17:56:00,Maryland (State),FREDERICK RD,MIDDLEBROOK RD,STRAIGHT MOVEMENT ANGLE,CLEAR,WET,DARK LIGHTS ON,TRAFFIC SIGNAL,NONE DETECTED,Yes,No Apparent Injury,UNKNOWN,MD,Passenger Car,40,2008.0,Toyota,CAMRY,17,Tuesday,1
MCP10200038,180015486,Montgomery County Police,Injury Crash,2018-03-30 12:48:00,Maryland (State),RIDGE RD,FREDERICK RD,SAME DIR REAR END,CLEAR,WET,DAYLIGHT,TRAFFIC SIGNAL,NONE DETECTED,Yes,No Apparent Injury,NOT DISTRACTED,VA,(Sport) Utility Vehicle,45,2011.0,Ford,EXPLORER,12,Friday,3
MCP3258003R,240019537,MONTGOMERY,Property Damage Crash,2024-04-26 14:49:00,Private Route,Unknown,NEWPORT MILL RD,Other,Clear,Dry,Daylight,Stop Sign,"Not Suspect of Alcohol Use, Not Suspect of Drug Use",Yes,No Apparent Injury,Not Distracted,MD,Bus - School,25,2016.0,Thomas Built,SCHOOL BUS,14,Friday,4
MCP30740033,190004194,Montgomery County Police,Property Damage Crash,2019-01-26 22:57:00,Interstate (State),CAPITAL BELTWAY,GEORGIA AVE,SAME DIR REAR END,CLEAR,DRY,DARK LIGHTS ON,NO CONTROLS,Unknown,No,No Apparent Injury,NOT DISTRACTED,MD,Passenger Car,55,2001.0,Acura,2 DOOR,22,Saturday,1
MCP2552004Y,220026476,Montgomery County Police,Injury Crash,2022-06-19 19:54:00,Municipality,W GUDE DR,W GUDE DR,SAME DIR REAR END,CLEAR,DRY,DAYLIGHT,Unknown,Unknown,Yes,No Apparent Injury,OTHER CELLULAR PHONE RELATED,MD,Passenger Car,40,2019.0,Nissan,SENTRA,19,Sunday,6
MCP2687000S,15016094,Montgomery County Police,Property Damage Crash,2015-04-07 16:59:00,Maryland (State),OLD GEORGETOWN RD,EXECUTIVE BLVD,HEAD ON LEFT TURN,CLEAR,DRY,DAYLIGHT,TRAFFIC SIGNAL,NONE DETECTED,No,No Apparent Injury,NOT DISTRACTED,MD,Passenger Car,35,2012.0,Volk,DS,16,Tuesday,4
MCP3154001V,200028885,Montgomery County Police,Property Damage Crash,2020-07-25 13:46:00,Maryland (State),CLOPPER RD,KINGSVIEW VILLAGE AVE,STRAIGHT MOVEMENT ANGLE,CLEAR,DRY,DAYLIGHT,TRAFFIC SIGNAL,UNKNOWN,Yes,No Apparent Injury,UNKNOWN,Unknown,Pickup Truck,30,1996.0,Ford,RANGER,13,Saturday,7
MCP9417000V,15045524,MONTGOMERY,Property Damage Crash,2015-09-09 11:35:00,County,BROOKVILLE RD,GARFIELD AVE,STRAIGHT MOVEMENT ANGLE,CLEAR,DRY,DAYLIGHT,NO CONTROLS,NONE DETECTED,No,No Apparent Injury,NOT DISTRACTED,MD,Pickup Truck,30,2004.0,Ford,F-250,11,Wednesday,9
MCP2592000B,15046184,MONTGOMERY,Property Damage Crash,2015-09-12 14:20:00,County,AIRPARK RD,MUNCASTER MILL RD,SINGLE VEHICLE,RAINING,WET,DAYLIGHT,Unknown,Unknown,Yes,No Apparent Injury,NOT DISTRACTED,MD,Pickup Truck,35,2004.0,Toyota,TACOMA,14,Saturday,9
MCP21070010,16065411,Montgomery County Police,Injury Crash,2016-12-21 09:52:00,Maryland (State),CLARKSBURG RD,RIDGEOAK DR,HEAD ON,CLEAR,DRY,DAYLIGHT,NO CONTROLS,NONE DETECTED,Yes,Suspected Serious Injury,UNKNOWN,MD,Passenger Car,40,2003.0,Lincoln,TOWN CAR,9,Wednesday,12
MCP2923001D,15066108,MONTGOMERY,Property Damage Crash,2015-12-25 08:35:00,County,BLUHILL RD,EDWIN ST,HEAD ON,CLOUDY,WET,DAYLIGHT,NO CONTROLS,ALCOHOL CONTRIBUTED,Yes,No Apparent Injury,NOT DISTRACTED,MD,Passenger Car,25,2003.0,Toyota,COROLLA,8,Friday,12
MCP1438003P,16061273,Montgomery County Police,Property Damage Crash,2016-11-29 16:55:00,County,AIRPARK RD,STRATOS LA,SINGLE VEHICLE,RAINING,WET,DUSK,Unknown,NONE DETECTED,Yes,No Apparent Injury,NOT DISTRACTED,MD,Passenger Car,35,2008.0,Niss,4S,16,Tuesday,11
MCP0487001T,170528805,Montgomery County Police,Property Damage Crash,2017-09-05 14:05:00,County,MONTGOMERY VILLAGE AVE,WALKERS CHOICE RD,SAME DIR REAR END,CLEAR,DRY,DAYLIGHT,TRAFFIC SIGNAL,NONE DETECTED,No,No Apparent Injury,NOT DISTRACTED,MD,Passenger Car,35,2014.0,Nissan,ALTIMA,14,Tuesday,9
MCP27980057,220042855,Montgomery County Police,Property Damage Crash,2022-10-01 16:15:00,County,FATHER HURLEY BLVD,RAMP 6 FR FATHER HURLEY BLVD TO IS270 SB,SINGLE VEHICLE,FOGGY,WET,DAYLIGHT,TRAFFIC SIGNAL,NONE DETECTED,Yes,No Apparent Injury,INATTENTIVE OR LOST IN THOUGHT,MD,Passenger Car,35,2006.0,Ford,MUSTANG,16,Saturday,10
MCP94190063,250038452,MONTGOMERY,Injury Crash,2025-08-28 08:53:00,Maryland (State) Route,FREDERICK RD (SB/L),Unknown,Front to Rear,Clear,Dry,Daylight,Traffic Control Signal,"Not Suspect of Alcohol Use, Not Suspect of Drug Use",Yes,No Apparent Injury,Not Distracted,DC,Van - Passenger (&Lt;9 Seats),40,2010.0,Chevrolet,EXPRESS,8,Thursday,8
MCP3174002X,200049782,Montgomery County Police,Property Damage Crash,2020-12-18 15:36:00,County,RAINBOWVIEW PL,DOUBLELAND RD,STRAIGHT MOVEMENT ANGLE,CLEAR,DRY,DAYLIGHT,STOP SIGN,NONE DETECTED,Yes,No Apparent Injury,LOOKED BUT DID NOT SEE,MD,Van,25,2017.0,Toyt,VN,15,Friday,12
MCP2983002H,180015033,Montgomery County Police,Injury Crash,2018-03-27 15:20:00,Maryland (State),GEORGIA AVE,RAMP 6 FR IS 495 EB TO MD 97 SB,SAME DIR REAR END,CLOUDY,DRY,DAYLIGHT,YIELD SIGN,NONE DETECTED,No,Suspected Minor Injury,NOT DISTRACTED,MD,Passenger Car,25,2015.0,Toyota,CAMRY,15,Tuesday,3
MCP2719000Z,16016982,Montgomery County Police,Property Damage Crash,2016-04-07 15:42:00,County,ENNALLS AVE,VEIRS MILL RD,STRAIGHT MOVEMENT ANGLE,CLOUDY,DRY,DAYLIGHT,STOP SIGN,Unknown,No,No Apparent Injury,NOT DISTRACTED,MD,Passenger Car,40,2010.0,Niss,4S,15,Thursday,4
MCP3096003J,220038252,Montgomery County Police,Property Damage Crash,2022-09-03 18:00:00,County,SHADY GROVE RD,OAKMONT AVE,SAME DIR REAR END,CLEAR,DRY,DAYLIGHT,TRAFFIC SIGNAL,NONE DETECTED,No,No Apparent Injury,NOT DISTRACTED,MD,Passenger Car,40,2018.0,Jaguar,F PACE,18,Saturday,9
MCP1099003Z,210042332,Montgomery County Police,Property Damage Crash,2021-10-21 14:31:00,Interstate (State),CAPITAL BELTWAY,IS 270Y (SB/L),SAME DIR REAR END,CLEAR,DRY,DAYLIGHT,NO CONTROLS,UNKNOWN,Yes,No Apparent Injury,LOOKED BUT DID NOT SEE,VA,Passenger Car,55,2014.0,Lincoln,4D,14,Thursday,10
MCP2512003K,180043701,Montgomery County Police,Injury Crash,2018-09-01 19:16:00,Municipality,E DIAMOND AVE,CHESTNUT ST,HEAD ON,CLOUDY,DRY,DAYLIGHT,TRAFFIC SIGNAL,NONE DETECTED,No,Possible Injury,NOT DISTRACTED,MD,Passenger Car,30,2012.0,Toyota,COROLLA,19,Saturday,9
MCP29710058,200002710,Montgomery County Police,Property Damage Crash,2020-01-16 16:18:00,Maryland (State),GREAT SENECA HWY,GREY EAGLE CT,STRAIGHT MOVEMENT ANGLE,CLEAR,DRY,DAYLIGHT,NO CONTROLS,NONE DETECTED,Yes,No Apparent Injury,NOT DISTRACTED,MD,Passenger Car,25,2014.0,Nissan,ALTIMA,16,Thursday,1
MCP3044007J,240040126,MONTGOMERY,Injury Crash,2024-08-24 20:49:00,US (State),COLUMBIA PIKE,Unknown,Front to Rear,Clear,Dry,Dark - Lighted,Traffic Control Signal,"Not Suspect of Alcohol Use, Not Suspect of Drug Use",No,Suspected Minor Injury,Not Distracted,MD,Passenger Car,50,2017.0,Honda,ODYSSEY,20,Saturday,8
MCP29390008,15020185,Montgomery County Police,Injury Crash,2015-04-29 14:30:00,Maryland (State),GREAT SENECA HWY,DAWSON FARM RD,SAME DIR REAR END,CLEAR,DRY,DAYLIGHT,TRAFFIC SIGNAL,NONE DETECTED,No,Suspected Minor Injury,NOT DISTRACTED,MD,Passenger Car,50,2003.0,Mazda,SIX,14,Wednesday,4
MCP9301003D,21007509,Montgomery County Police,Property Damage Crash,2021-05-10 07:00:00,Municipality,BROOKS AVE,N SUMMIT AVE,SAME DIR REAR END,Unknown,DRY,DAYLIGHT,NO CONTROLS,Unknown,No,No Apparent Injury,NOT DISTRACTED,MD,Passenger Car,25,2005.0,Jeep,TK,7,Monday,5
MCP14650028,16044643,Montgomery County Police,Injury Crash,2016-09-01 12:24:00,Municipality,E GUDE DR,TAFT ST,SINGLE VEHICLE,RAINING,WET,DAYLIGHT,TRAFFIC SIGNAL,NONE DETECTED,Yes,No Apparent Injury,LOOKED BUT DID NOT SEE,MD,Passenger Car,40,2011.0,Mazd,3,12,Thursday,9
MCP24560019,16059361,Montgomery County Police,Property Damage Crash,2016-11-18 08:10:00,Maryland (State),UNIVERSITY BLVD W,BRUNETT AVE,SAME DIR REAR END,CLEAR,DRY,DAYLIGHT,NO CONTROLS,NONE DETECTED,Yes,No Apparent Injury,UNKNOWN,DC,Passenger Car,40,2003.0,Toyota,CAMRY,8,Friday,11
MCP3057002C,200011938,Montgomery County Police,Injury Crash,2020-03-11 05:43:00,Unknown,Unknown,Unknown,OTHER,CLEAR,Unknown,DARK LIGHTS ON,Unknown,UNKNOWN,Yes,Suspected Minor Injury,UNKNOWN,MD,Passenger Car,0,2010.0,Bmw,328I,5,Wednesday,3
MCP2916002B,180034611,Montgomery County Police,Property Damage Crash,2018-07-13 08:00:00,US (State),COLUMBIA PIKE,NEW HAMPSHIRE AVE,SAME DIR REAR END,CLEAR,DRY,DAYLIGHT,NO CONTROLS,NONE DETECTED,Yes,No Apparent Injury,LOOKED BUT DID NOT SEE,MD,Passenger Car,45,2014.0,Nissan,SENTRA,8,Friday,7
MCP2363000R,16025119,Montgomery County Police,Injury Crash,2016-05-20 16:09:00,Interstate (State),EISENHOWER MEMORIAL HWY,MILE MARKER 13.0,SAME DIR REAR END,CLEAR,DRY,DAYLIGHT,Unknown,NONE DETECTED,Yes,Suspected Minor Injury,OTHER DISTRACTION,MD,Passenger Car,55,2016.0,Huyn,ELANTRA,16,Friday,5
MCP3206002K,250033722,MONTGOMERY,Injury Crash,2025-07-29 10:30:00,County Route,MIDCOUNTY HWY,WASHINGTON GROVE LA (SB/L),Front to Front,Clear,Dry,Daylight,Traffic Control Signal,"Not Suspect of Alcohol Use, Not Suspect of Drug Use",Yes,No Apparent Injury,Unknown,MD,Passenger Car,35,2020.0,Toyota,COROLLA,10,Tuesday,7
MCP2877004T,180003041,Montgomery County Police,Property Damage Crash,2018-01-19 05:40:00,US (State),COLESVILLE RD,DALE DR,SAME DIRECTION SIDESWIPE,CLEAR,DRY,DARK -- UNKNOWN LIGHTING,NO CONTROLS,NONE DETECTED,Yes,No Apparent Injury,NOT DISTRACTED,MD,Transit Bus,35,2008.0,New Flyer,BUS,5,Friday,1
MCP24200024,17014697,Montgomery County Police,Property Damage Crash,2017-03-22 16:05:00,Unknown,Unknown,Unknown,SINGLE VEHICLE,Unknown,Unknown,DAYLIGHT,NO CONTROLS,ILLEGAL DRUG PRESENT,Yes,No Apparent Injury,NOT DISTRACTED,MD,Passenger Car,0,1991.0,Hond,SW,16,Wednesday,3
MCP34360025,250055686,MONTGOMERY,Property Damage Crash,2025-12-12 17:35:00,US (State),COLUMBIA PIKE,Unknown,Front to Rear,Clear,Dry,Dusk,Traffic Control Signal,"Unknown, Unknown",No,Unknown,Unknown,Unknown,Passenger Car,55,2025.0,Volkswagen,TAOS,17,Friday,12
MCP11230010,15059037,MONTGOMERY,Property Damage Crash,2015-11-19 09:13:00,County,GOODHILL RD,RANDOLPH RD,OTHER,RAINING,WET,DAYLIGHT,NO CONTROLS,NONE DETECTED,Yes,No Apparent Injury,NOT DISTRACTED,MD,School Bus,25,2013.0,Thom,SCHOOL BUS,9,Thursday,11
MCP3045002K,190047054,Montgomery County Police,Injury Crash,2019-10-01 14:42:00,County,NICHOLSON LA,ROCKVILLE PIKE,SAME DIR REAR END,CLEAR,DRY,DAYLIGHT,Unknown,NONE DETECTED,No,Possible Injury,NOT DISTRACTED,MD,Passenger Car,35,2007.0,Jeep,LARADO,14,Tuesday,10
MCP2466003J,210022211,Montgomery County Police,Injury Crash,2021-06-10 17:55:00,County,DUFIEF MILL RD,GREY COLT DR,HEAD ON LEFT TURN,RAINING,WET,DUSK,NO CONTROLS,Unknown,Yes,Possible Injury,UNKNOWN,MD,Passenger Car,40,2007.0,Hond,CRV TK,17,Thursday,6
MCP3387000Q,240011183,MONTGOMERY,Property Damage Crash,2024-03-08 04:05:00,County Route,CHERRY HILL RD,BROADBIRCH DR                 CALVERTON BLVD,Angle,Clear,Dry,Dark - Lighted,Traffic Control Signal,"Not Suspect of Alcohol Use, Not Suspect of Drug Use",Yes,No Apparent Injury,Not Distracted,MD,Passenger Car,35,2021.0,Nissan,VERSA,4,Friday,3
MCP29040045,170538186,Montgomery County Police,Property Damage Crash,2017-10-22 16:55:00,County,HEDIN DR,OAKVIEW DR,OTHER,Unknown,Unknown,DAYLIGHT,NO CONTROLS,NONE DETECTED,Yes,No Apparent Injury,UNKNOWN,MD,Passenger Car,25,2011.0,Nissan,MURANO,16,Sunday,10
MCP2963001J,180009692,Montgomery County Police,Property Damage Crash,2018-02-25 01:54:00,US (State),GEORGIA AVE,WASH DC LINE,SAME DIR REAR END,Unknown,WET,DARK LIGHTS ON,NO CONTROLS,ALCOHOL CONTRIBUTED,Yes,No Apparent Injury,INATTENTIVE OR LOST IN THOUGHT,DC,Passenger Car,35,2004.0,Ford,CROWN VIC,1,Sunday,2
MCP28850036,220015570,Montgomery County Police,Injury Crash,2022-04-12 18:05:00,Maryland (State),NEW HAMPSHIRE AVE,INTERCOUNTY CONNECTOR,HEAD ON LEFT TURN,CLEAR,DRY,DAYLIGHT,TRAFFIC SIGNAL,NONE DETECTED,Yes,No Apparent Injury,NOT DISTRACTED,MD,Passenger Car,45,2012.0,Toyota,HIGHLANDER,18,Tuesday,4
DD56360008,190040966,Rockville Police Departme,Property Damage Crash,2019-08-27 07:45:00,Maryland (State),W MONTGOMERY AVE,RAMP 6 FR MD 28 EB TO IS 270 SB,SAME DIR REAR END,CLOUDY,DRY,DAYLIGHT,NO CONTROLS,NONE DETECTED,No,No Apparent Injury,NOT DISTRACTED,MD,Passenger Car,20,2008.0,Saab,4S,7,Tuesday,8
MCP2039007J,220021938,Montgomery County Police,Property Damage Crash,2022-05-23 12:20:00,County,RANDOLPH RD,VEIRS MILL RD,SAME DIR REAR END,CLOUDY,OTHER,DAYLIGHT,TRAFFIC SIGNAL,Unknown,Yes,No Apparent Injury,OTHER DISTRACTION,MD,Van,35,2018.0,Dodge,RAM,12,Monday,5
MCP229800LT,180059934,Montgomery County Police,Injury Crash,2018-11-30 15:48:00,Unknown,Unknown,Unknown,SINGLE VEHICLE,CLEAR,Unknown,Unknown,NO CONTROLS,NONE DETECTED,Yes,Possible Injury,NOT DISTRACTED,MD,Passenger Car,15,2008.0,Subaru,FORESTER,15,Friday,11
MCP33620016,230031032,Montgomery County Police,Injury Crash,2023-06-29 08:00:00,Maryland (State),NEW HAMPSHIRE AVE,DILSTON RD,SAME DIR REAR END,CLEAR,DRY,DAYLIGHT,TRAFFIC SIGNAL,NONE DETECTED,No,No Apparent Injury,NOT DISTRACTED,MD,Passenger Car,40,2017.0,Ford,EXPLORER,8,Thursday,6
MCP3055001D,180033692,Montgomery County Police,Injury Crash,2018-07-08 12:20:00,Maryland (State),NORBECK RD,GEORGIA AVE,SAME DIR REAR END,CLEAR,DRY,DAYLIGHT,TRAFFIC SIGNAL,Unknown,No,Suspected Minor Injury,NOT DISTRACTED,PA,Passenger Car,40,2007.0,Toyota,4S,12,Sunday,7
MCP1048002N,170507221,Montgomery County Police,Injury Crash,2017-05-11 13:12:00,County,E GUDE DR,DOVER RD,SINGLE VEHICLE,RAINING,WET,DAYLIGHT,NO CONTROLS,NONE DETECTED,Yes,Suspected Serious Injury,UNKNOWN,MD,Passenger Car,35,2013.0,Inf,4DR,13,Thursday,5
MCP3336000W,230005852,Montgomery County Police,Injury Crash,2023-02-05 09:42:00,Maryland (State),UNIVERSITY BLVD E,FRANKLIN AVE,HEAD ON LEFT TURN,CLEAR,DRY,DAYLIGHT,TRAFFIC SIGNAL,NONE DETECTED,No,No Apparent Injury,NOT DISTRACTED,MD,Van,35,2012.0,Kia,SEDONA,9,Sunday,2
MCP23510019,170528484,Montgomery County Police,Injury Crash,2017-09-03 13:58:00,Maryland (State),VEIRS MILL RD,TWINBROOK PKWY,OTHER,CLEAR,DRY,DAYLIGHT,TRAFFIC SIGNAL,NONE DETECTED,Yes,No Apparent Injury,NOT DISTRACTED,MD,Passenger Car,40,1999.0,Suburu,OUTBACK,13,Sunday,9
MCP24400027,240043124,MONTGOMERY,Property Damage Crash,2024-09-11 07:31:00,Municipality Route,CHRISTOPHER AVE,RUSSELL AVE,"Sideswipe, Opposite Direction",Clear,Dry,Daylight,Traffic Control Signal,"Not Suspect of Alcohol Use, Not Suspect of Drug Use",Yes,No Apparent Injury,Unknown,MD,Truck Tractor,35,2022.0,Kenworth,OTHER OFF-HIGHWAY,7,Wednesday,9
MCP30930040,220041355,Montgomery County Police,Property Damage Crash,2022-09-19 22:30:00,Unknown,Unknown,Unknown,OTHER,UNKNOWN,Unknown,UNKNOWN,Unknown,UNKNOWN,Yes,No Apparent Injury,UNKNOWN,Unknown,Passenger Car,0,2011.0,Honda,CIV,22,Monday,9
MCP3308001P,230002207,Montgomery County Police,Property Damage Crash,2023-01-14 05:30:00,Maryland (State),GEORGIA AVE,SHOREFIELD RD,SAME DIR REAR END,CLEAR,DRY,DAWN,TRAFFIC SIGNAL,NONE DETECTED,No,No Apparent Injury,NOT DISTRACTED,MD,"Cargo Van/Light Truck 2 Axles (Over 10,000Lbs (4,536 Kg))",35,2019.0,Isu,NPR,5,Saturday,1
MCP29300041,240007513,MONTGOMERY,Property Damage Crash,2024-02-15 14:45:00,County Route,WELLER RD,Unknown,Front to Rear,Clear,Dry,Unknown,No Controls,"Unknown, Unknown",No,Unknown,Unknown,Unknown,Passenger Car,25,2022.0,Kia,SOUL,14,Thursday,2
MCP1417005X,16054053,Montgomery County Police,Property Damage Crash,2016-10-20 16:32:00,County,AIRPARK RD,WOODFIELD RD,SAME DIRECTION SIDESWIPE,CLEAR,DRY,DAYLIGHT,TRAFFIC SIGNAL,NONE DETECTED,Yes,No Apparent Injury,UNKNOWN,MD,Transit Bus,40,2003.0,Orion,TRANSIT BUS,16,Thursday,10
MCP913000B0,200033458,Montgomery County Police,Property Damage Crash,2020-08-27 08:05:00,Maryland (State),NEW HAMPSHIRE AVE,RAMP 3 FR IS 495 EB TO MD 650 NB,SAME DIR REAR END,CLOUDY,DRY,DAYLIGHT,NO CONTROLS,NONE DETECTED,No,No Apparent Injury,NOT DISTRACTED,MD,Pickup Truck,30,2014.0,Chevrolet,SILVERADO,8,Thursday,8
MCP2541000J,16034912,Montgomery County Police,Property Damage Crash,2016-07-10 11:13:00,Unknown,Unknown,Unknown,OTHER,CLEAR,Unknown,DAYLIGHT,Unknown,NONE DETECTED,Yes,No Apparent Injury,NOT DISTRACTED,MD,(Sport) Utility Vehicle,10,1992.0,Honda,ACCORD,11,Sunday,7
MCP27600075,250032276,MONTGOMERY,Property Damage Crash,2025-07-19 15:09:00,County Route,MONTGOMERY VILLAGE AVE (SB/L),STEDWICK RD,Angle,Clear,Dry,Daylight,Traffic Control Signal,"Not Suspect of Alcohol Use, Not Suspect of Drug Use",No,No Apparent Injury,Not Distracted,VA,Sport Utility Vehicle,25,2023.0,Nissan,ROGUE,15,Saturday,7
MCP2963000W,16057428,Montgomery County Police,Property Damage Crash,2016-11-07 14:48:00,Maryland (State),16TH ST,EAST WEST HWY,HEAD ON,CLEAR,DRY,DAYLIGHT,NO CONTROLS,NONE DETECTED,Yes,No Apparent Injury,OTHER CELLULAR PHONE RELATED,MD,Passenger Car,35,1999.0,Nissan,ALTIMA,14,Monday,11
MCP3003003S,190024454,Montgomery County Police,Injury Crash,2019-05-23 05:50:00,Maryland (State),CONNECTICUT AVE,BRADLEY LA,STRAIGHT MOVEMENT ANGLE,CLEAR,DRY,DAYLIGHT,TRAFFIC SIGNAL,NONE DETECTED,No,No Apparent Injury,NOT DISTRACTED,US,(Sport) Utility Vehicle,35,2011.0,Kia,SPORTAGE,5,Thursday,5
MCP9386001Y,15012280,Montgomery County Police,Property Damage Crash,2015-03-17 12:55:00,Unknown,Unknown,Unknown,OPPOSITE DIRECTION SIDESWIPE,CLOUDY,Unknown,DAYLIGHT,NO CONTROLS,NONE DETECTED,No,No Apparent Injury,NOT DISTRACTED,MD,Passenger Car,15,2008.0,Dodge,CHARGER,12,Tuesday,3
MCP0961000P,15039016,MONTGOMERY,Injury Crash,2015-08-06 07:42:00,County,SHADY GROVE RD,OAKMONT AVE,SAME DIR REAR END,CLEAR,DRY,DAYLIGHT,TRAFFIC SIGNAL,NONE DETECTED,Yes,No Apparent Injury,UNKNOWN,MD,Passenger Car,40,2007.0,Hond,4S,7,Thursday,8
MCP272600D1,250026810,MONTGOMERY,Injury Crash,2025-06-16 11:06:00,Private Route,Unknown,Unknown,Front to Rear,Rain,Wet,Daylight,No Controls,"Not Suspect of Alcohol Use, Not Suspect of Drug Use",No,No Apparent Injury,Not Distracted,MD,Other Trucks,35,2022.0,Freightliner,M2,11,Monday,6
MCP3328003P,240020239,MONTGOMERY,Property Damage Crash,2024-04-30 22:33:00,County Route,CLARIDGE RD,VEIRS MILL RD,Front to Rear,Rain,Wet,Dark - Lighted,Traffic Control Signal,"Not Suspect of Alcohol Use, Not Suspect of Drug Use",No,No Apparent Injury,Not Distracted,MD,Passenger Car,35,2022.0,Ford,MUSTANG,22,Tuesday,4