Report Number,Local Case Number,Agency Name,ACRS Report Type,Crash Date/Time,Route Type,Road Name,Cross-Street Name,Collision Type,Weather,Surface Condition,Light,Traffic Control,Driver Substance Abuse,Driver At Fault,Injury Severity,Driver Distracted By,Drivers License State,Vehicle Body Type,Speed Limit,Vehicle Year,Vehicle Make,Vehicle Model,Crash Hour,Crash Day,Crash Month
MCP2703004H,240040817,MONTGOMERY,Property Damage Crash,2024-08-28 19:47:00,Government Route,SLIGO CREEK PKWY,COLESVILLE RD COLESVILLE RD (SB/L) ST ANDREWS WAY,"Sideswipe, Same Direction",Clear,Dry,Dusk,No Controls,"Not Suspect of Alcohol Use, Not Suspect of Drug Use",Yes,No Apparent Injury,Not Distracted,MD,Bus - Transit,35,2010.0,New Flyer,TRANSIT BUS,19,Wednesday,8
MCP3395000J,240008300,MONTGOMERY,Property Damage Crash,2024-02-20 11:15:00,Maryland (State) Route,WISCONSIN AVE (SB/L),Unknown,Front to Rear,Clear,Dry,Daylight,No Controls,"Not Suspect of Alcohol Use, Not Suspect of Drug Use",Yes,No Apparent Injury,Not Distracted,MD,Van - Passenger (&Lt;9 Seats),35,2023.0,Ram,1500,11,Tuesday,2
MCP9386002C,15029479,Montgomery County Police,Property Damage Crash,2015-06-17 09:43:00,County,SEVEN LOCKS RD,GRAND TETON DR,ANGLE MEETS LEFT TURN,CLEAR,DRY,DAYLIGHT,NO CONTROLS,NONE DETECTED,Yes,No Apparent Injury,NOT DISTRACTED,MD,Passenger Car,35,2010.0,Honda,CIVIC,9,Wednesday,6
MCP3024000Y,170550038,Montgomery County Police,Injury Crash,2017-12-21 21:26:00,Maryland (State),FREDERICK RD,LITTLE SENECA PKWY,HEAD ON LEFT TURN,CLEAR,DRY,DARK LIGHTS ON,TRAFFIC SIGNAL,Unknown,Yes,No Apparent Injury,NOT DISTRACTED,MD,Passenger Car,40,2013.0,Honda,4S,21,Thursday,12
MCP3218004K,230065966,Montgomery County Police,Injury Crash,2023-11-12 18:32:00,Maryland (State),VEIRS MILL RD,ENT TO WHEATON PLAZA,SAME DIRECTION SIDESWIPE,Unknown,DRY,DARK LIGHTS ON,TRAFFIC SIGNAL,UNKNOWN,Yes,No Apparent Injury,UNKNOWN,Unknown,Passenger Car,25,2020.0,Honda,HRV,18,Sunday,11
MCP3095000X,180025276,Montgomery County Police,Property Damage Crash,2018-05-23 10:26:00,County,E WAYNE AVE,FLOWER AVE,SAME DIR REND LEFT TURN,CLEAR,Unknown,DAYLIGHT,TRAFFIC SIGNAL,Unknown,Yes,No Apparent Injury,UNKNOWN,Unknown,Passenger Car,25,2011.0,Ford,CROWN VICTORIA,10,Wednesday,5
MCP3262006C,250048906,MONTGOMERY,Property Damage Crash,2025-10-31 15:15:00,County Route,E RANDOLPH RD (WB/L),Unknown,Unknown,Clear,Dry,Daylight,No Controls,"Not Suspect of Alcohol Use, Not Suspect of Drug Use",No,No Apparent Injury,Not Distracted,MD,Bus - School,35,2024.0,Freightliner,B2 BUS CHASSIS,15,Friday,10
DD5649000M,210028708,Rockville Police Departme,Injury Crash,2021-07-24 16:21:00,Unknown,Unknown,Unknown,SINGLE VEHICLE,Unknown,Unknown,DAYLIGHT,Unknown,Unknown,Yes,Suspected Minor Injury,NOT DISTRACTED,MD,Passenger Car,0,2010.0,Honda,ACCORD,16,Saturday,7
MCP20880002,17008625,Montgomery County Police,Property Damage Crash,2017-02-17 12:05:00,Unknown,Unknown,Unknown,SAME DIRECTION SIDESWIPE,CLEAR,Unknown,DAYLIGHT,NO CONTROLS,Unknown,No,No Apparent Injury,NOT DISTRACTED,MD,School Bus,20,2011.0,Thomas Bus,BUS,12,Friday,2
EJ7875005T,250000093,GAITHERSBURG,Property Damage Crash,2025-01-01 17:27:00,Maryland (State) Route,MONTGOMERY VILLAGE AVE (SB/L),Unknown,"Sideswipe, Same Direction",Clear,Dry,Dark - Lighted,No Controls,"Not Suspect of Alcohol Use, Not Suspect of Drug Use",No,No Apparent Injury,Not Distracted,MD,Passenger Car,35,2012.0,Volkswagen,PASSAT,17,Wednesday,1
MCP2723001B,16010021,MONTGOMERY,Injury Crash,2016-02-29 08:41:00,County,RANDOLPH RD,BREGMAN RD,SAME DIR REAR END,Unknown,DRY,DAYLIGHT,NO CONTROLS,Unknown,No,Possible Injury,NOT DISTRACTED,MD,Passenger Car,40,1997.0,Gmc,TK,8,Monday,2
MCP25970021,190004470,Montgomery County Police,Property Damage Crash,2019-01-28 19:12:00,Unknown,Unknown,Unknown,OTHER,CLEAR,Unknown,DARK LIGHTS ON,Unknown,NONE DETECTED,Yes,No Apparent Injury,NOT DISTRACTED,MD,Passenger Car,5,2017.0,Toyota,HIGHLANDER,19,Monday,1
MCP3256002G,230056525,Montgomery County Police,Property Damage Crash,2023-09-23 18:36:00,County,KILKENNY ST,PALERMO DR,SAME DIR REAR END,RAINING,WET,DARK LIGHTS ON,NO CONTROLS,NONE DETECTED,Yes,No Apparent Injury,UNKNOWN,Unknown,Passenger Car,25,2018.0,Hyundai,ELANTRA,18,Saturday,9
MCP24640023,200045946,Montgomery County Police,Property Damage Crash,2020-11-20 22:08:00,Maryland (State),PINEY BRANCH RD,UNIVERSITY BLVD E,SAME DIR REAR END,CLEAR,DRY,DARK LIGHTS ON,FLASHING TRAFFIC SIGNAL,ALCOHOL PRESENT,Yes,No Apparent Injury,NOT DISTRACTED,MD,Passenger Car,30,2005.0,Honda,ACCORD,22,Friday,11
MCP2919002Y,170512861,Montgomery County Police,Injury Crash,2017-06-10 09:00:00,Maryland (State),GEORGIA AVE,RAMP 7 FR RAMP 2 (FR IS 495) TO MD 97 SB,SAME DIR REAR END,CLEAR,DRY,DAYLIGHT,Unknown,NONE DETECTED,No,Possible Injury,NOT DISTRACTED,MD,Passenger Car,35,2016.0,Honda,ACCORD,9,Saturday,6
MCP25120047,190025666,Montgomery County Police,Property Damage Crash,2019-05-29 19:44:00,Municipality,BUREAU DR,CROSSOVER,STRAIGHT MOVEMENT ANGLE,CLOUDY,DRY,DAYLIGHT,STOP SIGN,NONE DETECTED,Yes,No Apparent Injury,NOT DISTRACTED,MD,Passenger Car,25,2017.0,Toyota,PRIUS,19,Wednesday,5
MCP29650086,240007277,MONTGOMERY,Property Damage Crash,2024-02-14 08:30:00,County Route,KING WILLIAM DR,GEORGIA AVE,Front to Rear,Clear,Dry,Daylight,Traffic Control Signal,"Not Suspect of Alcohol Use, Not Suspect of Drug Use",No,No Apparent Injury,Not Distracted,MD,Bus - Transit,30,2013.0,New Flyer,TRANSIT BUS,8,Wednesday,2
MCP3112004G,200012231,Montgomery County Police,Property Damage Crash,2020-03-12 16:20:00,Maryland (State),OLD GEORGETOWN RD,WOODMONT AVE,HEAD ON LEFT TURN,CLEAR,DRY,DAYLIGHT,Unknown,NONE DETECTED,No,No Apparent Injury,NOT DISTRACTED,MD,Passenger Car,25,2014.0,Toyota,COROLLA,16,Thursday,3
MCP2971001B,16025851,Montgomery County Police,Injury Crash,2016-05-24 17:54:00,Unknown,Unknown,Unknown,HEAD ON,CLEAR,Unknown,DAYLIGHT,NO CONTROLS,NONE DETECTED,No,No Apparent Injury,NOT DISTRACTED,MD,Passenger Car,15,2007.0,Honda,CIVIC,17,Tuesday,5
MCP2563001R,240009925,MONTGOMERY,Fatal Crash,2024-02-29 15:03:00,County Route,CENTERWAY RD,SNOUFFERS SCHOOL RD,Angle,Clear,Dry,Daylight,Traffic Control Signal,"Not Suspect of Alcohol Use, Not Suspect of Drug Use",No,Fatal Injury,Unknown,MD,Motorcycle - 2 Wheeled,40,2014.0,Suzuki,GSX-R750L,15,Thursday,2
MCP27800060,220036450,Montgomery County Police,Property Damage Crash,2022-08-23 18:20:00,Maryland (State),FREDERICK RD,GERMANTOWN RD,SAME DIR REAR END,CLOUDY,DRY,DAYLIGHT,TRAFFIC SIGNAL,Unknown,No,No Apparent Injury,NOT DISTRACTED,MD,(Sport) Utility Vehicle,40,2005.0,Jeep,GRAND CHEROKEE,18,Tuesday,8
MCP3307000Q,210035112,Montgomery County Police,Injury Crash,2021-09-07 13:24:00,Maryland (State),GEORGIA AVE,HINES RD,SAME DIR REAR END,CLEAR,DRY,DAYLIGHT,NO CONTROLS,NONE DETECTED,No,Possible Injury,UNKNOWN,MD,Passenger Car,40,2008.0,Honda,ACCORD,13,Tuesday,9
MCP0036003K,16002215,Montgomery County Police,Injury Crash,2016-01-12 17:48:00,County,MIDDLEBROOK RD,RAMP 7 FR MIDDLEBROOK RD TO RAMP 6,SAME DIR REAR END,CLEAR,DRY,DARK LIGHTS ON,TRAFFIC SIGNAL,NONE DETECTED,No,Possible Injury,NOT DISTRACTED,MD,Passenger Car,45,2014.0,Hyundai,4DR,17,Tuesday,1
EJ7885003Y,230072252,Gaithersburg Police Depar,Property Damage Crash,2023-12-17 18:41:00,Maryland (State),GREAT SENECA HWY,MUDDY BRANCH RD,SAME DIR REAR END,RAINING,WET,DARK LIGHTS ON,NO CONTROLS,NONE DETECTED,No,No Apparent Injury,NOT DISTRACTED,MD,Passenger Car,50,2020.0,Volv,SD,18,Sunday,12
MCP2809002J,15058288,MONTGOMERY,Injury Crash,2015-11-15 11:55:00,County,BUCKNELL DR,FRANWALL AVE,SAME DIRECTION SIDESWIPE,Unknown,DRY,DAYLIGHT,NO CONTROLS,Unknown,Yes,Possible Injury,NOT DISTRACTED,MD,Passenger Car,30,2004.0,Toyota,RAV4,11,Sunday,11
MCP20400019,190052358,Montgomery County Police,Property Damage Crash,2019-10-31 08:06:00,County,SPRING MEADOWS DR,DARNESTOWN RD,HEAD ON LEFT TURN,CLOUDY,WET,DAYLIGHT,NO CONTROLS,NONE DETECTED,Yes,No Apparent Injury,NOT DISTRACTED,MD,Passenger Car,25,2014.0,Ford,MUSTANG,8,Thursday,10
EJ78940034,230033698,Gaithersburg Police Depar,Property Damage Crash,2023-07-15 10:47:00,Municipality,W DEER PARK RD,CEDAR AVE,SAME DIR REAR END,CLEAR,DRY,DAYLIGHT,NO CONTROLS,NONE DETECTED,No,No Apparent Injury,NOT DISTRACTED,MD,Passenger Car,25,2016.0,Chevrolet,MALIBU,10,Saturday,7
MCP27450030,240034073,MONTGOMERY,Property Damage Crash,2024-07-19 09:26:00,Maryland (State) Route,FREDERICK RD,SHADY GROVE RD,"Sideswipe, Same Direction",Clear,Dry,Daylight,Traffic Control Signal,"Unknown, Unknown",No,Unknown,Unknown,Unknown,Passenger Car,45,9999.0,Subaru,FORESTER,9,Friday,7
EJ7858004Y,200006710,Gaithersburg Police Depar,Property Damage Crash,2020-02-10 06:13:00,County,RAILROAD ST,E DEER PARK DR,STRAIGHT MOVEMENT ANGLE,RAINING,WET,DARK LIGHTS ON,TRAFFIC SIGNAL,NONE DETECTED,Yes,No Apparent Injury,NOT DISTRACTED,MD,Passenger Car,25,1998.0,Honda,4S,6,Monday,2
MCP2182000H,16062970,Montgomery County Police,Injury Crash,2016-12-08 07:41:00,County,ASPEN HILL RD,IRIS ST,SAME DIR REAR END,CLEAR,DRY,DAYLIGHT,NO CONTROLS,NONE DETECTED,No,Possible Injury,NOT DISTRACTED,MD,Passenger Car,30,2016.0,Jeep,WRANGLER,7,Thursday,12
MCP2048002L,200011821,Montgomery County Police,Property Damage Crash,2020-03-10 16:30:00,County,CARROLL AVE,PINEY BRANCH RD,SAME DIRECTION SIDESWIPE,CLEAR,DRY,DAYLIGHT,TRAFFIC SIGNAL,NONE DETECTED,Yes,No Apparent Injury,NOT DISTRACTED,MD,"Cargo Van/Light Truck 2 Axles (Over 10,000Lbs (4,536 Kg))",25,2012.0,Ford,DS,16,Tuesday,3
MCP3222001T,220027652,Montgomery County Police,Injury Crash,2022-06-27 14:57:00,Maryland (State),WILSON LA,RIVER RD,HEAD ON LEFT TURN,RAINING,WET,DAYLIGHT,TRAFFIC SIGNAL,NONE DETECTED,Yes,Suspected Minor Injury,LOOKED BUT DID NOT SEE,VA,Passenger Car,35,2020.0,Volvo,XC90,14,Monday,6
MCP30930012,180048544,Montgomery County Police,Injury Crash,2018-09-28 17:46:00,Maryland (State),CONNECTICUT AVE,DUNLOP ST,OTHER,Unknown,DRY,DAYLIGHT,TRAFFIC SIGNAL,Unknown,Yes,Possible Injury,LOOKED BUT DID NOT SEE,MD,Passenger Car,35,2011.0,Mercedes,4D,17,Friday,9
MCP11190013,15031810,Montgomery County Police,Property Damage Crash,2015-06-29 18:44:00,Maryland (State),GEORGIA AVE,AUGUST DR,HEAD ON LEFT TURN,CLEAR,DRY,DAYLIGHT,TRAFFIC SIGNAL,NONE DETECTED,Unknown,No Apparent Injury,NOT DISTRACTED,MD,Police Vehicle/Emergency,35,2014.0,Dodge,CHARGER,18,Monday,6
MCP1575003R,16013123,MONTGOMERY,Property Damage Crash,2016-03-17 09:30:00,Unknown,Unknown,Unknown,OTHER,CLEAR,Unknown,DAYLIGHT,NO CONTROLS,NONE DETECTED,Yes,No Apparent Injury,LOOKED BUT DID NOT SEE,MD,Other,0,1995.0,Chevrolet,VAN,9,Thursday,3
EJ7837000J,15022112,Gaithersburg Police Depar,Property Damage Crash,2015-05-09 12:26:00,Maryland (State),CLOPPER RD,LONGDRAFT RD,SAME DIR REAR END,CLEAR,DRY,DAYLIGHT,TRAFFIC SIGNAL,Unknown,Yes,No Apparent Injury,NOT DISTRACTED,NC,Passenger Car,35,2000.0,Mitsubishi,GALANT,12,Saturday,5
MCP1519003P,220004478,Montgomery County Police,Injury Crash,2022-02-02 09:14:00,Unknown,Unknown,Unknown,STRAIGHT MOVEMENT ANGLE,FOGGY,Unknown,DAYLIGHT,NO CONTROLS,NONE DETECTED,Yes,Suspected Minor Injury,NOT DISTRACTED,MD,Passenger Car,0,2013.0,Toyt,CAMRY,9,Wednesday,2
MCP29680025,180018073,Montgomery County Police,Injury Crash,2018-04-13 15:56:00,County,CRABBS BRANCH WAY,STANDISH PL,OTHER,CLEAR,DRY,DAYLIGHT,NO CONTROLS,Unknown,Yes,Possible Injury,LOOKED BUT DID NOT SEE,XX,Passenger Car,30,2013.0,Jeep,TK,15,Friday,4
MCP3042000D,17010334,Montgomery County Police,Property Damage Crash,2017-02-26 12:06:00,County,GALT AVE,FENIMORE RD,STRAIGHT MOVEMENT ANGLE,CLEAR,DRY,DAYLIGHT,STOP SIGN,NONE DETECTED,No,No Apparent Injury,NOT DISTRACTED,MD,Passenger Car,25,1997.0,Toyt,4S,12,Sunday,2
MCP2739001S,180016990,Montgomery County Police,Property Damage Crash,2018-04-08 04:33:00,Maryland (State),NEW HAMPSHIRE AVE,CHALMERS RD,SAME DIR REAR END,CLEAR,DRY,DARK LIGHTS ON,TRAFFIC SIGNAL,NONE DETECTED,No,No Apparent Injury,NOT DISTRACTED,MS,Passenger Car,40,2013.0,Infiniti,G37,4,Sunday,4
MCP2536003G,210021159,Montgomery County Police,Property Damage Crash,2021-06-04 02:30:00,Unknown,Unknown,Unknown,HEAD ON,CLEAR,Unknown,DARK LIGHTS ON,NO CONTROLS,ALCOHOL PRESENT,Yes,No Apparent Injury,NOT DISTRACTED,MD,Passenger Car,15,2010.0,Audi,A4,2,Friday,6
DD5673001T,250022129,ROCKVILLE,Property Damage Crash,2025-05-19 13:33:00,Municipality Route,W EDMONSTON DR,EDMONSTON DR EDMONSTON DR (SB/L),Angle,Clear,Dry,Daylight,No Controls,"Not Suspect of Alcohol Use, Not Suspect of Drug Use",Yes,No Apparent Injury,Not Distracted,MD,Pickup,40,2009.0,Ford,F-150,13,Monday,5
MCP229800L4,180057029,Montgomery County Police,Property Damage Crash,2018-10-10 15:41:00,County,MIDDLEBROOK RD,WARING STATION RD,SAME DIRECTION SIDESWIPE,CLEAR,DRY,DAYLIGHT,TRAFFIC SIGNAL,NONE DETECTED,No,No Apparent Injury,NOT DISTRACTED,MD,Fire Vehicle/Non Emergency,40,2008.0,Spartin,ENGINE,15,Wednesday,10
MCP3264003P,230015777,Montgomery County Police,Injury Crash,2023-04-02 12:53:00,Unknown,Unknown,Unknown,OTHER,CLEAR,Unknown,DAYLIGHT,NO CONTROLS,NONE DETECTED,Yes,No Apparent Injury,LOOKED BUT DID NOT SEE,MD,Passenger Car,5,2014.0,Gmc,TERRAIN,12,Sunday,4
MCP1519003M,210042924,Montgomery County Police,Injury Crash,2021-10-25 12:02:00,Unknown,Unknown,Unknown,STRAIGHT MOVEMENT ANGLE,CLEAR,Unknown,DAYLIGHT,Unknown,NONE DETECTED,No,Suspected Minor Injury,NOT DISTRACTED,MD,(Sport) Utility Vehicle,0,2018.0,Jeep,UT,12,Monday,10
MCP2866002W,16044248,Montgomery County Police,Property Damage Crash,2016-08-30 17:15:00,Maryland (State),NEW HAMPSHIRE AVE,WINDRIDGE ACRES CT,STRAIGHT MOVEMENT ANGLE,CLEAR,DRY,DAYLIGHT,NO CONTROLS,NONE DETECTED,No,No Apparent Injury,NOT DISTRACTED,MD,Passenger Car,45,2015.0,Hyundai,ACCENT,17,Tuesday,8
MCP2937001P,16017835,Montgomery County Police,Property Damage Crash,2016-04-12 10:26:00,Maryland (State),NEW HAMPSHIRE AVE,COLUMBIA PIKE,SAME DIR REAR END,CLEAR,DRY,DAYLIGHT,NO CONTROLS,NONE DETECTED,No,No Apparent Injury,NOT DISTRACTED,MD,Passenger Car,40,2008.0,Ford,FOCUS,10,Tuesday,4
MCP2556000P,16024946,Montgomery County Police,Injury Crash,2016-05-19 18:20:00,County,SHADY GROVE RD,CRABBS BRANCH WAY,SAME DIR REAR END,CLEAR,DRY,DAYLIGHT,NO CONTROLS,NONE DETECTED,No,No Apparent Injury,NOT DISTRACTED,MD,Passenger Car,45,2011.0,Niss,4S,18,Thursday,5
DD5681000Y,250044539,ROCKVILLE,Injury Crash,2025-10-03 19:25:00,Municipality Route,KING FARM BLVD,Unknown,Angle,Clear,Dry,Dark - Lighted,No Controls,"Not Suspect of Alcohol Use, Not Suspect of Drug Use",No,No Apparent Injury,Not Distracted,MD,Passenger Car,30,2016.0,Toyota,CAMRY,19,Friday,10
MCP3169004Q,210043666,Montgomery County Police,Property Damage Crash,2021-10-29 10:20:00,Ramp,RAMP 6 FR IS 495 EB TO MD 650 SB,NEW HAMPSHIRE AVE,SINGLE VEHICLE,RAINING,WET,DAYLIGHT,NO CONTROLS,UNKNOWN,Yes,No Apparent Injury,LOOKED BUT DID NOT SEE,Unknown,Passenger Car,35,2003.0,Toyota,COROLLA,10,Friday,10
MCP22390019,190029849,Montgomery County Police,Property Damage Crash,2019-06-22 13:12:00,County,DARNESTOWN RD,SHADY GROVE RD,OTHER,CLEAR,DRY,DAYLIGHT,TRAFFIC SIGNAL,Unknown,No,No Apparent Injury,NOT DISTRACTED,MD,Passenger Car,35,2012.0,Subaru,OUTBACK,13,Saturday,6
MCP3245001M,210034284,Montgomery County Police,Injury Crash,2021-09-01 18:35:00,County,MUDDY BRANCH RD,W DEER PARK RD,HEAD ON LEFT TURN,RAINING,WET,DAYLIGHT,TRAFFIC SIGNAL,NONE DETECTED,No,Possible Injury,NOT DISTRACTED,MD,Passenger Car,45,2017.0,Toyota,SUV,18,Wednesday,9
MCP2031002L,200006477,Montgomery County Police,Property Damage Crash,2020-02-08 10:27:00,Maryland (State),RIDGE RD,BEALL AVE,HEAD ON LEFT TURN,CLEAR,DRY,DAYLIGHT,NO CONTROLS,NONE DETECTED,Yes,No Apparent Injury,NOT DISTRACTED,MD,Passenger Car,30,2008.0,Hyun,TK,10,Saturday,2
MCP2291007C,230071079,Montgomery County Police,Property Damage Crash,2023-12-11 11:47:00,Unknown,Unknown,Unknown,OTHER,Unknown,Unknown,DAYLIGHT,Unknown,NONE DETECTED,Yes,No Apparent Injury,NOT DISTRACTED,MD,(Sport) Utility Vehicle,5,2005.0,Jeep,LIBERTY,11,Monday,12
MCP30600035,210051063,Montgomery County Police,Injury Crash,2021-12-15 21:11:00,Maryland (State),OLD GEORGETOWN RD,MCKINLEY ST,SAME DIR REAR END,CLEAR,DRY,DARK LIGHTS ON,TRAFFIC SIGNAL,ALCOHOL CONTRIBUTED,Yes,No Apparent Injury,UNKNOWN,MD,Passenger Car,35,2020.0,Chevy,EQUINOX,21,Wednesday,12
MCP3276001F,210041608,Montgomery County Police,Property Damage Crash,2021-10-17 02:45:00,US (State),COLUMBIA PIKE,BRIGGS CHANEY RD,SINGLE VEHICLE,CLEAR,DRY,DARK NO LIGHTS,NO CONTROLS,NONE DETECTED,Yes,No Apparent Injury,LOOKED BUT DID NOT SEE,MD,Passenger Car,45,2015.0,Lexus,ES350,2,Sunday,10
MCP23700023,15061371,MONTGOMERY,Property Damage Crash,2015-12-01 16:57:00,US (State),COLESVILLE RD,DALE DR,OPPOSITE DIRECTION SIDESWIPE,RAINING,WET,DARK LIGHTS ON,NO CONTROLS,NONE DETECTED,No,No Apparent Injury,NOT DISTRACTED,MD,School Bus,35,2007.0,Thomas,BUS,16,Tuesday,12
MCP137800R5,190030528,Montgomery County Police,Injury Crash,2019-06-26 16:43:00,Maryland (State),WOODFIELD RD,MUNCASTER MILL RD,STRAIGHT MOVEMENT ANGLE,CLOUDY,DRY,DAYLIGHT,TRAFFIC SIGNAL,NONE DETECTED,Yes,Possible Injury,NOT DISTRACTED,MD,Passenger Car,35,2016.0,Hyun,ACCENT,16,Wednesday,6
MCP3408001S,250039778,MONTGOMERY,Injury Crash,2025-09-05 09:15:00,County Route,PIERCE DR,LEXINGTON DR,Single Vehicle,Clear,Dry,Daylight,Traffic Control Signal,"Unknown, Unknown",No,Unknown,Unknown,Unknown,Passenger Car,25,2016.0,Nissan,QUEST,9,Friday,9
DM84980018,250037617,TAKOMA,Property Damage Crash,2025-08-22 19:00:00,Unknown,Unknown,Unknown,Front to Rear,Clear,Unknown,Daylight,Unknown,"Not Suspect of Alcohol Use, Not Suspect of Drug Use",No,No Apparent Injury,Unknown,Unknown,Passenger Car,0,2011.0,Kia,SORENTO,19,Friday,8
DD56480030,240015695,ROCKVILLE,Property Damage Crash,2024-04-04 12:30:00,Municipality Route,ROLLINS AVE,CHAPMAN AVE,"Sideswipe, Same Direction",Cloudy,Dry,Daylight,No Controls,"Not Suspect of Alcohol Use, Not Suspect of Drug Use",No,No Apparent Injury,Not Distracted,MD,Passenger Car,35,2020.0,Toyota,CAMRY,12,Thursday,4
MCP2191001W,170523432,Montgomery County Police,Injury Crash,2017-08-07 07:18:00,County,PARKLAWN DR,COAKLEY CIR,SAME DIR REAR END,RAINING,WET,DAYLIGHT,NO CONTROLS,NONE DETECTED,Yes,No Apparent Injury,NOT DISTRACTED,MD,Passenger Car,30,1999.0,Subaru,SW LEGACY,7,Monday,8
MCP2682000Q,16043201,Montgomery County Police,Property Damage Crash,2016-08-24 14:32:00,County,MONTGOMERY VILLAGE AVE,STEDWICK RD,SAME DIR REAR END,CLEAR,DRY,DAYLIGHT,Unknown,NONE DETECTED,No,No Apparent Injury,NOT DISTRACTED,MD,Passenger Car,35,2017.0,Acura,RDX,14,Wednesday,8
MCP3008002G,210009939,Montgomery County Police,Injury Crash,2021-03-17 00:46:00,County,SLIGO AVE,FENTON ST,STRAIGHT MOVEMENT ANGLE,CLEAR,Unknown,DARK LIGHTS ON,TRAFFIC SIGNAL,NONE DETECTED,No,No Apparent Injury,NOT DISTRACTED,DC,(Sport) Utility Vehicle,30,2004.0,Kia,SORENTO,0,Wednesday,3
MCP3133002V,210044288,Montgomery County Police,Injury Crash,2021-11-02 12:01:00,Maryland (State),VEIRS MILL RD,CONNECTICUT AVE,ANGLE MEETS LEFT HEAD ON,RAINING,WET,DAYLIGHT,TRAFFIC SIGNAL,NONE DETECTED,No,No Apparent Injury,NOT DISTRACTED,MD,Passenger Car,40,2014.0,Suba,SW,12,Tuesday,11
MCP2862000R,15008300,Montgomery County Police,Property Damage Crash,2015-02-20 08:47:00,Maryland (State),RIVER RD,PENNYFIELD LOCK RD,SAME DIR REAR END,CLEAR,DRY,DAYLIGHT,Unknown,NONE DETECTED,No,No Apparent Injury,NOT DISTRACTED,MD,Passenger Car,50,2009.0,Volk,ROUTAN,8,Friday,2
MCP2939008C,250046919,MONTGOMERY,Injury Crash,2025-10-18 21:47:00,County Route,TILFORD WAY,WARRIOR BROOK DR,Other,Clear,Dry,Dark - Lighted,Stop Sign,"Not Suspect of Alcohol Use, Not Suspect of Drug Use",Yes,Possible Injury,Unknown,MD,Passenger Car,25,2018.0,Honda,CR-V,21,Saturday,10
EJ7858008L,230070140,Gaithersburg Police Depar,Property Damage Crash,2023-12-06 08:50:00,Maryland (State),QUINCE ORCHARD RD,SIOUX LA,STRAIGHT MOVEMENT ANGLE,CLEAR,DRY,DAYLIGHT,TRAFFIC SIGNAL,NONE DETECTED,No,No Apparent Injury,NOT DISTRACTED,MD,Passenger Car,35,2016.0,Kia,4S,8,Wednesday,12
MCP24110089,220001077,Montgomery County Police,Property Damage Crash,2022-01-10 10:07:00,Maryland (State),VEIRS MILL RD,ROCKVILLE PIKE,SAME DIR REAR END,CLEAR,DRY,DAYLIGHT,Unknown,NONE DETECTED,Yes,No Apparent Injury,LOOKED BUT DID NOT SEE,MD,Passenger Car,30,2012.0,Toyota,PRIUS,10,Monday,1
MCP3208007Q,260001607,MONTGOMERY,Property Damage Crash,2026-01-10 22:41:00,US (State),COLESVILLE RD,ROWEN RD,"Sideswipe, Same Direction",Rain,Wet,Dark - Lighted,No Controls,"Not Suspect of Alcohol Use, Not Suspect of Drug Use",No,No Apparent Injury,Not Distracted,MD,Van - Passenger (&Lt;9 Seats),30,2022.0,Toyota,SIENNA,22,Saturday,1
MCP2785002B,17005349,Montgomery County Police,Property Damage Crash,2017-01-31 07:49:00,US (State),COLUMBIA PIKE,BEGIN BRIDGE,SAME DIR REAR END,CLEAR,DRY,DAWN,Unknown,Unknown,Yes,No Apparent Injury,NOT DISTRACTED,MD,(Sport) Utility Vehicle,55,2015.0,Acura,MDX,7,Tuesday,1
MCP3169000Z,190025185,Montgomery County Police,Injury Crash,2019-05-27 13:32:00,Maryland (State),NEW HAMPSHIRE AVE,CHALMERS RD,SINGLE VEHICLE,CLEAR,DRY,DAYLIGHT,NO CONTROLS,Unknown,Yes,Possible Injury,LOOKED BUT DID NOT SEE,DC,Motorcycle,35,2001.0,Kawasaki,MOTORCYCLE,13,Monday,5
MCP1595002N,240028791,MONTGOMERY,Injury Crash,2024-06-17 12:49:00,Maryland (State) Route,NO NAME,Unknown,Front to Rear,Clear,Dry,Daylight,No Controls,"Not Suspect of Alcohol Use, Not Suspect of Drug Use",No,No Apparent Injury,Unknown,MD,Sport Utility Vehicle,40,2015.0,Honda,PILOT,12,Monday,6
MCP3024001W,200009375,Montgomery County Police,Property Damage Crash,2020-02-25 15:23:00,County,OBSERVATION DR,MIDDLEBROOK RD,SAME DIR REAR END,CLOUDY,DRY,DAYLIGHT,NO CONTROLS,Unknown,No,No Apparent Injury,NOT DISTRACTED,MD,Passenger Car,35,2010.0,Honda,INSIGHT,15,Tuesday,2
MCP30890019,180022772,Montgomery County Police,Property Damage Crash,2018-05-09 09:53:00,County,FLOWER AVE,E WAYNE AVE,SAME DIR REAR END,Unknown,Unknown,DAYLIGHT,TRAFFIC SIGNAL,Unknown,No,No Apparent Injury,NOT DISTRACTED,MD,Passenger Car,0,2003.0,Toyota,CAMRY,9,Wednesday,5
MCP2813004M,180014091,Montgomery County Police,Property Damage Crash,2018-03-21 20:26:00,Maryland (State),GEORGIA AVE,ARCOLA AVE,SAME DIR REAR END,WINTRY MIX,WET,DARK LIGHTS ON,TRAFFIC SIGNAL,Unknown,No,No Apparent Injury,NOT DISTRACTED,MD,Passenger Car,0,2002.0,Toyota,TACOMA,20,Wednesday,3