Report Number,Local Case Number,Agency Name,ACRS Report Type,Crash Date/Time,Route Type,Road Name,Cross-Street Name,Collision Type,Weather,Surface Condition,Light,Traffic Control,Driver Substance Abuse,Driver At Fault,Injury Severity,Driver Distracted By,Drivers License State,Vehicle Body Type,Speed Limit,Vehicle Year,Vehicle Make,Vehicle Model,Crash Hour,Crash Day,Crash Month
MCP320000GX,250051612,MONTGOMERY,Property Damage Crash,2025-11-18 07:18:00,County Route,DICKENS AVE,Unknown,"Sideswipe, Same Direction",Clear,Dry,Daylight,No Controls,"Not Suspect of Alcohol Use, Not Suspect of Drug Use",Yes,No Apparent Injury,Not Distracted,MD,Bus - School,20,2020.0,Freightliner,B2 BUS CHASSIS,7,Tuesday,11
MCP0833000W,180021225,Montgomery County Police,Property Damage Crash,2018-05-01 07:00:00,Maryland (State),GEORGIA AVE,PRINCE PHILIP DR,HEAD ON LEFT TURN,CLEAR,DRY,DAYLIGHT,TRAFFIC SIGNAL,Unknown,No,No Apparent Injury,NOT DISTRACTED,MD,Passenger Car,30,2005.0,Mazda,SUV,7,Tuesday,5
MCP2160000V,180025327,Montgomery County Police,Property Damage Crash,2018-05-23 15:15:00,County,WATKINS MILL RD,CLUB HOUSE RD,SAME DIRECTION SIDESWIPE,CLEAR,Unknown,DAYLIGHT,Unknown,Unknown,Yes,No Apparent Injury,UNKNOWN,MD,Passenger Car,35,2010.0,Acura,TSX,15,Wednesday,5
MCP28910014,15033812,MONTGOMERY,Injury Crash,2015-07-10 13:19:00,Maryland (State),GEORGIA AVE,SPRING ST,SAME DIR REAR END,CLEAR,DRY,DAYLIGHT,TRAFFIC SIGNAL,NONE DETECTED,No,No Apparent Injury,NOT DISTRACTED,MD,"Cargo Van/Light Truck 2 Axles (Over 10,000Lbs (4,536 Kg))",35,2003.0,Ford,VN,13,Friday,7
MCP30110025,180013236,Montgomery County Police,Property Damage Crash,2018-03-16 15:30:00,Unknown,Unknown,Unknown,ANGLE MEETS LEFT TURN,Unknown,Unknown,DAYLIGHT,NO CONTROLS,NONE DETECTED,Yes,No Apparent Injury,NOT DISTRACTED,MD,(Sport) Utility Vehicle,20,2004.0,Gmc,ENVOY,15,Friday,3
MCP158000CS,200011759,Montgomery County Police,Injury Crash,2020-03-10 10:05:00,County,SNOUFFERS SCHOOL RD,CENTERWAY RD,HEAD ON LEFT TURN,CLOUDY,WET,DAYLIGHT,TRAFFIC SIGNAL,NONE DETECTED,Yes,Suspected Minor Injury,UNKNOWN,MD,Van,35,2014.0,Chtys,TOWN & COUNTRY,10,Tuesday,3
EJ7879001K,210027579,Gaithersburg Police Depar,Property Damage Crash,2021-07-17 00:38:00,Municipality,WATKINS MILL RD,FREDERICK RD,STRAIGHT MOVEMENT ANGLE,CLEAR,DRY,DARK LIGHTS ON,FLASHING TRAFFIC SIGNAL,NONE DETECTED,No,No Apparent Injury,NOT DISTRACTED,MD,Passenger Car,40,2006.0,Toyt,VN,0,Saturday,7
MCP28480013,15035689,MONTGOMERY,Property Damage Crash,2015-07-20 11:17:00,Maryland (State),RIVER RD,HARRINGTON DR,SAME DIR REAR END,CLEAR,DRY,DAYLIGHT,NO CONTROLS,NONE DETECTED,No,No Apparent Injury,NOT DISTRACTED,MD,Van,30,2007.0,Toyota,SIENNA,11,Monday,7
MCP3240000H,200010896,Montgomery County Police,Injury Crash,2020-03-05 08:58:00,County,NEWCUT RD,FREDERICK RD,SINGLE VEHICLE,CLEAR,DRY,DAYLIGHT,Unknown,UNKNOWN,Yes,Possible Injury,UNKNOWN,MD,Passenger Car,25,2002.0,Volvo,V70,8,Thursday,3
EJ79040015,240035077,GAITHERSBURG,Injury Crash,2024-07-25 10:10:00,Municipality Route,METROPOLITAN CT,Unknown,Single Vehicle,Clear,Dry,Daylight,No Controls,"Not Suspect of Alcohol Use, Not Suspect of Drug Use",No,Possible Injury,Talking/listening,MD,Passenger Car,25,2010.0,Toyota,YARIS,10,Thursday,7
MCP1151004M,16024246,Montgomery County Police,Injury Crash,2016-05-16 08:25:00,Maryland (State),GREAT SENECA HWY,LEAMAN FARM RD,SAME DIR REAR END,CLEAR,DRY,Unknown,NO CONTROLS,NONE DETECTED,Yes,No Apparent Injury,LOOKED BUT DID NOT SEE,MD,(Sport) Utility Vehicle,50,2014.0,Hond,CR-V,8,Monday,5
MCP285900GM,240022395,MONTGOMERY,Injury Crash,2024-05-12 13:15:00,Maryland (State) Route,S FREDERICK RD (SB/L),NO NAME (EB/L),"Sideswipe, Same Direction",Cloudy,Dry,Daylight,No Controls,"Not Suspect of Alcohol Use, Not Suspect of Drug Use",No,No Apparent Injury,Not Distracted,MD,Passenger Car,30,2006.0,Honda,ACCORD,13,Sunday,5
MCP3138002G,200033256,Montgomery County Police,Property Damage Crash,2020-08-25 18:17:00,County,GOLD MINE RD,GEORGIA AVE,HEAD ON LEFT TURN,CLEAR,DRY,DAYLIGHT,TRAFFIC SIGNAL,Unknown,No,No Apparent Injury,NOT DISTRACTED,MD,Passenger Car,25,2019.0,Ford,FUSION,18,Tuesday,8
MCP2009002L,230060062,Montgomery County Police,Property Damage Crash,2023-10-12 12:11:00,Maryland (State),GEORGIA AVE,WHITE OAK DR,ANGLE MEETS RIGHT TURN,CLEAR,DRY,DAYLIGHT,NO CONTROLS,NONE DETECTED,Yes,No Apparent Injury,NOT DISTRACTED,MD,Passenger Car,35,2019.0,Toyota,CAMRY,12,Thursday,10
MCP3009004T,220027389,Montgomery County Police,Property Damage Crash,2022-06-25 11:21:00,Unknown,Unknown,Unknown,STRAIGHT MOVEMENT ANGLE,CLEAR,Unknown,DAYLIGHT,NO CONTROLS,Unknown,Yes,No Apparent Injury,NOT DISTRACTED,MD,Passenger Car,0,2017.0,Hyundai,SONATA,11,Saturday,6
MCP21080012,200011397,Montgomery County Police,Property Damage Crash,2020-03-08 04:10:00,County,RANDOLPH RD,SPUR TO PARKLAWN DR (CO 3234),STRAIGHT MOVEMENT ANGLE,CLEAR,DRY,DARK LIGHTS ON,TRAFFIC SIGNAL,NONE DETECTED,No,No Apparent Injury,NOT DISTRACTED,XX,Passenger Car,35,2012.0,Chev,CRUZ,4,Sunday,3
MCP3004000Q,16041462,Montgomery County Police,Injury Crash,2016-08-15 20:22:00,Maryland (State),MASSACHUSETTS AVE,WESTBARD AVE,HEAD ON LEFT TURN,RAINING,WET,DARK LIGHTS ON,TRAFFIC SIGNAL,NONE DETECTED,Yes,Suspected Minor Injury,LOOKED BUT DID NOT SEE,MD,Passenger Car,35,2002.0,Honda,ACCORD,20,Monday,8
MCP3090005T,220010708,Montgomery County Police,Injury Crash,2022-03-12 13:32:00,Unknown,Unknown,Unknown,OTHER,SNOW,Unknown,DAYLIGHT,Unknown,ALCOHOL PRESENT,Yes,Possible Injury,UNKNOWN,MD,Passenger Car,5,2009.0,Lexus,IS250,13,Saturday,3
MCP1174001W,17002207,Montgomery County Police,Property Damage Crash,2017-01-13 11:04:00,County,JONES BRIDGE RD,PLATT RIDGE DR,HEAD ON LEFT TURN,CLEAR,DRY,DAYLIGHT,TRAFFIC SIGNAL,NONE DETECTED,No,No Apparent Injury,NOT DISTRACTED,MD,(Sport) Utility Vehicle,35,2007.0,Chevy,SUBURBAN,11,Friday,1
MCP3193006X,250041514,MONTGOMERY,Property Damage Crash,2025-09-15 18:31:00,County Route,PRICHARD RD (EB/L),Unknown,Single Vehicle,Clear,Dry,Daylight,No Controls,"Not Suspect of Alcohol Use, Not Suspect of Drug Use",No,No Apparent Injury,Unknown,MD,Passenger Car,15,2004.0,Chevrolet,EXPRESS,18,Monday,9
DD559500DK,230030219,Rockville Police Departme,Property Damage Crash,2023-06-24 12:22:00,Maryland (State),ROCKVILLE PIKE,ENT TO BUSINESS,HEAD ON LEFT TURN,CLOUDY,WET,DAYLIGHT,NO CONTROLS,NONE DETECTED,Yes,No Apparent Injury,LOOKED BUT DID NOT SEE,GA,Passenger Car,35,2020.0,Mercedez,UT,12,Saturday,6
MCP3153003L,220003535,Montgomery County Police,Property Damage Crash,2022-01-27 08:20:00,County,HATHAWAY DR,FERNEDGE RD,ANGLE MEETS LEFT TURN,CLEAR,DRY,DAYLIGHT,NO CONTROLS,NONE DETECTED,Yes,No Apparent Injury,NOT DISTRACTED,MD,Passenger Car,25,2015.0,Toyt,RAV4,8,Thursday,1
MCP3107000D,180010392,Montgomery County Police,Injury Crash,2018-02-28 14:57:00,Maryland (State),ROCKVILLE PIKE,ENT TO FEDERAL PLAZA S.C.,HEAD ON LEFT TURN,CLEAR,DRY,DAYLIGHT,TRAFFIC SIGNAL,NONE DETECTED,Yes,No Apparent Injury,LOOKED BUT DID NOT SEE,MD,Passenger Car,40,2008.0,Hyun,2S,14,Wednesday,2
MCP0936001J,16022616,Montgomery County Police,Injury Crash,2016-05-07 09:16:00,Maryland (State),CONNECTICUT AVE,HOWARD AVE,SAME DIR REAR END,CLOUDY,DRY,DAYLIGHT,NO CONTROLS,NONE DETECTED,No,No Apparent Injury,NOT DISTRACTED,MD,Passenger Car,35,2013.0,Toyota,COROLLA,9,Saturday,5
MCP2746001M,16042461,Montgomery County Police,Property Damage Crash,2016-08-21 14:50:00,Maryland (State),GEORGIA AVE,BEL PRE RD,SAME DIR REAR END,RAINING,WET,DAYLIGHT,TRAFFIC SIGNAL,NONE DETECTED,No,No Apparent Injury,NOT DISTRACTED,VA,Passenger Car,50,2016.0,Hyundai,SONATA,14,Sunday,8
MCP3009000T,170539405,Montgomery County Police,Property Damage Crash,2017-10-28 03:17:00,Unknown,Unknown,Unknown,SINGLE VEHICLE,CLEAR,Unknown,DARK LIGHTS ON,NO CONTROLS,ILLEGAL DRUG CONTRIBUTED,Yes,No Apparent Injury,UNKNOWN,MD,Passenger Car,5,2003.0,Infinity,G35,3,Saturday,10
DM85000007,210029903,Takoma Park Police Depart,Property Damage Crash,2021-08-02 08:02:00,Maryland (State),PINEY BRANCH RD,TAKOMA AVE,HEAD ON,CLEAR,DRY,DAYLIGHT,NO CONTROLS,Unknown,No,No Apparent Injury,NOT DISTRACTED,MD,Passenger Car,30,2010.0,Cadi,4S,8,Monday,8
MCP2815000N,170535069,Montgomery County Police,Property Damage Crash,2017-10-06 07:45:00,Unknown,Unknown,Unknown,OTHER,Unknown,Unknown,DAYLIGHT,Unknown,UNKNOWN,Yes,No Apparent Injury,UNKNOWN,Unknown,Other,15,2015.0,Chry,TOWN & COUNTRY,7,Friday,10
MCP33120056,240037406,MONTGOMERY,Property Damage Crash,2024-08-08 11:30:00,Unknown,Unknown,Unknown,Other,Rain,Unknown,Daylight,Unknown,"Unknown, Unknown",No,Unknown,Unknown,Unknown,Passenger Car,0,2016.0,Mazda,CX-3,11,Thursday,8
MCP3282000B,210003970,Montgomery County Police,Property Damage Crash,2021-01-31 10:40:00,Unknown,Unknown,Unknown,HEAD ON,SNOW,Unknown,DAYLIGHT,NO CONTROLS,UNKNOWN,Yes,No Apparent Injury,UNKNOWN,XX,Pickup Truck,0,2005.0,Ford,F150,10,Sunday,1
MCP3438000C,250020209,MONTGOMERY,Injury Crash,2025-05-08 00:16:00,Maryland (State) Route,RIVER RD (WB/L),Unknown,Front to Front,Clear,Dry,Dark - Lighted,Flashing Traffic Control Signal,"Not Suspect of Alcohol Use, Not Suspect of Drug Use",Yes,Suspected Minor Injury,Not Distracted,MD,Passenger Car,35,2016.0,Chevrolet,CORVETTE,0,Thursday,5
MCP3329002P,240021299,MONTGOMERY,Property Damage Crash,2024-05-06 15:41:00,County Route,LOCKWOOD DR,Unknown,Angle,Clear,Dry,Daylight,Traffic Control Signal,"Not Suspect of Alcohol Use, Not Suspect of Drug Use",No,No Apparent Injury,Unknown,MD,Passenger Car,30,2018.0,Toyota,COROLLA,15,Monday,5
MCP2298006C,15051260,MONTGOMERY,Property Damage Crash,2015-10-09 14:50:00,Maryland (State),GERMANTOWN RD,CRYSTAL ROCK DR,SAME DIR REAR END,CLOUDY,DRY,DAYLIGHT,TRAFFIC SIGNAL,NONE DETECTED,No,No Apparent Injury,NOT DISTRACTED,MD,Passenger Car,40,2011.0,Mitz,LANCER,14,Friday,10
MCP2916001M,170521627,Montgomery County Police,Property Damage Crash,2017-07-28 09:12:00,Maryland (State),CHERRY HILL RD,PROSPERITY DR,SAME DIR REAR END,CLOUDY,WET,DAYLIGHT,TRAFFIC SIGNAL,UNKNOWN,Yes,No Apparent Injury,UNKNOWN,Unknown,Passenger Car,35,2013.0,Toyota,COROLLA,9,Friday,7
MCP2927001Q,170502342,Montgomery County Police,Property Damage Crash,2017-04-15 16:00:00,Maryland (State),GEORGIA AVE,TILTON DR,STRAIGHT MOVEMENT ANGLE,CLEAR,DRY,DAYLIGHT,NO CONTROLS,NONE DETECTED,No,No Apparent Injury,NOT DISTRACTED,MD,(Sport) Utility Vehicle,35,2011.0,Toyt,SU,16,Saturday,4
DD5508004Y,180038284,Rockville Police Departme,Property Damage Crash,2018-08-02 10:28:00,Unknown,Unknown,Unknown,SINGLE VEHICLE,CLOUDY,Unknown,DAYLIGHT,Unknown,NONE DETECTED,Yes,No Apparent Injury,UNKNOWN,MD,Passenger Car,5,2012.0,Jeep,LAREDO,10,Thursday,8
MCP2837002P,190004560,Montgomery County Police,Property Damage Crash,2019-01-29 13:31:00,County,CRABBS BRANCH WAY,REDLAND RD,HEAD ON LEFT TURN,SNOW,WET,DAYLIGHT,TRAFFIC SIGNAL,NONE DETECTED,No,No Apparent Injury,NOT DISTRACTED,MD,Van,40,2013.0,Toyota,SIENNA,13,Tuesday,1
MCP23560038,230050747,Montgomery County Police,Injury Crash,2023-08-22 17:25:00,County,E GUDE DR,FREDERICK RD,SAME DIR REAR END,CLEAR,DRY,DAYLIGHT,TRAFFIC SIGNAL,NONE DETECTED,No,Suspected Minor Injury,NOT DISTRACTED,MD,Passenger Car,40,2001.0,Lincoln,TOWN CAR,17,Tuesday,8
MCP2016004H,190041528,Montgomery County Police,Property Damage Crash,2019-08-30 12:31:00,Unknown,Unknown,Unknown,OTHER,CLEAR,Unknown,DAYLIGHT,Unknown,NONE DETECTED,Yes,No Apparent Injury,NOT DISTRACTED,MD,Passenger Car,15,2012.0,Dodge,CHARGER,12,Friday,8
MCP3150000G,180032133,Montgomery County Police,Injury Crash,2018-06-29 18:30:00,County,FOREST GLEN RD,SLIGO CREEK PKWY,STRAIGHT MOVEMENT ANGLE,CLEAR,DRY,DAYLIGHT,OTHER,Unknown,No,No Apparent Injury,NOT DISTRACTED,MD,Passenger Car,30,2011.0,Toyota,COROLA,18,Friday,6
MCP2656006Y,230027971,Montgomery County Police,Property Damage Crash,2023-06-10 18:00:00,County,WATERS LANDING DR,FATHER HURLEY BLVD,SAME DIR REAR END,Unknown,DRY,DAYLIGHT,TRAFFIC SIGNAL,Unknown,No,No Apparent Injury,NOT DISTRACTED,MD,(Sport) Utility Vehicle,25,2016.0,Acura,SUV,18,Saturday,6
MCP1465005R,220013347,Montgomery County Police,Property Damage Crash,2022-03-29 09:18:00,County,GOSHEN RD,ODENDHAL AVE,SAME DIR REAR END,CLEAR,DRY,DAYLIGHT,TRAFFIC SIGNAL,NONE DETECTED,No,No Apparent Injury,NOT DISTRACTED,MD,Passenger Car,35,2012.0,Volk,4S,9,Tuesday,3
MCP2455001G,17011162,Montgomery County Police,Property Damage Crash,2017-03-02 18:34:00,Maryland (State),DARNESTOWN RD,WYE OAK DR,SAME DIR REND LEFT TURN,Unknown,DRY,DUSK,Unknown,Unknown,No,No Apparent Injury,NOT DISTRACTED,MD,Passenger Car,40,2001.0,Bmw,530I,18,Thursday,3
MCP29660040,180012176,Montgomery County Police,Property Damage Crash,2018-03-10 19:11:00,Maryland (State),GEORGIA AVE,CONNECTICUT AVE,ANGLE MEETS LEFT TURN,CLEAR,DRY,DUSK,NO CONTROLS,NONE DETECTED,No,No Apparent Injury,NOT DISTRACTED,CA,Passenger Car,45,1998.0,Honda,4S,19,Saturday,3
MCP29660012,15050365,MONTGOMERY,Property Damage Crash,2015-10-05 08:25:00,County,DEAN RD,DALEWOOD DR,HEAD ON,CLEAR,DRY,DAYLIGHT,NO CONTROLS,NONE DETECTED,No,No Apparent Injury,NOT DISTRACTED,MD,Passenger Car,25,1998.0,Honda,ACCORD,8,Monday,10
MCP2698001Q,16042432,Montgomery County Police,Property Damage Crash,2016-08-21 11:02:00,County,RANDOLPH RD,KEMP MILL RD,SAME DIR REAR END,CLOUDY,WET,DAYLIGHT,TRAFFIC SIGNAL,NONE DETECTED,No,No Apparent Injury,UNKNOWN,MD,Passenger Car,40,2004.0,Honda,ODYSSEY,11,Sunday,8
MCP14360005,180045158,Montgomery County Police,Injury Crash,2018-09-10 13:39:00,County,E GUDE DR,CALHOUN DR,SAME DIR REAR END,RAINING,WET,DAYLIGHT,Unknown,NONE DETECTED,No,No Apparent Injury,NOT DISTRACTED,DC,Other Bus,35,2005.0,Nfly,BU,13,Monday,9
EJ7889001Q,210052383,Gaithersburg Police Depar,Property Damage Crash,2021-12-23 17:31:00,Maryland (State),S FREDERICK RD,W DEER PARK RD,STRAIGHT MOVEMENT ANGLE,CLEAR,DRY,DUSK,TRAFFIC SIGNAL,NONE DETECTED,Yes,No Apparent Injury,NOT DISTRACTED,MD,Passenger Car,35,2012.0,Honda,CIVIC,17,Thursday,12
MCP3114002W,230005219,Montgomery County Police,Property Damage Crash,2023-02-01 10:52:00,US (State),COLESVILLE RD,FRANKLIN AVE,SAME DIR REAR END,CLEAR,DRY,DAYLIGHT,TRAFFIC SIGNAL,Unknown,No,No Apparent Injury,NOT DISTRACTED,MD,Passenger Car,40,2019.0,Toyt,UT,10,Wednesday,2
MCP31170015,180051908,Montgomery County Police,Injury Crash,2018-10-16 21:50:00,Maryland (State),ROCKVILLE PIKE,W EDMONSTON DR,SAME DIR REAR END,CLEAR,DRY,DARK LIGHTS ON,TRAFFIC SIGNAL,Unknown,No,Possible Injury,NOT DISTRACTED,MD,Police Vehicle/Emergency,40,2014.0,Ford,EXPLORER,21,Tuesday,10
EJ7851005R,200027365,Gaithersburg Police Depar,Injury Crash,2020-07-14 18:00:00,Maryland (State),FREDERICK RD,CHRISTOPHER AVE,HEAD ON LEFT TURN,CLEAR,DRY,DAYLIGHT,TRAFFIC SIGNAL,UNKNOWN,Yes,No Apparent Injury,UNKNOWN,Unknown,Passenger Car,30,2017.0,Mercedes,TK,18,Tuesday,7
DD56740029,250052310,ROCKVILLE,Injury Crash,2025-11-21 17:06:00,Maryland (State) Route,W MONTGOMERY AVE (WB/L),Unknown,Angle,Cloudy,Dry,Dark - Lighted,Traffic Control Signal,"Unknown, Unknown",No,Suspected Minor Injury,Unknown,MD,Passenger Car,45,2021.0,Mazda,CX-5,17,Friday,11
DD55290021,17014500,Rockville Police Departme,Property Damage Crash,2017-03-21 18:32:00,Municipality,GRANDIN AVE,BROADWOOD DR,STRAIGHT MOVEMENT ANGLE,CLEAR,DRY,DAYLIGHT,STOP SIGN,NONE DETECTED,Yes,No Apparent Injury,UNKNOWN,MD,Passenger Car,25,2007.0,Mazda,4H,18,Tuesday,3
MCP22660007,200008668,Montgomery County Police,Property Damage Crash,2020-02-21 10:55:00,Maryland (State),W DIAMOND AVE,BUREAU DR,SAME DIR BOTH LEFT TURN,CLEAR,DRY,DAYLIGHT,TRAFFIC SIGNAL,NONE DETECTED,Yes,No Apparent Injury,NOT DISTRACTED,VA,Truck Tractor,35,2020.0,Peterbilt,TT,10,Friday,2
MCP29210032,190026949,Montgomery County Police,Property Damage Crash,2019-06-05 20:26:00,Maryland (State),FREDERICK RD,ENT TO MILESTONE SHOPPING CENTER,HEAD ON LEFT TURN,CLEAR,DRY,DAYLIGHT,TRAFFIC SIGNAL,NONE DETECTED,Yes,No Apparent Injury,LOOKED BUT DID NOT SEE,MD,Passenger Car,45,2009.0,Honda,CIVIC,20,Wednesday,6
MCP3378000L,230052422,Montgomery County Police,Injury Crash,2023-08-31 12:00:00,Unknown,Unknown,Unknown,SAME DIR REAR END,CLEAR,Unknown,DAYLIGHT,NO CONTROLS,NONE DETECTED,Yes,No Apparent Injury,LOOKED BUT DID NOT SEE,DE,Passenger Car,5,2011.0,Toyt,CAMRY,12,Thursday,8
MCP3005007M,230060937,Montgomery County Police,Property Damage Crash,2023-10-16 19:33:00,Maryland (State),GEORGIA AVE,LINDELL ST,HEAD ON LEFT TURN,CLEAR,DRY,DARK LIGHTS ON,NO CONTROLS,NONE DETECTED,Yes,No Apparent Injury,LOOKED BUT DID NOT SEE,MD,Passenger Car,35,2021.0,Honda,ACCORD,19,Monday,10
DD5648000P,220016217,Rockville Police Departme,Property Damage Crash,2022-04-16 22:28:00,Maryland (State),NORBECK RD,FIRST ST SPUR,SAME DIRECTION SIDESWIPE,Unknown,DRY,DARK LIGHTS ON,Unknown,Unknown,No,No Apparent Injury,NOT DISTRACTED,MD,(Sport) Utility Vehicle,45,2019.0,Toyota,RAV4,22,Saturday,4
MCP1113000M,15058115,MONTGOMERY,Injury Crash,2015-11-14 10:34:00,Maryland (State),RIDGE RD,BETHESDA CHURCH RD,STRAIGHT MOVEMENT ANGLE,CLEAR,DRY,DAYLIGHT,TRAFFIC SIGNAL,NONE DETECTED,Yes,No Apparent Injury,LOOKED BUT DID NOT SEE,MD,(Sport) Utility Vehicle,30,2002.0,Niss,XTERRA,10,Saturday,11
EJ7836000L,170508461,Gaithersburg Police Depar,Property Damage Crash,2017-05-18 11:00:00,Unknown,Unknown,Unknown,OTHER,CLEAR,Unknown,DAYLIGHT,Unknown,UNKNOWN,Yes,No Apparent Injury,UNKNOWN,MD,"Cargo Van/Light Truck 2 Axles (Over 10,000Lbs (4,536 Kg))",15,1998.0,Util,DS,11,Thursday,5
MCP3251001M,250026939,MONTGOMERY,Property Damage Crash,2025-06-16 22:10:00,Private Route,Unknown,Unknown,Angle,Rain,Wet,Dark - Lighted,No Controls,"Not Suspect of Alcohol Use, Not Suspect of Drug Use",Yes,No Apparent Injury,Not Distracted,MD,Passenger Car,25,2023.0,Volkswagen,TAOS,22,Monday,6
MCP2753005S,220044128,Montgomery County Police,Injury Crash,2022-10-09 13:29:00,Maryland (State),DR BIRD RD,NORWOOD RD,SAME DIR REAR END,CLEAR,DRY,DAYLIGHT,TRAFFIC SIGNAL,NONE DETECTED,Yes,No Apparent Injury,NOT DISTRACTED,MD,Passenger Car,35,2001.0,Toyt,SD,13,Sunday,10
MCP3107003B,250024516,MONTGOMERY,Property Damage Crash,2025-06-02 15:17:00,County Route,SHADY GROVE RD,Unknown,Front to Rear,Clear,Dry,Daylight,Traffic Control Signal,"Unknown, Unknown",No,Unknown,Unknown,Unknown,Pickup,40,2020.0,Chevrolet,SILVERADO,15,Monday,6
MCP3161003Q,220008436,Montgomery County Police,Property Damage Crash,2022-02-26 18:50:00,Maryland (State),CONNECTICUT AVE,PLYERS MILL RD,SAME DIRECTION SIDESWIPE,CLEAR,DRY,DARK LIGHTS ON,TRAFFIC SIGNAL,NONE DETECTED,No,No Apparent Injury,NOT DISTRACTED,MD,Ambulance/Emergency,35,2016.0,Frht,AMBULANCE,18,Saturday,2
MCP30370066,240026807,MONTGOMERY,Injury Crash,2024-06-05 16:07:00,County Route,SHAKESPEARE BLVD,FREDERICK RD (SB/L),Front to Front,Rain,Wet,Daylight,Traffic Control Signal,"Not Suspect of Alcohol Use, Not Suspect of Drug Use",No,Possible Injury,Not Distracted,MD,Passenger Car,40,1999.0,Toyota,CAMRY,16,Wednesday,6
MCP2931006L,230022674,Montgomery County Police,Property Damage Crash,2023-05-11 18:15:00,Municipality,WOOTTON PKWY,PRESERVE PKWY,SAME DIR REAR END,CLEAR,DRY,DAYLIGHT,NO CONTROLS,NONE DETECTED,No,No Apparent Injury,NOT DISTRACTED,MD,"Other Light Trucks (10,000Lbs (4,536Kg) Or Less)",35,2015.0,Ford,F450,18,Thursday,5
MCP1119007X,190053834,Montgomery County Police,Property Damage Crash,2019-11-08 09:56:00,County,RANDOLPH RD,VEIRS MILL RD,OTHER,CLEAR,DRY,DAYLIGHT,NO CONTROLS,NONE DETECTED,No,No Apparent Injury,NOT DISTRACTED,MD,Van,35,2018.0,Ford,TRANSIT 350,9,Friday,11
MCP2910002L,16040525,Montgomery County Police,Property Damage Crash,2016-08-10 13:39:00,Maryland (State),OLD COLUMBIA PIKE,ENT TO BURTONSVILLE SHOPPING CENTER,STRAIGHT MOVEMENT ANGLE,CLEAR,DRY,DAYLIGHT,NO CONTROLS,NONE DETECTED,Yes,No Apparent Injury,LOOKED BUT DID NOT SEE,MD,Unknown,30,2016.0,Mail,TRUCK,13,Wednesday,8
MCP3335002Z,240037081,MONTGOMERY,Property Damage Crash,2024-08-06 15:37:00,County Route,GARLAND AVE,Unknown,"Sideswipe, Same Direction",Clear,Dry,Daylight,Traffic Control Signal,"Not Suspect of Alcohol Use, Not Suspect of Drug Use",No,No Apparent Injury,Not Distracted,MD,Other Trucks,30,2002.0,Ford,F-550,15,Tuesday,8
MCP23580011,15031442,Montgomery County Police,Property Damage Crash,2015-06-27 15:20:00,County,MACARTHUR BLVD,WALHONDING RD,SINGLE VEHICLE,RAINING,WET,DAYLIGHT,NO CONTROLS,NONE DETECTED,Yes,No Apparent Injury,NOT DISTRACTED,MD,Passenger Car,40,2001.0,Honda,CIVIC,15,Saturday,6
MCP2203007W,230072570,Montgomery County Police,Property Damage Crash,2023-12-19 14:05:00,County,AMHERST AVE,BLUERIDGE AVE,SAME DIR REAR END,CLEAR,DRY,DAYLIGHT,STOP SIGN,NONE DETECTED,Yes,No Apparent Injury,NOT DISTRACTED,MD,Other,25,2000.0,Ford,UTILIMASTER,14,Tuesday,12
MCP1174005C,220026118,Montgomery County Police,Property Damage Crash,2022-06-17 14:35:00,Maryland (State),WISCONSIN AVE,ROSEDALE AVE,SAME DIRECTION LEFT TURN,CLEAR,DRY,DAYLIGHT,NO CONTROLS,NONE DETECTED,No,No Apparent Injury,NOT DISTRACTED,VA,"Cargo Van/Light Truck 2 Axles (Over 10,000Lbs (4,536 Kg))",25,2017.0,Ford,TRUCK,14,Friday,6
MCP28120043,180051117,Montgomery County Police,Injury Crash,2018-10-12 15:24:00,County,DENNIS AVE,DOUGLAS AVE,STRAIGHT MOVEMENT ANGLE,CLEAR,DRY,DAYLIGHT,STOP SIGN,Unknown,Yes,No Apparent Injury,NOT DISTRACTED,MD,Passenger Car,25,2010.0,Toyota,COROLLA,15,Friday,10
MCP3212002W,210029121,Montgomery County Police,Property Damage Crash,2021-07-27 16:37:00,US (State),COLESVILLE RD,ROWEN RD,SAME DIRECTION SIDESWIPE,CLEAR,DRY,DAYLIGHT,TRAFFIC SIGNAL,NONE DETECTED,Yes,No Apparent Injury,LOOKED BUT DID NOT SEE,VA,Passenger Car,35,2011.0,Merc,UT,16,Tuesday,7
MCP2270002K,230071063,Montgomery County Police,Injury Crash,2023-12-11 11:30:00,County,FALLS RD,ENT SHOPPING CENTER,ANGLE MEETS LEFT TURN,CLEAR,WET,DAYLIGHT,TRAFFIC SIGNAL,NONE DETECTED,Yes,No Apparent Injury,INATTENTIVE OR LOST IN THOUGHT,MD,Passenger Car,25,2011.0,Toyt,4S,11,Monday,12
MCP2438001L,170542486,Montgomery County Police,Property Damage Crash,2017-11-14 18:17:00,Maryland (State),CONNECTICUT AVE,EAST WEST HWY,SAME DIR REAR END,CLEAR,DRY,DARK -- UNKNOWN LIGHTING,TRAFFIC SIGNAL,Unknown,No,No Apparent Injury,NOT DISTRACTED,MD,Passenger Car,35,2010.0,Toyota,COROLLA,18,Tuesday,11
MCP209400LR,230014993,Montgomery County Police,Injury Crash,2023-03-28 14:41:00,County,WHITTIER BLVD,LENOX RD,ANGLE MEETS LEFT TURN,CLEAR,DRY,DAYLIGHT,STOP SIGN,NONE DETECTED,No,Possible Injury,NOT DISTRACTED,MD,(Sport) Utility Vehicle,25,2016.0,Lndr,RANG ROVER,14,Tuesday,3