Report Number,Local Case Number,Agency Name,ACRS Report Type,Crash Date/Time,Route Type,Road Name,Cross-Street Name,Collision Type,Weather,Surface Condition,Light,Traffic Control,Driver Substance Abuse,Driver At Fault,Injury Severity,Driver Distracted By,Drivers License State,Vehicle Body Type,Speed Limit,Vehicle Year,Vehicle Make,Vehicle Model,Crash Hour,Crash Day,Crash Month
MCP3212001Z,200035908,Montgomery County Police,Property Damage Crash,2020-09-13 17:34:00,Unknown,Unknown,Unknown,OTHER,CLEAR,Unknown,DAYLIGHT,Unknown,NONE DETECTED,Yes,No Apparent Injury,OTHER DISTRACTION,MD,Passenger Car,5,2011.0,Honda,4S,17,Sunday,9
MCP3444000N,250032766,MONTGOMERY,Property Damage Crash,2025-07-22 18:50:00,Maryland (State) Route,PHILADELPHIA AVE (WB/L),Unknown,"Sideswipe, Same Direction",Clear,Dry,Daylight,Traffic Control Signal,"Not Suspect of Alcohol Use, Not Suspect of Drug Use",No,No Apparent Injury,Not Distracted,MD,Bus - Transit,25,2019.0,New Flyer,XCELSIOR,18,Tuesday,7
MCP31610063,230071764,Montgomery County Police,Property Damage Crash,2023-12-14 17:05:00,Maryland (State),CONNECTICUT AVE,JONES BRIDGE RD,SAME DIRECTION SIDESWIPE,CLEAR,DRY,DUSK,TRAFFIC SIGNAL,NONE DETECTED,Yes,No Apparent Injury,UNKNOWN,MD,School Bus,35,2015.0,Thomas,SCHOOL BUS,17,Thursday,12
MCP3074004K,210001523,Montgomery County Police,Property Damage Crash,2021-01-12 18:05:00,County,FLOWER AVE,E WAYNE AVE,SAME DIR REAR END,CLEAR,DRY,DARK LIGHTS ON,TRAFFIC SIGNAL,Unknown,No,No Apparent Injury,NOT DISTRACTED,MD,Van,25,2017.0,Ford,VAN,18,Tuesday,1
MCP2425007H,16048492,Montgomery County Police,Injury Crash,2016-09-21 09:13:00,County,FOREST GLEN RD,FOREST GROVE DR,SAME DIRECTION SIDESWIPE,CLEAR,DRY,DAYLIGHT,NO CONTROLS,NONE DETECTED,No,No Apparent Injury,NOT DISTRACTED,MD,Passenger Car,30,2002.0,Mazda,TRIBUTE,9,Wednesday,9
MCP2784001Z,15056013,MONTGOMERY,Property Damage Crash,2015-11-03 16:15:00,Maryland (State),NEW HAMPSHIRE AVE,NORBECK RD,STRAIGHT MOVEMENT ANGLE,CLEAR,DRY,DAYLIGHT,TRAFFIC SIGNAL,NONE DETECTED,Yes,No Apparent Injury,UNKNOWN,MD,Passenger Car,45,2012.0,Ford,450,16,Tuesday,11
MCP1472001G,180020459,Montgomery County Police,Injury Crash,2018-04-26 16:50:00,County,MIDDLEBROOK RD,GREAT SENECA HWY,SAME DIR REAR END,CLEAR,DRY,DAYLIGHT,TRAFFIC SIGNAL,COMBINATION CONTRIBUTED,Yes,No Apparent Injury,UNKNOWN,MD,(Sport) Utility Vehicle,40,2008.0,Hond,CRV,16,Thursday,4
MCP31500008,180014403,Montgomery County Police,Property Damage Crash,2018-03-23 16:06:00,US (State),COLESVILLE RD,DALE DR,OTHER,CLEAR,DRY,DAYLIGHT,TRAFFIC SIGNAL,NONE DETECTED,Unknown,No Apparent Injury,UNKNOWN,MD,Transit Bus,35,2014.0,Gill,BU,16,Friday,3
MCP2765004V,180048725,Montgomery County Police,Injury Crash,2018-09-29 17:10:00,County,TRAVILLE  GATEWAY DR,SHADY GROVE RD,HEAD ON LEFT TURN,CLEAR,DRY,DAYLIGHT,TRAFFIC SIGNAL,NONE DETECTED,No,No Apparent Injury,NOT DISTRACTED,MD,Passenger Car,35,2017.0,Toyt,COROLLA,17,Saturday,9
MCP3101001G,190003212,Montgomery County Police,Injury Crash,2019-01-21 09:20:00,County,SNOUFFERS SCHOOL RD,CENTERWAY RD,HEAD ON LEFT TURN,CLEAR,DRY,DAYLIGHT,NO CONTROLS,NONE DETECTED,No,Possible Injury,NOT DISTRACTED,MD,Passenger Car,30,2005.0,Toyota,SIENNA,9,Monday,1
MCP3027001N,180026288,Montgomery County Police,Property Damage Crash,2018-05-29 08:07:00,US (State),GEORGIA AVE,KING ST,HEAD ON LEFT TURN,Unknown,DRY,DAYLIGHT,NO CONTROLS,Unknown,No,No Apparent Injury,NOT DISTRACTED,DC,Transit Bus,35,2010.0,New Flyer,TBU,8,Tuesday,5
MCP2767001X,16043528,Montgomery County Police,Property Damage Crash,2016-08-26 21:50:00,Maryland (State),GEORGIA AVE,PLYERS MILL RD,SAME DIRECTION LEFT TURN,CLEAR,DRY,DARK LIGHTS ON,OTHER,UNKNOWN,Yes,No Apparent Injury,UNKNOWN,Unknown,Passenger Car,35,2012.0,Toyt,CAMRY,21,Friday,8
MCP28000034,180025217,Montgomery County Police,Property Damage Crash,2018-05-23 00:12:00,Maryland (State),WISCONSIN AVE,WOODMONT AVE,SAME DIR REAR END,CLEAR,DRY,DARK LIGHTS ON,TRAFFIC SIGNAL,ALCOHOL PRESENT,Yes,No Apparent Injury,LOOKED BUT DID NOT SEE,MD,Passenger Car,35,2018.0,Chevrolet,2S,0,Wednesday,5
MCP13780164,230060921,Montgomery County Police,Injury Crash,2023-10-16 18:47:00,Maryland (State),FREDERICK RD,WATKINS MILL RD,STRAIGHT MOVEMENT ANGLE,CLOUDY,DRY,DARK LIGHTS ON,TRAFFIC SIGNAL,NONE DETECTED,Yes,Possible Injury,NOT DISTRACTED,MD,Passenger Car,40,2000.0,Chev,CORVETTE,18,Monday,10
MCP3397000F,240017116,MONTGOMERY,Property Damage Crash,2024-04-12 22:18:00,Maryland (State) Route,NEW HAMPSHIRE AVE,Unknown,Front to Rear,Clear,Dry,Dark - Lighted,No Controls,"Unknown, Unknown",No,No Apparent Injury,Unknown,MD,Passenger Car,40,2012.0,Nissan,ROGUE,22,Friday,4
MCP1378008Z,16016816,Montgomery County Police,Property Damage Crash,2016-04-06 15:20:00,Maryland (State),GEORGIA AVE,NORBECK RD,SAME DIRECTION SIDESWIPE,CLEAR,DRY,DAYLIGHT,TRAFFIC SIGNAL,UNKNOWN,Yes,No Apparent Injury,UNKNOWN,Unknown,Passenger Car,45,2008.0,Toyota,CAMRY,15,Wednesday,4
MCP9428001N,170535611,Montgomery County Police,Property Damage Crash,2017-10-09 11:25:00,Maryland (State),GERMANTOWN RD,RAMP 5 FR RAMP 8 (FR IS270) TO MD 118 EB,SAME DIR REAR END,CLOUDY,WET,DAYLIGHT,TRAFFIC SIGNAL,NONE DETECTED,No,No Apparent Injury,NOT DISTRACTED,MD,Passenger Car,40,2015.0,Toyota,CAMRY,11,Monday,10
MCP3337002Y,240041590,MONTGOMERY,Property Damage Crash,2024-09-02 17:47:00,County Route,CENTERHILL ST,Unknown,"Sideswipe, Same Direction",Clear,Dry,Daylight,No Controls,"Not Suspect of Alcohol Use, Not Suspect of Drug Use",Yes,No Apparent Injury,Unknown,MD,Passenger Car,25,2020.0,Jeep,CHEROKEE,17,Monday,9
MCP2877003F,170500662,Montgomery County Police,Property Damage Crash,2017-04-06 08:45:00,Maryland (State),GEORGIA AVE,BELVEDERE BLVD,SAME DIR REAR END,CLEAR,DRY,OTHER,NO CONTROLS,NONE DETECTED,No,No Apparent Injury,NOT DISTRACTED,MD,Van,35,2002.0,Ford,EXPRESS,8,Thursday,4
MCP26670043,170542014,Montgomery County Police,Property Damage Crash,2017-11-10 10:15:00,Maryland (State),MONTGOMERY VILLAGE AVE,SPUR TO LOST KNIFE RD,SAME DIR REAR END,CLEAR,DRY,DAYLIGHT,NO CONTROLS,NONE DETECTED,No,No Apparent Injury,NOT DISTRACTED,MD,Transit Bus,35,2014.0,Gill,BUS,10,Friday,11
EJ77810028,190045083,Gaithersburg Police Depar,Property Damage Crash,2019-09-20 13:09:00,Maryland (State),FREDERICK RD,ODENDHAL AVE,SAME DIRECTION SIDESWIPE,CLEAR,DRY,DAYLIGHT,TRAFFIC SIGNAL,NONE DETECTED,Yes,No Apparent Injury,NOT DISTRACTED,MD,Passenger Car,30,2014.0,Honda,CRV,13,Friday,9
DD559500D8,230021931,Rockville Police Departme,Property Damage Crash,2023-05-08 09:20:00,Municipality,E GUDE DR,ROTHGEB DR,OTHER,CLEAR,DRY,DAYLIGHT,Unknown,NONE DETECTED,No,No Apparent Injury,UNKNOWN,GA,Passenger Car,40,2016.0,Nissan,ROGUE,9,Monday,5
MCP3051000L,170531996,Montgomery County Police,Property Damage Crash,2017-09-21 17:22:00,Maryland (State),WISCONSIN AVE,LELAND ST,HEAD ON LEFT TURN,CLEAR,DRY,DAYLIGHT,TRAFFIC SIGNAL,NONE DETECTED,Yes,No Apparent Injury,UNKNOWN,DC,Passenger Car,25,2008.0,Lexus,RX400H,17,Thursday,9
MCP29610043,220028898,Montgomery County Police,Property Damage Crash,2022-07-05 23:55:00,County,LONGMEAD CROSSING DR,WINTERGATE DR,SAME DIR REAR END,CLEAR,DRY,DARK LIGHTS ON,NO CONTROLS,ALCOHOL PRESENT,Yes,No Apparent Injury,UNKNOWN,MD,Passenger Car,35,2022.0,Chevy,4D,23,Tuesday,7
MCP2776003Z,220042732,Montgomery County Police,Injury Crash,2022-09-30 19:04:00,Maryland (State),GEORGIA AVE,DAMASCUS RD,SAME DIR REAR END,Unknown,WET,DARK LIGHTS ON,TRAFFIC SIGNAL,NONE DETECTED,Yes,No Apparent Injury,UNKNOWN,MD,Passenger Car,30,2005.0,Jeep,TK,19,Friday,9
MCP2783000P,15059187,MONTGOMERY,Injury Crash,2015-08-06 23:19:00,County,CONNECTICUT AVE,GEORGIA AVE,ANGLE MEETS RIGHT TURN,RAINING,WET,DARK LIGHTS ON,STOP SIGN,NONE DETECTED,No,Suspected Minor Injury,UNKNOWN,MD,Passenger Car,40,2004.0,Honda,CIVIC,23,Thursday,8
MCP30510027,180050515,Montgomery County Police,Property Damage Crash,2018-10-09 16:55:00,Maryland (State),CONNECTICUT AVE,CHEVY CHASE CIR,SAME DIR REAR END,CLEAR,DRY,DAYLIGHT,YIELD SIGN,NONE DETECTED,No,No Apparent Injury,NOT DISTRACTED,MD,Passenger Car,30,2011.0,Hyundai,SONATA,16,Tuesday,10
MCP2181003R,200050123,Montgomery County Police,Property Damage Crash,2020-12-21 09:18:00,Maryland (State),RIDGE RD,OAK DR,SAME DIR REAR END,FOGGY,WET,DAYLIGHT,TRAFFIC SIGNAL,Unknown,No,No Apparent Injury,NOT DISTRACTED,MD,(Sport) Utility Vehicle,40,2019.0,Acura,MDX,9,Monday,12
MCP3233003H,220049705,Montgomery County Police,Property Damage Crash,2022-11-08 19:52:00,County,ADELPHI RD,NEW HAMPSHIRE AVE,SAME DIR BOTH LEFT TURN,CLEAR,DRY,DARK LIGHTS ON,TRAFFIC SIGNAL,NONE DETECTED,Yes,No Apparent Injury,NOT DISTRACTED,MD,Transit Bus,35,2014.0,Nabi,TBU,19,Tuesday,11
EJ7884002G,210027408,Gaithersburg Police Depar,Property Damage Crash,2021-07-15 18:37:00,Maryland (State),CLOPPER RD,W WATKINS MILL RD,STRAIGHT MOVEMENT ANGLE,CLEAR,DRY,DAYLIGHT,TRAFFIC SIGNAL,NONE DETECTED,Yes,No Apparent Injury,LOOKED BUT DID NOT SEE,MD,Passenger Car,35,2017.0,Toyota,COROLLA,18,Thursday,7
MCP2959000Z,15048384,MONTGOMERY,Property Damage Crash,2015-09-24 07:45:00,County,E RANDOLPH RD,NEW HAMPSHIRE AVE,SAME DIR REAR END,Unknown,DRY,DAYLIGHT,TRAFFIC SIGNAL,UNKNOWN,Yes,No Apparent Injury,UNKNOWN,Unknown,Passenger Car,35,2005.0,Honda,ACCORD,7,Thursday,9
DD5615006Q,190002029,Rockville Police Departme,Injury Crash,2019-01-13 15:18:00,Municipality,RESEARCH BLVD,W MONTGOMERY AVE,SINGLE VEHICLE,SNOW,SNOW,DAYLIGHT,NO CONTROLS,NONE DETECTED,Yes,No Apparent Injury,NOT DISTRACTED,MD,Passenger Car,35,2000.0,Merc,4S,15,Sunday,1
MCP2412000L,170544945,Montgomery County Police,Property Damage Crash,2017-11-26 05:26:00,County,RUATAN ST,11TH AVE,SAME DIRECTION SIDESWIPE,CLEAR,DRY,DARK LIGHTS ON,NO CONTROLS,UNKNOWN,Yes,No Apparent Injury,UNKNOWN,Unknown,Passenger Car,25,2015.0,Toyota,SIENNA,5,Sunday,11
MCP28350034,230056424,Montgomery County Police,Property Damage Crash,2023-09-23 01:46:00,Maryland (State),EAST WEST HWY,SUNDALE DR,SINGLE VEHICLE,RAINING,WET,DARK LIGHTS ON,TRAFFIC SIGNAL,NONE DETECTED,Yes,No Apparent Injury,LOOKED BUT DID NOT SEE,XX,Van,35,2004.0,Ford,E250,1,Saturday,9
MCP3017000D,170536730,Montgomery County Police,Property Damage Crash,2017-10-15 03:00:00,Municipality,RUSSELL AVE,ODENDHAL AVE,STRAIGHT MOVEMENT ANGLE,RAINING,WET,DARK LIGHTS ON,TRAFFIC SIGNAL,NONE DETECTED,No,No Apparent Injury,NOT DISTRACTED,MD,Passenger Car,35,2005.0,Toyt,TK,3,Sunday,10
MCP3079000G,170533561,Montgomery County Police,Property Damage Crash,2017-09-28 05:45:00,Maryland (State),FREDERICK RD,RIDGE RD,STRAIGHT MOVEMENT ANGLE,CLEAR,DRY,DARK LIGHTS ON,TRAFFIC SIGNAL,NONE DETECTED,Yes,No Apparent Injury,NOT DISTRACTED,MD,Passenger Car,40,2007.0,Hyundai,SANTA FE,5,Thursday,9
EJ78520096,240002271,GAITHERSBURG,Injury Crash,2024-01-14 18:46:00,Private Route,Unknown,Unknown,Single Vehicle,Clear,Dry,Dark - Lighted,Pedestrian Crossing,"Not Suspect of Alcohol Use, Not Suspect of Drug Use",No,No Apparent Injury,Not Distracted,MD,Passenger Car,40,1997.0,Honda,ACCORD,18,Sunday,1
MCP2849003J,200015793,Montgomery County Police,Property Damage Crash,2020-04-12 17:21:00,Maryland (State),NEW HAMPSHIRE AVE,RAMP 7 FR MD 200 WB TO MD 650 SB,OPPOSITE DIR BOTH LEFT TURN,CLOUDY,DRY,DAYLIGHT,TRAFFIC SIGNAL,NONE DETECTED,Yes,No Apparent Injury,UNKNOWN,MD,Passenger Car,45,2005.0,Honda,CIVIC,17,Sunday,4
MCP2951001L,16026656,Montgomery County Police,Property Damage Crash,2016-05-28 19:23:00,County,CONNECTICUT AVE,GRAND PRE RD,SAME DIR REAR END,CLEAR,DRY,DAYLIGHT,PERSON,NONE DETECTED,No,No Apparent Injury,NOT DISTRACTED,MD,Passenger Car,45,2002.0,Acur,4S,19,Saturday,5
MCP3255005T,240028021,MONTGOMERY,Injury Crash,2024-06-12 18:00:00,County Route,Unknown,ELLINGTON BLVD RIO BLVD,"Sideswipe, Same Direction",Clear,Dry,Daylight,Traffic Control Signal,"Not Suspect of Alcohol Use, Not Suspect of Drug Use",No,No Apparent Injury,Not Distracted,MD,Passenger Car,35,2002.0,Acura,TLX,18,Wednesday,6
MCP2160003P,250044016,MONTGOMERY,Property Damage Crash,2025-09-30 18:25:00,County Route,CENTERWAY RD,MONTGOMERY VILLAGE AVE,Angle,Clear,Dry,Daylight,Traffic Control Signal,"Not Suspect of Alcohol Use, Not Suspect of Drug Use",Yes,No Apparent Injury,Not Distracted,MD,Passenger Car,35,2025.0,Toyota,RAV4,18,Tuesday,9
MCP2353000W,15009599,Montgomery County Police,Injury Crash,2015-02-28 08:09:00,County,NORWOOD RD,HOLLY GROVE RD,SINGLE VEHICLE,CLEAR,Unknown,DAYLIGHT,NO CONTROLS,NONE DETECTED,Yes,Possible Injury,NOT DISTRACTED,MD,Passenger Car,40,2009.0,Mitsubishi,ECLIPSE,8,Saturday,2
DD5611000D,15043200,ROCKVILLE,Injury Crash,2015-08-28 11:22:00,Municipality,S WASHINGTON ST,MARYLAND AVE,SAME DIR REAR END,CLEAR,DRY,DAYLIGHT,STOP SIGN,NONE DETECTED,Yes,No Apparent Injury,NOT DISTRACTED,DC,Passenger Car,25,2007.0,Acura,TSX,11,Friday,8
MCP13820056,190045046,Montgomery County Police,Property Damage Crash,2019-09-20 09:18:00,County,ELTON RD,NEW HAMPSHIRE AVE,SAME DIRECTION RIGHT TURN,CLEAR,DRY,DAYLIGHT,NO CONTROLS,NONE DETECTED,No,No Apparent Injury,NOT DISTRACTED,MD,"Cargo Van/Light Truck 2 Axles (Over 10,000Lbs (4,536 Kg))",25,2010.0,International,TRUCK,9,Friday,9
DD5621002B,180023739,Rockville Police Departme,Property Damage Crash,2018-05-14 18:49:00,Municipality,E GUDE DR,ROTHGEB DR,STRAIGHT MOVEMENT ANGLE,RAINING,WET,DUSK,NO CONTROLS,NONE DETECTED,No,No Apparent Injury,NOT DISTRACTED,MD,Passenger Car,40,2014.0,Toytoa,2D,18,Monday,5
MCP3262001V,220024996,Montgomery County Police,Injury Crash,2022-06-10 21:00:00,County,LOCKWOOD DR,DECEMBER DR,SINGLE VEHICLE,CLEAR,DRY,DARK LIGHTS ON,NO CONTROLS,NONE DETECTED,Yes,Possible Injury,UNKNOWN,MD,Passenger Car,25,2015.0,Toyota,CAMRY,21,Friday,6
MCP292300CL,240028805,MONTGOMERY,Property Damage Crash,2024-06-17 14:12:00,Local Route,METRORAIL TRACK B2 RAIL,Unknown,Front to Rear,Clear,Dry,Daylight,No Controls,"Not Suspect of Alcohol Use, Not Suspect of Drug Use",Yes,No Apparent Injury,Not Distracted,MD,Sport Utility Vehicle,35,2007.0,Chevrolet,EQUINOX,14,Monday,6
MCP3436000F,250020525,MONTGOMERY,Property Damage Crash,2025-05-09 19:06:00,Maryland (State) Route,PINEY BRANCH RD,Unknown,"Sideswipe, Same Direction",Clear,Dry,Daylight,No Controls,"Not Suspect of Alcohol Use, Not Suspect of Drug Use",No,No Apparent Injury,Not Distracted,DC,Passenger Car,35,2021.0,Bmw,228I,19,Friday,5
MCP34070025,260001381,MONTGOMERY,Property Damage Crash,2026-01-09 16:43:00,County Route,SHAKESPEARE BLVD (WB/L),FREDERICK RD (SB/L),Angle,Rain,Wet,Dusk,Traffic Control Signal,"Not Suspect of Alcohol Use, Not Suspect of Drug Use",No,No Apparent Injury,Not Distracted,MD,Passenger Car,35,2005.0,Toyota,CAMRY,16,Friday,1
MCP2916002R,190017977,Montgomery County Police,Property Damage Crash,2019-04-17 12:46:00,US (State),COLUMBIA PIKE,MUSGROVE RD,SAME DIR REAR END,CLEAR,DRY,DAYLIGHT,TRAFFIC SIGNAL,NONE DETECTED,No,No Apparent Injury,NOT DISTRACTED,MA,Passenger Car,50,2012.0,Chevrolet,CRUZE LS,12,Wednesday,4
MCP3227006L,250036191,MONTGOMERY,Property Damage Crash,2025-08-13 18:37:00,Maryland (State) Route,UNIVERSITY BLVD E (WB/L),Unknown,Front to Rear,Rain,Wet,Daylight,No Controls,"Not Suspect of Alcohol Use, Not Suspect of Drug Use",Yes,No Apparent Injury,Unknown,MD,Bus - Transit,35,2011.0,Gillig,LOW FLOOR BUS,18,Wednesday,8
MCP2639009V,200039601,Montgomery County Police,Property Damage Crash,2020-10-08 08:03:00,Maryland (State),GEORGIA AVE,NORBECK RD,SAME DIR REAR END,CLEAR,DRY,DAYLIGHT,TRAFFIC SIGNAL,NONE DETECTED,Yes,No Apparent Injury,NOT DISTRACTED,MD,"Other Light Trucks (10,000Lbs (4,536Kg) Or Less)",45,2014.0,Mack,DUMP TRUCK,8,Thursday,10
MCP3113006F,240030757,MONTGOMERY,Property Damage Crash,2024-06-29 14:33:00,Maryland (State) Route,UNIVERSITY BLVD E,Unknown,"Sideswipe, Same Direction",Clear,Dry,Daylight,No Controls,"Not Suspect of Alcohol Use, Not Suspect of Drug Use",No,No Apparent Injury,Not Distracted,MD,Passenger Car,30,2018.0,Mazda,CX-5,14,Saturday,6
MCP29410041,210031534,Montgomery County Police,Injury Crash,2021-08-14 20:50:00,Maryland (State),COLESVILLE RD,WAYNE AVE,STRAIGHT MOVEMENT ANGLE,RAINING,WET,DARK LIGHTS ON,TRAFFIC SIGNAL,NONE DETECTED,No,No Apparent Injury,LOOKED BUT DID NOT SEE,DC,Passenger Car,35,2013.0,Porsche,PANAMERA,20,Saturday,8
MCP30060068,210023162,Montgomery County Police,Property Damage Crash,2021-06-17 12:19:00,County,RANDOLPH RD,DALEWOOD DR,SAME DIRECTION SIDESWIPE,CLEAR,DRY,DAYLIGHT,TRAFFIC SIGNAL,NONE DETECTED,No,No Apparent Injury,NOT DISTRACTED,MD,Passenger Car,35,2011.0,Toyota,HIGHLANDER,12,Thursday,6
MCP29270011,16027379,Montgomery County Police,Injury Crash,2016-06-01 16:43:00,Maryland (State),EAST WEST HWY,16TH ST,SAME DIR REAR END,CLEAR,DRY,DAYLIGHT,TRAFFIC SIGNAL,NONE DETECTED,Yes,No Apparent Injury,LOOKED BUT DID NOT SEE,DC,Passenger Car,35,1999.0,Lexus,4 DOOR,16,Wednesday,6
MCP3221000M,200015063,Montgomery County Police,Property Damage Crash,2020-04-05 14:15:00,County,DARNESTOWN RD,SHADY GROVE RD,HEAD ON LEFT TURN,CLEAR,DRY,DAYLIGHT,TRAFFIC SIGNAL,NONE DETECTED,No,No Apparent Injury,NOT DISTRACTED,MD,Passenger Car,40,2013.0,Mercedes Benz,E550,14,Sunday,4
MCP209400JW,220022078,Montgomery County Police,Property Damage Crash,2022-05-24 07:37:00,County,SEVEN LOCKS RD,DEMOCRACY BLVD,HEAD ON LEFT TURN,RAINING,WET,DAYLIGHT,TRAFFIC SIGNAL,NONE DETECTED,No,No Apparent Injury,NOT DISTRACTED,MD,Van,35,2018.0,Chevy,EXPRESS,7,Tuesday,5
MCP1393000K,15029199,Montgomery County Police,Injury Crash,2015-06-15 18:56:00,Maryland (State),RIDGE RD,BRINK RD,SAME DIR REAR END,RAINING,WET,DAYLIGHT,FLASHING TRAFFIC SIGNAL,Unknown,Yes,No Apparent Injury,NOT DISTRACTED,MD,Passenger Car,35,2006.0,Nissan,SENTRA,18,Monday,6
EJ78510090,220055960,Gaithersburg Police Depar,Injury Crash,2022-12-17 18:00:00,County,MUDDY BRANCH RD,W DIAMOND AVE,HEAD ON LEFT TURN,CLEAR,DRY,DARK LIGHTS ON,TRAFFIC SIGNAL,NONE DETECTED,Yes,Possible Injury,LOOKED BUT DID NOT SEE,MD,Passenger Car,30,2008.0,Honda,CIVIC,18,Saturday,12
MCP1119006J,190001746,Montgomery County Police,Injury Crash,2019-01-11 12:07:00,Maryland (State),GEORGIA AVE,ARCOLA AVE,STRAIGHT MOVEMENT ANGLE,Unknown,DRY,DAYLIGHT,TRAFFIC SIGNAL,NONE DETECTED,Yes,No Apparent Injury,NOT DISTRACTED,MD,(Sport) Utility Vehicle,35,2015.0,Toyota,RAV4,12,Friday,1
MCP2664003Q,170537120,Montgomery County Police,Property Damage Crash,2017-10-17 07:30:00,County,RANDOLPH RD,DENLEY RD,SAME DIRECTION SIDESWIPE,CLEAR,DRY,DAYLIGHT,NO CONTROLS,NONE DETECTED,Unknown,No Apparent Injury,UNKNOWN,MD,Transit Bus,35,2009.0,Gill,BUS,7,Tuesday,10
MCP26080024,17517479,Montgomery County Police,Property Damage Crash,2017-07-05 17:20:00,County,13TH ST,GEORGIA AVE,SAME DIR REAR END,CLEAR,DRY,DAYLIGHT,TRAFFIC SIGNAL,NONE DETECTED,No,No Apparent Injury,NOT DISTRACTED,AL,Passenger Car,30,2005.0,Toyota,CAMRY,17,Wednesday,7
MCP06850041,180010548,Montgomery County Police,Property Damage Crash,2018-03-01 08:17:00,Municipality,KING FARM BLVD,GRAND CHAMPION DR,STRAIGHT MOVEMENT ANGLE,CLEAR,DRY,DAYLIGHT,STOP SIGN,NONE DETECTED,Yes,No Apparent Injury,NOT DISTRACTED,MD,Passenger Car,30,2017.0,Bmw,4DR,8,Thursday,3
MCP22120028,170511736,Montgomery County Police,Injury Crash,2017-06-04 13:39:00,County,ASTON MANOR DR,GATESHEAD MANOR WAY,OTHER,CLEAR,DRY,DAYLIGHT,Unknown,NONE DETECTED,Yes,Suspected Minor Injury,NOT DISTRACTED,MD,Passenger Car,30,2015.0,Ford,FIESTA,13,Sunday,6
MCP3290000N,210018087,Montgomery County Police,Property Damage Crash,2021-05-13 23:35:00,County,BROADBIRCH DR,CHERRY HILL RD,SINGLE VEHICLE,CLEAR,DRY,DARK LIGHTS ON,Unknown,Unknown,Yes,No Apparent Injury,UNKNOWN,Unknown,Passenger Car,35,2014.0,Lexus,4 DR,23,Thursday,5
EJ7851002G,170519572,Gaithersburg Police Depar,Injury Crash,2017-07-17 14:45:00,Municipality,BUREAU DR,W DIAMOND AVE,STRAIGHT MOVEMENT ANGLE,CLEAR,DRY,DAYLIGHT,TRAFFIC SIGNAL,NONE DETECTED,Yes,No Apparent Injury,LOOKED BUT DID NOT SEE,MD,Passenger Car,35,2007.0,Saab,4S,14,Monday,7
MCP2662000S,16003904,Montgomery County Police,Property Damage Crash,2016-01-21 21:51:00,Maryland (State),FREDERICK RD,GAME PRESERVE RD,HEAD ON LEFT TURN,CLEAR,DRY,DARK LIGHTS ON,NO CONTROLS,NONE DETECTED,Yes,No Apparent Injury,NOT DISTRACTED,MD,Passenger Car,40,2006.0,Pont,G6,21,Thursday,1
MCP2954008T,210011424,Montgomery County Police,Property Damage Crash,2021-03-26 19:30:00,County,FLOWER AVE,PINEY BRANCH RD,STRAIGHT MOVEMENT ANGLE,CLEAR,DRY,DARK LIGHTS ON,TRAFFIC SIGNAL,NONE DETECTED,Unknown,No Apparent Injury,UNKNOWN,MD,Passenger Car,30,2007.0,Honda,FIT,19,Friday,3
MCP2656000Y,15057380,Montgomery County Police,Property Damage Crash,2015-11-10 16:47:00,Maryland (State),SPENCERVILLE RD,ENT TO BUSINESS,OTHER,RAINING,WET,DARK -- UNKNOWN LIGHTING,Unknown,Unknown,No,No Apparent Injury,NOT DISTRACTED,MD,Passenger Car,35,2006.0,Honda,CIVIC,16,Tuesday,11
MCP30390019,170529438,Montgomery County Police,Property Damage Crash,2017-09-08 16:17:00,Maryland (State),BRADLEY BLVD,BURNING TREE RD,STRAIGHT MOVEMENT ANGLE,CLEAR,DRY,DAYLIGHT,NO CONTROLS,NONE DETECTED,No,No Apparent Injury,NOT DISTRACTED,MD,(Sport) Utility Vehicle,35,2015.0,Landrover,LR4,16,Friday,9
MCP15050018,180051791,Montgomery County Police,Injury Crash,2018-10-16 12:59:00,County,MIDDLEBROOK RD,CENTURY BLVD,STRAIGHT MOVEMENT ANGLE,CLEAR,DRY,DAYLIGHT,TRAFFIC SIGNAL,NONE DETECTED,Yes,No Apparent Injury,LOOKED BUT DID NOT SEE,MD,Passenger Car,30,2017.0,Toyota,COROLLA,12,Tuesday,10
MCP3382002Q,250045853,MONTGOMERY,Injury Crash,2025-10-12 14:01:00,Maryland (State) Route,VEIRS MILL RD (WB/L),HAVARD ST,Single Vehicle,Clear,Dry,Daylight,No Controls,"Unknown, Unknown",No,Unknown,Unknown,Unknown,Passenger Car,45,2018.0,Toyota,COROLLA IM,14,Sunday,10
MCP2394003X,200036583,Montgomery County Police,Property Damage Crash,2020-09-18 09:48:00,Maryland (State),E JEFFERSON ST,MONROE ST,SAME DIR REAR END,CLEAR,DRY,DAYLIGHT,TRAFFIC SIGNAL,Unknown,No,No Apparent Injury,NOT DISTRACTED,MD,Pickup Truck,40,2019.0,Toyt,TK,9,Friday,9
MCP3460000L,250027190,MONTGOMERY,Injury Crash,2025-06-18 14:36:00,Unknown,Unknown,Unknown,Front to Rear,Rain,Unknown,Daylight,Unknown,"Not Suspect of Alcohol Use, Not Suspect of Drug Use",No,No Apparent Injury,Not Distracted,MD,Sport Utility Vehicle,0,2020.0,Nissan,ROGUE,14,Wednesday,6