Report Number,Local Case Number,Agency Name,ACRS Report Type,Crash Date/Time,Route Type,Road Name,Cross-Street Name,Collision Type,Weather,Surface Condition,Light,Traffic Control,Driver Substance Abuse,Driver At Fault,Injury Severity,Driver Distracted By,Drivers License State,Vehicle Body Type,Speed Limit,Vehicle Year,Vehicle Make,Vehicle Model,Crash Hour,Crash Day,Crash Month
MCP2251000T,15013139,Montgomery County Police,Property Damage Crash,2015-03-22 06:39:00,Maryland (State),NEW HAMPSHIRE AVE,SPENCERVILLE RD,HEAD ON,CLEAR,DRY,DARK NO LIGHTS,NO CONTROLS,NONE DETECTED,No,No Apparent Injury,NOT DISTRACTED,MD,Passenger Car,40,2008.0,Niss,4S,6,Sunday,3
MCP15630022,16009453,Montgomery County Police,Property Damage Crash,2016-02-25 16:31:00,Maryland (State),CONNECTICUT AVE,BRADLEY LA,OTHER,CLOUDY,DRY,DAYLIGHT,NO CONTROLS,UNKNOWN,Unknown,No Apparent Injury,UNKNOWN,MD,"Cargo Van/Light Truck 2 Axles (Over 10,000Lbs (4,536 Kg))",30,2005.0,Ford,E350,16,Thursday,2
MCP3091000H,180014866,Montgomery County Police,Property Damage Crash,2018-03-26 17:00:00,County,RANDOLPH RD,GALENA RD,SAME DIR REAR END,CLEAR,DRY,DAYLIGHT,NO CONTROLS,Unknown,No,No Apparent Injury,NOT DISTRACTED,MD,Passenger Car,35,2014.0,Chev,4S,17,Monday,3
MCP2215001Y,220050695,Montgomery County Police,Property Damage Crash,2022-11-16 15:27:00,Unknown,Unknown,Unknown,OTHER,CLEAR,Unknown,DAYLIGHT,Unknown,NONE DETECTED,Yes,No Apparent Injury,LOOKED BUT DID NOT SEE,MD,Passenger Car,0,2004.0,Lexus,RX330,15,Wednesday,11
DD559500BG,220002075,Rockville Police Departme,Property Damage Crash,2022-01-17 17:23:00,Maryland (State),ROCKVILLE PIKE,TALBOTT ST,SAME DIRECTION SIDESWIPE,CLOUDY,DRY,DARK LIGHTS ON,Unknown,NONE DETECTED,Yes,No Apparent Injury,NOT DISTRACTED,MD,Passenger Car,40,2019.0,Toyota,SUV,17,Monday,1
EJ7879002V,230024107,Gaithersburg Police Depar,Property Damage Crash,2023-05-19 19:30:00,Maryland (State),FREDERICK RD,CHRISTOPHER AVE,STRAIGHT MOVEMENT ANGLE,CLOUDY,DRY,DAYLIGHT,TRAFFIC SIGNAL,NONE DETECTED,Unknown,No Apparent Injury,UNKNOWN,MD,Passenger Car,35,2008.0,Lexs,TK,19,Friday,5
MCP3394001S,250030193,MONTGOMERY,Injury Crash,2025-07-07 12:42:00,County Route,HUFF CT,Unknown,Angle,Clear,Dry,Daylight,No Controls,"Not Suspect of Alcohol Use, Not Suspect of Drug Use",Yes,Possible Injury,Not Distracted,MD,Passenger Car,25,2025.0,Nissan,SENTRA,12,Monday,7
MCP2784003Q,200017739,Montgomery County Police,Property Damage Crash,2020-04-30 19:51:00,Unknown,Unknown,Unknown,SINGLE VEHICLE,RAINING,Unknown,DARK LIGHTS ON,NO CONTROLS,UNKNOWN,Yes,No Apparent Injury,UNKNOWN,MD,Passenger Car,30,2006.0,Chevrolet,IMPALA,19,Thursday,4
MCP2718002M,17011374,Montgomery County Police,Property Damage Crash,2017-03-03 20:42:00,County,E GUDE DR,CRABBS BRANCH WAY,SAME DIR REAR END,CLEAR,DRY,DARK LIGHTS ON,TRAFFIC SIGNAL,Unknown,No,No Apparent Injury,UNKNOWN,MD,Passenger Car,35,2003.0,Mazda,6,20,Friday,3
MCP3080000C,170542136,Montgomery County Police,Injury Crash,2017-11-10 21:33:00,County,MIDDLEBROOK RD,CELEBRATION WAY,HEAD ON LEFT TURN,CLEAR,DRY,DARK LIGHTS ON,Unknown,Unknown,No,No Apparent Injury,LOOKED BUT DID NOT SEE,MD,Passenger Car,40,2014.0,Nissan,ALTIMA,21,Friday,11
MCP3215002J,210046825,Montgomery County Police,Property Damage Crash,2021-11-18 13:31:00,Maryland (State),CONNECTICUT AVE,RAMP 4 FR MD 185 NB TO IS 495 EB,SAME DIR REAR END,CLEAR,DRY,DAYLIGHT,NO CONTROLS,UNKNOWN,Yes,No Apparent Injury,UNKNOWN,Unknown,Passenger Car,35,2018.0,Audi,A6,13,Thursday,11
MCP2586006B,230030255,Montgomery County Police,Property Damage Crash,2023-06-24 15:30:00,Maryland (State),OLD HUNDRED RD,COMUS RD,STRAIGHT MOVEMENT ANGLE,CLEAR,DRY,DAYLIGHT,STOP SIGN,NONE DETECTED,No,No Apparent Injury,NOT DISTRACTED,MD,Passenger Car,30,2017.0,Ford,FUSION,15,Saturday,6
MCP2339001P,16033381,Montgomery County Police,Property Damage Crash,2016-07-01 19:43:00,County,HINES RD,LAFAYETTE DR,STRAIGHT MOVEMENT ANGLE,CLEAR,WET,DAYLIGHT,STOP SIGN,NONE DETECTED,Yes,No Apparent Injury,NOT DISTRACTED,MD,Passenger Car,25,2012.0,Nissan,SENTRA,19,Friday,7
MCP1128003J,15001184,Montgomery County Police,Property Damage Crash,2015-01-08 08:55:00,County,ROCKLEDGE DR,ENT TO WALTER JOHNSON HIGH SCHOOL,STRAIGHT MOVEMENT ANGLE,CLEAR,DRY,DAYLIGHT,Unknown,NONE DETECTED,No,No Apparent Injury,NOT DISTRACTED,MD,Passenger Car,35,2003.0,Infiniti,I35,8,Thursday,1
MCP32250056,240057855,MONTGOMERY,Property Damage Crash,2024-12-03 18:40:00,Maryland (State) Route,GEORGIA AVE,RAMP 3 FR RANDOLPH RD EB TO MD 97 NB RAMP 4 FR MD 97 NB TO RANDOLPH RD EB,"Sideswipe, Same Direction",Clear,Dry,Dark - Lighted,Traffic Control Signal,"Not Suspect of Alcohol Use, Not Suspect of Drug Use",No,No Apparent Injury,Not Distracted,MD,Sport Utility Vehicle,35,2015.0,Ford,EXPLORER,18,Tuesday,12
MCP24200060,250008862,MONTGOMERY,Injury Crash,2025-02-28 11:30:00,County Route,MIDDLEVALE LA,Unknown,Angle,Clear,Dry,Daylight,No Controls,"Not Suspect of Alcohol Use, Not Suspect of Drug Use",No,Suspected Minor Injury,Unknown,MD,Passenger Car,30,2024.0,Lexus,NX,11,Friday,2
MCP2278003N,210050345,Montgomery County Police,Property Damage Crash,2021-12-11 11:20:00,Other Public Roadway,MONTROSE PKWY,E JEFFERSON ST,SAME DIR REAR END,CLOUDY,WET,DAYLIGHT,TRAFFIC SIGNAL,NONE DETECTED,Yes,No Apparent Injury,UNKNOWN,MD,Passenger Car,40,1999.0,Nissan,ALTIMA,11,Saturday,12
MCP3050005M,240003990,MONTGOMERY,Property Damage Crash,2024-01-25 16:00:00,Maryland (State) Route,UNIVERSITY BLVD W (WB/L),Unknown,"Sideswipe, Same Direction",Rain,Wet,Daylight,No Controls,"Unknown, Unknown",No,Unknown,Unknown,Unknown,Passenger Car,35,2016.0,Volvo,UNKNOWN,16,Thursday,1
EJ78260015,P16009058,Gaithersburg Police Depar,Injury Crash,2016-02-23 12:41:00,County,MUDDY BRANCH RD,SUFFIELD DR,STRAIGHT MOVEMENT ANGLE,RAINING,WET,DAYLIGHT,STOP SIGN,Unknown,No,Suspected Minor Injury,NOT DISTRACTED,MD,Passenger Car,45,2016.0,Merz,CLA250,12,Tuesday,2
MCP3073000Q,170545649,Montgomery County Police,Property Damage Crash,2017-11-29 18:18:00,County,LEVERTON ST,MAY ST,SAME DIRECTION SIDESWIPE,Unknown,Unknown,DARK NO LIGHTS,NO CONTROLS,Unknown,Yes,No Apparent Injury,UNKNOWN,XX,Passenger Car,25,1999.0,Suzuki,SUV,18,Wednesday,11
EJ7839002G,170533919,Gaithersburg Police Depar,Injury Crash,2017-09-29 20:00:00,Unknown,Unknown,Unknown,STRAIGHT MOVEMENT ANGLE,CLEAR,Unknown,DARK LIGHTS ON,NO CONTROLS,NONE DETECTED,Yes,No Apparent Injury,NOT DISTRACTED,MD,Passenger Car,10,2006.0,Toyota,MATRIX,20,Friday,9
MCP30400026,180024287,Montgomery County Police,Property Damage Crash,2018-05-17 17:00:00,Maryland (State),GEORGIA AVE,EMORY LA,SAME DIR REAR END,RAINING,WET,DAYLIGHT,TRAFFIC SIGNAL,Unknown,No,No Apparent Injury,NOT DISTRACTED,MD,Passenger Car,40,2004.0,Honda,4S,17,Thursday,5
MCP242500C2,180011263,Montgomery County Police,Property Damage Crash,2018-03-05 17:04:00,Unknown,Unknown,Unknown,SINGLE VEHICLE,CLEAR,Unknown,DAYLIGHT,Unknown,NONE DETECTED,Yes,No Apparent Injury,NOT DISTRACTED,MD,(Sport) Utility Vehicle,0,2001.0,Acura,SUV,17,Monday,3
EJ7864001X,190010906,Gaithersburg Police Depar,Injury Crash,2019-03-08 22:27:00,Municipality,EDUCATION BLVD,S FREDERICK RD,SAME DIR REAR END,Unknown,WET,DARK LIGHTS ON,TRAFFIC SIGNAL,Unknown,No,Suspected Minor Injury,NOT DISTRACTED,MD,Passenger Car,30,2008.0,Toyota,YARIS,22,Friday,3
MCP3141001J,190052601,Montgomery County Police,Injury Crash,2019-10-31 18:00:00,County,13TH ST,GEORGIA AVE,STRAIGHT MOVEMENT ANGLE,Unknown,DRY,UNKNOWN,NO CONTROLS,UNKNOWN,Yes,No Apparent Injury,UNKNOWN,Unknown,Passenger Car,15,2016.0,Toyota,CAMRY,18,Thursday,10
MCP3004001G,170511229,Montgomery County Police,Property Damage Crash,2017-06-01 20:58:00,Maryland (State),OLD GEORGETOWN RD,RAMP 3 FR RAMP 6 (FR IS495) TO MD 187 NB,SAME DIR REAR END,CLEAR,DRY,DARK LIGHTS ON,Unknown,NONE DETECTED,No,No Apparent Injury,NOT DISTRACTED,MD,Passenger Car,40,2001.0,Chev,MALIBU,20,Thursday,6
MCP3078003N,210004550,Montgomery County Police,Property Damage Crash,2021-02-04 21:03:00,Maryland (State),LAYHILL RD,BEL PRE RD,HEAD ON LEFT TURN,CLEAR,DRY,DARK LIGHTS ON,FLASHING TRAFFIC SIGNAL,NONE DETECTED,No,No Apparent Injury,NOT DISTRACTED,NY,Passenger Car,35,2019.0,Chrysler,PACIFICA,21,Thursday,2
MCP3007000S,16023734,Montgomery County Police,Property Damage Crash,2016-05-13 08:36:00,County,ASPEN HILL RD,CONNECTICUT AVE,SAME DIRECTION SIDESWIPE,RAINING,WET,DAYLIGHT,NO CONTROLS,NONE DETECTED,No,No Apparent Injury,NOT DISTRACTED,MD,School Bus,35,2006.0,Thom,BUS,8,Friday,5
MCP0617000H,16023749,Montgomery County Police,Injury Crash,2016-05-13 09:37:00,Maryland (State),OLNEY SANDY SPRING RD,SPARTAN RD,STRAIGHT MOVEMENT ANGLE,RAINING,WET,DAYLIGHT,TRAFFIC SIGNAL,NONE DETECTED,No,Suspected Minor Injury,NOT DISTRACTED,MD,Passenger Car,30,2010.0,Nissian,SENTRA,9,Friday,5
MCP2657000P,15030922,Montgomery County Police,Property Damage Crash,2015-06-24 23:44:00,Unknown,Unknown,Unknown,OTHER,CLEAR,Unknown,DARK LIGHTS ON,NO CONTROLS,NONE DETECTED,No,No Apparent Injury,NOT DISTRACTED,MD,Passenger Car,10,2015.0,Toyota,COROLLA,23,Wednesday,6
DD56680013,240018646,ROCKVILLE,Property Damage Crash,2024-04-21 18:30:00,Municipality Route,N STONESTREET AVE,Unknown,Front to Rear,Clear,Dry,Daylight,No Controls,"Unknown, Unknown",No,Unknown,Unknown,Unknown,Passenger Car,25,2013.0,Hyundai,SONATA,18,Sunday,4
MCP2588001D,16011875,MONTGOMERY,Property Damage Crash,2016-03-10 11:28:00,County,BONIFANT RD,NEW HAMPSHIRE AVE,SAME DIR REAR END,CLEAR,DRY,DAYLIGHT,TRAFFIC SIGNAL,NONE DETECTED,No,No Apparent Injury,NOT DISTRACTED,MD,Passenger Car,35,1995.0,Hond,CIVIC,11,Thursday,3
MCP1575005Y,170538459,Montgomery County Police,Property Damage Crash,2017-10-24 08:17:00,County,SHADY GROVE RD,CRABBS BRANCH WAY,SAME DIR REAR END,CLEAR,WET,DAYLIGHT,NO CONTROLS,NONE DETECTED,Yes,No Apparent Injury,NOT DISTRACTED,VA,Passenger Car,45,2008.0,Kia,OPTIMA,8,Tuesday,10
MCP30230016,170530517,Montgomery County Police,Injury Crash,2017-09-14 11:15:00,Maryland (State),GEORGIA AVE,CONNECTICUT AVE,SAME DIR REND RIGHT TURN,CLEAR,DRY,DAYLIGHT,NO CONTROLS,NONE DETECTED,No,Possible Injury,NOT DISTRACTED,MD,Passenger Car,45,2010.0,Honda,ACCORD,11,Thursday,9
MCP1436000M,190017807,Montgomery County Police,Injury Crash,2019-04-16 14:51:00,Maryland (State),FIRST ST,BALTIMORE RD,STRAIGHT MOVEMENT ANGLE,CLEAR,DRY,DAYLIGHT,NO CONTROLS,NONE DETECTED,No,Possible Injury,NOT DISTRACTED,MD,Passenger Car,35,2013.0,Hond,4S,14,Tuesday,4
MCP2932007H,240019862,MONTGOMERY,Injury Crash,2024-04-28 22:00:00,US (State),COLUMBIA PIKE (SB/L),PRELUDE DR,Rear To Side,Clear,Dry,Dark - Lighted,Traffic Control Signal,"Not Suspect of Alcohol Use, Not Suspect of Drug Use",No,Suspected Minor Injury,Not Distracted,MD,Passenger Car,45,2009.0,Honda,ACCORD,22,Sunday,4
MCP1152000L,190012171,Montgomery County Police,Property Damage Crash,2019-03-16 12:07:00,Unknown,Unknown,Unknown,OTHER,CLEAR,Unknown,DAYLIGHT,NO CONTROLS,NONE DETECTED,No,No Apparent Injury,NOT DISTRACTED,MD,Passenger Car,0,2004.0,Accura,MDX,12,Saturday,3
MCP3290003Y,250004482,MONTGOMERY,Property Damage Crash,2025-01-31 09:59:00,County Route,HASTINGS DR,COLESVILLE RD,Front to Rear,Rain,Wet,Daylight,Traffic Control Signal,"Not Suspect of Alcohol Use, Not Suspect of Drug Use",No,No Apparent Injury,Not Distracted,MD,Sport Utility Vehicle,35,2019.0,Acura,MDX,9,Friday,1
MCP3003003K,190012810,Montgomery County Police,Injury Crash,2019-03-20 08:58:00,Maryland (State),RIVER RD,WHITTIER BLVD,SAME DIR REAR END,CLEAR,DRY,DAYLIGHT,Unknown,NONE DETECTED,No,No Apparent Injury,NOT DISTRACTED,MD,Passenger Car,35,2002.0,Jeep,COMPASS,8,Wednesday,3
MCP27370059,210043899,Montgomery County Police,Injury Crash,2021-10-31 01:11:00,Maryland (State),GEORGIA AVE,HINES RD,SAME DIR REAR END,CLEAR,DRY,DARK LIGHTS ON,NO CONTROLS,NONE DETECTED,Yes,No Apparent Injury,UNKNOWN,DC,Passenger Car,40,2017.0,Chevy,4D,1,Sunday,10
MCP2780004R,190040046,Montgomery County Police,Injury Crash,2019-08-21 18:20:00,County,CRYSTAL ROCK DR,CLOVERLEAF CENTER DR,STRAIGHT MOVEMENT ANGLE,CLEAR,WET,DAYLIGHT,NO CONTROLS,Unknown,No,Possible Injury,NOT DISTRACTED,MD,Station Wagon,35,2016.0,Volk,SW,18,Wednesday,8
MCP2674003G,220044910,Montgomery County Police,Injury Crash,2022-10-13 16:39:00,County,BRINK RD,ROLLING RIDGE LN,SAME DIR REAR END,CLOUDY,WET,DAYLIGHT,NO CONTROLS,NONE DETECTED,Yes,No Apparent Injury,NOT DISTRACTED,MD,Passenger Car,40,2004.0,Jeep,SUV,16,Thursday,10
EJ7898001H,230063166,Gaithersburg Police Depar,Property Damage Crash,2023-10-29 05:55:00,Municipality,S SUMMIT AVE,R/R #CSX 140 507 F,STRAIGHT MOVEMENT ANGLE,CLEAR,Unknown,DARK LIGHTS ON,TRAFFIC SIGNAL,NONE DETECTED,Yes,No Apparent Injury,LOOKED BUT DID NOT SEE,MD,Passenger Car,25,2018.0,Chev,HB,5,Sunday,10
MCP21870024,240037192,MONTGOMERY,Property Damage Crash,2024-08-07 11:20:00,Maryland (State) Route,GREAT SENECA HWY,Unknown,"Sideswipe, Same Direction",Clear,Dry,Daylight,No Controls,"Not Suspect of Alcohol Use, Not Suspect of Drug Use",Yes,No Apparent Injury,Not Distracted,MD,Sport Utility Vehicle,45,2021.0,Audi,Q4,11,Wednesday,8
MCP1099001Z,180014684,Montgomery County Police,Property Damage Crash,2018-03-25 13:30:00,Maryland (State),WOODFIELD RD,CYPRESS HILL DR,STRAIGHT MOVEMENT ANGLE,CLEAR,DRY,DAYLIGHT,TRAFFIC SIGNAL,Unknown,No,No Apparent Injury,NOT DISTRACTED,DC,Passenger Car,35,2009.0,Hond,PSD,13,Sunday,3
MCP3105004P,220030192,Montgomery County Police,Property Damage Crash,2022-07-14 03:48:00,Maryland (State),RIDGE RD,BRINK RD,STRAIGHT MOVEMENT ANGLE,CLEAR,DRY,DARK LIGHTS ON,FLASHING TRAFFIC SIGNAL,NONE DETECTED,Yes,No Apparent Injury,LOOKED BUT DID NOT SEE,MD,(Sport) Utility Vehicle,40,2007.0,Toyota,RAV4,3,Thursday,7
DM8472000G,190049586,Takoma Park Police Depart,Property Damage Crash,2019-10-16 10:30:00,Maryland (State),CARROLL AVE,WASHINGTON ADVENTIST HOSPITAL,STRAIGHT MOVEMENT ANGLE,RAINING,WET,OTHER,STOP SIGN,Unknown,No,No Apparent Injury,LOOKED BUT DID NOT SEE,MD,Passenger Car,25,2017.0,Chevrolet,SPARK,10,Wednesday,10
EJ78460056,200019669,Gaithersburg Police Depar,Property Damage Crash,2020-05-16 11:30:00,Maryland (State),QUINCE ORCHARD RD,FIRSTFIELD RD,STRAIGHT MOVEMENT ANGLE,CLEAR,DRY,DAYLIGHT,STOP SIGN,UNKNOWN,Yes,No Apparent Injury,UNKNOWN,Unknown,Passenger Car,35,1998.0,Toyota,COROLLA,11,Saturday,5
MCP2372006G,240033720,MONTGOMERY,Injury Crash,2024-07-17 09:14:00,Maryland (State) Route,Unknown,REDWING RD,Front to Rear,Clear,Dry,Daylight,No Controls,"Not Suspect of Alcohol Use, Not Suspect of Drug Use",Yes,Possible Injury,Not Distracted,MD,Passenger Car,30,2015.0,Honda,ACCORD,9,Wednesday,7
DD5625003M,200012601,Rockville Police Departme,Property Damage Crash,2020-03-14 10:00:00,Unknown,Unknown,Unknown,SINGLE VEHICLE,CLOUDY,Unknown,DAYLIGHT,Unknown,NONE DETECTED,Yes,No Apparent Injury,LOOKED BUT DID NOT SEE,MD,Police Vehicle/Non Emergency,10,2015.0,Ford,4S,10,Saturday,3
DD5567008X,250028083,ROCKVILLE,Property Damage Crash,2025-06-24 08:33:00,Municipality Route,W EDMONSTON DR,EDMONSTON DR EDMONSTON DR (SB/L),Front to Rear,Clear,Dry,Daylight,Traffic Control Signal,"Not Suspect of Alcohol Use, Not Suspect of Drug Use",Yes,No Apparent Injury,Not Distracted,MD,Sport Utility Vehicle,35,2008.0,Honda,PILOT,8,Tuesday,6
MCP15540017,16012148,MONTGOMERY,Property Damage Crash,2016-03-11 15:04:00,Maryland (State),FREDERICK RD,ENT TO SHADY GROVE METRO STATION,SAME DIR REAR END,CLEAR,DRY,DAYLIGHT,TRAFFIC SIGNAL,NONE DETECTED,Yes,No Apparent Injury,NOT DISTRACTED,MD,Passenger Car,45,2014.0,Bmw,320I,15,Friday,3
MCP3276001Z,220025169,Montgomery County Police,Injury Crash,2022-06-11 22:36:00,County,DEXTER AVE,GARDINER AVE,STRAIGHT MOVEMENT ANGLE,CLEAR,DRY,DARK LIGHTS ON,STOP SIGN,NONE DETECTED,Yes,No Apparent Injury,INATTENTIVE OR LOST IN THOUGHT,MD,Passenger Car,30,2014.0,Kia,4S,22,Saturday,6
MCP3341000F,220038564,Montgomery County Police,Injury Crash,2022-09-06 06:21:00,Maryland (State),GEORGIA AVE,BEL PRE RD,SAME DIRECTION LEFT TURN,RAINING,WET,DARK LIGHTS ON,TRAFFIC SIGNAL,Unknown,Yes,No Apparent Injury,INATTENTIVE OR LOST IN THOUGHT,MD,Passenger Car,35,2021.0,Ford,F150,6,Tuesday,9
MCP3039007X,250040858,MONTGOMERY,Property Damage Crash,2025-09-11 16:00:00,County Route,SILVER SPRING AVE,Unknown,Front to Front,Clear,Dry,Daylight,No Controls,"Not Suspect of Alcohol Use, Not Suspect of Drug Use",No,No Apparent Injury,Not Distracted,VA,Pickup,35,2016.0,Toyota,TACOMA,16,Thursday,9
MCP28790015,17004217,Montgomery County Police,Property Damage Crash,2017-01-24 06:51:00,County,SHADY GROVE RD,CRABBS BRANCH WAY,SAME DIR REAR END,CLEAR,Unknown,DARK LIGHTS ON,TRAFFIC SIGNAL,NONE DETECTED,Yes,No Apparent Injury,UNKNOWN,MD,Passenger Car,45,2013.0,Toyota,COROLLA,6,Tuesday,1
MCP9130001M,15047313,MONTGOMERY,Property Damage Crash,2015-09-18 11:23:00,Maryland (State),NEW HAMPSHIRE AVE,RAMP 4 FR MD 650 NB TO IS 495 EB,SAME DIR REAR END,CLEAR,DRY,DAYLIGHT,NO CONTROLS,NONE DETECTED,No,No Apparent Injury,NOT DISTRACTED,MD,Van,40,2015.0,Dodg,VN,11,Friday,9
MCP32800076,250034231,MONTGOMERY,Injury Crash,2025-08-01 10:05:00,Local Route,VETERANS PL,PERSHING DR,Angle,Rain,Wet,Daylight,No Controls,"Not Suspect of Alcohol Use, Not Suspect of Drug Use",No,No Apparent Injury,Not Distracted,MD,Passenger Car,25,2013.0,Cadillac,ATS,10,Friday,8
MCP3093002L,190061385,Montgomery County Police,Property Damage Crash,2019-12-15 17:50:00,Unknown,Unknown,Unknown,OTHER,Unknown,Unknown,Unknown,Unknown,Unknown,Yes,No Apparent Injury,UNKNOWN,Unknown,Passenger Car,0,2008.0,Suba,TK,17,Sunday,12
MCP3171002G,250001279,MONTGOMERY,Property Damage Crash,2025-01-10 14:00:00,Unknown,Unknown,Unknown,Angle,Clear,Unknown,Daylight,Unknown,"Not Suspect of Alcohol Use, Not Suspect of Drug Use",No,No Apparent Injury,Not Distracted,MD,Sport Utility Vehicle,0,2017.0,Nissan,PATHFINDER,14,Friday,1
MCP23140044,240057853,MONTGOMERY,Injury Crash,2024-12-03 18:17:00,County Route,STONEBRIDGE VIEW DR,TRAVILAH RD UNICORN WAY,Angle,Clear,Dry,Dark - Lighted,Stop Sign,"Not Suspect of Alcohol Use, Not Suspect of Drug Use",No,No Apparent Injury,Not Distracted,MD,Passenger Car,25,2022.0,Tesla,MODEL 3,18,Tuesday,12
MCP1205004N,180051551,Montgomery County Police,Property Damage Crash,2018-10-15 09:00:00,Maryland (State),CONNECTICUT AVE,LELAND ST,STRAIGHT MOVEMENT ANGLE,RAINING,WET,DAYLIGHT,STOP SIGN,NONE DETECTED,No,No Apparent Injury,NOT DISTRACTED,DC,Passenger Car,35,2017.0,Audi,A6,9,Monday,10
MCP2770002B,190022518,Montgomery County Police,Property Damage Crash,2019-05-13 13:00:00,County,MONTGOMERY VILLAGE AVE,STEDWICK RD,SAME DIR REAR END,RAINING,WET,DAYLIGHT,TRAFFIC SIGNAL,NONE DETECTED,Yes,No Apparent Injury,NOT DISTRACTED,MD,Passenger Car,35,1998.0,Toyota,COROLLAA,13,Monday,5
HA22880003,16001149,Maryland-National Capital,Injury Crash,2016-09-08 07:20:00,Unknown,LITTLE FALLS PKWY,ARLINGTON ROAD,STRAIGHT MOVEMENT ANGLE,Unknown,DRY,DAYLIGHT,YIELD SIGN,Unknown,Yes,No Apparent Injury,LOOKED BUT DID NOT SEE,Unknown,Snowmobile,35,2013.0,Lexus,SUV,7,Thursday,9
MCP3190003D,220000882,Montgomery County Police,Property Damage Crash,2022-01-08 11:06:00,County,ASPEN HILL RD,IRIS PL,SINGLE VEHICLE,CLEAR,DRY,DAYLIGHT,NO CONTROLS,NONE DETECTED,Yes,No Apparent Injury,TALKING OR LISTENING TO CELLULAR PHONE,MD,Passenger Car,25,2010.0,Nissan,ROGUE,11,Saturday,1
MCP1566001P,220048119,Montgomery County Police,Property Damage Crash,2022-11-01 22:15:00,Unknown,Unknown,Unknown,OTHER,CLEAR,Unknown,DARK NO LIGHTS,NO CONTROLS,NONE DETECTED,Yes,No Apparent Injury,NOT DISTRACTED,MD,Police Vehicle/Non Emergency,0,2016.0,Ford,TAURUS,22,Tuesday,11
MCP3085001J,190026481,Montgomery County Police,Property Damage Crash,2019-06-03 16:30:00,County,FALLS RD,RIVER RD,STRAIGHT MOVEMENT ANGLE,CLEAR,DRY,DAYLIGHT,NO CONTROLS,NONE DETECTED,Yes,No Apparent Injury,LOOKED BUT DID NOT SEE,MD,Passenger Car,35,2018.0,Jeep,GRAND CHEROKEE,16,Monday,6
MCP2420002Z,180005788,Montgomery County Police,Property Damage Crash,2018-02-02 20:26:00,Unknown,Unknown,Unknown,STRAIGHT MOVEMENT ANGLE,CLEAR,Unknown,DARK LIGHTS ON,NO CONTROLS,NONE DETECTED,No,No Apparent Injury,NOT DISTRACTED,MD,Passenger Car,15,2013.0,Hond,CRV,20,Friday,2
MCP2552001L,17002322,Montgomery County Police,Property Damage Crash,2017-01-13 19:12:00,County,BOU AVE,CHAPMAN AVE,STRAIGHT MOVEMENT ANGLE,CLEAR,DRY,DARK LIGHTS ON,Unknown,Unknown,No,No Apparent Injury,NOT DISTRACTED,TX,Passenger Car,25,2015.0,Volkswagon,EOS,19,Friday,1
DM8522000Z,230054902,Takoma Park Police Depart,Property Damage Crash,2023-09-14 17:35:00,Maryland (State),NEW HAMPSHIRE AVE,HOLTON LA,SAME DIR REAR END,CLEAR,DRY,DAYLIGHT,NO CONTROLS,NONE DETECTED,No,No Apparent Injury,NOT DISTRACTED,MD,Police Vehicle/Emergency,35,2013.0,Ford,4S,17,Thursday,9
MCP27850010,15058603,MONTGOMERY,Property Damage Crash,2015-11-17 07:02:00,US (State),COLUMBIA PIKE,FAIRLAND RD,SAME DIR REAR END,CLEAR,DRY,DAWN,Unknown,Unknown,Yes,No Apparent Injury,INATTENTIVE OR LOST IN THOUGHT,MD,Passenger Car,50,2014.0,Honda,ACCORD,7,Tuesday,11
MCP9301001K,170525509,Montgomery County Police,Property Damage Crash,2017-08-18 12:50:00,County,MUDDY BRANCH RD,SUFFIELD DR,STRAIGHT MOVEMENT ANGLE,Unknown,DRY,DAYLIGHT,NO CONTROLS,Unknown,No,No Apparent Injury,NOT DISTRACTED,MD,Passenger Car,25,2013.0,Toyo,4S,12,Friday,8
DD5583000C,15023711,Rockville Police Departme,Injury Crash,2015-05-15 07:52:00,Municipality,MARYLAND AVE,S WASHINGTON ST,SAME DIR REAR END,CLEAR,DRY,DAYLIGHT,Unknown,NONE DETECTED,No,No Apparent Injury,NOT DISTRACTED,MD,Passenger Car,25,2011.0,Hyundai,SONATA,7,Friday,5
MCP2847001M,16058766,Montgomery County Police,Property Damage Crash,2016-11-15 01:20:00,County,RANDOLPH RD,JUDSON RD,SINGLE VEHICLE,CLEAR,WET,DARK LIGHTS ON,NO CONTROLS,Unknown,Yes,No Apparent Injury,NOT DISTRACTED,MD,Police Vehicle/Non Emergency,35,2010.0,Ford,CROWN VIC,1,Tuesday,11
MCP21020030,210033808,Montgomery County Police,Property Damage Crash,2021-08-30 07:30:00,Unknown,Unknown,Unknown,OPPOSITE DIRECTION SIDESWIPE,CLOUDY,Unknown,DAYLIGHT,NO CONTROLS,Unknown,Yes,No Apparent Injury,UNKNOWN,MD,Passenger Car,0,2002.0,Niss,PATHFINDER TK,7,Monday,8
MCP2688002N,170519191,Montgomery County Police,Property Damage Crash,2017-07-15 00:47:00,US (State),COLESVILLE RD,UNIVERSITY BLVD E,STRAIGHT MOVEMENT ANGLE,CLEAR,DRY,DARK LIGHTS ON,TRAFFIC SIGNAL,NONE DETECTED,No,No Apparent Injury,NOT DISTRACTED,NC,Passenger Car,35,2005.0,Toyota,SOLARA,0,Saturday,7