Report Number,Local Case Number,Agency Name,ACRS Report Type,Crash Date/Time,Route Type,Road Name,Cross-Street Name,Collision Type,Weather,Surface Condition,Light,Traffic Control,Driver Substance Abuse,Driver At Fault,Injury Severity,Driver Distracted By,Drivers License State,Vehicle Body Type,Speed Limit,Vehicle Year,Vehicle Make,Vehicle Model,Crash Hour,Crash Day,Crash Month
EJ7818001H,200035405,Gaithersburg Police Depar,Injury Crash,2020-09-09 19:30:00,Maryland (State),MONTGOMERY VILLAGE AVE,RUSSELL AVE,SAME DIRECTION RIGHT TURN,CLEAR,DRY,DUSK,NO CONTROLS,NONE DETECTED,Yes,No Apparent Injury,LOOKED BUT DID NOT SEE,MD,Passenger Car,35,2009.0,Toyota,CRV,19,Wednesday,9
MCP2376000V,200028698,Montgomery County Police,Injury Crash,2020-07-24 05:33:00,County,MONTGOMERY LA,WOODMONT AVE,OTHER,RAINING,WET,DARK LIGHTS ON,FLASHING TRAFFIC SIGNAL,NONE DETECTED,Yes,No Apparent Injury,NOT DISTRACTED,WV,(Sport) Utility Vehicle,25,2019.0,Ford,EDGE,5,Friday,7
MCP21160044,16020381,Montgomery County Police,Property Damage Crash,2016-04-25 15:35:00,Municipality,PARK RD,N STONESTREET AVE,SAME DIRECTION SIDESWIPE,CLEAR,DRY,DAYLIGHT,TRAFFIC SIGNAL,NONE DETECTED,Yes,No Apparent Injury,NOT DISTRACTED,MD,Transit Bus,25,2008.0,Gill,BUS,15,Monday,4
MCP3173000B,190017381,Montgomery County Police,Injury Crash,2019-04-14 02:51:00,Maryland (State),16TH ST,COLESVILLE RD,SAME DIR REAR END,CLEAR,DRY,DARK LIGHTS ON,Unknown,NONE DETECTED,No,Possible Injury,NOT DISTRACTED,MD,Passenger Car,35,2007.0,Lexus,LS,2,Sunday,4
EJ7858005D,200041169,Gaithersburg Police Depar,Property Damage Crash,2020-10-19 07:39:00,Municipality,E DIAMOND AVE,GIRARD ST,SAME DIRECTION SIDESWIPE,RAINING,WET,DAWN,TRAFFIC SIGNAL,UNKNOWN,Yes,No Apparent Injury,UNKNOWN,Unknown,Passenger Car,30,2016.0,Toyota,TK,7,Monday,10
MCP27390013,16041835,Montgomery County Police,Injury Crash,2016-08-17 22:52:00,Maryland (State),NEW HAMPSHIRE AVE,OAKVIEW DR,SAME DIRECTION SIDESWIPE,RAINING,WET,DARK LIGHTS ON,TRAFFIC SIGNAL,NONE DETECTED,Yes,Possible Injury,UNKNOWN,MD,Passenger Car,40,2008.0,Chrysler,SEBRING,22,Wednesday,8
MCP93650028,230069308,Montgomery County Police,Property Damage Crash,2023-12-01 13:31:00,US (State),COLUMBIA PIKE,RAMP 10 FR US 29 SB TO FAIRLAND RD WB,SAME DIR REAR END,RAINING,WET,DAYLIGHT,STOP SIGN,Unknown,No,No Apparent Injury,NOT DISTRACTED,MD,Passenger Car,15,2017.0,Mazda,3,13,Friday,12
MCP2844006H,230046959,Montgomery County Police,Property Damage Crash,2023-07-30 12:45:00,County,BEAVERWOOD LA,BIRCHTREE LA,STRAIGHT MOVEMENT ANGLE,CLEAR,DRY,DAYLIGHT,TRAFFIC SIGNAL,NONE DETECTED,Yes,No Apparent Injury,LOOKED BUT DID NOT SEE,XX,Passenger Car,20,2017.0,Nissan,ALTIMA,12,Sunday,7
MCP29400030,180035910,Montgomery County Police,Property Damage Crash,2018-07-20 08:50:00,County,HUNTINGTON PKWY,ABERDEEN PL,STRAIGHT MOVEMENT ANGLE,CLEAR,DRY,DAYLIGHT,NO CONTROLS,NONE DETECTED,Yes,No Apparent Injury,UNKNOWN,MD,(Sport) Utility Vehicle,35,2013.0,Bmw,TK,8,Friday,7
MCP2899004K,210008417,Montgomery County Police,Property Damage Crash,2021-03-05 22:19:00,County,HEWITT AVE,GEORGIA AVE,OTHER,CLEAR,DRY,DARK LIGHTS ON,NO CONTROLS,ALCOHOL PRESENT,Yes,No Apparent Injury,UNKNOWN,MD,Passenger Car,30,2002.0,Honda,ACCORD,22,Friday,3
MCP27600035,230004665,Montgomery County Police,Property Damage Crash,2023-01-28 20:40:00,County,CONTOUR RD,TUNSTALL DR,SAME DIR REAR END,CLEAR,DRY,DARK LIGHTS ON,STOP SIGN,Unknown,No,No Apparent Injury,NOT DISTRACTED,MD,Passenger Car,30,2008.0,Niss,X-TERRA,20,Saturday,1
MCP3001000G,16004429,Montgomery County Police,Property Damage Crash,2016-01-27 18:08:00,County,BRIGGS CHANEY RD,FIRESIDE DR,SAME DIR REAR END,CLEAR,WET,DARK -- UNKNOWN LIGHTING,NO CONTROLS,NONE DETECTED,No,No Apparent Injury,NOT DISTRACTED,MD,Passenger Car,35,2013.0,Chevrolet,VAN,18,Wednesday,1
MCP00360096,190002311,Montgomery County Police,Property Damage Crash,2019-01-15 15:38:00,Maryland (State),FREDERICK RD,HENDERSON CORNER RD,SAME DIRECTION SIDESWIPE,CLEAR,DRY,DAYLIGHT,TRAFFIC SIGNAL,NONE DETECTED,Yes,No Apparent Injury,UNKNOWN,MD,Passenger Car,40,1997.0,Mitsubishi,2S,15,Tuesday,1
MCP31650027,200029562,Montgomery County Police,Property Damage Crash,2020-07-30 12:10:00,County,OLD COLUMBIA PIKE,SHERVIEW LA,SAME DIR REAR END,CLEAR,DRY,DAYLIGHT,Unknown,NONE DETECTED,Yes,No Apparent Injury,NOT DISTRACTED,MD,Passenger Car,40,2008.0,Nissian,ALTIMA,12,Thursday,7
MCP2072002P,180057346,Montgomery County Police,Injury Crash,2018-11-15 15:00:00,County,BRINK RD,HUNTMASTER RD,SINGLE VEHICLE,SNOW,SNOW,DAYLIGHT,NO CONTROLS,NONE DETECTED,Yes,Possible Injury,NOT DISTRACTED,MD,Passenger Car,30,2002.0,Niss,4S,15,Thursday,11
MCP3190003T,220018484,Montgomery County Police,Property Damage Crash,2022-05-01 10:57:00,County,EAST AVE,UNIVERSITY BLVD W,OTHER,CLOUDY,Unknown,DAYLIGHT,NO CONTROLS,NONE DETECTED,No,No Apparent Injury,NOT DISTRACTED,MD,Passenger Car,25,2016.0,Hyundai,TUCSON,10,Sunday,5
MCP2850001J,200001924,Montgomery County Police,Property Damage Crash,2020-01-11 23:04:00,County,MONTGOMERY VILLAGE AVE,MIDCOUNTY HWY,ANGLE MEETS LEFT TURN,RAINING,WET,DARK LIGHTS ON,TRAFFIC SIGNAL,Unknown,Yes,No Apparent Injury,LOOKED BUT DID NOT SEE,MD,Passenger Car,35,2012.0,Chevy,EQUINOX,23,Saturday,1
MCP2160002J,220036767,Montgomery County Police,Injury Crash,2022-08-25 15:45:00,County,MONTGOMERY VILLAGE AVE,CENTERWAY RD,SAME DIR REAR END,CLEAR,DRY,DAYLIGHT,TRAFFIC SIGNAL,Unknown,No,Possible Injury,NOT DISTRACTED,MD,Passenger Car,35,2005.0,Honda,CIVIC,15,Thursday,8
DM8493003N,240037895,TAKOMA,Property Damage Crash,2024-08-11 13:43:00,Maryland (State) Route,ETHAN ALLEN AVE,Unknown,Single Vehicle,Clear,Dry,Daylight,No Controls,"Not Suspect of Alcohol Use, Not Suspect of Drug Use",No,No Apparent Injury,Not Distracted,MD,Other Trucks,25,2008.0,"Spartan Fire, Llc",UNKNOWN,13,Sunday,8
MCP3290004Q,250054429,MONTGOMERY,Injury Crash,2025-12-05 11:23:00,Maryland (State) Route,GEORGIA AVE (SB/L),Unknown,"Sideswipe, Same Direction",Snow,Wet,Daylight,No Controls,"Not Suspect of Alcohol Use, Not Suspect of Drug Use",No,No Apparent Injury,Not Distracted,VA,Van - Cargo,35,2001.0,Chevrolet,EXPRESS,11,Friday,12
EJ7833003X,170526465,Gaithersburg Police Depar,Property Damage Crash,2017-08-23 19:20:00,County,LOST KNIFE RD,ODENDHAL AVE,SAME DIR REAR END,CLEAR,DRY,DAYLIGHT,TRAFFIC SIGNAL,NONE DETECTED,No,No Apparent Injury,NOT DISTRACTED,VA,Passenger Car,25,2007.0,Bmw,750IL,19,Wednesday,8
MCP30630059,240047540,MONTGOMERY,Property Damage Crash,2024-10-05 12:10:00,Maryland (State) Route,GEORGIA AVE (SB/L),Unknown,Front to Rear,Clear,Dry,Daylight,No Controls,"Not Suspect of Alcohol Use, Not Suspect of Drug Use",Yes,No Apparent Injury,"Other Action (looking away from task, etc.)",VA,Passenger Car,30,2014.0,Dodge,CHARGER,12,Saturday,10
DM8504000L,220018305,Takoma Park Police Depart,Property Damage Crash,2022-04-29 22:26:00,Maryland (State),NEW HAMPSHIRE AVE,ETHAN ALLEN AVE,SAME DIRECTION SIDESWIPE,CLEAR,DRY,DARK LIGHTS ON,TRAFFIC SIGNAL,UNKNOWN,Yes,No Apparent Injury,UNKNOWN,Unknown,Passenger Car,35,2007.0,Mazda,XX,22,Friday,4
MCP2931002L,180035367,Montgomery County Police,Property Damage Crash,2018-07-17 15:17:00,Maryland (State),MONTROSE RD,MONTROSE RD (BACK),SINGLE VEHICLE,RAINING,WET,DAYLIGHT,Unknown,Unknown,Yes,No Apparent Injury,LOOKED BUT DID NOT SEE,MD,Fire Vehicle/Non Emergency,35,2009.0,Gmc,TK,15,Tuesday,7
MCP3016001B,170518259,Montgomery County Police,Property Damage Crash,2017-07-10 11:33:00,County,FATHER HURLEY BLVD,WATERS LANDING DR,OPPOSITE DIRECTION SIDESWIPE,CLEAR,DRY,DAYLIGHT,TRAFFIC SIGNAL,Unknown,No,No Apparent Injury,NOT DISTRACTED,WV,Passenger Car,40,2005.0,Dodge,PICKUP,11,Monday,7
MCP3029000X,170513299,Montgomery County Police,Property Damage Crash,2017-06-12 21:13:00,Maryland (State),UNIVERSITY BLVD W,VEIRS MILL RD,SAME DIR REAR END,CLEAR,DRY,DUSK,NO CONTROLS,Unknown,Yes,No Apparent Injury,UNKNOWN,Unknown,Passenger Car,35,2016.0,Chevy,EQUINOX,21,Monday,6
MCP2933001Q,170546569,Montgomery County Police,Property Damage Crash,2017-12-04 16:15:00,Unknown,Unknown,Unknown,OTHER,CLEAR,Unknown,DAYLIGHT,Unknown,NONE DETECTED,No,No Apparent Injury,NOT DISTRACTED,MD,Passenger Car,10,2015.0,Volk,4S,16,Monday,12
MCP3200007J,230005088,Montgomery County Police,Property Damage Crash,2023-01-31 14:13:00,Maryland (State),MONTGOMERY AVE,EAST WEST HWY,OTHER,RAINING,WET,DAYLIGHT,TRAFFIC SIGNAL,NONE DETECTED,Unknown,No Apparent Injury,UNKNOWN,MD,"Other Light Trucks (10,000Lbs (4,536Kg) Or Less)",30,2003.0,Isuzu,NPR,14,Tuesday,1
MCP2898004B,230066102,Montgomery County Police,Injury Crash,2023-11-13 15:02:00,County,MIDDLEBROOK RD,SCENERY DR,STRAIGHT MOVEMENT ANGLE,CLEAR,DRY,DAYLIGHT,STOP SIGN,Unknown,No,No Apparent Injury,NOT DISTRACTED,OR,Passenger Car,40,2003.0,Toyt,4S,15,Monday,11
MCP9379000J,15015539,Montgomery County Police,Property Damage Crash,2015-04-04 14:07:00,Unknown,Unknown,Unknown,SAME DIR REAR END,CLEAR,Unknown,DAYLIGHT,NO CONTROLS,Unknown,No,No Apparent Injury,NOT DISTRACTED,MD,Passenger Car,10,2003.0,Buic,4S,14,Saturday,4
MCP2987008C,240000648,MONTGOMERY,Injury Crash,2024-01-04 17:25:00,County Route,TAMARACK RD,E RANDOLPH RD E RANDOLPH RD (WB/L),Front to Front,Clear,Dry,Other,Traffic Control Signal,"Not Suspect of Alcohol Use, Not Suspect of Drug Use",No,Possible Injury,Unknown,MD,Passenger Car,40,2012.0,Toyota,COROLLA,17,Thursday,1
MCP2445003F,220004463,Montgomery County Police,Property Damage Crash,2022-02-02 06:55:00,Maryland (State),FREDERICK RD,LITTLE SENECA PKWY,SAME DIR REAR END,FOGGY,WET,DARK LIGHTS ON,TRAFFIC SIGNAL,NONE DETECTED,No,No Apparent Injury,NOT DISTRACTED,MD,(Sport) Utility Vehicle,45,2019.0,Volkswagon,TK,6,Wednesday,2
MCP25860076,240008955,MONTGOMERY,Injury Crash,2024-02-23 19:05:00,County Route,SCENERY DR,Unknown,Angle,Clear,Dry,Dark - Lighted,Traffic Control Signal,"Not Suspect of Alcohol Use, Not Suspect of Drug Use",No,Suspected Minor Injury,Not Distracted,MD,Sport Utility Vehicle,40,2020.0,Toyota,HIGHLANDER,19,Friday,2
DD5604003N,200037032,Rockville Police Departme,Property Damage Crash,2020-09-21 13:57:00,Municipality,MARYLAND AVE,E MONTGOMERY AVE AT COURTHOUSE SQ,HEAD ON,CLEAR,DRY,DAYLIGHT,STOP SIGN,NONE DETECTED,Yes,No Apparent Injury,NOT DISTRACTED,VA,Passenger Car,25,2009.0,Audi,A4,13,Monday,9
MCP3348003P,240055516,MONTGOMERY,Injury Crash,2024-11-19 16:11:00,County Route,Unknown,Unknown,Single Vehicle,Clear,Dry,Dusk,No Controls,"Not Suspect of Alcohol Use, Not Suspect of Drug Use",No,No Apparent Injury,Not Distracted,MD,Sport Utility Vehicle,35,2014.0,Toyota,RAV4,16,Tuesday,11
DM8388002P,180062956,Takoma Park Police Depart,Injury Crash,2018-12-17 13:37:00,Unknown,Unknown,Unknown,Unknown,CLEAR,Unknown,DAYLIGHT,NO CONTROLS,NONE DETECTED,Yes,No Apparent Injury,LOOKED BUT DID NOT SEE,MD,(Sport) Utility Vehicle,15,2015.0,Toyt,HIGHLANDER,13,Monday,12
MCP31610015,190015316,Montgomery County Police,Property Damage Crash,2019-04-02 18:50:00,Maryland (State),CONNECTICUT AVE,RAMP 4 FR MD 185 NB TO IS 495 EB,SAME DIR REAR END,RAINING,WET,DAYLIGHT,NO CONTROLS,NONE DETECTED,No,No Apparent Injury,NOT DISTRACTED,MD,Passenger Car,35,2006.0,Jeep,LIBERTY,18,Tuesday,4
MCP2195000W,17009503,Montgomery County Police,Injury Crash,2017-02-22 10:35:00,Maryland (State),FREDERICK RD,E GUDE DR,SAME DIR REAR END,CLEAR,DRY,DAYLIGHT,NO CONTROLS,NONE DETECTED,Yes,No Apparent Injury,NOT DISTRACTED,MD,Passenger Car,40,2016.0,Nissan,VERSA,10,Wednesday,2
DD5594002J,16057748,Rockville Police Departme,Property Damage Crash,2016-11-09 09:23:00,County,MONTROSE RD,TILDENWOOD DR,SAME DIR REAR END,RAINING,WET,DAYLIGHT,NO CONTROLS,NONE DETECTED,No,No Apparent Injury,NOT DISTRACTED,MD,Other,40,2007.0,Hond,2S,9,Wednesday,11
MCP3045000L,170518651,Montgomery County Police,Property Damage Crash,2017-07-09 12:33:00,County,TUCKERMAN LA,VALERIAN LA,SAME DIRECTION LEFT TURN,CLEAR,DRY,DAYLIGHT,NO CONTROLS,NONE DETECTED,No,No Apparent Injury,NOT DISTRACTED,MD,Passenger Car,35,2015.0,Toyota,SIENNA,12,Sunday,7
MCP3129009R,240035441,MONTGOMERY,Property Damage Crash,2024-07-27 12:31:00,County Route,ASPEN HILL RD,Unknown,Front to Rear,Clear,Dry,Daylight,No Controls,"Not Suspect of Alcohol Use, Not Suspect of Drug Use",Yes,No Apparent Injury,Not Distracted,MD,Passenger Car,30,2017.0,Honda,CIVIC,12,Saturday,7
MCP3170002R,230002932,Montgomery County Police,Property Damage Crash,2023-01-17 18:24:00,Unknown,Unknown,Unknown,SAME DIR REAR END,CLEAR,Unknown,DARK LIGHTS ON,STOP SIGN,UNKNOWN,Yes,No Apparent Injury,LOOKED BUT DID NOT SEE,Unknown,Passenger Car,0,2017.0,Infinity,4D,18,Tuesday,1
MCP2844004C,200031750,Montgomery County Police,Property Damage Crash,2020-08-14 17:45:00,Maryland (State),UNIVERSITY BLVD W,MAYHEW DR,SAME DIRECTION RIGHT TURN,CLEAR,DRY,DAYLIGHT,NO CONTROLS,NONE DETECTED,No,No Apparent Injury,NOT DISTRACTED,MD,Passenger Car,35,2012.0,Toyota,SCION,17,Friday,8
MCP27220059,240023481,MONTGOMERY,Property Damage Crash,2024-05-18 11:34:00,Maryland (State) Route,UNIVERSITY BLVD W,Unknown,Front to Rear,Cloudy,Wet,Daylight,Traffic Control Signal,"Suspect of Alcohol Use, Not Suspect of Drug Use",Yes,No Apparent Injury,Not Distracted,MD,Passenger Car,35,2009.0,Honda,CIVIC,11,Saturday,5
DD5611005S,190010813,Rockville Police Departme,Property Damage Crash,2019-03-08 13:05:00,Maryland (State),ROCKVILLE PIKE,ENT TO WINTERGREEN PLAZA,HEAD ON LEFT TURN,SNOW,WET,DAYLIGHT,Unknown,NONE DETECTED,Yes,No Apparent Injury,NOT DISTRACTED,MD,Passenger Car,40,2010.0,Nissan,ROGUE,13,Friday,3
MCP3048005C,190027982,Montgomery County Police,Property Damage Crash,2019-06-12 07:50:00,Maryland (State),UNIVERSITY BLVD W,NEWPORT MILL RD,STRAIGHT MOVEMENT ANGLE,CLEAR,DRY,DAYLIGHT,TRAFFIC SIGNAL,UNKNOWN,Yes,No Apparent Injury,UNKNOWN,XX,Passenger Car,30,2003.0,Ford,TRUCK,7,Wednesday,6
MCP2703000M,15047200,MONTGOMERY,Injury Crash,2015-09-17 20:39:00,Maryland (State),NEW HAMPSHIRE AVE,LOCKWOOD DR,SAME DIRECTION RIGHT TURN,CLEAR,DRY,DARK LIGHTS ON,NO CONTROLS,Unknown,No,Suspected Minor Injury,NOT DISTRACTED,MD,Passenger Car,15,2010.0,Chevy,MALIBU,20,Thursday,9
MCP2072005H,220017543,Montgomery County Police,Property Damage Crash,2022-04-12 12:30:00,Maryland (State),GERMANTOWN RD,FREDERICK RD,SAME DIR REAR END,CLEAR,DRY,DAYLIGHT,NO CONTROLS,UNKNOWN,Yes,No Apparent Injury,NOT DISTRACTED,Unknown,Passenger Car,30,2010.0,Toyt,TK,12,Tuesday,4
MCP12270009,15030711,MONTGOMERY,Fatal Crash,2015-06-23 20:26:00,Maryland (State),DARNESTOWN RD,CATTAIL RD,SINGLE VEHICLE,CLOUDY,WET,DUSK,Unknown,NONE DETECTED,Unknown,Fatal Injury,UNKNOWN,MD,Pickup Truck,50,2003.0,Chev,S-10,20,Tuesday,6
MCP285900GD,240015496,MONTGOMERY,Property Damage Crash,2024-04-03 09:45:00,County Route,Unknown,Unknown,"Sideswipe, Same Direction",Rain,Wet,Daylight,No Controls,"Not Suspect of Alcohol Use, Not Suspect of Drug Use",Yes,No Apparent Injury,Unknown,MD,Passenger Car,35,2016.0,Honda,ACCORD,9,Wednesday,4
MCP3106000H,18002553,Montgomery County Police,Injury Crash,2018-05-24 14:42:00,County,TUCKERMAN LA,GROSVENOR PL,SINGLE VEHICLE,CLEAR,DRY,DAYLIGHT,Unknown,Unknown,Yes,Suspected Minor Injury,UNKNOWN,MD,Passenger Car,30,2016.0,Ford,FOCUS,14,Thursday,5
MCP2159000F,180063231,Montgomery County Police,Injury Crash,2018-12-18 19:38:00,Maryland (State),UNIVERSITY BLVD E,DEARBORN AVE,OTHER,CLEAR,DRY,DARK -- UNKNOWN LIGHTING,Unknown,NONE DETECTED,No,Suspected Minor Injury,NOT DISTRACTED,MD,Police Vehicle/Non Emergency,35,2018.0,Ford,TAURUS,19,Tuesday,12
MCP3036002N,250035074,MONTGOMERY,Injury Crash,2025-08-06 20:23:00,County Route,CONTOUR RD,Unknown,Front to Rear,Clear,Dry,Dark - Lighted,Stop Sign,"Not Suspect of Alcohol Use, Not Suspect of Drug Use",No,No Apparent Injury,Not Distracted,MD,Sport Utility Vehicle,5,2022.0,Toyota,HIGHLANDER,20,Wednesday,8
MCP2875001Q,16009790,Montgomery County Police,Injury Crash,2016-02-27 15:42:00,Maryland (State),GERMANTOWN RD,CLOPPER RD,SAME DIR REAR END,CLEAR,DRY,DAYLIGHT,TRAFFIC SIGNAL,NONE DETECTED,Yes,No Apparent Injury,UNKNOWN,MD,Passenger Car,40,2001.0,Subaru,OUTBACK,15,Saturday,2
MCP31130028,200002712,Montgomery County Police,Property Damage Crash,2020-01-16 16:50:00,US (State),COLUMBIA PIKE,RAMP 2 FR DUSTIN RD TO US 29 NB,SAME DIR REAR END,Unknown,DRY,DAYLIGHT,NO CONTROLS,Unknown,No,No Apparent Injury,NOT DISTRACTED,MD,Passenger Car,50,2014.0,Honda,ACCORD,16,Thursday,1
MCP3093004H,220057444,Montgomery County Police,Property Damage Crash,2022-12-27 17:23:00,County,WASHINGTON AVE,EAST WEST HWY,SAME DIR REAR END,CLEAR,DRY,DARK LIGHTS ON,Unknown,Unknown,Yes,No Apparent Injury,UNKNOWN,MD,(Sport) Utility Vehicle,25,2013.0,Honda,CRV,17,Tuesday,12
EJ7781002C,190049940,Gaithersburg Police Depar,Injury Crash,2019-10-18 08:00:00,Maryland (State),CLOPPER RD,SPUR FR MD 124,HEAD ON LEFT TURN,CLEAR,DRY,DAYLIGHT,TRAFFIC SIGNAL,NONE DETECTED,Yes,No Apparent Injury,NOT DISTRACTED,MD,Passenger Car,35,2009.0,Cadi,ESCALADE,8,Friday,10
DD5633008Z,240030159,ROCKVILLE,Property Damage Crash,2024-06-26 07:24:00,Municipality Route,EDMONSTON DR (SB/L),W EDMONSTON DR,Rear To Side,Clear,Dry,Daylight,Traffic Control Signal,"Not Suspect of Alcohol Use, Not Suspect of Drug Use",Yes,No Apparent Injury,Not Distracted,MD,Sport Utility Vehicle,35,2011.0,Jeep,GRAND CHEROKEE,7,Wednesday,6
MCP3053005K,220034643,Montgomery County Police,Property Damage Crash,2022-08-12 02:09:00,County,CLARIDGE RD,MEDWAY ST,OTHER,CLEAR,DRY,DARK LIGHTS ON,NO CONTROLS,ALCOHOL PRESENT,Yes,No Apparent Injury,OTHER DISTRACTION,MD,Passenger Car,20,2011.0,Bmw,328I,2,Friday,8
MCP2766003T,180032388,Montgomery County Police,Property Damage Crash,2018-07-01 03:20:00,County,CARTER MILL WAY,GOLD MINE RD,HEAD ON,CLEAR,DRY,DARK NO LIGHTS,Unknown,ALCOHOL PRESENT,Yes,No Apparent Injury,LOOKED BUT DID NOT SEE,MD,Passenger Car,25,2006.0,Volkswagen,GTI,3,Sunday,7
MCP10200032,185730010,Montgomery County Police,Property Damage Crash,2018-03-01 10:29:00,Maryland (State),RIDGE RD,SWEEPSTAKES RD,SAME DIR REAR END,RAINING,WET,DAYLIGHT,TRAFFIC SIGNAL,NONE DETECTED,No,No Apparent Injury,NOT DISTRACTED,MD,Passenger Car,40,2016.0,Niss,SENTRA,10,Thursday,3
MCP229800T1,200046317,Montgomery County Police,Property Damage Crash,2020-11-23 17:27:00,Maryland (State),CLOPPER RD,ALLSPICE RD,SAME DIR REAR END,CLEAR,DRY,DARK LIGHTS ON,NO CONTROLS,NONE DETECTED,Yes,No Apparent Injury,LOOKED BUT DID NOT SEE,MD,Passenger Car,45,2003.0,Honda,COROLLA,17,Monday,11
MCP1382005M,200012953,Montgomery County Police,Property Damage Crash,2020-03-17 06:58:00,Maryland (State),SANDY SPRING RD,ENT TO BURTONSVILLE CROSSING SHOP CTR,SINGLE VEHICLE,CLEAR,DRY,DARK NO LIGHTS,NO CONTROLS,NONE DETECTED,Yes,No Apparent Injury,LOOKED BUT DID NOT SEE,VA,Transit Bus,35,2006.0,New Flyer,BUS,6,Tuesday,3
MCP2712001G,17002027,Montgomery County Police,Injury Crash,2017-01-12 14:28:00,County,GREENCASTLE RD,WEXHALL DR,SAME DIRECTION LEFT TURN,CLEAR,DRY,DAYLIGHT,Unknown,NONE DETECTED,No,Possible Injury,NOT DISTRACTED,MD,"Cargo Van/Light Truck 2 Axles (Over 10,000Lbs (4,536 Kg))",30,2016.0,Chevrolet,EXPRESS,14,Thursday,1
MCP31650068,250049645,MONTGOMERY,Property Damage Crash,2025-11-05 11:50:00,Maryland (State) Route,NEW HAMPSHIRE AVE,Unknown,Front to Rear,Clear,Dry,Daylight,No Controls,"Not Suspect of Alcohol Use, Not Suspect of Drug Use",Yes,No Apparent Injury,Not Distracted,MD,Passenger Car,40,2016.0,Volkswagen,JETTA,11,Wednesday,11
MCP2965006Z,230011594,Montgomery County Police,Property Damage Crash,2023-03-09 14:25:00,Maryland (State),NEW HAMPSHIRE AVE,NORWOOD RD,STRAIGHT MOVEMENT ANGLE,CLEAR,DRY,DAYLIGHT,TRAFFIC SIGNAL,NONE DETECTED,No,No Apparent Injury,NOT DISTRACTED,MD,Passenger Car,45,2013.0,Niss,HB,14,Thursday,3
MCP27600023,180053401,Montgomery County Police,Property Damage Crash,2018-10-25 04:16:00,County,MONTGOMERY VILLAGE AVE,MIDCOUNTY HWY,SINGLE VEHICLE,CLEAR,DRY,DARK LIGHTS ON,NO CONTROLS,Unknown,No,No Apparent Injury,NOT DISTRACTED,MD,Fire Vehicle/Non Emergency,35,2014.0,Spar,TK,4,Thursday,10
MCP2846008V,230015571,Montgomery County Police,Property Damage Crash,2023-03-31 21:45:00,County,BUCKNELL DR,PRICHARD RD,SAME DIR REAR END,CLEAR,DRY,DARK LIGHTS ON,Unknown,NONE DETECTED,No,No Apparent Injury,NOT DISTRACTED,ND,Passenger Car,25,2017.0,Dodg,JOURNEY,21,Friday,3
MCP2961003P,190034613,Montgomery County Police,Property Damage Crash,2019-07-21 02:50:00,Maryland (State),GEORGIA AVE,HEWITT AVE,SAME DIR REAR END,CLEAR,DRY,DARK LIGHTS ON,TRAFFIC SIGNAL,Unknown,No,No Apparent Injury,NOT DISTRACTED,MD,Passenger Car,35,2015.0,Ford,VN,2,Sunday,7
MCP3006002P,180016519,Montgomery County Police,Property Damage Crash,2018-04-05 12:41:00,Unknown,Unknown,Unknown,STRAIGHT MOVEMENT ANGLE,Unknown,Unknown,DAYLIGHT,NO CONTROLS,NONE DETECTED,Yes,No Apparent Injury,UNKNOWN,MD,Passenger Car,15,2002.0,Buick,ULTRA,12,Thursday,4
MCP3268006H,260000076,MONTGOMERY,Property Damage Crash,2026-01-01 10:11:00,County Route,NEW HAMPSHIRE AVE SER RD,NEW HAMPSHIRE AVE (SB/L),Front to Front,Clear,Dry,Daylight,No Controls,"Not Suspect of Alcohol Use, Not Suspect of Drug Use",No,No Apparent Injury,Not Distracted,MD,Sport Utility Vehicle,35,2020.0,Toyota,RAV4,10,Thursday,1
MCP32090049,230058619,Montgomery County Police,Injury Crash,2023-10-05 01:44:00,County,CHERRY HILL RD,GRACEFIELD RD,SINGLE VEHICLE,CLEAR,DRY,DARK LIGHTS ON,FLASHING TRAFFIC SIGNAL,UNKNOWN,Yes,Possible Injury,UNKNOWN,MD,Passenger Car,35,2019.0,Mazda,3,1,Thursday,10
MCP29040072,190034828,Montgomery County Police,Injury Crash,2019-07-22 16:15:00,US (State),COLESVILLE RD,LANARK WAY,STRAIGHT MOVEMENT ANGLE,CLEAR,DRY,DAYLIGHT,STOP SIGN,NONE DETECTED,Yes,Suspected Minor Injury,UNKNOWN,MD,Passenger Car,40,2015.0,Toyota,RAV4,16,Monday,7
MCP3093001V,190004460,Montgomery County Police,Property Damage Crash,2019-01-28 17:59:00,Maryland (State),WISCONSIN AVE,BRADLEY LA,SAME DIR REAR END,Unknown,Unknown,DARK LIGHTS ON,Unknown,Unknown,No,No Apparent Injury,NOT DISTRACTED,VA,Passenger Car,25,2018.0,Hyun,4S,17,Monday,1
MCP2401000X,180048383,Montgomery County Police,Injury Crash,2018-09-27 10:36:00,Maryland (State),FALLS RD,WOOTTON PKWY,STRAIGHT MOVEMENT ANGLE,RAINING,WET,DARK LIGHTS ON,TRAFFIC SIGNAL,NONE DETECTED,Unknown,No Apparent Injury,UNKNOWN,MD,Passenger Car,40,2017.0,Lexus,ED300,10,Thursday,9
DD5652000G,220010005,Rockville Police Departme,Property Damage Crash,2022-03-08 16:15:00,Maryland (State),NORBECK RD,E GUDE DR,OTHER,CLEAR,DRY,DAYLIGHT,TRAFFIC SIGNAL,NONE DETECTED,Yes,No Apparent Injury,NOT DISTRACTED,MD,Passenger Car,50,2020.0,Toyt,PK,16,Tuesday,3