Report Number,Local Case Number,Agency Name,ACRS Report Type,Crash Date/Time,Route Type,Road Name,Cross-Street Name,Collision Type,Weather,Surface Condition,Light,Traffic Control,Driver Substance Abuse,Driver At Fault,Injury Severity,Driver Distracted By,Drivers License State,Vehicle Body Type,Speed Limit,Vehicle Year,Vehicle Make,Vehicle Model,Crash Hour,Crash Day,Crash Month
DD5624003B,190053113,Rockville Police Departme,Property Damage Crash,2019-11-04 15:00:00,Maryland (State),ROCKVILLE PIKE,ENT TO WOODMONT COUNTRY CLUB,OTHER,CLEAR,DRY,DAYLIGHT,NO CONTROLS,NONE DETECTED,No,No Apparent Injury,NOT DISTRACTED,MD,Passenger Car,35,2017.0,Audi,A4,15,Monday,11
MCP3270001B,210044537,Montgomery County Police,Injury Crash,2021-11-03 16:03:00,Maryland (State),16TH ST,SPRING ST,SAME DIR REAR END,CLEAR,DRY,DAYLIGHT,NO CONTROLS,NONE DETECTED,Yes,Possible Injury,INATTENTIVE OR LOST IN THOUGHT,MD,Passenger Car,35,2016.0,Kia,SOUL,16,Wednesday,11
MCP3080003P,230051877,Montgomery County Police,Injury Crash,2023-08-28 16:58:00,Maryland (State),GERMANTOWN RD,MIDDLEBROOK RD,SAME DIR REAR END,CLEAR,DRY,DAYLIGHT,TRAFFIC SIGNAL,NONE DETECTED,No,No Apparent Injury,NOT DISTRACTED,MD,Passenger Car,40,2008.0,Honda,TK,16,Monday,8
MCP913000FT,230021156,Montgomery County Police,Property Damage Crash,2023-05-03 14:01:00,Maryland (State),UNIVERSITY BLVD E,RAMP 2 FR IS 495 WB TO MD 193 NB,SAME DIR REAR END,RAINING,WET,DAYLIGHT,YIELD SIGN,NONE DETECTED,Yes,No Apparent Injury,UNKNOWN,MD,Pickup Truck,35,2022.0,Chev,SILVERADO,14,Wednesday,5
MCP2708002K,170540734,Montgomery County Police,Property Damage Crash,2017-11-03 13:30:00,Unknown,Unknown,Unknown,OTHER,CLEAR,Unknown,DAYLIGHT,NO CONTROLS,Unknown,Yes,No Apparent Injury,UNKNOWN,Unknown,Passenger Car,15,2017.0,Toyota,COROLLA,13,Friday,11
EJ78660065,190030452,Gaithersburg Police Depar,Property Damage Crash,2019-06-26 08:40:00,Maryland (State),QUINCE ORCHARD RD,RAMP 2 FR MD 124 WB TO IS 270 NB,SAME DIR REAR END,CLEAR,DRY,DAYLIGHT,NO CONTROLS,NONE DETECTED,Yes,No Apparent Injury,UNKNOWN,MD,Van,40,2006.0,Ford,E350,8,Wednesday,6
MCP31680052,220056686,Montgomery County Police,Injury Crash,2022-12-21 17:14:00,County,REDLAND RD,PANORAMA DR,STRAIGHT MOVEMENT ANGLE,CLEAR,DRY,DARK LIGHTS ON,Unknown,NONE DETECTED,Yes,No Apparent Injury,LOOKED BUT DID NOT SEE,MD,(Sport) Utility Vehicle,35,2020.0,Honda,CRV,17,Wednesday,12
MCP2880000W,15007962,Montgomery County Police,Property Damage Crash,2015-02-18 08:57:00,County,HIDDEN PONDS WAY,HIDDEN PONDS CT,HEAD ON,CLEAR,SNOW,DAYLIGHT,NO CONTROLS,NONE DETECTED,No,No Apparent Injury,NOT DISTRACTED,MD,"Cargo Van/Light Truck 2 Axles (Over 10,000Lbs (4,536 Kg))",25,2006.0,Ford,E-150,8,Wednesday,2
MCP29170011,16019365,Montgomery County Police,Property Damage Crash,2016-04-20 08:38:00,Maryland (State),NEW HAMPSHIRE AVE,NOTLEY RD,STRAIGHT MOVEMENT ANGLE,CLEAR,DRY,DAYLIGHT,NO CONTROLS,NONE DETECTED,Yes,No Apparent Injury,LOOKED BUT DID NOT SEE,VA,Passenger Car,40,2010.0,Lexs,ES350,8,Wednesday,4
MCP1334003D,16005383,Montgomery County Police,Property Damage Crash,2016-02-02 08:05:00,County,MONTGOMERY VILLAGE AVE,SPUR TO WIGHTMAN RD,SAME DIR REAR END,CLEAR,ICE,DAYLIGHT,NO CONTROLS,NONE DETECTED,Yes,No Apparent Injury,NOT DISTRACTED,MD,(Sport) Utility Vehicle,35,2012.0,Honda,CRV,8,Tuesday,2
MCP0704001J,180043947,Montgomery County Police,Injury Crash,2018-09-03 14:56:00,Maryland (State),WILSON LA,EXETER RD,STRAIGHT MOVEMENT ANGLE,CLEAR,DRY,DAYLIGHT,STOP SIGN,NONE DETECTED,No,No Apparent Injury,NOT DISTRACTED,MD,"Cargo Van/Light Truck 2 Axles (Over 10,000Lbs (4,536 Kg))",25,2015.0,Chev,TK,14,Monday,9
MCP31380067,240000450,MONTGOMERY,Property Damage Crash,2024-01-03 16:28:00,County Route,OLD BALTIMORE RD,Unknown,Single Vehicle,Clear,Dry,Daylight,No Controls,"Not Suspect of Alcohol Use, Not Suspect of Drug Use",No,No Apparent Injury,Unknown,MD,Sport Utility Vehicle,30,2007.0,Gmc,ENVOY,16,Wednesday,1
MCP28910088,19003668,Montgomery County Police,Property Damage Crash,2019-08-01 10:37:00,Maryland (State),GEORGIA AVE,FOREST GLEN RD,SAME DIR REAR END,CLEAR,DRY,DAYLIGHT,Unknown,NONE DETECTED,Yes,No Apparent Injury,USING DEVICE OBJECT BROUGHT INTO VEHICLE,MD,"Other Light Trucks (10,000Lbs (4,536Kg) Or Less)",35,2011.0,Ford,TK,10,Thursday,8
MCP1575002H,15021901,Montgomery County Police,Property Damage Crash,2015-05-08 09:38:00,County,E GUDE DR,DOVER RD,STRAIGHT MOVEMENT ANGLE,CLEAR,DRY,DAYLIGHT,NO CONTROLS,NONE DETECTED,No,No Apparent Injury,NOT DISTRACTED,MD,School Bus,40,2001.0,International,BUS,9,Friday,5
MCP2765004L,180033036,Montgomery County Police,Property Damage Crash,2018-07-04 18:00:00,County,DECLARATION LA,SEVEN LOCKS RD,SINGLE VEHICLE,CLEAR,DRY,DAYLIGHT,NO CONTROLS,UNKNOWN,Yes,No Apparent Injury,UNKNOWN,Unknown,Passenger Car,25,9999.0,Cadillac,SUV,18,Wednesday,7
MCP1220002X,15053051,MONTGOMERY,Property Damage Crash,2015-10-19 15:50:00,Maryland (State),EAST WEST HWY,16TH ST,SAME DIR REAR END,CLEAR,DRY,DAYLIGHT,TRAFFIC SIGNAL,NONE DETECTED,Yes,No Apparent Injury,UNKNOWN,MD,Passenger Car,35,2008.0,Honda,ACCORD,15,Monday,10
MCP2722003C,190044976,Montgomery County Police,Injury Crash,2019-09-19 19:53:00,County,BONIFANT RD,BONIFIANT PARK DR,SAME DIR REAR END,Unknown,DRY,DARK NO LIGHTS,NO CONTROLS,Unknown,No,No Apparent Injury,NOT DISTRACTED,MD,Passenger Car,35,2012.0,Nissan,ROGUE,19,Thursday,9
MCP263900CQ,210034233,Montgomery County Police,Property Damage Crash,2021-09-01 13:42:00,County,BLUE SKY DR,GRANITE ROCK RD,SAME DIRECTION SIDESWIPE,RAINING,WET,DAYLIGHT,NO CONTROLS,NONE DETECTED,Yes,No Apparent Injury,LOOKED BUT DID NOT SEE,MD,Passenger Car,25,2011.0,Acura,MDX,13,Wednesday,9
MCP913000H5,230066050,Montgomery County Police,Property Damage Crash,2023-11-13 11:21:00,County,LINTON ST,PATTON DR,SAME DIRECTION LEFT TURN,CLEAR,DRY,DAYLIGHT,NO CONTROLS,NONE DETECTED,No,No Apparent Injury,NOT DISTRACTED,DC,"Other Light Trucks (10,000Lbs (4,536Kg) Or Less)",25,2020.0,Dodge,PROMASTER 3500,11,Monday,11
MCP3112000Q,180039828,Montgomery County Police,Property Damage Crash,2018-08-10 20:13:00,County,GLADWYNE DR,LYNBROOK DR,OTHER,CLEAR,DRY,DUSK,NO CONTROLS,NONE DETECTED,Yes,No Apparent Injury,UNKNOWN,MD,"Cargo Van/Light Truck 2 Axles (Over 10,000Lbs (4,536 Kg))",25,2016.0,Intl,TK,20,Friday,8
MCP32180033,220017448,Montgomery County Police,Injury Crash,2022-04-24 19:50:00,Maryland (State),GEORGIA AVE,ARCOLA AVE,STRAIGHT MOVEMENT ANGLE,CLEAR,DRY,DUSK,TRAFFIC SIGNAL,NONE DETECTED,No,No Apparent Injury,UNKNOWN,MD,Passenger Car,35,2020.0,Toyota,COROLLA,19,Sunday,4
MCP33300016,230028667,Montgomery County Police,Property Damage Crash,2023-06-14 17:19:00,Maryland (State),ROCKVILLE PIKE,ENT TO FEDERAL PLAZA S.C.,OTHER,CLEAR,DRY,DAYLIGHT,TRAFFIC SIGNAL,NONE DETECTED,No,No Apparent Injury,UNKNOWN,MD,Passenger Car,35,2015.0,Ford,FUSION,17,Wednesday,6
MCP27840038,170503384,Montgomery County Police,Property Damage Crash,2017-04-21 15:50:00,County,NORBECK RD,NEW HAMPSHIRE AVE,HEAD ON LEFT TURN,CLEAR,WET,DAYLIGHT,TRAFFIC SIGNAL,NONE DETECTED,Yes,No Apparent Injury,UNKNOWN,VA,Passenger Car,40,2005.0,Honda,CIVIC,15,Friday,4
DD56050075,190052411,Rockville Police Departme,Property Damage Crash,2019-10-31 13:15:00,Municipality,S WASHINGTON ST,W JEFFERSON ST,SINGLE VEHICLE,RAINING,WET,DAYLIGHT,TRAFFIC SIGNAL,NONE DETECTED,Yes,No Apparent Injury,INATTENTIVE OR LOST IN THOUGHT,MD,(Sport) Utility Vehicle,25,2014.0,Acur,MDX,13,Thursday,10
MCP3227000G,200010718,Montgomery County Police,Property Damage Crash,2020-03-04 09:00:00,Maryland (State),NEW HAMPSHIRE AVE,DILSTON RD,SAME DIRECTION LEFT TURN,CLEAR,DRY,DAYLIGHT,NO CONTROLS,UNKNOWN,Yes,No Apparent Injury,NOT DISTRACTED,Unknown,Passenger Car,40,2019.0,Mazda,VMA,9,Wednesday,3
MCP23990089,240021016,MONTGOMERY,Property Damage Crash,2024-05-04 22:17:00,County Route,Unknown,SMOOTHSTONE WAY,Front to Rear,Rain,Wet,Dark - Not Lighted,No Controls,"Not Suspect of Alcohol Use, Not Suspect of Drug Use",No,No Apparent Injury,Unknown,MD,Passenger Car,35,2012.0,Toyota,SCION FR-S,22,Saturday,5
MCP285900DN,230050695,Montgomery County Police,Property Damage Crash,2023-08-22 12:20:00,County,SHADY GROVE RD,EISENHOWER MEMORIAL HWY,SAME DIR REAR END,CLEAR,DRY,DAYLIGHT,TRAFFIC SIGNAL,NONE DETECTED,Yes,No Apparent Injury,UNKNOWN,MD,Passenger Car,30,2013.0,Ford,MUSTANG,12,Tuesday,8
MCP2832004R,190008934,Montgomery County Police,Property Damage Crash,2019-02-25 09:38:00,Maryland (State),16TH ST,COLESVILLE RD,STRAIGHT MOVEMENT ANGLE,CLEAR,DRY,DAYLIGHT,YIELD SIGN,NONE DETECTED,Yes,No Apparent Injury,LOOKED BUT DID NOT SEE,MD,Passenger Car,30,2010.0,Hond,ODYSSEY,9,Monday,2
MCP27080087,230020525,Montgomery County Police,Injury Crash,2023-04-30 19:32:00,Maryland (State),UNIVERSITY BLVD E,PINEY BRANCH RD,SAME DIR REAR END,CLOUDY,DRY,DAYLIGHT,TRAFFIC SIGNAL,NONE DETECTED,No,No Apparent Injury,NOT DISTRACTED,MD,Passenger Car,35,2019.0,Subura,WRX,19,Sunday,4
MCP2866005R,190049646,Montgomery County Police,Injury Crash,2019-10-16 15:40:00,County,JONES BRIDGE RD,PLATT RIDGE DR,ANGLE MEETS LEFT TURN,CLOUDY,WET,DAYLIGHT,TRAFFIC SIGNAL,NONE DETECTED,Yes,No Apparent Injury,LOOKED BUT DID NOT SEE,MD,Passenger Car,35,2018.0,Toyota,CAMRY,15,Wednesday,10
MCP32690046,250020384,MONTGOMERY,Property Damage Crash,2025-05-08 21:23:00,Ramp,RAMP 5 FR US 29 SB TO BRIGGS CHANEY RD,Unknown,Front to Rear,Clear,Dry,Dark - Lighted,Traffic Control Signal,"Not Suspect of Alcohol Use, Not Suspect of Drug Use",No,No Apparent Injury,Unknown,Unknown,Passenger Car,15,2011.0,Chevrolet,IMPALA,21,Thursday,5
MCP3052001X,190022302,Montgomery County Police,Property Damage Crash,2019-05-11 21:00:00,County,APPLE RIDGE RD,WATKINS MILL RD,SAME DIR REAR END,RAINING,WET,DARK LIGHTS ON,NO CONTROLS,Unknown,Yes,No Apparent Injury,UNKNOWN,MD,Other,5,2012.0,Nissian,ALTIMA,21,Saturday,5
MCP2422001G,16041143,Montgomery County Police,Injury Crash,2016-08-13 20:54:00,Maryland (State),MUNCASTER MILL RD,BOWIE MILL RD,SAME DIR REAR END,CLEAR,DRY,DARK NO LIGHTS,TRAFFIC SIGNAL,Unknown,Yes,No Apparent Injury,UNKNOWN,MD,Passenger Car,40,2007.0,Toyt,TK,20,Saturday,8
MCP24450055,230061768,Montgomery County Police,Injury Crash,2023-10-21 08:47:00,County,WATKINS MILL RD,GREENRIVER TERR,OTHER,CLEAR,WET,DAYLIGHT,NO CONTROLS,NONE DETECTED,No,No Apparent Injury,NOT DISTRACTED,MD,Pickup Truck,35,1998.0,Ford,F150,8,Saturday,10
MCP2849001S,15060504,MONTGOMERY,Injury Crash,2015-11-26 14:12:00,County,CASHELL RD,PRESTWOOD DR,SAME DIR REAR END,CLEAR,DRY,DAYLIGHT,NO CONTROLS,UNKNOWN,Yes,No Apparent Injury,TALKING OR LISTENING TO CELLULAR PHONE,MD,Passenger Car,35,2012.0,Toyota,CAMRY,14,Thursday,11
MCP29680051,230051673,Montgomery County Police,Property Damage Crash,2023-08-27 00:00:00,Maryland (State),FALLS RD,WOODINGTON DR,SINGLE VEHICLE,Unknown,UNKNOWN,UNKNOWN,Unknown,UNKNOWN,Yes,No Apparent Injury,UNKNOWN,Unknown,Passenger Car,35,2003.0,Honda,4S,0,Sunday,8
MCP2559002J,180037744,Montgomery County Police,Injury Crash,2018-07-30 13:32:00,County,DARNESTOWN RD,SHADY GROVE RD,STRAIGHT MOVEMENT ANGLE,CLOUDY,DRY,DAYLIGHT,TRAFFIC SIGNAL,Unknown,No,Suspected Serious Injury,NOT DISTRACTED,MD,Passenger Car,40,2011.0,Honda,CIVIC,13,Monday,7
MCP28640014,15025726,Montgomery County Police,Injury Crash,2015-05-28 15:22:00,Maryland (State),DARNESTOWN RD,AMBIANCE DR,STRAIGHT MOVEMENT ANGLE,CLEAR,DRY,DAYLIGHT,NO CONTROLS,NONE DETECTED,No,No Apparent Injury,NOT DISTRACTED,MD,Passenger Car,40,2000.0,Toyota,CAMRY,15,Thursday,5
MCP2777004G,180010811,Montgomery County Police,Injury Crash,2018-03-02 16:45:00,County,MOORLAND LA,CLARENDON RD,SINGLE VEHICLE,CLEAR,DRY,DAYLIGHT,NO CONTROLS,NONE DETECTED,No,Possible Injury,NOT DISTRACTED,MD,Passenger Car,25,2016.0,Toyota,RAV 4,16,Friday,3
DD56470009,210003442,Rockville Police Departme,Property Damage Crash,2021-01-27 17:05:00,Municipality,RIDGWAY AVE,LEMAY RD,STRAIGHT MOVEMENT ANGLE,CLEAR,DRY,DAYLIGHT,STOP SIGN,NONE DETECTED,No,No Apparent Injury,NOT DISTRACTED,MD,Passenger Car,25,2009.0,Toyota,HIGHLANDER,17,Wednesday,1
MCP2881006B,240020693,MONTGOMERY,Property Damage Crash,2024-05-03 08:00:00,Bicycle Route,Unknown,Unknown,Front to Rear,Clear,Dry,Daylight,Traffic Control Signal,"Not Suspect of Alcohol Use, Not Suspect of Drug Use",No,No Apparent Injury,Not Distracted,MD,Passenger Car,45,2019.0,Gmc,ACADIA,8,Friday,5
MCP2855001D,16038631,Montgomery County Police,Injury Crash,2016-07-30 22:00:00,Maryland (State),FALLS RD,MONTROSE RD,HEAD ON LEFT TURN,RAINING,WET,DARK LIGHTS ON,TRAFFIC SIGNAL,NONE DETECTED,No,No Apparent Injury,NOT DISTRACTED,MD,Passenger Car,25,2004.0,Toyt,VN,22,Saturday,7
MCP3122001Q,180063065,Montgomery County Police,Injury Crash,2018-12-17 09:08:00,County,RANDOLPH RD,GEORGIA AVE,SINGLE VEHICLE,CLEAR,DRY,DARK LIGHTS ON,TRAFFIC SIGNAL,NONE DETECTED,Yes,No Apparent Injury,LOOKED BUT DID NOT SEE,MD,Passenger Car,35,2007.0,Bmw,4S,9,Monday,12
MCP3018002W,180044559,Montgomery County Police,Property Damage Crash,2018-09-06 17:46:00,Maryland (State),GEORGIA AVE,OLNEY SANDY SPRING RD,SAME DIRECTION SIDESWIPE,CLEAR,DRY,DAYLIGHT,NO CONTROLS,NONE DETECTED,Yes,No Apparent Injury,UNKNOWN,MD,Passenger Car,35,2003.0,Toyota,MATRIX,17,Thursday,9
MCP3000005C,250016041,MONTGOMERY,Injury Crash,2025-04-12 23:43:00,Maryland (State) Route,GERMANTOWN RD (SB/L),MIDDLEBROOK RD (WB/L),Other,Clear,Wet,Dark - Lighted,Traffic Control Signal,"Not Suspect of Alcohol Use, Not Suspect of Drug Use",No,No Apparent Injury,Not Distracted,MD,Sport Utility Vehicle,35,2015.0,Toyota,RAV4,23,Saturday,4
MCP3388000W,240013994,MONTGOMERY,Injury Crash,2024-03-24 18:24:00,Maryland (State) Route,GEORGIA AVE,Unknown,Front to Rear,Clear,Dry,Daylight,No Controls,"Not Suspect of Alcohol Use, Not Suspect of Drug Use",Yes,No Apparent Injury,Not Distracted,MD,Passenger Car,30,2004.0,Toyota,HIGHLANDER,18,Sunday,3
MCP3195002R,210039168,Montgomery County Police,Injury Crash,2021-10-02 17:54:00,Maryland (State),NEW HAMPSHIRE AVE,SHAW AVE E,STRAIGHT MOVEMENT ANGLE,CLEAR,DRY,DAYLIGHT,STOP SIGN,NONE DETECTED,Yes,No Apparent Injury,LOOKED BUT DID NOT SEE,OH,Van,40,2021.0,Ford,VAN,17,Saturday,10
MCP3058005R,250039366,MONTGOMERY,Property Damage Crash,2025-09-02 20:40:00,Municipality Route,ROLLINS AVE,Unknown,"Sideswipe, Opposite Direction",Clear,Dry,Dark - Lighted,No Controls,"Not Suspect of Alcohol Use, Not Suspect of Drug Use",No,No Apparent Injury,Not Distracted,MD,Passenger Car,30,2020.0,Honda,CIVIC,20,Tuesday,9
MCP2829001H,15039527,MONTGOMERY,Injury Crash,2015-08-08 22:45:00,County,CHERRY HILL RD,PRINCE GEORGES CO/L,SAME DIR REAR END,CLEAR,DRY,DARK LIGHTS ON,NO CONTROLS,NONE DETECTED,No,Possible Injury,NOT DISTRACTED,MD,Passenger Car,40,2001.0,Hond,4S,22,Saturday,8
MCP1064005F,17009798,Montgomery County Police,Property Damage Crash,2017-02-23 14:42:00,Unknown,Unknown,Unknown,OTHER,CLEAR,Unknown,DAYLIGHT,Unknown,Unknown,Yes,No Apparent Injury,UNKNOWN,MD,Van,0,2004.0,Hond,ODYSSEY,14,Thursday,2
MCP2825001R,220025257,Montgomery County Police,Property Damage Crash,2022-06-12 18:00:00,County,MIDDLEBROOK RD,LOCBURY DR,STRAIGHT MOVEMENT ANGLE,CLEAR,DRY,DAYLIGHT,NO CONTROLS,NONE DETECTED,No,No Apparent Injury,NOT DISTRACTED,MD,Passenger Car,35,2006.0,Mini,COOPERS,18,Sunday,6
DM8522003N,250003027,TAKOMA,Injury Crash,2025-01-22 10:44:00,Municipality Route,ERSKINE ST,NEW HAMPSHIRE AVE,Front to Rear,Clear,Dry,Daylight,Traffic Control Signal,"Not Suspect of Alcohol Use, Not Suspect of Drug Use",No,No Apparent Injury,Not Distracted,DC,Passenger Car,35,2016.0,Chevrolet,EQUINOX,10,Wednesday,1
MCP28610049,190050987,Montgomery County Police,Property Damage Crash,2019-10-23 19:00:00,Maryland (State),RIVER RD,RAMP 2 FR MD 190 WB TO IS 495 NB,SAME DIR REAR END,CLEAR,DRY,DARK LIGHTS ON,NO CONTROLS,NONE DETECTED,No,No Apparent Injury,NOT DISTRACTED,MD,Passenger Car,35,2013.0,Honda,2D,19,Wednesday,10
MCP2121001X,190044479,Montgomery County Police,Property Damage Crash,2019-09-17 09:17:00,Maryland (State),BUCKLODGE RD,DARNESTOWN RD,SINGLE VEHICLE,CLOUDY,DRY,DAYLIGHT,NO CONTROLS,NONE DETECTED,No,No Apparent Injury,NOT DISTRACTED,VA,Pickup Truck,40,2004.0,Chevrolet,SILVERADO,9,Tuesday,9
MCP32990028,220055050,Montgomery County Police,Property Damage Crash,2022-12-12 23:19:00,County,KEMP MILL RD,HERMLEIGH RD,HEAD ON,CLEAR,DRY,DARK NO LIGHTS,NO CONTROLS,NONE DETECTED,Yes,No Apparent Injury,INATTENTIVE OR LOST IN THOUGHT,MD,Passenger Car,30,2006.0,Acura,4S,23,Monday,12
MCP29360041,200036671,Montgomery County Police,Property Damage Crash,2020-09-18 19:50:00,Maryland (State),ROCKVILLE PIKE,OLD GEORGETOWN RD,STRAIGHT MOVEMENT ANGLE,CLEAR,DRY,DARK NO LIGHTS,TRAFFIC SIGNAL,NONE DETECTED,No,No Apparent Injury,NOT DISTRACTED,MD,Passenger Car,35,2007.0,Toyt,COROLLA,19,Friday,9
DM84570010,180002658,Takoma Park Police Depart,Property Damage Crash,2018-01-17 09:02:00,Municipality,ELM AVE,PRINCE GEORGES AVE,SAME DIRECTION SIDESWIPE,SNOW,ICE,DAYLIGHT,NO CONTROLS,Unknown,Yes,No Apparent Injury,NOT DISTRACTED,MD,Passenger Car,25,2014.0,Ford,FOCUS,9,Wednesday,1
MCP94420013,170524637,Montgomery County Police,Property Damage Crash,2017-08-12 21:30:00,County,CLUB HOUSE RD,WATKINS MILL RD,OTHER,CLEAR,DRY,DARK LIGHTS ON,Unknown,UNKNOWN,Yes,No Apparent Injury,NOT DISTRACTED,MD,Passenger Car,25,2002.0,Honda,CIVIC,21,Saturday,8
MCP1064004P,16039038,Montgomery County Police,Injury Crash,2016-08-02 11:22:00,County,CALVERTON BLVD,GRACEFIELD RD,ANGLE MEETS RIGHT TURN,CLOUDY,DRY,DAYLIGHT,STOP SIGN,Unknown,No,No Apparent Injury,NOT DISTRACTED,MD,(Sport) Utility Vehicle,30,2008.0,Ford,EDGE,11,Tuesday,8
MCP25980029,180064955,Montgomery County Police,Property Damage Crash,2018-12-28 19:25:00,US (State),GEORGIA AVE,BONIFANT ST,SAME DIRECTION SIDESWIPE,Unknown,WET,DARK LIGHTS ON,TRAFFIC SIGNAL,NONE DETECTED,Yes,No Apparent Injury,NOT DISTRACTED,MD,Transit Bus,35,2009.0,Nwfl,BU,19,Friday,12
MCP2072001F,170502791,Montgomery County Police,Property Damage Crash,2017-04-18 14:58:00,County,BRINK RD,BLUNT RD,STRAIGHT MOVEMENT ANGLE,CLEAR,DRY,DAYLIGHT,STOP SIGN,NONE DETECTED,Yes,No Apparent Injury,NOT DISTRACTED,MD,Passenger Car,30,2005.0,Lexu,TK,14,Tuesday,4
MCP2398003M,200021270,Montgomery County Police,Property Damage Crash,2020-05-29 12:05:00,County,SHADY GROVE RD,BRIARDALE RD,SAME DIRECTION SIDESWIPE,CLEAR,DRY,DAYLIGHT,TRAFFIC SIGNAL,NONE DETECTED,Yes,No Apparent Injury,NOT DISTRACTED,MD,Passenger Car,45,2004.0,Hyun,ACCENT,12,Friday,5
MCP2967005Q,240027476,MONTGOMERY,Property Damage Crash,2024-06-09 18:58:00,County Route,BELLEVUE DR,ROCKVILLE PIKE,Angle,Clear,Dry,Daylight,Traffic Control Signal,"Not Suspect of Alcohol Use, Not Suspect of Drug Use",No,No Apparent Injury,Unknown,MD,Passenger Car,35,2010.0,Toyota,CAMRY,18,Sunday,6
MCP27720018,170549596,Montgomery County Police,Injury Crash,2017-12-19 21:20:00,Maryland (State),KNOWLES AVE,SUMMIT AVE,HEAD ON LEFT TURN,CLEAR,DRY,DARK LIGHTS ON,TRAFFIC SIGNAL,NONE DETECTED,Yes,No Apparent Injury,LOOKED BUT DID NOT SEE,XX,Passenger Car,35,2012.0,Ford,EXPLORER,21,Tuesday,12
MCP2055000M,15037858,MONTGOMERY,Injury Crash,2015-07-31 09:04:00,Maryland (State),W DIAMOND AVE,BUREAU DR,SAME DIR REAR END,CLEAR,DRY,DAYLIGHT,TRAFFIC SIGNAL,NONE DETECTED,No,Possible Injury,NOT DISTRACTED,MD,(Sport) Utility Vehicle,30,2012.0,Hond,TK,9,Friday,7
EJ7852000Z,15027963,GAITHERSBURG,Property Damage Crash,2015-06-09 14:19:00,Unknown,Unknown,Unknown,SAME DIR REAR END,CLEAR,Unknown,DAYLIGHT,NO CONTROLS,NONE DETECTED,Yes,No Apparent Injury,NOT DISTRACTED,WV,Passenger Car,5,2004.0,Hyundai,SANTE FE,14,Tuesday,6
MCP2678003R,220043997,Montgomery County Police,Injury Crash,2022-10-08 12:00:00,Maryland (State),UNIVERSITY BLVD W,EXIT FR NORTHWOOD HIGH SCHOOL,HEAD ON,CLEAR,DRY,DAYLIGHT,TRAFFIC SIGNAL,NONE DETECTED,Yes,No Apparent Injury,BY MOVING OBJECT IN VEHICLE,MD,(Sport) Utility Vehicle,35,2020.0,Subaru,FORRESTER,12,Saturday,10
MCP2464000L,16019060,Montgomery County Police,Property Damage Crash,2016-04-18 18:27:00,County,MONTAUK AVE,LONE OAK DR,STRAIGHT MOVEMENT ANGLE,CLEAR,DRY,DAYLIGHT,STOP SIGN,Unknown,Yes,No Apparent Injury,NOT DISTRACTED,MD,Passenger Car,25,2011.0,Lexu,TK,18,Monday,4
MCP1378008N,15057145,MONTGOMERY,Injury Crash,2015-11-09 15:17:00,Municipality,CHESTNUT ST,W DIAMOND AVE,SAME DIR REAR END,RAINING,OTHER,DAYLIGHT,TRAFFIC SIGNAL,NONE DETECTED,No,Possible Injury,NOT DISTRACTED,MD,(Sport) Utility Vehicle,25,2014.0,Niss,PATHFINDER,15,Monday,11
MCP34040029,250046850,MONTGOMERY,Property Damage Crash,2025-10-18 13:39:00,Maryland (State) Route,UNIVERSITY BLVD W,Unknown,Rear To Side,Clear,Dry,Daylight,No Controls,"Not Suspect of Alcohol Use, Not Suspect of Drug Use",No,No Apparent Injury,Not Distracted,MD,Passenger Car,35,2013.0,Mercedes-Benz,C-CLASS,13,Saturday,10
MCP2278000Q,15031405,Montgomery County Police,Property Damage Crash,2015-06-27 10:32:00,County,FERNWOOD RD,GREENTREE RD,SAME DIRECTION SIDESWIPE,RAINING,WET,DAYLIGHT,STOP SIGN,Unknown,Yes,No Apparent Injury,NOT DISTRACTED,DC,Other,25,1991.0,Chevy,LLV,10,Saturday,6
MCP3016005C,240048055,MONTGOMERY,Property Damage Crash,2024-10-08 14:00:00,County Route,FATHER HURLEY BLVD,WATERS LANDING DR,Rear To Side,Clear,Dry,Daylight,Traffic Control Signal,"Not Suspect of Alcohol Use, Not Suspect of Drug Use",No,No Apparent Injury,Not Distracted,MD,Sport Utility Vehicle,45,2023.0,Bmw,X3,14,Tuesday,10
MCP3242001Z,220045375,Montgomery County Police,Injury Crash,2022-10-16 13:43:00,Maryland (State),PINEY BRANCH RD,PARK VALLEY RD,SAME DIR REAR END,CLEAR,DRY,DAYLIGHT,TRAFFIC SIGNAL,NONE DETECTED,No,Possible Injury,NOT DISTRACTED,MD,(Sport) Utility Vehicle,30,2011.0,Kia,SOUL,13,Sunday,10
MCP2398001Z,170542957,Montgomery County Police,Property Damage Crash,2017-11-15 12:02:00,Interstate (State),EISENHOWER MEMORIAL HWY,SPUR FR C/D LANE (NB/L),SINGLE VEHICLE,CLEAR,DRY,DAYLIGHT,Unknown,NONE DETECTED,Yes,No Apparent Injury,UNKNOWN,MD,(Sport) Utility Vehicle,55,2009.0,Saturn,VUE,12,Wednesday,11
EJ7858008Y,240022530,GAITHERSBURG,Injury Crash,2024-05-13 11:59:00,Municipality Route,KENTLANDS BLVD (NB/L),BOOTH ST,Other,Clear,Dry,Daylight,Stop Sign,"Not Suspect of Alcohol Use, Not Suspect of Drug Use",No,Possible Injury,Not Distracted,MD,Passenger Car,25,2012.0,Toyota,RAV4,11,Monday,5