Report Number,Local Case Number,Agency Name,ACRS Report Type,Crash Date/Time,Route Type,Road Name,Cross-Street Name,Collision Type,Weather,Surface Condition,Light,Traffic Control,Driver Substance Abuse,Driver At Fault,Injury Severity,Driver Distracted By,Drivers License State,Vehicle Body Type,Speed Limit,Vehicle Year,Vehicle Make,Vehicle Model,Crash Hour,Crash Day,Crash Month
MCP31190042,230011750,Montgomery County Police,Property Damage Crash,2023-03-10 10:44:00,County,APPLE RIDGE RD,MONTGOMERY VILLAGE AVE,SAME DIR REAR END,CLOUDY,WET,DAYLIGHT,TRAFFIC SIGNAL,NONE DETECTED,Yes,No Apparent Injury,NOT DISTRACTED,MD,Transit Bus,25,2017.0,Gilg,BUS,10,Friday,3
MCP3158000L,180056855,Montgomery County Police,Property Damage Crash,2018-11-13 00:27:00,Maryland (State),FREDERICK RD,MONTGOMERY VILLAGE AVE,STRAIGHT MOVEMENT ANGLE,RAINING,WET,DARK LIGHTS ON,TRAFFIC SIGNAL,UNKNOWN,Yes,No Apparent Injury,UNKNOWN,MD,Passenger Car,40,2003.0,Honda,ACCORD,0,Tuesday,11
MCP28530098,230059549,Montgomery County Police,Property Damage Crash,2023-10-09 20:45:00,Maryland (State),NEW HAMPSHIRE AVE,POWDER MILL RD,SAME DIR REAR END,CLEAR,DRY,DARK LIGHTS ON,Unknown,Unknown,No,No Apparent Injury,NOT DISTRACTED,MD,Van,35,2006.0,Chevrolete,VAN,20,Monday,10
MCP2513004W,240059764,MONTGOMERY,Property Damage Crash,2024-12-14 10:23:00,County Route,MILESTONE DR,NEW HAMPSHIRE AVE (SB/L),Rear To Side,Clear,Dry,Daylight,No Controls,"Not Suspect of Alcohol Use, Not Suspect of Drug Use",Yes,No Apparent Injury,Not Distracted,MD,Passenger Car,35,2013.0,Toyota,CAMRY,10,Saturday,12
MCP2603004N,230009748,Montgomery County Police,Injury Crash,2023-02-27 11:21:00,County,SHADY GROVE RD,MILL RUN DR,SINGLE VEHICLE,CLOUDY,DRY,DAYLIGHT,Unknown,Unknown,Yes,Possible Injury,UNKNOWN,MD,Passenger Car,45,1997.0,Cadillac,4D,11,Monday,2
MCP1379005H,190047224,Montgomery County Police,Injury Crash,2019-10-02 11:18:00,Maryland (State),FREDERICK RD,DALAMAR ST,SAME DIR BOTH LEFT TURN,CLEAR,DRY,DAYLIGHT,Unknown,NONE DETECTED,No,Suspected Minor Injury,NOT DISTRACTED,MD,Van,35,2006.0,Hond,ODYSSEY,11,Wednesday,10
MCP29650048,190062601,Montgomery County Police,Property Damage Crash,2019-12-29 14:30:00,County,NOTLEY RD,SHERWOOD FOREST DR,SAME DIR REAR END,RAINING,WET,DAYLIGHT,STOP SIGN,NONE DETECTED,No,No Apparent Injury,NOT DISTRACTED,MD,(Sport) Utility Vehicle,35,2019.0,Subaru,SUV,14,Sunday,12
MCP137800BT,16043978,Montgomery County Police,Injury Crash,2016-08-29 11:53:00,Maryland (State),FREDERICK RD,ENT TO BUSINESS,SAME DIRECTION SIDESWIPE,CLEAR,DRY,DAYLIGHT,NO CONTROLS,NONE DETECTED,No,No Apparent Injury,NOT DISTRACTED,MD,(Sport) Utility Vehicle,40,2005.0,Acura,MDX,11,Monday,8
MCP2667000J,15000536,Montgomery County Police,Property Damage Crash,2015-01-04 10:41:00,Municipality,RUSSELL AVE,LAKE FOREST BLVD,SINGLE VEHICLE,CLOUDY,UNKNOWN,DAYLIGHT,NO CONTROLS,NONE DETECTED,Yes,No Apparent Injury,NOT DISTRACTED,MD,Passenger Car,0,1998.0,Nissan,ALTIMA,10,Sunday,1
MCP3348003X,250000629,MONTGOMERY,Property Damage Crash,2025-01-06 14:18:00,County Route,Unknown,Unknown,"Sideswipe, Same Direction",Clear,Dry,Daylight,No Controls,"Suspect of Alcohol Use, Not Suspect of Drug Use",Yes,No Apparent Injury,Not Distracted,MD,Passenger Car,35,2015.0,Toyota,CAMRY,14,Monday,1
MCP3040005L,220051844,Montgomery County Police,Property Damage Crash,2022-11-23 15:30:00,County,SPARTAN RD,GEORGIA AVE,STRAIGHT MOVEMENT ANGLE,Unknown,DRY,DAYLIGHT,NO CONTROLS,NONE DETECTED,No,No Apparent Injury,NOT DISTRACTED,MD,Passenger Car,30,2015.0,Nissan,SW,15,Wednesday,11
MCP3228006V,250043756,MONTGOMERY,Property Damage Crash,2025-09-29 09:30:00,Unknown,Unknown,Unknown,Single Vehicle,Clear,Unknown,Daylight,Unknown,"Not Suspect of Alcohol Use, Not Suspect of Drug Use",No,No Apparent Injury,Not Distracted,MD,Other Trucks,0,2004.0,Ford,F-450,9,Monday,9
MCP1174004C,200012195,Montgomery County Police,Property Damage Crash,2020-03-12 13:28:00,County,AVONDALE ST,WISCONSIN AVE,STRAIGHT MOVEMENT ANGLE,CLEAR,DRY,DAYLIGHT,NO CONTROLS,NONE DETECTED,Yes,No Apparent Injury,LOOKED BUT DID NOT SEE,MD,Pickup Truck,25,2011.0,Ford,F250,13,Thursday,3
DD5631005P,240043709,ROCKVILLE,Property Damage Crash,2024-09-13 23:30:00,Municipality Route,EDMONSTON DR,Unknown,"Sideswipe, Same Direction",Clear,Dry,Dark - Lighted,No Controls,"Suspect of Alcohol Use, Not Suspect of Drug Use",No,No Apparent Injury,Unknown,MD,Passenger Car,30,2013.0,Honda,ACCORD,23,Friday,9
MCP22030064,220038581,Montgomery County Police,Property Damage Crash,2022-09-06 08:00:00,Maryland (State),VEIRS MILL RD,UNIVERSITY BLVD W,SAME DIRECTION SIDESWIPE,RAINING,WET,DAYLIGHT,Unknown,NONE DETECTED,No,No Apparent Injury,NOT DISTRACTED,MD,Transit Bus,35,2017.0,Gilg,BUS,8,Tuesday,9
MCP2072003F,200001287,Montgomery County Police,Injury Crash,2020-01-08 12:38:00,Maryland (State),FREDERICK RD,ENT TO MILESTONE SHOPPING CENTER,STRAIGHT MOVEMENT ANGLE,CLEAR,DRY,DAYLIGHT,STOP SIGN,NONE DETECTED,No,Possible Injury,NOT DISTRACTED,MD,Passenger Car,25,2015.0,Toyt,COROLLA,12,Wednesday,1
MCP2771000Y,17016126,Montgomery County Police,Property Damage Crash,2017-03-30 10:12:00,County,EMORY GROVE RD,WOODFIELD RD,OTHER,CLEAR,DRY,DAYLIGHT,TRAFFIC SIGNAL,NONE DETECTED,No,No Apparent Injury,NOT DISTRACTED,MD,Passenger Car,35,1998.0,Merc,C230,10,Thursday,3
MCP2782003W,220004614,Montgomery County Police,Property Damage Crash,2022-02-02 20:00:00,Maryland (State),GEORGIA AVE,CONNECTICUT AVE,SAME DIRECTION SIDESWIPE,CLEAR,DRY,DARK LIGHTS ON,TRAFFIC SIGNAL,NONE DETECTED,Yes,No Apparent Injury,UNKNOWN,MD,Passenger Car,35,1991.0,Jaguar,4S,20,Wednesday,2
DD55670035,240012058,ROCKVILLE,Property Damage Crash,2024-03-13 09:33:00,Unknown,Unknown,Unknown,"Sideswipe, Opposite Direction",Clear,Unknown,Other,Unknown,"Not Suspect of Alcohol Use, Not Suspect of Drug Use",No,No Apparent Injury,Not Distracted,MD,Passenger Car,0,2023.0,Subaru,CROSSTREK,9,Wednesday,3
MCP32330027,210051256,Montgomery County Police,Injury Crash,2021-12-16 19:18:00,Maryland (State),UNIVERSITY BLVD E,DEARBORN AVE,STRAIGHT MOVEMENT ANGLE,CLEAR,DRY,DARK LIGHTS ON,NO CONTROLS,NONE DETECTED,No,Suspected Minor Injury,NOT DISTRACTED,VA,Passenger Car,35,2016.0,Toyota,COROLLA,19,Thursday,12
MCP2866001S,15049405,MONTGOMERY,Property Damage Crash,2015-09-29 17:19:00,Maryland (State),EAST WEST HWY,BROOKVILLE RD,STRAIGHT MOVEMENT ANGLE,RAINING,WET,DAYLIGHT,STOP SIGN,NONE DETECTED,No,No Apparent Injury,NOT DISTRACTED,MD,Passenger Car,30,2014.0,Porsche,PANAMERA,17,Tuesday,9
MCP13480006,230021526,Montgomery County Police,Injury Crash,2023-04-28 07:25:00,County,GAINSBOROUGH RD,TUCKERMAN LA,SINGLE VEHICLE,RAINING,WET,OTHER,NO CONTROLS,Unknown,Yes,No Apparent Injury,LOOKED BUT DID NOT SEE,MD,Passenger Car,25,2022.0,Lucid,AIR,7,Friday,4
MCP34120015,240059631,MONTGOMERY,Property Damage Crash,2024-12-13 14:41:00,County Route,FERN ST,UNIVERSITY BLVD W,Angle,Clear,Dry,Daylight,No Controls,"Not Suspect of Alcohol Use, Not Suspect of Drug Use",No,No Apparent Injury,Not Distracted,MD,Passenger Car,35,2022.0,Ford,TRANSIT,14,Friday,12
MCP1512001V,190006578,Montgomery County Police,Injury Crash,2019-02-10 19:00:00,Municipality,PERRY PKWY,W DIAMOND AVE,SINGLE VEHICLE,CLEAR,DRY,DARK LIGHTS ON,NO CONTROLS,NONE DETECTED,Yes,Possible Injury,INATTENTIVE OR LOST IN THOUGHT,MD,Passenger Car,35,2012.0,Toyota,COROLLA,19,Sunday,2
MCP3330002H,240057325,MONTGOMERY,Property Damage Crash,2024-11-30 07:22:00,County Route,COLLEGE VIEW DR,Unknown,Other,Clear,Dry,Daylight,No Controls,"Suspect of Alcohol Use, Not Suspect of Drug Use",Yes,No Apparent Injury,Unknown,MD,Pickup,25,2017.0,Ram,1500,7,Saturday,11
MCP3160000M,180048326,Montgomery County Police,Property Damage Crash,2018-09-28 15:57:00,County,WOODMONT AVE,CORDELL AVE,ANGLE MEETS LEFT TURN,RAINING,WET,DAYLIGHT,TRAFFIC SIGNAL,NONE DETECTED,No,No Apparent Injury,NOT DISTRACTED,MD,Passenger Car,30,2013.0,Toyota,COROLLA,15,Friday,9
MCP23950023,220030733,Montgomery County Police,Property Damage Crash,2022-07-17 19:04:00,Maryland (State),WHITES FERRY RD,MORROW DR,SINGLE VEHICLE,CLOUDY,WET,DAYLIGHT,NO CONTROLS,NONE DETECTED,Yes,No Apparent Injury,NOT DISTRACTED,MD,Passenger Car,40,2013.0,Ford,MUSTANG,19,Sunday,7
MCP2353009V,220017490,Montgomery County Police,Property Damage Crash,2022-04-25 08:11:00,Maryland (State),WISCONSIN AVE,BRADLEY LA,STRAIGHT MOVEMENT ANGLE,CLOUDY,DRY,DAYLIGHT,TRAFFIC SIGNAL,NONE DETECTED,No,No Apparent Injury,NOT DISTRACTED,MD,Ambulance/Emergency,25,2018.0,Freightliner,AMBULANCE,8,Monday,4
MCP3341001T,230031983,Montgomery County Police,Injury Crash,2023-07-05 08:40:00,Maryland (State),LAYHILL RD,ENT TO METRO STORAGE YARD,OTHER,CLEAR,DRY,DAYLIGHT,STOP SIGN,Unknown,Yes,No Apparent Injury,LOOKED BUT DID NOT SEE,MD,Pickup Truck,35,2019.0,Ford,PK,8,Wednesday,7
MCP2966001V,16017542,Montgomery County Police,Property Damage Crash,2016-04-10 16:06:00,Unknown,Unknown,Unknown,STRAIGHT MOVEMENT ANGLE,CLEAR,Unknown,DAYLIGHT,Unknown,NONE DETECTED,No,No Apparent Injury,NOT DISTRACTED,CA,Passenger Car,0,2014.0,Honda,CIVIC,16,Sunday,4
MCP287100D1,250045460,MONTGOMERY,Injury Crash,2025-10-09 17:35:00,County Route,LAUDERDALE DR,RANDOLPH RD (WB/L),Other,Clear,Dry,Daylight,Traffic Control Signal,"Not Suspect of Alcohol Use, Not Suspect of Drug Use",Yes,Suspected Minor Injury,Not Distracted,MD,Passenger Car,35,2016.0,Toyota,COROLLA,17,Thursday,10
DD5607002N,190007681,Rockville Police Departme,Property Damage Crash,2019-02-17 03:14:00,Maryland (State),FIRST ST,VEIRS MILL RD,HEAD ON LEFT TURN,CLEAR,DRY,DARK LIGHTS ON,TRAFFIC SIGNAL,ALCOHOL PRESENT,Yes,No Apparent Injury,LOOKED BUT DID NOT SEE,MD,Passenger Car,45,2005.0,Niss,4S,3,Sunday,2
MCP20820025,210005865,Montgomery County Police,Property Damage Crash,2021-02-14 22:01:00,Maryland (State),UNIVERSITY BLVD W,NICHOLAS DR,SINGLE VEHICLE,CLEAR,ICE,DARK LIGHTS ON,NO CONTROLS,UNKNOWN,Yes,No Apparent Injury,NO DRIVER PRESENT,Unknown,Passenger Car,35,2016.0,Maseratti,GHIBLI,22,Sunday,2
MCP9419001R,180043256,Montgomery County Police,Property Damage Crash,2018-08-30 12:54:00,Maryland (State),FREDERICK RD,ENT TO MONT CO WASTE TRANSFER STATION,STRAIGHT MOVEMENT ANGLE,CLEAR,DRY,DAYLIGHT,TRAFFIC SIGNAL,NONE DETECTED,Yes,No Apparent Injury,NOT DISTRACTED,MD,Passenger Car,40,2003.0,Acur,2S,12,Thursday,8
MCP30730008,170524367,Montgomery County Police,Property Damage Crash,2017-08-11 15:14:00,Unknown,Unknown,Unknown,OTHER,RAINING,Unknown,DAYLIGHT,Unknown,NONE DETECTED,Yes,No Apparent Injury,NOT DISTRACTED,MD,Passenger Car,5,2011.0,Toyota,TACOMA,15,Friday,8
MCP28450072,200024898,Montgomery County Police,Injury Crash,2020-06-26 10:56:00,US (State),COLUMBIA PIKE,HILLWOOD DR,STRAIGHT MOVEMENT ANGLE,CLEAR,DRY,DAYLIGHT,TRAFFIC SIGNAL,NONE DETECTED,Yes,Suspected Minor Injury,UNKNOWN,MD,Passenger Car,40,2011.0,Nissan,SENTRA,10,Friday,6
DD5620009B,230008848,Rockville Police Departme,Property Damage Crash,2023-02-22 08:50:00,Unknown,Unknown,Unknown,Unknown,RAINING,Unknown,DAYLIGHT,NO CONTROLS,NONE DETECTED,Yes,No Apparent Injury,NOT DISTRACTED,MD,Passenger Car,15,2023.0,Tesla,MODEL Y,8,Wednesday,2
MCP242500BL,170546895,Montgomery County Police,Injury Crash,2017-12-06 08:51:00,Maryland (State),UNIVERSITY BLVD E,COLESVILLE RD,SINGLE VEHICLE,Unknown,Unknown,DAYLIGHT,TRAFFIC SIGNAL,NONE DETECTED,Yes,Possible Injury,UNKNOWN,MD,(Sport) Utility Vehicle,35,2002.0,Toyota,4RUNNER,8,Wednesday,12
MCP1220002Q,15050806,MONTGOMERY,Property Damage Crash,2015-10-07 11:04:00,County,SEMINARY RD,COLUMBIA BLVD,SAME DIR REAR END,CLOUDY,DRY,DAYLIGHT,TRAFFIC SIGNAL,NONE DETECTED,No,No Apparent Injury,NOT DISTRACTED,VA,Passenger Car,25,2012.0,Volkswagen,CC 2.0 T,11,Wednesday,10
MCP30550023,190022202,Montgomery County Police,Property Damage Crash,2019-05-11 05:30:00,Maryland (State),GEORGIA AVE,ASPEN HILL RD,ANGLE MEETS RIGHT TURN,CLEAR,WET,DARK LIGHTS ON,TRAFFIC SIGNAL,Unknown,No,No Apparent Injury,NOT DISTRACTED,MD,Passenger Car,35,2005.0,Honda,SUV,5,Saturday,5
MCP2867004B,170519394,Montgomery County Police,Injury Crash,2017-07-16 10:50:00,Maryland (State),NEW HAMPSHIRE AVE,FOX ST,OTHER,CLEAR,DRY,DAYLIGHT,Unknown,NONE DETECTED,Yes,No Apparent Injury,NOT DISTRACTED,MD,Passenger Car,40,2007.0,Mazda,SUV,10,Sunday,7
MCP2372007D,240054466,MONTGOMERY,Property Damage Crash,2024-11-13 08:39:00,County Route,HILLANDALE RD,BRADLEY BLVD,Other,Clear,Dry,Daylight,Traffic Control Signal,"Not Suspect of Alcohol Use, Not Suspect of Drug Use",No,No Apparent Injury,Unknown,WV,Single-Unit Truck,30,2021.0,Kenworth,T4 SERIES,8,Wednesday,11
MCP3037002F,190001294,Montgomery County Police,Property Damage Crash,2019-01-08 17:56:00,Maryland (State),FREDERICK RD,MIDDLEBROOK RD,STRAIGHT MOVEMENT ANGLE,CLEAR,WET,DARK LIGHTS ON,TRAFFIC SIGNAL,NONE DETECTED,No,No Apparent Injury,NOT DISTRACTED,MD,Passenger Car,35,2012.0,Hond,ACCORD,17,Tuesday,1
MCP1433002X,190059551,Montgomery County Police,Injury Crash,2019-12-10 17:29:00,County,RANDOLPH RD,HUNTERS LA,SAME DIR REAR END,RAINING,WET,DARK LIGHTS ON,NO CONTROLS,NONE DETECTED,No,Possible Injury,NOT DISTRACTED,MD,(Sport) Utility Vehicle,35,2016.0,Toyota,RAV4,17,Tuesday,12
MCP2756001P,16054259,Montgomery County Police,Injury Crash,2016-10-21 15:41:00,Maryland (State),GEORGIA AVE,PLYERS MILL RD,SAME DIR REAR END,RAINING,WET,DAYLIGHT,TRAFFIC SIGNAL,NONE DETECTED,No,Possible Injury,NOT DISTRACTED,MD,Passenger Car,35,2004.0,Toyota,MATRIX,15,Friday,10
MCP3270001Y,220053590,Montgomery County Police,Injury Crash,2022-12-04 22:42:00,US (State),COLESVILLE RD,UNIVERSITY BLVD E,STRAIGHT MOVEMENT ANGLE,CLEAR,DRY,DARK LIGHTS ON,TRAFFIC SIGNAL,NONE DETECTED,No,Suspected Minor Injury,NOT DISTRACTED,MD,Passenger Car,40,2004.0,Toyota,HIGHLANDER,22,Sunday,12
MCP3164001V,190028191,Montgomery County Police,Injury Crash,2019-06-13 09:20:00,Maryland (State),UNIVERSITY BLVD W,INWOOD AVE,HEAD ON LEFT TURN,Unknown,WET,DAYLIGHT,TRAFFIC SIGNAL,Unknown,Yes,Suspected Minor Injury,NOT DISTRACTED,MA,Passenger Car,35,2005.0,Hyun,ELANTRA,9,Thursday,6
MCP3003003J,190012429,Montgomery County Police,Property Damage Crash,2019-03-18 08:39:00,Maryland (State),OLD GEORGETOWN RD,EXECUTIVE BLVD,SAME DIR REAR END,CLEAR,DRY,DAYLIGHT,TRAFFIC SIGNAL,NONE DETECTED,No,No Apparent Injury,NOT DISTRACTED,MD,Passenger Car,40,2018.0,Mercedes,S560,8,Monday,3
MCP304800D0,240055644,MONTGOMERY,Property Damage Crash,2024-11-19 11:30:00,Unknown,Unknown,Unknown,"Sideswipe, Opposite Direction",Cloudy,Unknown,Daylight,Unknown,"Not Suspect of Alcohol Use, Not Suspect of Drug Use",No,No Apparent Injury,Unknown,Unknown,Passenger Car,0,2019.0,Volkswagen,TIGUAN,11,Tuesday,11
MCP30740051,220000677,Montgomery County Police,Injury Crash,2022-01-06 14:54:00,Maryland (State),GEORGIA AVE,FOREST GLEN RD,SAME DIR REAR END,CLEAR,DRY,DAYLIGHT,TRAFFIC SIGNAL,Unknown,No,No Apparent Injury,NOT DISTRACTED,MD,Passenger Car,35,2018.0,Toyota,4D,14,Thursday,1
MCP2763004L,230019251,Montgomery County Police,Property Damage Crash,2023-04-22 14:04:00,Unknown,Unknown,Unknown,OTHER,RAINING,Unknown,DAYLIGHT,NO CONTROLS,NONE DETECTED,Yes,No Apparent Injury,LOOKED BUT DID NOT SEE,XX,Passenger Car,10,2012.0,Honda,PILOT,14,Saturday,4
MCP2813005M,180050950,Montgomery County Police,Property Damage Crash,2018-10-11 17:33:00,Maryland (State),GEORGIA AVE,HENDERSON AVE,SAME DIR REAR END,RAINING,WET,DAYLIGHT,Unknown,Unknown,No,No Apparent Injury,NOT DISTRACTED,MD,Pickup Truck,0,2013.0,Gmc,K1500,17,Thursday,10
MCP29810010,16056329,Montgomery County Police,Property Damage Crash,2016-11-01 17:45:00,Maryland (State),RIVER RD,LITTLE FALLS PKWY,SAME DIRECTION LEFT TURN,CLEAR,DRY,DAYLIGHT,Unknown,NONE DETECTED,No,No Apparent Injury,NOT DISTRACTED,MD,Passenger Car,35,2014.0,Honda,ODYSSEY,17,Tuesday,11
MCP2592000P,16066156,Montgomery County Police,Injury Crash,2016-12-31 10:21:00,County,GOSHEN RD,EMORY GROVE RD,SAME DIR REAR END,RAINING,WET,DAYLIGHT,NO CONTROLS,NONE DETECTED,Yes,Possible Injury,INATTENTIVE OR LOST IN THOUGHT,MD,(Sport) Utility Vehicle,25,2000.0,Nissan,PATHFINDER,10,Saturday,12
MCP1366003G,15048221,MONTGOMERY,Property Damage Crash,2015-09-23 11:46:00,Maryland (State),FALLS RD,FALLS FARM DR,SINGLE VEHICLE,CLEAR,DRY,DAYLIGHT,Unknown,NONE DETECTED,Yes,No Apparent Injury,UNKNOWN,MD,Fire Vehicle/Emergency,35,2014.0,Spar,FIRE TRUCK,11,Wednesday,9
MCP91300039,170513042,Montgomery County Police,Property Damage Crash,2017-06-11 09:48:00,Maryland (State),NEW HAMPSHIRE AVE,DILSTON RD,SAME DIR REAR END,CLEAR,DRY,DAYLIGHT,TRAFFIC SIGNAL,NONE DETECTED,Yes,No Apparent Injury,UNKNOWN,MD,(Sport) Utility Vehicle,40,2003.0,Lincoln,NAVIGATOR,9,Sunday,6
MCP2102000S,170517265,Montgomery County Police,Property Damage Crash,2017-07-04 13:56:00,Maryland (State),GEORGIA AVE,MASON ST,HEAD ON LEFT TURN,CLEAR,DRY,DAYLIGHT,NO CONTROLS,NONE DETECTED,Yes,No Apparent Injury,UNKNOWN,MD,Passenger Car,35,2003.0,Nissan,ALTIMA,13,Tuesday,7
MCP29620072,230007230,Montgomery County Police,Property Damage Crash,2023-02-13 09:03:00,Maryland (State),FREDERICK RD,MILESTONE MANOR LA,OTHER,CLEAR,DRY,DAYLIGHT,NO CONTROLS,NONE DETECTED,Yes,No Apparent Injury,INATTENTIVE OR LOST IN THOUGHT,MD,Passenger Car,45,2016.0,Chevrolet,CRUZ,9,Monday,2
MCP01130025,180011177,Montgomery County Police,Property Damage Crash,2018-03-05 10:26:00,Maryland (State),CONNECTICUT AVE,BEACH DR,SAME DIR REAR END,CLEAR,DRY,DAYLIGHT,TRAFFIC SIGNAL,NONE DETECTED,Yes,No Apparent Injury,NOT DISTRACTED,MD,(Sport) Utility Vehicle,35,2013.0,Cadillac,ESCALADE,10,Monday,3
EJ78870011,210036623,Gaithersburg Police Depar,Injury Crash,2021-09-17 07:45:00,Municipality,PERRY PKWY,W DIAMOND AVE,OTHER,RAINING,WET,DAYLIGHT,NO CONTROLS,NONE DETECTED,Yes,Possible Injury,NOT DISTRACTED,MD,Passenger Car,35,2006.0,Toyota,SCION,7,Friday,9
MCP3064002J,190048867,Montgomery County Police,Property Damage Crash,2019-10-11 14:00:00,Maryland (State),UNIVERSITY BLVD W,AMHERST AVE,OTHER,CLEAR,DRY,DAYLIGHT,Unknown,NONE DETECTED,Yes,No Apparent Injury,UNKNOWN,MD,Passenger Car,5,2005.0,Toyota,RAV4,14,Friday,10
MCP2563000W,190009794,Montgomery County Police,Fatal Crash,2019-03-02 04:16:00,County,GREAT SENECA HWY,DARNESTOWN RD,SINGLE VEHICLE,Unknown,WET,DARK LIGHTS ON,FLASHING TRAFFIC SIGNAL,COMBINED SUBSTANCE PRESENT,Yes,Fatal Injury,UNKNOWN,MD,Pickup Truck,50,2013.0,Ford,F150,4,Saturday,3
DM8497001W,230057706,Takoma Park Police Depart,Injury Crash,2023-09-30 15:07:00,Maryland (State),NEW HAMPSHIRE AVE,HOLTON LA,STRAIGHT MOVEMENT ANGLE,CLEAR,DRY,DAYLIGHT,Unknown,Unknown,Yes,No Apparent Injury,NOT DISTRACTED,MD,Passenger Car,35,2016.0,Honda,CIVIC,15,Saturday,9
MCP3091000L,180018944,Montgomery County Police,Property Damage Crash,2018-04-18 14:15:00,Unknown,Unknown,Unknown,OTHER,CLEAR,Unknown,DAYLIGHT,NO CONTROLS,Unknown,Yes,No Apparent Injury,UNKNOWN,MD,Passenger Car,10,2005.0,Nissan,350Z,14,Wednesday,4
MCP11510035,15036249,MONTGOMERY,Injury Crash,2015-07-23 07:53:00,County,CLARKSBURG RD,SNOWDEN FARM PKWY,SAME DIR REAR END,CLEAR,DRY,DAYLIGHT,NO CONTROLS,NONE DETECTED,No,Possible Injury,NOT DISTRACTED,MD,Passenger Car,30,2007.0,Chev,IMPALA,7,Thursday,7
MCP3134002D,200003849,Montgomery County Police,Injury Crash,2020-01-23 18:30:00,Maryland (State),NEW HAMPSHIRE AVE,LOCKWOOD DR,SAME DIR REAR END,CLEAR,DRY,DARK -- UNKNOWN LIGHTING,NO CONTROLS,Unknown,Yes,No Apparent Injury,NOT DISTRACTED,MD,Passenger Car,45,1999.0,Hond,TK,18,Thursday,1
MCP25220011,200009482,Montgomery County Police,Property Damage Crash,2020-02-26 05:46:00,County,MACARTHUR BLVD,MACARTHUR BLVD (AHEAD),SINGLE VEHICLE,RAINING,WET,DARK LIGHTS ON,NO CONTROLS,NONE DETECTED,Yes,No Apparent Injury,NOT DISTRACTED,MD,Passenger Car,30,2014.0,Niss,TK,5,Wednesday,2
MCP2800002J,16027608,Montgomery County Police,Property Damage Crash,2016-06-02 16:18:00,Maryland (State),WILSON LA,WHITTIER BLVD,HEAD ON LEFT TURN,CLEAR,DRY,DAYLIGHT,TRAFFIC SIGNAL,NONE DETECTED,No,No Apparent Injury,NOT DISTRACTED,MD,Pickup Truck,30,2004.0,Chev,TK,16,Thursday,6
MCP23390059,200006373,Montgomery County Police,Property Damage Crash,2020-02-07 16:53:00,Maryland (State),FREDERICK RD,E GUDE DR,SAME DIRECTION RIGHT TURN,CLEAR,DRY,DAYLIGHT,TRAFFIC SIGNAL,NONE DETECTED,Yes,No Apparent Injury,UNKNOWN,MD,Passenger Car,40,2012.0,Kia,SOUL,16,Friday,2
MCP31780015,190047918,Montgomery County Police,Property Damage Crash,2019-10-06 08:05:00,Maryland (State),GEORGIA AVE,OLNEY SANDY SPRING RD,STRAIGHT MOVEMENT ANGLE,CLOUDY,DRY,DAYLIGHT,TRAFFIC SIGNAL,Unknown,No,No Apparent Injury,NOT DISTRACTED,MD,Pickup Truck,30,2009.0,Dodge,DAKOTA,8,Sunday,10
DD5605007Z,200037022,Rockville Police Departme,Injury Crash,2020-09-21 13:30:00,Maryland (State),VEIRS MILL RD,SPUR TO MD 355,SAME DIR REAR END,CLEAR,DRY,DAYLIGHT,YIELD SIGN,NONE DETECTED,Yes,No Apparent Injury,INATTENTIVE OR LOST IN THOUGHT,MD,Passenger Car,35,2015.0,Jeep,TK,13,Monday,9
MCP3397000S,250001863,MONTGOMERY,Property Damage Crash,2025-01-14 15:45:00,Maryland (State) Route,OLD COLUMBIA PIKE,Unknown,Angle,Clear,Dry,Daylight,No Controls,"Not Suspect of Alcohol Use, Not Suspect of Drug Use",Yes,No Apparent Injury,"Other Action (looking away from task, etc.)",MD,Passenger Car,35,2020.0,Honda,ODYSSEY,15,Tuesday,1
MCP3292002M,250015020,MONTGOMERY,Property Damage Crash,2025-04-06 22:36:00,Interstate (State),IS 270 LOCAL LANES (NB),Unknown,"Sideswipe, Same Direction",Rain,Wet,Dark - Lighted,No Controls,"Unknown, Unknown",No,Unknown,Unknown,Unknown,Passenger Car,55,2018.0,Dodge,CHARGER,22,Sunday,4
MCP2789002N,16044702,Montgomery County Police,Property Damage Crash,2016-09-01 17:23:00,Maryland (State),GEORGIA AVE,CAPITAL BELTWAY,SAME DIR REAR END,CLEAR,DRY,DAYLIGHT,TRAFFIC SIGNAL,Unknown,No,No Apparent Injury,NOT DISTRACTED,DC,Passenger Car,35,2006.0,Ford,RANGER,17,Thursday,9
DD5606002M,15055172,ROCKVILLE,Property Damage Crash,2015-10-30 11:58:00,County,GLEN MILL RD,DARNESTOWN RD,OPPOSITE DIRECTION SIDESWIPE,CLEAR,Unknown,DAYLIGHT,TRAFFIC SIGNAL,NONE DETECTED,Yes,No Apparent Injury,NOT DISTRACTED,MD,Fire Vehicle/Non Emergency,25,2002.0,Pier,TK,11,Friday,10
MCP1182000V,15053587,MONTGOMERY,Property Damage Crash,2015-10-22 11:04:00,Maryland (State),RIVER RD,BURDETTE RD,SAME DIR REAR END,CLEAR,DRY,DAYLIGHT,NO CONTROLS,NONE DETECTED,No,No Apparent Injury,NOT DISTRACTED,MD,Van,40,2015.0,Toyota,SIENNA,11,Thursday,10