Report Number,Local Case Number,Agency Name,ACRS Report Type,Crash Date/Time,Route Type,Road Name,Cross-Street Name,Collision Type,Weather,Surface Condition,Light,Traffic Control,Driver Substance Abuse,Driver At Fault,Injury Severity,Driver Distracted By,Drivers License State,Vehicle Body Type,Speed Limit,Vehicle Year,Vehicle Make,Vehicle Model,Crash Hour,Crash Day,Crash Month
EJ7879000W,200030274,Gaithersburg Police Depar,Property Damage Crash,2020-08-04 16:10:00,Municipality,PERRY PKWY,FREDERICK RD,SAME DIRECTION SIDESWIPE,CLEAR,DRY,DAYLIGHT,NO CONTROLS,NONE DETECTED,No,No Apparent Injury,NOT DISTRACTED,MD,Passenger Car,30,2016.0,Infi,4S,16,Tuesday,8
DM8439002X,190030191,Takoma Park Police Depart,Injury Crash,2019-06-24 18:38:00,Maryland (State),UNIVERSITY BLVD E,MERRIMAC DR,SAME DIR REAR END,CLOUDY,DRY,DUSK,NO CONTROLS,Unknown,Yes,No Apparent Injury,UNKNOWN,MD,Passenger Car,35,2011.0,Bmw,4S,18,Monday,6
MCP3276000Q,210011786,Montgomery County Police,Property Damage Crash,2021-03-29 19:15:00,Unknown,Unknown,Unknown,SAME DIRECTION SIDESWIPE,CLEAR,Unknown,DUSK,NO CONTROLS,UNKNOWN,Yes,No Apparent Injury,UNKNOWN,Unknown,Passenger Car,15,2017.0,Land Rover,DISCOVERY,19,Monday,3
MCP3230005R,240036626,MONTGOMERY,Property Damage Crash,2024-08-03 15:35:00,County Route,GRAND PRE RD,Unknown,Angle,Clear,Dry,Daylight,No Controls,"Not Suspect of Alcohol Use, Not Suspect of Drug Use",No,No Apparent Injury,Not Distracted,MD,Sport Utility Vehicle,25,2020.0,Toyota,RAV4,15,Saturday,8
EJ7852006J,220049748,Gaithersburg Police Depar,Property Damage Crash,2022-11-10 20:50:00,Unknown,Unknown,Unknown,OTHER,Unknown,Unknown,DARK LIGHTS ON,Unknown,NONE DETECTED,Yes,No Apparent Injury,UNKNOWN,MD,Passenger Car,5,2005.0,Toyota,CAMRY,20,Thursday,11
MCP3162001J,180065040,Montgomery County Police,Property Damage Crash,2018-12-29 09:45:00,County,FOREST GLEN RD,FOREST GROVE DR,STRAIGHT MOVEMENT ANGLE,Unknown,DRY,DAYLIGHT,STOP SIGN,NONE DETECTED,No,No Apparent Injury,NOT DISTRACTED,MD,Transit Bus,30,2009.0,Gill,BUS,9,Saturday,12
MCP158000B8,190016833,Montgomery County Police,Injury Crash,2019-04-11 09:17:00,Maryland (State),FREDERICK RD,SPUR TO MD 124,SAME DIR REAR END,CLEAR,DRY,DAYLIGHT,Unknown,NONE DETECTED,No,Possible Injury,NOT DISTRACTED,MD,Passenger Car,35,2015.0,Merz,C300,9,Thursday,4
MCP2895000S,15002871,Montgomery County Police,Property Damage Crash,2015-01-18 11:00:00,County,MIDDLEBROOK RD,OBSERVATION DR,SAME DIR REAR END,CLOUDY,DRY,DAYLIGHT,Unknown,NONE DETECTED,Yes,No Apparent Injury,NOT DISTRACTED,MD,Passenger Car,40,1997.0,Niss,4S,11,Sunday,1
MCP21620022,17002048,Montgomery County Police,Injury Crash,2017-01-12 16:00:00,Maryland (State),OLNEY SANDY SPRING RD,ENT TO SHERWOOD ELEMENTARY SCHOOL,STRAIGHT MOVEMENT ANGLE,CLEAR,DRY,DAYLIGHT,NO CONTROLS,Unknown,Yes,Possible Injury,UNKNOWN,MD,Passenger Car,35,2017.0,Ford,EXPLORER,16,Thursday,1
EJ7876005V,230032409,Gaithersburg Police Depar,Injury Crash,2023-07-07 17:15:00,Maryland (State),W DIAMOND AVE,BRYAN AVE,STRAIGHT MOVEMENT ANGLE,CLEAR,DRY,DAYLIGHT,NO CONTROLS,NONE DETECTED,Yes,No Apparent Injury,LOOKED BUT DID NOT SEE,MD,Passenger Car,30,2019.0,Dodge,RAM,17,Friday,7
MCP3262004P,240043035,MONTGOMERY,Property Damage Crash,2024-09-10 16:50:00,County Route,E RANDOLPH RD (WB/L),Unknown,Front to Rear,Clear,Dry,Daylight,No Controls,"Not Suspect of Alcohol Use, Not Suspect of Drug Use",No,No Apparent Injury,Not Distracted,MD,Passenger Car,40,2018.0,Genesis,G80,16,Tuesday,9
MCP3074006H,240062360,MONTGOMERY,Property Damage Crash,2024-12-31 18:20:00,Maryland (State) Route,GEORGIA AVE (SB/L),Unknown,"Sideswipe, Same Direction",Rain,Wet,Dark - Lighted,Traffic Control Signal,"Not Suspect of Alcohol Use, Not Suspect of Drug Use",No,No Apparent Injury,Not Distracted,MD,Passenger Car,35,2010.0,Volvo,C70,18,Tuesday,12
MCP1182000P,15043385,MONTGOMERY,Property Damage Crash,2015-08-29 09:03:00,Maryland (State),ROCKVILLE PIKE,POOKS HILL RD,SAME DIR REAR END,CLEAR,DRY,DAYLIGHT,NO CONTROLS,NONE DETECTED,No,No Apparent Injury,NOT DISTRACTED,MD,Station Wagon,35,2008.0,Gillig,LOW FLOOR BUS,9,Saturday,8
MCP2783004V,230025527,Montgomery County Police,Property Damage Crash,2023-05-30 19:30:00,County,CANTRELL RD,SHOREHAM DR,SINGLE VEHICLE,CLEAR,DRY,DAYLIGHT,STOP SIGN,Unknown,Yes,No Apparent Injury,UNKNOWN,MD,Passenger Car,25,2018.0,Dodge,CHALLENGER,19,Tuesday,5
MCP30080011,170525791,Montgomery County Police,Property Damage Crash,2017-08-19 22:40:00,Maryland (State),NEW HAMPSHIRE AVE,LOCKWOOD DR,SAME DIR REAR END,CLEAR,DRY,DARK LIGHTS ON,TRAFFIC SIGNAL,UNKNOWN,Yes,No Apparent Injury,UNKNOWN,Unknown,Pickup Truck,40,2006.0,Ford,F150,22,Saturday,8
MCP3207002T,220027999,Montgomery County Police,Injury Crash,2022-06-29 18:04:00,County,RANDOLPH RD,HAWKESBURY LA,SAME DIRECTION SIDESWIPE,CLEAR,DRY,DAYLIGHT,NO CONTROLS,NONE DETECTED,Yes,Suspected Minor Injury,NOT DISTRACTED,MD,Passenger Car,45,2021.0,Hyuandi,ACCENT,18,Wednesday,6
MCP2991001N,17010311,Montgomery County Police,Injury Crash,2017-02-26 08:17:00,Maryland (State),GEORGIA AVE,HOLLOW CREST DR,SAME DIR REAR END,CLEAR,DRY,DAYLIGHT,NO CONTROLS,NONE DETECTED,Yes,No Apparent Injury,NOT DISTRACTED,PA,Passenger Car,35,2014.0,Dodge,RAM,8,Sunday,2
MCP2564000K,15049985,MONTGOMERY,Injury Crash,2015-10-02 15:46:00,County,WATKINS MILL RD,COLTFIELD CT,SAME DIR REAR END,RAINING,WET,DAYLIGHT,NO CONTROLS,NONE DETECTED,No,Suspected Minor Injury,NOT DISTRACTED,MD,Passenger Car,35,1995.0,Toyota,CAMRY,15,Friday,10
MCP2848000X,15020416,Montgomery County Police,Injury Crash,2015-04-30 15:15:00,Maryland (State),OLD GEORGETOWN RD,DEMOCRACY BLVD,SAME DIRECTION SIDESWIPE,RAINING,Unknown,DAYLIGHT,NO CONTROLS,NONE DETECTED,Yes,No Apparent Injury,LOOKED BUT DID NOT SEE,MD,Low Speed Vehicle,40,1997.0,Pete,DS TRUCK,15,Thursday,4
MCP242500DG,190002631,Montgomery County Police,Property Damage Crash,2019-01-17 07:24:00,US (State),COLUMBIA PIKE,CROSSOVER,SAME DIR REAR END,CLOUDY,WET,DAYLIGHT,TRAFFIC SIGNAL,NONE DETECTED,No,No Apparent Injury,NOT DISTRACTED,VA,Van,40,2014.0,Ford,VAN,7,Thursday,1
MCP27460014,15057600,MONTGOMERY,Injury Crash,2015-11-11 18:17:00,County,CONNECTICUT AVE,GRAND PRE RD,HEAD ON LEFT TURN,CLEAR,DRY,DARK LIGHTS ON,NO CONTROLS,NONE DETECTED,Yes,No Apparent Injury,LOOKED BUT DID NOT SEE,PA,Passenger Car,45,2012.0,Nissan,MAXIMA,18,Wednesday,11
MCP243600B5,200028882,Montgomery County Police,Property Damage Crash,2020-07-25 13:50:00,Maryland (State),UNIVERSITY BLVD E,RAMP 6 FR IS 495 EB TO MD 193 SB,SAME DIR REAR END,CLEAR,DRY,DAYLIGHT,YIELD SIGN,NONE DETECTED,No,No Apparent Injury,NOT DISTRACTED,MD,(Sport) Utility Vehicle,35,2008.0,Toyota,RAV4,13,Saturday,7
MCP9113006M,200040013,Montgomery County Police,Injury Crash,2020-10-11 11:26:00,County,JUDSON RD,FLACK ST,SAME DIRECTION SIDESWIPE,CLOUDY,DRY,DAYLIGHT,NO CONTROLS,NONE DETECTED,No,Possible Injury,NOT DISTRACTED,MD,Passenger Car,25,2007.0,Hond,ACCORD,11,Sunday,10
MCP1563009R,240042994,MONTGOMERY,Property Damage Crash,2024-09-10 12:23:00,Maryland (State) Route,WISCONSIN AVE,Unknown,"Sideswipe, Same Direction",Clear,Dry,Daylight,No Controls,"Not Suspect of Alcohol Use, Not Suspect of Drug Use",No,No Apparent Injury,Not Distracted,MD,Passenger Car,25,2007.0,Toyota,PRIUS,12,Tuesday,9
MCP2892003S,170550947,Montgomery County Police,Injury Crash,2017-12-27 20:25:00,Maryland (State),GEORGIA AVE,FOREST GLEN RD,ANGLE MEETS LEFT HEAD ON,CLEAR,DRY,DARK LIGHTS ON,TRAFFIC SIGNAL,NONE DETECTED,Yes,No Apparent Injury,LOOKED BUT DID NOT SEE,DC,Passenger Car,35,2007.0,Lexus,ES350,20,Wednesday,12
MCP2948000J,15050179,MONTGOMERY,Property Damage Crash,2015-10-03 20:53:00,County,DENFELD AVE,WOODSON AVE,SAME DIR REAR END,RAINING,WET,DARK -- UNKNOWN LIGHTING,NO CONTROLS,UNKNOWN,Yes,No Apparent Injury,UNKNOWN,MD,Passenger Car,30,2006.0,Jeep,LAREDO,20,Saturday,10
MCP22660005,200006725,Montgomery County Police,Property Damage Crash,2020-02-10 09:30:00,Maryland (State),QUINCE ORCHARD RD,FIRSTFIELD RD,HEAD ON LEFT TURN,RAINING,WET,DAYLIGHT,NO CONTROLS,NONE DETECTED,Yes,No Apparent Injury,INATTENTIVE OR LOST IN THOUGHT,MD,Passenger Car,35,2014.0,Honda,CIVIC,9,Monday,2
MCP24480001,240022379,MONTGOMERY,Injury Crash,2024-05-12 11:15:00,Maryland (State) Route,NEW HAMPSHIRE AVE (SB/L),Unknown,Front to Rear,Clear,Dry,Daylight,No Controls,"Not Suspect of Alcohol Use, Not Suspect of Drug Use",Yes,Suspected Serious Injury,Unknown,MD,Passenger Car,45,2013.0,Toyota,COROLLA,11,Sunday,5
MCP3080000Q,180026986,Montgomery County Police,Injury Crash,2018-06-01 16:43:00,County,AIRCRAFT DR,GERMANTOWN RD,Unknown,CLEAR,DRY,DAYLIGHT,Unknown,Unknown,Yes,No Apparent Injury,UNKNOWN,VA,(Sport) Utility Vehicle,35,2008.0,Acura,SUV,16,Friday,6
MCP30950050,240005391,MONTGOMERY,Property Damage Crash,2024-02-02 18:06:00,Unknown,Unknown,Unknown,Unknown,Clear,Unknown,Dark - Lighted,Unknown,"Unknown, Unknown",No,Unknown,Unknown,Unknown,Passenger Car,0,2016.0,Bmw,328I,18,Friday,2
MCP2485000W,180012879,Montgomery County Police,Property Damage Crash,2018-03-13 06:30:00,County,BRUNSWICK AVE,FINCH ST,SAME DIRECTION SIDESWIPE,Unknown,DRY,DAWN,NO CONTROLS,UNKNOWN,Yes,No Apparent Injury,UNKNOWN,Unknown,Van,25,2004.0,Chev,VN,6,Tuesday,3
MCP295200C6,210049039,Montgomery County Police,Property Damage Crash,2021-12-03 07:40:00,County,FLOWER AVE,E MELBOURNE AVE,SAME DIR REAR END,CLEAR,DRY,DAYLIGHT,NO CONTROLS,NONE DETECTED,No,No Apparent Injury,NOT DISTRACTED,MD,Passenger Car,25,2021.0,Toyota,C-HR,7,Friday,12
MCP2968000Z,15065530,MONTGOMERY,Injury Crash,2015-12-22 14:51:00,County,GLEN RD,TRAVILAH RD,HEAD ON,RAINING,WET,DAYLIGHT,NO CONTROLS,Unknown,Yes,No Apparent Injury,NOT DISTRACTED,MD,Passenger Car,30,1997.0,Hond,4S,14,Tuesday,12
MCP30050054,200033495,Montgomery County Police,Injury Crash,2020-08-27 12:20:00,Maryland (State),UNIVERSITY BLVD W,GEORGIA AVE,SAME DIR REAR END,CLEAR,DRY,DAYLIGHT,TRAFFIC SIGNAL,NONE DETECTED,Yes,No Apparent Injury,LOOKED BUT DID NOT SEE,MD,"Other Light Trucks (10,000Lbs (4,536Kg) Or Less)",30,2014.0,Ford,F350,12,Thursday,8
MCP2891006X,180048956,Montgomery County Police,Injury Crash,2018-10-01 07:02:00,Maryland (State),UNIVERSITY BLVD E,E FRANKLIN AVE,SAME DIR REAR END,CLEAR,DRY,DAYLIGHT,Unknown,NONE DETECTED,No,Suspected Minor Injury,NOT DISTRACTED,MD,Passenger Car,35,2012.0,Hyundai,SONATA,7,Monday,10
MCP31330059,240033182,MONTGOMERY,Property Damage Crash,2024-07-14 10:20:00,County Route,NORBECK RD,Unknown,Single Vehicle,Clear,Dry,Daylight,Traffic Control Signal,"Not Suspect of Alcohol Use, Not Suspect of Drug Use",Yes,No Apparent Injury,Not Distracted,MD,Passenger Car,45,2017.0,Volkswagen,JETTA,10,Sunday,7
MCP29050073,250015273,MONTGOMERY,Injury Crash,2025-04-08 13:29:00,County Route,NICHOLSON LA,Unknown,Front to Rear,Clear,Dry,Daylight,Traffic Control Signal,"Not Suspect of Alcohol Use, Not Suspect of Drug Use",No,Possible Injury,Not Distracted,MD,Passenger Car,30,2024.0,Acura,INTEGRA,13,Tuesday,4
MCP27640012,16029477,Montgomery County Police,Property Damage Crash,2016-06-11 19:35:00,Maryland (State),VEIRS MILL RD,NEWPORT MILL RD,SAME DIR REAR END,CLEAR,DRY,DAYLIGHT,NO CONTROLS,NONE DETECTED,Yes,No Apparent Injury,UNKNOWN,MD,Passenger Car,40,2004.0,Honda,CIVIC,19,Saturday,6
MCP2904006T,190017890,Montgomery County Police,Property Damage Crash,2019-04-16 22:00:00,County,BUCKINGHAM DR,LINTON ST,SINGLE VEHICLE,CLEAR,DRY,DARK NO LIGHTS,NO CONTROLS,UNKNOWN,Yes,No Apparent Injury,UNKNOWN,MD,Passenger Car,35,2001.0,Nissan,XTERRA,22,Tuesday,4
MCP3079004G,220024962,Montgomery County Police,Property Damage Crash,2022-06-10 16:47:00,County,MIDDLEBROOK RD,RAMP 6 FR MIDDLEBROOK RD EB TO IS 270 SB,HEAD ON LEFT TURN,CLEAR,DRY,DAYLIGHT,TRAFFIC SIGNAL,NONE DETECTED,Yes,No Apparent Injury,NOT DISTRACTED,MD,Passenger Car,40,2017.0,Hyundai,SONATA,16,Friday,6
MCP3007001B,17008394,Montgomery County Police,Property Damage Crash,2017-02-16 10:24:00,County,BEL PRE RD,PARKER FARM WAY,HEAD ON LEFT TURN,CLEAR,DRY,DAYLIGHT,NO CONTROLS,Unknown,No,No Apparent Injury,NOT DISTRACTED,MD,Passenger Car,35,2009.0,Honda,4S,10,Thursday,2
MCP2891001V,16005788,Montgomery County Police,Injury Crash,2016-02-04 08:32:00,Maryland (State),GEORGIA AVE,RAMP 5 FR MD 97 SB TO IS 495 EB,SAME DIR REAR END,CLEAR,Unknown,DAYLIGHT,Unknown,NONE DETECTED,Yes,No Apparent Injury,NOT DISTRACTED,MD,Transit Bus,35,2009.0,New Flyer,BUS,8,Thursday,2
MCP229800CN,17015054,Montgomery County Police,Injury Crash,2017-03-24 12:46:00,Maryland (State),CLOPPER RD,GREAT SENECA HWY,SAME DIR REAR END,CLOUDY,WET,DAYLIGHT,NO CONTROLS,NONE DETECTED,Yes,No Apparent Injury,LOOKED BUT DID NOT SEE,MD,Passenger Car,40,2007.0,Chev,AV,12,Friday,3
MCP2357001D,16004915,Montgomery County Police,Property Damage Crash,2016-01-30 11:45:00,County,SEMINARY RD,COLUMBIA BLVD,OTHER,CLEAR,SNOW,DAYLIGHT,Unknown,NONE DETECTED,Yes,No Apparent Injury,NOT DISTRACTED,DC,Other,35,1990.0,Post Office,X,11,Saturday,1
MCP211600FX,230012143,Montgomery County Police,Property Damage Crash,2023-03-12 19:27:00,Maryland (State),GEORGIA AVE,WINDHAM LA,SAME DIR REAR END,RAINING,WET,DARK LIGHTS ON,NO CONTROLS,NONE DETECTED,Yes,No Apparent Injury,LOOKED BUT DID NOT SEE,MD,Passenger Car,35,2020.0,Toyota,COROLLA,19,Sunday,3
MCP30740021,180041810,Montgomery County Police,Property Damage Crash,2018-08-22 14:42:00,Maryland (State),UNIVERSITY BLVD E,PINEY BRANCH RD,SAME DIRECTION SIDESWIPE,CLEAR,DRY,DAYLIGHT,TRAFFIC SIGNAL,Unknown,Yes,No Apparent Injury,LOOKED BUT DID NOT SEE,MD,Passenger Car,35,2007.0,Acura,TRUCK,14,Wednesday,8
MCP2497000N,17005557,Montgomery County Police,Property Damage Crash,2017-02-01 08:30:00,Maryland (State),DARNESTOWN RD,DUFIEF DR,SAME DIRECTION SIDESWIPE,CLOUDY,DRY,DAYLIGHT,NO CONTROLS,NONE DETECTED,No,No Apparent Injury,NOT DISTRACTED,MD,Passenger Car,40,2006.0,Hond,SW,8,Wednesday,2
MCP3023000W,170517979,Montgomery County Police,Injury Crash,2017-07-08 13:00:00,County,HEWITT AVE,BLUE SPRUCE LA,ANGLE MEETS LEFT HEAD ON,CLEAR,DRY,DAYLIGHT,Unknown,NONE DETECTED,Yes,No Apparent Injury,LOOKED BUT DID NOT SEE,MD,Station Wagon,25,2000.0,Ford,VEHICLE,13,Saturday,7
MCP2864004R,220057881,Montgomery County Police,Injury Crash,2022-12-30 15:23:00,Unknown,Unknown,Unknown,STRAIGHT MOVEMENT ANGLE,CLEAR,Unknown,DAYLIGHT,NO CONTROLS,NONE DETECTED,Yes,No Apparent Injury,NOT DISTRACTED,MD,Passenger Car,0,2013.0,Hyundai,ELANTRA,15,Friday,12
MCP3208002J,220001642,Montgomery County Police,Property Damage Crash,2022-01-13 23:54:00,County,AVENEL RD,CAMILLUS DR,SAME DIRECTION SIDESWIPE,CLEAR,DRY,DARK NO LIGHTS,NO CONTROLS,UNKNOWN,Yes,No Apparent Injury,OTHER DISTRACTION,Unknown,Van,25,2005.0,Chevrolet,2500,23,Thursday,1
MCP2252001K,16043240,Montgomery County Police,Injury Crash,2016-08-25 15:28:00,County,PARKLAWN DR,WILKINS AVE,HEAD ON LEFT TURN,CLEAR,DRY,DAYLIGHT,OTHER,NONE DETECTED,No,Possible Injury,LOOKED BUT DID NOT SEE,MD,Motorcycle,25,2008.0,Suzuki,GSR,15,Thursday,8
MCP2914003T,16057628,Montgomery County Police,Property Damage Crash,2016-11-08 16:06:00,County,DEVERE DR,DEVERE CT,SINGLE VEHICLE,CLEAR,Unknown,DAYLIGHT,NO CONTROLS,Unknown,Yes,No Apparent Injury,NOT DISTRACTED,MD,Passenger Car,25,2007.0,Toyota,PRUIS,16,Tuesday,11
MCP2964005F,220007471,Montgomery County Police,Property Damage Crash,2022-02-20 15:53:00,Maryland (State),FREDERICK RD,STRINGTOWN RD,OPPOSITE DIRECTION SIDESWIPE,CLEAR,DRY,DAYLIGHT,TRAFFIC SIGNAL,NONE DETECTED,No,No Apparent Injury,NOT DISTRACTED,MD,Passenger Car,40,2017.0,Nissan,ROGUE,15,Sunday,2
MCP32250065,250055710,MONTGOMERY,Injury Crash,2025-12-12 21:00:00,Maryland (State) Route,EAST WEST HWY,Unknown,Angle,Clear,Dry,Dark - Lighted,No Controls,"Not Suspect of Alcohol Use, Not Suspect of Drug Use",Yes,Suspected Minor Injury,Unknown,MD,Sport Utility Vehicle,35,2015.0,Toyota,RAV4,21,Friday,12
MCP2832008B,230034512,Montgomery County Police,Property Damage Crash,2023-07-20 09:10:00,County,RANDOLPH RD,GOODHILL RD,SAME DIR REAR END,CLEAR,DRY,DAYLIGHT,NO CONTROLS,NONE DETECTED,No,No Apparent Injury,NOT DISTRACTED,MD,Passenger Car,35,2022.0,Toyt,COROLLA,9,Thursday,7
MCP32560026,230024408,Montgomery County Police,Property Damage Crash,2023-05-26 20:49:00,Ramp,RAMP 11 FR RP10 (29 SB) TO FAIRLND RD EB,FAIRLAND RD,SAME DIR REAR END,CLEAR,DRY,DARK LIGHTS ON,TRAFFIC SIGNAL,NONE DETECTED,No,No Apparent Injury,NOT DISTRACTED,MD,Passenger Car,55,2012.0,Bmw,TK,20,Friday,5
DD56030055,170550310,Rockville Police Departme,Property Damage Crash,2017-12-23 07:10:00,Maryland (State),VEIRS MILL RD,ROCKVILLE PIKE,STRAIGHT MOVEMENT ANGLE,RAINING,WET,DARK LIGHTS ON,TRAFFIC SIGNAL,NONE DETECTED,No,No Apparent Injury,NOT DISTRACTED,MD,Passenger Car,30,2016.0,Acura,RDX,7,Saturday,12
MCP243600BX,200051464,Montgomery County Police,Injury Crash,2020-12-31 11:35:00,Maryland (State),UNIVERSITY BLVD E,RAMP 7 FR RP 2 (FR IS495 WB) TO 193,STRAIGHT MOVEMENT ANGLE,CLEAR,DRY,DAYLIGHT,TRAFFIC SIGNAL,NONE DETECTED,No,No Apparent Injury,NOT DISTRACTED,MD,Passenger Car,35,2017.0,Acura,RDX,11,Thursday,12
MCP29100031,16065688,Montgomery County Police,Property Damage Crash,2016-12-22 12:46:00,Other Public Roadway,BRIGGS CHANEY RD,LEGEND OAKS DR,SAME DIR REND LEFT TURN,CLEAR,DRY,DAYLIGHT,NO CONTROLS,NONE DETECTED,No,No Apparent Injury,NOT DISTRACTED,MD,Passenger Car,35,2004.0,Honda,ACCORD,12,Thursday,12
MCP94420048,250019557,MONTGOMERY,Injury Crash,2025-05-04 11:30:00,County Route,BRINK RD (WB/L),Unknown,Front to Rear,Rain,Wet,Daylight,No Controls,"Not Suspect of Alcohol Use, Not Suspect of Drug Use",Yes,No Apparent Injury,Not Distracted,MD,Passenger Car,35,2000.0,Chevrolet,SUBURBAN,11,Sunday,5
MCP2016006K,220049053,Montgomery County Police,Injury Crash,2022-11-07 07:50:00,County,PINEY MEETINGHOUSE RD,BOSWELL LA,SAME DIR REAR END,CLEAR,Unknown,DAYLIGHT,Unknown,Unknown,No,Suspected Minor Injury,NOT DISTRACTED,MD,Passenger Car,40,2018.0,Jeep,RUBICON,7,Monday,11
MCP2116001M,15008037,Montgomery County Police,Injury Crash,2015-02-18 16:06:00,Maryland (State),DARNESTOWN RD,DUFIEF MILL RD,STRAIGHT MOVEMENT ANGLE,CLEAR,DRY,DAYLIGHT,NO CONTROLS,NONE DETECTED,No,No Apparent Injury,NOT DISTRACTED,MD,Passenger Car,25,2010.0,Ford,EXPLORER,16,Wednesday,2
MCP3308000Y,220020469,Montgomery County Police,Property Damage Crash,2022-05-13 21:00:00,County,SHADY GROVE RD,MIDCOUNTY HWY,SAME DIR REAR END,CLEAR,DRY,DAWN,TRAFFIC SIGNAL,NONE DETECTED,No,No Apparent Injury,NOT DISTRACTED,VA,Unknown,45,1994.0,Toyota,TACOMA,21,Friday,5
MCP27860047,240010175,MONTGOMERY,Property Damage Crash,2024-03-02 04:50:00,Other Public Roadway,HENDERSON CORNER RD,FREDERICK RD (SB/L),"Sideswipe, Same Direction",Rain,Wet,Dark - Lighted,Flashing Traffic Control Signal,"Not Suspect of Alcohol Use, Not Suspect of Drug Use",No,No Apparent Injury,Not Distracted,MD,Passenger Car,45,2013.0,Hyundai,ELANTRA GT,4,Saturday,3
MCP3076002R,190059434,Montgomery County Police,Property Damage Crash,2019-12-10 06:42:00,Maryland (State),EAST WEST HWY,NOAA BUILDING 1,SAME DIRECTION LEFT TURN,CLOUDY,WET,DARK LIGHTS ON,NO CONTROLS,NONE DETECTED,Yes,No Apparent Injury,USING OTHER DEVICE CONTROLS INTEGRAL TO VEHICLE,DC,Passenger Car,5,2011.0,Toyota,COROLLA,6,Tuesday,12
MCP29300008,15020794,Montgomery County Police,Injury Crash,2015-05-02 19:37:00,Maryland (State),NEW HAMPSHIRE AVE,JACKSON RD,HEAD ON LEFT TURN,CLEAR,DRY,DAYLIGHT,TRAFFIC SIGNAL,NONE DETECTED,No,Suspected Minor Injury,NOT DISTRACTED,MD,Station Wagon,35,2013.0,Subaru,FORESTER,19,Saturday,5
MCP3305002Y,240000496,MONTGOMERY,Injury Crash,2024-01-03 21:30:00,County Route,LANARK WAY,Unknown,Front to Rear,Clear,Dry,Dark - Lighted,Traffic Control Signal,"Not Suspect of Alcohol Use, Not Suspect of Drug Use",No,No Apparent Injury,Unknown,MD,Pickup,45,2005.0,Ford,F-150,21,Wednesday,1
MCP29590031,17053443,Montgomery County Police,Injury Crash,2017-09-19 08:08:00,Maryland (State),UNIVERSITY BLVD W,ELKIN ST,ANGLE MEETS LEFT TURN,CLEAR,DRY,DAYLIGHT,NO CONTROLS,NONE DETECTED,Yes,Suspected Minor Injury,NOT DISTRACTED,MD,Passenger Car,35,2008.0,Honda,ACCORD,8,Tuesday,9
MCP3171000Z,190033240,Montgomery County Police,Property Damage Crash,2019-07-13 00:05:00,County,CENTURY BLVD,CLOVERLEAF CENTER DR,SAME DIR REAR END,CLEAR,DRY,DARK LIGHTS ON,Unknown,NONE DETECTED,No,No Apparent Injury,NOT DISTRACTED,MD,Passenger Car,30,2019.0,Volkswagon,GOLF R,0,Saturday,7
MCP2835001V,180056401,Montgomery County Police,Property Damage Crash,2018-11-10 00:02:00,Maryland (State),EAST WEST HWY,CONNECTICUT AVE,SAME DIR REAR END,CLEAR,WET,DARK LIGHTS ON,TRAFFIC SIGNAL,NONE DETECTED,Yes,No Apparent Injury,OTHER DISTRACTION,MD,Passenger Car,25,1996.0,Toyt,RAV4,0,Saturday,11
MCP3034001C,170546291,Montgomery County Police,Injury Crash,2017-12-02 21:42:00,US (State),COLUMBIA PIKE,INDUSTRIAL PKWY,OTHER,CLEAR,DRY,DARK NO LIGHTS,NO CONTROLS,NONE DETECTED,No,Suspected Minor Injury,NOT DISTRACTED,MD,Passenger Car,50,2013.0,Ford,FUSION,21,Saturday,12
MCP3038003Z,190041619,Montgomery County Police,Injury Crash,2019-08-30 20:28:00,Maryland (State),OLD GEORGETOWN RD,CHESHIRE DR,HEAD ON LEFT TURN,CLEAR,DRY,DARK LIGHTS ON,TRAFFIC SIGNAL,Unknown,No,Suspected Minor Injury,NOT DISTRACTED,VA,Passenger Car,45,2017.0,Honda,ACCORD,20,Friday,8
MCP9301003L,210037096,Montgomery County Police,Property Damage Crash,2021-09-20 12:50:00,County,SHADY GROVE RD,RAMP 1 FR IS 270 NB TO SHADY GROVE RD WB,STRAIGHT MOVEMENT ANGLE,Unknown,DRY,DAYLIGHT,TRAFFIC SIGNAL,Unknown,No,No Apparent Injury,NOT DISTRACTED,VA,Passenger Car,30,2011.0,Toyo,RAV4,12,Monday,9
MCP3038005W,220034410,Montgomery County Police,Property Damage Crash,2022-08-10 17:44:00,US (State),COLESVILLE RD,FENTON ST,SAME DIRECTION SIDESWIPE,RAINING,WET,DAYLIGHT,NO CONTROLS,NONE DETECTED,No,No Apparent Injury,NOT DISTRACTED,MD,"Medium/Heavy Trucks 3 Axles (Over 10,000Lbs (4,536Kg))",30,2018.0,Intl,TOW TRUCK,17,Wednesday,8
MCP2504005Y,200039849,Montgomery County Police,Property Damage Crash,2020-10-09 20:45:00,County,WOODMONT AVE,SPUR FR MD 355,SAME DIR REAR END,CLOUDY,DRY,DARK -- UNKNOWN LIGHTING,TRAFFIC SIGNAL,NONE DETECTED,No,No Apparent Injury,NOT DISTRACTED,MD,Passenger Car,0,2014.0,Audi,A5,20,Friday,10
MCP28140041,230059809,Montgomery County Police,Property Damage Crash,2023-10-11 08:38:00,Ramp,RAMP 9 FR IS 370 EB TO SHADY GROVE RD,SHADY GROVE RD,SAME DIR REAR END,Unknown,DRY,DAYLIGHT,NO CONTROLS,NONE DETECTED,No,No Apparent Injury,NOT DISTRACTED,MD,Passenger Car,55,2015.0,Ford,TRANSIT,8,Wednesday,10