Report Number,Local Case Number,Agency Name,ACRS Report Type,Crash Date/Time,Route Type,Road Name,Cross-Street Name,Collision Type,Weather,Surface Condition,Light,Traffic Control,Driver Substance Abuse,Driver At Fault,Injury Severity,Driver Distracted By,Drivers License State,Vehicle Body Type,Speed Limit,Vehicle Year,Vehicle Make,Vehicle Model,Crash Hour,Crash Day,Crash Month
MCP2797001H,170537812,Montgomery County Police,Injury Crash,2017-10-20 16:00:00,Maryland (State),UNIVERSITY BLVD W,DENNIS AVE,STRAIGHT MOVEMENT ANGLE,CLEAR,DRY,DAYLIGHT,TRAFFIC SIGNAL,NONE DETECTED,No,Suspected Minor Injury,NOT DISTRACTED,DE,Passenger Car,35,2008.0,Chry,CRU,16,Friday,10
MCP2464003C,240032045,MONTGOMERY,Property Damage Crash,2024-07-07 21:40:00,Unknown,Unknown,Unknown,Front to Front,Clear,Unknown,Dark - Lighted,Unknown,"Not Suspect of Alcohol Use, Not Suspect of Drug Use",No,No Apparent Injury,Not Distracted,MD,Passenger Car,0,2022.0,Hyundai,SANTA FE,21,Sunday,7
MCP2675002N,200043758,Montgomery County Police,Property Damage Crash,2020-11-06 00:09:00,County,MIDDLE RD,EDGEBROOK RD,SAME DIRECTION SIDESWIPE,CLEAR,DRY,DARK LIGHTS ON,NO CONTROLS,ALCOHOL CONTRIBUTED,Yes,No Apparent Injury,INATTENTIVE OR LOST IN THOUGHT,MD,Passenger Car,25,2009.0,Infi,FX35,0,Friday,11
MCP2664002W,17006168,Montgomery County Police,Property Damage Crash,2017-02-04 14:38:00,County,ARCOLA AVE,UNIVERSITY BLVD W,SINGLE VEHICLE,Unknown,DRY,DAYLIGHT,NO CONTROLS,NONE DETECTED,Yes,No Apparent Injury,UNKNOWN,MD,Passenger Car,30,2007.0,Toyota,HIGHLANDER,14,Saturday,2
DD5663000D,230067460,Rockville Police Departme,Property Damage Crash,2023-11-20 16:29:00,Maryland (State),ROCKVILLE PIKE,ROLLINS AVE,HEAD ON LEFT TURN,CLEAR,DRY,DUSK,TRAFFIC SIGNAL,NONE DETECTED,No,No Apparent Injury,NOT DISTRACTED,MD,Passenger Car,45,2013.0,Volk,4S,16,Monday,11
MCP3170000P,190023594,Montgomery County Police,Property Damage Crash,2019-05-18 15:40:00,Municipality,E DIAMOND AVE,S SUMMIT AVE,SAME DIR REAR END,CLEAR,DRY,DAYLIGHT,TRAFFIC SIGNAL,Unknown,No,No Apparent Injury,NOT DISTRACTED,MD,Passenger Car,35,2006.0,Honda,VAN,15,Saturday,5
MCP1555001Q,170502903,Montgomery County Police,Injury Crash,2017-04-19 06:00:00,Maryland (State),NEW HAMPSHIRE AVE,COLUMBIA PIKE,HEAD ON LEFT TURN,UNKNOWN,DRY,DARK LIGHTS ON,TRAFFIC SIGNAL,NONE DETECTED,Yes,Possible Injury,NOT DISTRACTED,MD,Passenger Car,35,2004.0,Toyota,VAN,6,Wednesday,4
MCP33900012,240044969,MONTGOMERY,Property Damage Crash,2024-09-20 18:50:00,Unknown,Unknown,Unknown,Rear To Rear,Clear,Unknown,Dark - Lighted,Unknown,"Unknown, Unknown",No,Unknown,Unknown,Unknown,Passenger Car,0,2017.0,Subaru,WRX,18,Friday,9
MCP06170039,210052155,Montgomery County Police,Property Damage Crash,2021-12-22 09:14:00,Maryland (State),OLNEY LAYTONSVILLE RD,BOWIE MILL RD,SAME DIR REAR END,CLEAR,ICE,DAYLIGHT,TRAFFIC SIGNAL,NONE DETECTED,No,No Apparent Injury,NOT DISTRACTED,MD,(Sport) Utility Vehicle,40,2022.0,Lexus,RX 350,9,Wednesday,12
MCP2708008Q,240038785,MONTGOMERY,Property Damage Crash,2024-08-16 19:00:00,Unknown,Unknown,Unknown,Rear To Rear,Clear,Unknown,Daylight,Unknown,"Not Suspect of Alcohol Use, Not Suspect of Drug Use",No,No Apparent Injury,Unknown,MD,Sport Utility Vehicle,0,2023.0,Ford,ESCAPE,19,Friday,8
DD5603005Q,180019090,Rockville Police Departme,Property Damage Crash,2018-04-19 07:30:00,Maryland (State),FIRST ST,BALTIMORE RD,ANGLE MEETS RIGHT TURN,RAINING,WET,DAYLIGHT,TRAFFIC SIGNAL,NONE DETECTED,No,No Apparent Injury,NOT DISTRACTED,MD,Passenger Car,40,2002.0,Ford,F250,7,Thursday,4
MCP3027001D,170542681,Montgomery County Police,Property Damage Crash,2017-11-14 08:27:00,County,PHILADELPHIA AVE,FENTON ST,SAME DIR REAR END,CLOUDY,DRY,DAYLIGHT,NO CONTROLS,Unknown,Yes,No Apparent Injury,UNKNOWN,MD,Van,30,2012.0,Ford,TK,8,Tuesday,11
MCP27200014,15021813,Montgomery County Police,Property Damage Crash,2015-05-07 18:53:00,County,RANDOLPH RD,DALEWOOD DR,STRAIGHT MOVEMENT ANGLE,CLEAR,DRY,DAYLIGHT,TRAFFIC SIGNAL,Unknown,No,No Apparent Injury,NOT DISTRACTED,MD,Passenger Car,25,2001.0,Nissan,SENTRA,18,Thursday,5
MCP1182000G,15024614,Montgomery County Police,Property Damage Crash,2015-05-22 12:25:00,Maryland (State),RIVER RD,BURDETTE RD,HEAD ON LEFT TURN,CLEAR,DRY,DAYLIGHT,TRAFFIC SIGNAL,NONE DETECTED,Yes,No Apparent Injury,NOT DISTRACTED,MD,Passenger Car,40,2008.0,Toyota,AVALON,12,Friday,5
MCP21820032,230018646,Montgomery County Police,Property Damage Crash,2023-04-19 09:12:00,County,SEVEN LOCKS RD,BRADLEY BLVD,STRAIGHT MOVEMENT ANGLE,CLEAR,DRY,DAYLIGHT,STOP SIGN,NONE DETECTED,Yes,No Apparent Injury,NOT DISTRACTED,MD,(Sport) Utility Vehicle,10,2018.0,Mercedes,GLE350,9,Wednesday,4
MCP22700056,250035310,MONTGOMERY,Property Damage Crash,2025-08-08 11:15:00,County Route,DEMOCRACY BLVD (EB/L),RAMP 1 FR RP 4 EB TO DEMOCRACY BLVD,Angle,Clear,Dry,Daylight,Traffic Control Signal,"Not Suspect of Alcohol Use, Not Suspect of Drug Use",No,No Apparent Injury,Not Distracted,MD,Passenger Car,35,2022.0,Subaru,CROSSTREK,11,Friday,8
MCP2656001P,170502369,Montgomery County Police,Injury Crash,2017-04-15 19:46:00,US (State),COLUMBIA PIKE,TECH RD,OTHER,Unknown,DRY,DARK LIGHTS ON,TRAFFIC SIGNAL,NONE DETECTED,No,No Apparent Injury,NOT DISTRACTED,XX,Passenger Car,50,2002.0,Honda,CIVIC,19,Saturday,4
MCP3212002W,210029121,Montgomery County Police,Property Damage Crash,2021-07-27 16:37:00,US (State),COLESVILLE RD,ROWEN RD,SAME DIRECTION SIDESWIPE,CLEAR,DRY,DAYLIGHT,TRAFFIC SIGNAL,NONE DETECTED,No,No Apparent Injury,NOT DISTRACTED,MD,Passenger Car,35,2020.0,Toyt,4D,16,Tuesday,7
MCP2820001Y,15066675,Montgomery County Police,Injury Crash,2015-12-29 07:51:00,Maryland (State),VEIRS MILL RD,ASPEN HILL RD,SAME DIR REAR END,Unknown,DRY,DAYLIGHT,Unknown,NONE DETECTED,No,Suspected Minor Injury,NOT DISTRACTED,MD,Passenger Car,40,1997.0,Honda,CIVIC,7,Tuesday,12
EJ78370073,230055472,Gaithersburg Police Depar,Injury Crash,2023-09-18 08:00:00,Maryland (State),CLOPPER RD,PARKRIDGE DR,SAME DIR REAR END,CLEAR,DRY,DAYLIGHT,NO CONTROLS,Unknown,No,Possible Injury,NOT DISTRACTED,MD,Passenger Car,35,2018.0,Hond,TK,8,Monday,9
MCP3353001W,230065629,Montgomery County Police,Injury Crash,2023-11-10 15:57:00,Maryland (State),GEORGIA AVE,MAY ST,SAME DIR REAR END,CLEAR,WET,DAYLIGHT,TRAFFIC SIGNAL,NONE DETECTED,No,Suspected Minor Injury,NOT DISTRACTED,MD,Passenger Car,45,2019.0,Toyota,SIENNA,15,Friday,11
HA24190002,15001253,MCPARK,Property Damage Crash,2015-11-13 10:30:00,Unknown,Unknown,Unknown,OTHER,CLEAR,Unknown,DAYLIGHT,Unknown,Unknown,Yes,No Apparent Injury,DISTRACTED BY OUTSIDE PERSON OBJECT OR EVENT,MD,Passenger Car,15,2014.0,Chev,VOLT,10,Friday,11
MCP0036005S,17009799,Montgomery County Police,Injury Crash,2017-02-23 15:18:00,Maryland (State),CLARKSBURG RD,RIDGEOAK DR,SINGLE VEHICLE,CLEAR,DRY,DAYLIGHT,NO CONTROLS,NONE DETECTED,Yes,Suspected Minor Injury,UNKNOWN,MD,Passenger Car,40,2016.0,Nissan,ROGUE,15,Thursday,2
MCP3067000H,170531947,Montgomery County Police,Property Damage Crash,2017-09-21 13:25:00,Maryland (State),MUNCASTER MILL RD,IVY OAK DR,SAME DIR REND LEFT TURN,CLEAR,DRY,DAYLIGHT,Unknown,NONE DETECTED,No,No Apparent Injury,NOT DISTRACTED,MD,"Other Light Trucks (10,000Lbs (4,536Kg) Or Less)",35,2007.0,International,4300 ROLLBACK,13,Thursday,9
DD5605005S,180048090,Rockville Police Departme,Injury Crash,2018-09-26 13:00:00,County,SHADY GROVE RD,GAITHER RD,SAME DIR REAR END,CLEAR,DRY,DAYLIGHT,TRAFFIC SIGNAL,NONE DETECTED,Yes,Possible Injury,INATTENTIVE OR LOST IN THOUGHT,MD,Passenger Car,40,2017.0,Chev,MALIBU,13,Wednesday,9
MCP32400041,250041111,MONTGOMERY,Property Damage Crash,2025-09-13 04:52:00,County Route,DORSEY MILL DR,Unknown,"Sideswipe, Same Direction",Clear,Dry,Dark - Lighted,No Controls,"Not Suspect of Alcohol Use, Not Suspect of Drug Use",Yes,No Apparent Injury,Not Distracted,MD,Passenger Car,30,2018.0,Tesla,MODEL 3,4,Saturday,9
MCP32070015,200038193,Montgomery County Police,Property Damage Crash,2020-09-28 20:30:00,County,LOCKWOOD DR,DECEMBER DR,STRAIGHT MOVEMENT ANGLE,CLEAR,DRY,DARK LIGHTS ON,STOP SIGN,NONE DETECTED,No,No Apparent Injury,NOT DISTRACTED,DC,Passenger Car,10,2001.0,Pontiac,GRAND AM,20,Monday,9
MCP3392000N,240012299,MONTGOMERY,Injury Crash,2024-03-14 16:00:00,Unknown,Unknown,Unknown,Angle,Clear,Unknown,Daylight,Unknown,"Not Suspect of Alcohol Use, Not Suspect of Drug Use",Yes,Possible Injury,Not Distracted,MD,Passenger Car,0,2012.0,Ford,FOCUS,16,Thursday,3
MCP2726002X,180042487,Montgomery County Police,Property Damage Crash,2018-08-26 11:43:00,Maryland (State),ROCKVILLE PIKE,BOU AVE,OTHER,CLEAR,DRY,DAYLIGHT,TRAFFIC SIGNAL,Unknown,No,No Apparent Injury,NOT DISTRACTED,FL,Passenger Car,40,2015.0,Mazda,CX5,11,Sunday,8
MCP2116007R,180000261,Montgomery County Police,Property Damage Crash,2018-01-02 16:48:00,Maryland (State),FREDERICK RD,IN CORP LMTS ROCKVILLE,SAME DIRECTION SIDESWIPE,CLEAR,DRY,DAYLIGHT,NO CONTROLS,NONE DETECTED,Yes,No Apparent Injury,LOOKED BUT DID NOT SEE,MD,Passenger Car,40,2014.0,Honda,TK,16,Tuesday,1
MCP32550017,210000855,Montgomery County Police,Property Damage Crash,2021-01-07 18:20:00,Maryland (State),CONNECTICUT AVE,MANOR RD,SAME DIR REND RIGHT TURN,CLEAR,DRY,DUSK,UNKNOWN,Unknown,No,No Apparent Injury,NOT DISTRACTED,MD,Passenger Car,35,2007.0,Chevy,SEDAN,18,Thursday,1
MCP3078000P,180000156,Montgomery County Police,Injury Crash,2018-01-02 08:42:00,Maryland (State),VEIRS MILL RD,FERRARA AVE,SAME DIR REAR END,CLEAR,DRY,DAYLIGHT,Unknown,Unknown,No,Possible Injury,NOT DISTRACTED,MD,Passenger Car,40,2006.0,Toyota,4S,8,Tuesday,1
MCP32210044,250032191,MONTGOMERY,Injury Crash,2025-07-18 20:18:00,Spur,Unknown,Unknown,Front to Rear,Clear,Wet,Dark - Lighted,Yield Sign,"Not Suspect of Alcohol Use, Not Suspect of Drug Use",No,Suspected Minor Injury,Not Distracted,MD,Sport Utility Vehicle,40,2014.0,Honda,CR-V,20,Friday,7
MCP304800CW,240043130,MONTGOMERY,Property Damage Crash,2024-09-11 07:35:00,Maryland (State) Route,CONNECTICUT AVE,Unknown,"Sideswipe, Same Direction",Clear,Dry,Daylight,Traffic Control Signal,"Unknown, Unknown",No,No Apparent Injury,Unknown,MD,Passenger Car,35,2007.0,Honda,FIT,7,Wednesday,9
MCP2987009P,250031601,MONTGOMERY,Property Damage Crash,2025-07-15 18:38:00,County Route,CALVERTON BLVD,BROADBIRCH DR                 CHERRY HILL RD,Angle,Clear,Dry,Daylight,Traffic Control Signal,"Not Suspect of Alcohol Use, Not Suspect of Drug Use",Yes,No Apparent Injury,Not Distracted,MD,Passenger Car,30,2018.0,Toyota,YARIS IA,18,Tuesday,7
MCP31990067,240021891,MONTGOMERY,Property Damage Crash,2024-05-09 14:19:00,Unknown,Unknown,Unknown,"Sideswipe, Same Direction",Clear,Unknown,Daylight,Unknown,"Suspect of Alcohol Use, Suspect of Drug Use",Yes,No Apparent Injury,Unknown,GA,Sport Utility Vehicle,0,2018.0,Nissan,ROGUE,14,Thursday,5
MCP34260017,250009272,MONTGOMERY,Property Damage Crash,2025-03-03 07:50:00,County Route,SANGAMORE RD,SENTINEL RD,Angle,Clear,Dry,Daylight,Stop Sign,"Not Suspect of Alcohol Use, Not Suspect of Drug Use",No,No Apparent Injury,Not Distracted,MD,Passenger Car,30,2016.0,Cadillac,ESCALADE,7,Monday,3
MCP2889000L,15006869,Montgomery County Police,Property Damage Crash,2015-02-11 07:35:00,County,BOWIE MILL RD,BREADY RD,SAME DIR REND LEFT TURN,CLEAR,DRY,DAYLIGHT,Unknown,Unknown,No,No Apparent Injury,NOT DISTRACTED,MD,Passenger Car,35,2014.0,Cadillac,4D,7,Wednesday,2
MCP2680002D,180016129,Montgomery County Police,Injury Crash,2018-04-03 17:20:00,County,E WAYNE AVE,MANCHESTER PL,STRAIGHT MOVEMENT ANGLE,CLOUDY,DRY,DAYLIGHT,NO CONTROLS,NONE DETECTED,Yes,No Apparent Injury,LOOKED BUT DID NOT SEE,MD,Passenger Car,25,2013.0,Honda,CIVIC,17,Tuesday,4
DD5628003F,200050125,Rockville Police Departme,Injury Crash,2020-12-21 09:35:00,Maryland (State),W MONTGOMERY AVE,SHADY GROVE RD,SAME DIR REAR END,FOGGY,WET,DAYLIGHT,TRAFFIC SIGNAL,NONE DETECTED,No,Possible Injury,NOT DISTRACTED,MD,Passenger Car,45,2017.0,Subaru,OUTBACK,9,Monday,12
MCP2607005B,210023048,Montgomery County Police,Property Damage Crash,2021-06-16 16:45:00,Unknown,Unknown,Unknown,HEAD ON LEFT TURN,CLEAR,Unknown,DAYLIGHT,Unknown,NONE DETECTED,Yes,No Apparent Injury,UNKNOWN,MD,Passenger Car,10,2018.0,Toyota,COROLLA,16,Wednesday,6
MCP1438005T,180004329,Montgomery County Police,Property Damage Crash,2018-01-25 17:55:00,Maryland (State),FREDERICK RD,ODENDHAL AVE,SAME DIR REAR END,Unknown,DRY,DARK LIGHTS ON,TRAFFIC SIGNAL,NONE DETECTED,Yes,No Apparent Injury,NOT DISTRACTED,MD,Passenger Car,40,2003.0,Mits,2D,17,Thursday,1
MCP2059005G,180046460,Montgomery County Police,Injury Crash,2018-09-17 14:10:00,County,CEDAR LA,CLEARBROOK LA,OPPOSITE DIRECTION SIDESWIPE,RAINING,WET,DAYLIGHT,NO CONTROLS,NONE DETECTED,Unknown,Possible Injury,UNKNOWN,MD,(Sport) Utility Vehicle,20,2004.0,Ford,EXPLORER,14,Monday,9
MCP1608000S,180063688,Montgomery County Police,Injury Crash,2018-12-20 22:13:00,County,WESTLAKE TERR,MOTOR CITY DR,HEAD ON LEFT TURN,RAINING,WET,DARK LIGHTS ON,TRAFFIC SIGNAL,Unknown,No,Suspected Minor Injury,NOT DISTRACTED,FL,Passenger Car,30,2015.0,Nissan,SENTRA,22,Thursday,12
MCP2215002B,230022671,Montgomery County Police,Property Damage Crash,2023-05-11 18:04:00,Maryland (State),WOODFIELD RD,ROSEWOOD MANOR LA,SAME DIR REAR END,Unknown,DRY,DAYLIGHT,TRAFFIC SIGNAL,NONE DETECTED,No,No Apparent Injury,NOT DISTRACTED,MD,Passenger Car,40,2010.0,Honda,CROSSTOUR,18,Thursday,5
MCP20080069,190034357,Montgomery County Police,Property Damage Crash,2019-07-19 16:45:00,County,SEVEN LOCKS RD,CARVER RD,ANGLE MEETS RIGHT TURN,CLEAR,DRY,DAYLIGHT,STOP SIGN,NONE DETECTED,No,No Apparent Injury,NOT DISTRACTED,MD,Van,35,2015.0,Dodge,VN,16,Friday,7
MCP3125001W,190049056,Montgomery County Police,Property Damage Crash,2019-10-12 15:37:00,Municipality,N WASHINGTON ST,DAWSON AVE,SAME DIRECTION RIGHT TURN,Unknown,DRY,DAYLIGHT,TRAFFIC SIGNAL,NONE DETECTED,Yes,No Apparent Injury,LOOKED BUT DID NOT SEE,MD,Passenger Car,35,2016.0,Ford,2S,15,Saturday,10
EJ7854002R,180064840,Gaithersburg Police Depar,Property Damage Crash,2018-12-28 06:15:00,Maryland (State),FREDERICK RD,MONTGOMERY VILLAGE AVE,SAME DIR REND RIGHT TURN,RAINING,WET,DAWN,NO CONTROLS,NONE DETECTED,No,No Apparent Injury,NOT DISTRACTED,MD,Passenger Car,30,2010.0,Nissan,ALTIMA,6,Friday,12
MCP32570018,200047496,Montgomery County Police,Property Damage Crash,2020-12-02 13:58:00,Maryland (State),CONNECTICUT AVE,KNOWLES AVE,HEAD ON,CLEAR,DRY,DAYLIGHT,TRAFFIC SIGNAL,NONE DETECTED,No,No Apparent Injury,NOT DISTRACTED,MD,Passenger Car,30,2015.0,Toyota,PRIUS,13,Wednesday,12
MCP2717006K,16034420,Montgomery County Police,Property Damage Crash,2016-07-07 13:20:00,Maryland (State),KNOWLES AVE,BEACH DR,SAME DIRECTION SIDESWIPE,CLEAR,DRY,DAYLIGHT,NO CONTROLS,NONE DETECTED,Yes,No Apparent Injury,LOOKED BUT DID NOT SEE,MD,Passenger Car,30,1983.0,Toyota,CRESSIDA,13,Thursday,7
MCP2905002R,170513078,Montgomery County Police,Injury Crash,2017-06-11 15:48:00,Maryland (State),WILSON LA,MOORLAND LA,STRAIGHT MOVEMENT ANGLE,CLEAR,DRY,DAYLIGHT,STOP SIGN,Unknown,No,Possible Injury,NOT DISTRACTED,MD,Passenger Car,30,2006.0,Infi,4S,15,Sunday,6
MCP2496000M,16022437,Montgomery County Police,Property Damage Crash,2016-05-06 12:37:00,County,FENTON ST,ROEDER RD,SAME DIR REAR END,RAINING,WET,DAYLIGHT,NO CONTROLS,NONE DETECTED,Yes,No Apparent Injury,UNKNOWN,DC,Passenger Car,30,2001.0,Ford,EXP,12,Friday,5
EJ7895000G,220004423,Gaithersburg Police Depar,Property Damage Crash,2022-02-01 20:15:00,Maryland (State),S FREDERICK RD,CEDAR AVE,SAME DIR REAR END,CLEAR,DRY,DARK LIGHTS ON,Unknown,NONE DETECTED,No,No Apparent Injury,UNKNOWN,MD,Passenger Car,30,2011.0,Nissan,ALTIMA,20,Tuesday,2
MCP3012007R,200049337,Montgomery County Police,Injury Crash,2020-12-15 07:46:00,Maryland (State),VEIRS MILL RD,GAYNOR RD,OTHER,CLEAR,DRY,DAYLIGHT,TRAFFIC SIGNAL,NONE DETECTED,No,Possible Injury,NOT DISTRACTED,MD,(Sport) Utility Vehicle,25,2017.0,Gmc,ACADIA,7,Tuesday,12
MCP12200022,15008755,Montgomery County Police,Property Damage Crash,2015-02-23 14:21:00,County,INDUSTRIAL PKWY,OLD COLUMBIA PIKE,SAME DIRECTION SIDESWIPE,CLEAR,WET,DAYLIGHT,NO CONTROLS,NONE DETECTED,No,No Apparent Injury,NOT DISTRACTED,MD,Station Wagon,25,2004.0,Honda,ODYSSEY,14,Monday,2
MCP31390025,200028312,Montgomery County Police,Injury Crash,2020-07-21 15:12:00,Maryland (State),NEW HAMPSHIRE AVE,NORTHWEST DR,SAME DIR REAR END,CLEAR,DRY,DAYLIGHT,TRAFFIC SIGNAL,NONE DETECTED,No,Possible Injury,NOT DISTRACTED,MD,Passenger Car,40,2017.0,Ford,FUSION,15,Tuesday,7
MCP2195005V,230008221,Montgomery County Police,Injury Crash,2023-02-18 09:22:00,Maryland (State),HUNGERFORD DR,COLLEGE PKWY,STRAIGHT MOVEMENT ANGLE,CLEAR,DRY,DAYLIGHT,TRAFFIC SIGNAL,Unknown,Unknown,Possible Injury,NOT DISTRACTED,MD,Passenger Car,40,2022.0,Tesla,HB,9,Saturday,2
MCP31910034,210037835,Montgomery County Police,Injury Crash,2021-09-24 16:00:00,County,SHADY GROVE RD,FREDERICK RD,OTHER,CLEAR,DRY,DAYLIGHT,TRAFFIC SIGNAL,Unknown,No,No Apparent Injury,NOT DISTRACTED,MD,Passenger Car,40,2007.0,Hond,PILOT,16,Friday,9
MCP30090092,250040642,MONTGOMERY,Property Damage Crash,2025-09-10 11:20:00,Bicycle Route,Unknown,Unknown,Front to Rear,Rain,Wet,Daylight,Traffic Control Signal,"Not Suspect of Alcohol Use, Not Suspect of Drug Use",No,No Apparent Injury,Not Distracted,MD,Pickup,45,2020.0,Chevrolet,COLORADO,11,Wednesday,9
MCP3023002N,180058404,Montgomery County Police,Property Damage Crash,2018-11-21 12:30:00,County,BAUER DR,BURNSIDE DR,SAME DIR REAR END,CLEAR,DRY,DAYLIGHT,TRAFFIC SIGNAL,NONE DETECTED,Yes,No Apparent Injury,UNKNOWN,MD,Passenger Car,25,2013.0,Honda,CIVIC,12,Wednesday,11
MCP1417002J,15006516,Montgomery County Police,Injury Crash,2015-02-09 09:30:00,County,SHADY GROVE RD,FREDERICK RD,SAME DIRECTION SIDESWIPE,RAINING,WET,DAYLIGHT,TRAFFIC SIGNAL,NONE DETECTED,Yes,No Apparent Injury,UNKNOWN,MD,"Medium/Heavy Trucks 3 Axles (Over 10,000Lbs (4,536Kg))",40,2003.0,International,7600 REAR LOADER,9,Monday,2
MCP32120010,200002612,Montgomery County Police,Property Damage Crash,2020-01-16 05:14:00,Maryland (State),NEW HAMPSHIRE AVE,JACKSON RD,ANGLE MEETS LEFT TURN,CLEAR,DRY,DARK LIGHTS ON,FLASHING TRAFFIC SIGNAL,NONE DETECTED,Unknown,No Apparent Injury,NOT DISTRACTED,MD,Passenger Car,40,2017.0,Toyota,COROLLA,5,Thursday,1
MCP30230039,190043817,Montgomery County Police,Injury Crash,2019-09-13 06:45:00,Maryland (State),GEORGIA AVE,HATHAWAY DR,SAME DIRECTION SIDESWIPE,RAINING,WET,DARK LIGHTS ON,TRAFFIC SIGNAL,NONE DETECTED,Yes,No Apparent Injury,NOT DISTRACTED,MD,Van,45,2004.0,Chevrolet,EXPRESS,6,Friday,9
MCP30690050,210013154,Montgomery County Police,Injury Crash,2021-04-08 16:39:00,Maryland (State),FALLS RD,DEMOCRACY BLVD,SAME DIR REAR END,CLEAR,DRY,DAYLIGHT,TRAFFIC SIGNAL,NONE DETECTED,No,Possible Injury,NOT DISTRACTED,MD,Passenger Car,35,2013.0,Hyundai,ELANTRA,16,Thursday,4
MCP295400C7,220034097,Montgomery County Police,Property Damage Crash,2022-08-08 20:23:00,County,BARRON ST,GILBERT PL,SAME DIR REAR END,CLEAR,DRY,UNKNOWN,NO CONTROLS,NONE DETECTED,Yes,No Apparent Injury,NOT DISTRACTED,MD,Passenger Car,30,2008.0,Chevrolet,SILVERADO,20,Monday,8
MCP30440037,190006140,Montgomery County Police,Injury Crash,2019-02-07 18:32:00,Maryland (State),NEW HAMPSHIRE AVE,MAHAN RD,SAME DIR REAR END,CLEAR,DRY,DARK LIGHTS ON,TRAFFIC SIGNAL,Unknown,Yes,No Apparent Injury,LOOKED BUT DID NOT SEE,MD,Passenger Car,40,2001.0,Toyt,4S,18,Thursday,2
MCP3184000Y,190059813,Montgomery County Police,Property Damage Crash,2019-12-12 02:42:00,County,FAIRLAND RD,CEDAR CREEK LA,SINGLE VEHICLE,Unknown,Unknown,DARK NO LIGHTS,Unknown,Unknown,Yes,No Apparent Injury,NOT DISTRACTED,MD,Passenger Car,40,2011.0,Hyundai,SONATA,2,Thursday,12
MCP3127000M,180021771,Montgomery County Police,Injury Crash,2018-05-03 17:00:00,Maryland (State),OLD GEORGETOWN RD,BATTERY LA,STRAIGHT MOVEMENT ANGLE,CLEAR,DRY,DAYLIGHT,TRAFFIC SIGNAL,NONE DETECTED,No,Suspected Minor Injury,NOT DISTRACTED,MD,Passenger Car,35,2007.0,Honda,ODYSSEY,17,Thursday,5
MCP2931001J,16036435,Montgomery County Police,Injury Crash,2016-07-18 20:54:00,County,REDLAND RD,NEEDWOOD RD,SAME DIR REND LEFT TURN,CLEAR,DRY,DARK LIGHTS ON,Unknown,Unknown,No,Possible Injury,NOT DISTRACTED,MD,Passenger Car,35,2008.0,Suzuki,RENO,20,Monday,7
MCP3007000Y,16038852,Montgomery County Police,Property Damage Crash,2016-08-01 08:58:00,County,BEL PRE RD,CONNECTICUT AVE,HEAD ON LEFT TURN,CLEAR,DRY,DAYLIGHT,TRAFFIC SIGNAL,NONE DETECTED,Yes,No Apparent Injury,LOOKED BUT DID NOT SEE,MD,Passenger Car,40,2007.0,Bmw,4S,8,Monday,8
MCP23470050,240040735,MONTGOMERY,Injury Crash,2024-08-28 12:59:00,US (State),COLESVILLE RD,Unknown,Front to Rear,Clear,Dry,Daylight,Traffic Control Signal,"Not Suspect of Alcohol Use, Not Suspect of Drug Use",Yes,Suspected Minor Injury,Not Distracted,MD,Passenger Car,40,2016.0,Dodge,CHARGER,12,Wednesday,8
MCP2016006R,230000547,Montgomery County Police,Property Damage Crash,2023-01-04 14:05:00,County,GAITHER RD,SHADY GROVE RD,HEAD ON LEFT TURN,CLOUDY,WET,DAYLIGHT,Unknown,NONE DETECTED,Yes,No Apparent Injury,NOT DISTRACTED,MD,Passenger Car,30,2020.0,Gmc,PK,14,Wednesday,1
MCP3362002Z,240015283,MONTGOMERY,Property Damage Crash,2024-04-02 07:17:00,US (State),COLESVILLE RD,Unknown,"Sideswipe, Same Direction",Rain,Wet,Daylight,No Controls,"Not Suspect of Alcohol Use, Not Suspect of Drug Use",No,No Apparent Injury,Not Distracted,MD,Bus - Other Type,35,2019.0,Van Hool,COACH,7,Tuesday,4
MCP3201003S,230009103,Montgomery County Police,Injury Crash,2023-02-23 13:50:00,County,CRYSTAL ROCK DR,WATERS LANDING DR,STRAIGHT MOVEMENT ANGLE,CLEAR,DRY,DAYLIGHT,STOP SIGN,NONE DETECTED,No,Possible Injury,NOT DISTRACTED,MD,Passenger Car,40,2023.0,Mazda,4D,13,Thursday,2
MCP2116007W,180001066,Montgomery County Police,Property Damage Crash,2018-01-08 06:23:00,Maryland (State),DARNESTOWN RD,ENT TO MORITZ GREENBERG EQUESTRIAN CTR,SINGLE VEHICLE,CLEAR,DRY,DARK NO LIGHTS,Unknown,NONE DETECTED,No,No Apparent Injury,NOT DISTRACTED,MD,Police Vehicle/Non Emergency,50,2013.0,Ford,TK,6,Monday,1
MCP1213005H,210007145,Montgomery County Police,Property Damage Crash,2021-02-24 17:50:00,Maryland (State),NEW HAMPSHIRE AVE,TUCKER LA,STRAIGHT MOVEMENT ANGLE,CLEAR,DRY,DUSK,STOP SIGN,NONE DETECTED,No,No Apparent Injury,NOT DISTRACTED,MD,(Sport) Utility Vehicle,40,2017.0,Infi,TK,17,Wednesday,2