Report Number,Local Case Number,Agency Name,ACRS Report Type,Crash Date/Time,Route Type,Road Name,Cross-Street Name,Collision Type,Weather,Surface Condition,Light,Traffic Control,Driver Substance Abuse,Driver At Fault,Injury Severity,Driver Distracted By,Drivers License State,Vehicle Body Type,Speed Limit,Vehicle Year,Vehicle Make,Vehicle Model,Crash Hour,Crash Day,Crash Month
MCP2921002Z,190018905,Montgomery County Police,Injury Crash,2019-04-22 21:03:00,Maryland (State),FREDERICK RD,STRINGTOWN RD,HEAD ON,CLEAR,DRY,DARK LIGHTS ON,TRAFFIC SIGNAL,Unknown,No,Suspected Minor Injury,NOT DISTRACTED,MD,Passenger Car,30,2016.0,Volk,JETTA,21,Monday,4
MCP29100048,170539915,Montgomery County Police,Injury Crash,2017-10-31 06:00:00,US (State),COLUMBIA PIKE,RAMP 8 FR US 29 SB TO E RANDOLPH RD WB,SAME DIR REAR END,CLEAR,DRY,DARK -- UNKNOWN LIGHTING,TRAFFIC SIGNAL,NONE DETECTED,No,Possible Injury,NOT DISTRACTED,MD,(Sport) Utility Vehicle,30,2014.0,Chevrolet,EQUINOX,6,Tuesday,10
MCP06170038,210052143,Montgomery County Police,Injury Crash,2021-12-22 07:41:00,County,NORBECK RD,NORWOOD RD,SAME DIR REAR END,CLEAR,ICE,DAYLIGHT,TRAFFIC SIGNAL,NONE DETECTED,No,Possible Injury,NOT DISTRACTED,MD,Passenger Car,40,2012.0,Chevy,CRUZ,7,Wednesday,12
MCP2939004G,200005357,Montgomery County Police,Property Damage Crash,2020-02-01 16:41:00,Maryland (State),WOODFIELD RD,ROSEWOOD MANOR LA,SAME DIR REAR END,RAINING,WET,DARK LIGHTS ON,NO CONTROLS,NONE DETECTED,Yes,No Apparent Injury,INATTENTIVE OR LOST IN THOUGHT,MD,Passenger Car,45,2013.0,Acura,MDX,16,Saturday,2
MCP3144002F,230061529,Montgomery County Police,Property Damage Crash,2023-10-19 22:17:00,County,STONEYBROOK DR,CAPITOL VIEW AVE,OPPOSITE DIR BOTH LEFT TURN,CLEAR,DRY,DARK LIGHTS ON,STOP SIGN,NONE DETECTED,Yes,No Apparent Injury,LOOKED BUT DID NOT SEE,PA,(Sport) Utility Vehicle,25,2021.0,Jeep,WRANGLER,22,Thursday,10
MCP3200002B,210006893,Montgomery County Police,Property Damage Crash,2021-02-23 07:44:00,Maryland (State),CONNECTICUT AVE,KNOWLES AVE,SAME DIR REAR END,CLOUDY,WET,DAYLIGHT,TRAFFIC SIGNAL,NONE DETECTED,No,No Apparent Injury,NOT DISTRACTED,MD,Passenger Car,35,2014.0,Volk,JETTA,7,Tuesday,2
MCP3010006J,220003026,Montgomery County Police,Property Damage Crash,2022-01-24 07:52:00,Maryland (State),ROCKVILLE PIKE,RAMP 5 FR MD 355 SB TO IS 495 EB,SAME DIRECTION SIDESWIPE,CLEAR,DRY,DAYLIGHT,NO CONTROLS,Unknown,Yes,No Apparent Injury,LOOKED BUT DID NOT SEE,MD,Passenger Car,40,2016.0,Dodge,4H,7,Monday,1
MCP30800034,220034744,Montgomery County Police,Injury Crash,2022-08-12 17:24:00,Maryland (State),GREAT SENECA HWY,LEAMAN FARM RD,STRAIGHT MOVEMENT ANGLE,CLEAR,DRY,DAYLIGHT,NO CONTROLS,NONE DETECTED,No,No Apparent Injury,NOT DISTRACTED,MD,Passenger Car,0,2009.0,Ford,4S,17,Friday,8
MCP31910047,230061666,Montgomery County Police,Property Damage Crash,2023-10-20 15:45:00,County,QUINCE ORCHARD RD,QUINCE VALLEY DR,SAME DIR REAR END,RAINING,WET,DAYLIGHT,NO CONTROLS,NONE DETECTED,Unknown,No Apparent Injury,NOT DISTRACTED,MD,Passenger Car,30,2018.0,Nissan,LEAF,15,Friday,10
MCP2832001Y,15065477,MONTGOMERY,Property Damage Crash,2015-12-22 11:52:00,Maryland (State),WISCONSIN AVE,WOODMONT AVE,SAME DIR REAR END,CLOUDY,WET,DAYLIGHT,TRAFFIC SIGNAL,NONE DETECTED,No,No Apparent Injury,NOT DISTRACTED,MD,(Sport) Utility Vehicle,25,2002.0,Mazd,TK,11,Tuesday,12
MCP2928000W,15039081,MONTGOMERY,Property Damage Crash,2015-08-06 13:43:00,Maryland (State),GEORGIA AVE,FLORA LA,SAME DIR REAR END,CLEAR,DRY,DAYLIGHT,NO CONTROLS,NONE DETECTED,No,No Apparent Injury,NOT DISTRACTED,MD,Passenger Car,35,2015.0,Chrysler,200,13,Thursday,8
MCP3121002Y,200004677,Montgomery County Police,Property Damage Crash,2020-01-28 17:20:00,County,ODENDHAL AVE,CONTOUR RD,STRAIGHT MOVEMENT ANGLE,CLEAR,DRY,DUSK,TRAFFIC SIGNAL,NONE DETECTED,Unknown,No Apparent Injury,NOT DISTRACTED,MD,Pickup Truck,30,2005.0,Ford,F250,17,Tuesday,1
MCP3279000Y,210046129,Montgomery County Police,Injury Crash,2021-11-14 01:11:00,Maryland (State),GEORGIA AVE,WINDHAM LA,SAME DIRECTION LEFT TURN,CLEAR,DRY,DARK LIGHTS ON,Unknown,NONE DETECTED,No,Suspected Serious Injury,NOT DISTRACTED,MD,Passenger Car,35,2004.0,Gmc,ENVOY,1,Sunday,11
MCP93990020,230071589,Montgomery County Police,Property Damage Crash,2023-12-13 21:30:00,County,GLEN RD,PINEY MEETINGHOUSE RD,STRAIGHT MOVEMENT ANGLE,CLEAR,DRY,DARK NO LIGHTS,STOP SIGN,NONE DETECTED,Unknown,No Apparent Injury,NOT DISTRACTED,MD,Passenger Car,30,2014.0,Nissan,ROGUE,21,Wednesday,12
DD5583005J,190034476,Rockville Police Departme,Injury Crash,2019-07-20 08:52:00,Municipality,GAITHER RD,SHADY GROVE RD,SAME DIRECTION RIGHT TURN,CLEAR,DRY,DAYLIGHT,Unknown,NONE DETECTED,Yes,No Apparent Injury,NOT DISTRACTED,MD,Snowmobile,30,2017.0,Toyt,TK,8,Saturday,7
MCP2603003V,220007280,Montgomery County Police,Injury Crash,2022-02-19 05:58:00,County,WATKINS MILL RD,APPLE RIDGE RD,SAME DIRECTION LEFT TURN,Unknown,DRY,DARK -- UNKNOWN LIGHTING,Unknown,Unknown,No,No Apparent Injury,NOT DISTRACTED,MD,Passenger Car,35,2015.0,Chevy,SUV,5,Saturday,2
MCP30060044,190023991,Montgomery County Police,Property Damage Crash,2019-05-21 06:38:00,Maryland (State),VEIRS MILL RD,ANDREW ST,SAME DIR REAR END,CLEAR,DRY,DAYLIGHT,NO CONTROLS,NONE DETECTED,Yes,No Apparent Injury,LOOKED BUT DID NOT SEE,MD,Passenger Car,40,2013.0,Nissan,ALTIMA,6,Tuesday,5
DM8270000D,170515361,Takoma Park Police Depart,Property Damage Crash,2017-04-14 13:00:00,Unknown,Unknown,Unknown,OPPOSITE DIRECTION SIDESWIPE,CLEAR,Unknown,DAYLIGHT,Unknown,UNKNOWN,Yes,No Apparent Injury,UNKNOWN,DC,"Cargo Van/Light Truck 2 Axles (Over 10,000Lbs (4,536 Kg))",0,2008.0,Gmc,UU,13,Friday,4
MCP3109004D,200022761,Montgomery County Police,Injury Crash,2020-06-10 07:07:00,Maryland (State),GEORGIA AVE,WHITE OAK DR,SAME DIRECTION RIGHT TURN,CLEAR,DRY,DAYLIGHT,NO CONTROLS,NONE DETECTED,Unknown,No Apparent Injury,NOT DISTRACTED,VA,"Medium/Heavy Trucks 3 Axles (Over 10,000Lbs (4,536Kg))",35,2009.0,Gmc,TRUCK,7,Wednesday,6
MCP320000F7,250007512,MONTGOMERY,Property Damage Crash,2025-02-20 09:28:00,Unknown,Unknown,Unknown,Rear To Rear,Cloudy,Unknown,Daylight,Unknown,"Not Suspect of Alcohol Use, Not Suspect of Drug Use",Yes,No Apparent Injury,Unknown,MD,Pickup,0,2022.0,Gmc,SILVERADO MEDIUM DUTY (GM515),9,Thursday,2
MCP272600B3,240034388,MONTGOMERY,Injury Crash,2024-07-21 06:22:00,County Route,SOUTHLAWN LA,AVERY RD,Single Vehicle,Clear,Dry,Dawn,Stop Sign,"Suspect of Alcohol Use, Unknown",Yes,Possible Injury,Unknown,MD,Passenger Car,25,2008.0,Ford,FOCUS,6,Sunday,7
EJ7747002H,16059165,Gaithersburg Police Depar,Injury Crash,2016-11-17 07:42:00,Maryland (State),GREAT SENECA HWY,KENTLANDS BLVD,SAME DIR REAR END,CLEAR,DRY,DAYLIGHT,Unknown,NONE DETECTED,No,Possible Injury,NOT DISTRACTED,MD,Passenger Car,50,2000.0,Toyota,COROLLA,7,Thursday,11
MCP2940008B,250034119,MONTGOMERY,Property Damage Crash,2025-07-31 14:20:00,Maryland (State) Route,ROCKVILLE PIKE (SB/L),Unknown,Front to Rear,Rain,Wet,Daylight,Traffic Control Signal,"Not Suspect of Alcohol Use, Not Suspect of Drug Use",No,No Apparent Injury,Not Distracted,MD,Passenger Car,35,2019.0,Toyota,COROLLA,14,Thursday,7
MCP2912000V,15022263,Montgomery County Police,Injury Crash,2015-05-10 11:19:00,Maryland (State),MASSACHUSETTS AVE,FORT SUMNER DR,SAME DIR REAR END,CLEAR,DRY,DAYLIGHT,NO CONTROLS,NONE DETECTED,No,No Apparent Injury,NOT DISTRACTED,MD,(Sport) Utility Vehicle,35,2013.0,Bmw,TK,11,Sunday,5
MCP3158003C,210019940,Montgomery County Police,Property Damage Crash,2021-05-26 16:16:00,County,SNOUFFERS SCHOOL RD,LEWISBERRY DR,HEAD ON LEFT TURN,CLEAR,DRY,DAYLIGHT,TRAFFIC SIGNAL,NONE DETECTED,No,No Apparent Injury,NOT DISTRACTED,MD,Passenger Car,40,2016.0,Lexs,4S,16,Wednesday,5
MCP3245006G,240041929,MONTGOMERY,Property Damage Crash,2024-09-02 08:40:00,Unknown,Unknown,Unknown,Single Vehicle,Clear,Unknown,Daylight,Unknown,"Unknown, Unknown",No,Unknown,Unknown,Unknown,Sport Utility Vehicle,0,2000.0,Nissan,PATHFINDER,8,Monday,9
EJ7839001T,16067027,Gaithersburg Police Depar,Injury Crash,2016-12-29 20:06:00,County,MUDDY BRANCH RD,W DIAMOND AVE,HEAD ON LEFT TURN,CLEAR,DRY,DARK LIGHTS ON,TRAFFIC SIGNAL,NONE DETECTED,No,No Apparent Injury,NOT DISTRACTED,MD,(Sport) Utility Vehicle,30,2004.0,Toyota,HIGHLANDER,20,Thursday,12
MCP2358004M,180018262,Montgomery County Police,Injury Crash,2018-04-14 14:50:00,County,GREENTREE RD,EWING DR,STRAIGHT MOVEMENT ANGLE,CLEAR,DRY,DAYLIGHT,STOP SIGN,NONE DETECTED,Unknown,No Apparent Injury,UNKNOWN,VA,Passenger Car,35,2018.0,Toyota,CAMRY,14,Saturday,4
MCP28290020,16017317,Montgomery County Police,Property Damage Crash,2016-04-09 03:38:00,Maryland (State),UNIVERSITY BLVD E,PINEY BRANCH RD,SAME DIRECTION SIDESWIPE,RAINING,WET,DARK LIGHTS ON,NO CONTROLS,ALCOHOL PRESENT,Yes,No Apparent Injury,NOT DISTRACTED,MD,Passenger Car,35,2007.0,Ford,FUSION,3,Saturday,4
MCP29710057,190061551,Montgomery County Police,Injury Crash,2019-12-21 18:39:00,Maryland (State),FREDERICK RD,GUNNERS BRANCH RD,SAME DIR REAR END,CLEAR,DRY,DARK LIGHTS ON,NO CONTROLS,NONE DETECTED,Yes,No Apparent Injury,UNKNOWN,MD,Passenger Car,40,2005.0,Nissan,ALTIMA,18,Saturday,12
MCP3104001S,190056356,Montgomery County Police,Property Damage Crash,2019-11-21 21:49:00,County,CORNWALL ST,COMPTON ST,OTHER,CLEAR,DRY,DARK LIGHTS ON,NO CONTROLS,ALCOHOL PRESENT,Yes,No Apparent Injury,UNKNOWN,MD,Passenger Car,25,2010.0,Nissan,ALTIMA,21,Thursday,11
EJ7873005R,220018218,Gaithersburg Police Depar,Property Damage Crash,2022-04-29 14:19:00,Maryland (State),FREDERICK RD,GAME PRESERVE RD,STRAIGHT MOVEMENT ANGLE,CLEAR,DRY,DAYLIGHT,STOP SIGN,NONE DETECTED,Yes,No Apparent Injury,LOOKED BUT DID NOT SEE,MD,(Sport) Utility Vehicle,40,2019.0,Toyt,TK,14,Friday,4
DD56280058,220000385,Rockville Police Departme,Property Damage Crash,2022-01-04 12:23:00,Maryland (State),HUNGERFORD DR,ENT TO BUSINESSES,SINGLE VEHICLE,CLEAR,WET,DAYLIGHT,TRAFFIC SIGNAL,NONE DETECTED,Yes,No Apparent Injury,LOOKED BUT DID NOT SEE,MD,Truck Tractor,35,2014.0,Intl,CT,12,Tuesday,1
MCP32770031,230035270,Montgomery County Police,Property Damage Crash,2023-07-24 13:52:00,Unknown,Unknown,Unknown,OTHER,CLEAR,Unknown,DAYLIGHT,NO CONTROLS,UNKNOWN,Yes,No Apparent Injury,INATTENTIVE OR LOST IN THOUGHT,Unknown,Pickup Truck,10,1999.0,Ford,TK,13,Monday,7
MCP2857001Z,170528290,Montgomery County Police,Property Damage Crash,2017-09-02 07:11:00,County,FATHER HURLEY BLVD,RAMP 7 FR FATHER HURLEY BLVD TO IS270 SB,SAME DIR REAR END,RAINING,WET,DAYLIGHT,Unknown,NONE DETECTED,No,No Apparent Injury,NOT DISTRACTED,MD,Passenger Car,35,2013.0,Honda,PILOT,7,Saturday,9
MCP3195003D,220008168,Montgomery County Police,Property Damage Crash,2022-02-24 19:00:00,County,CHERRY HILL RD,PLUM ORCHARD DR,SAME DIRECTION LEFT TURN,RAINING,Unknown,DUSK,Unknown,NONE DETECTED,No,No Apparent Injury,NOT DISTRACTED,MD,Passenger Car,35,2006.0,Toyota,COROLLA,19,Thursday,2
MCP26780053,240058792,MONTGOMERY,Property Damage Crash,2024-12-09 09:42:00,County Route,NEWPORT MILL RD,Unknown,Angle,Rain,Wet,Daylight,No Controls,"Not Suspect of Alcohol Use, Not Suspect of Drug Use",No,No Apparent Injury,Not Distracted,MD,Passenger Car,25,2022.0,Nissan,ALTIMA,9,Monday,12
MCP1213006H,220025833,Montgomery County Police,Property Damage Crash,2022-06-15 21:10:00,County,E RANDOLPH RD,ENT TO VALLEY MILL PARK,STRAIGHT MOVEMENT ANGLE,CLEAR,DRY,DARK LIGHTS ON,STOP SIGN,NONE DETECTED,Yes,No Apparent Injury,LOOKED BUT DID NOT SEE,MD,Passenger Car,10,2017.0,Hyun,4S,21,Wednesday,6
MCP3161000R,180060333,Montgomery County Police,Property Damage Crash,2018-12-03 07:19:00,Unknown,Unknown,Unknown,SINGLE VEHICLE,CLEAR,Unknown,DAYLIGHT,NO CONTROLS,NONE DETECTED,Yes,No Apparent Injury,UNKNOWN,MD,Other Bus,10,2016.0,Metro,LOW FLOOR,7,Monday,12
MCP2891008X,190059303,Montgomery County Police,Property Damage Crash,2019-12-09 09:13:00,County,FENTON ST,THAYER AVE,OTHER,RAINING,WET,DAYLIGHT,TRAFFIC SIGNAL,UNKNOWN,Yes,No Apparent Injury,EATING OR DRINKING,Unknown,Other Bus,35,2016.0,Gill,BUS,9,Monday,12
MCP3141000V,190006942,Montgomery County Police,Property Damage Crash,2019-02-13 02:24:00,Unknown,Unknown,Unknown,SINGLE VEHICLE,RAINING,Unknown,DARK LIGHTS ON,TRAFFIC SIGNAL,ALCOHOL PRESENT,Yes,No Apparent Injury,INATTENTIVE OR LOST IN THOUGHT,MD,Van,0,2005.0,Dodge,GRAND CARAVAN,2,Wednesday,2
MCP3084005D,220003591,Montgomery County Police,Property Damage Crash,2022-01-27 12:20:00,Maryland (State),CONNECTICUT AVE,BRADLEY LA,SAME DIR REAR END,CLEAR,Unknown,DAYLIGHT,TRAFFIC SIGNAL,NONE DETECTED,No,No Apparent Injury,NOT DISTRACTED,MD,Passenger Car,30,2021.0,Hyundai,ACCENT,12,Thursday,1
MCP2813006H,19001129,Montgomery County Police,Property Damage Crash,2019-03-09 21:25:00,Maryland (State),VEIRS MILL RD,REEDIE DR,SAME DIRECTION SIDESWIPE,CLEAR,DRY,DARK LIGHTS ON,Unknown,Unknown,Yes,No Apparent Injury,LOOKED BUT DID NOT SEE,MD,Passenger Car,15,2005.0,Toyt,COROLLA,21,Saturday,3
EJ7887005P,250014279,GAITHERSBURG,Property Damage Crash,2025-04-02 07:15:00,Maryland (State) Route,CLOPPER RD,Unknown,Front to Rear,Clear,Dry,Daylight,Traffic Control Signal,"Not Suspect of Alcohol Use, Not Suspect of Drug Use",No,No Apparent Injury,Not Distracted,MD,Sport Utility Vehicle,30,2006.0,Chevrolet,EXPRESS,7,Wednesday,4
EJ7826003Q,180058443,Gaithersburg Police Depar,Injury Crash,2018-11-21 15:46:00,Maryland (State),FREDERICK RD,MARYLAND AVE,STRAIGHT MOVEMENT ANGLE,CLEAR,DRY,DAYLIGHT,NO CONTROLS,Unknown,No,Possible Injury,NOT DISTRACTED,MD,Passenger Car,30,2018.0,Honda,CIVIC,15,Wednesday,11
MCP3053004D,210014397,Montgomery County Police,Property Damage Crash,2021-04-17 22:54:00,County,PRICE AVE,FERN ST,STRAIGHT MOVEMENT ANGLE,CLEAR,DRY,DARK LIGHTS ON,STOP SIGN,Unknown,Yes,No Apparent Injury,INATTENTIVE OR LOST IN THOUGHT,XX,Passenger Car,20,2021.0,Toyota,COROLLA,22,Saturday,4
MCP28940035,16061464,Montgomery County Police,Injury Crash,2016-11-30 14:35:00,Maryland (State),OLD GEORGETOWN RD,NICHOLSON LA,SAME DIR REND RIGHT TURN,RAINING,WET,DAYLIGHT,YIELD SIGN,NONE DETECTED,No,Possible Injury,NOT DISTRACTED,NC,Passenger Car,35,2009.0,Ford,4DOOR,14,Wednesday,11
MCP2291004X,210003030,Montgomery County Police,Property Damage Crash,2021-01-24 19:09:00,Maryland (State),CONNECTICUT AVE,SAUL RD,SAME DIRECTION SIDESWIPE,CLEAR,DRY,DARK LIGHTS ON,NO CONTROLS,NONE DETECTED,No,No Apparent Injury,NOT DISTRACTED,MD,Passenger Car,35,2019.0,Honda,CRV,19,Sunday,1
EJ78560021,16061055,Gaithersburg Police Depar,Property Damage Crash,2016-11-28 12:38:00,County,MUDDY BRANCH RD,HARMONY HALL RD,SINGLE VEHICLE,Unknown,DRY,DAYLIGHT,Unknown,Unknown,Yes,No Apparent Injury,DISTRACTED BY OUTSIDE PERSON OBJECT OR EVENT,MD,Passenger Car,45,2003.0,Toyota,4S,12,Monday,11
MCP2496002T,210024186,Montgomery County Police,Property Damage Crash,2021-06-24 11:26:00,US (State),COLESVILLE RD,SPRING ST,SAME DIR REAR END,CLEAR,DRY,DAYLIGHT,TRAFFIC SIGNAL,Unknown,No,No Apparent Injury,NOT DISTRACTED,PA,Passenger Car,35,2018.0,Niss,4S,11,Thursday,6
MCP26070043,190009885,Montgomery County Police,Injury Crash,2019-03-02 21:00:00,Maryland (State),S FREDERICK RD,W DEER PARK RD,SAME DIR REAR END,CLEAR,DRY,DARK LIGHTS ON,TRAFFIC SIGNAL,NONE DETECTED,Yes,No Apparent Injury,ADJUSTING AUDIO AND OR CLIMATE CONTROLS,MD,Passenger Car,35,2014.0,Ford,FOCUS,21,Saturday,3
EJ78370084,240037803,GAITHERSBURG,Property Damage Crash,2024-08-10 19:10:00,County Route,DIAMONDBACK DR,MUDDY BRANCH RD (SB/L),Single Vehicle,Clear,Dry,Daylight,Traffic Control Signal,"Not Suspect of Alcohol Use, Not Suspect of Drug Use",No,No Apparent Injury,Not Distracted,MD,Passenger Car,15,2016.0,Hyundai,ELANTRA,19,Saturday,8
EJ7856005Z,180062706,Gaithersburg Police Depar,Property Damage Crash,2018-12-15 17:35:00,Unknown,Unknown,Unknown,UNKNOWN,RAINING,Unknown,DARK LIGHTS ON,Unknown,Unknown,No,No Apparent Injury,NOT DISTRACTED,MD,(Sport) Utility Vehicle,15,2018.0,Nissan,ROGUE,17,Saturday,12
MCP2339000Y,15020839,Montgomery County Police,Property Damage Crash,2015-05-03 03:08:00,County,ASPEN HILL RD,EADES ST,SAME DIR REAR END,CLEAR,DRY,DARK -- UNKNOWN LIGHTING,NO CONTROLS,ILLEGAL DRUG PRESENT,Yes,No Apparent Injury,UNKNOWN,MD,Passenger Car,25,2003.0,Honda,ACCORD,3,Sunday,5
DD5642002C,210048208,Rockville Police Departme,Property Damage Crash,2021-11-27 19:08:00,Maryland (State),W MONTGOMERY AVE,FALLSGROVE DR,STRAIGHT MOVEMENT ANGLE,CLEAR,DRY,DARK LIGHTS ON,TRAFFIC SIGNAL,NONE DETECTED,Unknown,No Apparent Injury,UNKNOWN,MD,Passenger Car,45,2011.0,Chev,4S,19,Saturday,11
MCP3111005P,220030223,Montgomery County Police,Property Damage Crash,2022-07-14 10:39:00,County,MAPLE RIDGE RD,GLENBROOK RD,SAME DIRECTION SIDESWIPE,CLEAR,DRY,DAYLIGHT,NO CONTROLS,NONE DETECTED,Yes,No Apparent Injury,LOOKED BUT DID NOT SEE,FL,"Medium/Heavy Trucks 3 Axles (Over 10,000Lbs (4,536Kg))",25,2018.0,Mack,TK,10,Thursday,7
MCP3199006H,240033534,MONTGOMERY,Property Damage Crash,2024-07-13 03:30:00,Local Route,SUN VALLEY CIR,Unknown,Single Vehicle,Unknown,Unknown,Dark - Unknown Lighting,No Controls,"Unknown, Unknown",No,Unknown,Unknown,Unknown,Passenger Car,25,2004.0,Ford,MUSTANG,3,Saturday,7
MCP3328002Q,230060950,Montgomery County Police,Injury Crash,2023-10-16 20:34:00,Maryland (State),LAYHILL RD,PARK VISTA DR,SAME DIR REAR END,CLEAR,DRY,DARK LIGHTS ON,NO CONTROLS,NONE DETECTED,Yes,Possible Injury,UNKNOWN,MD,Passenger Car,40,1998.0,Honda,CIVIC,20,Monday,10
DD5538001M,16033120,Rockville Police Departme,Injury Crash,2016-06-30 14:07:00,Municipality,HALPINE RD,ROCKVILLE PIKE,HEAD ON LEFT TURN,CLEAR,DRY,DAYLIGHT,TRAFFIC SIGNAL,NONE DETECTED,No,Suspected Minor Injury,NOT DISTRACTED,MD,Passenger Car,25,2005.0,Toyota,COROLLA 4D,14,Thursday,6
MCP2726001J,16050102,Montgomery County Police,Property Damage Crash,2016-09-29 13:28:00,Maryland (State),ROCKVILLE PIKE,ENT TO TOWNE PLAZA,SAME DIR REAR END,RAINING,WET,DAYLIGHT,TRAFFIC SIGNAL,ALCOHOL PRESENT,Yes,No Apparent Injury,LOOKED BUT DID NOT SEE,MD,Passenger Car,40,2014.0,Hyundia,TUSCSON,13,Thursday,9
MCP2740000V,15021303,Montgomery County Police,Property Damage Crash,2015-05-05 12:42:00,Maryland (State),UNIVERSITY BLVD E,PINEY BRANCH RD,SAME DIR REAR END,CLEAR,DRY,DAYLIGHT,TRAFFIC SIGNAL,NONE DETECTED,Yes,No Apparent Injury,UNKNOWN,VA,Passenger Car,40,2005.0,Honda,CIVIC,12,Tuesday,5
MCP3071001L,200025200,Montgomery County Police,Property Damage Crash,2020-06-28 21:59:00,County,CENTURY BLVD,MIDDLEBROOK RD,HEAD ON LEFT TURN,CLEAR,DRY,DARK LIGHTS ON,Unknown,NONE DETECTED,Unknown,No Apparent Injury,LOOKED BUT DID NOT SEE,MD,Passenger Car,35,2016.0,Volk,4H,21,Sunday,6
MCP3089004C,230074361,Montgomery County Police,Property Damage Crash,2023-12-31 10:12:00,Maryland (State),GEORGIA AVE,DENNIS AVE,OTHER,CLEAR,DRY,DAYLIGHT,TRAFFIC SIGNAL,NONE DETECTED,Unknown,No Apparent Injury,LOOKED BUT DID NOT SEE,MD,Ambulance/Emergency,30,2019.0,Frht,AMBULANCE,10,Sunday,12
MCP2386001R,170527238,Montgomery County Police,Property Damage Crash,2017-08-27 22:21:00,County,FENTON ST,PHILADELPHIA AVE,OPPOSITE DIRECTION SIDESWIPE,CLEAR,DRY,DARK LIGHTS ON,NO CONTROLS,NONE DETECTED,No,No Apparent Injury,NOT DISTRACTED,MD,(Sport) Utility Vehicle,25,2008.0,Volvo,XC90,22,Sunday,8
MCP2857002H,180064035,Montgomery County Police,Property Damage Crash,2018-12-22 17:06:00,County,GOSHEN RD,WARFIELD RD,STRAIGHT MOVEMENT ANGLE,CLEAR,DRY,DARK LIGHTS ON,TRAFFIC SIGNAL,NONE DETECTED,No,No Apparent Injury,NOT DISTRACTED,MD,Passenger Car,30,2015.0,Subaru,IMPREZA,17,Saturday,12
MCP07040010,170515405,Montgomery County Police,Property Damage Crash,2017-06-23 18:24:00,County,ARLINGTON RD,EDGEMOOR LA,HEAD ON LEFT TURN,CLEAR,DRY,DAYLIGHT,Unknown,NONE DETECTED,No,No Apparent Injury,NOT DISTRACTED,MD,Passenger Car,25,2010.0,Acur,4S,18,Friday,6
MCP28050055,220027903,Montgomery County Police,Injury Crash,2022-06-29 07:15:00,County,CENTERWAY RD,WHETSTONE DR,STRAIGHT MOVEMENT ANGLE,CLEAR,DRY,DAYLIGHT,NO CONTROLS,NONE DETECTED,Yes,No Apparent Injury,LOOKED BUT DID NOT SEE,MD,Passenger Car,35,2018.0,Toyota,HIGHLANDER,7,Wednesday,6
MCP2107000D,15013901,Montgomery County Police,Injury Crash,2015-03-26 09:17:00,Maryland (State),NEW HAMPSHIRE AVE,NORA DR,STRAIGHT MOVEMENT ANGLE,Unknown,DRY,DAYLIGHT,OTHER,NONE DETECTED,No,No Apparent Injury,NOT DISTRACTED,MD,Transit Bus,40,2008.0,Nwfl,BUS,9,Thursday,3
MCP2048000X,16057281,Montgomery County Police,Property Damage Crash,2016-11-06 16:50:00,US (State),COLUMBIA PIKE,NATIONAL DR,HEAD ON LEFT TURN,CLEAR,DRY,DAYLIGHT,TRAFFIC SIGNAL,Unknown,Yes,No Apparent Injury,NOT DISTRACTED,MD,Passenger Car,40,2015.0,Honda,CIVIC,16,Sunday,11
MCP2385000D,15025407,Montgomery County Police,Property Damage Crash,2015-05-26 21:37:00,Maryland (State),FREDERICK RD,ENT TO RIDGE RD RECREATIONAL PARK,SINGLE VEHICLE,CLEAR,DRY,DARK NO LIGHTS,NO CONTROLS,NONE DETECTED,No,No Apparent Injury,NOT DISTRACTED,MD,Passenger Car,40,2008.0,Toyota,COROLLA,21,Tuesday,5
MCP229800LS,180059511,Montgomery County Police,Injury Crash,2018-11-28 15:28:00,Maryland (State),OLNEY LAYTONSVILLE RD,FIELDCREST RD,HEAD ON LEFT TURN,CLEAR,DRY,DAYLIGHT,TRAFFIC SIGNAL,NONE DETECTED,No,Possible Injury,NOT DISTRACTED,MD,Pickup Truck,40,2006.0,Toyota,TACOMA,15,Wednesday,11
MCP31530039,210046769,Montgomery County Police,Property Damage Crash,2021-11-18 08:04:00,County,ASPEN HILL RD,ARCTIC AVE,SAME DIRECTION SIDESWIPE,CLEAR,DRY,DAYLIGHT,NO CONTROLS,NONE DETECTED,Yes,No Apparent Injury,LOOKED BUT DID NOT SEE,MD,"Other Light Trucks (10,000Lbs (4,536Kg) Or Less)",35,2010.0,Gmc,TRUCK,8,Thursday,11
MCP3305002Z,240006249,MONTGOMERY,Property Damage Crash,2024-02-08 03:14:00,US (State),COLESVILLE RD (SB/L),LORAIN AVE,Rear To Side,Clear,Dry,Dark - Not Lighted,No Controls,"Not Suspect of Alcohol Use, Not Suspect of Drug Use",Yes,No Apparent Injury,Not Distracted,MD,Passenger Car,45,2012.0,Nissan,ALTIMA,3,Thursday,2
MCP29020026,170535432,Montgomery County Police,Injury Crash,2017-10-08 09:23:00,County,WATKINS MILL RD,ROUNDABOUT,SINGLE VEHICLE,RAINING,WET,DAYLIGHT,NO CONTROLS,Unknown,Unknown,Possible Injury,NOT DISTRACTED,MD,(Sport) Utility Vehicle,35,2002.0,Nissan,PATHFINDER,9,Sunday,10
MCP2291006Q,230013191,Montgomery County Police,Property Damage Crash,2023-03-18 15:20:00,Maryland (State),RIVER RD,NORTON RD,SAME DIRECTION SIDESWIPE,CLEAR,DRY,Unknown,NO CONTROLS,Unknown,No,No Apparent Injury,NOT DISTRACTED,VA,Van,35,2017.0,Honda,ODYSSEY,15,Saturday,3