Report Number,Local Case Number,Agency Name,ACRS Report Type,Crash Date/Time,Route Type,Road Name,Cross-Street Name,Collision Type,Weather,Surface Condition,Light,Traffic Control,Driver Substance Abuse,Driver At Fault,Injury Severity,Driver Distracted By,Drivers License State,Vehicle Body Type,Speed Limit,Vehicle Year,Vehicle Make,Vehicle Model,Crash Hour,Crash Day,Crash Month
EJ7829005T,190016922,Gaithersburg Police Depar,Property Damage Crash,2019-04-11 16:50:00,Maryland (State),W DIAMOND AVE,MUDDY BRANCH RD,OTHER,CLOUDY,DRY,DAYLIGHT,NO CONTROLS,Unknown,Yes,No Apparent Injury,UNKNOWN,Unknown,Passenger Car,35,2015.0,Subu,SW,16,Thursday,4
MCP33860036,250035651,MONTGOMERY,Injury Crash,2025-08-10 17:50:00,County Route,LANTERN DR,Unknown,Other,Clear,Dry,Daylight,No Controls,"Not Suspect of Alcohol Use, Not Suspect of Drug Use",No,Suspected Minor Injury,Unknown,MD,Passenger Car,25,2010.0,Ford,ESCAPE,17,Sunday,8
MCP2733000Z,170530846,Montgomery County Police,Injury Crash,2017-09-15 17:05:00,Interstate (State),NO NAME,RAMP 6 FR DEMOCRACY BLVD TO IS 270Y SB,SAME DIR REAR END,CLEAR,DRY,DAYLIGHT,TRAFFIC SIGNAL,UNKNOWN,Yes,No Apparent Injury,UNKNOWN,Unknown,Passenger Car,25,1994.0,Honda,4D,17,Friday,9
MCP2688002H,170509724,Montgomery County Police,Property Damage Crash,2017-05-24 23:51:00,Maryland (State),NEW HAMPSHIRE AVE,NORTHAMPTON DR,STRAIGHT MOVEMENT ANGLE,RAINING,WET,DARK LIGHTS ON,TRAFFIC SIGNAL,NONE DETECTED,No,No Apparent Injury,NOT DISTRACTED,MD,Passenger Car,40,2008.0,Lincoln,MKZ,23,Wednesday,5
DD56040034,200001083,Rockville Police Departme,Property Damage Crash,2020-01-07 13:25:00,Unknown,Unknown,Unknown,STRAIGHT MOVEMENT ANGLE,RAINING,Unknown,DAYLIGHT,NO CONTROLS,NONE DETECTED,Unknown,No Apparent Injury,LOOKED BUT DID NOT SEE,MD,Passenger Car,5,2013.0,Nissan,SENTRA,13,Tuesday,1
MCP2162003F,180062289,Montgomery County Police,Property Damage Crash,2018-12-13 16:47:00,Maryland (State),GEORGIA AVE,QUEEN MARY DR,SAME DIR REAR END,CLEAR,DRY,DARK LIGHTS ON,NO CONTROLS,Unknown,No,No Apparent Injury,NOT DISTRACTED,MD,Passenger Car,30,2000.0,Ford,EXPEDITION,16,Thursday,12
MCP3403001B,240046457,MONTGOMERY,Injury Crash,2024-09-29 03:50:00,Maryland (State) Route,NEW HAMPSHIRE AVE,VENICE DR,Angle,Rain,Wet,Dark - Lighted,Flashing Traffic Control Signal,"Not Suspect of Alcohol Use, Not Suspect of Drug Use",No,Suspected Serious Injury,Not Distracted,MD,Sport Utility Vehicle,40,2020.0,Lexus,NX,3,Sunday,9
MCP24450029,210006897,Montgomery County Police,Property Damage Crash,2021-02-23 08:33:00,County,MIDDLEBROOK RD,ENT TO MIDDLEBROOK SQ SHOPPING CENTER,STRAIGHT MOVEMENT ANGLE,CLEAR,WET,DAYLIGHT,NO CONTROLS,NONE DETECTED,No,No Apparent Injury,NOT DISTRACTED,MD,Passenger Car,40,2007.0,Honda,ACCORD,8,Tuesday,2
MCP22120027,170511559,Montgomery County Police,Injury Crash,2017-06-03 14:15:00,County,OLD COLUMBIA PIKE,OLD COLUMBIA PIKE,STRAIGHT MOVEMENT ANGLE,CLEAR,DRY,DAYLIGHT,NO CONTROLS,NONE DETECTED,Yes,No Apparent Injury,NOT DISTRACTED,MD,Passenger Car,40,2012.0,Mazd,4S,14,Saturday,6
MCP27170029,15039915,MONTGOMERY,Injury Crash,2015-08-11 08:54:00,Interstate (State),CAPITAL BELTWAY,MACARTHUR BLVD,OTHER,CLEAR,DRY,DAYLIGHT,NO CONTROLS,NONE DETECTED,No,Suspected Minor Injury,NOT DISTRACTED,VA,Passenger Car,55,2014.0,Volkswagon,BEETLE,8,Tuesday,8
MCP2777002Y,16044932,Montgomery County Police,Property Damage Crash,2016-09-02 16:56:00,Maryland (State),OLD GEORGETOWN RD,MANOR OAK WAY,SAME DIR REAR END,CLEAR,DRY,DAYLIGHT,TRAFFIC SIGNAL,NONE DETECTED,No,No Apparent Injury,NOT DISTRACTED,MD,Passenger Car,35,2015.0,Toyota,PRIUS,16,Friday,9
MCP209400FM,190060626,Montgomery County Police,Property Damage Crash,2019-12-16 17:00:00,Unknown,Unknown,Unknown,SAME DIRECTION SIDESWIPE,RAINING,Unknown,DARK LIGHTS ON,Unknown,NONE DETECTED,Yes,No Apparent Injury,UNKNOWN,MD,Transit Bus,5,2017.0,Ford,E-450,17,Monday,12
MCP3089002R,190038026,Montgomery County Police,Injury Crash,2019-08-09 16:41:00,County,SPRING ST,16TH ST,OTHER,Unknown,DRY,Unknown,TRAFFIC SIGNAL,Unknown,No,No Apparent Injury,NOT DISTRACTED,MD,Passenger Car,20,1999.0,Honda,ACCORD,16,Friday,8
MCP29520041,170520541,Montgomery County Police,Injury Crash,2017-07-22 10:59:00,US (State),GEORGIA AVE,SLIGO AVE,SAME DIR REAR END,CLEAR,DRY,DAYLIGHT,TRAFFIC SIGNAL,NONE DETECTED,Yes,No Apparent Injury,NOT DISTRACTED,FL,Passenger Car,35,2017.0,Hyundai,SONATA,10,Saturday,7
MCP26990021,250036146,MONTGOMERY,Property Damage Crash,2025-08-13 13:56:00,Unknown,Unknown,Unknown,Front to Rear,Unknown,Unknown,Daylight,Unknown,"Unknown, Unknown",No,Unknown,Unknown,Unknown,Passenger Car,0,2008.0,Mazda,MAZDA5,13,Wednesday,8
MCP21870039,260000566,MONTGOMERY,Injury Crash,2026-01-05 08:40:00,Municipality Route,CHOKE CHERRY RD,Unknown,Angle,Clear,Dry,Daylight,Traffic Control Signal,"Not Suspect of Alcohol Use, Not Suspect of Drug Use",No,Suspected Minor Injury,Not Distracted,MD,Passenger Car,35,2014.0,Toyota,CAMRY,8,Monday,1
MCP2954008X,210012051,Montgomery County Police,Property Damage Crash,2021-03-31 16:00:00,Maryland (State),PINEY BRANCH RD,GARLAND AVE,SAME DIR REAR END,RAINING,WET,DAYLIGHT,NO CONTROLS,UNKNOWN,Yes,No Apparent Injury,NOT DISTRACTED,Unknown,Passenger Car,35,2007.0,Honda,TK,16,Wednesday,3
MCP2717007L,16047138,Montgomery County Police,Property Damage Crash,2016-09-14 14:10:00,Maryland (State),CONNECTICUT AVE,RAMP 5 FR MD 185 SB TO IS 495 EB,SAME DIR REAR END,Unknown,DRY,DAYLIGHT,NO CONTROLS,NONE DETECTED,No,No Apparent Injury,NOT DISTRACTED,MD,Passenger Car,35,2006.0,Nissan,ALTIMA,14,Wednesday,9
MCP2989002N,240023080,MONTGOMERY,Property Damage Crash,2024-05-16 08:47:00,Municipality Route,ALDERWOOD DR (SB/L),DARNESTOWN RD (WB/L),Front to Front,Clear,Dry,Daylight,No Controls,"Not Suspect of Alcohol Use, Not Suspect of Drug Use",No,No Apparent Injury,Not Distracted,MD,Van - Passenger (&Lt;9 Seats),25,2020.0,Chevrolet,EXPRESS,8,Thursday,5
MCP2305003N,240056994,MONTGOMERY,Property Damage Crash,2024-11-27 16:59:00,Maryland (State) Route,RIDGE RD,Unknown,Front to Rear,Clear,Dry,Dark - Not Lighted,No Controls,"Not Suspect of Alcohol Use, Not Suspect of Drug Use",Yes,No Apparent Injury,Not Distracted,MD,Sport Utility Vehicle,40,2016.0,Honda,CR-V,16,Wednesday,11
MCP29040072,190034828,Montgomery County Police,Injury Crash,2019-07-22 16:15:00,US (State),COLESVILLE RD,LANARK WAY,STRAIGHT MOVEMENT ANGLE,CLEAR,DRY,DAYLIGHT,STOP SIGN,Unknown,No,Possible Injury,NOT DISTRACTED,VA,Other,40,2017.0,Honda,CIVIC,16,Monday,7
MCP2046009V,190013171,Montgomery County Police,Property Damage Crash,2019-03-22 08:59:00,Unknown,Unknown,Unknown,SAME DIR REAR END,Unknown,Unknown,DAYLIGHT,Unknown,NONE DETECTED,No,No Apparent Injury,NOT DISTRACTED,MD,School Bus,0,2015.0,Frht,BUS,8,Friday,3
EJ7866000B,16049687,Gaithersburg Police Depar,Property Damage Crash,2016-09-27 13:10:00,Municipality,MAIN ST,KENTLANDS BLVD,SAME DIRECTION SIDESWIPE,CLEAR,DRY,DAYLIGHT,NO CONTROLS,Unknown,Yes,No Apparent Injury,UNKNOWN,MD,Passenger Car,25,2005.0,Bmw,4S,13,Tuesday,9
MCP3417000P,240052457,MONTGOMERY,Property Damage Crash,2024-11-01 11:17:00,Maryland (State) Route,RIVER RD,Unknown,Front to Rear,Clear,Dry,Daylight,No Controls,"Not Suspect of Alcohol Use, Not Suspect of Drug Use",Yes,No Apparent Injury,Not Distracted,MD,Pickup,35,2015.0,Gmc,SIERRA,11,Friday,11
MCP3078000G,170535393,Montgomery County Police,Property Damage Crash,2017-10-07 23:11:00,Maryland (State),GEORGIA AVE,UNIVERSITY BLVD W,SAME DIRECTION SIDESWIPE,CLEAR,DRY,DARK LIGHTS ON,TRAFFIC SIGNAL,Unknown,No,No Apparent Injury,NOT DISTRACTED,MD,Passenger Car,45,2010.0,Chrysler,SEABRING,23,Saturday,10
MCP320000GC,250030039,MONTGOMERY,Injury Crash,2025-07-06 12:10:00,Maryland (State) Route,Unknown,Unknown,Other,Clear,Dry,Daylight,No Controls,"Not Suspect of Alcohol Use, Not Suspect of Drug Use",No,Possible Injury,Not Distracted,MD,Sport Utility Vehicle,30,2023.0,Hyundai,VENUE,12,Sunday,7
MCP302600F1,250034515,MONTGOMERY,Property Damage Crash,2025-08-03 11:00:00,County Route,FALLS RD,Unknown,"Sideswipe, Same Direction",Clear,Dry,Daylight,Traffic Control Signal,"Not Suspect of Alcohol Use, Not Suspect of Drug Use",Yes,No Apparent Injury,Not Distracted,MD,Passenger Car,30,2012.0,Lexus,CT,11,Sunday,8
MCP2610000K,16025475,Montgomery County Police,Property Damage Crash,2016-05-22 17:38:00,Maryland (State),QUINCE ORCHARD RD,BANK ST,SAME DIR REAR END,RAINING,WET,DAYLIGHT,Unknown,NONE DETECTED,No,No Apparent Injury,NOT DISTRACTED,MD,Passenger Car,35,2013.0,Toyt,HY,17,Sunday,5
MCP9428003Y,210048762,Montgomery County Police,Injury Crash,2021-12-01 14:54:00,Maryland (State),OLD HUNDRED RD,RAMP 2 FR MD 109 WB TO IS 270 NB,HEAD ON LEFT TURN,Unknown,DRY,DAYLIGHT,NO CONTROLS,NONE DETECTED,Yes,Suspected Minor Injury,LOOKED BUT DID NOT SEE,MD,Passenger Car,40,2010.0,Niss,MURANO,14,Wednesday,12
MCP31480009,180042659,Montgomery County Police,Injury Crash,2018-08-27 13:28:00,Maryland (State),WISCONSIN AVE,BRADLEY LA,SAME DIR REAR END,CLEAR,DRY,DAYLIGHT,NO CONTROLS,Unknown,Yes,No Apparent Injury,NOT DISTRACTED,MD,"Cargo Van/Light Truck 2 Axles (Over 10,000Lbs (4,536 Kg))",35,2010.0,Gmc,TG33,13,Monday,8
MCP32620012,210029861,Montgomery County Police,Property Damage Crash,2021-08-01 18:42:00,County,LOCKWOOD DR,NEW HAMPSHIRE AVE,SAME DIRECTION SIDESWIPE,CLOUDY,DRY,DAYLIGHT,TRAFFIC SIGNAL,NONE DETECTED,No,No Apparent Injury,NOT DISTRACTED,MD,Transit Bus,35,2020.0,Prevost,BU,18,Sunday,8
MCP2420004B,220031702,Montgomery County Police,Injury Crash,2022-07-23 10:30:00,Maryland (State),ASHTON RD,MINK HOLLOW RD,HEAD ON,CLEAR,DRY,DAYLIGHT,NO CONTROLS,NONE DETECTED,No,No Apparent Injury,NOT DISTRACTED,MD,Passenger Car,45,2011.0,Honda,CRV,10,Saturday,7
MCP003600H1,230012595,Montgomery County Police,Property Damage Crash,2023-03-15 11:23:00,Unknown,Unknown,Unknown,OPPOSITE DIRECTION SIDESWIPE,CLEAR,Unknown,DAYLIGHT,Unknown,NONE DETECTED,Yes,No Apparent Injury,NOT DISTRACTED,MD,Van,10,2014.0,Chevy,EXPRESS,11,Wednesday,3
DD5615006Z,190013959,Rockville Police Departme,Property Damage Crash,2019-03-26 14:38:00,Maryland (State),VEIRS MILL RD,FIRST ST,SAME DIR REAR END,CLEAR,DRY,DAYLIGHT,TRAFFIC SIGNAL,NONE DETECTED,No,No Apparent Injury,NOT DISTRACTED,MD,Passenger Car,35,2015.0,Dodge,CHARGER,14,Tuesday,3
MCP2866000V,15007177,Montgomery County Police,Property Damage Crash,2015-02-12 16:00:00,Maryland (State),CONNECTICUT AVE,BRADLEY LA,SAME DIRECTION SIDESWIPE,CLEAR,DRY,DAYLIGHT,NO CONTROLS,NONE DETECTED,Unknown,No Apparent Injury,NOT DISTRACTED,DC,Other Bus,30,2002.0,Orion,BUS,16,Thursday,2
MCP2766006S,220007347,Montgomery County Police,Property Damage Crash,2022-02-19 17:05:00,Unknown,Unknown,Unknown,STRAIGHT MOVEMENT ANGLE,CLEAR,Unknown,DAYLIGHT,NO CONTROLS,UNKNOWN,Yes,No Apparent Injury,LOOKED BUT DID NOT SEE,MD,Passenger Car,15,2008.0,Mazda,CX-9,17,Saturday,2
DD5508003Z,170535447,Rockville Police Departme,Injury Crash,2017-10-08 10:39:00,Maryland (State),E JEFFERSON ST,MONROE ST,SAME DIR REAR END,RAINING,WET,DAYLIGHT,TRAFFIC SIGNAL,NONE DETECTED,No,No Apparent Injury,NOT DISTRACTED,MD,Passenger Car,30,2002.0,Lexu,4S,10,Sunday,10
MCP2717001R,15034926,MONTGOMERY,Property Damage Crash,2015-07-15 21:47:00,Maryland (State),ROCKVILLE PIKE,GROSVENOR LA,OTHER,CLEAR,DRY,DARK LIGHTS ON,TRAFFIC SIGNAL,NONE DETECTED,No,No Apparent Injury,NOT DISTRACTED,MD,Passenger Car,40,2011.0,Mazda,MAZDA3,21,Wednesday,7
MCP2850001V,210034668,Montgomery County Police,Property Damage Crash,2021-09-04 00:33:00,County,DOCENA DR,LAKE SHORE DR,OTHER,CLEAR,DRY,DARK LIGHTS ON,NO CONTROLS,ALCOHOL PRESENT,Yes,No Apparent Injury,OTHER DISTRACTION,MD,Passenger Car,10,2013.0,Audi,Q5,0,Saturday,9
MCP2278003S,210053163,Montgomery County Police,Property Damage Crash,2021-12-30 09:33:00,Other Public Roadway,MONTROSE PKWY,MONTROSE RD,SINGLE VEHICLE,CLOUDY,WET,DAYLIGHT,NO CONTROLS,NONE DETECTED,Yes,No Apparent Injury,UNKNOWN,DC,Passenger Car,30,2011.0,Honda,CIVIC,9,Thursday,12
MCP3372003T,250033206,MONTGOMERY,Property Damage Crash,2025-07-25 16:31:00,Maryland (State) Route,CONNECTICUT AVE,Unknown,Front to Rear,Clear,Dry,Daylight,No Controls,"Not Suspect of Alcohol Use, Not Suspect of Drug Use",Yes,No Apparent Injury,Unknown,MD,Passenger Car,35,2013.0,Ford,TAURUS,16,Friday,7
MCP3165001W,190062154,Montgomery County Police,Property Damage Crash,2019-12-26 13:35:00,US (State),COLUMBIA PIKE,TECH RD,SAME DIR REAR END,CLEAR,DRY,DAYLIGHT,Unknown,NONE DETECTED,No,No Apparent Injury,NOT DISTRACTED,MD,Passenger Car,45,2013.0,Hond,4S,13,Thursday,12
MCP33250025,230053487,Montgomery County Police,Property Damage Crash,2023-09-06 16:51:00,US (State),COLUMBIA PIKE,STEWART LA,ANGLE MEETS LEFT TURN,CLEAR,DRY,DAYLIGHT,TRAFFIC SIGNAL,NONE DETECTED,Unknown,No Apparent Injury,NOT DISTRACTED,MD,Passenger Car,50,2018.0,Honda,ODYSSEY,16,Wednesday,9
MCP06850034,170517366,Montgomery County Police,Injury Crash,2017-07-05 08:02:00,Maryland (State),FREDERICK RD,INDIANOLA DR,OTHER,CLOUDY,DRY,DAYLIGHT,TRAFFIC SIGNAL,NONE DETECTED,No,No Apparent Injury,NOT DISTRACTED,VA,"Other Light Trucks (10,000Lbs (4,536Kg) Or Less)",40,2015.0,Freightlinr,CARGO,8,Wednesday,7
DD5624002L,190020668,Rockville Police Departme,Property Damage Crash,2019-05-02 17:10:00,Maryland (State),ROCKVILLE PIKE,VEIRS MILL RD,SAME DIRECTION SIDESWIPE,CLEAR,WET,DAYLIGHT,YIELD SIGN,NONE DETECTED,Yes,No Apparent Injury,NOT DISTRACTED,MD,Passenger Car,30,2010.0,Honda,4S,17,Thursday,5
MCP28660042,170528649,Montgomery County Police,Property Damage Crash,2017-09-04 16:33:00,Maryland (State),EAST WEST HWY,CONNECTICUT AVE,SAME DIRECTION SIDESWIPE,CLEAR,DRY,DAYLIGHT,NO CONTROLS,NONE DETECTED,Yes,No Apparent Injury,UNKNOWN,MD,Passenger Car,30,2006.0,Nissan,ALTIMA,16,Monday,9
MCP3300003L,250055373,MONTGOMERY,Property Damage Crash,2025-12-11 02:23:00,Unknown,Unknown,Unknown,Single Vehicle,Clear,Unknown,Dark - Lighted,Unknown,"Suspect of Alcohol Use, Not Suspect of Drug Use",Yes,No Apparent Injury,Unknown,MD,Passenger Car,0,2019.0,Hyundai,ELANTRA,2,Thursday,12
MCP2927000K,15045088,MONTGOMERY,Property Damage Crash,2015-09-07 11:39:00,Maryland (State),GEORGIA AVE,LOCUST GROVE RD,SAME DIR REAR END,CLEAR,DRY,DAYLIGHT,TRAFFIC SIGNAL,NONE DETECTED,Yes,No Apparent Injury,LOOKED BUT DID NOT SEE,MD,Passenger Car,35,2005.0,Nissan,PATHFINDER,11,Monday,9
MCP2182000W,170525738,Montgomery County Police,Property Damage Crash,2017-08-19 15:30:00,Maryland (State),OLNEY SANDY SPRING RD,SLADE SCHOOL RD,SAME DIR REAR END,CLEAR,DRY,DAYLIGHT,NO CONTROLS,NONE DETECTED,No,No Apparent Injury,NOT DISTRACTED,MD,Passenger Car,35,2007.0,Toyota,COROLLA,15,Saturday,8
MCP30030029,180038113,Montgomery County Police,Property Damage Crash,2018-08-01 12:39:00,County,DEL RAY AVE,RUGBY AVE,SAME DIR REAR END,Unknown,DRY,DAYLIGHT,NO CONTROLS,NONE DETECTED,No,No Apparent Injury,NOT DISTRACTED,MD,Police Vehicle/Non Emergency,25,2017.0,Ford,TAURUS,12,Wednesday,8
MCP3268003C,230067752,Montgomery County Police,Injury Crash,2023-11-22 06:53:00,US (State),COLUMBIA PIKE,STEWART LA,SAME DIRECTION LEFT TURN,CLEAR,WET,DAWN,TRAFFIC SIGNAL,Unknown,No,Suspected Minor Injury,NOT DISTRACTED,MD,Motorcycle,50,2016.0,Harley-Davids,XI1200V72,6,Wednesday,11
MCP3094006M,250042986,MONTGOMERY,Property Damage Crash,2025-09-24 15:03:00,County Route,MILL CREEK DR,Unknown,"Sideswipe, Opposite Direction",Cloudy,Wet,Daylight,No Controls,"Not Suspect of Alcohol Use, Not Suspect of Drug Use",No,No Apparent Injury,Not Distracted,MD,Other,25,1990.0,Grumman,UNKNOWN,15,Wednesday,9
MCP93180041,250022883,MONTGOMERY,Property Damage Crash,2025-05-23 15:14:00,County Route,NORTHAMPTON DR,Unknown,"Sideswipe, Same Direction",Clear,Dry,Daylight,Traffic Control Signal,"Not Suspect of Alcohol Use, Not Suspect of Drug Use",No,No Apparent Injury,Not Distracted,MD,Bus - Transit,25,2016.0,Gillig,LOW FLOOR BUS,15,Friday,5
MCP2088001Q,200011950,Montgomery County Police,Property Damage Crash,2020-03-11 09:06:00,Maryland (State),WOODFIELD RD,SWEEPSTAKES RD,SAME DIR REAR END,Unknown,DRY,DAYLIGHT,NO CONTROLS,NONE DETECTED,Yes,No Apparent Injury,UNKNOWN,MD,(Sport) Utility Vehicle,40,2007.0,Hond,VN,9,Wednesday,3
MCP11510092,190008161,Montgomery County Police,Property Damage Crash,2019-02-20 08:20:00,County,CRYSTAL ROCK DR,CLOVERLEAF CENTER DR,SINGLE VEHICLE,SNOW,SNOW,DAYLIGHT,NO CONTROLS,NONE DETECTED,Yes,No Apparent Injury,NOT DISTRACTED,PA,Police Vehicle/Non Emergency,40,2018.0,Niss,ARMADA,8,Wednesday,2
MCP2969007C,190052558,Montgomery County Police,Injury Crash,2019-11-01 06:55:00,Maryland (State),VEIRS MILL RD,COLLEGE VIEW DR,SAME DIR REAR END,CLEAR,DRY,DUSK,NO CONTROLS,NONE DETECTED,Yes,No Apparent Injury,NOT DISTRACTED,MD,Passenger Car,35,2016.0,Toyota,COROLLA,6,Friday,11
MCP2730004W,250008292,MONTGOMERY,Property Damage Crash,2025-02-25 10:40:00,Maryland (State) Route,GERMANTOWN RD (SB/L),Unknown,Angle,Clear,Dry,Daylight,Traffic Control Signal,"Unknown, Unknown",Yes,No Apparent Injury,Not Distracted,MD,Passenger Car,35,2015.0,Mitsubishi,MIRAGE,10,Tuesday,2
DD5623001R,180036292,Rockville Police Departme,Property Damage Crash,2018-07-22 15:18:00,Municipality,CHURCH ST,ROCKVILLE PIKE,SAME DIRECTION RIGHT TURN,CLEAR,WET,DAYLIGHT,STOP SIGN,NONE DETECTED,Yes,No Apparent Injury,NOT DISTRACTED,MD,(Sport) Utility Vehicle,25,2013.0,Bmw,SW,15,Sunday,7
MCP32000032,210024373,Montgomery County Police,Injury Crash,2021-06-25 14:03:00,Municipality,DUPONT AVE,CONNECTICUT AVE,SINGLE VEHICLE,CLEAR,DRY,DAYLIGHT,NO CONTROLS,NONE DETECTED,Yes,Possible Injury,UNKNOWN,MD,Passenger Car,0,2011.0,Ford,FUSION,14,Friday,6
MCP22980154,240006066,MONTGOMERY,Injury Crash,2024-02-07 06:50:00,County Route,ARLINGTON RD,BRADLEY BLVD,Single Vehicle,Clear,Dry,Daylight,Traffic Control Signal,"Not Suspect of Alcohol Use, Not Suspect of Drug Use",No,No Apparent Injury,Unknown,MD,Sport Utility Vehicle,30,2023.0,Volvo,XC40,6,Wednesday,2
MCP31630073,240025509,MONTGOMERY,Property Damage Crash,2024-05-29 16:30:00,Maryland (State) Route,Unknown,CONNECTICUT AVE,"Sideswipe, Same Direction",Clear,Dry,Daylight,Traffic Control Signal,"Not Suspect of Alcohol Use, Not Suspect of Drug Use",No,No Apparent Injury,Not Distracted,DC,Sport Utility Vehicle,35,2020.0,Subaru,ASCENT,16,Wednesday,5
MCP2977005K,190012236,Montgomery County Police,Injury Crash,2019-03-16 19:40:00,County,SONATA WAY,OAK LEAF DR,OTHER,CLEAR,DRY,DARK LIGHTS ON,Unknown,Unknown,Yes,Possible Injury,LOOKED BUT DID NOT SEE,MD,Passenger Car,25,2017.0,Hyun,SONATA,19,Saturday,3
MCP20940073,16049630,Montgomery County Police,Injury Crash,2016-09-27 06:52:00,Maryland (State),ROCKVILLE PIKE,WILSON DR,SAME DIRECTION LEFT TURN,CLOUDY,DRY,DARK LIGHTS ON,TRAFFIC SIGNAL,NONE DETECTED,No,Suspected Serious Injury,NOT DISTRACTED,MD,Passenger Car,35,2003.0,Toyota,COROLLA,6,Tuesday,9
MCP9432004K,250027145,MONTGOMERY,Injury Crash,2025-06-18 10:05:00,Maryland (State) Route,CONNECTICUT AVE (SB/L),DENFELD AVE,Front to Rear,Cloudy,Dry,Daylight,Traffic Control Signal,"Not Suspect of Alcohol Use, Not Suspect of Drug Use",Yes,No Apparent Injury,Not Distracted,MD,Pickup,35,2003.0,Toyota,TACOMA,10,Wednesday,6
MCP2740003Q,170533826,Montgomery County Police,Property Damage Crash,2017-09-29 12:58:00,Maryland (State),GEORGIA AVE,CAPITAL BELTWAY,SAME DIRECTION SIDESWIPE,CLEAR,DRY,DAYLIGHT,NO CONTROLS,NONE DETECTED,No,No Apparent Injury,NOT DISTRACTED,MD,Passenger Car,35,1999.0,Toyota,COROLLA,12,Friday,9
MCP1378019D,240046838,MONTGOMERY,Property Damage Crash,2024-10-01 12:45:00,County Route,E RANDOLPH RD,Unknown,Angle,Rain,Wet,Daylight,No Controls,"Not Suspect of Alcohol Use, Not Suspect of Drug Use",No,No Apparent Injury,Not Distracted,MD,Sport Utility Vehicle,35,2021.0,Toyota,RAV4,12,Tuesday,10
MCP2831001F,16044291,Montgomery County Police,Property Damage Crash,2016-08-30 20:09:00,County,MIDDLEBROOK RD,FATHER HURLEY BLVD,SAME DIR REAR END,CLEAR,DRY,DARK LIGHTS ON,TRAFFIC SIGNAL,Unknown,No,No Apparent Injury,NOT DISTRACTED,MD,Passenger Car,35,2004.0,Niss,4S,20,Tuesday,8
MCP3400001Y,240061780,MONTGOMERY,Property Damage Crash,2024-12-27 16:45:00,County Route,BRIGGS CHANEY RD,AUTOMOBILE BLVD,"Sideswipe, Same Direction",Clear,Dry,Daylight,Traffic Control Signal,"Not Suspect of Alcohol Use, Not Suspect of Drug Use",No,No Apparent Injury,Not Distracted,MD,Passenger Car,35,2024.0,Toyota,SEQUOIA,16,Friday,12
MCP2013000D,15062560,MONTGOMERY,Property Damage Crash,2015-12-07 19:48:00,County,STEDWICK RD,CAPEHART DR,SAME DIRECTION SIDESWIPE,CLEAR,DRY,DARK LIGHTS ON,NO CONTROLS,NONE DETECTED,Yes,No Apparent Injury,BY MOVING OBJECT IN VEHICLE,MD,Passenger Car,25,2010.0,Volk,JETTA,19,Monday,12
MCP2428001N,200037329,Montgomery County Police,Property Damage Crash,2020-09-23 01:30:00,Unknown,Unknown,Unknown,SINGLE VEHICLE,CLEAR,Unknown,DARK -- UNKNOWN LIGHTING,NO CONTROLS,NONE DETECTED,Yes,No Apparent Injury,UNKNOWN,MD,Passenger Car,0,2013.0,Honda,ACCORD,1,Wednesday,9
MCP2914005J,170538173,Montgomery County Police,Injury Crash,2017-10-22 16:04:00,Maryland (State),NEW HAMPSHIRE AVE,DILSTON RD,SAME DIR REAR END,CLEAR,Unknown,DAYLIGHT,TRAFFIC SIGNAL,Unknown,Yes,Possible Injury,BY MOVING OBJECT IN VEHICLE,MD,Passenger Car,40,2017.0,Nissan,PATHFINDER,16,Sunday,10
MCP243600G8,230004492,Montgomery County Police,Property Damage Crash,2023-01-27 16:35:00,Maryland (State),EAST WEST HWY,ELLINGSON DR,SAME DIRECTION SIDESWIPE,CLEAR,DRY,DAYLIGHT,NO CONTROLS,NONE DETECTED,Yes,No Apparent Injury,UNKNOWN,MD,Transit Bus,35,2016.0,Gillig,BUS,16,Friday,1
MCP3050006T,250032542,MONTGOMERY,Property Damage Crash,2025-07-21 17:14:00,Maryland (State) Route,GEORGIA AVE (SB/L),HEATHFIELD RD,Single Vehicle,Clear,Dry,Daylight,Traffic Control Signal,"Not Suspect of Alcohol Use, Not Suspect of Drug Use",Yes,No Apparent Injury,Unknown,MD,Sport Utility Vehicle,35,2020.0,Chevrolet,TRAX,17,Monday,7
MCP287100CM,250028582,MONTGOMERY,Property Damage Crash,2025-06-26 16:15:00,Maryland (State) Route,OLD GEORGETOWN RD,Unknown,"Sideswipe, Same Direction",Clear,Dry,Daylight,No Controls,"Unknown, Unknown",No,Unknown,Unknown,Unknown,Passenger Car,35,2025.0,Kia,CARNIVAL,16,Thursday,6
MCP2723007H,230050727,Montgomery County Police,Property Damage Crash,2023-08-22 15:00:00,County,ASPEN HILL RD,CONNECTICUT AVE,ANGLE MEETS RIGHT TURN,CLEAR,DRY,DAYLIGHT,NO CONTROLS,UNKNOWN,No,No Apparent Injury,UNKNOWN,XX,Passenger Car,30,2005.0,Toyota,COROLLA,15,Tuesday,8