Report Number,Local Case Number,Agency Name,ACRS Report Type,Crash Date/Time,Route Type,Road Name,Cross-Street Name,Collision Type,Weather,Surface Condition,Light,Traffic Control,Driver Substance Abuse,Driver At Fault,Injury Severity,Driver Distracted By,Drivers License State,Vehicle Body Type,Speed Limit,Vehicle Year,Vehicle Make,Vehicle Model,Crash Hour,Crash Day,Crash Month
DD55950013,15013288,Rockville Police Departme,Property Damage Crash,2015-03-23 07:35:00,County,SCOTT DR,SCOTT DR (BACK),SAME DIR REAR END,CLEAR,DRY,DAYLIGHT,STOP SIGN,NONE DETECTED,No,No Apparent Injury,NOT DISTRACTED,MD,Passenger Car,25,2010.0,Mercedez,E550,7,Monday,3
MCP12910026,190038686,Montgomery County Police,Property Damage Crash,2019-08-13 17:30:00,County,MIDCOUNTY HWY,WOODFIELD RD,SAME DIR REAR END,CLEAR,DRY,DAYLIGHT,Unknown,Unknown,Yes,No Apparent Injury,NOT DISTRACTED,MD,Passenger Car,45,2006.0,Toyt,4S,17,Tuesday,8
HA2476000H,23002228,Maryland-National Capital,Injury Crash,2023-11-16 17:33:00,County,E GUDE DR,SOUTHLAWN LA,SAME DIR REAR END,CLEAR,DRY,DARK LIGHTS ON,Unknown,Unknown,No,Suspected Minor Injury,NOT DISTRACTED,MD,Passenger Car,0,2011.0,Mercedes,C300,17,Thursday,11
MCP1512003K,210046558,Montgomery County Police,Property Damage Crash,2021-11-16 19:10:00,Maryland (State),W DIAMOND AVE,RAMP 1 FR IS 270 NB TO MD 117 WB,SAME DIR REAR END,CLEAR,DRY,DARK LIGHTS ON,TRAFFIC SIGNAL,NONE DETECTED,No,No Apparent Injury,NOT DISTRACTED,MD,Passenger Car,35,2012.0,Ford,TK,19,Tuesday,11
MCP3277002S,230025554,Montgomery County Police,Injury Crash,2023-05-28 01:16:00,Maryland (State),MONTGOMERY VILLAGE AVE,LOST KNIFE RD,STRAIGHT MOVEMENT ANGLE,CLEAR,DRY,DARK LIGHTS ON,FLASHING TRAFFIC SIGNAL,NONE DETECTED,No,Suspected Minor Injury,NOT DISTRACTED,MD,Passenger Car,35,2023.0,Toyota,HIGHLANDER,1,Sunday,5
MCP22140013,230021373,Montgomery County Police,Injury Crash,2023-05-04 15:55:00,Maryland (State),FREDERICK RD,APPLEDOWRE WAY,STRAIGHT MOVEMENT ANGLE,CLEAR,DRY,DAYLIGHT,Unknown,NONE DETECTED,No,No Apparent Injury,NOT DISTRACTED,MD,(Sport) Utility Vehicle,45,2016.0,Ford,ESCAPE,15,Thursday,5
MCP30780023,180043245,Montgomery County Police,Property Damage Crash,2018-08-30 12:17:00,Unknown,Unknown,Unknown,OTHER,Unknown,Unknown,DAYLIGHT,NO CONTROLS,NONE DETECTED,No,No Apparent Injury,NOT DISTRACTED,MD,Passenger Car,10,2016.0,Ford,TK,12,Thursday,8
MCP3247001H,210024265,Montgomery County Police,Injury Crash,2021-06-24 19:13:00,Maryland (State),GEORGIA AVE,FENWICK LA,STRAIGHT MOVEMENT ANGLE,CLEAR,DRY,DAYLIGHT,NO CONTROLS,NONE DETECTED,Yes,Possible Injury,LOOKED BUT DID NOT SEE,MD,Passenger Car,30,2018.0,Hond,4S,19,Thursday,6
MCP2940005N,220011646,Montgomery County Police,Injury Crash,2022-03-18 08:15:00,Maryland (State),ROCKVILLE PIKE,CEDAR LA,OTHER,CLEAR,WET,DAYLIGHT,TRAFFIC SIGNAL,NONE DETECTED,No,No Apparent Injury,NOT DISTRACTED,MD,Passenger Car,35,2011.0,Hond,4S,8,Friday,3
MCP28550057,240016753,MONTGOMERY,Property Damage Crash,2024-04-10 06:55:00,Maryland (State) Route,NEW HAMPSHIRE AVE (SB/L),Unknown,"Sideswipe, Same Direction",Clear,Dry,Daylight,Traffic Control Signal,"Unknown, Unknown",No,No Apparent Injury,Unknown,Unknown,Sport Utility Vehicle,35,2021.0,Toyota,HIGHLANDER,6,Wednesday,4
MCP2708004C,190009430,Montgomery County Police,Property Damage Crash,2019-02-27 21:30:00,Maryland (State),NEW HAMPSHIRE AVE,RAMP 6 FR IS 495 EB TO MD 650 SB,SAME DIR REAR END,CLEAR,DRY,DARK LIGHTS ON,TRAFFIC SIGNAL,NONE DETECTED,No,No Apparent Injury,NOT DISTRACTED,MD,(Sport) Utility Vehicle,35,2018.0,Honda,PASSPORT,21,Wednesday,2
MCP9365000T,170525100,Montgomery County Police,Injury Crash,2017-08-16 06:22:00,Maryland (State),NEW HAMPSHIRE AVE,TANLEY RD,SAME DIRECTION SIDESWIPE,FOGGY,DRY,DAWN,Unknown,NONE DETECTED,Yes,No Apparent Injury,NOT DISTRACTED,MD,(Sport) Utility Vehicle,40,2006.0,Nissan,XTERRA,6,Wednesday,8
MCP20400011,180063291,Montgomery County Police,Injury Crash,2018-12-19 06:12:00,Maryland (State),DARNESTOWN RD,MARTINSBURG RD,SINGLE VEHICLE,Unknown,ICE,DARK NO LIGHTS,NO CONTROLS,NONE DETECTED,Yes,Suspected Minor Injury,LOOKED BUT DID NOT SEE,MD,Van,40,2004.0,Chevy,ECONOLINE,6,Wednesday,12
EJ7856008G,200025380,Gaithersburg Police Depar,Property Damage Crash,2020-06-30 04:59:00,Maryland (State),W DIAMOND AVE,MUDDY BRANCH RD,HEAD ON LEFT TURN,CLEAR,DRY,DARK LIGHTS ON,FLASHING TRAFFIC SIGNAL,Unknown,Yes,No Apparent Injury,UNKNOWN,MD,Passenger Car,45,2007.0,Honda,ACCORD,4,Tuesday,6
DM85010019,230003606,Takoma Park Police Depart,Property Damage Crash,2023-01-22 19:13:00,Maryland (State),UNIVERSITY BLVD E,ALLEY,SAME DIR REAR END,RAINING,WET,DARK LIGHTS ON,TRAFFIC SIGNAL,NONE DETECTED,No,No Apparent Injury,NOT DISTRACTED,MD,Passenger Car,25,2012.0,Ford,EXP,19,Sunday,1
MCP3408002F,250054879,MONTGOMERY,Property Damage Crash,2025-12-08 14:14:00,US (State),COLESVILLE RD,TIMBERWOOD AVE,Front to Rear,Clear,Dry,Daylight,No Controls,"Not Suspect of Alcohol Use, Not Suspect of Drug Use",No,No Apparent Injury,Not Distracted,MD,Passenger Car,35,2010.0,Honda,FIT,14,Monday,12
MCP229800WD,210009191,Montgomery County Police,Property Damage Crash,2021-03-11 16:30:00,Maryland (State),RIDGE RD,TRALEE TERR,SAME DIR REAR END,CLEAR,DRY,DAYLIGHT,NO CONTROLS,NONE DETECTED,No,No Apparent Injury,NOT DISTRACTED,MD,Pickup Truck,40,2017.0,Ford,F150,16,Thursday,3
MCP3268000N,200046073,Montgomery County Police,Property Damage Crash,2020-11-21 20:45:00,Maryland (State),GEORGIA AVE,SEMINARY PL,SAME DIRECTION RIGHT TURN,CLEAR,DRY,DARK LIGHTS ON,STOP SIGN,NONE DETECTED,No,No Apparent Injury,NOT DISTRACTED,MD,Passenger Car,35,2015.0,Toyota,RAV 4,20,Saturday,11
MCP22690028,230006973,Montgomery County Police,Property Damage Crash,2023-02-11 12:48:00,Maryland (State),GREAT SENECA HWY,HORN POINT DR,SAME DIR REAR END,CLEAR,DRY,DAYLIGHT,NO CONTROLS,NONE DETECTED,Yes,No Apparent Injury,NOT DISTRACTED,MD,Passenger Car,50,2016.0,Toyt,SD,12,Saturday,2
MCP29700025,16064532,Montgomery County Police,Property Damage Crash,2016-12-16 13:41:00,Unknown,Unknown,Unknown,SAME DIR REAR END,CLOUDY,Unknown,DAYLIGHT,NO CONTROLS,Unknown,Yes,No Apparent Injury,UNKNOWN,MD,Passenger Car,35,2008.0,Toyota,CAMRY,13,Friday,12
MCP29830040,190037351,Montgomery County Police,Injury Crash,2019-08-05 18:40:00,Maryland (State),GEORGIA AVE,FOREST GLEN RD,SAME DIR REAR END,CLEAR,DRY,DAYLIGHT,Unknown,NONE DETECTED,Yes,No Apparent Injury,INATTENTIVE OR LOST IN THOUGHT,VA,Autocycle,35,2016.0,Toyota,RAV4,18,Monday,8
MCP2827001Y,15066981,MONTGOMERY,Injury Crash,2015-12-30 18:03:00,County,EDNOR RD,NEW HAMPSHIRE AVE,HEAD ON LEFT TURN,RAINING,WET,DARK LIGHTS ON,TRAFFIC SIGNAL,NONE DETECTED,No,No Apparent Injury,NOT DISTRACTED,MD,Passenger Car,35,2011.0,Gmc,YUKON,18,Wednesday,12
MCP21070012,17001611,Montgomery County Police,Property Damage Crash,2017-01-10 12:08:00,County,MATENY RD,OWL RUN WAY,STRAIGHT MOVEMENT ANGLE,CLOUDY,DRY,DAYLIGHT,STOP SIGN,NONE DETECTED,Yes,No Apparent Injury,NOT DISTRACTED,MD,Passenger Car,30,2011.0,Lexs,4S,12,Tuesday,1
MCP2492000T,170529635,Montgomery County Police,Fatal Crash,2017-09-09 20:30:00,Maryland (State),ROCKVILLE PIKE,HALPINE RD,SAME DIR REAR END,CLEAR,DRY,DARK LIGHTS ON,TRAFFIC SIGNAL,NONE DETECTED,No,No Apparent Injury,NOT DISTRACTED,MD,Transit Bus,40,2014.0,Gillig,CNG,20,Saturday,9
DD5538003Q,180033347,Rockville Police Departme,Property Damage Crash,2018-07-06 13:19:00,Municipality,FLEET ST,RICHARD MONTGOMERY DR,ANGLE MEETS LEFT TURN,CLEAR,DRY,DAYLIGHT,NO CONTROLS,NONE DETECTED,No,No Apparent Injury,NOT DISTRACTED,MD,Passenger Car,25,2010.0,Toyt,4S,13,Friday,7
MCP1094000F,16038997,Montgomery County Police,Injury Crash,2016-08-02 04:40:00,Unknown,QUINCE ORCHARD RD,RAMP FROM S/B I-270,OTHER,CLEAR,Unknown,DAWN,FLASHING TRAFFIC SIGNAL,NONE DETECTED,Yes,No Apparent Injury,UNKNOWN,MD,(Sport) Utility Vehicle,40,2004.0,Gmc,ENVOY,4,Tuesday,8
MCP10020013,220027825,Montgomery County Police,Property Damage Crash,2022-06-28 15:25:00,Maryland (State),FREDERICK RD,MONTGOMERY VILLAGE AVE,STRAIGHT MOVEMENT ANGLE,CLEAR,DRY,DAYLIGHT,TRAFFIC SIGNAL,NONE DETECTED,No,No Apparent Injury,NOT DISTRACTED,MD,(Sport) Utility Vehicle,35,2017.0,Ford,EXPLORER,15,Tuesday,6
DD5621001W,180006511,Rockville Police Departme,Injury Crash,2018-02-07 11:28:00,Maryland (State),VEIRS MILL RD,EDMONSTON DR,SAME DIR REAR END,RAINING,WET,DAYLIGHT,TRAFFIC SIGNAL,NONE DETECTED,Yes,No Apparent Injury,INATTENTIVE OR LOST IN THOUGHT,MD,Passenger Car,40,2015.0,Toyota,TK,11,Wednesday,2
MCP2107006N,250031708,MONTGOMERY,Property Damage Crash,2025-07-14 16:00:00,Maryland (State) Route,RIDGE RD,Unknown,Front to Rear,Clear,Dry,Daylight,Traffic Control Signal,"Unknown, Unknown",Yes,No Apparent Injury,Not Distracted,MD,Passenger Car,30,2017.0,Chevrolet,EXPRESS,16,Monday,7
MCP2549004D,15012677,Montgomery County Police,Property Damage Crash,2015-03-19 11:50:00,County,NICHOLSON LA,ROCKVILLE PIKE,SAME DIR REAR END,CLEAR,DRY,DAYLIGHT,TRAFFIC SIGNAL,NONE DETECTED,No,No Apparent Injury,NOT DISTRACTED,MD,Passenger Car,30,2004.0,Toyota,MATRIX,11,Thursday,3
MCP31180043,230048174,Montgomery County Police,Injury Crash,2023-08-07 09:45:00,Maryland (State),NORBECK RD,WINTERGATE DR,SAME DIR REAR END,CLOUDY,DRY,DAYLIGHT,TRAFFIC SIGNAL,UNKNOWN,Yes,No Apparent Injury,UNKNOWN,MD,Passenger Car,25,2020.0,Toyota,HIGHLANDER,9,Monday,8
DM83760015,240021727,TAKOMA,Property Damage Crash,2024-05-08 16:30:00,Unknown,Unknown,Unknown,"Sideswipe, Same Direction",Clear,Unknown,Daylight,Unknown,"Not Suspect of Alcohol Use, Not Suspect of Drug Use",Yes,No Apparent Injury,Not Distracted,MD,Bus - School,0,2024.0,Thomas Built,SCHOOL BUS,16,Wednesday,5
MCP2830004B,190010794,Montgomery County Police,Property Damage Crash,2019-03-08 11:30:00,Maryland (State),GEORGIA AVE,QUEEN MARY DR,STRAIGHT MOVEMENT ANGLE,SNOW,OTHER,DAYLIGHT,STOP SIGN,NONE DETECTED,No,No Apparent Injury,NOT DISTRACTED,MD,(Sport) Utility Vehicle,30,2005.0,Ford,TK,11,Friday,3
MCP9406000P,16020777,Montgomery County Police,Injury Crash,2016-04-27 17:42:00,Maryland (State),NORBECK RD,BALTIMORE RD,HEAD ON LEFT TURN,CLOUDY,DRY,DAYLIGHT,TRAFFIC SIGNAL,NONE DETECTED,No,Suspected Minor Injury,NOT DISTRACTED,MD,Passenger Car,45,2008.0,Chry,300,17,Wednesday,4
MCP3050001X,170551062,Montgomery County Police,Property Damage Crash,2017-12-28 15:00:00,County,RANDOLPH RD,SELFRIDGE RD,SAME DIRECTION SIDESWIPE,CLEAR,DRY,DAYLIGHT,TRAFFIC SIGNAL,NONE DETECTED,No,No Apparent Injury,NOT DISTRACTED,DC,Transit Bus,35,2013.0,New,FLYER,15,Thursday,12
DD5582001S,190013430,Rockville Police Departme,Injury Crash,2019-04-19 22:52:00,Municipality,E GUDE DR,TAFT CT,HEAD ON,RAINING,WET,DARK LIGHTS ON,Unknown,NONE DETECTED,No,No Apparent Injury,NOT DISTRACTED,MD,Passenger Car,40,2002.0,Toyota,SOLARA,22,Friday,4
MCP2899000F,15003474,Montgomery County Police,Injury Crash,2015-01-22 00:09:00,US (State),COLESVILLE RD,GEORGIA AVE,OPPOSITE DIRECTION SIDESWIPE,CLOUDY,WET,DARK LIGHTS ON,TRAFFIC SIGNAL,ALCOHOL PRESENT,Yes,Possible Injury,LOOKED BUT DID NOT SEE,MD,(Sport) Utility Vehicle,35,2006.0,Hyundai,TUSCON,0,Thursday,1
MCP00360048,16029041,Montgomery County Police,Property Damage Crash,2016-06-09 17:25:00,Maryland (State),RIDGE RD,HENDERSON CORNER RD,SAME DIRECTION SIDESWIPE,CLEAR,DRY,DAYLIGHT,NO CONTROLS,NONE DETECTED,No,No Apparent Injury,NOT DISTRACTED,MD,School Bus,45,2012.0,Thomas,BUS,17,Thursday,6
MCP3358002B,240058997,MONTGOMERY,Injury Crash,2024-12-10 09:40:00,Maryland (State) Route,MONTGOMERY AVE,PEARL ST,Rear To Side,Cloudy,Wet,Daylight,Traffic Control Signal,"Not Suspect of Alcohol Use, Not Suspect of Drug Use",No,Possible Injury,Not Distracted,VA,Passenger Car,35,2015.0,Nissan,ALTIMA,9,Tuesday,12
MCP3169002T,20009698,Montgomery County Police,Property Damage Crash,2020-02-27 09:00:00,Maryland (State),PINEY BRANCH RD,RAY DR,SAME DIR REAR END,CLEAR,DRY,DAYLIGHT,Unknown,Unknown,No,No Apparent Injury,NOT DISTRACTED,DC,Passenger Car,30,2007.0,Ford,500,9,Thursday,2
MCP2830002Y,170506766,Montgomery County Police,Property Damage Crash,2017-05-09 08:29:00,County,BONIFANT RD,MORTON HALL RD,SAME DIR REAR END,Unknown,DRY,DAYLIGHT,NO CONTROLS,NONE DETECTED,Yes,No Apparent Injury,NOT DISTRACTED,MD,Passenger Car,35,2008.0,Honda,CIVIC,8,Tuesday,5
MCP29050061,230056936,Montgomery County Police,Property Damage Crash,2023-09-26 10:45:00,County,WILLARD AVE,FRIENDSHIP BLVD,SAME DIRECTION SIDESWIPE,RAINING,WET,DAYLIGHT,TRAFFIC SIGNAL,Unknown,No,No Apparent Injury,NOT DISTRACTED,MD,Transit Bus,25,2021.0,Nfly,BU,10,Tuesday,9
MCP2820001P,15052878,MONTGOMERY,Injury Crash,2015-10-18 14:01:00,County,CHADWICK LA,MERTON RD,OTHER,Unknown,DRY,DAYLIGHT,Unknown,NONE DETECTED,Yes,No Apparent Injury,UNKNOWN,MD,Passenger Car,30,2014.0,Acura,ILX,14,Sunday,10
MCP3263001G,210041379,Montgomery County Police,Property Damage Crash,2021-10-15 15:30:00,Maryland (State),RIVER RD,OGDEN RD,SAME DIR REND LEFT TURN,CLEAR,DRY,DAYLIGHT,NO CONTROLS,NONE DETECTED,Yes,No Apparent Injury,LOOKED BUT DID NOT SEE,MD,Police Vehicle/Emergency,35,2001.0,Jaguar,S TYPE,15,Friday,10
MCP20390013,15018654,Montgomery County Police,Property Damage Crash,2015-04-21 08:52:00,Maryland (State),GEORGIA AVE,HEATHFIELD RD,OTHER,CLEAR,DRY,DAYLIGHT,NO CONTROLS,Unknown,No,No Apparent Injury,NOT DISTRACTED,MD,Passenger Car,45,2015.0,Volkswagon,UNKNOWN,8,Tuesday,4
MCP3322000X,220025055,Montgomery County Police,Injury Crash,2022-06-11 07:43:00,Unknown,BEL PRE RD,DUNSINANE CT,STRAIGHT MOVEMENT ANGLE,RAINING,WET,DAYLIGHT,Unknown,Unknown,Yes,Possible Injury,NOT DISTRACTED,MD,Passenger Car,35,2009.0,Toyota,CAMRY,7,Saturday,6
MCP2939002Q,180032589,Montgomery County Police,Injury Crash,2018-07-02 14:18:00,Interstate (State),EISENHOWER MEMORIAL HWY,MIDDLEBROOK RD,SAME DIR REAR END,CLEAR,DRY,DAYLIGHT,NO CONTROLS,NONE DETECTED,No,No Apparent Injury,NOT DISTRACTED,VA,Passenger Car,55,2013.0,Chev,CRUZE,14,Monday,7
MCP1534000P,240055409,MONTGOMERY,Property Damage Crash,2024-11-19 07:08:00,County Route,MOUTH OF MONOCACY RD,DICKERSON RD,Front to Front,Clear,Dry,Daylight,No Controls,"Not Suspect of Alcohol Use, Not Suspect of Drug Use",No,No Apparent Injury,Not Distracted,MD,Pickup,35,2006.0,Gmc,SIERRA,7,Tuesday,11
MCP30570011,180013637,Montgomery County Police,Injury Crash,2018-03-19 10:07:00,County,CRYSTAL ROCK DR,CRYSTAL ROCK DR (AHEAD),STRAIGHT MOVEMENT ANGLE,CLEAR,DRY,DAYLIGHT,STOP SIGN,NONE DETECTED,No,Suspected Minor Injury,NOT DISTRACTED,MD,Passenger Car,25,2006.0,Honda,ACCORD,10,Monday,3
MCP3328003S,240035334,MONTGOMERY,Property Damage Crash,2024-07-19 07:54:00,Maryland (State) Route,GEORGIA AVE,Unknown,"Sideswipe, Same Direction",Unknown,Unknown,Daylight,No Controls,"Unknown, Unknown",Yes,No Apparent Injury,Not Distracted,MD,Passenger Car,30,2014.0,Nissan,MAXIMA,7,Friday,7
MCP2894002R,16041349,Montgomery County Police,Injury Crash,2016-08-15 12:43:00,Maryland (State),OLD GEORGETOWN RD,CHESHIRE DR,STRAIGHT MOVEMENT ANGLE,CLEAR,DRY,DAYLIGHT,TRAFFIC SIGNAL,NONE DETECTED,No,Suspected Minor Injury,NOT DISTRACTED,MD,Passenger Car,40,2015.0,Hyundai,SEDAN,12,Monday,8
MCP0113001B,170505192,Montgomery County Police,Property Damage Crash,2017-05-01 08:51:00,County,RANDOLPH RD,GAYNOR RD,SAME DIRECTION SIDESWIPE,CLOUDY,DRY,DAYLIGHT,NO CONTROLS,NONE DETECTED,No,No Apparent Injury,NOT DISTRACTED,MD,Passenger Car,40,2016.0,Ford,MUSTANG,8,Monday,5
MCP25520065,230030290,Montgomery County Police,Property Damage Crash,2023-06-24 18:45:00,Unknown,Unknown,Unknown,OTHER,CLEAR,Unknown,DAYLIGHT,Unknown,ALCOHOL PRESENT,Yes,No Apparent Injury,NOT DISTRACTED,MD,Passenger Car,5,2012.0,Chevrolet,EXPRESS CARGO VAN,18,Saturday,6
MCP2982002V,190033353,Montgomery County Police,Property Damage Crash,2019-07-13 18:15:00,Maryland (State),GEORGIA AVE,FOREST GLEN RD,OTHER,Unknown,DRY,DAYLIGHT,NO CONTROLS,NONE DETECTED,No,No Apparent Injury,NOT DISTRACTED,MD,Passenger Car,40,2009.0,Ford,E350,18,Saturday,7
EJ7906000G,240006813,GAITHERSBURG,Injury Crash,2024-02-11 10:56:00,County Route,MUDDY BRANCH RD (SB/L),MIDSUMMER DR (EB/L),Other,Cloudy,Wet,Daylight,No Controls,"Not Suspect of Alcohol Use, Not Suspect of Drug Use",No,No Apparent Injury,Unknown,MD,Passenger Car,45,2012.0,Toyota,PRIUS C,10,Sunday,2
MCP91340007,15026204,Montgomery County Police,Property Damage Crash,2015-05-30 22:34:00,US (State),GEORGIA AVE,KING ST,OTHER,CLEAR,DRY,DARK LIGHTS ON,TRAFFIC SIGNAL,UNKNOWN,Yes,No Apparent Injury,UNKNOWN,MD,Unknown,30,15.0,Unknown,UNKNOWN,22,Saturday,5
MCP3005005M,210012148,Montgomery County Police,Property Damage Crash,2021-04-01 10:18:00,County,AMHERST AVE,PRICHARD RD,SINGLE VEHICLE,CLOUDY,DRY,DAYLIGHT,NO CONTROLS,NONE DETECTED,Yes,No Apparent Injury,NOT DISTRACTED,MD,Passenger Car,25,2019.0,Toy,RAV4,10,Thursday,4
MCP1534001W,250047063,MONTGOMERY,Property Damage Crash,2025-10-20 06:50:00,Maryland (State) Route,Unknown,Unknown,Front to Rear,Clear,Wet,Dawn,No Controls,"Not Suspect of Alcohol Use, Not Suspect of Drug Use",No,No Apparent Injury,Not Distracted,MD,Pickup,35,2022.0,Gmc,SIERRA HD,6,Monday,10
MCP28550036,190025842,Montgomery County Police,Injury Crash,2019-05-30 18:00:00,County,FAIRLAND RD,OLD COLUMBIA PIKE,SAME DIRECTION RIGHT TURN,CLOUDY,DRY,DAYLIGHT,TRAFFIC SIGNAL,NONE DETECTED,Yes,No Apparent Injury,LOOKED BUT DID NOT SEE,XX,Passenger Car,35,2004.0,Toyt,TK,18,Thursday,5
MCP2347003Z,230012366,Montgomery County Police,Injury Crash,2023-03-14 06:38:00,US (State),COLUMBIA PIKE,NEW HAMPSHIRE AVE,SAME DIR REAR END,CLEAR,DRY,DAWN,NO CONTROLS,NONE DETECTED,No,Possible Injury,NOT DISTRACTED,MD,Passenger Car,40,2020.0,Lexus,RX450R,6,Tuesday,3
MCP30190019,170538167,Montgomery County Police,Property Damage Crash,2017-10-22 15:40:00,Maryland (State),BRADLEY BLVD,OFFUTT LA,SAME DIRECTION LEFT TURN,CLEAR,DRY,DAYLIGHT,NO CONTROLS,NONE DETECTED,No,No Apparent Injury,NOT DISTRACTED,MD,Passenger Car,30,2013.0,Toyt,4S,15,Sunday,10
MCP2855002B,180021734,Montgomery County Police,Property Damage Crash,2018-05-03 15:05:00,County,INDUSTRIAL PKWY,TECH RD,ANGLE MEETS LEFT TURN,CLEAR,DRY,DAYLIGHT,STOP SIGN,NONE DETECTED,Unknown,No Apparent Injury,UNKNOWN,MD,Passenger Car,25,2001.0,Hond,VN,15,Thursday,5
MCP3259000X,200047602,Montgomery County Police,Injury Crash,2020-12-03 07:24:00,Maryland (State),RIVER RD,PENNYFIELD LOCK RD,STRAIGHT MOVEMENT ANGLE,CLEAR,DRY,DAYLIGHT,STOP SIGN,NONE DETECTED,Yes,No Apparent Injury,OTHER DISTRACTION,MD,Passenger Car,50,2013.0,Bmw,CN,7,Thursday,12
MCP31060028,190053695,Montgomery County Police,Property Damage Crash,2019-11-07 15:30:00,Maryland (State),EAST WEST HWY,ROSEMARY HILLS RD,HEAD ON LEFT TURN,Unknown,DRY,DAYLIGHT,NO CONTROLS,Unknown,Yes,No Apparent Injury,UNKNOWN,PA,(Sport) Utility Vehicle,35,2006.0,Jeep,4X4,15,Thursday,11
MCP229800DM,170512355,Montgomery County Police,Property Damage Crash,2017-06-07 19:19:00,Unknown,Unknown,Unknown,OTHER,CLEAR,Unknown,DAYLIGHT,NO CONTROLS,NONE DETECTED,Yes,No Apparent Injury,LOOKED BUT DID NOT SEE,MD,(Sport) Utility Vehicle,25,2016.0,Chevy,TRAVERSE,19,Wednesday,6
MCP24550027,180023241,Montgomery County Police,Injury Crash,2018-05-11 18:31:00,Maryland (State),FREDERICK RD,WATKINS POND BLVD,SAME DIRECTION RIGHT TURN,CLEAR,DRY,DAYLIGHT,Unknown,Unknown,Yes,Possible Injury,UNKNOWN,MD,Passenger Car,40,2006.0,Buic,RENDEZVOUS,18,Friday,5
MCP2466004B,230028136,Montgomery County Police,Property Damage Crash,2023-06-11 14:12:00,Maryland (State),GEORGIA AVE,FOREST GLEN RD,SAME DIR REAR END,CLEAR,DRY,DAYLIGHT,TRAFFIC SIGNAL,UNKNOWN,Yes,No Apparent Injury,UNKNOWN,Unknown,(Sport) Utility Vehicle,30,2021.0,Jeep,GRAND CHEROKEE,14,Sunday,6
MCP3129009S,240035427,MONTGOMERY,Property Damage Crash,2024-07-27 15:00:00,Unknown,Unknown,Unknown,"Sideswipe, Same Direction",Unknown,Unknown,Daylight,Unknown,"Unknown, Unknown",No,Unknown,Unknown,Unknown,Passenger Car,0,2012.0,Hyundai,ELANTRA,15,Saturday,7
MCP285900HL,240058835,MONTGOMERY,Injury Crash,2024-12-09 13:00:00,County Route,SHADOW OAK DR,Unknown,"Sideswipe, Opposite Direction",Rain,Wet,Daylight,No Controls,"Not Suspect of Alcohol Use, Not Suspect of Drug Use",No,Possible Injury,Not Distracted,MD,Passenger Car,25,2007.0,Toyota,PRIUS,13,Monday,12
MCP25880082,200038820,Montgomery County Police,Injury Crash,2020-10-02 14:18:00,Unknown,Unknown,Unknown,OTHER,CLEAR,Unknown,DAYLIGHT,NO CONTROLS,NONE DETECTED,Yes,No Apparent Injury,NOT DISTRACTED,MD,Other,5,2017.0,Volvo,L70H,14,Friday,10
MCP0617004T,220054400,Montgomery County Police,Property Damage Crash,2022-12-09 08:15:00,Maryland (State),OLNEY SANDY SPRING RD,OLD VIC BLVD,SAME DIR REAR END,CLEAR,DRY,DAYLIGHT,NO CONTROLS,NONE DETECTED,No,No Apparent Injury,NOT DISTRACTED,MD,(Sport) Utility Vehicle,40,2018.0,Niss,TK,8,Friday,12
MCP26750016,16046524,Montgomery County Police,Property Damage Crash,2016-09-11 05:51:00,Maryland (State),VEIRS MILL RD,EXIT ONLY FR WHEATON METRO,SINGLE VEHICLE,CLEAR,DRY,DARK LIGHTS ON,NO CONTROLS,ALCOHOL PRESENT,Yes,No Apparent Injury,NOT DISTRACTED,MD,Passenger Car,35,2003.0,Chevrolet,TRAIL BLAZER,5,Sunday,9
MCP2592000F,15052699,MONTGOMERY,Injury Crash,2015-10-17 09:45:00,County,MONTGOMERY VILLAGE AVE,WALKERS CHOICE RD,SAME DIR REAR END,CLEAR,DRY,DAYLIGHT,TRAFFIC SIGNAL,NONE DETECTED,Yes,No Apparent Injury,UNKNOWN,MD,Passenger Car,35,1997.0,Infiniti,4DR,9,Saturday,10
MCP3395004K,250047925,MONTGOMERY,Property Damage Crash,2025-10-25 07:46:00,Maryland (State) Route,Unknown,Unknown,Angle,Clear,Dry,Dawn,No Controls,"Not Suspect of Alcohol Use, Not Suspect of Drug Use",Yes,No Apparent Injury,Unknown,MD,Passenger Car,35,2022.0,Tesla,MODEL S,7,Saturday,10
MCP3353001M,230056389,Montgomery County Police,Injury Crash,2023-09-22 20:28:00,Maryland (State),ROCKVILLE PIKE,ENT TO BUSINESS,STRAIGHT MOVEMENT ANGLE,CLEAR,DRY,DARK LIGHTS ON,TRAFFIC SIGNAL,NONE DETECTED,Yes,No Apparent Injury,LOOKED BUT DID NOT SEE,MD,Pickup Truck,35,2018.0,Dodge,RAM,20,Friday,9
MCP24010022,250023247,MONTGOMERY,Injury Crash,2025-05-26 01:22:00,Municipality Route,WOOTTON AVE,Unknown,Single Vehicle,Clear,Dry,Dark - Lighted,No Controls,"Not Suspect of Alcohol Use, Not Suspect of Drug Use",No,Possible Injury,Unknown,MD,Passenger Car,25,2021.0,Toyota,COROLLA,1,Monday,5