Report Number,Local Case Number,Agency Name,ACRS Report Type,Crash Date/Time,Route Type,Road Name,Cross-Street Name,Collision Type,Weather,Surface Condition,Light,Traffic Control,Driver Substance Abuse,Driver At Fault,Injury Severity,Driver Distracted By,Drivers License State,Vehicle Body Type,Speed Limit,Vehicle Year,Vehicle Make,Vehicle Model,Crash Hour,Crash Day,Crash Month
DD5605007S,200012160,Rockville Police Departme,Injury Crash,2020-03-12 10:00:00,Maryland (State),W JEFFERSON ST,GREAT FALLS RD,STRAIGHT MOVEMENT ANGLE,CLEAR,DRY,DAYLIGHT,TRAFFIC SIGNAL,NONE DETECTED,Yes,No Apparent Injury,LOOKED BUT DID NOT SEE,MD,Passenger Car,35,2017.0,Acur,TK,10,Thursday,3
MCP31910029,210009875,Montgomery County Police,Property Damage Crash,2021-03-16 16:00:00,County,YELLOWSTONE WAY,REDLAND RD,OPPOSITE DIRECTION SIDESWIPE,CLEAR,DRY,DAYLIGHT,STOP SIGN,NONE DETECTED,Yes,No Apparent Injury,NOT DISTRACTED,MD,Motorcycle,10,2019.0,Suzuki,VZR1800,16,Tuesday,3
MCP3136007P,250044902,MONTGOMERY,Property Damage Crash,2025-10-06 12:08:00,Maryland (State) Route,EAST WEST HWY,Unknown,Front to Rear,Clear,Dry,Daylight,Pedestrian Crossing,"Not Suspect of Alcohol Use, Not Suspect of Drug Use",No,No Apparent Injury,Not Distracted,MD,Passenger Car,30,2017.0,Subaru,CROSSTREK,12,Monday,10
MCP1064009Z,200010560,Montgomery County Police,Injury Crash,2020-03-03 12:21:00,US (State),COLESVILLE RD,SOUTHWOOD AVE,SAME DIR REAR END,RAINING,WET,DAYLIGHT,TRAFFIC SIGNAL,Unknown,Yes,Possible Injury,NOT DISTRACTED,MD,Passenger Car,40,2015.0,Toyt,COROLLA 4D,12,Tuesday,3
DD5502001K,15048605,ROCKVILLE,Property Damage Crash,2015-09-25 10:41:00,Maryland (State),HUNGERFORD DR,BEALL AVE #2,SAME DIR REAR END,CLOUDY,DRY,DAYLIGHT,TRAFFIC SIGNAL,NONE DETECTED,No,No Apparent Injury,NOT DISTRACTED,MD,(Sport) Utility Vehicle,35,2004.0,Chev,TK,10,Friday,9
MCP0036001Y,15007326,Montgomery County Police,Injury Crash,2015-02-13 15:42:00,Maryland (State),GERMANTOWN RD,OBSERVATION DR,SAME DIR REAR END,CLEAR,DRY,DAYLIGHT,TRAFFIC SIGNAL,NONE DETECTED,No,Possible Injury,NOT DISTRACTED,MD,Passenger Car,40,2007.0,Toyota,4S,15,Friday,2
DD5670000J,250004098,ROCKVILLE,Property Damage Crash,2025-01-28 20:12:00,Maryland (State) Route,VEIRS MILL RD,Unknown,Front to Front,Clear,Dry,Dark - Lighted,Other,"Not Suspect of Alcohol Use, Not Suspect of Drug Use",No,No Apparent Injury,Not Distracted,MD,Sport Utility Vehicle,30,2007.0,Bmw,Z4,20,Tuesday,1
MCP27890057,180056630,Montgomery County Police,Property Damage Crash,2018-11-11 17:15:00,Unknown,Unknown,Unknown,SINGLE VEHICLE,CLEAR,Unknown,DARK LIGHTS ON,NO CONTROLS,Unknown,Yes,No Apparent Injury,NOT DISTRACTED,MD,Fire Vehicle/Non Emergency,35,2007.0,Pier,FIRE TRUCK,17,Sunday,11
MCP28470011,15052680,MONTGOMERY,Property Damage Crash,2015-10-17 03:40:00,County,VALLEYWOOD DR,WELLER RD,OTHER,CLEAR,DRY,DARK NO LIGHTS,NO CONTROLS,ALCOHOL CONTRIBUTED,Yes,No Apparent Injury,NOT DISTRACTED,MD,Passenger Car,15,2003.0,Honda,ACCORD,3,Saturday,10
MCP2353008L,200044332,Montgomery County Police,Property Damage Crash,2020-11-10 08:22:00,Maryland (State),CONNECTICUT AVE,MANOR RD,STRAIGHT MOVEMENT ANGLE,CLEAR,DRY,DAYLIGHT,TRAFFIC SIGNAL,NONE DETECTED,No,No Apparent Injury,NOT DISTRACTED,DC,Passenger Car,35,2017.0,Chevrolet,CRUZE,8,Tuesday,11
EJ7866002Y,180005707,Gaithersburg Police Depar,Property Damage Crash,2018-02-02 13:00:00,County,MUDDY BRANCH RD,GREAT SENECA HWY,OTHER,CLEAR,DRY,DAYLIGHT,TRAFFIC SIGNAL,NONE DETECTED,No,No Apparent Injury,NOT DISTRACTED,MD,Passenger Car,45,2013.0,Volv,4S,13,Friday,2
MCP2159000T,220042533,Montgomery County Police,Property Damage Crash,2022-09-29 15:08:00,County,DAWSON FARM RD,GERMANTOWN RD,STRAIGHT MOVEMENT ANGLE,CLEAR,DRY,DAYLIGHT,TRAFFIC SIGNAL,Unknown,No,No Apparent Injury,NOT DISTRACTED,MD,Passenger Car,30,2017.0,Toyota,CAMRY,15,Thursday,9
MCP0113002T,190008698,Montgomery County Police,Injury Crash,2019-02-23 12:50:00,Interstate (State),CAPITAL BELTWAY,RAMP 2 FR IS 495 WB TO MD 97 NB,SAME DIR REAR END,RAINING,WET,DAYLIGHT,Unknown,NONE DETECTED,Yes,No Apparent Injury,OTHER ELECTRONIC DEVICE (NAVIGATIONAL PALM PILOT),MD,Passenger Car,55,2011.0,Hyundai,SONATA,12,Saturday,2
MCP30750024,190009902,Montgomery County Police,Injury Crash,2019-03-02 23:59:00,County,MIDDLEBROOK RD,OBSERVATION DR,SAME DIR REAR END,CLEAR,DRY,DARK LIGHTS ON,TRAFFIC SIGNAL,ALCOHOL PRESENT,Yes,No Apparent Injury,INATTENTIVE OR LOST IN THOUGHT,MD,Passenger Car,45,2001.0,Toyota,CELICA,23,Saturday,3
MCP28890032,180010787,Montgomery County Police,Injury Crash,2018-03-02 15:16:00,Maryland (State),UNIVERSITY BLVD W,VALLEY VIEW AVE,ANGLE MEETS LEFT TURN,SEVERE WINDS,DRY,DAYLIGHT,TRAFFIC SIGNAL,NONE DETECTED,No,No Apparent Injury,NOT DISTRACTED,MD,Passenger Car,35,2015.0,Kia,4S,15,Friday,3
MCP2983000Q,15061171,MONTGOMERY,Property Damage Crash,2015-11-30 17:21:00,Maryland (State),16TH ST,SPRING ST,ANGLE MEETS LEFT TURN,RAINING,WET,DARK LIGHTS ON,TRAFFIC SIGNAL,NONE DETECTED,Yes,No Apparent Injury,NOT DISTRACTED,MD,Van,35,1998.0,Dodg,CARAVAN,17,Monday,11
MCP2513002Z,230013482,Montgomery County Police,Injury Crash,2023-03-20 13:17:00,US (State),COLESVILLE RD,UNIVERSITY BLVD E,STRAIGHT MOVEMENT ANGLE,CLEAR,DRY,DAYLIGHT,TRAFFIC SIGNAL,NONE DETECTED,Unknown,Suspected Minor Injury,NOT DISTRACTED,MD,Passenger Car,45,2022.0,Volk,HB,13,Monday,3
DM8457000Z,170551448,Takoma Park Police Depart,Property Damage Crash,2017-12-31 12:30:00,Maryland (State),NEW HAMPSHIRE AVE,HOLTON LA,SAME DIR REAR END,CLEAR,DRY,DAYLIGHT,TRAFFIC SIGNAL,Unknown,No,No Apparent Injury,NOT DISTRACTED,MD,Pickup Truck,35,2004.0,Dodge,RAM,12,Sunday,12
MCP2719000Y,16016804,Montgomery County Police,Injury Crash,2016-04-06 16:06:00,County,GALT AVE,PARKER AVE,STRAIGHT MOVEMENT ANGLE,CLEAR,DRY,DAYLIGHT,STOP SIGN,NONE DETECTED,Yes,Suspected Minor Injury,OTHER DISTRACTION,MD,Passenger Car,25,2011.0,Bmw,4D,16,Wednesday,4
DD5595005T,180021946,Rockville Police Departme,Injury Crash,2018-05-04 16:30:00,Maryland (State),VEIRS MILL RD,ENT TO BUSINESS,SAME DIRECTION RIGHT TURN,CLOUDY,DRY,DAYLIGHT,TRAFFIC SIGNAL,NONE DETECTED,No,No Apparent Injury,NOT DISTRACTED,MD,Transit Bus,40,2013.0,Nwfl,XDE,16,Friday,5
MCP27830050,230047322,Montgomery County Police,Property Damage Crash,2023-08-01 15:07:00,County,FAIRLAND RD,TAMARACK RD,STRAIGHT MOVEMENT ANGLE,CLEAR,DRY,DAYLIGHT,TRAFFIC SIGNAL,NONE DETECTED,No,No Apparent Injury,NOT DISTRACTED,MD,Passenger Car,30,2007.0,Merc,4S,15,Tuesday,8
MCP2159002S,240053928,MONTGOMERY,Property Damage Crash,2024-11-10 05:42:00,Interstate (State),EISENHOWER MEMORIAL HWY (SB/L),Unknown,Single Vehicle,Cloudy,Dry,Dark - Not Lighted,No Controls,"Not Suspect of Alcohol Use, Not Suspect of Drug Use",No,No Apparent Injury,Not Distracted,MD,Passenger Car,55,2019.0,Dodge,CHARGER,5,Sunday,11
MCP2717001W,15036543,MONTGOMERY,Property Damage Crash,2015-07-24 13:50:00,County,CABLE DR,CULVER ST,SINGLE VEHICLE,CLEAR,DRY,DAYLIGHT,STOP SIGN,NONE DETECTED,Yes,No Apparent Injury,UNKNOWN,MD,(Sport) Utility Vehicle,20,2012.0,Jeep,LAREDO 4X4,13,Friday,7
MCP3075000V,170547638,Montgomery County Police,Property Damage Crash,2017-12-09 20:51:00,County,FATHER HURLEY BLVD,WYNNFIELD DR,HEAD ON LEFT TURN,SNOW,ICE,DARK LIGHTS ON,TRAFFIC SIGNAL,NONE DETECTED,No,No Apparent Injury,UNKNOWN,MD,Passenger Car,35,2013.0,Volks,JETTA,20,Saturday,12
MCP1453003F,16050889,Montgomery County Police,Injury Crash,2016-10-04 07:35:00,County,DARNESTOWN RD,GLEN MILL RD,SAME DIR REAR END,CLEAR,DRY,DAYLIGHT,TRAFFIC SIGNAL,NONE DETECTED,Yes,No Apparent Injury,NOT DISTRACTED,MD,(Sport) Utility Vehicle,40,2008.0,Volv,XC 90,7,Tuesday,10
MCP2801001P,16039939,Montgomery County Police,Injury Crash,2016-08-07 01:24:00,County,CHERRY HILL RD,PLUM ORCHARD DR,STRAIGHT MOVEMENT ANGLE,CLEAR,DRY,DARK LIGHTS ON,FLASHING TRAFFIC SIGNAL,Unknown,No,Possible Injury,NOT DISTRACTED,MD,Passenger Car,40,2010.0,Dodge,CHARGER,1,Sunday,8
EJ7872000V,180064242,Gaithersburg Police Depar,Injury Crash,2018-12-23 19:20:00,County,MUDDY BRANCH RD,DIAMONDBACK DR,HEAD ON LEFT TURN,Unknown,DRY,DARK LIGHTS ON,TRAFFIC SIGNAL,NONE DETECTED,Yes,No Apparent Injury,NOT DISTRACTED,XX,Passenger Car,45,2004.0,Honda,TK,19,Sunday,12
MCP3442000K,250024095,MONTGOMERY,Property Damage Crash,2025-05-30 17:56:00,Unknown,Unknown,Unknown,Rear To Rear,Rain,Unknown,Daylight,Unknown,"Unknown, Unknown",No,Unknown,Unknown,Unknown,Passenger Car,0,2006.0,Chevrolet,SILVERADO,17,Friday,5
DD56640016,230069590,Rockville Police Departme,Property Damage Crash,2023-12-03 09:30:00,Municipality,CONGRESSIONAL LA,ROLLINS AVE,OTHER,RAINING,WET,DAYLIGHT,Unknown,NONE DETECTED,Yes,No Apparent Injury,NOT DISTRACTED,MD,Passenger Car,15,2018.0,Hond,PILOT,9,Sunday,12
MCP3331001H,230008630,Montgomery County Police,Property Damage Crash,2023-02-21 07:05:00,County,CLARIDGE RD,MILTON ST,STRAIGHT MOVEMENT ANGLE,CLEAR,WET,DAYLIGHT,NO CONTROLS,NONE DETECTED,No,No Apparent Injury,NOT DISTRACTED,MD,Transit Bus,25,2013.0,Gillig,BUS,7,Tuesday,2
MCP29810026,180045595,Montgomery County Police,Injury Crash,2018-09-12 18:06:00,County,RANDOLPH RD,GARDEN GATE RD,HEAD ON LEFT TURN,RAINING,WET,DAYLIGHT,TRAFFIC SIGNAL,Unknown,No,Suspected Minor Injury,NOT DISTRACTED,MD,Passenger Car,40,2014.0,Dodg,4S,18,Wednesday,9
MCP2016001B,16045105,Montgomery County Police,Injury Crash,2016-09-03 13:33:00,County,MONTROSE RD,HOYA ST,STRAIGHT MOVEMENT ANGLE,CLOUDY,DRY,DAYLIGHT,TRAFFIC SIGNAL,Unknown,No,Suspected Minor Injury,NOT DISTRACTED,MD,Passenger Car,35,2013.0,Nissan,ALTIMA,13,Saturday,9
MCP1022008S,180024020,Montgomery County Police,Injury Crash,2018-05-16 11:11:00,Maryland (State),GERMANTOWN RD,AIRCRAFT DR,SAME DIR REAR END,CLOUDY,DRY,DAYLIGHT,TRAFFIC SIGNAL,NONE DETECTED,No,Possible Injury,NOT DISTRACTED,MD,(Sport) Utility Vehicle,40,2011.0,Nissan,ROUGE,11,Wednesday,5
MCP21810015,16052096,Montgomery County Police,Property Damage Crash,2016-10-10 14:25:00,County,STONEBRIDGE VIEW DR,SNAPDRAGON CIR,SINGLE VEHICLE,CLEAR,DRY,DAYLIGHT,Unknown,Unknown,Yes,No Apparent Injury,UNKNOWN,MD,Passenger Car,25,2012.0,Merz,2D,14,Monday,10
MCP3052001G,180039634,Montgomery County Police,Injury Crash,2018-08-09 19:15:00,Maryland (State),MUNCASTER MILL RD,MILLER FALL RD,HEAD ON,CLEAR,DRY,Unknown,NO CONTROLS,NONE DETECTED,Unknown,Suspected Minor Injury,NOT DISTRACTED,MD,Passenger Car,35,2005.0,Chev,TAHOE,19,Thursday,8
MCP3426000M,240050179,MONTGOMERY,Property Damage Crash,2024-10-20 14:08:00,County Route,JONES BRIDGE RD,Unknown,"Sideswipe, Same Direction",Clear,Dry,Daylight,No Controls,"Not Suspect of Alcohol Use, Not Suspect of Drug Use",No,No Apparent Injury,Not Distracted,MD,Passenger Car,25,2011.0,Chevrolet,MALIBU,14,Sunday,10
MCP3240000Y,200025699,Montgomery County Police,Injury Crash,2020-07-02 11:30:00,County,RIDGE RD,OBSERVATION DR,SAME DIR REAR END,CLEAR,DRY,DAYLIGHT,TRAFFIC SIGNAL,Unknown,No,Possible Injury,NOT DISTRACTED,MD,Passenger Car,35,2019.0,Volkswagen,JETTA,11,Thursday,7
MCP2048001G,170529475,Montgomery County Police,Injury Crash,2017-09-08 19:50:00,Maryland (State),NEW HAMPSHIRE AVE,VALLEY BROOK DR,SAME DIR REAR END,CLEAR,DRY,DARK LIGHTS ON,TRAFFIC SIGNAL,UNKNOWN,Yes,No Apparent Injury,UNKNOWN,MD,Passenger Car,35,2015.0,Chry,4S,19,Friday,9
MCP3045003D,200033658,Montgomery County Police,Property Damage Crash,2020-08-28 13:48:00,County,FERNWOOD RD,ROCKLEDGE DR,SAME DIR REAR END,CLEAR,DRY,DAYLIGHT,TRAFFIC SIGNAL,NONE DETECTED,Yes,No Apparent Injury,DISTRACTED BY OUTSIDE PERSON OBJECT OR EVENT,MD,Transit Bus,35,2016.0,Nwfl,TBU,13,Friday,8
MCP3163006B,230069499,Montgomery County Police,Injury Crash,2023-12-02 15:36:00,Maryland (State),ROCKVILLE PIKE,EDSON LA,SAME DIRECTION SIDESWIPE,CLEAR,Unknown,DUSK,Unknown,Unknown,No,No Apparent Injury,NOT DISTRACTED,MD,Passenger Car,35,2008.0,Hond,4S,15,Saturday,12
MCP2914003J,16050170,Montgomery County Police,Property Damage Crash,2016-09-29 19:46:00,Maryland (State),NEW HAMPSHIRE AVE,CHALMERS RD,SAME DIR REAR END,RAINING,WET,Unknown,TRAFFIC SIGNAL,Unknown,No,No Apparent Injury,NOT DISTRACTED,MD,Passenger Car,40,2003.0,Lexus,ES300,19,Thursday,9
MCP2198003M,170550783,Montgomery County Police,Property Damage Crash,2017-12-26 18:06:00,County,SAM EIG HWY,RAMP 1 FR IS 270 NB TO IS 370 WB,SAME DIR REAR END,Unknown,DRY,DARK LIGHTS ON,Unknown,Unknown,No,No Apparent Injury,NOT DISTRACTED,MD,Passenger Car,55,2017.0,Gmc,PICK-UP,18,Tuesday,12
MCP9438000Z,17005942,Montgomery County Police,Property Damage Crash,2017-02-03 12:34:00,Maryland (State),GERMANTOWN RD,OBSERVATION DR,SAME DIR REAR END,CLEAR,DRY,DAYLIGHT,TRAFFIC SIGNAL,NONE DETECTED,No,No Apparent Injury,NOT DISTRACTED,MD,Ambulance/Non Emergency,45,2005.0,Ford,TK,12,Friday,2
MCP24500046,220057582,Montgomery County Police,Property Damage Crash,2022-12-28 16:55:00,Maryland (State),MONTGOMERY VILLAGE AVE,FREDERICK RD,SAME DIR BOTH LEFT TURN,Unknown,DRY,DARK NO LIGHTS,TRAFFIC SIGNAL,Unknown,Unknown,No Apparent Injury,UNKNOWN,MD,Passenger Car,30,2019.0,Nissan,SENTRA,16,Wednesday,12
MCP2667009C,240030857,MONTGOMERY,Property Damage Crash,2024-06-30 09:00:00,Maryland (State) Route,MONTGOMERY VILLAGE AVE (SB/L),Unknown,Front to Rear,Cloudy,Wet,Daylight,No Controls,"Not Suspect of Alcohol Use, Not Suspect of Drug Use",No,No Apparent Injury,Not Distracted,MD,Passenger Car,35,2022.0,Chevrolet,MALIBU,9,Sunday,6
MCP2941001M,16066054,Montgomery County Police,Injury Crash,2016-12-23 20:36:00,Unknown,Unknown,Unknown,OTHER,Unknown,Unknown,DARK LIGHTS ON,NO CONTROLS,NONE DETECTED,Yes,No Apparent Injury,LOOKED BUT DID NOT SEE,MD,Passenger Car,30,1998.0,Honda,4D,20,Friday,12
DD5615002P,16053959,Rockville Police Departme,Property Damage Crash,2016-10-20 09:20:00,Municipality,MONROE ST,MONROE PL,OTHER,CLEAR,DRY,DAYLIGHT,NO CONTROLS,NONE DETECTED,No,No Apparent Injury,NOT DISTRACTED,MD,Passenger Car,25,2005.0,Ford,MUSTANG,9,Thursday,10
MCP32120033,210047637,Montgomery County Police,Property Damage Crash,2021-11-23 16:12:00,Maryland (State),GEORGIA AVE,SEMINARY RD,SAME DIRECTION RIGHT TURN,CLEAR,DRY,DAYLIGHT,TRAFFIC SIGNAL,NONE DETECTED,Yes,No Apparent Injury,LOOKED BUT DID NOT SEE,MD,Passenger Car,35,2013.0,Volk,SD,16,Tuesday,11
MCP2789004L,180022258,Montgomery County Police,Injury Crash,2018-05-06 12:20:00,Unknown,Unknown,Unknown,STRAIGHT MOVEMENT ANGLE,CLEAR,Unknown,DAYLIGHT,NO CONTROLS,Unknown,Yes,Possible Injury,NOT DISTRACTED,MD,Passenger Car,15,2006.0,Hyundai,ELANTRA,12,Sunday,5
MCP2760002Z,220007072,Montgomery County Police,Property Damage Crash,2022-02-17 22:36:00,Maryland (State),FREDERICK RD,MONTGOMERY VILLAGE AVE,SAME DIR REAR END,CLEAR,DRY,DARK LIGHTS ON,TRAFFIC SIGNAL,Unknown,No,No Apparent Injury,NOT DISTRACTED,MD,Passenger Car,35,2019.0,Toyota,HIGHLANDER,22,Thursday,2
DD559500F5,230062114,Rockville Police Departme,Property Damage Crash,2023-10-23 13:20:00,Municipality,SOUTHLAWN LA,N HORNERS LA,STRAIGHT MOVEMENT ANGLE,CLEAR,DRY,DAYLIGHT,STOP SIGN,NONE DETECTED,Unknown,No Apparent Injury,NOT DISTRACTED,MD,Passenger Car,25,2008.0,Ford,TK,13,Monday,10
MCP3368001S,230065490,Montgomery County Police,Property Damage Crash,2023-11-09 23:02:00,County,MIDDLEBROOK RD,WARING STATION RD,SAME DIRECTION SIDESWIPE,CLEAR,DRY,DARK LIGHTS ON,TRAFFIC SIGNAL,NONE DETECTED,No,No Apparent Injury,NOT DISTRACTED,MD,Passenger Car,40,2019.0,Toyo,TK,23,Thursday,11
MCP2912000N,15008141,Montgomery County Police,Property Damage Crash,2015-02-19 09:21:00,County,MICHIGAN AVE,PENNSYLVANIA AVE,SAME DIRECTION SIDESWIPE,CLEAR,DRY,DAYLIGHT,NO CONTROLS,NONE DETECTED,Yes,No Apparent Injury,UNKNOWN,MD,Transit Bus,25,2007.0,Gillig,BUS,9,Thursday,2
MCP2877009Z,220040671,Montgomery County Police,Property Damage Crash,2022-09-19 06:00:00,Maryland (State),CONNECTICUT AVE,EAST WEST HWY,SAME DIRECTION SIDESWIPE,CLEAR,DRY,DAWN,OTHER,UNKNOWN,Yes,No Apparent Injury,UNKNOWN,FL,Passenger Car,35,2016.0,Hyundai,SONATA,6,Monday,9
MCP3392001P,240058657,MONTGOMERY,Property Damage Crash,2024-12-08 07:51:00,Maryland (State) Route,VEIRS MILL RD,UNIVERSITY BLVD W (WB/L),"Sideswipe, Same Direction",Clear,Dry,Daylight,Traffic Control Signal,"Not Suspect of Alcohol Use, Not Suspect of Drug Use",No,No Apparent Injury,Not Distracted,MD,Passenger Car,25,2023.0,Toyota,CAMRY,7,Sunday,12
MCP3068006T,250047508,MONTGOMERY,Injury Crash,2025-10-22 15:26:00,County Route,W VIRGINIA AVE,Unknown,Front to Front,Clear,Dry,Daylight,No Controls,"Not Suspect of Alcohol Use, Not Suspect of Drug Use",No,Suspected Serious Injury,Not Distracted,MD,Passenger Car,25,2023.0,Bmw,M240I,15,Wednesday,10
MCP31580018,190014623,Montgomery County Police,Property Damage Crash,2019-03-29 15:50:00,Maryland (State),MUNCASTER MILL RD,ENT TO REDMILL CENTRE,OTHER,CLEAR,DRY,DAYLIGHT,Unknown,NONE DETECTED,No,No Apparent Injury,NOT DISTRACTED,MD,Passenger Car,15,2005.0,Hond,HY,15,Friday,3
MCP2821001N,190028174,Montgomery County Police,Injury Crash,2019-06-13 05:26:00,County,SHADY GROVE RD,MUNCASTER MILL RD,STRAIGHT MOVEMENT ANGLE,RAINING,WET,DARK LIGHTS ON,TRAFFIC SIGNAL,NONE DETECTED,No,No Apparent Injury,NOT DISTRACTED,MD,Passenger Car,35,2018.0,Suba,2S,5,Thursday,6
MCP133400C2,220001663,Montgomery County Police,Property Damage Crash,2022-01-14 09:20:00,Maryland (State),FREDERICK RD,S WESTLAND DR,SAME DIR REAR END,CLOUDY,DRY,DAYLIGHT,TRAFFIC SIGNAL,NONE DETECTED,Yes,No Apparent Injury,DISTRACTED BY OUTSIDE PERSON OBJECT OR EVENT,MD,Passenger Car,40,2013.0,Honda,CIVIC,9,Friday,1
MCP3358003C,250035908,MONTGOMERY,Property Damage Crash,2025-08-12 11:40:00,Unknown,Unknown,Unknown,Front to Rear,Clear,Unknown,Daylight,Unknown,"Not Suspect of Alcohol Use, Not Suspect of Drug Use",No,No Apparent Injury,Not Distracted,MD,Passenger Car,0,2017.0,Hyundai,SANTA FE SPORT,11,Tuesday,8
MCP12350027,190052458,Montgomery County Police,Injury Crash,2019-10-31 16:34:00,Maryland (State),UNIVERSITY BLVD E,ST LAWRENCE DR,SAME DIR REAR END,CLOUDY,WET,DAYLIGHT,NO CONTROLS,NONE DETECTED,Yes,No Apparent Injury,NOT DISTRACTED,MD,Passenger Car,40,2004.0,Lexus,RX300,16,Thursday,10
MCP20720061,220047356,Montgomery County Police,Injury Crash,2022-10-28 11:25:00,Maryland (State),FREDERICK RD,GERMANTOWN RD,SAME DIR REAR END,CLEAR,DRY,DAYLIGHT,TRAFFIC SIGNAL,Unknown,Yes,Possible Injury,NOT DISTRACTED,MD,Passenger Car,30,2011.0,Hyun,TK,11,Friday,10
MCP31290072,230023979,Montgomery County Police,Property Damage Crash,2023-05-19 07:44:00,Maryland (State),LAYHILL RD,BRIGGS RD,SAME DIRECTION SIDESWIPE,CLEAR,DRY,DAYLIGHT,NO CONTROLS,NONE DETECTED,No,No Apparent Injury,NOT DISTRACTED,MD,School Bus,40,2016.0,Thom,BU,7,Friday,5
MCP3308000G,220009572,Montgomery County Police,Property Damage Crash,2022-03-05 18:30:00,Maryland (State),MONTGOMERY VILLAGE AVE,SPUR TO LAKE FOREST SHOP CTR,SAME DIR REAR END,CLEAR,DRY,DUSK,TRAFFIC SIGNAL,NONE DETECTED,Yes,No Apparent Injury,NOT DISTRACTED,MD,(Sport) Utility Vehicle,35,2021.0,Kia,SD,18,Saturday,3
MCP003600BC,190035520,Montgomery County Police,Property Damage Crash,2019-07-26 06:50:00,US (State),COLESVILLE RD,LANARK WAY,SAME DIRECTION SIDESWIPE,CLEAR,DRY,DAYLIGHT,NO CONTROLS,NONE DETECTED,No,No Apparent Injury,NOT DISTRACTED,MD,Passenger Car,40,2016.0,Chev,TK,6,Friday,7
DD55750022,210046113,Rockville Police Departme,Property Damage Crash,2021-11-13 21:33:00,Municipality,BROADWOOD DR,BURRIS RD,OTHER,CLEAR,DRY,DARK LIGHTS ON,Unknown,NONE DETECTED,Yes,No Apparent Injury,NOT DISTRACTED,MD,Passenger Car,25,2011.0,Honda,ACCORD,21,Saturday,11
MCP3407000H,240052280,MONTGOMERY,Injury Crash,2024-10-31 15:39:00,Maryland (State) Route,FREDERICK RD,Unknown,Front to Rear,Clear,Dry,Daylight,Traffic Control Signal,"Not Suspect of Alcohol Use, Not Suspect of Drug Use",Yes,No Apparent Injury,Not Distracted,MD,Sport Utility Vehicle,40,2016.0,Lexus,RX,15,Thursday,10
MCP32280022,210028065,Montgomery County Police,Property Damage Crash,2021-07-20 15:13:00,County,HIGHLAND DR,GEORGIA AVE,HEAD ON,CLEAR,DRY,DAYLIGHT,NO CONTROLS,NONE DETECTED,Yes,No Apparent Injury,BY OTHER OCCUPANTS,MD,(Sport) Utility Vehicle,35,2004.0,Hond,TK,15,Tuesday,7
MCP3052002N,210044769,Montgomery County Police,Property Damage Crash,2021-11-05 05:19:00,County,QUAIL VALLEY BLVD,BLUEBIRD TERR,SAME DIR REAR END,CLEAR,DRY,DARK NO LIGHTS,NO CONTROLS,Unknown,Yes,No Apparent Injury,UNKNOWN,MD,Passenger Car,30,2015.0,Ram,F150,5,Friday,11
MCP2612005B,230031330,Montgomery County Police,Property Damage Crash,2023-06-30 19:49:00,Unknown,Unknown,Unknown,OTHER,CLEAR,Unknown,DAYLIGHT,NO CONTROLS,NONE DETECTED,Yes,No Apparent Injury,UNKNOWN,MD,Passenger Car,10,2015.0,Toyota,CAMRY,19,Friday,6
MCP2689005L,190022378,Montgomery County Police,Injury Crash,2019-05-12 13:27:00,County,MONTROSE RD,FALLS RD,SAME DIR REAR END,RAINING,WET,DAYLIGHT,NO CONTROLS,NONE DETECTED,No,No Apparent Injury,NOT DISTRACTED,US,Passenger Car,45,2019.0,Honda,ODYSSEY,13,Sunday,5
EJ7870003B,210002748,Gaithersburg Police Depar,Property Damage Crash,2021-01-22 13:03:00,Maryland (State),QUINCE ORCHARD RD,RAMP 8 FR IS 270 SB TO MD 124 WB,SAME DIR REAR END,CLEAR,DRY,DAYLIGHT,TRAFFIC SIGNAL,NONE DETECTED,Yes,No Apparent Injury,INATTENTIVE OR LOST IN THOUGHT,MD,Passenger Car,35,2020.0,Hyunda,ELANTRA,13,Friday,1
MCP1438002K,16025563,Montgomery County Police,Property Damage Crash,2016-05-23 09:08:00,Maryland (State),MUNCASTER MILL RD,BOWIE MILL RD,SAME DIR REAR END,CLEAR,DRY,DAYLIGHT,TRAFFIC SIGNAL,NONE DETECTED,No,No Apparent Injury,NOT DISTRACTED,MD,Van,40,2002.0,Chev,VN,9,Monday,5
MCP2812001M,15058034,MONTGOMERY,Property Damage Crash,2015-11-13 20:33:00,US (State),GEORGIA AVE,13TH ST,ANGLE MEETS LEFT TURN,CLEAR,DRY,DARK LIGHTS ON,TRAFFIC SIGNAL,Unknown,No,No Apparent Injury,NOT DISTRACTED,MD,Passenger Car,35,1997.0,Toyota,CAMRY,20,Friday,11
MCP3404001C,240031541,MONTGOMERY,Property Damage Crash,2024-07-04 11:52:00,Maryland (State) Route,Unknown,CARROLL AVE,Rear To Side,Clear,Dry,Daylight,Traffic Control Signal,"Not Suspect of Alcohol Use, Not Suspect of Drug Use",No,No Apparent Injury,Not Distracted,MD,Bus - Transit,35,2009.0,Gillig,LOW FLOOR BUS,11,Thursday,7
EJ7847000S,15005513,Gaithersburg Police Depar,Injury Crash,2015-02-03 17:28:00,Maryland (State),W DIAMOND AVE,MEEM AVE,STRAIGHT MOVEMENT ANGLE,CLEAR,DRY,DUSK,NO CONTROLS,Unknown,No,Possible Injury,NOT DISTRACTED,MD,Passenger Car,30,2013.0,Nissan,SENTRA,17,Tuesday,2
MCP302600BQ,230055212,Montgomery County Police,Property Damage Crash,2023-09-16 10:51:00,Maryland (State),OLD GEORGETOWN RD,RAMP 6 FR IS 495 EB TO MD 187 SB,SAME DIRECTION SIDESWIPE,CLEAR,DRY,DAYLIGHT,TRAFFIC SIGNAL,NONE DETECTED,No,No Apparent Injury,NOT DISTRACTED,MD,(Sport) Utility Vehicle,35,2020.0,Pors,CAYENNE,10,Saturday,9