Report Number,Local Case Number,Agency Name,ACRS Report Type,Crash Date/Time,Route Type,Road Name,Cross-Street Name,Collision Type,Weather,Surface Condition,Light,Traffic Control,Driver Substance Abuse,Driver At Fault,Injury Severity,Driver Distracted By,Drivers License State,Vehicle Body Type,Speed Limit,Vehicle Year,Vehicle Make,Vehicle Model,Crash Hour,Crash Day,Crash Month
MCP2727001Y,180000846,Montgomery County Police,Property Damage Crash,2018-01-06 08:58:00,County,MATENY RD,BARLEYCORN WAY,ANGLE MEETS LEFT TURN,Unknown,Unknown,DAYLIGHT,STOP SIGN,NONE DETECTED,Yes,No Apparent Injury,LOOKED BUT DID NOT SEE,MD,Passenger Car,30,2004.0,Toyota,CAMRY,8,Saturday,1
DD562000BD,240008523,ROCKVILLE,Property Damage Crash,2024-02-21 15:10:00,Municipality Route,E MIDDLE LA,ROCKVILLE PIKE (SB/L),Angle,Clear,Dry,Daylight,Traffic Control Signal,"Not Suspect of Alcohol Use, Not Suspect of Drug Use",Yes,No Apparent Injury,Unknown,MD,Passenger Car,35,2010.0,Jeep,WRANGLER,15,Wednesday,2
MCP2722004L,230009323,Montgomery County Police,Property Damage Crash,2023-02-24 15:45:00,County,HATHAWAY DR,BINGHAM CT,SAME DIR REAR END,CLEAR,DRY,DAYLIGHT,NO CONTROLS,NONE DETECTED,Yes,No Apparent Injury,NOT DISTRACTED,MD,Passenger Car,25,2020.0,Honda,INSIGHT,15,Friday,2
MCP2116007B,170538794,Montgomery County Police,Property Damage Crash,2017-10-25 14:24:00,County,MONTROSE RD,SEVEN LOCKS RD,HEAD ON,CLEAR,DRY,DAYLIGHT,TRAFFIC SIGNAL,NONE DETECTED,No,No Apparent Injury,NOT DISTRACTED,MD,Passenger Car,35,2002.0,Honda,VN,14,Wednesday,10
MCP2871008K,230008293,Montgomery County Police,Property Damage Crash,2023-02-18 16:30:00,Unknown,Unknown,Unknown,OTHER,CLEAR,Unknown,DAYLIGHT,NO CONTROLS,Unknown,Yes,No Apparent Injury,NOT DISTRACTED,Unknown,Passenger Car,15,2012.0,Honda,CIVIC,16,Saturday,2
MCP2756001J,16046294,Montgomery County Police,Injury Crash,2016-09-09 21:22:00,County,PLYERS MILL RD,INSLEY ST,SINGLE VEHICLE,CLEAR,DRY,DARK LIGHTS ON,OTHER,NONE DETECTED,Yes,Possible Injury,LOOKED BUT DID NOT SEE,MD,Passenger Car,30,1963.0,Ford,2D,21,Friday,9
MCP2740001S,16015763,Montgomery County Police,Injury Crash,2016-03-31 17:58:00,Maryland (State),NEW HAMPSHIRE AVE,MAHAN RD,SAME DIRECTION SIDESWIPE,CLOUDY,DRY,DAYLIGHT,Unknown,NONE DETECTED,No,No Apparent Injury,NOT DISTRACTED,MD,Passenger Car,40,2011.0,Nissan,ALTIMA,17,Thursday,3
MCP2269000C,16059108,Montgomery County Police,Property Damage Crash,2016-11-16 20:01:00,County,MONTGOMERY VILLAGE AVE,SPARROW VALLEY DR,SAME DIR REAR END,CLOUDY,DRY,DARK LIGHTS ON,NO CONTROLS,Unknown,No,No Apparent Injury,NOT DISTRACTED,MD,Passenger Car,35,2006.0,Hond,ODYSSEY,20,Wednesday,11
MCP2983004P,210003903,Montgomery County Police,Injury Crash,2021-01-30 17:25:00,US (State),COLUMBIA PIKE,FAIRLAND RD,SAME DIR REAR END,CLEAR,DRY,DUSK,NO CONTROLS,NONE DETECTED,No,Suspected Minor Injury,NOT DISTRACTED,MD,Passenger Car,55,2001.0,Honda,ACCORD,17,Saturday,1
MCP2437002M,170511159,Montgomery County Police,Property Damage Crash,2017-06-01 16:13:00,Maryland (State),CONNECTICUT AVE,RANDOLPH RD,SAME DIR REAR END,CLEAR,DRY,DAYLIGHT,TRAFFIC SIGNAL,NONE DETECTED,Yes,No Apparent Injury,NOT DISTRACTED,MD,Passenger Car,45,2000.0,Ford,FOCUS,16,Thursday,6
MCP3113003C,210035232,Montgomery County Police,Injury Crash,2021-09-08 09:26:00,County,FAIRLAND RD,OLD COLUMBIA PIKE,STRAIGHT MOVEMENT ANGLE,Unknown,DRY,DAYLIGHT,TRAFFIC SIGNAL,Unknown,No,Suspected Minor Injury,NOT DISTRACTED,MD,Pickup Truck,40,2011.0,Chevy,SILVERADO,9,Wednesday,9
MCP3150001Y,210050725,Montgomery County Police,Property Damage Crash,2021-12-13 19:39:00,US (State),GEORGIA AVE,SILVER SPRING AVE,SINGLE VEHICLE,CLEAR,DRY,DARK LIGHTS ON,TRAFFIC SIGNAL,NONE DETECTED,Yes,No Apparent Injury,NOT DISTRACTED,MD,Passenger Car,30,2015.0,Honda,ACCORD,19,Monday,12
MCP1128004H,16013334,MONTGOMERY,Property Damage Crash,2016-03-11 20:30:00,Maryland (State),ROCKVILLE PIKE,EDMONSTON DR,OTHER,Unknown,DRY,DARK LIGHTS ON,UNKNOWN,Unknown,No,No Apparent Injury,NOT DISTRACTED,MD,Passenger Car,35,2008.0,Bmw,328,20,Friday,3
EJ77770010,170505260,Gaithersburg Police Depar,Property Damage Crash,2017-05-01 15:33:00,Maryland (State),S FREDERICK RD,E DEER PARK DR,SAME DIR REAR END,CLOUDY,DRY,DAYLIGHT,TRAFFIC SIGNAL,NONE DETECTED,No,No Apparent Injury,NOT DISTRACTED,MD,(Sport) Utility Vehicle,35,2013.0,Toyota,RAV-4,15,Monday,5
MCP2008002M,16043677,Montgomery County Police,Property Damage Crash,2016-08-27 16:04:00,County,RANDOLPH RD,MONTROSE PKWY (BACK),ANGLE MEETS LEFT TURN,CLEAR,DRY,DAYLIGHT,TRAFFIC SIGNAL,NONE DETECTED,Yes,No Apparent Injury,LOOKED BUT DID NOT SEE,MD,Passenger Car,35,2011.0,Hyun,ELANTRA,16,Saturday,8
MCP1554000N,15017622,Montgomery County Police,Injury Crash,2015-04-15 20:40:00,Maryland (State),FREDERICK RD,KING FARM BLVD,SAME DIR REND LEFT TURN,CLEAR,DRY,DARK LIGHTS ON,TRAFFIC SIGNAL,NONE DETECTED,No,No Apparent Injury,NOT DISTRACTED,MD,Passenger Car,45,2006.0,Acur,RL  4S,20,Wednesday,4
DM8489000G,200027976,Takoma Park Police Depart,Property Damage Crash,2020-07-19 12:47:00,Unknown,Unknown,Unknown,OTHER,CLEAR,Unknown,DARK LIGHTS ON,Unknown,Unknown,No,No Apparent Injury,NO DRIVER PRESENT,MD,Passenger Car,0,2006.0,Toyota,COROLLA,12,Sunday,7
EJ7895003D,220054054,Gaithersburg Police Depar,Property Damage Crash,2022-12-07 12:30:00,Unknown,Unknown,Unknown,STRAIGHT MOVEMENT ANGLE,CLOUDY,Unknown,DAYLIGHT,NO CONTROLS,UNKNOWN,Yes,No Apparent Injury,UNKNOWN,MD,Passenger Car,5,2014.0,Toyota,CAMRY,12,Wednesday,12
MCP2800005Y,230033290,Montgomery County Police,Property Damage Crash,2023-07-12 22:44:00,Maryland (State),ROCKVILLE PIKE,MARINELLI RD,SAME DIR REAR END,CLEAR,DRY,DARK LIGHTS ON,TRAFFIC SIGNAL,NONE DETECTED,No,No Apparent Injury,NOT DISTRACTED,MD,Passenger Car,40,2022.0,Honda,SPORT UTILITY,22,Wednesday,7
DD5606001L,15004470,Rockville Police Departme,Property Damage Crash,2015-01-27 10:45:00,Other Public Roadway,IVY LEAGUE LA,ROAD END,SAME DIR REAR END,SNOW,WET,DARK NO LIGHTS,NO CONTROLS,NONE DETECTED,No,No Apparent Injury,NOT DISTRACTED,MD,Passenger Car,15,2006.0,Chry,4S,10,Tuesday,1
DD5538005T,250044602,ROCKVILLE,Property Damage Crash,2025-10-04 07:28:00,Municipality Route,KING FARM BLVD,FREDERICK RD (SB/L),"Sideswipe, Same Direction",Clear,Dry,Daylight,Traffic Control Signal,"Not Suspect of Alcohol Use, Not Suspect of Drug Use",No,No Apparent Injury,Not Distracted,MD,Van - Passenger (&Lt;9 Seats),35,2022.0,Chevrolet,EXPRESS,7,Saturday,10
MCP3198001Y,200031721,Montgomery County Police,Property Damage Crash,2020-08-14 14:58:00,Maryland (State),VEIRS MILL RD,UNIVERSITY BLVD W,SAME DIR REAR END,CLEAR,DRY,DAYLIGHT,Unknown,NONE DETECTED,No,No Apparent Injury,NOT DISTRACTED,MD,Passenger Car,25,2020.0,Honda,FIT,14,Friday,8
MCP2689003L,170531240,Montgomery County Police,Injury Crash,2017-09-18 08:39:00,Maryland (State),HUNGERFORD DR,N WASHINGTON ST,STRAIGHT MOVEMENT ANGLE,CLOUDY,DRY,DAYLIGHT,TRAFFIC SIGNAL,NONE DETECTED,No,No Apparent Injury,NOT DISTRACTED,MD,Transit Bus,40,2013.0,New Flyer,XCELSIOR,8,Monday,9
MCP2496000X,190059468,Montgomery County Police,Property Damage Crash,2019-12-10 10:47:00,Maryland (State),GEORGIA AVE,SPRING ST,SAME DIR REAR END,RAINING,WET,DAYLIGHT,NO CONTROLS,NONE DETECTED,No,No Apparent Injury,NOT DISTRACTED,MD,Passenger Car,35,2013.0,Infi,JX35,10,Tuesday,12
MCP3269000L,210105838,Montgomery County Police,Property Damage Crash,2021-05-03 07:51:00,County,E RANDOLPH RD,LAURIE DR,SINGLE VEHICLE,RAINING,WET,DAYLIGHT,NO CONTROLS,NONE DETECTED,Yes,No Apparent Injury,NOT DISTRACTED,MD,Passenger Car,35,2003.0,Honda,ACCORD,7,Monday,5
MCP3127002H,230019442,Montgomery County Police,Property Damage Crash,2023-04-23 19:21:00,Maryland (State),CONNECTICUT AVE,EAST WEST HWY,HEAD ON LEFT TURN,OTHER,DRY,DUSK,TRAFFIC SIGNAL,Unknown,No,No Apparent Injury,NOT DISTRACTED,MD,Passenger Car,30,2017.0,Toyota,PRIUS,19,Sunday,4
MCP28750034,180003550,Montgomery County Police,Injury Crash,2018-01-22 00:37:00,County,RIFFLE FORD RD,GERMANTOWN RD,SINGLE VEHICLE,CLOUDY,WET,DARK LIGHTS ON,NO CONTROLS,ALCOHOL PRESENT,Yes,Possible Injury,UNKNOWN,MD,"Other Light Trucks (10,000Lbs (4,536Kg) Or Less)",40,2004.0,Ford,F250,0,Monday,1
MCP3086002G,190022358,Montgomery County Police,Property Damage Crash,2019-05-12 10:20:00,Maryland (State),MONTGOMERY VILLAGE AVE,RUSSELL AVE,ANGLE MEETS LEFT TURN,RAINING,WET,DAYLIGHT,TRAFFIC SIGNAL,NONE DETECTED,No,No Apparent Injury,NOT DISTRACTED,MD,Pickup Truck,35,2005.0,Ford,TK,10,Sunday,5
MCP26830052,200047094,Montgomery County Police,Property Damage Crash,2020-11-29 18:10:00,Maryland (State),MUNCASTER MILL RD,ENT TO REDMILL CENTRE,ANGLE MEETS LEFT HEAD ON,CLEAR,DRY,DARK LIGHTS ON,NO CONTROLS,NONE DETECTED,Yes,No Apparent Injury,NOT DISTRACTED,MD,Passenger Car,35,2012.0,Kia,SORENTO,18,Sunday,11
MCP3094004X,240040435,MONTGOMERY,Injury Crash,2024-08-26 20:51:00,Maryland (State) Route,Unknown,FLOWER HILL WAY,Front to Rear,Clear,Dry,Dark - Lighted,Traffic Control Signal,"Not Suspect of Alcohol Use, Not Suspect of Drug Use",Yes,No Apparent Injury,Not Distracted,MD,Passenger Car,35,2007.0,Nissan,VERSA,20,Monday,8
MCP2881004X,220048143,Montgomery County Police,Property Damage Crash,2022-11-03 06:54:00,Unknown,Unknown,Unknown,STRAIGHT MOVEMENT ANGLE,CLEAR,Unknown,DAWN,NO CONTROLS,NONE DETECTED,Yes,No Apparent Injury,NOT DISTRACTED,MD,Passenger Car,5,2015.0,Toyt,TK,6,Thursday,11
MCP0036005P,17006437,Montgomery County Police,Injury Crash,2017-02-06 09:03:00,Maryland (State),WOODFIELD RD,MAGRUDER KNOLLS CT,STRAIGHT MOVEMENT ANGLE,CLEAR,DRY,DAYLIGHT,NO CONTROLS,NONE DETECTED,Yes,Possible Injury,NOT DISTRACTED,MD,Passenger Car,30,2006.0,Toyota,RAV4,9,Monday,2
MCP32180018,210007164,Montgomery County Police,Property Damage Crash,2021-02-24 20:25:00,County,RANDOLPH RD,CONNECTICUT AVE,SAME DIRECTION SIDESWIPE,CLEAR,DRY,DARK LIGHTS ON,Unknown,NONE DETECTED,Yes,No Apparent Injury,NOT DISTRACTED,MD,Transit Bus,35,2009.0,New Flyer,TBU,20,Wednesday,2
DD5604001N,170534850,Rockville Police Departme,Property Damage Crash,2017-10-05 06:11:00,County,SOUTHLAWN LA,E GUDE DR,SAME DIRECTION SIDESWIPE,CLEAR,DRY,DARK LIGHTS ON,NO CONTROLS,NONE DETECTED,Yes,No Apparent Injury,LOOKED BUT DID NOT SEE,MD,Passenger Car,30,2008.0,Chev,IMPALA,6,Thursday,10
MCP2635004T,180050732,Montgomery County Police,Property Damage Crash,2018-10-10 15:37:00,Maryland (State),NEW HAMPSHIRE AVE,ORION CLUB DR,ANGLE MEETS LEFT HEAD ON,CLEAR,DRY,DAYLIGHT,STOP SIGN,Unknown,No,No Apparent Injury,NOT DISTRACTED,MD,Pickup Truck,30,2000.0,Ford,F150,15,Wednesday,10
MCP3048007X,220015483,Montgomery County Police,Property Damage Crash,2022-04-12 09:30:00,Unknown,Unknown,Unknown,SINGLE VEHICLE,CLEAR,Unknown,DAYLIGHT,Unknown,Unknown,Yes,No Apparent Injury,NOT DISTRACTED,MD,Passenger Car,5,2012.0,Lexus,IS 250,9,Tuesday,4
MCP2536001W,18006118,Montgomery County Police,Property Damage Crash,2018-12-03 15:30:00,County,BLUERIDGE AVE,GEORGIA AVE,STRAIGHT MOVEMENT ANGLE,Unknown,DRY,DAYLIGHT,NO CONTROLS,NONE DETECTED,Yes,No Apparent Injury,NOT DISTRACTED,MD,Passenger Car,30,2011.0,Toyota,CAMARY,15,Monday,12
EJ7904001P,240051611,GAITHERSBURG,Injury Crash,2024-10-28 10:57:00,Maryland (State) Route,QUINCE ORCHARD RD,CLOPPER RD,Front to Rear,Clear,Dry,Daylight,Traffic Control Signal,"Not Suspect of Alcohol Use, Not Suspect of Drug Use",No,No Apparent Injury,Not Distracted,MD,Passenger Car,35,2011.0,Nissan,PATHFINDER,10,Monday,10
DM8452000C,15027299,Takoma Park Police Depart,Property Damage Crash,2015-06-05 19:50:00,Maryland (State),NEW HAMPSHIRE AVE,SLIGO CREEK PKWY,SAME DIR REAR END,CLEAR,DRY,DAYLIGHT,TRAFFIC SIGNAL,Unknown,No,No Apparent Injury,NOT DISTRACTED,MD,Passenger Car,35,2014.0,Niss,4S,19,Friday,6
MCP2603003B,200042779,Montgomery County Police,Property Damage Crash,2020-10-30 10:47:00,County,MONTGOMERY VILLAGE AVE,STEDWICK RD,SAME DIR REAR END,CLOUDY,DRY,DAYLIGHT,Unknown,Unknown,Yes,No Apparent Injury,NOT DISTRACTED,MD,Passenger Car,35,2016.0,Ford,TK,10,Friday,10
DM8478001H,220020809,Takoma Park Police Depart,Property Damage Crash,2022-05-16 11:55:00,Maryland (State),FLOWER AVE,MAPLEWOOD AVE,STRAIGHT MOVEMENT ANGLE,RAINING,WET,DAYLIGHT,STOP SIGN,NONE DETECTED,No,No Apparent Injury,NOT DISTRACTED,MD,Passenger Car,15,2014.0,Mini,2S,11,Monday,5
MCP1233004Z,22005221,Montgomery County Police,Injury Crash,2022-11-28 17:01:00,County,GAYNOR RD,VEIRS MILL RD,SAME DIRECTION LEFT TURN,Unknown,DRY,DAWN,NO CONTROLS,NONE DETECTED,Yes,No Apparent Injury,NOT DISTRACTED,MD,(Sport) Utility Vehicle,45,2015.0,Chev,SUBURBAN,17,Monday,11
MCP1334006C,180012845,Montgomery County Police,Property Damage Crash,2018-03-14 14:30:00,County,GAME PRESERVE RD,R/R #CSX 140 513 J,OPPOSITE DIRECTION SIDESWIPE,Unknown,DRY,DAYLIGHT,NO CONTROLS,NONE DETECTED,No,No Apparent Injury,NOT DISTRACTED,MD,Passenger Car,25,2013.0,Honda,ACCORD,14,Wednesday,3
MCP27260060,210029406,Montgomery County Police,Property Damage Crash,2021-07-29 12:11:00,Maryland (State),ROCKVILLE PIKE,ENT TO FEDERAL PLAZA S.C.,HEAD ON LEFT TURN,CLEAR,DRY,DAYLIGHT,TRAFFIC SIGNAL,NONE DETECTED,No,No Apparent Injury,NOT DISTRACTED,MD,Passenger Car,40,2010.0,Volk,JETTA,12,Thursday,7
MCP211600D7,210025040,Montgomery County Police,Injury Crash,2021-06-30 09:08:00,County,E GUDE DR,CALHOUN DR,SAME DIR REAR END,CLEAR,DRY,DAYLIGHT,NO CONTROLS,NONE DETECTED,No,No Apparent Injury,NOT DISTRACTED,MD,"Other Light Trucks (10,000Lbs (4,536Kg) Or Less)",40,2015.0,Ford,TK,9,Wednesday,6
MCP3305003W,240052855,MONTGOMERY,Property Damage Crash,2024-11-03 22:14:00,Maryland (State) Route,NEW HAMPSHIRE AVE (SB/L),Unknown,Front to Rear,Clear,Dry,Dark - Not Lighted,Traffic Control Signal,"Not Suspect of Alcohol Use, Not Suspect of Drug Use",No,No Apparent Injury,Not Distracted,DC,Passenger Car,35,2019.0,Kia,OPTIMA,22,Sunday,11
MCP2724001J,16041869,Montgomery County Police,Property Damage Crash,2016-08-18 07:16:00,County,LOCKWOOD DR,ENT TO WHITE OAK PROFESSIONAL BUILDING,STRAIGHT MOVEMENT ANGLE,OTHER,OTHER,DAYLIGHT,NO CONTROLS,Unknown,No,No Apparent Injury,NOT DISTRACTED,MD,Passenger Car,30,2013.0,Honda,ACCORS SPORT,7,Thursday,8
MCP3221001K,210012386,Montgomery County Police,Injury Crash,2021-04-02 21:20:00,Maryland (State),W MONTGOMERY AVE,SHADY GROVE RD,HEAD ON LEFT TURN,CLEAR,DRY,DARK LIGHTS ON,TRAFFIC SIGNAL,NONE DETECTED,No,Possible Injury,NOT DISTRACTED,MD,Passenger Car,45,1999.0,Toyota,CAMRY,21,Friday,4
MCP0619001J,190037791,Montgomery County Police,Property Damage Crash,2019-08-08 09:45:00,Maryland (State),FREDERICK RD,ENT TO BUSINESS,SAME DIR REAR END,Unknown,DRY,DAYLIGHT,TRAFFIC SIGNAL,Unknown,No,No Apparent Injury,NOT DISTRACTED,MD,Passenger Car,40,2018.0,Niss,4S,9,Thursday,8
MCP25860049,180047572,Montgomery County Police,Injury Crash,2018-09-23 17:06:00,County,BRIGGS CHANEY RD,ASTON MANOR DR,SAME DIR REAR END,RAINING,WET,DAYLIGHT,NO CONTROLS,Unknown,No,Suspected Minor Injury,NOT DISTRACTED,MD,Passenger Car,40,2005.0,Toyota,COROLLA,17,Sunday,9
MCP24870005,16031753,Montgomery County Police,Property Damage Crash,2016-06-23 14:25:00,Municipality,TWINBROOK PKWY,CHAPMAN AVE,STRAIGHT MOVEMENT ANGLE,CLOUDY,DRY,DAYLIGHT,TRAFFIC SIGNAL,NONE DETECTED,No,No Apparent Injury,NOT DISTRACTED,MD,Pickup Truck,25,2016.0,Toyt,TUNDRA,14,Thursday,6
MCP2875002D,16063499,Montgomery County Police,Injury Crash,2016-12-10 23:17:00,County,SCENERY DR,GATESHEAD CIR,OTHER,CLEAR,DRY,DARK NO LIGHTS,NO CONTROLS,NONE DETECTED,Yes,No Apparent Injury,LOOKED BUT DID NOT SEE,MD,Passenger Car,0,2007.0,Toyota,COROLLA,23,Saturday,12
MCP2816002T,210013874,Montgomery County Police,Property Damage Crash,2021-04-14 05:09:00,Maryland (State),ROCKVILLE PIKE,BOU AVE,STRAIGHT MOVEMENT ANGLE,CLEAR,DRY,DARK LIGHTS ON,TRAFFIC SIGNAL,NONE DETECTED,Yes,No Apparent Injury,INATTENTIVE OR LOST IN THOUGHT,MD,Passenger Car,25,2019.0,Volk,JETTA,5,Wednesday,4
MCP2692000S,16064593,Montgomery County Police,Property Damage Crash,2016-12-16 19:15:00,Maryland (State),UNIVERSITY BLVD W,AMHERST AVE,SAME DIR REAR END,CLEAR,DRY,DARK LIGHTS ON,TRAFFIC SIGNAL,NONE DETECTED,No,No Apparent Injury,NOT DISTRACTED,MD,Passenger Car,40,2001.0,Niss,4S,19,Friday,12
MCP3051001L,180016590,Montgomery County Police,Injury Crash,2018-04-05 16:55:00,County,TUCKERMAN LA,KINGS RIDING WAY,SAME DIR REAR END,CLEAR,DRY,DAYLIGHT,Unknown,NONE DETECTED,No,Possible Injury,NOT DISTRACTED,MD,Passenger Car,40,2010.0,Mitusbishi,OUTLANDER,16,Thursday,4
MCP31360078,250006460,MONTGOMERY,Property Damage Crash,2025-02-13 11:11:00,Maryland (State) Route,NEW HAMPSHIRE AVE (SB/L),NORTHWEST DR,Front to Rear,Rain,Wet,Daylight,Traffic Control Signal,"Not Suspect of Alcohol Use, Not Suspect of Drug Use",No,No Apparent Injury,Not Distracted,DC,Passenger Car,25,2011.0,Nissan,MAXIMA,11,Thursday,2
MCP23110010,15052283,MONTGOMERY,Injury Crash,2015-10-15 00:44:00,Maryland (State),QUINCE ORCHARD RD,SPUR TO MD 355,SAME DIR REAR END,CLEAR,DRY,DARK LIGHTS ON,TRAFFIC SIGNAL,NONE DETECTED,No,Suspected Minor Injury,NOT DISTRACTED,MD,Passenger Car,35,2004.0,Jeep,GRAND CHER,0,Thursday,10
MCP3227004X,230057751,Montgomery County Police,Property Damage Crash,2023-09-30 19:22:00,County,BARRON ST,GILBERT PL,SAME DIRECTION SIDESWIPE,CLEAR,DRY,DUSK,NO CONTROLS,UNKNOWN,Yes,No Apparent Injury,UNKNOWN,Unknown,Passenger Car,20,2014.0,Ford,EXPLORER,19,Saturday,9
MCP3012001D,16060733,Montgomery County Police,Injury Crash,2016-11-26 13:20:00,County,RANDOLPH RD,MIDDLEVALE LA,STRAIGHT MOVEMENT ANGLE,CLEAR,DRY,DAYLIGHT,TRAFFIC SIGNAL,NONE DETECTED,Yes,No Apparent Injury,UNKNOWN,MD,Pickup Truck,40,2004.0,Nissan,FRONTIER,13,Saturday,11
MCP3190003W,220020329,Montgomery County Police,Injury Crash,2022-05-13 07:43:00,Maryland (State),CONNECTICUT AVE,ISBELL ST,STRAIGHT MOVEMENT ANGLE,CLOUDY,WET,OTHER,STOP SIGN,NONE DETECTED,No,Suspected Minor Injury,NOT DISTRACTED,MD,Passenger Car,45,2004.0,Acura,TSX,7,Friday,5
MCP3305004G,250022030,MONTGOMERY,Injury Crash,2025-05-19 00:00:00,County Route,MANCHESTER RD,PINEY BRANCH RD,Single Vehicle,Clear,Dry,Dark - Lighted,No Controls,"Suspect of Alcohol Use, Not Suspect of Drug Use",Yes,Suspected Minor Injury,Unknown,MD,Passenger Car,35,2014.0,Toyota,COROLLA,0,Monday,5
MCP3251000P,210039541,Montgomery County Police,Property Damage Crash,2021-10-05 04:09:00,Maryland (State),CLARKSBURG RD,TOP RIDGE DR,SINGLE VEHICLE,CLEAR,DRY,DARK NO LIGHTS,Unknown,NONE DETECTED,Yes,No Apparent Injury,OTHER DISTRACTION,MD,Passenger Car,40,2021.0,Toyota,CHR,4,Tuesday,10
MCP29540019,15059111,MONTGOMERY,Injury Crash,2015-11-19 14:50:00,Maryland (State),UNIVERSITY BLVD E,INDIAN SPRING DR,SAME DIR REAR END,RAINING,WET,DAYLIGHT,NO CONTROLS,NONE DETECTED,No,Possible Injury,UNKNOWN,MD,Passenger Car,40,2003.0,Acur,4S,14,Thursday,11
MCP2559001X,170517430,Montgomery County Police,Injury Crash,2017-07-05 14:28:00,Unknown,Unknown,Unknown,SINGLE VEHICLE,CLEAR,Unknown,DAYLIGHT,Unknown,Unknown,Yes,Suspected Minor Injury,NOT DISTRACTED,MD,Other,25,2011.0,Gmc,SIERRA 1500,14,Wednesday,7
MCP137801DW,250046001,MONTGOMERY,Injury Crash,2025-10-13 14:48:00,Unknown,Unknown,Unknown,Single Vehicle,Cloudy,Unknown,Daylight,Unknown,"Not Suspect of Alcohol Use, Not Suspect of Drug Use",Yes,Possible Injury,Not Distracted,VA,Pickup,0,1999.0,Chevrolet,GMT-400,14,Monday,10
MCP91130021,16057744,Montgomery County Police,Property Damage Crash,2016-11-09 08:58:00,Maryland (State),GEORGIA AVE,SPUR TO/FR THISTLEBRIDGE DR,OTHER,RAINING,WET,DAYLIGHT,NO CONTROLS,NONE DETECTED,No,No Apparent Injury,NOT DISTRACTED,MD,Transit Bus,50,2013.0,New Flyer,BUS,8,Wednesday,11
MCP2198005G,190023345,Montgomery County Police,Injury Crash,2019-05-17 14:47:00,Maryland (State),GREAT SENECA HWY,DECOVERLY DR,SINGLE VEHICLE,CLEAR,DRY,DAYLIGHT,Unknown,Unknown,Yes,Possible Injury,UNKNOWN,MD,Passenger Car,50,2002.0,Pontiac,GRAM AM,14,Friday,5
DD5527004G,220055023,Rockville Police Departme,Property Damage Crash,2022-12-12 19:30:00,Maryland (State),ROCKVILLE PIKE,TALBOTT ST,SAME DIRECTION SIDESWIPE,CLEAR,DRY,DARK LIGHTS ON,NO CONTROLS,NONE DETECTED,Yes,No Apparent Injury,NOT DISTRACTED,MD,Cross Country Bus,40,2013.0,Tbu,BUS,19,Monday,12
MCP2974003L,210015043,Montgomery County Police,Injury Crash,2021-04-22 19:30:00,Maryland (State),SANDY SPRING RD,RIDING STABLE RD,SAME DIR REAR END,CLEAR,DRY,DUSK,STOP SIGN,NONE DETECTED,Yes,No Apparent Injury,LOOKED BUT DID NOT SEE,MD,Passenger Car,45,2013.0,Toyota,RAV4,19,Thursday,4
MCP3311002F,240025855,MONTGOMERY,Property Damage Crash,2024-05-31 15:00:00,County Route,SLIGO AVE,Unknown,Rear To Side,Clear,Dry,Daylight,No Controls,"Not Suspect of Alcohol Use, Not Suspect of Drug Use",Yes,No Apparent Injury,Unknown,MD,Passenger Car,30,2013.0,Honda,CIVIC,15,Friday,5
MCP27190014,16045821,Montgomery County Police,Property Damage Crash,2016-09-07 16:38:00,Maryland (State),VEIRS MILL RD,UNIVERSITY BLVD W,OTHER,CLEAR,DRY,DAYLIGHT,TRAFFIC SIGNAL,Unknown,No,No Apparent Injury,NOT DISTRACTED,MD,Transit Bus,35,2014.0,Gill,BU,16,Wednesday,9
MCP2203008B,240026491,MONTGOMERY,Injury Crash,2024-06-04 10:50:00,Maryland (State) Route,UNIVERSITY BLVD W,Unknown,Angle,Clear,Dry,Daylight,Traffic Control Signal,"Not Suspect of Alcohol Use, Not Suspect of Drug Use",No,No Apparent Injury,Not Distracted,MD,Passenger Car,25,2009.0,Honda,CIVIC,10,Tuesday,6
MCP2556003L,200007604,Montgomery County Police,Injury Crash,2020-02-14 19:36:00,County,POPLARWOOD PL,CENTRAL AVE,SAME DIR REAR END,Unknown,DRY,DARK LIGHTS ON,NO CONTROLS,NONE DETECTED,Yes,Possible Injury,LOOKED BUT DID NOT SEE,MD,Passenger Car,25,1996.0,Cadi,SLS,19,Friday,2
EJ7908003M,250055879,GAITHERSBURG,Injury Crash,2025-12-14 09:14:00,Maryland (State) Route,QUINCE ORCHARD RD (SB/L),CLOPPER RD (WB/L),Angle,Snow,Slush,Daylight,Traffic Control Signal,"Not Suspect of Alcohol Use, Not Suspect of Drug Use",No,No Apparent Injury,Not Distracted,MD,Passenger Car,35,2012.0,Ford,F-150,9,Sunday,12
MCP2917009C,220020094,Montgomery County Police,Property Damage Crash,2022-05-11 20:01:00,Maryland (State),NORBECK RD,BEL PRE RD,SAME DIR REAR END,CLEAR,DRY,DUSK,TRAFFIC SIGNAL,NONE DETECTED,Yes,No Apparent Injury,NOT DISTRACTED,MD,Passenger Car,35,2021.0,Jeep,CHEROKEE,20,Wednesday,5