Report Number,Local Case Number,Agency Name,ACRS Report Type,Crash Date/Time,Route Type,Road Name,Cross-Street Name,Collision Type,Weather,Surface Condition,Light,Traffic Control,Driver Substance Abuse,Driver At Fault,Injury Severity,Driver Distracted By,Drivers License State,Vehicle Body Type,Speed Limit,Vehicle Year,Vehicle Make,Vehicle Model,Crash Hour,Crash Day,Crash Month
MCP3053006G,230018330,Montgomery County Police,Property Damage Crash,2023-04-17 15:37:00,County,MEDWAY ST,KRAMER ST,OTHER,Unknown,DRY,DAYLIGHT,NO CONTROLS,Unknown,Unknown,No Apparent Injury,NOT DISTRACTED,MD,Passenger Car,20,2007.0,Toyota,4S,15,Monday,4
MCP3009004S,220024152,Montgomery County Police,Property Damage Crash,2022-06-06 07:00:00,Maryland (State),OLD HUNDRED RD,RAMP 7 FR MD 109 WB TO RAMP 6 (TO IS270),OTHER,CLEAR,DRY,DAYLIGHT,NO CONTROLS,Unknown,No,No Apparent Injury,NOT DISTRACTED,MD,Passenger Car,30,2003.0,Toyota,SOLARA,7,Monday,6
MCP2809001L,15010552,Montgomery County Police,Property Damage Crash,2015-03-07 09:55:00,Maryland (State),GEORGIA AVE,CROSSOVER,SAME DIR REAR END,Unknown,DRY,DAYLIGHT,Unknown,Unknown,No,No Apparent Injury,NOT DISTRACTED,MD,Passenger Car,10,2001.0,Hond,2S,9,Saturday,3
MCP3149000B,180045076,Montgomery County Police,Injury Crash,2018-09-20 00:41:00,US (State),GEORGIA AVE,THAYER AVE,SAME DIRECTION LEFT TURN,CLEAR,DRY,DARK LIGHTS ON,Unknown,NONE DETECTED,Yes,No Apparent Injury,LOOKED BUT DID NOT SEE,DC,Passenger Car,30,2017.0,Nissan,MAXI,0,Thursday,9
EJ78910030,250038722,GAITHERSBURG,Property Damage Crash,2025-08-29 16:17:00,Municipality Route,GIRARD ST (WB/L),Unknown,Angle,Clear,Dry,Daylight,No Controls,"Not Suspect of Alcohol Use, Not Suspect of Drug Use",No,No Apparent Injury,Unknown,MD,Sport Utility Vehicle,30,2018.0,Bmw,X1,16,Friday,8
EJ7888004K,230032924,Gaithersburg Police Depar,Property Damage Crash,2023-07-10 08:30:00,Unknown,Unknown,Unknown,OTHER,CLEAR,Unknown,DAYLIGHT,NO CONTROLS,UNKNOWN,Yes,No Apparent Injury,LOOKED BUT DID NOT SEE,Unknown,(Sport) Utility Vehicle,5,2003.0,Bmw,X5,8,Monday,7
MCP30240027,200034220,Montgomery County Police,Property Damage Crash,2020-08-24 15:00:00,Maryland (State),CLARKSBURG RD,WEST OLD BALTIMORE RD,SINGLE VEHICLE,CLEAR,DRY,DAYLIGHT,NO CONTROLS,NONE DETECTED,Yes,No Apparent Injury,NOT DISTRACTED,MD,Police Vehicle/Non Emergency,40,2014.0,Dodge,CHARGER,15,Monday,8
MCP26350060,190059544,Montgomery County Police,Injury Crash,2019-12-10 16:56:00,Maryland (State),DR BIRD RD,BATCHELLORS FOREST RD,SAME DIR REAR END,RAINING,WET,DARK LIGHTS ON,TRAFFIC SIGNAL,Unknown,No,Possible Injury,NOT DISTRACTED,MD,Passenger Car,30,2006.0,Hyundai,ACCENT,16,Tuesday,12
MCP2586003W,180016553,Montgomery County Police,Property Damage Crash,2018-04-05 15:27:00,County,BRIGGS CHANEY RD,ENT TO BRIGGS CHANEY SHOPPING CENTER,OTHER,CLEAR,DRY,DAYLIGHT,TRAFFIC SIGNAL,NONE DETECTED,No,No Apparent Injury,NOT DISTRACTED,MD,Passenger Car,35,2013.0,Chevrolet,MALIBU,15,Thursday,4
MCP33720023,240001049,MONTGOMERY,Property Damage Crash,2024-01-07 18:17:00,County Route,Unknown,GEORGIA AVE,Rear To Side,Clear,Dry,Dark - Lighted,Traffic Control Signal,"Not Suspect of Alcohol Use, Not Suspect of Drug Use",No,No Apparent Injury,Not Distracted,MD,Passenger Car,35,2022.0,Ford,TRANSIT,18,Sunday,1
MCP93860033,16015674,MONTGOMERY,Property Damage Crash,2016-03-26 17:00:00,County,HARVEST SCENE CT,CUL DE SAC,ANGLE MEETS RIGHT TURN,CLEAR,DRY,DAYLIGHT,Unknown,Unknown,Yes,No Apparent Injury,NOT DISTRACTED,MD,Passenger Car,0,2012.0,Ford,FUSION,17,Saturday,3
MCP3289003Q,240056767,MONTGOMERY,Property Damage Crash,2024-11-27 12:16:00,US (State),COLESVILLE RD,Unknown,Front to Rear,Clear,Dry,Daylight,Traffic Control Signal,"Not Suspect of Alcohol Use, Not Suspect of Drug Use",No,No Apparent Injury,Not Distracted,MD,Passenger Car,35,2018.0,Chevrolet,SILVERADO,12,Wednesday,11
MCP271700B8,17014918,Montgomery County Police,Property Damage Crash,2017-03-23 18:00:00,Maryland (State),EAST WEST HWY,GLENDALE RD,OTHER,CLEAR,DRY,DAYLIGHT,STOP SIGN,NONE DETECTED,No,No Apparent Injury,NOT DISTRACTED,MD,Passenger Car,35,2003.0,Honda,ACCORD,18,Thursday,3
MCP2722000X,15008591,Montgomery County Police,Property Damage Crash,2015-02-21 10:30:00,Unknown,Unknown,Unknown,OTHER,SNOW,Unknown,DAYLIGHT,NO CONTROLS,Unknown,Yes,No Apparent Injury,NOT DISTRACTED,MD,Passenger Car,15,2003.0,Toyota,COROLLA,10,Saturday,2
MCP28010010,15043552,MONTGOMERY,Property Damage Crash,2015-08-30 05:10:00,US (State),COLUMBIA PIKE,GREENCASTLE RD,HEAD ON LEFT TURN,CLEAR,DRY,DARK LIGHTS ON,TRAFFIC SIGNAL,Unknown,Yes,No Apparent Injury,NOT DISTRACTED,DC,Passenger Car,55,2014.0,Volks,TIGUAN,5,Sunday,8
MCP1334004F,16054701,Montgomery County Police,Injury Crash,2016-10-24 12:36:00,County,MONTGOMERY VILLAGE AVE,MIDCOUNTY HWY,SAME DIRECTION LEFT TURN,CLOUDY,DRY,DAYLIGHT,TRAFFIC SIGNAL,NONE DETECTED,No,Possible Injury,NOT DISTRACTED,MD,(Sport) Utility Vehicle,35,2014.0,Honda,CRV,12,Monday,10
MCP3242001W,220035460,Montgomery County Police,Property Damage Crash,2022-08-17 09:05:00,Maryland (State),GEORGIA AVE,LOCUST GROVE RD,SAME DIRECTION LEFT TURN,CLEAR,DRY,DAYLIGHT,NO CONTROLS,NONE DETECTED,Yes,No Apparent Injury,NOT DISTRACTED,VA,(Sport) Utility Vehicle,35,2021.0,Porsche,MACAN,9,Wednesday,8
MCP22980173,250021436,MONTGOMERY,Injury Crash,2025-05-15 13:27:00,County Route,ASPEN HILL RD,CONNECTICUT AVE (SB/L),Unknown,Clear,Dry,Daylight,Traffic Control Signal,"Not Suspect of Alcohol Use, Not Suspect of Drug Use",No,No Apparent Injury,Not Distracted,MD,Passenger Car,35,2022.0,Honda,CIVIC,13,Thursday,5
MCP34010025,250023752,MONTGOMERY,Injury Crash,2025-05-28 21:20:00,Bicycle Route,Unknown,NEW HAMPSHIRE AVE (SB/L) NORBECK RD (WB/L) SPENCERVILLE RD (WB/L),Other,Rain,Wet,Dark - Not Lighted,Traffic Control Signal,"Not Suspect of Alcohol Use, Not Suspect of Drug Use",Yes,No Apparent Injury,Not Distracted,MD,Passenger Car,40,2008.0,Acura,TL,21,Wednesday,5
MCP2726000S,15054710,MONTGOMERY,Injury Crash,2015-10-28 09:56:00,County,MONTROSE RD,TOWER OAKS BLVD,HEAD ON LEFT TURN,RAINING,WET,DAYLIGHT,TRAFFIC SIGNAL,NONE DETECTED,Yes,No Apparent Injury,NOT DISTRACTED,MD,Passenger Car,40,2015.0,Jeep,SUV,9,Wednesday,10
DD5583007P,220050486,Rockville Police Departme,Property Damage Crash,2022-11-15 14:04:00,Unknown,Unknown,Unknown,OTHER,RAINING,Unknown,DAYLIGHT,NO CONTROLS,UNKNOWN,Yes,No Apparent Injury,UNKNOWN,MD,Passenger Car,0,2010.0,Lexus,4 DOOR,14,Tuesday,11
MCP219800GL,240060274,MONTGOMERY,Injury Crash,2024-12-17 14:55:00,Other Public Roadway,W WATKINS MILL RD (SB/L),Unknown,Angle,Clear,Dry,Daylight,Traffic Control Signal,"Not Suspect of Alcohol Use, Not Suspect of Drug Use",No,Possible Injury,Unknown,MD,Passenger Car,35,2020.0,Ford,F-250,14,Tuesday,12
MCP3280000J,210013723,Montgomery County Police,Property Damage Crash,2021-04-13 06:33:00,County,GATESHEAD MANOR WAY,BRIGGS CHANEY RD,SAME DIRECTION SIDESWIPE,CLEAR,DRY,DAYLIGHT,NO CONTROLS,NONE DETECTED,Yes,No Apparent Injury,NOT DISTRACTED,DC,Transit Bus,25,2014.0,Nabi,TBU,6,Tuesday,4
MCP3030005Y,240007909,MONTGOMERY,Injury Crash,2024-02-17 21:37:00,Maryland (State) Route,Unknown,Unknown,Front to Rear,Clear,Dry,Dark - Lighted,No Controls,"Not Suspect of Alcohol Use, Not Suspect of Drug Use",Yes,No Apparent Injury,Unknown,DC,Passenger Car,35,2015.0,Audi,A6,21,Saturday,2
MCP295400CY,230006567,Montgomery County Police,Injury Crash,2023-02-09 09:11:00,Interstate (State),CAPITAL BELTWAY,EXIT #29,SAME DIR REAR END,CLOUDY,DRY,DAYLIGHT,NO CONTROLS,NONE DETECTED,Yes,No Apparent Injury,LOOKED BUT DID NOT SEE,MD,Passenger Car,50,2006.0,Toyota,4RUNNER,9,Thursday,2
MCP3148003G,210041718,Montgomery County Police,Property Damage Crash,2021-10-17 20:25:00,Interstate (State),CAPITAL BELTWAY,EXIT #35,SAME DIR REAR END,CLEAR,DRY,DARK LIGHTS ON,Unknown,NONE DETECTED,No,No Apparent Injury,NOT DISTRACTED,MD,Passenger Car,55,2013.0,Audi,Q7,20,Sunday,10
MCP1564006H,220019515,Montgomery County Police,Injury Crash,2022-05-08 08:39:00,County,FAIRLAND RD,CASTLE CLIFF WAY,SINGLE VEHICLE,CLOUDY,WET,DAYLIGHT,NO CONTROLS,NONE DETECTED,Yes,Suspected Minor Injury,NOT DISTRACTED,MD,Passenger Car,40,2013.0,Nissan,ALTIMA,8,Sunday,5
MCP2940001N,170508110,Montgomery County Police,Property Damage Crash,2017-05-16 14:46:00,Maryland (State),CONNECTICUT AVE,CLUB DR,OPPOSITE DIRECTION SIDESWIPE,CLEAR,DRY,DAYLIGHT,NO CONTROLS,NONE DETECTED,Yes,No Apparent Injury,NOT DISTRACTED,MD,Passenger Car,35,2007.0,Suba,SW,14,Tuesday,5
MCP0036007S,180018568,Montgomery County Police,Injury Crash,2018-04-16 14:43:00,Maryland (State),FREDERICK RD,MIDDLEBROOK RD,OPPOSITE DIRECTION SIDESWIPE,CLEAR,DRY,DAYLIGHT,NO CONTROLS,NONE DETECTED,No,Suspected Minor Injury,NOT DISTRACTED,MD,Passenger Car,40,2015.0,Toyota,VAN,14,Monday,4
MCP3097002T,220040833,Montgomery County Police,Property Damage Crash,2022-09-19 19:44:00,County,RANDOLPH RD,LOCKSLEY LA,SAME DIR REND RIGHT TURN,Unknown,Unknown,DARK LIGHTS ON,Unknown,NONE DETECTED,Yes,No Apparent Injury,INATTENTIVE OR LOST IN THOUGHT,MD,Passenger Car,40,2006.0,Mini,COOER S,19,Monday,9
MCP2311005R,190007953,Montgomery County Police,Property Damage Crash,2019-02-19 08:50:00,Interstate (State),EISENHOWER MEMORIAL HWY,END C/D LANE (NB/L),SAME DIR REAR END,CLEAR,DRY,DAYLIGHT,Unknown,Unknown,No,No Apparent Injury,NOT DISTRACTED,MD,Passenger Car,55,2003.0,Hond,4S,8,Tuesday,2
MCP2908001M,16021822,Montgomery County Police,Injury Crash,2016-05-03 13:13:00,Maryland (State),NEW HAMPSHIRE AVE,POWDER MILL RD,ANGLE MEETS LEFT TURN,CLEAR,DRY,DAYLIGHT,TRAFFIC SIGNAL,UNKNOWN,Yes,No Apparent Injury,NOT DISTRACTED,MD,Passenger Car,40,2015.0,Chev,MALIBU,13,Tuesday,5
MCP2933001B,16062105,Montgomery County Police,Injury Crash,2016-12-03 15:35:00,Maryland (State),BRADLEY BLVD,DURBIN RD,SAME DIR REAR END,CLEAR,DRY,DAYLIGHT,NO CONTROLS,NONE DETECTED,Yes,No Apparent Injury,UNKNOWN,DC,Passenger Car,30,2016.0,Mazda,CX3,15,Saturday,12
MCP2446005J,210047483,Montgomery County Police,Property Damage Crash,2021-11-22 16:15:00,Maryland (State),WOODFIELD RD,GOSHEN SCHOOL RD,SAME DIR REAR END,CLEAR,DRY,DAYLIGHT,NO CONTROLS,NONE DETECTED,Yes,No Apparent Injury,NOT DISTRACTED,MD,Passenger Car,50,2021.0,Kia,SD,16,Monday,11
MCP29710047,180055944,Montgomery County Police,Property Damage Crash,2018-11-07 17:13:00,County,BARNESVILLE RD,BARNESVILLE RD,HEAD ON LEFT TURN,CLEAR,DRY,DARK -- UNKNOWN LIGHTING,FLASHING TRAFFIC SIGNAL,ALCOHOL PRESENT,Yes,No Apparent Injury,NOT DISTRACTED,MD,Passenger Car,30,2007.0,Ford,FOCUS,17,Wednesday,11
MCP25260025,210044905,Montgomery County Police,Injury Crash,2021-11-05 22:06:00,Maryland (State),WHITES FERRY RD,PARTNERSHIP RD,SINGLE VEHICLE,CLEAR,DRY,DARK NO LIGHTS,NO CONTROLS,UNKNOWN,Yes,Suspected Minor Injury,NOT DISTRACTED,MD,(Sport) Utility Vehicle,30,2013.0,Ford,EXPLORER,22,Friday,11
MCP2892002H,17051231,Montgomery County Police,Property Damage Crash,2017-06-07 16:17:00,US (State),COLESVILLE RD,SPRING ST,SAME DIR REAR END,CLEAR,DRY,DAYLIGHT,NO CONTROLS,NONE DETECTED,Yes,No Apparent Injury,NOT DISTRACTED,MD,Passenger Car,35,2016.0,Lexus,TK,16,Wednesday,6
MCP29830016,16049207,Montgomery County Police,Property Damage Crash,2016-09-24 20:22:00,Maryland (State),GEORGIA AVE,FENWICK LA,SAME DIR REAR END,CLEAR,DRY,DARK LIGHTS ON,Unknown,NONE DETECTED,No,No Apparent Injury,NOT DISTRACTED,NY,(Sport) Utility Vehicle,35,2004.0,Jeep,4S,20,Saturday,9
MCP32250019,210009070,Montgomery County Police,Property Damage Crash,2021-03-10 18:30:00,Maryland (State),VEIRS MILL RD,UNIVERSITY BLVD W,SAME DIRECTION SIDESWIPE,CLEAR,DRY,DUSK,Unknown,NONE DETECTED,No,No Apparent Injury,NOT DISTRACTED,MD,Transit Bus,35,2008.0,Gill,BUS 5726,18,Wednesday,3
MCP23110033,180004520,Montgomery County Police,Property Damage Crash,2018-01-26 17:38:00,County,BEECHCRAFT AVE,BONANZA WAY,STRAIGHT MOVEMENT ANGLE,CLEAR,DRY,DARK NO LIGHTS,Unknown,Unknown,No,No Apparent Injury,NOT DISTRACTED,MD,Passenger Car,25,2017.0,Ford,4S,17,Friday,1
MCP33220028,230074214,Montgomery County Police,Property Damage Crash,2023-12-29 20:27:00,Maryland (State),VEIRS MILL RD,CENTERHILL ST,SAME DIRECTION RIGHT TURN,CLEAR,DRY,DARK LIGHTS ON,NO CONTROLS,Unknown,No,No Apparent Injury,NOT DISTRACTED,MD,Passenger Car,35,2017.0,Nisan,ROGUE,20,Friday,12
MCP2633002T,220047691,Montgomery County Police,Property Damage Crash,2022-10-30 18:19:00,County,SHADY GROVE RD,RAMP 8 FR RAMP 5 TO SHADY GROVE RD,SAME DIR REAR END,Unknown,DRY,DARK LIGHTS ON,TRAFFIC SIGNAL,NONE DETECTED,No,No Apparent Injury,NOT DISTRACTED,MD,"Cargo Van/Light Truck 2 Axles (Over 10,000Lbs (4,536 Kg))",45,2004.0,Dodge,SPRINTER VAN,18,Sunday,10
MCP33050048,250011461,MONTGOMERY,Injury Crash,2025-03-16 02:45:00,Maryland (State) Route,UNIVERSITY BLVD W (WB/L),COLESVILLE RD (SB/L),Rear To Side,Clear,Dry,Dark - Lighted,Traffic Control Signal,"Not Suspect of Alcohol Use, Not Suspect of Drug Use",No,No Apparent Injury,Not Distracted,MD,Passenger Car,35,2022.0,Honda,ACCORD,2,Sunday,3
MCP9301002G,180027445,Montgomery County Police,Property Damage Crash,2018-06-04 13:30:00,Interstate (State),EISENHOWER MEMORIAL HWY,RAMP 6 FR MD 117 EB TO IS 270 SB,SAME DIR REAR END,Unknown,DRY,DAYLIGHT,NO CONTROLS,Unknown,No,No Apparent Injury,NOT DISTRACTED,MD,Passenger Car,15,2007.0,Honda,4D,13,Monday,6
MCP22910024,170536828,Montgomery County Police,Injury Crash,2017-10-15 17:54:00,Maryland (State),CONNECTICUT AVE,BLACKTHORN ST,STRAIGHT MOVEMENT ANGLE,CLEAR,DRY,DUSK,NO CONTROLS,NONE DETECTED,No,Possible Injury,NOT DISTRACTED,DC,Passenger Car,30,2004.0,Toyota,COROLLA,17,Sunday,10
MCP2356003H,240007676,MONTGOMERY,Property Damage Crash,2024-02-16 13:45:00,County Route,SHADY GROVE RD,FREDERICK RD,"Sideswipe, Same Direction",Clear,Dry,Daylight,Traffic Control Signal,"Not Suspect of Alcohol Use, Not Suspect of Drug Use",No,No Apparent Injury,Not Distracted,MD,Sport Utility Vehicle,40,2024.0,Honda,CR-V,13,Friday,2
MCP2882002P,230004111,Montgomery County Police,Property Damage Crash,2023-01-25 14:44:00,Maryland (State),OLNEY LAYTONSVILLE RD,RIGGS RD,HEAD ON,RAINING,WET,DAYLIGHT,NO CONTROLS,NONE DETECTED,No,No Apparent Injury,NOT DISTRACTED,MD,Van,40,2021.0,Ford,TRANSIT,14,Wednesday,1
DM83360018,170545796,Takoma Park Police Depart,Injury Crash,2017-11-30 13:25:00,Municipality,MERRIMAC DR,UNIVERSITY BLVD E,STRAIGHT MOVEMENT ANGLE,CLEAR,DRY,DAYLIGHT,NO CONTROLS,Unknown,No,Possible Injury,NOT DISTRACTED,MD,Other,35,2009.0,Toyota,COROLLA,13,Thursday,11
MCP21210030,230067765,Montgomery County Police,Injury Crash,2023-11-22 08:38:00,Maryland (State),DARNESTOWN RD,SUGARLAND RD,HEAD ON,CLOUDY,WET,DAYLIGHT,OTHER,NONE DETECTED,Yes,No Apparent Injury,NOT DISTRACTED,MD,Other,50,2016.0,International,DUMP TRUCK,8,Wednesday,11
MCP9432003J,230022756,Montgomery County Police,Property Damage Crash,2023-05-12 09:27:00,County,SECOND AVE,GRACE CHURCH RD,STRAIGHT MOVEMENT ANGLE,CLEAR,DRY,DAYLIGHT,STOP SIGN,NONE DETECTED,Yes,No Apparent Injury,NOT DISTRACTED,UT,(Sport) Utility Vehicle,25,2023.0,Nissan,UT,9,Friday,5
DD5605000Y,15006304,Rockville Police Departme,Injury Crash,2015-02-07 18:48:00,Municipality,ROLLINS AVE,E JEFFERSON ST,SAME DIR REAR END,CLEAR,DRY,DARK LIGHTS ON,OTHER,NONE DETECTED,Yes,Suspected Minor Injury,LOOKED BUT DID NOT SEE,MD,(Sport) Utility Vehicle,35,2014.0,Audi,Q7,18,Saturday,2
MCP20400025,210025877,Montgomery County Police,Injury Crash,2021-07-06 09:28:00,Maryland (State),DARNESTOWN RD,BELLINGHAM DR,SAME DIR REAR END,CLEAR,DRY,DAYLIGHT,Unknown,NONE DETECTED,Yes,Possible Injury,LOOKED BUT DID NOT SEE,MD,(Sport) Utility Vehicle,50,2016.0,Hyundai,SANTA FE,9,Tuesday,7
MCP3275002R,250005644,MONTGOMERY,Property Damage Crash,2025-02-07 12:53:00,Bicycle Route,Unknown,BROADBIRCH DR,Front to Rear,Clear,Dry,Daylight,Traffic Control Signal,"Unknown, Unknown",No,Unknown,Unknown,Unknown,Passenger Car,40,2015.0,Lexus,RX,12,Friday,2
MCP2362000P,15026130,Montgomery County Police,Property Damage Crash,2015-05-30 13:10:00,Maryland (State),PINEY BRANCH RD,BARRON ST,HEAD ON LEFT TURN,CLEAR,DRY,DAYLIGHT,TRAFFIC SIGNAL,NONE DETECTED,No,No Apparent Injury,NOT DISTRACTED,CT,Passenger Car,35,1998.0,Toyota,COROLLA,13,Saturday,5
DD5575000C,15005215,Rockville Police Departme,Injury Crash,2015-02-01 23:27:00,Municipality,GAIL AVE,VEIRS MILL RD,OTHER,WINTRY MIX,WET,DARK LIGHTS ON,Unknown,ALCOHOL PRESENT,Yes,Suspected Minor Injury,NOT DISTRACTED,MD,Recreational Vehicle,25,2014.0,Mazda,CX5,23,Sunday,2
MCP2974004D,230009230,Montgomery County Police,Injury Crash,2023-02-24 07:40:00,County,CASTLE BLVD,TEAGARDEN CIR,STRAIGHT MOVEMENT ANGLE,CLEAR,DRY,DAYLIGHT,NO CONTROLS,NONE DETECTED,Yes,Possible Injury,LOOKED BUT DID NOT SEE,MD,Passenger Car,35,2014.0,Hyundai,SONATA,7,Friday,2
MCP2756004Z,230013964,Montgomery County Police,Injury Crash,2023-03-22 20:00:00,County,RANDOLPH RD,GLENMONT CIR #1,SAME DIRECTION SIDESWIPE,CLEAR,DRY,DARK LIGHTS ON,TRAFFIC SIGNAL,NONE DETECTED,Yes,No Apparent Injury,LOOKED BUT DID NOT SEE,MD,Passenger Car,35,2008.0,Toyota,TACOMA,20,Wednesday,3
MCP3232004Z,240025646,MONTGOMERY,Injury Crash,2024-05-30 14:50:00,Maryland (State) Route,Unknown,SKYMEADOW WAY,Front to Rear,Clear,Dry,Daylight,No Controls,"Not Suspect of Alcohol Use, Not Suspect of Drug Use",No,No Apparent Injury,Not Distracted,MD,Sport Utility Vehicle,35,2017.0,Ford,ESCAPE,14,Thursday,5
MCP20390051,190006404,Montgomery County Police,Property Damage Crash,2019-02-09 10:28:00,Maryland (State),CONNECTICUT AVE,ATHERTON DR,SAME DIR REAR END,CLEAR,DRY,DAYLIGHT,Unknown,Unknown,Yes,No Apparent Injury,UNKNOWN,MD,Passenger Car,45,2014.0,Toyota,COROLLA,10,Saturday,2
MCP3134005B,240051502,MONTGOMERY,Injury Crash,2024-10-27 16:05:00,County Route,BRIGGS CHANEY RD,Unknown,Single Vehicle,Clear,Dry,Daylight,No Controls,"Not Suspect of Alcohol Use, Not Suspect of Drug Use",No,No Apparent Injury,Not Distracted,MD,Passenger Car,45,2010.0,Toyota,PRIUS,16,Sunday,10
MCP2722001Y,16057402,Montgomery County Police,Property Damage Crash,2016-11-07 12:39:00,Maryland (State),VEIRS MILL RD,ROBINDALE DR,SAME DIR REAR END,CLEAR,DRY,DAYLIGHT,NO CONTROLS,Unknown,Yes,No Apparent Injury,NOT DISTRACTED,MD,Passenger Car,45,2010.0,Kia,SOUL,12,Monday,11
MCP29540076,190035818,Montgomery County Police,Injury Crash,2019-07-27 17:10:00,Maryland (State),PINEY BRANCH RD,NO NAME,OTHER,CLEAR,Unknown,DAYLIGHT,NO CONTROLS,NONE DETECTED,Yes,No Apparent Injury,NOT DISTRACTED,MD,Passenger Car,30,2003.0,Honda,ACCORD,17,Saturday,7
MCP0942003J,220018782,Montgomery County Police,Property Damage Crash,2022-05-03 12:51:00,County,TALBOT AVE,BROOKVILLE RD,SAME DIR REAR END,CLOUDY,DRY,DAYLIGHT,NO CONTROLS,NONE DETECTED,Yes,No Apparent Injury,NOT DISTRACTED,MD,"Cargo Van/Light Truck 2 Axles (Over 10,000Lbs (4,536 Kg))",25,2007.0,Frei,DELIVERY TRUCK,12,Tuesday,5
MCP2203008K,240040304,MONTGOMERY,Property Damage Crash,2024-08-26 08:30:00,Maryland (State) Route,NO NAME,CONNECTICUT AVE (SB/L),Front to Rear,Clear,Dry,Daylight,Traffic Control Signal,"Not Suspect of Alcohol Use, Not Suspect of Drug Use",No,No Apparent Injury,Not Distracted,MD,Passenger Car,35,2022.0,Hyundai,GENESIS,8,Monday,8
MCP3123003C,220007739,Montgomery County Police,Property Damage Crash,2022-02-22 10:49:00,County,SHADY GROVE RD,CROSSOVER,SAME DIRECTION LEFT TURN,CLOUDY,DRY,DAYLIGHT,TRAFFIC SIGNAL,Unknown,Yes,No Apparent Injury,INATTENTIVE OR LOST IN THOUGHT,MD,Passenger Car,35,2016.0,Nissan,MAXIMA,10,Tuesday,2
MCP15800065,16046745,Montgomery County Police,Injury Crash,2016-09-12 14:51:00,Unknown,Unknown,Unknown,STRAIGHT MOVEMENT ANGLE,CLEAR,Unknown,DAYLIGHT,NO CONTROLS,NONE DETECTED,Yes,No Apparent Injury,UNKNOWN,MD,Pickup Truck,15,2004.0,Chev,COLORADO,14,Monday,9
MCP2466004N,230071512,Montgomery County Police,Injury Crash,2023-12-13 15:10:00,Maryland (State),DARNESTOWN RD,TSCHIFFELY SQUARE RD,SAME DIR REAR END,CLEAR,DRY,DAYLIGHT,TRAFFIC SIGNAL,NONE DETECTED,No,No Apparent Injury,NOT DISTRACTED,MD,Passenger Car,30,2016.0,Audi,Q5 TK,15,Wednesday,12
MCP2722004V,230051901,Montgomery County Police,Injury Crash,2023-08-28 19:24:00,County,ROSSMOOR BLVD,SPUR FR MD 97,HEAD ON LEFT TURN,CLEAR,DRY,DAYLIGHT,OTHER,NONE DETECTED,No,Suspected Minor Injury,NOT DISTRACTED,MD,Passenger Car,25,2014.0,Nissan,ALTIMA,19,Monday,8
MCP3030001N,180034348,Montgomery County Police,Injury Crash,2018-07-11 20:25:00,Maryland (State),RIVER RD,PINEY MEETINGHOUSE RD,SAME DIR REAR END,CLEAR,DRY,DUSK,TRAFFIC SIGNAL,NONE DETECTED,Yes,Possible Injury,INATTENTIVE OR LOST IN THOUGHT,TX,Passenger Car,35,2011.0,Hond,TK,20,Wednesday,7
DD5649003X,250000862,ROCKVILLE,Property Damage Crash,2025-01-07 17:40:00,Ramp,RAMP 6 FR MD 28 EB TO IS 270 SB,Unknown,Front to Rear,Clear,Ice/Frost,Dark - Lighted,Flashing Traffic Control Signal,"Not Suspect of Alcohol Use, Not Suspect of Drug Use",No,No Apparent Injury,Not Distracted,VA,Sport Utility Vehicle,30,2015.0,Cadillac,ESCALADE,17,Tuesday,1
MCP2385000W,16050403,Montgomery County Police,Property Damage Crash,2016-10-01 03:02:00,County,ANNAPOLIS ROCK RD,DAMASCUS RD,HEAD ON LEFT TURN,RAINING,WET,DARK NO LIGHTS,STOP SIGN,UNKNOWN,Yes,No Apparent Injury,INATTENTIVE OR LOST IN THOUGHT,MD,(Sport) Utility Vehicle,50,2008.0,Saturn,OUTLOOK,3,Saturday,10
DD5611005B,180055825,Rockville Police Departme,Property Damage Crash,2018-11-07 07:54:00,Maryland (State),E JEFFERSON ST,MARYLAND AVE,SAME DIRECTION RIGHT TURN,CLEAR,DRY,DAYLIGHT,TRAFFIC SIGNAL,NONE DETECTED,No,No Apparent Injury,NOT DISTRACTED,MD,Passenger Car,30,2013.0,Toyt,TK,7,Wednesday,11
MCP2904006K,180062499,Montgomery County Police,Property Damage Crash,2018-12-14 16:40:00,Unknown,Unknown,Unknown,OTHER,CLEAR,Unknown,DAYLIGHT,NO CONTROLS,NONE DETECTED,No,No Apparent Injury,NOT DISTRACTED,MD,Passenger Car,0,2011.0,Mitsubishi,SUV,16,Friday,12
MCP3220004N,240033626,MONTGOMERY,Injury Crash,2024-07-16 18:36:00,County Route,MUDDY BRANCH RD,Unknown,Single Vehicle,Clear,Dry,Daylight,No Controls,"Not Suspect of Alcohol Use, Not Suspect of Drug Use",No,Possible Injury,Unknown,MD,Motorcycle - 2 Wheeled,45,2012.0,Suzuki,VL800,18,Tuesday,7
MCP3379000W,240030275,MONTGOMERY,Property Damage Crash,2024-06-26 19:30:00,County Route,RIDGE RD,Unknown,Front to Rear,Clear,Dry,Daylight,No Controls,"Not Suspect of Alcohol Use, Not Suspect of Drug Use",No,No Apparent Injury,Not Distracted,MD,Passenger Car,40,2022.0,Subaru,IMPREZA,19,Wednesday,6