Report Number,Local Case Number,Agency Name,ACRS Report Type,Crash Date/Time,Route Type,Road Name,Cross-Street Name,Collision Type,Weather,Surface Condition,Light,Traffic Control,Driver Substance Abuse,Driver At Fault,Injury Severity,Driver Distracted By,Drivers License State,Vehicle Body Type,Speed Limit,Vehicle Year,Vehicle Make,Vehicle Model,Crash Hour,Crash Day,Crash Month
MCP28670029,16025450,Montgomery County Police,Injury Crash,2016-05-22 14:36:00,Maryland (State),UNIVERSITY BLVD E,MERRIMAC DR,OTHER,RAINING,WET,DAYLIGHT,Unknown,NONE DETECTED,Yes,No Apparent Injury,NOT DISTRACTED,MD,Passenger Car,40,2001.0,Volv,V70,14,Sunday,5
MCP289100DJ,240033324,MONTGOMERY,Property Damage Crash,2024-07-15 10:09:00,Maryland (State) Route,GEORGIA AVE,Unknown,"Sideswipe, Same Direction",Clear,Dry,Daylight,No Controls,"Unknown, Unknown",Yes,No Apparent Injury,Unknown,Unknown,Bus - Other Type,30,2024.0,Van Hool,DOUBLE DECK COACH,10,Monday,7
EJ7898003T,240040717,GAITHERSBURG,Property Damage Crash,2024-08-24 16:08:00,Unknown,Unknown,Unknown,Single Vehicle,Unknown,Unknown,Daylight,Unknown,"Unknown, Unknown",Yes,No Apparent Injury,Unknown,MD,Single-Unit Truck,0,2017.0,Ford,F-650,16,Saturday,8
MCP2914003Y,16064609,Montgomery County Police,Injury Crash,2016-12-16 21:28:00,Maryland (State),NEW HAMPSHIRE AVE,CRESTHAVEN DR,OTHER,Unknown,Unknown,DARK LIGHTS ON,STOP SIGN,Unknown,No,No Apparent Injury,NOT DISTRACTED,MD,Passenger Car,40,2003.0,Acur,4L,21,Friday,12
MCP229800BY,17003308,Montgomery County Police,Injury Crash,2017-01-19 14:40:00,County,MIDDLEBROOK RD,WARING STATION RD,HEAD ON LEFT TURN,CLEAR,DRY,DAYLIGHT,TRAFFIC SIGNAL,NONE DETECTED,No,Possible Injury,NOT DISTRACTED,MD,Passenger Car,40,2009.0,Hond,CIVIC,14,Thursday,1
MCP285900HJ,240054463,MONTGOMERY,Injury Crash,2024-11-13 08:20:00,Ramp,RAMP 7 FR IS 370 WB TO MD 355 SB,FREDERICK RD ONEILL DR,Angle,Clear,Dry,Daylight,Traffic Control Signal,"Not Suspect of Alcohol Use, Not Suspect of Drug Use",No,Possible Injury,Not Distracted,MD,Passenger Car,25,2013.0,Nissan,SENTRA,8,Wednesday,11
MCP3148004Q,230021861,Montgomery County Police,Property Damage Crash,2023-05-07 18:01:00,County,RANDOLPH RD,LAUDERDALE DR,SAME DIR REAR END,RAINING,WET,DAYLIGHT,TRAFFIC SIGNAL,NONE DETECTED,No,No Apparent Injury,NOT DISTRACTED,NY,Passenger Car,35,1998.0,Toyota,CAMRY,18,Sunday,5
MCP28450020,16040709,Montgomery County Police,Injury Crash,2016-08-11 13:09:00,Maryland (State),NEW HAMPSHIRE AVE,OAKVIEW DR,SAME DIR REAR END,CLEAR,DRY,DAYLIGHT,TRAFFIC SIGNAL,NONE DETECTED,Yes,Suspected Minor Injury,UNKNOWN,MD,Passenger Car,40,2012.0,Volkswagen,JETTA,13,Thursday,8
MCP3269002J,230004269,Montgomery County Police,Property Damage Crash,2023-01-26 11:30:00,County,CASTLE BLVD,BRIGGS CHANEY RD,STRAIGHT MOVEMENT ANGLE,CLOUDY,DRY,DAYLIGHT,NO CONTROLS,NONE DETECTED,Yes,No Apparent Injury,NOT DISTRACTED,MD,Passenger Car,25,2010.0,Toyota,CAMRY,11,Thursday,1
DD55750010,16050029,Rockville Police Departme,Property Damage Crash,2016-09-29 05:45:00,Maryland (State),NORBECK RD,E GUDE DR,STRAIGHT MOVEMENT ANGLE,RAINING,WET,DARK LIGHTS ON,TRAFFIC SIGNAL,NONE DETECTED,No,No Apparent Injury,UNKNOWN,MD,Passenger Car,50,2002.0,Ford,TK,5,Thursday,9
MCP2330002P,200038501,Montgomery County Police,Injury Crash,2020-09-30 16:52:00,Maryland (State),CONNECTICUT AVE,ADAMS DR,OTHER,CLEAR,DRY,DAYLIGHT,TRAFFIC SIGNAL,NONE DETECTED,No,Possible Injury,NOT DISTRACTED,MD,Passenger Car,25,2009.0,Toyoya,CAMRY,16,Wednesday,9
MCP31650048,220055652,Montgomery County Police,Property Damage Crash,2022-12-16 08:50:00,County,GATESHEAD MANOR WAY,ASTON MANOR DR,STRAIGHT MOVEMENT ANGLE,CLEAR,WET,DAYLIGHT,STOP SIGN,NONE DETECTED,Unknown,No Apparent Injury,NOT DISTRACTED,MD,Passenger Car,25,1999.0,Honda,CIVIC,8,Friday,12
MCP15750086,190003530,Montgomery County Police,Injury Crash,2019-01-23 12:37:00,Maryland (State),FIRST ST,MAPLE AVE,SAME DIR REAR END,CLOUDY,DRY,DAYLIGHT,NO CONTROLS,NONE DETECTED,Yes,Possible Injury,UNKNOWN,MD,Passenger Car,40,2012.0,Toyota,CAMRY,12,Wednesday,1
MCP3096000L,180021110,Montgomery County Police,Injury Crash,2018-04-30 15:03:00,County,GAITHER RD,SHADY GROVE RD,STRAIGHT MOVEMENT ANGLE,CLEAR,DRY,DAYLIGHT,STOP SIGN,NONE DETECTED,Yes,Suspected Minor Injury,LOOKED BUT DID NOT SEE,MD,Passenger Car,30,2007.0,Toyota,FJ,15,Monday,4
MCP2710001L,170540270,Montgomery County Police,Injury Crash,2017-11-01 18:00:00,County,SHADY GROVE RD,RAMP 8 FR RAMP 5 TO SHADY GROVE RD,STRAIGHT MOVEMENT ANGLE,Unknown,DRY,DUSK,TRAFFIC SIGNAL,NONE DETECTED,Yes,No Apparent Injury,UNKNOWN,TX,Passenger Car,45,2002.0,Toyota,VAN,18,Wednesday,11
EJ78020009,16001272,Gaithersburg Police Depar,Property Damage Crash,2016-01-07 23:16:00,Municipality,BICKERSTAFF WAY,SHARPSTEAD LA,SINGLE VEHICLE,CLEAR,DRY,DARK LIGHTS ON,Unknown,NONE DETECTED,Yes,No Apparent Injury,OTHER CELLULAR PHONE RELATED,MD,Passenger Car,25,2009.0,Volvo,S60,23,Thursday,1
MCP22980052,15012920,Montgomery County Police,Property Damage Crash,2015-03-20 18:01:00,Maryland (State),FREDERICK RD,ARCHDALE RD,SAME DIR REAR END,Unknown,DRY,DAYLIGHT,NO CONTROLS,NONE DETECTED,No,No Apparent Injury,NOT DISTRACTED,MD,Passenger Car,45,2013.0,Ford,FOCUS,18,Friday,3
MCP3311000G,220007648,Montgomery County Police,Property Damage Crash,2022-02-21 19:12:00,Maryland (State),GEORGIA AVE,RAMP 3 FR IS 495 EB TO MD 97 NB,SAME DIR REAR END,Unknown,DRY,DARK LIGHTS ON,NO CONTROLS,Unknown,No,No Apparent Injury,NOT DISTRACTED,MD,Passenger Car,30,2022.0,Kia,STINGER,19,Monday,2
MCP30860031,190048438,Montgomery County Police,Property Damage Crash,2019-10-09 06:30:00,Unknown,Unknown,Unknown,OTHER,CLOUDY,Unknown,DAWN,NO CONTROLS,NONE DETECTED,No,No Apparent Injury,NOT DISTRACTED,MD,Passenger Car,15,2016.0,Volkswagen,JETTA,6,Wednesday,10
EJ78690030,190039910,Gaithersburg Police Depar,Injury Crash,2019-08-20 23:53:00,Maryland (State),W DIAMOND AVE,QUINCE ORCHARD RD,SAME DIR REAR END,CLEAR,WET,DARK LIGHTS ON,TRAFFIC SIGNAL,NONE DETECTED,No,Possible Injury,NOT DISTRACTED,VA,Passenger Car,35,2001.0,Honda,UEX,23,Tuesday,8
MCP14390002,15064956,MONTGOMERY,Property Damage Crash,2015-12-19 16:03:00,County,JONES BRIDGE RD,CONNECTICUT AVE,SAME DIR REAR END,CLEAR,DRY,DAYLIGHT,TRAFFIC SIGNAL,NONE DETECTED,Yes,No Apparent Injury,LOOKED BUT DID NOT SEE,NY,Passenger Car,35,2008.0,Honda,CIVIC,16,Saturday,12
MCP30790061,240005465,MONTGOMERY,Injury Crash,2024-02-03 07:59:00,Maryland (State) Route,DAMASCUS RD,Unknown,Front to Rear,Clear,Dry,Daylight,No Controls,"Not Suspect of Alcohol Use, Not Suspect of Drug Use",No,No Apparent Injury,Not Distracted,MD,Other Trucks,30,2021.0,Mack,MD,7,Saturday,2
EJ78890059,240058596,GAITHERSBURG,Property Damage Crash,2024-12-07 19:25:00,Crossover,Unknown,WASHINGTONIAN BLVD,Angle,Clear,Dry,Dark - Lighted,No Controls,"Not Suspect of Alcohol Use, Not Suspect of Drug Use",No,No Apparent Injury,Not Distracted,DC,Passenger Car,25,2007.0,Toyota,CAMRY,19,Saturday,12
MCP3139000Q,180042422,Montgomery County Police,Property Damage Crash,2018-08-25 21:00:00,US (State),COLESVILLE RD,CRESTMOOR DR,ANGLE MEETS RIGHT TURN,CLEAR,Unknown,DARK -- UNKNOWN LIGHTING,STOP SIGN,Unknown,Yes,No Apparent Injury,LOOKED BUT DID NOT SEE,MD,Passenger Car,40,2011.0,Ford,4S,21,Saturday,8
MCP30850035,220015884,Montgomery County Police,Injury Crash,2022-04-14 17:30:00,County,TUCKERMAN LA,VALERIAN LA,SAME DIRECTION LEFT TURN,CLEAR,DRY,DAYLIGHT,OTHER,NONE DETECTED,Yes,No Apparent Injury,OTHER DISTRACTION,MD,Passenger Car,35,2014.0,Toyota,SIEANNA,17,Thursday,4
MCP1213004J,190029989,Montgomery County Police,Property Damage Crash,2019-06-23 13:00:00,Maryland (State),NEW HAMPSHIRE AVE,INTERCOUNTY CONNECTOR,SAME DIRECTION RIGHT TURN,CLEAR,DRY,DAYLIGHT,Unknown,NONE DETECTED,Unknown,No Apparent Injury,NOT DISTRACTED,MD,Passenger Car,45,2015.0,Toyt,CAMRY,13,Sunday,6
DD56430056,250013774,ROCKVILLE,Property Damage Crash,2025-03-29 21:56:00,Maryland (State) Route,Unknown,MARYLAND AVE,Front to Front,Clear,Dry,Dark - Lighted,Traffic Control Signal,"Not Suspect of Alcohol Use, Not Suspect of Drug Use",Yes,No Apparent Injury,Not Distracted,VA,Passenger Car,25,2014.0,Toyota,CAMRY,21,Saturday,3
MCP30770018,190029541,Montgomery County Police,Property Damage Crash,2019-06-20 10:53:00,County,MIDDLEBROOK RD,CELEBRATION WAY,SAME DIR REAR END,CLEAR,DRY,DAYLIGHT,Unknown,Unknown,Yes,No Apparent Injury,NOT DISTRACTED,MD,Passenger Car,30,2002.0,Ford,F150,10,Thursday,6
MCP2116005S,17008660,Montgomery County Police,Property Damage Crash,2017-02-17 14:42:00,Maryland (State),FREDERICK RD,REDLAND RD,SAME DIR REAR END,CLEAR,DRY,DAYLIGHT,Unknown,NONE DETECTED,No,No Apparent Injury,NOT DISTRACTED,MD,Passenger Car,40,2016.0,Toyota,SUV,14,Friday,2
MCP27860016,16036843,Montgomery County Police,Property Damage Crash,2016-07-21 00:07:00,Interstate (State),CAPITAL BELTWAY,RAMP 3 FR IS 495 EB TO MD 97 NB,SAME DIR REAR END,CLEAR,DRY,DARK LIGHTS ON,YIELD SIGN,NONE DETECTED,No,No Apparent Injury,NOT DISTRACTED,MD,Passenger Car,15,2008.0,Infiniti,G35,0,Thursday,7
DD56310048,210048662,Rockville Police Departme,Property Damage Crash,2021-11-30 22:16:00,Maryland (State),W MONTGOMERY AVE,DARNESTOWN RD,SINGLE VEHICLE,CLEAR,DRY,DARK LIGHTS ON,TRAFFIC SIGNAL,NONE DETECTED,Yes,No Apparent Injury,LOOKED BUT DID NOT SEE,MD,Passenger Car,45,2015.0,Honda,CIVIC,22,Tuesday,11
EJ78730018,190029105,Gaithersburg Police Depar,Property Damage Crash,2019-06-18 12:48:00,Maryland (State),S FREDERICK RD,CROSSOVER,OTHER,CLOUDY,DRY,DAYLIGHT,TRAFFIC SIGNAL,NONE DETECTED,Yes,No Apparent Injury,LOOKED BUT DID NOT SEE,MD,Transit Bus,35,2019.0,Gilg,BUS,12,Tuesday,6
MCP2717006Z,16039514,Montgomery County Police,Injury Crash,2016-08-04 18:00:00,Maryland (State),EAST WEST HWY,GLENDALE RD,OTHER,CLEAR,DRY,DAYLIGHT,Unknown,NONE DETECTED,No,No Apparent Injury,NOT DISTRACTED,VA,Passenger Car,25,2012.0,Volkswagon,JETTA,18,Thursday,8
EJ7870006T,240016102,GAITHERSBURG,Injury Crash,2024-04-06 20:26:00,Municipality Route,RUSSELL AVE (SB/L),WATKINS MILL RD,Angle,Clear,Dry,Dark - Lighted,No Controls,"Not Suspect of Alcohol Use, Not Suspect of Drug Use",No,Suspected Minor Injury,Not Distracted,MD,Sport Utility Vehicle,35,2004.0,Acura,MDX,20,Saturday,4
MCP1389000T,16040058,Montgomery County Police,Property Damage Crash,2016-08-07 19:45:00,Unknown,Unknown,Unknown,STRAIGHT MOVEMENT ANGLE,Unknown,Unknown,DAYLIGHT,Unknown,Unknown,No,No Apparent Injury,NOT DISTRACTED,MD,Passenger Car,15,2009.0,Toyota,COROLLA,19,Sunday,8
MCP3211002S,220028935,Montgomery County Police,Property Damage Crash,2022-07-06 10:00:00,Maryland (State),ROCKVILLE PIKE,EXECUTIVE BLVD,HEAD ON LEFT TURN,CLEAR,DRY,DAYLIGHT,NO CONTROLS,NONE DETECTED,Yes,No Apparent Injury,LOOKED BUT DID NOT SEE,MD,Passenger Car,45,2011.0,Hyundai,SANTAFE,10,Wednesday,7
MCP2761007G,250043792,MONTGOMERY,Injury Crash,2025-09-29 13:44:00,County Route,SHAKESPEARE BLVD (WB/L),FREDERICK RD,Angle,Clear,Dry,Daylight,Traffic Control Signal,"Not Suspect of Alcohol Use, Not Suspect of Drug Use",No,Possible Injury,Not Distracted,MD,Passenger Car,45,2018.0,Acura,ILX,13,Monday,9
MCP3444000D,250023084,MONTGOMERY,Injury Crash,2025-05-24 19:22:00,County Route,OVERLOOK DR,Unknown,Angle,Clear,Dry,Daylight,No Controls,"Not Suspect of Alcohol Use, Not Suspect of Drug Use",Yes,No Apparent Injury,Not Distracted,MD,Passenger Car,35,2012.0,Ford,FUSION,19,Saturday,5
MCP3109005G,210019736,Montgomery County Police,Injury Crash,2021-05-25 12:50:00,Maryland (State),GEORGIA AVE,FOREST GLEN RD,HEAD ON LEFT TURN,CLEAR,DRY,DAYLIGHT,TRAFFIC SIGNAL,NONE DETECTED,No,Possible Injury,NOT DISTRACTED,MD,Passenger Car,35,2019.0,Mazda,6,12,Tuesday,5
EJ78580090,240023777,GAITHERSBURG,Property Damage Crash,2024-05-20 12:31:00,Maryland (State) Route,W DIAMOND AVE (WB/L),Unknown,Front to Rear,Clear,Dry,Daylight,Traffic Control Signal,"Not Suspect of Alcohol Use, Not Suspect of Drug Use",No,No Apparent Injury,"Other Action (looking away from task, etc.)",MD,Sport Utility Vehicle,35,2021.0,Ford,EXPLORER,12,Monday,5
MCP2723000Z,15053370,MONTGOMERY,Property Damage Crash,2015-10-21 08:37:00,Maryland (State),GEORGIA AVE,CHERRY VALLEY DR,SAME DIR REAR END,CLEAR,DRY,DAYLIGHT,NO CONTROLS,Unknown,Yes,No Apparent Injury,UNKNOWN,MD,Passenger Car,50,2008.0,Chevy,IMPALA,8,Wednesday,10
MCP25980011,16051660,Montgomery County Police,Injury Crash,2016-10-07 19:26:00,US (State),GEORGIA AVE,WAYNE AVE,SINGLE VEHICLE,Unknown,DRY,DARK LIGHTS ON,TRAFFIC SIGNAL,ILLEGAL DRUG PRESENT,Yes,Possible Injury,NOT DISTRACTED,MD,Passenger Car,35,2011.0,Chevrolet,MALIBU,19,Friday,10
EJ7856001S,16047306,Gaithersburg Police Depar,Property Damage Crash,2016-09-15 09:32:00,Municipality,FIRSTFIELD RD,FIRSTFIELD RD (AHEAD),HEAD ON LEFT TURN,CLEAR,DRY,DAYLIGHT,STOP SIGN,Unknown,No,No Apparent Injury,NOT DISTRACTED,MD,Passenger Car,25,2012.0,Cadi,4S,9,Thursday,9
MCP271700NP,190023365,Montgomery County Police,Injury Crash,2019-05-17 16:40:00,Maryland (State),BRADLEY LA,EAST AVE,STRAIGHT MOVEMENT ANGLE,CLEAR,DRY,DAYLIGHT,STOP SIGN,NONE DETECTED,Yes,No Apparent Injury,LOOKED BUT DID NOT SEE,MD,Passenger Car,25,2016.0,Hyundai,ELANTRA,16,Friday,5
MCP1151008P,180060983,Montgomery County Police,Property Damage Crash,2018-12-06 11:10:00,County,FATHER HURLEY BLVD,WISTERIA DR,STRAIGHT MOVEMENT ANGLE,CLEAR,DRY,DAYLIGHT,TRAFFIC SIGNAL,NONE DETECTED,Yes,No Apparent Injury,LOOKED BUT DID NOT SEE,MD,Van,35,2006.0,Toyt,SIENNA,11,Thursday,12
MCP3397001C,250038364,MONTGOMERY,Injury Crash,2025-08-26 12:00:00,Bicycle Route,Unknown,Unknown,Front to Rear,Clear,Dry,Daylight,Yield Sign,"Not Suspect of Alcohol Use, Not Suspect of Drug Use",No,No Apparent Injury,Unknown,MD,Sport Utility Vehicle,30,2013.0,Toyota,TUNDRA,12,Tuesday,8
DD5527004Y,230058334,Rockville Police Departme,Property Damage Crash,2023-10-03 17:01:00,Municipality,READING AVE,FIRST ST,OTHER,CLEAR,DRY,DAYLIGHT,NO CONTROLS,NONE DETECTED,Yes,No Apparent Injury,NOT DISTRACTED,MD,"Other Light Trucks (10,000Lbs (4,536Kg) Or Less)",30,2019.0,John Deere,SKIDSTEER 324G,17,Tuesday,10
MCP3317000K,220022611,Montgomery County Police,Property Damage Crash,2022-05-27 02:25:00,County,BRINK RD,TREVA CT,SINGLE VEHICLE,CLEAR,WET,DARK LIGHTS ON,NO CONTROLS,NONE DETECTED,Yes,No Apparent Injury,NOT DISTRACTED,MD,Passenger Car,40,2014.0,Bmw,435XI,2,Friday,5
MCP29870078,220038102,Montgomery County Police,Property Damage Crash,2022-09-02 16:52:00,US (State),COLUMBIA PIKE,FAIRLAND RD,SAME DIR REAR END,CLEAR,DRY,DAYLIGHT,TRAFFIC SIGNAL,UNKNOWN,Yes,No Apparent Injury,UNKNOWN,VA,Passenger Car,50,2012.0,Toyota,COROLLA,16,Friday,9
MCP2097000J,190052453,Montgomery County Police,Property Damage Crash,2019-10-31 15:10:00,Maryland (State),ROCKVILLE PIKE,LOCUST HILL RD,STRAIGHT MOVEMENT ANGLE,CLOUDY,WET,DAYLIGHT,NO CONTROLS,NONE DETECTED,No,No Apparent Injury,NOT DISTRACTED,PA,Passenger Car,35,2013.0,Ford,HATCHBACK,15,Thursday,10
MCP29020032,190003052,Montgomery County Police,Property Damage Crash,2019-01-19 13:48:00,County,WATKINS MILL RD,GREENRIVER TERR,OPPOSITE DIRECTION SIDESWIPE,CLOUDY,WET,DAYLIGHT,NO CONTROLS,NONE DETECTED,Yes,No Apparent Injury,OTHER DISTRACTION,FL,Passenger Car,35,2017.0,Hond,4S,13,Saturday,1
MCP2656002D,170538054,Montgomery County Police,Property Damage Crash,2017-10-21 20:15:00,US (State),COLUMBIA PIKE,BLACKBURN RD,STRAIGHT MOVEMENT ANGLE,CLEAR,DRY,DARK LIGHTS ON,TRAFFIC SIGNAL,Unknown,No,No Apparent Injury,LOOKED BUT DID NOT SEE,MD,Passenger Car,25,2012.0,Nissan,SENTRA,20,Saturday,10
MCP30550032,210031955,Montgomery County Police,Property Damage Crash,2021-08-17 06:20:00,Maryland (State),GEORGIA AVE,BEL PRE RD,OTHER,RAINING,WET,DAWN,TRAFFIC SIGNAL,Unknown,Yes,No Apparent Injury,LOOKED BUT DID NOT SEE,MD,Passenger Car,35,2008.0,Honda,CRV,6,Tuesday,8
MCP2513001D,190032751,Montgomery County Police,Injury Crash,2019-07-10 14:30:00,County,DEXTER AVE,MCKENNEY AVE,STRAIGHT MOVEMENT ANGLE,CLEAR,DRY,DAYLIGHT,NO CONTROLS,NONE DETECTED,Yes,No Apparent Injury,NOT DISTRACTED,DE,Passenger Car,25,2014.0,Nissan,MAXIMA,14,Wednesday,7
MCP3299003X,240046321,MONTGOMERY,Injury Crash,2024-09-28 09:48:00,Maryland (State) Route,Unknown,Unknown,Front to Front,Cloudy,Dry,Daylight,No Controls,"Not Suspect of Alcohol Use, Not Suspect of Drug Use",Yes,Possible Injury,Not Distracted,MD,Passenger Car,30,2019.0,Nissan,SENTRA,9,Saturday,9
MCP2177001C,16065717,Montgomery County Police,Injury Crash,2016-12-22 14:17:00,County,DARNESTOWN RD,SHADY GROVE RD,HEAD ON LEFT TURN,CLEAR,DRY,DAYLIGHT,TRAFFIC SIGNAL,NONE DETECTED,Unknown,Suspected Minor Injury,UNKNOWN,MD,Passenger Car,40,2014.0,Mazd,4S,14,Thursday,12
DD5620003K,19006809,Rockville Police Departme,Injury Crash,2019-02-12 10:55:00,Municipality,GRAND CHAMPION DR,KING FARM BLVD,STRAIGHT MOVEMENT ANGLE,RAINING,WET,DAYLIGHT,NO CONTROLS,NONE DETECTED,No,Possible Injury,NOT DISTRACTED,VA,Passenger Car,25,2008.0,Toyota,CAMRY,10,Tuesday,2
MCP2941002G,180010499,Montgomery County Police,Property Damage Crash,2018-02-28 19:45:00,US (State),COLESVILLE RD,SLIGO CREEK PKWY,SAME DIR REAR END,CLEAR,DRY,DARK LIGHTS ON,NO CONTROLS,NONE DETECTED,No,No Apparent Injury,NOT DISTRACTED,MD,Passenger Car,35,2005.0,Dodge,4D,19,Wednesday,2
MCP23290032,240029596,MONTGOMERY,Property Damage Crash,2024-06-22 13:20:00,Unknown,Unknown,Unknown,"Sideswipe, Same Direction",Clear,Unknown,Daylight,Unknown,"Not Suspect of Alcohol Use, Not Suspect of Drug Use",Yes,No Apparent Injury,Unknown,MD,Other,0,2023.0,Rivian,R1S,13,Saturday,6
MCP05390025,16022390,Montgomery County Police,Injury Crash,2016-05-06 07:44:00,County,RANDOLPH RD,GEORGIA AVE,HEAD ON,RAINING,WET,DAYLIGHT,TRAFFIC SIGNAL,NONE DETECTED,No,No Apparent Injury,NOT DISTRACTED,MD,(Sport) Utility Vehicle,30,2008.0,Gmc,ENVOY,7,Friday,5
MCP15630036,17004763,Montgomery County Police,Property Damage Crash,2017-01-27 15:52:00,Maryland (State),CONNECTICUT AVE,RAMP 4 FR MD 185 NB TO IS 495 EB,SAME DIR REAR END,CLOUDY,DRY,DAYLIGHT,NO CONTROLS,NONE DETECTED,No,No Apparent Injury,NOT DISTRACTED,MD,Passenger Car,35,2015.0,Audi,A8,15,Friday,1
DM8423002G,210014258,Takoma Park Police Depart,Property Damage Crash,2021-04-16 17:00:00,Maryland (State),CARROLL AVE,LINCOLN AVE,STRAIGHT MOVEMENT ANGLE,CLEAR,DRY,DAYLIGHT,STOP SIGN,NONE DETECTED,Yes,No Apparent Injury,LOOKED BUT DID NOT SEE,DC,Passenger Car,25,2011.0,Ford,EDGE,17,Friday,4
MCP23950031,250021143,MONTGOMERY,Property Damage Crash,2025-05-13 17:30:00,Maryland (State) Route,WHITES FERRY RD,Unknown,Single Vehicle,Rain,Wet,Daylight,No Controls,"Not Suspect of Alcohol Use, Not Suspect of Drug Use",No,No Apparent Injury,Unknown,MD,Passenger Car,40,2018.0,Honda,ACCORD,17,Tuesday,5
MCP2231006H,220014766,Montgomery County Police,Property Damage Crash,2022-04-07 10:39:00,Maryland (State),CLOPPER RD,PHEASANT RUN DR,SAME DIR REAR END,RAINING,WET,DAYLIGHT,TRAFFIC SIGNAL,NONE DETECTED,No,No Apparent Injury,NOT DISTRACTED,MD,Passenger Car,35,2022.0,Kia,STINGER,10,Thursday,4
MCP913000B1,200035029,Montgomery County Police,Injury Crash,2020-09-07 12:54:00,Maryland (State),PINEY BRANCH RD,NO NAME,STRAIGHT MOVEMENT ANGLE,CLEAR,DRY,DAYLIGHT,NO CONTROLS,NONE DETECTED,No,No Apparent Injury,UNKNOWN,MD,Passenger Car,30,2018.0,Dodge,CHARGER,12,Monday,9
MCP3209000G,190045166,Montgomery County Police,Property Damage Crash,2019-09-20 19:24:00,Maryland (State),PINEY BRANCH RD,SLIGO AVE,SAME DIR REAR END,Unknown,Unknown,DUSK,TRAFFIC SIGNAL,NONE DETECTED,No,No Apparent Injury,NOT DISTRACTED,DC,Passenger Car,30,2014.0,Jeep,PATRIOT,19,Friday,9
MCP29710039,170543007,Montgomery County Police,Property Damage Crash,2017-11-15 16:25:00,US (State),COLUMBIA PIKE,FAIRLAND RD,SAME DIR REAR END,CLOUDY,DRY,DUSK,TRAFFIC SIGNAL,NONE DETECTED,No,No Apparent Injury,NOT DISTRACTED,MD,Passenger Car,50,1997.0,Honda,ACCORD,16,Wednesday,11
MCP33840013,240060673,MONTGOMERY,Property Damage Crash,2024-12-19 15:30:00,Maryland (State) Route,Unknown,Unknown,"Sideswipe, Same Direction",Clear,Dry,Daylight,No Controls,"Not Suspect of Alcohol Use, Not Suspect of Drug Use",No,No Apparent Injury,Not Distracted,MD,Passenger Car,35,2015.0,Toyota,COROLLA,15,Thursday,12
MCP06130013,180061172,Montgomery County Police,Injury Crash,2018-12-07 08:26:00,County,RANDOLPH RD,DENLEY RD,SAME DIR REAR END,CLEAR,ICE,DAYLIGHT,Unknown,NONE DETECTED,No,No Apparent Injury,NOT DISTRACTED,MD,"Medium/Heavy Trucks 3 Axles (Over 10,000Lbs (4,536Kg))",35,2012.0,Peter Built,TRK,8,Friday,12
MCP2055002L,180062191,Montgomery County Police,Injury Crash,2018-12-13 09:29:00,County,QUINCE ORCHARD RD,PISSARO DR,SAME DIR REAR END,Unknown,DRY,DAYLIGHT,NO CONTROLS,UNKNOWN,Yes,Possible Injury,UNKNOWN,MD,Passenger Car,35,2005.0,Hyund,4D,9,Thursday,12
EJ7886001R,220043742,Gaithersburg Police Depar,Injury Crash,2022-10-06 20:42:00,Maryland (State),W DIAMOND AVE,RAMP 6 FR MD 117 EB TO IS 270 SB,HEAD ON LEFT TURN,CLEAR,DRY,DARK LIGHTS ON,NO CONTROLS,Unknown,No,No Apparent Injury,UNKNOWN,MD,Passenger Car,35,2022.0,Cadi,UT,20,Thursday,10
MCP9417002H,170542029,Montgomery County Police,Injury Crash,2017-11-10 11:50:00,Maryland (State),RIVER RD,WILSON LA,OTHER,CLEAR,DRY,DAYLIGHT,NO CONTROLS,NONE DETECTED,No,Possible Injury,NOT DISTRACTED,VA,Passenger Car,40,2014.0,Honda,ACCORD,11,Friday,11
MCP2464000C,15066192,MONTGOMERY,Injury Crash,2015-12-25 23:37:00,Maryland (State),UNIVERSITY BLVD E,E FRANKLIN AVE,SAME DIR REAR END,CLEAR,WET,DARK LIGHTS ON,TRAFFIC SIGNAL,ALCOHOL PRESENT,Yes,No Apparent Injury,UNKNOWN,MD,Passenger Car,40,2011.0,Cadillac,4DR,23,Friday,12
MCP2983000Y,16019501,Montgomery County Police,Property Damage Crash,2016-04-20 19:50:00,County,SEMINARY RD,COLUMBIA BLVD,STRAIGHT MOVEMENT ANGLE,CLEAR,DRY,DAWN,STOP SIGN,NONE DETECTED,Yes,No Apparent Injury,LOOKED BUT DID NOT SEE,MD,Passenger Car,25,2006.0,Acura,RSX,19,Wednesday,4
EJ7836000T,170536535,Gaithersburg Police Depar,Property Damage Crash,2017-10-13 20:38:00,Maryland (State),GREAT SENECA HWY,SPUR TO SAM EIG HWY,SAME DIR REAR END,CLEAR,DRY,DARK LIGHTS ON,NO CONTROLS,NONE DETECTED,No,No Apparent Injury,UNKNOWN,MD,Passenger Car,50,2012.0,Volk,4S,20,Friday,10
MCP9301004T,230064531,Montgomery County Police,Injury Crash,2023-11-05 12:00:00,County,SHADY GROVE RD,RAMP 6 FR SHADY GROVE RD EB TO IS 270 SB,STRAIGHT MOVEMENT ANGLE,Unknown,DRY,DAYLIGHT,TRAFFIC SIGNAL,Unknown,Yes,No Apparent Injury,NOT DISTRACTED,MD,Pickup Truck,30,2004.0,Ford,F250,12,Sunday,11