Report Number,Local Case Number,Agency Name,ACRS Report Type,Crash Date/Time,Route Type,Road Name,Cross-Street Name,Collision Type,Weather,Surface Condition,Light,Traffic Control,Driver Substance Abuse,Driver At Fault,Injury Severity,Driver Distracted By,Drivers License State,Vehicle Body Type,Speed Limit,Vehicle Year,Vehicle Make,Vehicle Model,Crash Hour,Crash Day,Crash Month
MCP3136005P,220055135,Montgomery County Police,Injury Crash,2022-12-13 12:56:00,Maryland (State),UNIVERSITY BLVD E,E WAYNE AVE,HEAD ON LEFT TURN,CLEAR,DRY,DAYLIGHT,TRAFFIC SIGNAL,NONE DETECTED,No,No Apparent Injury,NOT DISTRACTED,MD,Passenger Car,35,1998.0,Toyt,SD,12,Tuesday,12
DD5606005D,190056083,Rockville Police Departme,Property Damage Crash,2019-11-20 17:16:00,Maryland (State),HUNGERFORD DR,N WASHINGTON ST,SAME DIRECTION LEFT TURN,Unknown,DRY,DARK LIGHTS ON,TRAFFIC SIGNAL,NONE DETECTED,Unknown,No Apparent Injury,NOT DISTRACTED,MD,Passenger Car,35,2010.0,Hyun,4S,17,Wednesday,11
EJ7829001P,15059729,GAITHERSBURG,Property Damage Crash,2015-11-22 18:19:00,Maryland (State),W DIAMOND AVE,PERRY PKWY,SAME DIRECTION SIDESWIPE,CLEAR,DRY,DARK LIGHTS ON,NO CONTROLS,ALCOHOL PRESENT,Yes,No Apparent Injury,UNKNOWN,MD,Passenger Car,35,1997.0,Honda,ACCORD,18,Sunday,11
MCP0936001S,16035431,Montgomery County Police,Property Damage Crash,2016-07-13 10:45:00,Maryland (State),CONNECTICUT AVE,KENSINGTON V.F.D.,SINGLE VEHICLE,CLOUDY,DRY,DAYLIGHT,NO CONTROLS,NONE DETECTED,Yes,No Apparent Injury,NOT DISTRACTED,NC,"Cargo Van/Light Truck 2 Axles (Over 10,000Lbs (4,536 Kg))",0,2002.0,Chev,4500,10,Wednesday,7
MCP2853006F,190038050,Montgomery County Police,Property Damage Crash,2019-08-09 19:01:00,Interstate (State),CAPITAL BELTWAY,UNIVERSITY BLVD E,SAME DIR REAR END,CLEAR,DRY,DAYLIGHT,YIELD SIGN,Unknown,Yes,No Apparent Injury,NOT DISTRACTED,VA,Pickup Truck,30,2013.0,Dodge,RAM,19,Friday,8
MCP32890029,230016337,Montgomery County Police,Property Damage Crash,2023-04-07 14:22:00,US (State),COLESVILLE RD,FENTON ST,SAME DIRECTION RIGHT TURN,CLOUDY,DRY,DAYLIGHT,NO CONTROLS,NONE DETECTED,Yes,No Apparent Injury,LOOKED BUT DID NOT SEE,DC,Transit Bus,35,2013.0,New Flyer,BUS,14,Friday,4
MCP2877006K,180059903,Montgomery County Police,Property Damage Crash,2018-11-30 14:15:00,County,SEMINARY RD,SECOND AVE,SAME DIR REAR END,CLEAR,DRY,DAYLIGHT,TRAFFIC SIGNAL,NONE DETECTED,No,No Apparent Injury,NOT DISTRACTED,TX,Passenger Car,25,2014.0,Acura,RDX,14,Friday,11
MCP3350003C,240030612,MONTGOMERY,Property Damage Crash,2024-06-28 17:16:00,Maryland (State) Route,Unknown,WISCONSIN AVE,Angle,Clear,Dry,Daylight,Traffic Control Signal,"Not Suspect of Alcohol Use, Not Suspect of Drug Use",No,No Apparent Injury,Not Distracted,MD,Station Wagon,30,2020.0,Jeep,GRAND CHEROKEE L,17,Friday,6
MCP2894000R,15017446,Montgomery County Police,Property Damage Crash,2015-04-15 07:17:00,Maryland (State),OLD GEORGETOWN RD,TUCKERMAN LA,SAME DIR REAR END,CLEAR,DRY,DAYLIGHT,Unknown,NONE DETECTED,Yes,No Apparent Injury,NOT DISTRACTED,MD,Passenger Car,35,2006.0,Hond,4S,7,Wednesday,4
MCP3409000B,240044466,MONTGOMERY,Injury Crash,2024-09-18 11:17:00,Other Public Roadway,QUAIL VALLEY BLVD,Unknown,Angle,Clear,Wet,Daylight,No Controls,"Not Suspect of Alcohol Use, Not Suspect of Drug Use",No,Possible Injury,Unknown,MD,Passenger Car,25,2013.0,Honda,ACCORD,11,Wednesday,9
MCP32210041,250025530,MONTGOMERY,Injury Crash,2025-06-08 14:45:00,Maryland (State) Route,Unknown,ESWORTHY RD PENNYFIELD LOCK RD,Angle,Rain,Wet,Daylight,School Zone Sign,"Not Suspect of Alcohol Use, Not Suspect of Drug Use",Yes,Suspected Minor Injury,Unknown,MD,Passenger Car,25,2014.0,Toyota,CAMRY,14,Sunday,6
MCP3030000L,170519784,Montgomery County Police,Injury Crash,2017-07-18 16:00:00,Maryland (State),WILSON LA,ENT TO THOMAS W. PYLE MIDDLE SCHOOL,SAME DIR REAR END,Unknown,DRY,DAYLIGHT,NO CONTROLS,NONE DETECTED,No,Possible Injury,UNKNOWN,VA,Passenger Car,30,2009.0,Dodge,CARAVAN,16,Tuesday,7
MCP2941000V,15051021,MONTGOMERY,Property Damage Crash,2015-10-08 13:28:00,Maryland (State),COLESVILLE RD,EAST WEST HWY,OTHER,CLEAR,DRY,DAYLIGHT,Unknown,NONE DETECTED,Yes,No Apparent Injury,UNKNOWN,MD,Passenger Car,5,2009.0,Cadillac,CTS AWD,13,Thursday,10
MCP2837006D,240043145,MONTGOMERY,Property Damage Crash,2024-09-11 08:58:00,Maryland (State) Route,SENECA RD,Unknown,Single Vehicle,Clear,Dry,Daylight,No Controls,"Not Suspect of Alcohol Use, Not Suspect of Drug Use",No,No Apparent Injury,Not Distracted,MD,Passenger Car,30,2017.0,Mercedes-Benz,GLS-CLASS,8,Wednesday,9
MCP3441000T,250029197,MONTGOMERY,Property Damage Crash,2025-07-01 03:05:00,County Route,FREYMAN DR,Unknown,"Sideswipe, Same Direction",Clear,Dry,Dark - Lighted,No Controls,"Unknown, Unknown",No,No Apparent Injury,Unknown,Unknown,Passenger Car,25,2023.0,Acura,INTEGRA,3,Tuesday,7
EJ78880077,240056834,GAITHERSBURG,Property Damage Crash,2024-11-26 18:00:00,Ramp,RAMP 7 FR RAMP 1 (FR IS270) TO WASH BLVD,RAMP 1 FR IS 270 NB TO IS 370 WB,Single Vehicle,Clear,Dry,Dark - Lighted,No Controls,"Not Suspect of Alcohol Use, Not Suspect of Drug Use",No,No Apparent Injury,Not Distracted,MD,Sport Utility Vehicle,50,2019.0,Infiniti,QX50,18,Tuesday,11
MCP9106000D,15007601,Montgomery County Police,Property Damage Crash,2015-02-15 11:11:00,County,RIDGE RD,OBSERVATION DR,SAME DIRECTION RIGHT TURN,CLEAR,ICE,DAYLIGHT,TRAFFIC SIGNAL,NONE DETECTED,No,No Apparent Injury,NOT DISTRACTED,MD,(Sport) Utility Vehicle,45,2003.0,Toyota,HIGHLANDER,11,Sunday,2
MCP136600B0,200035496,Montgomery County Police,Property Damage Crash,2020-09-10 12:14:00,County,MONTROSE RD,MONTROSE VILLAGE TERR,SINGLE VEHICLE,RAINING,WET,DAYLIGHT,Unknown,NONE DETECTED,Yes,No Apparent Injury,OTHER DISTRACTION,VA,(Sport) Utility Vehicle,40,2012.0,Honda,CR-V,12,Thursday,9
EJ7855001K,17003171,Gaithersburg Police Depar,Injury Crash,2017-01-18 19:45:00,Maryland (State),W DIAMOND AVE,RAMP 6 FR MD 117 EB TO IS 270 SB,HEAD ON LEFT TURN,CLEAR,DRY,DARK LIGHTS ON,Unknown,NONE DETECTED,No,Suspected Minor Injury,NOT DISTRACTED,MD,Passenger Car,35,2001.0,Toyota,SIENNA,19,Wednesday,1
MCP2689008Y,220046009,Montgomery County Police,Property Damage Crash,2022-10-20 08:48:00,Unknown,Unknown,Unknown,STRAIGHT MOVEMENT ANGLE,CLEAR,Unknown,DAYLIGHT,NO CONTROLS,NONE DETECTED,Yes,No Apparent Injury,UNKNOWN,MD,Van,0,2022.0,Ford,TRANSIT,8,Thursday,10
MCP2361001N,200011215,Montgomery County Police,Property Damage Crash,2020-03-06 20:53:00,County,RIDGE HEIGHTS DR,ALLISTON HOLLOW WAY,SAME DIRECTION RIGHT TURN,CLEAR,DRY,DARK NO LIGHTS,NO CONTROLS,NONE DETECTED,No,No Apparent Injury,NOT DISTRACTED,MD,Passenger Car,25,2015.0,Gmc,SW,20,Friday,3
MCP3395002R,240058781,MONTGOMERY,Property Damage Crash,2024-12-09 08:22:00,County Route,FREYMAN DR,Unknown,"Sideswipe, Opposite Direction",Rain,Wet,Daylight,No Controls,"Not Suspect of Alcohol Use, Not Suspect of Drug Use",No,No Apparent Injury,Not Distracted,MD,Pickup,15,2022.0,Rivian,R1T,8,Monday,12
MCP29190011,15060925,MONTGOMERY,Injury Crash,2015-11-29 11:15:00,US (State),COLESVILLE RD,BREWSTER AVE,SAME DIR REAR END,RAINING,WET,DAYLIGHT,Unknown,NONE DETECTED,No,No Apparent Injury,NOT DISTRACTED,MD,Passenger Car,40,2011.0,Toyota,CAMRY,11,Sunday,11
MCP2608005X,250015868,MONTGOMERY,Property Damage Crash,2025-04-11 18:56:00,Maryland (State) Route,UNIVERSITY BLVD E,Unknown,Angle,Rain,Wet,Daylight,Traffic Control Signal,"Not Suspect of Alcohol Use, Not Suspect of Drug Use",No,No Apparent Injury,Not Distracted,MD,Passenger Car,35,2017.0,Ford,TAURUS,18,Friday,4
MCP2840000N,16016117,Montgomery County Police,Injury Crash,2016-04-02 16:30:00,County,SUMMERWOOD DR,CASTLELEIGH RD,STRAIGHT MOVEMENT ANGLE,Unknown,Unknown,Unknown,STOP SIGN,NONE DETECTED,Yes,No Apparent Injury,LOOKED BUT DID NOT SEE,MD,Pickup Truck,25,2006.0,Chev,TK,16,Saturday,4
MCP2667001B,15058171,MONTGOMERY,Property Damage Crash,2015-11-14 15:34:00,County,RICKENBACKER DR,WOODFIELD RD,HEAD ON LEFT TURN,CLEAR,DRY,DAYLIGHT,NO CONTROLS,NONE DETECTED,No,No Apparent Injury,NOT DISTRACTED,MD,Passenger Car,25,2008.0,Merc,MERINER,15,Saturday,11
MCP2987006N,210045928,Montgomery County Police,Property Damage Crash,2021-11-12 16:08:00,County,CALVERTON BLVD,PALERMO DR,SAME DIR REAR END,CLEAR,DRY,DAYLIGHT,NO CONTROLS,NONE DETECTED,Yes,No Apparent Injury,LOOKED BUT DID NOT SEE,DC,Passenger Car,40,2000.0,Nissan,MAXIMA,16,Friday,11
MCP3000001M,17004610,Montgomery County Police,Injury Crash,2017-01-26 18:41:00,County,RICHTER FARM RD,GERMANTOWN RD,HEAD ON,CLEAR,DRY,DARK LIGHTS ON,TRAFFIC SIGNAL,NONE DETECTED,No,No Apparent Injury,NOT DISTRACTED,MD,Passenger Car,30,2013.0,Toyota,CAMRY,18,Thursday,1
DD56060059,190079702,Rockville Police Departme,Injury Crash,2019-08-19 22:08:00,Municipality,WOOTTON PKWY,TOWER OAKS BLVD,HEAD ON LEFT TURN,CLEAR,Unknown,DARK LIGHTS ON,TRAFFIC SIGNAL,NONE DETECTED,Yes,No Apparent Injury,LOOKED BUT DID NOT SEE,MD,Passenger Car,45,2013.0,Ford,SUV,22,Monday,8
MCP3192004L,240001816,MONTGOMERY,Property Damage Crash,2024-01-11 20:32:00,Maryland (State) Route,CONNECTICUT AVE,RANDOLPH RD,Other,Clear,Dry,Dark - Lighted,Lane Use Control Signal,"Suspect of Alcohol Use, Not Suspect of Drug Use",Yes,No Apparent Injury,Unknown,DC,Van - Passenger (&Lt;9 Seats),35,2005.0,Gmc,SAVANA,20,Thursday,1
MCP3163002W,200036325,Montgomery County Police,Property Damage Crash,2020-09-16 15:09:00,Maryland (State),MASSACHUSETTS AVE,GOLDSBORO RD,HEAD ON,Unknown,DRY,DAYLIGHT,TRAFFIC SIGNAL,Unknown,Yes,No Apparent Injury,LOOKED BUT DID NOT SEE,DC,Passenger Car,35,2018.0,Toyota,COROLLA,15,Wednesday,9
MCP9428002Q,200009159,Montgomery County Police,Property Damage Crash,2020-02-24 13:20:00,County,WARING STATION RD,SUMMER OAK DR,SINGLE VEHICLE,CLEAR,DRY,DAYLIGHT,NO CONTROLS,ALCOHOL PRESENT,Yes,No Apparent Injury,OTHER DISTRACTION,MD,Passenger Car,35,2012.0,Mazda,CX-7,13,Monday,2
MCP2937002N,180042961,Montgomery County Police,Property Damage Crash,2018-08-28 22:30:00,County,BRIGGS CHANEY RD,RAMP 1 FR US29 NB TO BRIGGS CHANEY RD WB,SAME DIR REAR END,CLEAR,DRY,DARK NO LIGHTS,TRAFFIC SIGNAL,NONE DETECTED,No,No Apparent Injury,NOT DISTRACTED,MD,Passenger Car,25,2018.0,Nissan,ALTIMA,22,Tuesday,8
MCP2087003P,200048477,Montgomery County Police,Property Damage Crash,2020-12-09 10:03:00,Maryland (State),CONNECTICUT AVE,INDEPENDENCE ST,STRAIGHT MOVEMENT ANGLE,CLOUDY,DRY,DAYLIGHT,TRAFFIC SIGNAL,NONE DETECTED,Yes,No Apparent Injury,NOT DISTRACTED,MD,Passenger Car,45,2001.0,Hond,4S,10,Wednesday,12
MCP30190049,210048931,Montgomery County Police,Injury Crash,2021-12-02 14:15:00,Maryland (State),OLD GEORGETOWN RD,CEDAR LA,SAME DIR REAR END,CLEAR,DRY,DAYLIGHT,TRAFFIC SIGNAL,Unknown,No,No Apparent Injury,NOT DISTRACTED,MD,(Sport) Utility Vehicle,35,2014.0,Gmc,ACADIA,14,Thursday,12
MCP2797000X,15066447,MONTGOMERY,Property Damage Crash,2015-12-27 19:16:00,Maryland (State),VEIRS MILL RD,REEDIE DR,OTHER,RAINING,WET,DUSK,NO CONTROLS,NONE DETECTED,Unknown,No Apparent Injury,LOOKED BUT DID NOT SEE,MD,Pickup Truck,35,2003.0,Toyota,TUNDRA,19,Sunday,12
MCP2814003J,230007420,Montgomery County Police,Property Damage Crash,2023-02-14 05:45:00,Unknown,Unknown,Unknown,SAME DIR REAR END,Unknown,Unknown,DARK LIGHTS ON,NO CONTROLS,NONE DETECTED,Yes,No Apparent Injury,LOOKED BUT DID NOT SEE,MD,Passenger Car,0,2017.0,Nissan,PATHFINDER,5,Tuesday,2
MCP3018000P,170502123,Montgomery County Police,Property Damage Crash,2017-04-14 13:49:00,Maryland (State),NORBECK RD,BAUER DR,SAME DIRECTION SIDESWIPE,CLEAR,DRY,DAYLIGHT,TRAFFIC SIGNAL,NONE DETECTED,Yes,No Apparent Injury,UNKNOWN,MD,Passenger Car,45,2003.0,Honda,ODYSSEY,13,Friday,4
MCP32350025,230057406,Montgomery County Police,Property Damage Crash,2023-09-28 23:49:00,US (State),COLESVILLE RD,UNIVERSITY BLVD E,STRAIGHT MOVEMENT ANGLE,CLEAR,DRY,DARK LIGHTS ON,FLASHING TRAFFIC SIGNAL,NONE DETECTED,Yes,No Apparent Injury,NOT DISTRACTED,MD,Passenger Car,45,2008.0,Toyota,HIGHLANDER,23,Thursday,9
MCP2830005L,220044097,Montgomery County Police,Property Damage Crash,2022-10-09 05:54:00,Maryland (State),NORBECK RD,MUNCASTER MILL RD,STRAIGHT MOVEMENT ANGLE,Unknown,DRY,DARK LIGHTS ON,TRAFFIC SIGNAL,NONE DETECTED,Unknown,No Apparent Injury,UNKNOWN,MD,(Sport) Utility Vehicle,45,2021.0,Royota,RAV 4,5,Sunday,10
MCP28130034,170506152,Montgomery County Police,Injury Crash,2017-05-05 19:51:00,Maryland (State),VEIRS MILL RD,NEWPORT MILL RD,SAME DIR REAR END,CLOUDY,DRY,DARK LIGHTS ON,TRAFFIC SIGNAL,Unknown,Yes,No Apparent Injury,LOOKED BUT DID NOT SEE,MD,Passenger Car,35,2000.0,Acura,TL,19,Friday,5
MCP2278002P,190012840,Montgomery County Police,Property Damage Crash,2019-03-20 10:49:00,Maryland (State),OLD GEORGETOWN RD,BATTERY LA,STRAIGHT MOVEMENT ANGLE,CLOUDY,DRY,DAYLIGHT,TRAFFIC SIGNAL,NONE DETECTED,Yes,No Apparent Injury,UNKNOWN,MD,Passenger Car,35,2018.0,Nissan,VERSA,10,Wednesday,3
MCP3222001V,220030605,Montgomery County Police,Property Damage Crash,2022-07-16 16:50:00,County,GREENTREE RD,HEMPSTEAD AVE,STRAIGHT MOVEMENT ANGLE,RAINING,WET,DAYLIGHT,STOP SIGN,NONE DETECTED,No,No Apparent Injury,NOT DISTRACTED,MD,Passenger Car,30,2022.0,Mercedes,GLS450,16,Saturday,7
MCP2487000M,180031786,Montgomery County Police,Injury Crash,2018-06-28 08:25:00,Maryland (State),KEY WEST AVE,BROSCHART RD,SAME DIR REAR END,CLEAR,DRY,DAYLIGHT,Unknown,NONE DETECTED,Yes,Possible Injury,USING DEVICE OBJECT BROUGHT INTO VEHICLE,MD,Passenger Car,40,2003.0,Infi,4S,8,Thursday,6
MCP229800K6,180040429,Montgomery County Police,Injury Crash,2018-08-14 16:35:00,Maryland (State),WOODFIELD RD,ROCKY RD,SAME DIR REAR END,RAINING,WET,DAYLIGHT,NO CONTROLS,NONE DETECTED,No,Possible Injury,NOT DISTRACTED,MD,Passenger Car,40,1999.0,Bmw,323I,16,Tuesday,8
MCP2914005F,170534412,Montgomery County Police,Property Damage Crash,2017-10-05 18:00:00,Unknown,Unknown,Unknown,OTHER,CLEAR,Unknown,DARK LIGHTS ON,NO CONTROLS,Unknown,Yes,No Apparent Injury,NOT DISTRACTED,MD,Passenger Car,0,2013.0,Ford,TRUCK,18,Thursday,10
MCP23530065,180055839,Montgomery County Police,Property Damage Crash,2018-11-07 08:54:00,Maryland (State),OLD GEORGETOWN RD,LINCOLN ST,SAME DIR REAR END,CLOUDY,WET,DAYLIGHT,TRAFFIC SIGNAL,NONE DETECTED,No,No Apparent Injury,NOT DISTRACTED,DC,Passenger Car,35,2014.0,Bmw,320,8,Wednesday,11
MCP1550003Y,220048194,Montgomery County Police,Property Damage Crash,2022-11-02 11:15:00,County,TUCKERMAN LA,LUXMANOR RD,SAME DIR REND LEFT TURN,CLEAR,DRY,DAYLIGHT,NO CONTROLS,NONE DETECTED,Yes,No Apparent Injury,NOT DISTRACTED,MD,(Sport) Utility Vehicle,45,2019.0,Toyt,RAV4,11,Wednesday,11
DD56710004,240033806,ROCKVILLE,Property Damage Crash,2024-07-17 15:45:00,Municipality Route,N WASHINGTON ST,Unknown,"Sideswipe, Same Direction",Clear,Dry,Daylight,Flashing Traffic Control Signal,"Not Suspect of Alcohol Use, Not Suspect of Drug Use",No,No Apparent Injury,Not Distracted,MD,Passenger Car,35,2017.0,Chevrolet,SPARK,15,Wednesday,7
MCP9130004G,170550542,Montgomery County Police,Property Damage Crash,2017-12-22 15:55:00,US (State),COLESVILLE RD,UNIVERSITY BLVD E,SAME DIR REAR END,CLEAR,DRY,DAYLIGHT,TRAFFIC SIGNAL,UNKNOWN,Yes,No Apparent Injury,UNKNOWN,MD,Passenger Car,35,2015.0,Nissan,SENTRA,15,Friday,12
MCP2722001H,16012094,MONTGOMERY,Property Damage Crash,2016-03-11 09:42:00,Maryland (State),NORBECK RD,BAUER DR,HEAD ON LEFT TURN,CLEAR,DRY,DAYLIGHT,TRAFFIC SIGNAL,Unknown,Yes,No Apparent Injury,BY OTHER OCCUPANTS,MD,Passenger Car,30,1999.0,Chev,MALIBU,9,Friday,3
MCP2797001N,170543607,Montgomery County Police,Injury Crash,2017-11-18 17:23:00,County,RANDOLPH RD,DEWEY RD,SAME DIR REAR END,CLEAR,DRY,DARK LIGHTS ON,NO CONTROLS,NONE DETECTED,No,No Apparent Injury,NOT DISTRACTED,MD,Passenger Car,35,2005.0,Toyt,4S,17,Saturday,11
MCP3380003J,250038882,MONTGOMERY,Property Damage Crash,2025-08-30 16:58:00,County Route,WELLER RD,BUSHEY DR,Angle,Clear,Dry,Daylight,Stop Sign,"Not Suspect of Alcohol Use, Not Suspect of Drug Use",Yes,No Apparent Injury,Not Distracted,MD,Passenger Car,25,2017.0,Nissan,ROGUE,16,Saturday,8
MCP26820058,240019066,MONTGOMERY,Property Damage Crash,2024-04-24 08:22:00,Maryland (State) Route,Unknown,Unknown,"Sideswipe, Same Direction",Cloudy,Dry,Daylight,No Controls,"Not Suspect of Alcohol Use, Not Suspect of Drug Use",No,No Apparent Injury,Not Distracted,MD,Passenger Car,35,2008.0,Honda,ODYSSEY,8,Wednesday,4
MCP2686007H,250044795,MONTGOMERY,Property Damage Crash,2025-10-05 15:17:00,County Route,STEDWICK RD,MILLS CHOICE RD MILLS CHOICE RD (NB/L),Angle,Clear,Dry,Daylight,No Controls,"Unknown, Unknown",No,No Apparent Injury,Unknown,Unknown,Motorcycle - 2 Wheeled,35,1111.0,Ktm,UNKNOWN,15,Sunday,10
MCP2845008S,240033724,MONTGOMERY,Property Damage Crash,2024-07-17 09:54:00,Maryland (State) Route,NEW HAMPSHIRE AVE (SB/L),Unknown,"Sideswipe, Same Direction",Clear,Dry,Daylight,Traffic Control Signal,"Not Suspect of Alcohol Use, Not Suspect of Drug Use",No,No Apparent Injury,Not Distracted,MD,Passenger Car,40,2012.0,Toyota,PRIUS,9,Wednesday,7
MCP3030003S,200039928,Montgomery County Police,Property Damage Crash,2020-10-10 14:43:00,Maryland (State),RIVER RD,ENT TO US POST OFFICE,STRAIGHT MOVEMENT ANGLE,CLEAR,DRY,DAYLIGHT,NO CONTROLS,Unknown,Yes,No Apparent Injury,NOT DISTRACTED,MD,Van,35,1999.0,Ford,TK,14,Saturday,10
MCP219800HB,250017661,MONTGOMERY,Property Damage Crash,2025-04-23 15:48:00,Maryland (State) Route,FREDERICK RD (SB/L),Unknown,Angle,Clear,Dry,Daylight,No Controls,"Not Suspect of Alcohol Use, Not Suspect of Drug Use",No,No Apparent Injury,Unknown,MD,Passenger Car,40,2020.0,Honda,PILOT,15,Wednesday,4
MCP2492001L,210011567,Montgomery County Police,Fatal Crash,2021-03-27 20:29:00,Maryland (State),DARNESTOWN RD,BLACKBERRY DR,STRAIGHT MOVEMENT ANGLE,CLEAR,DRY,DARK LIGHTS ON,NO CONTROLS,ALCOHOL CONTRIBUTED,Yes,Possible Injury,NOT DISTRACTED,TN,Passenger Car,30,2017.0,Bmw,I3,20,Saturday,3
MCP2798003Y,180000655,Montgomery County Police,Property Damage Crash,2018-01-04 23:56:00,Municipality,RIO BLVD,ROUNDABOUT,STRAIGHT MOVEMENT ANGLE,CLEAR,DRY,DARK LIGHTS ON,YIELD SIGN,NONE DETECTED,Yes,No Apparent Injury,NOT DISTRACTED,MD,Passenger Car,25,2015.0,Jeep,4X4,23,Thursday,1
MCP9386003V,16053991,Montgomery County Police,Property Damage Crash,2016-10-20 12:26:00,Other Public Roadway,MONTROSE PKWY,E JEFFERSON ST,SAME DIR REAR END,CLEAR,DRY,DAYLIGHT,TRAFFIC SIGNAL,NONE DETECTED,Yes,No Apparent Injury,UNKNOWN,MD,Passenger Car,35,2017.0,Toyota,CAMRY,12,Thursday,10
MCP29710019,16024527,Montgomery County Police,Property Damage Crash,2016-05-17 16:47:00,US (State),COLUMBIA PIKE,STEWART LA,SAME DIR REAR END,RAINING,WET,DAYLIGHT,NO CONTROLS,NONE DETECTED,Yes,No Apparent Injury,UNKNOWN,MD,(Sport) Utility Vehicle,50,2011.0,Honda,CRV,16,Tuesday,5
EJ78910034,250039473,GAITHERSBURG,Property Damage Crash,2025-09-03 14:51:00,County Route,MUDDY BRANCH RD,SUFFIELD DR,Rear To Side,Clear,Dry,Daylight,No Controls,"Not Suspect of Alcohol Use, Not Suspect of Drug Use",No,No Apparent Injury,Not Distracted,CA,Passenger Car,40,2015.0,Lexus,ES,14,Wednesday,9
MCP3292001P,230048253,Montgomery County Police,Property Damage Crash,2023-08-07 15:36:00,Interstate (State),NO NAME,RAMP 5 FR IS 270 SB TO IS 370 EB,SAME DIR REAR END,CLEAR,DRY,DAYLIGHT,NO CONTROLS,NONE DETECTED,Yes,No Apparent Injury,NOT DISTRACTED,MD,Passenger Car,55,2016.0,Scion,FRX,15,Monday,8
MCP14530033,16023136,Montgomery County Police,Property Damage Crash,2016-05-10 09:42:00,Maryland (State),RIDGE RD,BETHESDA CHURCH RD,STRAIGHT MOVEMENT ANGLE,CLOUDY,DRY,DAYLIGHT,TRAFFIC SIGNAL,NONE DETECTED,Yes,No Apparent Injury,INATTENTIVE OR LOST IN THOUGHT,MD,Passenger Car,30,2005.0,Chev,4S,9,Tuesday,5
MCP2835002Q,210048098,Montgomery County Police,Property Damage Crash,2021-11-26 22:12:00,County,PORTER RD,LEONARD DR,STRAIGHT MOVEMENT ANGLE,CLEAR,DRY,DARK LIGHTS ON,STOP SIGN,Unknown,No,No Apparent Injury,NOT DISTRACTED,DC,Passenger Car,15,2019.0,Kia,FORTE,22,Friday,11
MCP3053005H,220027465,Montgomery County Police,Property Damage Crash,2022-06-26 03:32:00,Maryland (State),VEIRS MILL RD,UNIVERSITY BLVD W,OTHER,CLEAR,DRY,DARK LIGHTS ON,NO CONTROLS,UNKNOWN,Yes,No Apparent Injury,UNKNOWN,Unknown,Passenger Car,30,2005.0,Toyota,TK,3,Sunday,6
MCP2886002F,170508757,Montgomery County Police,Injury Crash,2017-05-19 19:27:00,Maryland (State),GEORGIA AVE,WELLER RD,STRAIGHT MOVEMENT ANGLE,CLEAR,WET,DAYLIGHT,STOP SIGN,NONE DETECTED,No,Possible Injury,NOT DISTRACTED,MD,Passenger Car,45,2012.0,Toyota,PRIUS,19,Friday,5
MCP25120052,200025311,Montgomery County Police,Property Damage Crash,2020-06-29 15:50:00,Interstate (State),EISENHOWER MEMORIAL HWY,R/R #CSX 140 510 N,SAME DIRECTION SIDESWIPE,Unknown,DRY,DAYLIGHT,NO CONTROLS,NONE DETECTED,No,No Apparent Injury,NOT DISTRACTED,MD,(Sport) Utility Vehicle,55,2016.0,Jeep,WRANGLER,15,Monday,6
MCP3378001P,250040211,MONTGOMERY,Injury Crash,2025-09-08 05:30:00,Maryland (State) Route,Unknown,ASHTON RD,Angle,Clear,Dry,Dark - Lighted,Flashing Traffic Control Signal,"Not Suspect of Alcohol Use, Not Suspect of Drug Use",No,Possible Injury,Not Distracted,MD,Passenger Car,30,2020.0,Honda,CIVIC,5,Monday,9
MCP15550010,16037815,Montgomery County Police,Property Damage Crash,2016-07-26 14:50:00,County,BRIGGS CHANEY RD,OLD COLUMBIA PIKE,HEAD ON LEFT TURN,CLEAR,DRY,DAYLIGHT,TRAFFIC SIGNAL,NONE DETECTED,Yes,No Apparent Injury,NOT DISTRACTED,MD,Passenger Car,40,2014.0,Mazda,2,14,Tuesday,7
MCP2362001C,17006885,Montgomery County Police,Property Damage Crash,2017-02-08 13:42:00,Maryland (State),NEW HAMPSHIRE AVE,SCHINDLER DR,SAME DIR REAR END,CLEAR,DRY,DAYLIGHT,TRAFFIC SIGNAL,NONE DETECTED,Yes,No Apparent Injury,UNKNOWN,MD,Passenger Car,40,2001.0,Honda,CIVIC,13,Wednesday,2
DD5538005K,250033415,ROCKVILLE,Property Damage Crash,2025-07-27 08:24:00,Maryland (State) Route,E JEFFERSON ST (WB/L),Unknown,"Sideswipe, Same Direction",Clear,Dry,Daylight,Traffic Control Signal,"Not Suspect of Alcohol Use, Not Suspect of Drug Use",No,No Apparent Injury,Not Distracted,MD,Sport Utility Vehicle,35,2024.0,Kia,TELLURIDE,8,Sunday,7
MCP13050030,190009968,Montgomery County Police,Injury Crash,2019-03-03 13:19:00,County,MIDCOUNTY HWY,MILLER FALL RD,STRAIGHT MOVEMENT ANGLE,SNOW,WET,DAYLIGHT,STOP SIGN,NONE DETECTED,No,Suspected Minor Injury,NOT DISTRACTED,MD,Pickup Truck,45,2012.0,Hond,TK,13,Sunday,3