Report Number,Local Case Number,Agency Name,ACRS Report Type,Crash Date/Time,Route Type,Road Name,Cross-Street Name,Collision Type,Weather,Surface Condition,Light,Traffic Control,Driver Substance Abuse,Driver At Fault,Injury Severity,Driver Distracted By,Drivers License State,Vehicle Body Type,Speed Limit,Vehicle Year,Vehicle Make,Vehicle Model,Crash Hour,Crash Day,Crash Month
MCP26790041,250010214,MONTGOMERY,Property Damage Crash,2025-03-08 16:00:00,Unknown,Unknown,Unknown,Front to Rear,Clear,Unknown,Daylight,Unknown,"Unknown, Unknown",No,No Apparent Injury,Unknown,Unknown,Pickup,0,2011.0,Chevrolet,SILVERADO,16,Saturday,3
MCP289100DT,240043364,MONTGOMERY,Property Damage Crash,2024-09-12 10:54:00,Ramp,RAMP 6 FR IS 495 EB TO MD 193 SB,Unknown,Front to Rear,Clear,Dry,Daylight,Yield Sign,"Not Suspect of Alcohol Use, Not Suspect of Drug Use",Yes,No Apparent Injury,Not Distracted,Unknown,Passenger Car,25,2011.0,Chevrolet,AVEO,10,Thursday,9
MCP2917003D,180062100,Montgomery County Police,Injury Crash,2018-12-12 17:50:00,County,BONIFANT RD,LAYHILL RD,STRAIGHT MOVEMENT ANGLE,CLEAR,DRY,DARK LIGHTS ON,NO CONTROLS,NONE DETECTED,No,Possible Injury,NOT DISTRACTED,MD,Passenger Car,35,2017.0,Jeep,WRANGLER,17,Wednesday,12
HA23860001,15000099,Maryland-National Capital,Property Damage Crash,2015-02-09 10:00:00,Unknown,Unknown,Unknown,SINGLE VEHICLE,RAINING,Unknown,DAYLIGHT,Unknown,NONE DETECTED,Yes,No Apparent Injury,LOOKED BUT DID NOT SEE,MD,Police Vehicle/Non Emergency,15,2007.0,Ford,CROWN VICTORIA,10,Monday,2
MCP1064005N,170503145,Montgomery County Police,Injury Crash,2017-04-20 14:18:00,Maryland (State),GEORGIA AVE,COLESVILLE RD,SAME DIRECTION SIDESWIPE,Unknown,DRY,DAYLIGHT,TRAFFIC SIGNAL,Unknown,No,No Apparent Injury,NOT DISTRACTED,DC,Transit Bus,30,2013.0,Gill,BUS,14,Thursday,4
MCP15750041,16028274,Montgomery County Police,Injury Crash,2016-06-06 07:55:00,County,SHADY GROVE RD,FREDERICK RD,SAME DIR REAR END,CLEAR,DRY,DAYLIGHT,NO CONTROLS,NONE DETECTED,No,No Apparent Injury,NOT DISTRACTED,MD,(Sport) Utility Vehicle,40,2007.0,Hyun,SANTA FE,7,Monday,6
MCP1366002W,15014136,Montgomery County Police,Injury Crash,2015-03-27 14:08:00,County,MARTINSBURG RD,WASCHE RD,SINGLE VEHICLE,CLEAR,DRY,DAYLIGHT,STOP SIGN,NONE DETECTED,No,Suspected Serious Injury,NOT DISTRACTED,MD,Pickup Truck,30,2005.0,Dodg,TK,14,Friday,3
MCP2757001D,16060702,Montgomery County Police,Property Damage Crash,2016-11-26 04:05:00,Maryland (State),UNIVERSITY BLVD W,ENT TO NORTHWOOD HIGH SCHOOL,SINGLE VEHICLE,Unknown,Unknown,DARK LIGHTS ON,Unknown,ALCOHOL PRESENT,Yes,No Apparent Injury,UNKNOWN,MD,Passenger Car,40,1997.0,Toyota,COROLLA,4,Saturday,11
MCP27400030,170507472,Montgomery County Police,Property Damage Crash,2017-05-12 20:40:00,Maryland (State),UNIVERSITY BLVD E,PINEY BRANCH RD,SAME DIR REAR END,RAINING,WET,DARK LIGHTS ON,NO CONTROLS,NONE DETECTED,No,No Apparent Injury,NOT DISTRACTED,MD,Passenger Car,35,2014.0,Toyota,COROLLA,20,Friday,5
MCP2783003N,200038852,Montgomery County Police,Injury Crash,2020-10-02 18:49:00,Maryland (State),GEORGIA AVE,WINDHAM LA,Unknown,CLEAR,DRY,DARK NO LIGHTS,TRAFFIC SIGNAL,NONE DETECTED,No,No Apparent Injury,NOT DISTRACTED,MD,Passenger Car,40,2013.0,Toyota,SCION,18,Friday,10
EJ78630017,170525796,Gaithersburg Police Depar,Property Damage Crash,2017-08-20 23:49:00,Municipality,EDUCATION BLVD,S FREDERICK RD,SAME DIR REAR END,CLEAR,WET,DARK LIGHTS ON,TRAFFIC SIGNAL,NONE DETECTED,Yes,No Apparent Injury,INATTENTIVE OR LOST IN THOUGHT,MD,Passenger Car,30,2015.0,Suba,TK,23,Sunday,8
DD5671000M,240049982,ROCKVILLE,Property Damage Crash,2024-10-19 07:43:00,Municipality Route,ASHLEY AVE,Unknown,Single Vehicle,Clear,Dry,Daylight,No Controls,"Not Suspect of Alcohol Use, Not Suspect of Drug Use",No,No Apparent Injury,Not Distracted,TN,Other Trucks,20,2022.0,Western Star,UNKNOWN,7,Saturday,10
MCP3197004G,240054842,MONTGOMERY,Property Damage Crash,2024-11-15 05:50:00,Maryland (State) Route,Unknown,Unknown,Single Vehicle,Clear,Dry,Dark - Not Lighted,No Controls,"Not Suspect of Alcohol Use, Not Suspect of Drug Use",No,No Apparent Injury,Not Distracted,MD,Passenger Car,30,2017.0,Ford,TAURUS,5,Friday,11
MCP2425005Z,15059993,MONTGOMERY,Injury Crash,2015-11-24 07:16:00,County,LINDEN LA,SECOND AVE,STRAIGHT MOVEMENT ANGLE,CLEAR,DRY,DAYLIGHT,TRAFFIC SIGNAL,NONE DETECTED,Yes,Suspected Minor Injury,NOT DISTRACTED,MD,Passenger Car,25,2004.0,Nissan,QUEST,7,Tuesday,11
MCP05390041,180013149,Montgomery County Police,Property Damage Crash,2018-03-16 07:55:00,Maryland (State),GEORGIA AVE,RALPH RD,OTHER,CLEAR,DRY,DAYLIGHT,OTHER,NONE DETECTED,Yes,No Apparent Injury,NOT DISTRACTED,MD,Passenger Car,45,2012.0,Nissan,ALTIMA,7,Friday,3
MCP2864004H,220035592,Montgomery County Police,Injury Crash,2022-08-18 08:30:00,Maryland (State),WISCONSIN AVE,NORWOOD DR,STRAIGHT MOVEMENT ANGLE,CLEAR,DRY,DAYLIGHT,STOP SIGN,NONE DETECTED,No,Possible Injury,NOT DISTRACTED,MD,Passenger Car,30,2021.0,Toyota,RAV4,8,Thursday,8
MCP25520055,220037779,Montgomery County Police,Property Damage Crash,2022-08-31 20:32:00,County,MIDCOUNTY HWY,SHADY GROVE RD,SAME DIRECTION SIDESWIPE,Unknown,DRY,DARK LIGHTS ON,TRAFFIC SIGNAL,Unknown,No,No Apparent Injury,NOT DISTRACTED,MD,Passenger Car,35,2009.0,Toyota,CAMRY,20,Wednesday,8
EJ7891001G,230061722,Gaithersburg Police Depar,Property Damage Crash,2023-10-20 21:48:00,Municipality,E DIAMOND AVE,CHESTNUT ST,OPPOSITE DIRECTION SIDESWIPE,RAINING,WET,DARK LIGHTS ON,NO CONTROLS,NONE DETECTED,No,No Apparent Injury,NOT DISTRACTED,MD,Passenger Car,30,2018.0,Mazda,6,21,Friday,10
MCP2809001R,15014083,Montgomery County Police,Property Damage Crash,2015-03-27 09:21:00,Maryland (State),GEORGIA AVE,PRICE AVE,OTHER,Unknown,WET,DAYLIGHT,STOP SIGN,Unknown,Yes,No Apparent Injury,UNKNOWN,MD,Passenger Car,35,2001.0,Honda,CIVIC,9,Friday,3
MCP3139002F,210002013,Montgomery County Police,Property Damage Crash,2021-01-16 18:50:00,Maryland (State),NEW HAMPSHIRE AVE,ELTON RD,STRAIGHT MOVEMENT ANGLE,Unknown,DRY,DARK LIGHTS ON,TRAFFIC SIGNAL,NONE DETECTED,Yes,No Apparent Injury,UNKNOWN,XX,Passenger Car,40,1994.0,Acur,4S,18,Saturday,1
MCP21160058,16057426,Montgomery County Police,Injury Crash,2016-11-07 14:14:00,Maryland (State),FREDERICK RD,RIDGEMONT AVE,STRAIGHT MOVEMENT ANGLE,CLEAR,DRY,DAYLIGHT,TRAFFIC SIGNAL,NONE DETECTED,Yes,Possible Injury,LOOKED BUT DID NOT SEE,MD,(Sport) Utility Vehicle,40,2009.0,Hond,TK,14,Monday,11
MCP3254001V,220017358,Montgomery County Police,Injury Crash,2022-04-24 06:35:00,County,MIDDLEBROOK RD,FETLOCK DR,STRAIGHT MOVEMENT ANGLE,CLEAR,DRY,DAYLIGHT,STOP SIGN,UNKNOWN,Yes,No Apparent Injury,NO DRIVER PRESENT,MD,Passenger Car,35,2016.0,Toyt,4S,6,Sunday,4
MCP12350048,220035065,Montgomery County Police,Property Damage Crash,2022-08-14 21:11:00,Unknown,Unknown,Unknown,SINGLE VEHICLE,Unknown,Unknown,DARK LIGHTS ON,NO CONTROLS,NONE DETECTED,Yes,No Apparent Injury,NOT DISTRACTED,MD,Passenger Car,5,2005.0,Honda,ACCORD,21,Sunday,8
MCP29230054,190016580,Montgomery County Police,Injury Crash,2019-04-09 20:25:00,County,RANDOLPH RD,LIVINGSTON ST,HEAD ON LEFT TURN,CLEAR,DRY,DARK LIGHTS ON,NO CONTROLS,NONE DETECTED,No,No Apparent Injury,NOT DISTRACTED,MD,Passenger Car,35,2018.0,Toyota,4S,20,Tuesday,4
MCP3256001X,230009138,Montgomery County Police,Property Damage Crash,2023-02-23 16:08:00,US (State),COLUMBIA PIKE,HILLWOOD DR,SAME DIR REAR END,CLEAR,DRY,DAYLIGHT,TRAFFIC SIGNAL,UNKNOWN,Yes,No Apparent Injury,NOT DISTRACTED,Unknown,(Sport) Utility Vehicle,55,2023.0,Hyundai,SANTA FE,16,Thursday,2
MCP2515001W,190025086,Montgomery County Police,Property Damage Crash,2019-05-26 15:45:00,Unknown,Unknown,Unknown,SAME DIR REAR END,CLEAR,Unknown,DAYLIGHT,Unknown,UNKNOWN,Yes,No Apparent Injury,UNKNOWN,Unknown,Unknown,0,2017.0,Toyota,4S,15,Sunday,5
MCP31980028,200049922,Montgomery County Police,Injury Crash,2020-12-19 16:44:00,Maryland (State),NEW HAMPSHIRE AVE,ORCHARD WAY,HEAD ON,CLEAR,DRY,DUSK,Unknown,NONE DETECTED,No,No Apparent Injury,NOT DISTRACTED,MD,Passenger Car,45,2016.0,Range Rover,HSE,16,Saturday,12
MCP2291004M,200033353,Montgomery County Police,Property Damage Crash,2020-08-26 13:58:00,Maryland (State),CONNECTICUT AVE,SPUR TO JONES BRIDGE RD,SAME DIRECTION SIDESWIPE,CLEAR,DRY,DAYLIGHT,NO CONTROLS,NONE DETECTED,No,No Apparent Injury,NOT DISTRACTED,MD,Transit Bus,35,2014.0,Nabi,TBU,13,Wednesday,8
MCP2339009W,250002810,MONTGOMERY,Property Damage Crash,2025-01-20 19:49:00,County Route,BOU AVE,Unknown,Angle,Clear,Dry,Dark - Lighted,Stop Sign,"Not Suspect of Alcohol Use, Not Suspect of Drug Use",Yes,No Apparent Injury,Unknown,MD,Passenger Car,15,2024.0,Nissan,SENTRA,19,Monday,1
MCP32300060,240046058,MONTGOMERY,Property Damage Crash,2024-09-26 19:17:00,Private Route,Unknown,Unknown,Front to Rear,Clear,Dry,Dark - Lighted,No Controls,"Unknown, Unknown",No,Unknown,Unknown,Unknown,Passenger Car,35,2020.0,Toyota,COROLLA,19,Thursday,9
MCP29680018,17009043,Montgomery County Police,Property Damage Crash,2017-02-19 17:08:00,Maryland (State),BEALLSVILLE RD,DARNESTOWN RD,SINGLE VEHICLE,Unknown,DRY,DAYLIGHT,NO CONTROLS,Unknown,Yes,No Apparent Injury,NOT DISTRACTED,MD,Passenger Car,40,2005.0,Jeep,LAREDO,17,Sunday,2
MCP28750039,180009653,Montgomery County Police,Property Damage Crash,2018-02-24 21:11:00,Maryland (State),CLOPPER RD,METZ DR,HEAD ON LEFT TURN,RAINING,WET,DARK LIGHTS ON,NO CONTROLS,NONE DETECTED,Yes,No Apparent Injury,LOOKED BUT DID NOT SEE,MD,Passenger Car,35,2015.0,Toyota,COROLA,21,Saturday,2
EJ7885002Z,230014800,Gaithersburg Police Depar,Injury Crash,2023-03-27 15:55:00,Unknown,Unknown,Unknown,OTHER,Unknown,Unknown,DAYLIGHT,NO CONTROLS,NONE DETECTED,Yes,No Apparent Injury,LOOKED BUT DID NOT SEE,MD,Passenger Car,15,2019.0,Toyota,RAV4,15,Monday,3
MCP2588006X,200001973,Montgomery County Police,Injury Crash,2020-01-12 12:36:00,County,RANDOLPH RD,DENLEY RD,STRAIGHT MOVEMENT ANGLE,CLEAR,DRY,DAYLIGHT,NO CONTROLS,NONE DETECTED,No,No Apparent Injury,NOT DISTRACTED,MD,Passenger Car,35,1998.0,Acura,INTEGRA,12,Sunday,1
MCP1268000F,16044501,Montgomery County Police,Injury Crash,2016-08-31 19:50:00,Unknown,Unknown,Unknown,SINGLE VEHICLE,CLEAR,Unknown,DUSK,Unknown,NONE DETECTED,Yes,Suspected Minor Injury,NOT DISTRACTED,MD,Police Vehicle/Emergency,0,2014.0,Dodg,CHARGER,19,Wednesday,8
MCP3124002B,190016540,Montgomery County Police,Property Damage Crash,2019-04-09 17:15:00,County,ARCOLA AVE,GEORGIA AVE,SAME DIRECTION RIGHT TURN,CLEAR,DRY,DAYLIGHT,TRAFFIC SIGNAL,NONE DETECTED,Yes,No Apparent Injury,NOT DISTRACTED,MD,Van,25,2001.0,Ford,VAN,17,Tuesday,4
MCP3347000Q,230028113,Montgomery County Police,Property Damage Crash,2023-06-11 18:25:00,County,BETHESDA AVE,WOODMONT AVE,OTHER,CLEAR,DRY,DAYLIGHT,NO CONTROLS,UNKNOWN,Yes,No Apparent Injury,UNKNOWN,Unknown,Passenger Car,25,2015.0,Hyun,UNK,18,Sunday,6
MCP3262003Q,230070953,Montgomery County Police,Injury Crash,2023-12-10 16:25:00,US (State),COLUMBIA PIKE,GREENCASTLE RD,SAME DIR REAR END,RAINING,WET,DARK LIGHTS ON,TRAFFIC SIGNAL,NONE DETECTED,No,Possible Injury,NOT DISTRACTED,MD,Passenger Car,45,2014.0,Hyun,SANTA FE,16,Sunday,12
EJ7852004Z,210032042,Gaithersburg Police Depar,Injury Crash,2021-08-17 19:00:00,Municipality,MAIN ST,MIDTOWN RD,OTHER,RAINING,WET,DAYLIGHT,STOP SIGN,NONE DETECTED,Unknown,No Apparent Injury,LOOKED BUT DID NOT SEE,MD,Passenger Car,25,2019.0,Toyt,RAV4,19,Tuesday,8
MCP2946000Y,15061765,MONTGOMERY,Property Damage Crash,2015-12-03 15:15:00,County,STRINGTOWN RD,FREDERICK RD,SAME DIR REAR END,CLEAR,DRY,DAYLIGHT,TRAFFIC SIGNAL,NONE DETECTED,No,No Apparent Injury,NOT DISTRACTED,MD,Passenger Car,35,2005.0,Mini,COOPER,15,Thursday,12
DD5611003G,170534016,Rockville Police Departme,Property Damage Crash,2017-09-30 13:00:00,Municipality,WOOTTON PKWY,TOWER OAKS BLVD,HEAD ON LEFT TURN,CLEAR,DRY,DAYLIGHT,TRAFFIC SIGNAL,NONE DETECTED,No,No Apparent Injury,NOT DISTRACTED,MD,Passenger Car,35,2005.0,Lexs,4S,13,Saturday,9
MCP2853008N,230025929,Montgomery County Police,Injury Crash,2023-05-30 16:34:00,County,POWDER MILL RD,PRINCE GEORGES CO/L,SAME DIR REAR END,CLEAR,DRY,DAYLIGHT,TRAFFIC SIGNAL,Unknown,No,Possible Injury,NOT DISTRACTED,MD,Passenger Car,35,2018.0,Nissan,PATHFINDER,16,Tuesday,5
DM83040004,16004411,Takoma Park Police Depart,Property Damage Crash,2016-01-27 15:28:00,Unknown,Unknown,Unknown,OTHER,CLEAR,Unknown,DAYLIGHT,NO CONTROLS,NONE DETECTED,Yes,No Apparent Injury,DISTRACTED BY OUTSIDE PERSON OBJECT OR EVENT,DC,Passenger Car,5,2015.0,Hyun,GEICO,15,Wednesday,1
MCP2686006V,240004672,MONTGOMERY,Property Damage Crash,2024-01-29 17:13:00,Maryland (State) Route,GERMANTOWN RD (SB/L),Unknown,Front to Rear,Clear,Dry,Dark - Lighted,Traffic Control Signal,"Not Suspect of Alcohol Use, Not Suspect of Drug Use",No,No Apparent Injury,Not Distracted,MD,Sport Utility Vehicle,40,2022.0,Chevrolet,EQUINOX,17,Monday,1
MCP1564001B,16024644,Montgomery County Police,Property Damage Crash,2016-05-01 19:30:00,County,APPLEDOWRE WAY,FREDERICK RD,SAME DIRECTION RIGHT TURN,CLEAR,DRY,DUSK,NO CONTROLS,Unknown,Yes,No Apparent Injury,NOT DISTRACTED,MD,Pickup Truck,15,1997.0,Ford,TK,19,Sunday,5
MCP3182001K,210052224,Montgomery County Police,Property Damage Crash,2021-12-22 15:50:00,Unknown,Unknown,Unknown,STRAIGHT MOVEMENT ANGLE,CLEAR,Unknown,DAYLIGHT,NO CONTROLS,NONE DETECTED,Yes,No Apparent Injury,LOOKED BUT DID NOT SEE,MD,(Sport) Utility Vehicle,0,2019.0,Toyota,HIGHLANDER,15,Wednesday,12
DD559500B1,210036248,Rockville Police Departme,Property Damage Crash,2021-09-14 16:30:00,Municipality,CONGRESSIONAL LA,E JEFFERSON ST,OTHER,CLEAR,DRY,DAYLIGHT,NO CONTROLS,NONE DETECTED,Yes,No Apparent Injury,NOT DISTRACTED,MD,School Bus,25,2015.0,Thom,BU,16,Tuesday,9
MCP2889002K,170525920,Montgomery County Police,Property Damage Crash,2017-08-20 20:53:00,County,HIGHVIEW DR,SELFRIDGE RD,OTHER,Unknown,Unknown,DARK LIGHTS ON,Unknown,NONE DETECTED,Yes,No Apparent Injury,UNKNOWN,MD,Passenger Car,25,1996.0,Toyt,4S,20,Sunday,8
EJ7781003Z,230025450,Gaithersburg Police Depar,Injury Crash,2023-05-27 10:33:00,County,SAM EIG HWY,DIAMONDBACK DR,HEAD ON LEFT TURN,CLEAR,DRY,DAYLIGHT,TRAFFIC SIGNAL,NONE DETECTED,Yes,Possible Injury,NOT DISTRACTED,MD,Passenger Car,45,2009.0,Ford,F150,10,Saturday,5
MCP33600010,230054978,Montgomery County Police,Property Damage Crash,2023-09-15 06:57:00,Maryland (State),W DIAMOND AVE,QUINCE ORCHARD RD,SAME DIRECTION SIDESWIPE,CLEAR,DRY,DAYLIGHT,TRAFFIC SIGNAL,UNKNOWN,Yes,No Apparent Injury,UNKNOWN,Unknown,Passenger Car,35,2017.0,Kia,SORENTO,6,Friday,9
MCP2603000B,16033991,Montgomery County Police,Injury Crash,2016-07-05 13:57:00,County,CENTERWAY RD,MONTGOMERY VILLAGE AVE,SAME DIR REAR END,CLEAR,DRY,DAYLIGHT,Unknown,Unknown,Yes,No Apparent Injury,UNKNOWN,MD,Passenger Car,35,1993.0,Toyota,CAMRY,13,Tuesday,7
MCP3307001Y,220040521,Montgomery County Police,Property Damage Crash,2022-09-18 00:30:00,County,LONGMEAD CROSSING DR,NORMANDY CROSSING DR,SAME DIR REAR END,CLEAR,DRY,DARK LIGHTS ON,Unknown,NONE DETECTED,Yes,No Apparent Injury,UNKNOWN,MD,Passenger Car,25,2015.0,Bmw,320IXDRIVE,0,Sunday,9
MCP1099002Q,190037981,Montgomery County Police,Property Damage Crash,2019-08-09 12:35:00,Maryland (State),MUNCASTER MILL RD,MILLCREST DR,OPPOSITE DIRECTION SIDESWIPE,Unknown,DRY,DAYLIGHT,NO CONTROLS,Unknown,No,No Apparent Injury,NOT DISTRACTED,MD,Pickup Truck,35,2003.0,Chevy,TK,12,Friday,8
MCP2372006F,240032674,MONTGOMERY,Injury Crash,2024-07-11 09:14:00,Municipality Route,OXFORD RD,GOLDSBORO RD MACARTHUR BLVD,Other,Clear,Dry,Daylight,Stop Sign,"Not Suspect of Alcohol Use, Not Suspect of Drug Use",Yes,No Apparent Injury,Not Distracted,DC,Van - Passenger (&Lt;9 Seats),30,2019.0,Kia,SEDONA,9,Thursday,7
MCP270800B0,260000871,MONTGOMERY,Property Damage Crash,2026-01-06 19:19:00,US (State),COLUMBIA PIKE,Unknown,Front to Rear,Clear,Dry,Dark - Lighted,No Controls,"Not Suspect of Alcohol Use, Not Suspect of Drug Use",Yes,No Apparent Injury,Not Distracted,MD,Sport Utility Vehicle,35,2015.0,Lexus,RX,19,Tuesday,1
MCP3074004P,210009342,Montgomery County Police,Property Damage Crash,2021-03-12 15:49:00,Maryland (State),GEORGIA AVE,RAMP 7 FR RAMP 2 (FR IS 495) TO MD 97 SB,SAME DIRECTION SIDESWIPE,CLEAR,DRY,DAYLIGHT,TRAFFIC SIGNAL,Unknown,No,No Apparent Injury,NOT DISTRACTED,MD,Passenger Car,25,2015.0,Kia,OPTIMA,15,Friday,3
MCP203900BW,240044231,MONTGOMERY,Injury Crash,2024-09-17 07:26:00,Maryland (State) Route,NORBECK RD,Unknown,Front to Rear,Cloudy,Dry,Daylight,No Controls,"Unknown, Unknown",Yes,No Apparent Injury,Unknown,MD,Passenger Car,35,2023.0,Ford,MUSTANG,7,Tuesday,9
MCP3052000M,170537211,Montgomery County Police,Property Damage Crash,2017-10-17 16:04:00,Maryland (State),QUINCE ORCHARD RD,RAMP 8 FR IS 270 SB TO MD 124 WB,SAME DIRECTION SIDESWIPE,CLEAR,DRY,DAYLIGHT,Unknown,NONE DETECTED,Yes,No Apparent Injury,LOOKED BUT DID NOT SEE,MD,Police Vehicle/Emergency,35,2013.0,Kia,4S,16,Tuesday,10
DD56530050,250024070,ROCKVILLE,Property Damage Crash,2025-05-30 15:49:00,Maryland (State) Route,ROCKVILLE PIKE,BEST BUY ENT,Angle,Cloudy,Dry,Daylight,Traffic Control Signal,"Not Suspect of Alcohol Use, Not Suspect of Drug Use",No,No Apparent Injury,Unknown,MD,Sport Utility Vehicle,35,2022.0,Jeep,WRANGLER,15,Friday,5
MCP3113005W,240007755,MONTGOMERY,Property Damage Crash,2024-02-16 18:30:00,Other Public Roadway,TECH RD,Unknown,Front to Rear,Clear,Dry,Dark - Lighted,No Controls,"Not Suspect of Alcohol Use, Not Suspect of Drug Use",No,No Apparent Injury,Not Distracted,MD,Passenger Car,30,2012.0,Ford,FUSION,18,Friday,2
MCP2667008H,230026040,Montgomery County Police,Property Damage Crash,2023-05-31 08:30:00,County,AIRPARK RD,WOODFIELD RD,SINGLE VEHICLE,CLEAR,DRY,DAYLIGHT,Unknown,NONE DETECTED,Yes,No Apparent Injury,UNKNOWN,MD,Passenger Car,50,2012.0,Dodge,CHARGER,8,Wednesday,5
MCP23990086,240020181,MONTGOMERY,Property Damage Crash,2024-04-28 13:31:00,Unknown,Unknown,Unknown,Front to Rear,Clear,Unknown,Daylight,Unknown,"Not Suspect of Alcohol Use, Not Suspect of Drug Use",No,No Apparent Injury,Not Distracted,DC,Sport Utility Vehicle,0,2022.0,Acura,MDX,13,Sunday,4
MCP2611001J,16057455,Montgomery County Police,Property Damage Crash,2016-11-07 05:13:00,Maryland (State),NEW HAMPSHIRE AVE,VENICE DR,SAME DIR REAR END,CLEAR,DRY,DUSK,NO CONTROLS,NONE DETECTED,No,No Apparent Injury,NOT DISTRACTED,MD,Passenger Car,40,2013.0,Cad,2S,5,Monday,11
MCP2641001N,200043491,Montgomery County Police,Property Damage Crash,2020-11-04 10:00:00,Maryland (State),WOODFIELD RD,MOYER RD,SAME DIR REAR END,CLEAR,DRY,DAYLIGHT,Unknown,NONE DETECTED,No,No Apparent Injury,NOT DISTRACTED,MD,Pickup Truck,40,2016.0,Ford,F150,10,Wednesday,11
MCP20590089,240024605,MONTGOMERY,Injury Crash,2024-05-24 13:19:00,Maryland (State) Route,CONNECTICUT AVE (SB/L),PLYERS MILL RD,Front to Rear,Clear,Dry,Daylight,Traffic Control Signal,"Not Suspect of Alcohol Use, Not Suspect of Drug Use",Yes,Suspected Minor Injury,Unknown,MD,Van - Cargo,30,2015.0,Ram,PROMASTER 1500,13,Friday,5
MCP3117001P,190009751,Montgomery County Police,Injury Crash,2019-03-01 21:10:00,Maryland (State),FREDERICK RD,KING FARM BLVD,ANGLE MEETS LEFT TURN,RAINING,WET,DARK LIGHTS ON,TRAFFIC SIGNAL,NONE DETECTED,No,Possible Injury,NOT DISTRACTED,MD,Passenger Car,35,2013.0,Dodge,JOURNEY,21,Friday,3
MCP2894001G,15063353,MONTGOMERY,Injury Crash,2015-12-11 15:10:00,Maryland (State),CONNECTICUT AVE,KNOWLES AVE,SAME DIR REAR END,CLEAR,DRY,DAYLIGHT,Unknown,NONE DETECTED,No,Possible Injury,NOT DISTRACTED,MD,Passenger Car,35,2006.0,Honda,HONDA,15,Friday,12
MCP3255000G,200033614,Montgomery County Police,Injury Crash,2020-08-28 09:30:00,County,QUAIL VALLEY BLVD,HUMMINGBIRD TERR,SAME DIRECTION SIDESWIPE,CLEAR,DRY,DAYLIGHT,NO CONTROLS,NONE DETECTED,Yes,Possible Injury,UNKNOWN,MD,Passenger Car,25,2020.0,Toyota,COROLLA,9,Friday,8
MCP3126004V,230058512,Montgomery County Police,Property Damage Crash,2023-10-04 16:15:00,Maryland (State),FREDERICK RD,COOL BROOK LA,SINGLE VEHICLE,CLEAR,DRY,DAYLIGHT,NO CONTROLS,NONE DETECTED,Yes,No Apparent Injury,OTHER DISTRACTION,MD,Passenger Car,40,2013.0,Ford,FUSION,16,Wednesday,10
DD5607004F,230054011,Rockville Police Departme,Property Damage Crash,2023-09-09 18:20:00,Maryland (State),FREDERICK RD,KING FARM BLVD,HEAD ON LEFT TURN,RAINING,WET,DAYLIGHT,TRAFFIC SIGNAL,NONE DETECTED,No,No Apparent Injury,NOT DISTRACTED,MD,Passenger Car,40,2019.0,Hyundai,ELANTRA,18,Saturday,9
MCP3168008H,250037462,MONTGOMERY,Property Damage Crash,2025-08-21 22:45:00,Bicycle Route,Unknown,Unknown,Front to Front,Clear,Dry,Dark - Lighted,Traffic Control Signal,"Not Suspect of Alcohol Use, Not Suspect of Drug Use",No,No Apparent Injury,Not Distracted,MD,Sport Utility Vehicle,25,2021.0,Toyota,VENZA,22,Thursday,8
MCP2753004M,190052785,Montgomery County Police,Injury Crash,2019-11-02 11:36:00,Unknown,Unknown,Unknown,ANGLE MEETS LEFT TURN,CLEAR,Unknown,DAYLIGHT,NO CONTROLS,NONE DETECTED,Yes,No Apparent Injury,NOT DISTRACTED,MD,Passenger Car,0,2009.0,Toyt,4D,11,Saturday,11
MCP1563008V,230061243,Montgomery County Police,Property Damage Crash,2023-10-18 13:03:00,Maryland (State),BRADLEY BLVD,FAIRFAX RD,SAME DIRECTION RIGHT TURN,CLOUDY,DRY,DAYLIGHT,TRAFFIC SIGNAL,NONE DETECTED,Yes,No Apparent Injury,LOOKED BUT DID NOT SEE,MD,Passenger Car,25,2012.0,Lexs,4S,13,Wednesday,10
MCP27700033,230013636,Montgomery County Police,Property Damage Crash,2023-03-21 09:30:00,County,EAST VILLAGE AVE,BUTTERWICK WAY,SAME DIRECTION SIDESWIPE,CLEAR,DRY,DAYLIGHT,Unknown,NONE DETECTED,Yes,No Apparent Injury,NOT DISTRACTED,MD,Passenger Car,35,2022.0,Toyota,HIGHLANDER,9,Tuesday,3
MCP302600D3,240042565,MONTGOMERY,Injury Crash,2024-09-08 08:04:00,Maryland (State) Route,CONNECTICUT AVE (SB/L),MANOR RD,Rear To Side,Clear,Dry,Daylight,Traffic Control Signal,"Not Suspect of Alcohol Use, Not Suspect of Drug Use",No,Possible Injury,Not Distracted,MD,Sport Utility Vehicle,35,2020.0,Lexus,NX,8,Sunday,9
MCP2816003S,230063112,Montgomery County Police,Property Damage Crash,2023-10-28 19:33:00,County,SEVEN LOCKS RD,POSTOAK RD,HEAD ON LEFT TURN,Unknown,Unknown,DARK LIGHTS ON,TRAFFIC SIGNAL,NONE DETECTED,Yes,No Apparent Injury,INATTENTIVE OR LOST IN THOUGHT,MD,Passenger Car,35,2017.0,Mazda,CX5,19,Saturday,10
MCP3264003H,230001897,Montgomery County Police,Property Damage Crash,2023-01-12 13:51:00,Maryland (State),GEORGIA AVE,RAMP 5 FR MD 97 SB TO IS 495 EB,SAME DIRECTION SIDESWIPE,CLOUDY,DRY,DAYLIGHT,NO CONTROLS,NONE DETECTED,No,No Apparent Injury,NOT DISTRACTED,MD,"Medium/Heavy Trucks 3 Axles (Over 10,000Lbs (4,536Kg))",35,2011.0,Kenworth,TDS,13,Thursday,1