Report Number,Local Case Number,Agency Name,ACRS Report Type,Crash Date/Time,Route Type,Road Name,Cross-Street Name,Collision Type,Weather,Surface Condition,Light,Traffic Control,Driver Substance Abuse,Driver At Fault,Injury Severity,Driver Distracted By,Drivers License State,Vehicle Body Type,Speed Limit,Vehicle Year,Vehicle Make,Vehicle Model,Crash Hour,Crash Day,Crash Month
MCP2671003W,240029158,MONTGOMERY,Property Damage Crash,2024-06-19 15:10:00,US (State),GEORGIA AVE,SILVER SPRING AVE,Rear To Side,Clear,Dry,Daylight,Traffic Control Signal,"Not Suspect of Alcohol Use, Not Suspect of Drug Use",Yes,No Apparent Injury,Not Distracted,AL,Passenger Car,35,2012.0,Nissan,SENTRA,15,Wednesday,6
MCP2425006V,16024234,Montgomery County Police,Property Damage Crash,2016-05-16 06:57:00,Maryland (State),UNIVERSITY BLVD E,E FRANKLIN AVE,SAME DIRECTION SIDESWIPE,CLEAR,DRY,DAYLIGHT,TRAFFIC SIGNAL,NONE DETECTED,No,No Apparent Injury,NOT DISTRACTED,MD,Transit Bus,40,2008.0,New Flyer,BUS,6,Monday,5
MCP2682000B,15040907,MONTGOMERY,Property Damage Crash,2015-08-16 10:53:00,County,GOSHEN RD,WIGHTMAN RD,SAME DIRECTION LEFT TURN,CLEAR,DRY,DAYLIGHT,Unknown,NONE DETECTED,Yes,No Apparent Injury,UNKNOWN,MD,Passenger Car,35,2009.0,Nissan,ROGUE,10,Sunday,8
MCP27170027,15039074,MONTGOMERY,Injury Crash,2015-08-06 13:00:00,Maryland (State),ROCKVILLE PIKE,TUCKERMAN LA,SAME DIR REAR END,CLOUDY,DRY,DAYLIGHT,TRAFFIC SIGNAL,NONE DETECTED,Yes,No Apparent Injury,UNKNOWN,MD,Passenger Car,40,2006.0,Nissan,MAXIMA,13,Thursday,8
MCP31060025,190053302,Montgomery County Police,Injury Crash,2019-11-05 15:47:00,County,JONES BRIDGE RD,CONNECTICUT AVE,SAME DIR REAR END,Unknown,DRY,DAYLIGHT,TRAFFIC SIGNAL,Unknown,No,Possible Injury,NOT DISTRACTED,MD,(Sport) Utility Vehicle,30,2013.0,Toyota,HIGHLANDER,15,Tuesday,11
MCP33510029,240013972,MONTGOMERY,Property Damage Crash,2024-03-24 15:16:00,County Route,E RANDOLPH RD,Unknown,"Sideswipe, Same Direction",Clear,Dry,Daylight,No Controls,"Not Suspect of Alcohol Use, Not Suspect of Drug Use",No,No Apparent Injury,Not Distracted,VA,Bus - Transit,35,2020.0,Gillig,SHUTTLE BUS,15,Sunday,3
MCP1213008W,230071538,Montgomery County Police,Injury Crash,2023-12-13 16:35:00,Maryland (State),ASHTON RD,NEW HAMPSHIRE AVE,HEAD ON LEFT TURN,CLEAR,DRY,DAYLIGHT,TRAFFIC SIGNAL,NONE DETECTED,No,Suspected Minor Injury,NOT DISTRACTED,MD,(Sport) Utility Vehicle,30,2009.0,Niss,TK,16,Wednesday,12
MCP13780173,240003334,MONTGOMERY,Property Damage Crash,2024-01-22 13:20:00,County Route,AIRCRAFT DR,CENTURY BLVD CENTURY BLVD (SB/L),Other,Cloudy,Dry,Daylight,Traffic Control Signal,"Not Suspect of Alcohol Use, Not Suspect of Drug Use",No,No Apparent Injury,Not Distracted,MD,Pickup,25,2019.0,Ford,RANGER,13,Monday,1
MCP2637004L,220022303,Montgomery County Police,Property Damage Crash,2022-05-25 10:13:00,County,S GLEN RD,NORTON RD,OTHER,CLOUDY,DRY,DAYLIGHT,Unknown,NONE DETECTED,No,No Apparent Injury,NOT DISTRACTED,MD,"Cargo Van/Light Truck 2 Axles (Over 10,000Lbs (4,536 Kg))",35,2014.0,Ford,F250,10,Wednesday,5
EJ7916000W,250045123,GAITHERSBURG,Injury Crash,2025-10-07 17:40:00,Municipality Route,LONGDRAFT RD (SB/L),CLOPPER RD LONGDRAFT RD,Unknown,Cloudy,Dry,Daylight,Traffic Control Signal,"Not Suspect of Alcohol Use, Not Suspect of Drug Use",No,No Apparent Injury,Not Distracted,MD,Passenger Car,35,2016.0,Mazda,MAZDA3,17,Tuesday,10
MCP1550005B,240026467,MONTGOMERY,Property Damage Crash,2024-06-03 15:30:00,Maryland (State) Route,Unknown,Unknown,Front to Rear,Clear,Dry,Daylight,No Controls,"Not Suspect of Alcohol Use, Not Suspect of Drug Use",No,No Apparent Injury,Unknown,MD,Passenger Car,40,2022.0,Tesla,MODEL S,15,Monday,6
MCP3042000B,17009190,Montgomery County Police,Property Damage Crash,2017-02-20 14:07:00,County,OAK DR,HILLSDALE DR,STRAIGHT MOVEMENT ANGLE,CLEAR,DRY,DAYLIGHT,NO CONTROLS,NONE DETECTED,Yes,No Apparent Injury,OTHER DISTRACTION,MD,Station Wagon,25,2012.0,Hino,TK,14,Monday,2
MCP33170019,230054932,Montgomery County Police,Property Damage Crash,2023-09-14 19:35:00,County,MERRIMAC DR,UNIVERSITY BLVD E,HEAD ON LEFT TURN,CLEAR,DRY,DARK LIGHTS ON,TRAFFIC SIGNAL,NONE DETECTED,No,No Apparent Injury,NOT DISTRACTED,MD,Passenger Car,35,2007.0,Toyt,UT,19,Thursday,9
MCP2244002J,180055949,Montgomery County Police,Property Damage Crash,2018-11-07 17:37:00,Maryland (State),GEORGIA AVE,WENDY LA,STRAIGHT MOVEMENT ANGLE,CLEAR,DRY,DARK LIGHTS ON,Unknown,NONE DETECTED,Yes,No Apparent Injury,NOT DISTRACTED,MD,Passenger Car,40,2009.0,Nissan,VERSA,17,Wednesday,11
MCP3085000C,170530831,Montgomery County Police,Injury Crash,2017-09-15 19:27:00,Maryland (State),RIVER RD,GOLDSBORO RD,SAME DIR REAR END,CLEAR,DRY,DUSK,Unknown,NONE DETECTED,No,No Apparent Injury,NOT DISTRACTED,MD,(Sport) Utility Vehicle,45,2014.0,Chevy,TK,19,Friday,9
MCP2512005G,210000998,Montgomery County Police,Property Damage Crash,2021-01-08 17:43:00,Maryland (State),CLOPPER RD,FIRSTFIELD RD,SAME DIR REAR END,CLEAR,DRY,DARK LIGHTS ON,NO CONTROLS,NONE DETECTED,No,No Apparent Injury,NOT DISTRACTED,MD,Passenger Car,35,2014.0,Honda,CRV,17,Friday,1
EJ7855001V,170509873,Gaithersburg Police Depar,Injury Crash,2017-05-25 17:38:00,Maryland (State),FREDERICK RD,DALAMAR ST,STRAIGHT MOVEMENT ANGLE,CLEAR,DRY,Unknown,NO CONTROLS,NONE DETECTED,Yes,No Apparent Injury,LOOKED BUT DID NOT SEE,MD,Passenger Car,30,2011.0,Kia,OPTIMA,17,Thursday,5
MCP2134000L,16010777,MONTGOMERY,Fatal Crash,2016-03-04 07:55:00,County,E RANDOLPH RD,WITHAN DR,OTHER,Unknown,WET,DAYLIGHT,NO CONTROLS,NONE DETECTED,Unknown,No Apparent Injury,UNKNOWN,MD,Passenger Car,40,2005.0,Ford,TAURUS,7,Friday,3
MCP1575002K,15028561,Montgomery County Police,Injury Crash,2015-06-12 09:23:00,Municipality,E GUDE DR,TAFT ST,SAME DIRECTION RIGHT TURN,CLEAR,DRY,DAYLIGHT,NO CONTROLS,NONE DETECTED,Yes,No Apparent Injury,NOT DISTRACTED,WV,"Other Light Trucks (10,000Lbs (4,536Kg) Or Less)",40,1999.0,Intl,TK,9,Friday,6
MCP2785000M,15045933,MONTGOMERY,Property Damage Crash,2015-09-11 13:24:00,Other Public Roadway,CALVERTON BLVD,CHERRY HILL RD,SAME DIR REAR END,CLEAR,DRY,DAYLIGHT,Unknown,Unknown,No,No Apparent Injury,NOT DISTRACTED,MD,(Sport) Utility Vehicle,30,2010.0,Toyt,RAV4,13,Friday,9
MCP2039001D,15057507,MONTGOMERY,Property Damage Crash,2015-11-11 09:33:00,County,BEL PRE RD,CONNECTICUT AVE,SAME DIR REAR END,CLEAR,Unknown,DAYLIGHT,NO CONTROLS,NONE DETECTED,No,No Apparent Injury,NOT DISTRACTED,MD,Passenger Car,35,2007.0,Toyota,CAMRY,9,Wednesday,11
DM84980002,200037637,Takoma Park Police Depart,Property Damage Crash,2020-09-25 00:40:00,Municipality,HOLTON LA,NEW HAMPSHIRE AVE,SAME DIR REAR END,CLEAR,DRY,DARK LIGHTS ON,NO CONTROLS,Unknown,Yes,No Apparent Injury,UNKNOWN,Unknown,Passenger Car,10,1989.0,Toyota,CAMRY,0,Friday,9
MCP3037002J,190012956,Montgomery County Police,Injury Crash,2019-03-20 19:35:00,County,RIDGE RD,OBSERVATION DR,SAME DIR REAR END,CLEAR,DRY,DUSK,TRAFFIC SIGNAL,NONE DETECTED,Yes,No Apparent Injury,UNKNOWN,MD,Passenger Car,40,2007.0,Saab,95,19,Wednesday,3
MCP2610000K,16025475,Montgomery County Police,Property Damage Crash,2016-05-22 17:38:00,Maryland (State),QUINCE ORCHARD RD,BANK ST,SAME DIR REAR END,RAINING,WET,DAYLIGHT,Unknown,NONE DETECTED,Yes,No Apparent Injury,LOOKED BUT DID NOT SEE,MD,Passenger Car,35,2014.0,Lexs,4S,17,Sunday,5
MCP29340018,15062319,MONTGOMERY,Injury Crash,2015-12-06 12:30:00,Maryland (State),WISCONSIN AVE,BRADLEY LA,OTHER,CLEAR,DRY,DAYLIGHT,TRAFFIC SIGNAL,NONE DETECTED,Yes,No Apparent Injury,LOOKED BUT DID NOT SEE,MD,Passenger Car,25,2007.0,Mazda,4 DOOR,12,Sunday,12
MCP3023004K,240037742,MONTGOMERY,Injury Crash,2024-08-10 13:10:00,Maryland (State) Route,GEORGIA AVE,SHOREFIELD RD,"Sideswipe, Same Direction",Clear,Dry,Daylight,Traffic Control Signal,"Not Suspect of Alcohol Use, Not Suspect of Drug Use",No,No Apparent Injury,Not Distracted,MD,Passenger Car,25,2013.0,Nissan,MAXIMA,13,Saturday,8
MCP22120017,15023231,Montgomery County Police,Injury Crash,2015-05-15 11:39:00,County,AUTOMOBILE BLVD,BRIGGS CHANEY RD,SAME DIR REAR END,CLEAR,DRY,DAYLIGHT,NO CONTROLS,NONE DETECTED,Yes,No Apparent Injury,TALKING OR LISTENING TO CELLULAR PHONE,MD,Pickup Truck,30,2013.0,Chevy,SILVERADO,11,Friday,5
MCP1119001X,16004397,Montgomery County Police,Injury Crash,2016-01-27 14:57:00,Maryland (State),GEORGIA AVE,CROSSOVER,STRAIGHT MOVEMENT ANGLE,CLEAR,WET,DAYLIGHT,TRAFFIC SIGNAL,NONE DETECTED,No,Suspected Minor Injury,NOT DISTRACTED,MD,(Sport) Utility Vehicle,50,2011.0,Nissan,ROGUE,14,Wednesday,1
MCP3227004N,230049070,Montgomery County Police,Property Damage Crash,2023-08-12 10:23:00,Ramp,RAMP 3 FR IS 495 EB TO MD 650 NB,NEW HAMPSHIRE AVE,SAME DIR REAR END,CLEAR,DRY,DAYLIGHT,NO CONTROLS,UNKNOWN,Yes,No Apparent Injury,UNKNOWN,Unknown,Passenger Car,55,2019.0,Jeep,RENEGADE,10,Saturday,8
MCP2637005X,250012580,MONTGOMERY,Injury Crash,2025-03-22 13:39:00,County Route,PENFOLD CT,Unknown,Single Vehicle,Cloudy,Dry,Daylight,No Controls,"Not Suspect of Alcohol Use, Not Suspect of Drug Use",No,No Apparent Injury,Unknown,MD,Passenger Car,30,2011.0,Hyundai,SONATA,13,Saturday,3
MCP2776001Q,17008165,Montgomery County Police,Property Damage Crash,2017-02-15 01:09:00,County,NORBECK RD,LAYHILL RD,STRAIGHT MOVEMENT ANGLE,CLEAR,DRY,DARK LIGHTS ON,FLASHING TRAFFIC SIGNAL,NONE DETECTED,No,No Apparent Injury,NOT DISTRACTED,MD,Passenger Car,40,2014.0,Toyota,PRIUS,1,Wednesday,2
MCP31620062,250032961,MONTGOMERY,Property Damage Crash,2025-07-24 08:45:00,County Route,BALLARD ST,Unknown,Angle,Clear,Dry,Daylight,No Controls,"Not Suspect of Alcohol Use, Not Suspect of Drug Use",No,No Apparent Injury,Not Distracted,MD,Bus - School,30,2015.0,Freightliner,B2 BUS CHASSIS,8,Thursday,7
MCP28320016,15011867,Montgomery County Police,Property Damage Crash,2015-03-15 06:57:00,County,SANGAMORE RD,SENTINEL RD,STRAIGHT MOVEMENT ANGLE,CLEAR,DRY,DARK -- UNKNOWN LIGHTING,STOP SIGN,NONE DETECTED,No,No Apparent Injury,NOT DISTRACTED,PA,Pickup Truck,25,2009.0,Dodge,PICK UP,6,Sunday,3
MCP2664001C,15044087,MONTGOMERY,Property Damage Crash,2015-09-01 07:30:00,County,FINLEY ST,GALT AVE,SINGLE VEHICLE,CLEAR,DRY,DAYLIGHT,NO CONTROLS,UNKNOWN,Yes,No Apparent Injury,UNKNOWN,Unknown,Passenger Car,25,1999.0,Acura,4D,7,Tuesday,9
MCP3125002N,210004219,Montgomery County Police,Injury Crash,2021-02-02 16:20:00,Maryland (State),FALLS RD,WINTERSET DR,HEAD ON LEFT TURN,CLEAR,WET,DAYLIGHT,STOP SIGN,NONE DETECTED,Yes,No Apparent Injury,UNKNOWN,MD,Passenger Car,35,2018.0,Bmw,X3,16,Tuesday,2
EJ78530014,15055416,GAITHERSBURG,Injury Crash,2015-10-31 15:33:00,County,GOSHEN RD,MIDCOUNTY HWY,SAME DIR REAR END,CLEAR,DRY,DAYLIGHT,NO CONTROLS,NONE DETECTED,Yes,Suspected Minor Injury,LOOKED BUT DID NOT SEE,MD,Passenger Car,35,2004.0,Toyota,SIENNA,15,Saturday,10
DM8388000Z,16038759,Takoma Park Police Depart,Injury Crash,2016-07-31 17:25:00,Unknown,Unknown,Unknown,SAME DIR REAR END,CLOUDY,Unknown,DAYLIGHT,TRAFFIC SIGNAL,NONE DETECTED,No,No Apparent Injury,NOT DISTRACTED,MD,Passenger Car,10,2016.0,Toyota,CAMRY,17,Sunday,7
MCP12050033,170516604,Montgomery County Police,Property Damage Crash,2017-06-30 12:12:00,Maryland (State),WISCONSIN AVE,AVONDALE ST,SAME DIR REAR END,CLEAR,DRY,DAYLIGHT,Unknown,NONE DETECTED,Yes,No Apparent Injury,NOT DISTRACTED,MD,Passenger Car,25,2005.0,Chrysler,CROSSFIRE,12,Friday,6
MCP283200BC,250005558,MONTGOMERY,Property Damage Crash,2025-02-07 07:26:00,Maryland (State) Route,METROPOLITAN AVE,EDGEWOOD RD,"Sideswipe, Same Direction",Clear,Dry,Daylight,Stop Sign,"Not Suspect of Alcohol Use, Not Suspect of Drug Use",No,No Apparent Injury,Unknown,MD,Bus - School,20,2015.0,Freightliner,B2 BUS CHASSIS,7,Friday,2
MCP30680020,180057392,Montgomery County Police,Injury Crash,2018-11-15 19:44:00,Maryland (State),GOLDSBORO RD,REDWING RD,SINGLE VEHICLE,RAINING,WET,DARK LIGHTS ON,Unknown,Unknown,Yes,Possible Injury,NOT DISTRACTED,SC,Passenger Car,35,2010.0,Chevy,COBALT,19,Thursday,11
MCP20550017,16032870,Montgomery County Police,Property Damage Crash,2016-06-29 10:30:00,Maryland (State),W DIAMOND AVE,RAMP 6 FR MD 117 EB TO IS 270 SB,SAME DIRECTION SIDESWIPE,CLEAR,DRY,DAYLIGHT,NO CONTROLS,NONE DETECTED,Yes,No Apparent Injury,UNKNOWN,MD,Passenger Car,30,2015.0,Toyota,CAMRY,10,Wednesday,6
DD56110049,180003135,Rockville Police Departme,Property Damage Crash,2018-01-19 15:29:00,County,SHADY GROVE RD,RESEARCH BLVD,SAME DIR REAR END,CLEAR,DRY,DAYLIGHT,TRAFFIC SIGNAL,NONE DETECTED,No,No Apparent Injury,NOT DISTRACTED,MD,Police Vehicle/Emergency,40,2008.0,Toyt,4S,15,Friday,1
DD5653002C,230031137,Rockville Police Departme,Property Damage Crash,2023-06-29 19:04:00,Maryland (State),E JEFFERSON ST,MARYLAND AVE,HEAD ON LEFT TURN,CLOUDY,DRY,DAYLIGHT,TRAFFIC SIGNAL,Unknown,Yes,No Apparent Injury,UNKNOWN,MD,Passenger Car,30,2018.0,Volkswagon,TIGUAN,19,Thursday,6
MCP9130008Q,190055323,Montgomery County Police,Property Damage Crash,2019-11-16 13:27:00,Maryland (State),CARROLL AVE,MERRIMAC DR,OTHER,CLEAR,DRY,DAYLIGHT,NO CONTROLS,NONE DETECTED,No,No Apparent Injury,NOT DISTRACTED,MD,Van,30,2011.0,Ford,E350,13,Saturday,11
MCP3226003X,230022642,Montgomery County Police,Property Damage Crash,2023-05-11 00:00:00,County,BONIFANT RD,NOTLEY RD,SINGLE VEHICLE,UNKNOWN,UNKNOWN,UNKNOWN,NO CONTROLS,UNKNOWN,Yes,No Apparent Injury,UNKNOWN,Unknown,Passenger Car,30,2021.0,Toyota,CAMRY,0,Thursday,5
MCP2871004M,170528525,Montgomery County Police,Injury Crash,2017-09-03 18:30:00,County,WESTLAKE TERR,MOTOR CITY DR,SAME DIR REAR END,CLEAR,DRY,DAYLIGHT,TRAFFIC SIGNAL,NONE DETECTED,Yes,No Apparent Injury,LOOKED BUT DID NOT SEE,MD,Passenger Car,5,2015.0,Hyun,ELANTRA,18,Sunday,9
MCP2753001F,16045474,Montgomery County Police,Injury Crash,2016-09-06 05:32:00,Unknown,Unknown,Unknown,SINGLE VEHICLE,CLEAR,Unknown,DARK LIGHTS ON,Unknown,NONE DETECTED,Yes,Possible Injury,NOT DISTRACTED,MD,Passenger Car,15,2005.0,Lex,TK,5,Tuesday,9
MCP3074001W,180035706,Montgomery County Police,Property Damage Crash,2018-07-19 09:01:00,Maryland (State),NEW HAMPSHIRE AVE,ELTON RD,SAME DIRECTION SIDESWIPE,CLEAR,DRY,DAYLIGHT,NO CONTROLS,Unknown,No,No Apparent Injury,NOT DISTRACTED,MD,Passenger Car,35,2010.0,Nissan,ALTIMA,9,Thursday,7
MCP2723002L,170520327,Montgomery County Police,Property Damage Crash,2017-07-21 09:45:00,Maryland (State),NEW HAMPSHIRE AVE,ASHTON RD,HEAD ON LEFT TURN,CLEAR,DRY,DAYLIGHT,TRAFFIC SIGNAL,Unknown,No,No Apparent Injury,NOT DISTRACTED,MD,(Sport) Utility Vehicle,30,2004.0,Chev,TK,9,Friday,7
MCP30390056,210011546,Montgomery County Police,Property Damage Crash,2021-03-27 18:00:00,County,SILVER SPRING AVE,MAYOR LA,SAME DIRECTION SIDESWIPE,CLEAR,DRY,DAYLIGHT,NO CONTROLS,NONE DETECTED,No,No Apparent Injury,NOT DISTRACTED,MD,Passenger Car,30,2020.0,Toyota,4S,18,Saturday,3
MCP3163000N,180047829,Montgomery County Police,Property Damage Crash,2018-09-25 08:12:00,Maryland (State),OLD GEORGETOWN RD,RAMP 8 FR MD 187 SB TO RAMP 9 (TO IS270),SAME DIR REAR END,RAINING,WET,DAYLIGHT,TRAFFIC SIGNAL,NONE DETECTED,Yes,No Apparent Injury,NOT DISTRACTED,MD,Passenger Car,35,1999.0,Hond,2S,8,Tuesday,9
HA25120004,23001344,Maryland-National Capital,Property Damage Crash,2023-07-11 18:11:00,Unknown,Unknown,Unknown,OTHER,CLEAR,Unknown,DAYLIGHT,Unknown,Unknown,Yes,No Apparent Injury,UNKNOWN,MD,Passenger Car,5,2010.0,Honda,ELEMENT,18,Tuesday,7
MCP2712002C,180015166,Montgomery County Police,Injury Crash,2018-03-28 14:24:00,County,OLD COLUMBIA PIKE,ENT TO PAINT BRANCH HIGH SCHOOL,STRAIGHT MOVEMENT ANGLE,RAINING,WET,DAYLIGHT,Unknown,NONE DETECTED,No,No Apparent Injury,NOT DISTRACTED,MD,Passenger Car,35,2012.0,Honda,ACCORD,14,Wednesday,3
MCP2820001C,15034034,MONTGOMERY,Property Damage Crash,2015-07-11 10:00:00,Maryland (State),VEIRS MILL RD,RANDOLPH RD,SAME DIR REAR END,Unknown,Unknown,DAYLIGHT,TRAFFIC SIGNAL,UNKNOWN,Yes,No Apparent Injury,UNKNOWN,Unknown,Passenger Car,40,2006.0,Nissan,4S,10,Saturday,7
MCP3059002W,180048891,Montgomery County Police,Injury Crash,2018-09-30 18:51:00,County,BARBARA RD,LITTLETON ST,OTHER,CLEAR,DRY,DARK LIGHTS ON,STOP SIGN,NONE DETECTED,No,Suspected Minor Injury,NOT DISTRACTED,MD,Passenger Car,30,2014.0,Nissan,ALTIMA,18,Sunday,9
MCP3311002P,240044177,MONTGOMERY,Injury Crash,2024-09-16 18:18:00,Local Route,METRORAIL TRACK B2 RAIL,Unknown,Front to Rear,Clear,Dry,Daylight,No Controls,"Not Suspect of Alcohol Use, Not Suspect of Drug Use",Yes,No Apparent Injury,Unknown,VA,Passenger Car,35,2008.0,Bmw,750I,18,Monday,9
MCP30800055,240049902,MONTGOMERY,Property Damage Crash,2024-10-18 17:24:00,County Route,CENTURY BLVD,Unknown,"Sideswipe, Same Direction",Clear,Dry,Daylight,Traffic Control Signal,"Not Suspect of Alcohol Use, Not Suspect of Drug Use",No,No Apparent Injury,Not Distracted,MD,Passenger Car,35,2022.0,Mitsubishi,OUTLANDER,17,Friday,10
MCP3300001M,22001350,Montgomery County Police,Property Damage Crash,2022-03-30 08:11:00,Maryland (State),GEORGIA AVE,WINDHAM LA,HEAD ON LEFT TURN,CLOUDY,DRY,DAYLIGHT,TRAFFIC SIGNAL,NONE DETECTED,Yes,No Apparent Injury,UNKNOWN,MD,(Sport) Utility Vehicle,35,2006.0,Ford,ESCAPE,8,Wednesday,3
MCP3078005H,240023721,MONTGOMERY,Property Damage Crash,2024-05-20 08:33:00,Unknown,Unknown,Unknown,Other,Cloudy,Unknown,Daylight,Unknown,"Not Suspect of Alcohol Use, Not Suspect of Drug Use",Yes,No Apparent Injury,Not Distracted,MD,Bus - School,0,2021.0,Freightliner,B2 BUS CHASSIS,8,Monday,5
MCP30900097,250050843,MONTGOMERY,Injury Crash,2025-11-12 18:02:00,County Route,MONTGOMERY VILLAGE AVE,Unknown,Front to Rear,Clear,Dry,Dark - Lighted,No Controls,"Not Suspect of Alcohol Use, Not Suspect of Drug Use",Yes,No Apparent Injury,Unknown,Unknown,Passenger Car,35,2012.0,Ford,FOCUS,18,Wednesday,11
MCP2564003B,230025170,Montgomery County Police,Injury Crash,2023-05-25 18:59:00,County,WIGHTMAN RD,BELL BLUFF RD,HEAD ON LEFT TURN,CLEAR,DRY,DAYLIGHT,NO CONTROLS,NONE DETECTED,Yes,No Apparent Injury,LOOKED BUT DID NOT SEE,VA,Passenger Car,35,2015.0,Chevy,MALIBU,18,Thursday,5
MCP3073001Q,180032139,Montgomery County Police,Property Damage Crash,2018-06-29 18:45:00,Maryland (State),NORBECK RD,MUNCASTER MILL RD,STRAIGHT MOVEMENT ANGLE,CLEAR,DRY,DAYLIGHT,TRAFFIC SIGNAL,Unknown,No,No Apparent Injury,NOT DISTRACTED,MD,Passenger Car,35,2007.0,Nissan,VERSA,18,Friday,6
MCP3184001Q,210008094,Montgomery County Police,Injury Crash,2021-03-03 20:18:00,Maryland (State),NEW HAMPSHIRE AVE,ROSEMERE AVE,SAME DIR REAR END,CLEAR,DRY,DARK LIGHTS ON,STOP SIGN,NONE DETECTED,Yes,Possible Injury,LOOKED BUT DID NOT SEE,MD,Pickup Truck,40,2004.0,Toyota,TACOMA,20,Wednesday,3
MCP2683002F,17015655,Montgomery County Police,Property Damage Crash,2017-03-27 19:20:00,Municipality,RUSSELL AVE,WATKINS MILL RD,SINGLE VEHICLE,CLEAR,DRY,DAYLIGHT,NO CONTROLS,NONE DETECTED,Yes,No Apparent Injury,NOT DISTRACTED,MD,Passenger Car,35,2012.0,Mini,COOPER,19,Monday,3
MCP289200B5,210038298,Montgomery County Police,Property Damage Crash,2021-09-27 17:45:00,County,SLIGO AVE,GEORGIA AVE,HEAD ON,CLEAR,DRY,DAYLIGHT,NO CONTROLS,NONE DETECTED,Yes,No Apparent Injury,NOT DISTRACTED,XX,Passenger Car,25,2020.0,Toyt,390,17,Monday,9
MCP26830066,220046711,Montgomery County Police,Property Damage Crash,2022-10-24 20:03:00,Maryland (State),MONTGOMERY VILLAGE AVE,RUSSELL AVE,SAME DIR REAR END,CLEAR,DRY,DARK LIGHTS ON,TRAFFIC SIGNAL,NONE DETECTED,Yes,No Apparent Injury,NOT DISTRACTED,MD,Passenger Car,35,2011.0,Toyota,CAMRY,20,Monday,10
MCP3376002V,250055652,MONTGOMERY,Injury Crash,2025-12-12 16:29:00,Local Route,WHEATON PLZ RING RD CUT,Unknown,Single Vehicle,Clear,Dry,Daylight,No Controls,"Not Suspect of Alcohol Use, Not Suspect of Drug Use",Yes,No Apparent Injury,Unknown,MD,Sport Utility Vehicle,25,2017.0,Gmc,ACADIA,16,Friday,12
MCP2800002C,16022475,Montgomery County Police,Property Damage Crash,2016-05-06 15:53:00,Maryland (State),RIVER RD,BURDETTE RD,SAME DIR REAR END,RAINING,WET,DAYLIGHT,NO CONTROLS,NONE DETECTED,Yes,No Apparent Injury,NOT DISTRACTED,MD,Passenger Car,45,2011.0,Toyt,4S,15,Friday,5
MCP3071002F,230063708,Montgomery County Police,Property Damage Crash,2023-11-01 00:37:00,County,STRINGTOWN RD,SNOWDEN FARM PKWY,SINGLE VEHICLE,CLEAR,DRY,DARK LIGHTS ON,NO CONTROLS,NONE DETECTED,No,No Apparent Injury,NOT DISTRACTED,MD,Police Vehicle/Non Emergency,35,2021.0,Ford,EXPLORER,0,Wednesday,11
MCP2789003Q,170541746,Montgomery County Police,Property Damage Crash,2017-11-08 21:03:00,Maryland (State),GEORGIA AVE,RAMP 8 FR MD 97 SB TO IS 495 WB,SAME DIRECTION SIDESWIPE,CLEAR,DRY,DARK LIGHTS ON,NO CONTROLS,Unknown,No,No Apparent Injury,NOT DISTRACTED,MD,Passenger Car,35,2010.0,Ford,4S,21,Wednesday,11
DD5624003F,190055662,Rockville Police Departme,Property Damage Crash,2019-11-18 14:46:00,Unknown,Unknown,Unknown,SAME DIR REAR END,CLEAR,Unknown,DAYLIGHT,NO CONTROLS,NONE DETECTED,No,No Apparent Injury,NOT DISTRACTED,MD,Transit Bus,10,2011.0,New Flyer,BUS,14,Monday,11
MCP25830024,220010184,Montgomery County Police,Property Damage Crash,2022-03-09 14:00:00,Unknown,Unknown,Unknown,OPPOSITE DIRECTION SIDESWIPE,CLEAR,Unknown,DAYLIGHT,Unknown,UNKNOWN,Yes,No Apparent Injury,UNKNOWN,MD,(Sport) Utility Vehicle,0,2011.0,Lexus,RX,14,Wednesday,3
MCP21590004,15014868,Montgomery County Police,Property Damage Crash,2015-03-31 22:09:00,County,FENTON ST,PHILADELPHIA AVE,SAME DIR REAR END,CLEAR,DRY,DARK -- UNKNOWN LIGHTING,YIELD SIGN,NONE DETECTED,No,No Apparent Injury,NOT DISTRACTED,MD,Passenger Car,25,2004.0,Toyota,COROLLA,22,Tuesday,3
MCP23470031,210036520,Montgomery County Police,Property Damage Crash,2021-09-17 09:14:00,County,OLD COLUMBIA PIKE,SHERVIEW LA,SINGLE VEHICLE,CLEAR,DRY,DAYLIGHT,NO CONTROLS,ALCOHOL PRESENT,Yes,No Apparent Injury,NOT DISTRACTED,MD,Pickup Truck,35,2018.0,Ford,F250,9,Friday,9
MCP30090017,180056598,Montgomery County Police,Property Damage Crash,2018-11-11 13:30:00,Maryland (State),FREDERICK RD,SHAKESPEARE BLVD,STRAIGHT MOVEMENT ANGLE,Unknown,DRY,DAYLIGHT,TRAFFIC SIGNAL,Unknown,Yes,No Apparent Injury,NOT DISTRACTED,MD,Passenger Car,40,1998.0,Toyt,4RUNNER,13,Sunday,11
MCP1378015B,230048934,Montgomery County Police,Property Damage Crash,2023-08-11 14:31:00,Unknown,Unknown,Unknown,STRAIGHT MOVEMENT ANGLE,CLOUDY,Unknown,DAYLIGHT,STOP SIGN,NONE DETECTED,No,No Apparent Injury,NOT DISTRACTED,MD,Passenger Car,5,2009.0,Toyt,COROLLA,14,Friday,8