Report Number,Local Case Number,Agency Name,ACRS Report Type,Crash Date/Time,Route Type,Road Name,Cross-Street Name,Collision Type,Weather,Surface Condition,Light,Traffic Control,Driver Substance Abuse,Driver At Fault,Injury Severity,Driver Distracted By,Drivers License State,Vehicle Body Type,Speed Limit,Vehicle Year,Vehicle Make,Vehicle Model,Crash Hour,Crash Day,Crash Month
MCP30740062,240002424,MONTGOMERY,Property Damage Crash,2024-01-09 17:18:00,US (State),COLUMBIA PIKE,Unknown,Front to Rear,Unknown,Unknown,Unknown,Traffic Control Signal,"Not Suspect of Alcohol Use, Not Suspect of Drug Use",No,No Apparent Injury,Not Distracted,MD,Passenger Car,50,2011.0,Ford,FUSION,17,Tuesday,1
MCP32320076,250047008,MONTGOMERY,Injury Crash,2025-10-19 18:22:00,Other Public Roadway,TIDEWATER CT,GEORGIA AVE GEORGIA AVE (SB/L),Front to Rear,Clear,Dry,Daylight,No Controls,"Not Suspect of Alcohol Use, Not Suspect of Drug Use",Yes,Possible Injury,Not Distracted,MD,Passenger Car,35,2018.0,Toyota,CAMRY,18,Sunday,10
MCP2846002Y,170507835,Montgomery County Police,Property Damage Crash,2017-05-15 08:49:00,County,MONTICELLO AVE,KEMP MILL RD,HEAD ON LEFT TURN,CLEAR,DRY,DAYLIGHT,STOP SIGN,NONE DETECTED,Yes,No Apparent Injury,LOOKED BUT DID NOT SEE,MD,Passenger Car,25,2014.0,Audi,TK,8,Monday,5
MCP2425004H,15006903,Montgomery County Police,Property Damage Crash,2015-02-11 10:18:00,Interstate (State),CAPITAL BELTWAY,RAMP 8 FR MD 97 SB TO IS 495 WB,SAME DIRECTION SIDESWIPE,CLEAR,DRY,DAYLIGHT,NO CONTROLS,NONE DETECTED,Unknown,No Apparent Injury,NOT DISTRACTED,MD,Passenger Car,55,2007.0,Ford,MUSTANG,10,Wednesday,2
MCP2900001C,15058045,MONTGOMERY,Injury Crash,2015-11-13 21:24:00,County,SHADY GROVE RD,FREDERICK RD,HEAD ON LEFT TURN,CLEAR,DRY,DARK LIGHTS ON,TRAFFIC SIGNAL,NONE DETECTED,No,Possible Injury,NOT DISTRACTED,MD,Passenger Car,40,2003.0,Chevy,CAVALIER,21,Friday,11
MCP1438005Z,180011802,Montgomery County Police,Injury Crash,2018-03-08 16:52:00,County,REDLAND RD,OVERHILL RD,HEAD ON,CLEAR,DRY,DAYLIGHT,NO CONTROLS,NONE DETECTED,Yes,No Apparent Injury,NOT DISTRACTED,MD,Passenger Car,35,2013.0,Hyun,4S,16,Thursday,3
MCP2809003L,16046535,Montgomery County Police,Property Damage Crash,2016-09-11 08:56:00,Unknown,Unknown,Unknown,OTHER,CLEAR,Unknown,UNKNOWN,NO CONTROLS,UNKNOWN,Yes,No Apparent Injury,UNKNOWN,MD,Passenger Car,25,2010.0,Nissan,ALTIMA,8,Sunday,9
MCP2394001T,16000830,Montgomery County Police,Property Damage Crash,2016-01-05 18:05:00,Maryland (State),FREDERICK RD,KING FARM BLVD,SAME DIR REAR END,CLEAR,DRY,DARK LIGHTS ON,TRAFFIC SIGNAL,NONE DETECTED,No,No Apparent Injury,NOT DISTRACTED,MD,Passenger Car,25,2013.0,Hyun,ACCENT,18,Tuesday,1
MCP2398000V,16047399,Montgomery County Police,Injury Crash,2016-09-15 17:50:00,Maryland (State),FREDERICK RD,PROFESSIONAL DR,HEAD ON LEFT TURN,CLEAR,DRY,DAYLIGHT,TRAFFIC SIGNAL,NONE DETECTED,Yes,Possible Injury,NOT DISTRACTED,MD,Passenger Car,45,2005.0,Chev,IMPALA,17,Thursday,9
MCP3304001H,240021034,MONTGOMERY,Property Damage Crash,2024-05-05 00:43:00,Maryland (State) Route,RIVER RD (WB/L),Unknown,Angle,Rain,Wet,Dark - Lighted,Flashing Traffic Control Signal,"Not Suspect of Alcohol Use, Not Suspect of Drug Use",No,No Apparent Injury,Unknown,MD,Passenger Car,35,2016.0,Audi,A4,0,Sunday,5
MCP1064007Q,180036607,Montgomery County Police,Injury Crash,2018-07-24 09:08:00,Maryland (State),GEORGIA AVE,FOREST GLEN RD,SAME DIRECTION SIDESWIPE,RAINING,WET,DAYLIGHT,Unknown,Unknown,No,No Apparent Injury,NOT DISTRACTED,MD,(Sport) Utility Vehicle,35,2016.0,Gmc,ACADIA,9,Tuesday,7
EJ78290043,180014716,Gaithersburg Police Depar,Property Damage Crash,2018-03-25 15:40:00,Unknown,Unknown,Unknown,OTHER,CLEAR,Unknown,DAYLIGHT,NO CONTROLS,NONE DETECTED,Unknown,No Apparent Injury,NOT DISTRACTED,PA,Passenger Car,25,2015.0,Chevy,4S,15,Sunday,3
MCP9133000P,16019182,Montgomery County Police,Property Damage Crash,2016-04-19 13:24:00,Maryland (State),GERMANTOWN RD,SENECA MEADOWS PKWY,SAME DIR REAR END,CLEAR,DRY,DAYLIGHT,Unknown,NONE DETECTED,Yes,No Apparent Injury,ADJUSTING AUDIO AND OR CLIMATE CONTROLS,MD,Passenger Car,40,2006.0,Hond,TK,13,Tuesday,4
MCP2812002G,170523996,Montgomery County Police,Property Damage Crash,2017-08-09 18:50:00,Maryland (State),EAST WEST HWY,MAPLE AVE #2,SAME DIRECTION RIGHT TURN,Unknown,Unknown,Unknown,Unknown,Unknown,Yes,No Apparent Injury,UNKNOWN,MD,Passenger Car,35,2017.0,Toyota,CAMRY,18,Wednesday,8
DM84920013,220019598,Takoma Park Police Depart,Injury Crash,2022-05-08 22:35:00,Maryland (State),UNIVERSITY BLVD E,MERRIMAC DR,STRAIGHT MOVEMENT ANGLE,CLEAR,DRY,DARK LIGHTS ON,NO CONTROLS,Unknown,Yes,No Apparent Injury,LOOKED BUT DID NOT SEE,MD,Passenger Car,30,2011.0,Hyundai,4S,22,Sunday,5
MCP27450039,250058297,MONTGOMERY,Property Damage Crash,2025-12-31 06:40:00,Maryland (State) Route,METROPOLITAN AVE,Unknown,Single Vehicle,Clear,Dry,Daylight,No Controls,"Not Suspect of Alcohol Use, Not Suspect of Drug Use",No,No Apparent Injury,Not Distracted,VA,Van - Passenger (&Lt;9 Seats),30,2020.0,Chrysler,VOYAGER,6,Wednesday,12
DD55670044,240025614,ROCKVILLE,Property Damage Crash,2024-05-30 12:55:00,Maryland (State) Route,ROCKVILLE PIKE,Unknown,"Sideswipe, Same Direction",Clear,Dry,Daylight,No Controls,"Not Suspect of Alcohol Use, Not Suspect of Drug Use",Yes,No Apparent Injury,Not Distracted,MD,Sport Utility Vehicle,35,2018.0,Dodge,DURANGO,12,Thursday,5
MCP3053009D,250044985,MONTGOMERY,Property Damage Crash,2025-10-06 19:49:00,Unknown,Unknown,Unknown,Unknown,Clear,Unknown,Dark - Lighted,Unknown,"Not Suspect of Alcohol Use, Not Suspect of Drug Use",No,No Apparent Injury,Not Distracted,MD,Passenger Car,0,2018.0,Kia,FORTE,19,Monday,10
MCP3039007W,250035966,MONTGOMERY,Property Damage Crash,2025-08-12 16:08:00,Maryland (State) Route,16TH ST,Unknown,Front to Rear,Clear,Dry,Daylight,No Controls,"Not Suspect of Alcohol Use, Not Suspect of Drug Use",No,No Apparent Injury,Not Distracted,MD,Passenger Car,35,2010.0,Honda,CIVIC,16,Tuesday,8
EJ7875001R,210007571,Gaithersburg Police Depar,Property Damage Crash,2021-02-28 02:28:00,Maryland (State),FREDERICK RD,MARYLAND AVE,OTHER,CLEAR,DRY,DARK LIGHTS ON,Unknown,ALCOHOL PRESENT,Yes,No Apparent Injury,UNKNOWN,MD,Passenger Car,30,2014.0,Ford,MUSTANG,2,Sunday,2
MCP2763000R,15059755,MONTGOMERY,Property Damage Crash,2015-11-22 20:15:00,Unknown,Unknown,Unknown,OTHER,CLEAR,Unknown,DARK LIGHTS ON,NO CONTROLS,Unknown,Yes,No Apparent Injury,LOOKED BUT DID NOT SEE,MD,Passenger Car,10,2005.0,Kia,SEDONA,20,Sunday,11
MCP3259000V,200047302,Montgomery County Police,Injury Crash,2020-12-01 10:33:00,Maryland (State),ROCKVILLE PIKE,EDMONSTON DR,STRAIGHT MOVEMENT ANGLE,CLEAR,DRY,DAYLIGHT,TRAFFIC SIGNAL,NONE DETECTED,Yes,No Apparent Injury,OTHER DISTRACTION,MD,Passenger Car,40,2014.0,Acura,4S,10,Tuesday,12
MCP2866001F,15035412,MONTGOMERY,Injury Crash,2015-07-18 17:27:00,Maryland (State),CONNECTICUT AVE,RAYMOND ST,STRAIGHT MOVEMENT ANGLE,CLEAR,DRY,DAYLIGHT,TRAFFIC SIGNAL,NONE DETECTED,Yes,Suspected Minor Injury,INATTENTIVE OR LOST IN THOUGHT,MD,Passenger Car,30,2015.0,Honda,ACCORD,17,Saturday,7
MCP2944000R,15038282,MONTGOMERY,Injury Crash,2015-08-02 11:06:00,County,MACARTHUR BLVD,MARYLAND AVE,STRAIGHT MOVEMENT ANGLE,CLEAR,DRY,DAYLIGHT,STOP SIGN,NONE DETECTED,No,No Apparent Injury,NOT DISTRACTED,MD,Passenger Car,30,2010.0,Toyt,PRIUS,11,Sunday,8
MCP1378014X,230032881,Montgomery County Police,Property Damage Crash,2023-07-10 17:06:00,Maryland (State),RIDGE RD,DAVIS MILL RD,SAME DIR REAR END,CLEAR,DRY,DAYLIGHT,NO CONTROLS,NONE DETECTED,Yes,No Apparent Injury,UNKNOWN,NY,"Cargo Van/Light Truck 2 Axles (Over 10,000Lbs (4,536 Kg))",40,2012.0,Hino,BOX TRUCK,17,Monday,7
MCP31480055,230048282,Montgomery County Police,Property Damage Crash,2023-08-07 18:09:00,County,MACARTHUR BLVD,MOHICAN RD,SAME DIRECTION LEFT TURN,RAINING,WET,DAYLIGHT,Unknown,NONE DETECTED,Yes,No Apparent Injury,LOOKED BUT DID NOT SEE,MD,Van,30,2013.0,Chevrolet,EXPRESS,18,Monday,8
MCP1563008T,230058275,Montgomery County Police,Injury Crash,2023-09-30 13:30:00,US (State),COLUMBIA PIKE,INDUSTRIAL PKWY,SAME DIR REAR END,UNKNOWN,UNKNOWN,DAYLIGHT,TRAFFIC SIGNAL,UNKNOWN,Yes,No Apparent Injury,UNKNOWN,NC,Passenger Car,45,2016.0,Land Rover,RANGE ROVER,13,Saturday,9
MCP9437000C,15055535,MONTGOMERY,Injury Crash,2015-11-01 04:51:00,County,BRINK RD,ROLLING RIDGE LN,SINGLE VEHICLE,CLEAR,DRY,DARK NO LIGHTS,NO CONTROLS,NONE DETECTED,Yes,No Apparent Injury,NOT DISTRACTED,MD,(Sport) Utility Vehicle,30,2003.0,Ford,EXPLORER,4,Sunday,11
MCP1436000T,190027864,Montgomery County Police,Property Damage Crash,2019-06-11 13:39:00,County,RANDOLPH RD,ROCKING HORSE RD,SAME DIR REAR END,CLEAR,DRY,DAYLIGHT,NO CONTROLS,Unknown,Yes,No Apparent Injury,NOT DISTRACTED,MD,Police Vehicle/Emergency,35,1999.0,Toyt,4S,13,Tuesday,6
MCP2788000Q,15054242,MONTGOMERY,Property Damage Crash,2015-10-25 22:59:00,Maryland (State),CONNECTICUT AVE,WELLER RD,STRAIGHT MOVEMENT ANGLE,CLEAR,DRY,DARK LIGHTS ON,TRAFFIC SIGNAL,NONE DETECTED,No,No Apparent Injury,NOT DISTRACTED,MD,Passenger Car,45,2008.0,Toyt,TK,22,Sunday,10
MCP30690011,190012093,Montgomery County Police,Property Damage Crash,2019-03-15 22:04:00,Maryland (State),CONNECTICUT AVE,ADAMS DR,STRAIGHT MOVEMENT ANGLE,CLEAR,DRY,DARK LIGHTS ON,FLASHING TRAFFIC SIGNAL,NONE DETECTED,Yes,No Apparent Injury,LOOKED BUT DID NOT SEE,MD,Passenger Car,25,1999.0,Toyt,4S,22,Friday,3
MCP34030017,240046102,MONTGOMERY,Injury Crash,2024-09-27 04:53:00,US (State),COLUMBIA PIKE (SB/L),GREENCASTLE RD (NB/L),Front to Rear,Rain,Wet,Dark - Lighted,Flashing Traffic Control Signal,"Not Suspect of Alcohol Use, Not Suspect of Drug Use",Yes,Possible Injury,Unknown,MD,Passenger Car,55,2007.0,Toyota,CAMRY,4,Friday,9
MCP1048004C,190012865,Montgomery County Police,Injury Crash,2019-03-20 14:19:00,County,SHADY GROVE RD,GAITHER RD,STRAIGHT MOVEMENT ANGLE,CLOUDY,DRY,DAYLIGHT,TRAFFIC SIGNAL,NONE DETECTED,No,Possible Injury,UNKNOWN,MD,Passenger Car,35,2016.0,Kia,SDN,14,Wednesday,3
MCP2591000Q,170503631,Montgomery County Police,Property Damage Crash,2017-04-22 20:47:00,Interstate (State),EISENHOWER MEMORIAL HWY,EXIT #4,SINGLE VEHICLE,Unknown,WET,DARK LIGHTS ON,Unknown,NONE DETECTED,Yes,No Apparent Injury,NOT DISTRACTED,MD,Passenger Car,35,1999.0,Ford,TAURUS,20,Saturday,4
MCP2810000M,16008211,Montgomery County Police,Property Damage Crash,2016-02-18 19:07:00,County,WATKINS MILL RD,COLTFIELD CT,SAME DIRECTION SIDESWIPE,CLEAR,DRY,DARK LIGHTS ON,Unknown,Unknown,Yes,No Apparent Injury,NOT DISTRACTED,MD,Passenger Car,35,2015.0,Ford,EXPLORER,19,Thursday,2
MCP3292001D,220032932,Montgomery County Police,Property Damage Crash,2022-07-31 22:56:00,County,RIFFLE FORD RD,WOODSBORO DR,SINGLE VEHICLE,Unknown,WET,DARK NO LIGHTS,NO CONTROLS,NONE DETECTED,No,No Apparent Injury,LOOKED BUT DID NOT SEE,MD,Passenger Car,35,2014.0,Honda,ACCORD,22,Sunday,7
MCP31910024,210004522,Montgomery County Police,Property Damage Crash,2021-02-04 17:00:00,Unknown,Unknown,Unknown,SINGLE VEHICLE,CLEAR,Unknown,DAYLIGHT,NO CONTROLS,NONE DETECTED,Yes,No Apparent Injury,UNKNOWN,MD,Passenger Car,5,2013.0,Ford,EDGE,17,Thursday,2
MCP06850041,180010548,Montgomery County Police,Property Damage Crash,2018-03-01 08:17:00,Municipality,KING FARM BLVD,GRAND CHAMPION DR,STRAIGHT MOVEMENT ANGLE,CLEAR,DRY,DAYLIGHT,STOP SIGN,NONE DETECTED,No,No Apparent Injury,NOT DISTRACTED,MD,Passenger Car,30,2008.0,Hond,4S,8,Thursday,3
MCP2674003V,230023710,Montgomery County Police,Property Damage Crash,2023-05-17 16:10:00,Maryland (State),FREDERICK RD,WEST OLD BALTIMORE RD,STRAIGHT MOVEMENT ANGLE,CLEAR,DRY,DAYLIGHT,TRAFFIC SIGNAL,NONE DETECTED,Yes,No Apparent Injury,NOT DISTRACTED,MD,Passenger Car,40,2013.0,Lexus,SUV,16,Wednesday,5
MCP0833000Y,180035762,Montgomery County Police,Property Damage Crash,2018-07-19 14:44:00,Maryland (State),GEORGIA AVE,HERITAGE HILLS DR,SAME DIR REAR END,CLEAR,DRY,DAYLIGHT,NO CONTROLS,Unknown,Yes,No Apparent Injury,NOT DISTRACTED,MD,Station Wagon,40,2011.0,Subaru,OUTBACK,14,Thursday,7
DD559500DR,230047919,Rockville Police Departme,Injury Crash,2023-08-05 08:55:00,Unknown,Unknown,Unknown,OTHER,CLOUDY,Unknown,DAYLIGHT,NO CONTROLS,NONE DETECTED,Yes,No Apparent Injury,NOT DISTRACTED,MD,Passenger Car,5,2016.0,Merz,4S,8,Saturday,8
MCP2835001D,170502472,Montgomery County Police,Property Damage Crash,2017-04-16 18:33:00,Unknown,TUCKERMAN LA,STRATHMORE HALL CT,SAME DIR REAR END,CLEAR,DRY,DAYLIGHT,NO CONTROLS,ALCOHOL CONTRIBUTED,Yes,No Apparent Injury,OTHER DISTRACTION,VA,Passenger Car,30,2011.0,Honda,CRV,18,Sunday,4
MCP2977009V,220046965,Montgomery County Police,Property Damage Crash,2022-10-24 11:50:00,Unknown,Unknown,Unknown,OTHER,UNKNOWN,Unknown,DAYLIGHT,NO CONTROLS,UNKNOWN,Yes,No Apparent Injury,UNKNOWN,Unknown,(Sport) Utility Vehicle,5,2008.0,Ford,EXPLOR,11,Monday,10
MCP1366006D,170524905,Montgomery County Police,Injury Crash,2017-08-15 07:15:00,County,DUFIEF DR,DUFIEF CT,SAME DIR REAR END,RAINING,WET,UNKNOWN,NO CONTROLS,ALCOHOL PRESENT,Yes,Possible Injury,UNKNOWN,Unknown,Passenger Car,30,2010.0,Nissan,MURANO,7,Tuesday,8
MCP15500059,240025630,MONTGOMERY,Property Damage Crash,2024-05-30 14:01:00,Maryland (State) Route,ROCKVILLE PIKE (SB/L),EDSON LA,Angle,Clear,Dry,Daylight,Traffic Control Signal,"Not Suspect of Alcohol Use, Not Suspect of Drug Use",Yes,No Apparent Injury,Unknown,MD,Passenger Car,40,2010.0,Toyota,COROLLA,14,Thursday,5
MCP30240026,200028670,Montgomery County Police,Property Damage Crash,2020-07-23 20:58:00,County,WATKINS MILL RD,GREENRIVER TERR,HEAD ON,RAINING,WET,DARK LIGHTS ON,NO CONTROLS,Unknown,Yes,No Apparent Injury,NOT DISTRACTED,MD,Passenger Car,35,2000.0,Honda,CRV,20,Thursday,7
MCP2466000R,15054365,MONTGOMERY,Property Damage Crash,2015-10-26 16:50:00,County,E RANDOLPH RD,CLIFTON RD,SAME DIR REAR END,CLEAR,DRY,DAYLIGHT,OTHER,NONE DETECTED,No,No Apparent Injury,NOT DISTRACTED,MD,Passenger Car,40,2014.0,Ford,FOCUS,16,Monday,10
DD56420005,190049935,Rockville Police Departme,Property Damage Crash,2019-10-18 07:17:00,Maryland (State),ROCKVILLE PIKE,ENT TO WOODMONT COUNTRY CLUB,SAME DIR REAR END,CLEAR,DRY,DAWN,NO CONTROLS,Unknown,Yes,No Apparent Injury,UNKNOWN,MD,Passenger Car,45,2013.0,Kia,TK,7,Friday,10
MCP31380033,210013829,Montgomery County Police,Property Damage Crash,2021-04-13 17:36:00,Maryland (State),OLNEY LAYTONSVILLE RD,SPUR FR MD 97,HEAD ON LEFT TURN,CLEAR,DRY,DAYLIGHT,NO CONTROLS,NONE DETECTED,Yes,No Apparent Injury,LOOKED BUT DID NOT SEE,MD,Passenger Car,30,2004.0,Acura,TL,17,Tuesday,4
MCP14380019,15057061,MONTGOMERY,Property Damage Crash,2015-11-09 07:21:00,County,SHADY GROVE RD,FALLSGROVE BLVD,SAME DIRECTION SIDESWIPE,Unknown,DRY,DAYLIGHT,NO CONTROLS,Unknown,Unknown,No Apparent Injury,NOT DISTRACTED,MD,"Cargo Van/Light Truck 2 Axles (Over 10,000Lbs (4,536 Kg))",40,2011.0,Ford,TK,7,Monday,11
MCP0942000N,15064016,MONTGOMERY,Property Damage Crash,2015-12-15 10:55:00,Maryland (State),WISCONSIN AVE,MONTGOMERY AVE,SAME DIRECTION RIGHT TURN,CLEAR,DRY,DAYLIGHT,TRAFFIC SIGNAL,NONE DETECTED,No,No Apparent Injury,NOT DISTRACTED,VA,Passenger Car,25,2013.0,Ford,F350,10,Tuesday,12
MCP3383001H,240044260,MONTGOMERY,Property Damage Crash,2024-09-16 11:55:00,County Route,PRINCE PHILIP DR,Unknown,Front to Rear,Clear,Dry,Daylight,Traffic Control Signal,"Not Suspect of Alcohol Use, Not Suspect of Drug Use",No,No Apparent Injury,Not Distracted,DC,Passenger Car,35,2021.0,Subaru,FORESTER,11,Monday,9
MCP1580007V,170543119,Montgomery County Police,Property Damage Crash,2017-11-16 07:16:00,Maryland (State),WOODFIELD RD,BRENISH DR,STRAIGHT MOVEMENT ANGLE,Unknown,DRY,DAYLIGHT,NO CONTROLS,NONE DETECTED,Yes,No Apparent Injury,UNKNOWN,MD,Pickup Truck,35,2005.0,Chev,TK,7,Thursday,11
MCP29900012,240037859,MONTGOMERY,Property Damage Crash,2024-08-11 08:00:00,Maryland (State) Route,FREDERICK RD (SB/L),Unknown,Angle,Clear,Dry,Daylight,Traffic Control Signal,"Not Suspect of Alcohol Use, Not Suspect of Drug Use",No,No Apparent Injury,Not Distracted,Unknown,Passenger Car,35,2006.0,Toyota,SCION TC,8,Sunday,8
EJ79030058,250047623,GAITHERSBURG,Property Damage Crash,2025-10-23 11:20:00,Ramp,RAMP 1 FR IS 270 NB TO SHADY GROVE RD WB,Unknown,Angle,Clear,Dry,Daylight,Traffic Control Signal,"Not Suspect of Alcohol Use, Not Suspect of Drug Use",No,No Apparent Injury,Not Distracted,MD,Sport Utility Vehicle,35,2016.0,Jeep,CHEROKEE,11,Thursday,10
MCP93810012,15012268,Montgomery County Police,Injury Crash,2015-03-17 10:45:00,County,GRUBB RD,EAST WEST HWY,SAME DIR REAR END,CLEAR,DRY,DAYLIGHT,TRAFFIC SIGNAL,UNKNOWN,Yes,No Apparent Injury,UNKNOWN,Unknown,Pickup Truck,35,2011.0,Chevy,CRUZ,10,Tuesday,3
MCP3171000N,190018863,Montgomery County Police,Property Damage Crash,2019-04-22 17:08:00,County,WISTERIA DR,WALTER JOHNSON RD,STRAIGHT MOVEMENT ANGLE,CLEAR,DRY,DAYLIGHT,STOP SIGN,NONE DETECTED,Yes,No Apparent Injury,NOT DISTRACTED,MD,Passenger Car,30,2006.0,Totota,COROLLA,17,Monday,4
MCP9404000G,15047458,MONTGOMERY,Property Damage Crash,2015-09-18 23:24:00,County,SEDLEY TERR,STRAWBERRY KNOLL RD,OPPOSITE DIRECTION SIDESWIPE,CLEAR,DRY,DARK LIGHTS ON,Unknown,Unknown,No,No Apparent Injury,NOT DISTRACTED,MD,Passenger Car,25,2013.0,Honda,4S,23,Friday,9
MCP3111009Q,250031309,MONTGOMERY,Injury Crash,2025-07-14 09:14:00,Maryland (State) Route,BRADLEY BLVD (SB/L),LELAND ST,Angle,Clear,Dry,Daylight,Traffic Control Signal,"Not Suspect of Alcohol Use, Not Suspect of Drug Use",Yes,No Apparent Injury,Unknown,MD,Passenger Car,25,2016.0,Honda,ACCORD,9,Monday,7
MCP292300CS,240036380,MONTGOMERY,Property Damage Crash,2024-08-02 08:28:00,Maryland (State) Route,GEORGIA AVE,VEIRS MILL RD (WB/L),Front to Rear,Clear,Dry,Daylight,Traffic Control Signal,"Not Suspect of Alcohol Use, Not Suspect of Drug Use",No,No Apparent Injury,Not Distracted,MD,Bus - School,35,2010.0,Unknown,UNKNOWN,8,Friday,8
MCP2964005C,220006682,Montgomery County Police,Property Damage Crash,2022-02-15 21:01:00,County,FOX CHAPEL DR,PLUMMER DR,SAME DIR REAR END,CLEAR,DRY,DARK LIGHTS ON,NO CONTROLS,ALCOHOL PRESENT,Yes,No Apparent Injury,UNKNOWN,MD,Passenger Car,25,2020.0,Chevrolet,CAMARO,21,Tuesday,2
MCP3045003M,200044948,Montgomery County Police,Property Damage Crash,2020-11-14 03:00:00,County,TUCKERMAN LA,LUX LA,SINGLE VEHICLE,CLEAR,UNKNOWN,UNKNOWN,NO CONTROLS,Unknown,Yes,No Apparent Injury,UNKNOWN,MD,Passenger Car,30,2003.0,Mazda,TRIBUTE,3,Saturday,11
MCP2565001Y,15045784,MONTGOMERY,Property Damage Crash,2015-09-10 16:35:00,Maryland (State),OLD GEORGETOWN RD,ENT TO BUSINESS,HEAD ON LEFT TURN,CLOUDY,DRY,DAYLIGHT,TRAFFIC SIGNAL,NONE DETECTED,No,No Apparent Injury,NOT DISTRACTED,MD,Passenger Car,35,2012.0,Subaru,OUTBACK,16,Thursday,9
MCP3197002S,210044401,Montgomery County Police,Injury Crash,2021-11-02 20:06:00,Maryland (State),NORBECK RD,NADINE DR,HEAD ON,RAINING,WET,DARK LIGHTS ON,NO CONTROLS,NONE DETECTED,No,Possible Injury,NOT DISTRACTED,MD,Passenger Car,45,2020.0,Toyt,COROLLA,20,Tuesday,11
MCP2396001Z,17002444,Montgomery County Police,Property Damage Crash,2017-01-14 14:45:00,County,LONGMEAD CROSSING DR,NORMANDY CROSSING DR,ANGLE MEETS LEFT TURN,Unknown,WET,DAYLIGHT,STOP SIGN,NONE DETECTED,Yes,No Apparent Injury,LOOKED BUT DID NOT SEE,NY,Passenger Car,25,2013.0,Nissan,ALTIMA,14,Saturday,1
MCP2891009T,210015846,Montgomery County Police,Injury Crash,2021-04-28 13:44:00,Maryland (State),GEORGIA AVE,RAMP 2 FR IS 495 WB TO MD 97 NB,SAME DIR REAR END,CLEAR,DRY,DAYLIGHT,TRAFFIC SIGNAL,NONE DETECTED,No,Possible Injury,NOT DISTRACTED,MD,Passenger Car,35,2017.0,Nissan,ROGUE,13,Wednesday,4
EJ78690039,210042154,Gaithersburg Police Depar,Property Damage Crash,2021-10-20 14:20:00,Maryland (State),W DIAMOND AVE,KING JAMES WAY,ANGLE MEETS RIGHT TURN,CLEAR,DRY,DAYLIGHT,NO CONTROLS,NONE DETECTED,Yes,No Apparent Injury,UNKNOWN,MD,Police Vehicle/Emergency,35,2015.0,Toyota,PRIUS,14,Wednesday,10
MCP2771005G,250034234,MONTGOMERY,Injury Crash,2025-08-01 10:39:00,County Route,RANDOLPH RD,VEIRS MILL RD (WB/L),Other,Cloudy,Wet,Daylight,Traffic Control Signal,"Not Suspect of Alcohol Use, Not Suspect of Drug Use",No,No Apparent Injury,Not Distracted,MD,Pickup,35,2002.0,Ford,F-350,10,Friday,8
MCP32350029,240003263,MONTGOMERY,Property Damage Crash,2024-01-22 05:30:00,Maryland (State) Route,NEW HAMPSHIRE AVE,Unknown,Single Vehicle,Clear,Dry,Dark - Lighted,Traffic Control Signal,"Not Suspect of Alcohol Use, Not Suspect of Drug Use",No,No Apparent Injury,Unknown,MD,Passenger Car,45,2014.0,Lexus,LS,5,Monday,1
MCP2686000D,15000017,Montgomery County Police,Property Damage Crash,2015-01-01 01:10:00,Ramp,RAMP 5 FR RAMP 8 TO FATHER HURLEY BLVD,FATHER HURLEY BLVD,SAME DIR REAR END,Unknown,DRY,DARK LIGHTS ON,TRAFFIC SIGNAL,NONE DETECTED,No,No Apparent Injury,NOT DISTRACTED,MD,(Sport) Utility Vehicle,40,2007.0,Jeep,COMPASS,1,Thursday,1
MCP2933000Y,16012161,MONTGOMERY,Property Damage Crash,2016-03-11 09:01:00,Unknown,Unknown,Unknown,SAME DIRECTION SIDESWIPE,Unknown,Unknown,UNKNOWN,NO CONTROLS,UNKNOWN,Yes,No Apparent Injury,UNKNOWN,Unknown,Passenger Car,10,2003.0,Toyota,COROLLA,9,Friday,3
MCP2195003Q,190058574,Montgomery County Police,Injury Crash,2019-12-05 09:45:00,Municipality,MEADOW HALL DR,TWINBROOK PKWY,STRAIGHT MOVEMENT ANGLE,CLEAR,Unknown,DAYLIGHT,STOP SIGN,NONE DETECTED,Yes,No Apparent Injury,UNKNOWN,MD,(Sport) Utility Vehicle,30,2008.0,Merc,MILAN,9,Thursday,12
MCP3352000S,230028485,Montgomery County Police,Property Damage Crash,2023-06-13 15:55:00,County,SAM EIG HWY,GREAT SENECA HWY,SAME DIR REAR END,CLEAR,DRY,DAYLIGHT,TRAFFIC SIGNAL,NONE DETECTED,No,No Apparent Injury,NOT DISTRACTED,MD,Passenger Car,30,2021.0,Jeep,CHEROKEE,15,Tuesday,6
MCP2677000R,16037264,Montgomery County Police,Injury Crash,2016-07-23 04:13:00,Interstate (State),EISENHOWER MEMORIAL HWY,CROSSOVER,SAME DIR REAR END,Unknown,DRY,DARK LIGHTS ON,Unknown,ALCOHOL PRESENT,Yes,No Apparent Injury,UNKNOWN,VA,Pickup Truck,55,2002.0,Toyota,F150,4,Saturday,7
MCP3390001F,240056833,MONTGOMERY,Property Damage Crash,2024-11-26 17:50:00,County Route,CENTURY BLVD,TOWN COMMONS BLVD,Angle,Clear,Dry,Dark - Lighted,Stop Sign,"Not Suspect of Alcohol Use, Not Suspect of Drug Use",Yes,No Apparent Injury,Not Distracted,MD,Passenger Car,20,2016.0,Mazda,MAZDA3,17,Tuesday,11