Report Number,Local Case Number,Agency Name,ACRS Report Type,Crash Date/Time,Route Type,Road Name,Cross-Street Name,Collision Type,Weather,Surface Condition,Light,Traffic Control,Driver Substance Abuse,Driver At Fault,Injury Severity,Driver Distracted By,Drivers License State,Vehicle Body Type,Speed Limit,Vehicle Year,Vehicle Make,Vehicle Model,Crash Hour,Crash Day,Crash Month
DD5598000T,16035706,Rockville Police Departme,Property Damage Crash,2016-07-14 17:48:00,Municipality,EDMONSTON DR,LEWIS AVE,HEAD ON LEFT TURN,CLEAR,DRY,DAYLIGHT,STOP SIGN,Unknown,No,No Apparent Injury,NOT DISTRACTED,MD,Passenger Car,25,2014.0,Toyota,COROLLA,17,Thursday,7
MCP3026002D,180003097,Montgomery County Police,Property Damage Crash,2018-01-18 21:00:00,County,CEDAR LA,ROCKVILLE PIKE,SAME DIR REAR END,CLEAR,DRY,DARK -- UNKNOWN LIGHTING,TRAFFIC SIGNAL,UNKNOWN,Yes,No Apparent Injury,UNKNOWN,Unknown,Passenger Car,35,2005.0,Chevy,TRUCK,21,Thursday,1
MCP3064000Y,180011940,Montgomery County Police,Injury Crash,2018-03-09 11:45:00,County,ARCOLA AVE,KERSEY RD,SAME DIR REAR END,CLEAR,DRY,DAYLIGHT,YIELD SIGN,NONE DETECTED,Yes,No Apparent Injury,LOOKED BUT DID NOT SEE,MD,Passenger Car,30,2001.0,Ford,FOCUS,11,Friday,3
MCP22910094,250054333,MONTGOMERY,Property Damage Crash,2025-12-04 17:46:00,Maryland (State) Route,RIVER RD,WINSTON DR,Front to Rear,Clear,Dry,Dark - Lighted,Traffic Control Signal,"Not Suspect of Alcohol Use, Not Suspect of Drug Use",No,No Apparent Injury,Not Distracted,MD,Sport Utility Vehicle,35,2009.0,Cadillac,ESCALADE,17,Thursday,12
MCP2728001M,15046014,MONTGOMERY,Property Damage Crash,2015-09-11 18:21:00,US (State),COLESVILLE RD,CRESTMOOR DR,HEAD ON LEFT TURN,CLEAR,DRY,DAYLIGHT,NO CONTROLS,NONE DETECTED,No,No Apparent Injury,NOT DISTRACTED,MD,Pickup Truck,40,2007.0,Hond,TK,18,Friday,9
MCP3052003F,230046842,Montgomery County Police,Property Damage Crash,2023-07-29 18:18:00,County,AIRPARK RD,ANTARES DR,SINGLE VEHICLE,CLEAR,WET,DAYLIGHT,NO CONTROLS,Unknown,Yes,No Apparent Injury,NOT DISTRACTED,MD,Passenger Car,40,2010.0,Mozda,4,18,Saturday,7
DD56310062,250020818,ROCKVILLE,Property Damage Crash,2025-05-11 21:02:00,Municipality Route,LEWIS AVE,Unknown,Front to Rear,Clear,Dry,Dark - Lighted,No Controls,"Not Suspect of Alcohol Use, Not Suspect of Drug Use",No,No Apparent Injury,Unknown,Unknown,Passenger Car,25,2014.0,Ford,FOCUS,21,Sunday,5
MCP2946003Y,210037755,Montgomery County Police,Property Damage Crash,2021-09-24 07:43:00,Maryland (State),DAMASCUS RD,HOWARD CHAPEL RD,STRAIGHT MOVEMENT ANGLE,CLEAR,DRY,DAYLIGHT,STOP SIGN,NONE DETECTED,No,No Apparent Injury,NOT DISTRACTED,MD,Passenger Car,40,2014.0,Chev,SONIC,7,Friday,9
MCP29020023,170529570,Montgomery County Police,Property Damage Crash,2017-09-09 13:11:00,County,GUNNERS BRANCH RD,FREDERICK RD,STRAIGHT MOVEMENT ANGLE,CLEAR,DRY,DAYLIGHT,TRAFFIC SIGNAL,Unknown,No,No Apparent Injury,NOT DISTRACTED,MD,(Sport) Utility Vehicle,45,2015.0,Jeep,TK,13,Saturday,9
MCP3051004Y,210048063,Montgomery County Police,Injury Crash,2021-11-26 17:45:00,Maryland (State),OLD GEORGETOWN RD,SPRUCE TREE AVE,HEAD ON LEFT TURN,CLEAR,DRY,DARK LIGHTS ON,NO CONTROLS,NONE DETECTED,No,Possible Injury,NOT DISTRACTED,MD,Passenger Car,35,2013.0,Hyundai,ELANTRA,17,Friday,11
MCP3428000Y,250056754,MONTGOMERY,Injury Crash,2025-12-19 16:59:00,County Route,WYNGATE DR,OLD GEORGETOWN RD (SB/L),Angle,Clear,Dry,Dusk,No Controls,"Not Suspect of Alcohol Use, Not Suspect of Drug Use",No,Suspected Minor Injury,Not Distracted,MD,Sport Utility Vehicle,35,2021.0,Toyota,HIGHLANDER,16,Friday,12
MCP26230027,16009217,Montgomery County Police,Property Damage Crash,2016-02-24 10:21:00,Maryland (State),EAST WEST HWY,BLAIR MILL WAY,SAME DIR REAR END,RAINING,WET,DAYLIGHT,NO CONTROLS,NONE DETECTED,No,No Apparent Injury,NOT DISTRACTED,MD,Passenger Car,0,2016.0,Toyota,COROLLA,10,Wednesday,2
MCP2016006C,220026566,Montgomery County Police,Property Damage Crash,2022-06-20 13:18:00,County,MONTROSE RD,TILDENWOOD DR,SAME DIR REAR END,CLEAR,Unknown,DAYLIGHT,Unknown,Unknown,Yes,No Apparent Injury,NOT DISTRACTED,MD,Passenger Car,40,2012.0,Ford,TK,13,Monday,6
MCP292300CH,240032691,MONTGOMERY,Property Damage Crash,2024-07-16 11:07:00,County Route,RANDOLPH RD (WB/L),Unknown,"Sideswipe, Same Direction",Clear,Dry,Daylight,No Controls,"Not Suspect of Alcohol Use, Not Suspect of Drug Use",No,No Apparent Injury,Not Distracted,MD,Passenger Car,30,2014.0,Toyota,CAMRY,11,Tuesday,7
MCP1563004C,170540945,Montgomery County Police,Property Damage Crash,2017-11-04 15:20:00,Unknown,Unknown,Unknown,UNKNOWN,CLOUDY,Unknown,DAYLIGHT,Unknown,UNKNOWN,Yes,No Apparent Injury,UNKNOWN,Unknown,Van,0,2017.0,Uu,UU,15,Saturday,11
MCP3058004F,210040277,Montgomery County Police,Property Damage Crash,2021-10-08 21:31:00,Maryland (State),W MONTGOMERY AVE,NELSON ST,SAME DIR REAR END,CLEAR,DRY,DARK LIGHTS ON,TRAFFIC SIGNAL,ALCOHOL CONTRIBUTED,Yes,No Apparent Injury,INATTENTIVE OR LOST IN THOUGHT,MD,Passenger Car,35,2005.0,Toyota,4 RUNNER,21,Friday,10
MCP3075001M,180044366,Montgomery County Police,Property Damage Crash,2018-09-05 17:35:00,Unknown,Unknown,Unknown,OTHER,CLEAR,Unknown,DAYLIGHT,NO CONTROLS,UNKNOWN,Yes,No Apparent Injury,UNKNOWN,Unknown,Passenger Car,0,2005.0,Jeep,TK,17,Wednesday,9
MCP2867005Q,180013677,Montgomery County Police,Property Damage Crash,2018-03-19 14:32:00,US (State),COLUMBIA PIKE,TECH RD,SAME DIR REAR END,CLEAR,DRY,DAYLIGHT,Unknown,NONE DETECTED,No,No Apparent Injury,NOT DISTRACTED,MD,Van,45,2015.0,Toyota,SIENNA,14,Monday,3
MCP31910033,210037484,Montgomery County Police,Injury Crash,2021-09-22 15:30:00,Maryland (State),FREDERICK RD,E GUDE DR,SAME DIRECTION RIGHT TURN,RAINING,WET,DAYLIGHT,TRAFFIC SIGNAL,NONE DETECTED,No,No Apparent Injury,NOT DISTRACTED,MD,Passenger Car,40,2020.0,Honda,CIVIC,15,Wednesday,9
MCP0685005R,200038441,Montgomery County Police,Property Damage Crash,2020-09-30 11:07:00,Municipality,PICCARD DR,ROYAL CRESCENT,HEAD ON LEFT TURN,CLEAR,DRY,DAYLIGHT,NO CONTROLS,NONE DETECTED,Yes,No Apparent Injury,NOT DISTRACTED,MD,Passenger Car,30,2017.0,Honda,CIVIC,11,Wednesday,9
MCP2816004S,250041134,MONTGOMERY,Property Damage Crash,2025-09-13 11:11:00,Private Route,Unknown,NORTON RD S GLEN RD,Angle,Clear,Dry,Daylight,No Controls,"Not Suspect of Alcohol Use, Not Suspect of Drug Use",No,No Apparent Injury,Not Distracted,MD,Passenger Car,30,2024.0,Mercedes-Benz,GLS-CLASS,11,Saturday,9
MCP229800QR,200006218,Montgomery County Police,Injury Crash,2020-02-06 18:14:00,County,HAWKINS CREAMERY RD,LAYTONSVILLE RD,SINGLE VEHICLE,RAINING,WET,DARK NO LIGHTS,NO CONTROLS,NONE DETECTED,Yes,Possible Injury,NOT DISTRACTED,MD,(Sport) Utility Vehicle,35,2007.0,Honda,PILOT,18,Thursday,2
MCP2754001H,170526666,Montgomery County Police,Property Damage Crash,2017-08-24 17:52:00,Maryland (State),PINEY BRANCH RD,FLOWER AVE,OTHER,CLEAR,DRY,DAYLIGHT,NO CONTROLS,UNKNOWN,Yes,No Apparent Injury,UNKNOWN,MD,Passenger Car,10,2002.0,Honda,ODYSSEY,17,Thursday,8
MCP27040014,190033388,Montgomery County Police,Property Damage Crash,2019-07-13 23:35:00,County,GRANDVIEW AVE,AVENA ST,OTHER,CLEAR,DRY,DARK LIGHTS ON,Unknown,ALCOHOL PRESENT,Yes,No Apparent Injury,UNKNOWN,MD,Passenger Car,25,2006.0,Acur,4S,23,Saturday,7
MCP3107001J,210010862,Montgomery County Police,Property Damage Crash,2021-03-23 05:09:00,Maryland (State),MUNCASTER MILL RD,AVERY PARK DR,SINGLE VEHICLE,CLEAR,DRY,DARK LIGHTS ON,Unknown,NONE DETECTED,Yes,No Apparent Injury,INATTENTIVE OR LOST IN THOUGHT,MD,Passenger Car,40,2019.0,Ford,FOCUS,5,Tuesday,3
MCP29670015,16003706,Montgomery County Police,Property Damage Crash,2016-01-20 19:56:00,County,WHITTIER BLVD,WILSON LA,SAME DIR REAR END,SNOW,ICE,DUSK,TRAFFIC SIGNAL,NONE DETECTED,No,No Apparent Injury,NOT DISTRACTED,MD,Passenger Car,35,2007.0,Saturn,ION,19,Wednesday,1
MCP3112005G,210038852,Montgomery County Police,Injury Crash,2021-09-30 17:00:00,Maryland (State),WISCONSIN AVE,WOODMONT AVE,OTHER,CLEAR,DRY,DAYLIGHT,NO CONTROLS,NONE DETECTED,Yes,No Apparent Injury,DISTRACTED BY OUTSIDE PERSON OBJECT OR EVENT,MD,Passenger Car,25,2015.0,Honda,VAN,17,Thursday,9
MCP1563002X,16056564,Montgomery County Police,Property Damage Crash,2016-11-02 18:34:00,County,LYTTONSVILLE PL,BROOKVILLE RD,OTHER,CLEAR,DRY,DARK LIGHTS ON,STOP SIGN,NONE DETECTED,No,No Apparent Injury,NOT DISTRACTED,WV,Fire Vehicle/Non Emergency,25,2007.0,Pierce,FIRE TRUCK,18,Wednesday,11
MCP3168006D,240008365,MONTGOMERY,Property Damage Crash,2024-02-20 14:10:00,Unknown,Unknown,Unknown,Front to Front,Clear,Unknown,Daylight,Unknown,"Not Suspect of Alcohol Use, Not Suspect of Drug Use",No,No Apparent Injury,Not Distracted,MD,Passenger Car,0,2015.0,Toyota,PRIUS,14,Tuesday,2
MCP23290010,180003254,Montgomery County Police,Injury Crash,2018-01-20 09:45:00,Maryland (State),QUINCE ORCHARD RD,SPUR TO MD 117,SAME DIR REAR END,CLEAR,DRY,DAYLIGHT,YIELD SIGN,NONE DETECTED,Yes,No Apparent Injury,UNKNOWN,MD,Passenger Car,40,2016.0,Audi,4S,9,Saturday,1
MCP1550003R,220042661,Montgomery County Police,Injury Crash,2022-10-05 11:15:00,Interstate (State),CAPITAL BELTWAY,RAMP 1 FR MD 355 NB TO IS 495 WB,SAME DIRECTION SIDESWIPE,CLEAR,DRY,DAYLIGHT,NO CONTROLS,COMBINED SUBSTANCE PRESENT,Unknown,Possible Injury,NOT DISTRACTED,MD,Passenger Car,55,2007.0,Honda,ACCORD,11,Wednesday,10
MCP3308001L,220055001,Montgomery County Police,Injury Crash,2022-12-12 18:11:00,Maryland (State),GEORGIA AVE,GEORGIAN WOODS PL,SAME DIRECTION RIGHT TURN,Unknown,DRY,DAWN,NO CONTROLS,NONE DETECTED,No,Suspected Minor Injury,NOT DISTRACTED,MD,Moped,35,2012.0,Kymc,AGILITY,18,Monday,12
MCP3368001B,230046392,Montgomery County Police,Property Damage Crash,2023-07-26 10:00:00,Maryland (State),FREDERICK RD,CHRISTOPHER AVE,SAME DIRECTION SIDESWIPE,CLEAR,DRY,DAYLIGHT,NO CONTROLS,NONE DETECTED,No,No Apparent Injury,NOT DISTRACTED,MD,Passenger Car,40,2016.0,Toyota,COROLLA,10,Wednesday,7
DM8451000N,15062337,TAKOMA,Property Damage Crash,2015-12-06 15:06:00,Maryland (State),NEW HAMPSHIRE AVE,KIRKLYNN AVE,SAME DIR REAR END,CLEAR,DRY,DAYLIGHT,Unknown,Unknown,No,No Apparent Injury,NOT DISTRACTED,MD,Transit Bus,35,2007.0,Gill,BUS,15,Sunday,12
MCP2507002R,250056240,MONTGOMERY,Property Damage Crash,2025-12-16 16:12:00,County Route,TRAVILAH RD,Unknown,Single Vehicle,Clear,Dry,Daylight,No Controls,"Not Suspect of Alcohol Use, Not Suspect of Drug Use",Yes,No Apparent Injury,Unknown,MD,Passenger Car,35,2023.0,Tesla,MODEL Y,16,Tuesday,12
EJ78360029,200022734,Gaithersburg Police Depar,Injury Crash,2020-06-09 21:40:00,Maryland (State),S FREDERICK RD,S SUMMIT AVE,SAME DIR REAR END,CLEAR,DRY,DARK LIGHTS ON,TRAFFIC SIGNAL,ALCOHOL PRESENT,Yes,No Apparent Injury,UNKNOWN,MD,Passenger Car,30,2004.0,Ford,TK,21,Tuesday,6
MCP13780140,230014290,Montgomery County Police,Property Damage Crash,2023-03-24 14:55:00,Maryland (State),ROCKVILLE PIKE,CROSSOVER,SAME DIRECTION RIGHT TURN,RAINING,WET,DAYLIGHT,NO CONTROLS,NONE DETECTED,Yes,No Apparent Injury,NOT DISTRACTED,DC,(Sport) Utility Vehicle,35,2004.0,Chevrolet,SUBURBAN,14,Friday,3
MCP3401001X,250002708,MONTGOMERY,Property Damage Crash,2025-01-19 23:20:00,Maryland (State) Route,NEW HAMPSHIRE AVE,Unknown,Front to Rear,Freezing Rain Or Freezing Drizzle,Wet,Dark - Not Lighted,Traffic Control Signal,"Not Suspect of Alcohol Use, Not Suspect of Drug Use",Yes,No Apparent Injury,Not Distracted,MD,Passenger Car,35,2023.0,Ford,F-150,23,Sunday,1
MCP31220043,210018102,Montgomery County Police,Property Damage Crash,2021-05-14 08:15:00,Unknown,Unknown,Unknown,SAME DIRECTION SIDESWIPE,CLEAR,Unknown,DAYLIGHT,NO CONTROLS,UNKNOWN,Yes,No Apparent Injury,NOT DISTRACTED,Unknown,Passenger Car,15,2012.0,Nissan,JUKE,8,Friday,5
MCP3118000C,180076313,Montgomery County Police,Injury Crash,2018-03-05 07:46:00,Maryland (State),NORBECK RD,NORBECK BLVD,SAME DIR REAR END,CLEAR,DRY,DAYLIGHT,Unknown,NONE DETECTED,No,Possible Injury,NOT DISTRACTED,MD,Passenger Car,40,2008.0,Volvo,XC90 3.2,7,Monday,3
MCP9118003H,220057968,Montgomery County Police,Injury Crash,2022-12-31 02:38:00,County,RANDOLPH RD,COLIN RD,SINGLE VEHICLE,CLOUDY,WET,DARK -- UNKNOWN LIGHTING,NO CONTROLS,ALCOHOL PRESENT,Yes,Possible Injury,UNKNOWN,MD,(Sport) Utility Vehicle,35,2011.0,Toyota,RAV4,2,Saturday,12
EJ7885002R,230001224,Gaithersburg Police Depar,Property Damage Crash,2023-01-08 18:16:00,Municipality,FAIRBANKS BLVD,W DEER PARK RD,OTHER,CLEAR,DRY,DARK LIGHTS ON,NO CONTROLS,UNKNOWN,Yes,No Apparent Injury,UNKNOWN,Unknown,Pickup Truck,25,2018.0,Ford,F150,18,Sunday,1
MCP22310090,250043798,MONTGOMERY,Property Damage Crash,2025-09-29 14:12:00,Interstate (State),IS 270 LOCAL LANES (NB),Unknown,"Sideswipe, Same Direction",Cloudy,Dry,Daylight,No Controls,"Not Suspect of Alcohol Use, Not Suspect of Drug Use",Yes,No Apparent Injury,Not Distracted,MD,Passenger Car,55,2022.0,Ford,TRANSIT,14,Monday,9
MCP2921002T,180065252,Montgomery County Police,Property Damage Crash,2018-12-30 19:30:00,Unknown,Unknown,Unknown,SINGLE VEHICLE,CLEAR,Unknown,DARK LIGHTS ON,OTHER,Unknown,Yes,No Apparent Injury,DISTRACTED BY OUTSIDE PERSON OBJECT OR EVENT,MD,Police Vehicle/Emergency,0,2017.0,Ford,TAURUS,19,Sunday,12
MCP32080052,230072282,Montgomery County Police,Property Damage Crash,2023-12-18 00:07:00,Interstate (State),CAPITAL BELTWAY,R/R #CSX 140 487 W,SINGLE VEHICLE,RAINING,WET,DARK LIGHTS ON,NO CONTROLS,NONE DETECTED,Unknown,No Apparent Injury,NOT DISTRACTED,VA,Passenger Car,55,2016.0,Hyundai,ACCENT,0,Monday,12
MCP2354001D,200002934,Montgomery County Police,Property Damage Crash,2020-01-17 21:18:00,Unknown,Unknown,Unknown,SAME DIRECTION LEFT TURN,CLEAR,Unknown,DARK LIGHTS ON,STOP SIGN,NONE DETECTED,No,No Apparent Injury,NOT DISTRACTED,MD,Transit Bus,15,2014.0,Gill Blu,P,21,Friday,1
EJ7881001T,220021073,Gaithersburg Police Depar,Property Damage Crash,2022-05-17 08:00:00,Maryland (State),QUINCE ORCHARD RD,TWIN LAKES DR,SAME DIRECTION SIDESWIPE,UNKNOWN,UNKNOWN,Unknown,NO CONTROLS,NONE DETECTED,No,No Apparent Injury,NOT DISTRACTED,MD,Passenger Car,40,2013.0,Acur,4S,8,Tuesday,5
MCP2984000Q,16033267,Montgomery County Police,Property Damage Crash,2016-07-12 08:30:00,Maryland (State),GERMANTOWN RD,MIDDLEBROOK RD,SAME DIR REAR END,CLOUDY,DRY,DAYLIGHT,TRAFFIC SIGNAL,NONE DETECTED,No,No Apparent Injury,NOT DISTRACTED,MD,"Other Light Trucks (10,000Lbs (4,536Kg) Or Less)",40,2006.0,Toyt,RAV4,8,Tuesday,7
MCP28130019,15041544,MONTGOMERY,Injury Crash,2015-08-19 18:33:00,Maryland (State),GEORGIA AVE,WEISMAN RD,ANGLE MEETS LEFT TURN,CLEAR,DRY,DAYLIGHT,NO CONTROLS,NONE DETECTED,No,Possible Injury,NOT DISTRACTED,MD,Pickup Truck,35,2000.0,Ford,F250,18,Wednesday,8
DD5605004S,170549236,Rockville Police Departme,Injury Crash,2017-12-18 10:15:00,Municipality,REDLAND BLVD,THOMPSON DAIRY WAY,SAME DIR REAR END,CLEAR,DRY,DAYLIGHT,TRAFFIC SIGNAL,NONE DETECTED,No,No Apparent Injury,NOT DISTRACTED,MD,Passenger Car,35,2008.0,Merz,4S,10,Monday,12
MCP2586007P,240042493,MONTGOMERY,Property Damage Crash,2024-09-07 17:34:00,Maryland (State) Route,WOODFIELD RD,Unknown,Front to Rear,Clear,Dry,Daylight,No Controls,"Unknown, Unknown",No,Unknown,Unknown,Unknown,Pickup,35,2003.0,Toyota,TUNDRA,17,Saturday,9
MCP3257002G,210025361,Montgomery County Police,Property Damage Crash,2021-07-02 05:10:00,County,NICHOLSON LA,EXECUTIVE BLVD,STRAIGHT MOVEMENT ANGLE,RAINING,WET,DAWN,FLASHING TRAFFIC SIGNAL,NONE DETECTED,No,No Apparent Injury,NOT DISTRACTED,VA,Passenger Car,25,2017.0,Acura,TLX,5,Friday,7
MCP2761000W,15046095,MONTGOMERY,Property Damage Crash,2015-09-12 01:00:00,Maryland (State),CLOPPER RD,WARING STATION RD,SINGLE VEHICLE,CLEAR,DRY,DARK LIGHTS ON,NO CONTROLS,ALCOHOL PRESENT,Yes,No Apparent Injury,OTHER DISTRACTION,MD,Passenger Car,35,2003.0,Ford,FOCUS,1,Saturday,9
MCP3164005K,220015462,Montgomery County Police,Property Damage Crash,2022-04-12 06:15:00,County,DALEWOOD DR,GOODHILL RD,SAME DIRECTION SIDESWIPE,CLEAR,DRY,Unknown,NO CONTROLS,NONE DETECTED,Unknown,No Apparent Injury,NOT DISTRACTED,MD,Transit Bus,25,2013.0,Othr,BUS,6,Tuesday,4
MCP30200035,190003704,Montgomery County Police,Injury Crash,2019-01-24 09:03:00,Maryland (State),GEORGIA AVE,CONNECTICUT AVE,SAME DIR REAR END,RAINING,WET,DAYLIGHT,TRAFFIC SIGNAL,NONE DETECTED,No,Possible Injury,NOT DISTRACTED,MD,Passenger Car,45,2002.0,Nissan,ALTIMA,9,Thursday,1
MCP2560000Q,16066941,Montgomery County Police,Property Damage Crash,2016-12-29 12:12:00,County,MIDDLEBROOK RD,CENTURY BLVD,ANGLE MEETS LEFT TURN,Unknown,WET,DAYLIGHT,TRAFFIC SIGNAL,Unknown,No,No Apparent Injury,NOT DISTRACTED,MD,Passenger Car,40,2014.0,Toyota,COROLLA,12,Thursday,12
EJ78760025,200010623,Gaithersburg Police Depar,Property Damage Crash,2020-03-03 17:20:00,Maryland (State),MONTGOMERY VILLAGE AVE,SPUR TO LOST KNIFE RD,SAME DIR REAR END,CLEAR,DRY,DARK LIGHTS ON,TRAFFIC SIGNAL,NONE DETECTED,No,No Apparent Injury,NOT DISTRACTED,MD,Passenger Car,35,2015.0,Ford,EXPLORER,17,Tuesday,3
DD5623000H,170538534,Rockville Police Departme,Injury Crash,2017-10-24 14:29:00,Maryland (State),VEIRS MILL RD,CLAGETT DR,STRAIGHT MOVEMENT ANGLE,CLEAR,DRY,DAYLIGHT,STOP SIGN,NONE DETECTED,Yes,No Apparent Injury,NOT DISTRACTED,MD,"Other Light Trucks (10,000Lbs (4,536Kg) Or Less)",40,2000.0,Ford,F150,14,Tuesday,10
MCP137800MZ,180050478,Montgomery County Police,Property Damage Crash,2018-10-09 13:00:00,County,MIDCOUNTY HWY,DIRECTIONAL CROSSOVER,SINGLE VEHICLE,CLOUDY,DRY,DAYLIGHT,NO CONTROLS,NONE DETECTED,Yes,No Apparent Injury,NOT DISTRACTED,MD,(Sport) Utility Vehicle,45,2006.0,Cadillac,ESCALADE,13,Tuesday,10
MCP3267001N,230017906,Montgomery County Police,Property Damage Crash,2023-04-14 23:10:00,Maryland (State),CONNECTICUT AVE,ASPEN HILL RD,SAME DIRECTION RIGHT TURN,CLEAR,DRY,DARK LIGHTS ON,TRAFFIC SIGNAL,NONE DETECTED,No,No Apparent Injury,NOT DISTRACTED,MD,Passenger Car,35,2021.0,Honda,ACCORD,23,Friday,4
MCP28700014,15051373,MONTGOMERY,Property Damage Crash,2015-10-09 00:23:00,Maryland (State),NEW HAMPSHIRE AVE,RAMP 6 FR IS 495 EB TO MD 650 SB,SAME DIR REAR END,CLEAR,DRY,DARK LIGHTS ON,NO CONTROLS,ALCOHOL PRESENT,Yes,No Apparent Injury,NOT DISTRACTED,MD,Passenger Car,40,2015.0,Toy,TC,0,Friday,10
MCP31400027,220057063,Montgomery County Police,Property Damage Crash,2022-12-24 03:00:00,Maryland (State),EAST WEST HWY,BLAIR MILL WAY,OTHER,CLEAR,DRY,DARK LIGHTS ON,Unknown,NONE DETECTED,Yes,No Apparent Injury,UNKNOWN,MD,Passenger Car,30,2017.0,Jeep,GRAND CHEROKEE,3,Saturday,12
MCP3162003S,210044250,Montgomery County Police,Property Damage Crash,2021-11-02 09:15:00,Maryland (State),GEORGIA AVE,SEMINARY PL,SAME DIR REAR END,RAINING,WET,DAYLIGHT,TRAFFIC SIGNAL,NONE DETECTED,No,No Apparent Injury,NOT DISTRACTED,MD,Passenger Car,35,2005.0,Hyun,SANTA FE,9,Tuesday,11
MCP2707002P,220048165,Montgomery County Police,Property Damage Crash,2022-11-02 09:45:00,County,SHADY GROVE RD,CHOKE CHERRY RD,SAME DIRECTION SIDESWIPE,CLEAR,DRY,DAYLIGHT,TRAFFIC SIGNAL,NONE DETECTED,No,No Apparent Injury,NOT DISTRACTED,MD,(Sport) Utility Vehicle,40,2019.0,Mazda,CX9,9,Wednesday,11
MCP26370064,250022873,MONTGOMERY,Injury Crash,2025-05-23 13:29:00,County Route,TRAVILAH RD,RIVER RD RIVERS EDGE DR,Angle,Clear,Dry,Daylight,Stop Sign,"Not Suspect of Alcohol Use, Not Suspect of Drug Use",No,Suspected Minor Injury,Not Distracted,MD,Pickup,30,2007.0,Toyota,TACOMA,13,Friday,5
MCP3174001T,200008137,Montgomery County Police,Property Damage Crash,2020-02-18 16:04:00,County,ROTHBURY DR,GOSHEN RD,HEAD ON LEFT TURN,CLEAR,DRY,DAYLIGHT,NO CONTROLS,NONE DETECTED,Yes,No Apparent Injury,LOOKED BUT DID NOT SEE,MD,Passenger Car,35,2019.0,Mercedes,GLC300,16,Tuesday,2
MCP2931004V,200051504,Montgomery County Police,Property Damage Crash,2021-01-01 15:38:00,Unknown,Unknown,Unknown,SAME DIR REAR END,CLEAR,Unknown,DAYLIGHT,NO CONTROLS,UNKNOWN,Yes,No Apparent Injury,UNKNOWN,MD,Passenger Car,10,2011.0,Porsche,CAYENNE,15,Friday,1
MCP26220023,190035348,Montgomery County Police,Injury Crash,2019-07-25 11:19:00,County,OLD COLUMBIA PIKE,FAIRLAND RD,SAME DIR REAR END,CLEAR,DRY,DAYLIGHT,TRAFFIC SIGNAL,NONE DETECTED,Yes,No Apparent Injury,LOOKED BUT DID NOT SEE,MD,Passenger Car,15,2006.0,Nissan,ALTIMA,11,Thursday,7
DM8338000K,16055792,Takoma Park Police Depart,Property Damage Crash,2016-10-29 18:21:00,Maryland (State),PHILADELPHIA AVE,MAPLE AVE,SAME DIR REAR END,CLEAR,DRY,DUSK,TRAFFIC SIGNAL,Unknown,No,No Apparent Injury,NOT DISTRACTED,MD,Passenger Car,25,2010.0,Acur,4S,18,Saturday,10
MCP2464001C,180013839,Montgomery County Police,Property Damage Crash,2018-03-20 03:25:00,County,FORSTON DR,HASKIN PL,OTHER,CLEAR,DRY,DARK NO LIGHTS,NO CONTROLS,Unknown,Yes,No Apparent Injury,UNKNOWN,Unknown,Passenger Car,25,2005.0,Honda,ACCORD,3,Tuesday,3
MCP1309000W,170535339,Montgomery County Police,Injury Crash,2017-10-07 15:01:00,Maryland (State),FREDERICK RD,MIDDLEBROOK RD,STRAIGHT MOVEMENT ANGLE,CLEAR,DRY,DAYLIGHT,NO CONTROLS,NONE DETECTED,Yes,Suspected Minor Injury,NOT DISTRACTED,MD,Unknown,10,2014.0,Toyt,VN,15,Saturday,10
MCP2446005B,200049914,Montgomery County Police,Injury Crash,2020-12-19 16:02:00,Maryland (State),RIDGE RD,VALLEY PARK DR,STRAIGHT MOVEMENT ANGLE,CLEAR,DRY,DAYLIGHT,STOP SIGN,NONE DETECTED,No,Possible Injury,NOT DISTRACTED,MD,(Sport) Utility Vehicle,40,2018.0,Nissan,PATHFINDER,16,Saturday,12
MCP2198001P,16016604,Montgomery County Police,Injury Crash,2016-04-05 15:31:00,County,RAILROAD ST,CHESTNUT RD,HEAD ON,CLEAR,DRY,DAYLIGHT,NO CONTROLS,Unknown,Yes,Possible Injury,UNKNOWN,DC,Passenger Car,25,2005.0,Toyota,CAMRY,15,Tuesday,4
MCP32080069,240056476,MONTGOMERY,Property Damage Crash,2024-11-25 01:02:00,County Route,SPRING ST,COLESVILLE RD,Front to Rear,Clear,Dry,Dark - Lighted,Traffic Control Signal,"Not Suspect of Alcohol Use, Not Suspect of Drug Use",No,No Apparent Injury,Not Distracted,MD,Passenger Car,35,2024.0,Toyota,COROLLA,1,Monday,11
MCP32620033,230029935,Montgomery County Police,Property Damage Crash,2023-06-22 12:59:00,County,BRIGGS CHANEY RD,GATESHEAD MANOR WAY,HEAD ON LEFT TURN,RAINING,WET,DAYLIGHT,TRAFFIC SIGNAL,NONE DETECTED,No,No Apparent Injury,NOT DISTRACTED,MD,Passenger Car,35,2021.0,Suba,UT,12,Thursday,6
MCP003600FQ,210030143,Montgomery County Police,Property Damage Crash,2021-08-03 16:40:00,County,GREENTREE RD,OLD GEORGETOWN RD,SAME DIR REAR END,CLEAR,DRY,DAYLIGHT,TRAFFIC SIGNAL,NONE DETECTED,Yes,No Apparent Injury,BY MOVING OBJECT IN VEHICLE,MD,Passenger Car,30,2007.0,Subaru,LEGACY,16,Tuesday,8