Report Number,Local Case Number,Agency Name,ACRS Report Type,Crash Date/Time,Route Type,Road Name,Cross-Street Name,Collision Type,Weather,Surface Condition,Light,Traffic Control,Driver Substance Abuse,Driver At Fault,Injury Severity,Driver Distracted By,Drivers License State,Vehicle Body Type,Speed Limit,Vehicle Year,Vehicle Make,Vehicle Model,Crash Hour,Crash Day,Crash Month
MCP3156001V,220013887,Montgomery County Police,Property Damage Crash,2022-04-01 12:57:00,Maryland (State),GEORGIA AVE,TILTON DR,SAME DIRECTION SIDESWIPE,CLEAR,DRY,DAYLIGHT,NO CONTROLS,NONE DETECTED,Yes,No Apparent Injury,UNKNOWN,MD,"Cargo Van/Light Truck 2 Axles (Over 10,000Lbs (4,536 Kg))",35,2015.0,Chevy,TRUCK,12,Friday,4
MCP2714000W,180060477,Montgomery County Police,Injury Crash,2018-12-03 18:56:00,Maryland (State),NORBECK RD,WESTBURY RD,ANGLE MEETS LEFT TURN,CLEAR,DRY,DARK LIGHTS ON,NO CONTROLS,NONE DETECTED,Yes,Suspected Minor Injury,LOOKED BUT DID NOT SEE,MD,Passenger Car,45,2010.0,Toyt,CORROLA,18,Monday,12
MCP3407000G,240052091,MONTGOMERY,Property Damage Crash,2024-10-30 16:52:00,Maryland (State) Route,Unknown,STRINGTOWN RD,Angle,Clear,Dry,Daylight,Traffic Control Signal,"Not Suspect of Alcohol Use, Not Suspect of Drug Use",No,No Apparent Injury,Not Distracted,MD,Sport Utility Vehicle,40,2021.0,Bmw,X5,16,Wednesday,10
EJ7876006P,230070978,Gaithersburg Police Depar,Property Damage Crash,2023-12-10 18:50:00,Maryland (State),FREDERICK RD,SPUR FR SHADY GROVE RD,SAME DIR REAR END,RAINING,WET,DARK LIGHTS ON,YIELD SIGN,NONE DETECTED,No,No Apparent Injury,NOT DISTRACTED,MD,Passenger Car,35,2017.0,Hyundai,SANTA FE,18,Sunday,12
MCP3452000V,250015391,MONTGOMERY,Property Damage Crash,2025-04-09 09:17:00,Unknown,Unknown,Unknown,Rear To Side,Clear,Unknown,Daylight,Unknown,"Not Suspect of Alcohol Use, Not Suspect of Drug Use",No,No Apparent Injury,Unknown,MD,Bus - School,0,2021.0,Thomas Built,HDX,9,Wednesday,4
MCP3022005W,240029623,MONTGOMERY,Property Damage Crash,2024-06-16 19:30:00,Local Route,MOUNTAIN LAKE CT,Unknown,Front to Rear,Clear,Dry,Daylight,No Controls,"Unknown, Unknown",Yes,No Apparent Injury,Unknown,MD,Passenger Car,25,2011.0,Dodge,JOURNEY,19,Sunday,6
MCP2905002C,16065511,Montgomery County Police,Property Damage Crash,2016-12-21 17:48:00,Maryland (State),RIVER RD,ROYAL DOMINION DR,SAME DIR REAR END,CLEAR,DRY,DARK NO LIGHTS,NO CONTROLS,Unknown,No,No Apparent Injury,NOT DISTRACTED,VA,Passenger Car,45,2013.0,Jaguar,4D SDN,17,Wednesday,12
MCP2694001P,15041349,MONTGOMERY,Property Damage Crash,2015-08-18 17:45:00,Maryland (State),OLD GEORGETOWN RD,RAMP 1 FR MD 187 NB TO RAMP 8 (TO IS495),SAME DIRECTION SIDESWIPE,CLEAR,DRY,DAYLIGHT,NO CONTROLS,NONE DETECTED,No,No Apparent Injury,NOT DISTRACTED,MD,(Sport) Utility Vehicle,40,2015.0,Jeep,GRAND CHEROKEE,17,Tuesday,8
MCP2987006B,210026835,Montgomery County Police,Property Damage Crash,2021-07-10 23:00:00,US (State),GEORGIA AVE,WAYNE AVE,SAME DIR REND RIGHT TURN,CLEAR,DRY,DARK LIGHTS ON,TRAFFIC SIGNAL,NONE DETECTED,No,No Apparent Injury,NOT DISTRACTED,MD,Passenger Car,40,2015.0,Chrysler,200,23,Saturday,7
MCP9442000C,16007663,Montgomery County Police,Property Damage Crash,2016-02-15 12:29:00,Maryland (State),MIDCOUNTY HWY,GOSHEN RD,SAME DIR REAR END,SNOW,SNOW,DAYLIGHT,TRAFFIC SIGNAL,NONE DETECTED,No,No Apparent Injury,NOT DISTRACTED,MD,"Other Light Trucks (10,000Lbs (4,536Kg) Or Less)",45,2007.0,Sterling,TRUCK VAN,12,Monday,2
MCP27740012,15002834,Montgomery County Police,Property Damage Crash,2015-01-18 03:12:00,County,SLIGO AVE,FENTON ST,STRAIGHT MOVEMENT ANGLE,CLEAR,DRY,DARK LIGHTS ON,NO CONTROLS,NONE DETECTED,No,No Apparent Injury,NOT DISTRACTED,MD,Passenger Car,25,1997.0,Subaru,LEGACY,3,Sunday,1
MCP2930000X,16033880,Montgomery County Police,Property Damage Crash,2016-07-04 22:00:00,Unknown,Unknown,Unknown,SINGLE VEHICLE,RAINING,Unknown,DARK LIGHTS ON,Unknown,NONE DETECTED,Yes,No Apparent Injury,UNKNOWN,MD,Passenger Car,5,2006.0,Toyota,COROLLA,22,Monday,7
EJ786600D7,230070424,Gaithersburg Police Depar,Injury Crash,2023-12-07 15:08:00,Maryland (State),GREAT SENECA HWY,LAKELANDS DR,SINGLE VEHICLE,CLOUDY,DRY,DAYLIGHT,NO CONTROLS,NONE DETECTED,Yes,Suspected Serious Injury,UNKNOWN,WV,Ambulance/Emergency,50,2003.0,Acura,RSX,15,Thursday,12
MCP2763002L,190055077,Montgomery County Police,Property Damage Crash,2019-11-15 10:30:00,County,SNOUFFERS SCHOOL RD,WOODFIELD RD,SAME DIR REAR END,CLEAR,DRY,DAYLIGHT,NO CONTROLS,NONE DETECTED,No,No Apparent Injury,NOT DISTRACTED,MD,Passenger Car,40,2015.0,Honda,CIVIV,10,Friday,11
MCP27690010,170548805,Montgomery County Police,Property Damage Crash,2017-12-15 15:30:00,Maryland (State),QUINCE ORCHARD RD,EISENHOWER MEMORIAL HWY,SAME DIR REAR END,SNOW,WET,DAYLIGHT,Unknown,NONE DETECTED,No,No Apparent Injury,NOT DISTRACTED,MD,Passenger Car,35,2008.0,Mazda,4S,15,Friday,12
DD55080026,16041796,Rockville Police Departme,Property Damage Crash,2016-08-17 18:23:00,Maryland (State),ROCKVILLE PIKE,FIRST ST,HEAD ON LEFT TURN,CLEAR,DRY,DAYLIGHT,Unknown,NONE DETECTED,No,No Apparent Injury,NOT DISTRACTED,VA,Passenger Car,40,2006.0,Honda,PILOT,18,Wednesday,8
MCP2339000X,15020048,Montgomery County Police,Property Damage Crash,2015-04-28 13:30:00,Unknown,Unknown,Unknown,OTHER,CLEAR,Unknown,DAYLIGHT,NO CONTROLS,NONE DETECTED,Yes,No Apparent Injury,UNKNOWN,MD,Passenger Car,15,2005.0,Pontiac,SW,13,Tuesday,4
MCP2016001W,170520821,Montgomery County Police,Property Damage Crash,2017-07-24 08:43:00,County,MONTROSE RD,NORTH FARM LA,SAME DIR REAR END,CLEAR,DRY,DAYLIGHT,TRAFFIC SIGNAL,Unknown,Yes,No Apparent Injury,NOT DISTRACTED,MD,Passenger Car,40,2013.0,Mazda,3,8,Monday,7
MCP31300049,210049632,Montgomery County Police,Property Damage Crash,2021-12-07 08:00:00,County,RANDOLPH RD,DALEWOOD DR,SAME DIR REAR END,CLOUDY,DRY,DAYLIGHT,TRAFFIC SIGNAL,NONE DETECTED,Yes,No Apparent Injury,LOOKED BUT DID NOT SEE,MD,Passenger Car,25,2011.0,Nissan,ALTIMA,8,Tuesday,12
MCP2965008N,240025154,MONTGOMERY,Injury Crash,2024-05-28 08:55:00,County Route,Unknown,Unknown,"Sideswipe, Same Direction",Clear,Dry,Daylight,No Controls,"Not Suspect of Alcohol Use, Not Suspect of Drug Use",No,Possible Injury,Not Distracted,MD,Passenger Car,30,2016.0,Chevrolet,EQUINOX,8,Tuesday,5
MCP913000L2,250031335,MONTGOMERY,Property Damage Crash,2025-07-14 11:45:00,Maryland (State) Route,UNIVERSITY BLVD E,Unknown,"Sideswipe, Same Direction",Cloudy,Dry,Daylight,No Controls,"Unknown, Unknown",No,Unknown,Unknown,Unknown,Passenger Car,30,2021.0,Nissan,ALTIMA,11,Monday,7
DD5651004T,240021104,ROCKVILLE,Property Damage Crash,2024-05-05 13:10:00,Crossover,Unknown,Unknown,Angle,Clear,Wet,Daylight,Traffic Control Signal,"Not Suspect of Alcohol Use, Not Suspect of Drug Use",No,No Apparent Injury,Not Distracted,MD,Passenger Car,35,2015.0,Toyota,RAV4,13,Sunday,5
MCP29270046,220004883,Montgomery County Police,Property Damage Crash,2022-02-04 15:26:00,County,DEXTER AVE,MCKENNEY AVE,SAME DIRECTION SIDESWIPE,RAINING,WET,DAYLIGHT,NO CONTROLS,NONE DETECTED,No,No Apparent Injury,NOT DISTRACTED,MD,School Bus,25,2019.0,Thms,BU,15,Friday,2
MCP2767001H,15057348,MONTGOMERY,Injury Crash,2015-11-10 15:25:00,Maryland (State),VEIRS MILL RD,RANDOLPH RD,SAME DIR REAR END,RAINING,WET,DAYLIGHT,NO CONTROLS,NONE DETECTED,Yes,Suspected Minor Injury,NOT DISTRACTED,MD,Passenger Car,45,1999.0,Toyota,CAMRY,15,Tuesday,11
MCP30630026,190060636,Montgomery County Police,Property Damage Crash,2019-12-16 17:53:00,US (State),COLUMBIA PIKE,FAIRLAND RD,SAME DIR REAR END,RAINING,WET,DARK NO LIGHTS,TRAFFIC SIGNAL,NONE DETECTED,No,No Apparent Injury,NOT DISTRACTED,MD,Passenger Car,50,2011.0,Lexus,IS250,17,Monday,12
MCP2987003M,180027668,Montgomery County Police,Injury Crash,2018-06-05 13:14:00,Maryland (State),UNIVERSITY BLVD E,RAMP 2 FR IS 495 WB TO MD 193 NB,SAME DIR REAR END,CLEAR,DRY,DAYLIGHT,TRAFFIC SIGNAL,ILLEGAL DRUG PRESENT,Yes,Possible Injury,UNKNOWN,MD,Passenger Car,35,2000.0,Buick,LASABRE,13,Tuesday,6
EJ7870004M,210040616,Gaithersburg Police Depar,Property Damage Crash,2021-10-11 11:24:00,Maryland (State),FREDERICK RD,MONTGOMERY VILLAGE AVE,SAME DIR REAR END,CLOUDY,DRY,DAYLIGHT,NO CONTROLS,NONE DETECTED,No,No Apparent Injury,NOT DISTRACTED,MD,(Sport) Utility Vehicle,35,2017.0,Toyt,RAV4,11,Monday,10
MCP2641004V,240056776,MONTGOMERY,Injury Crash,2024-11-26 12:50:00,County Route,FLOWER HILL WAY,Unknown,Angle,Clear,Dry,Daylight,No Controls,"Not Suspect of Alcohol Use, Not Suspect of Drug Use",No,Possible Injury,Not Distracted,MD,Passenger Car,25,2021.0,Toyota,PRIUS,12,Tuesday,11
MCP23470016,170528925,Montgomery County Police,Injury Crash,2017-09-06 06:08:00,Unknown,CHERRY HILL ROAD,PLUM ORCHARD DRIVE,HEAD ON LEFT TURN,RAINING,WET,DAWN,TRAFFIC SIGNAL,NONE DETECTED,Yes,No Apparent Injury,NOT DISTRACTED,MD,Passenger Car,35,2002.0,Toyota,SIENNA,6,Wednesday,9
MCP3061002H,240020449,MONTGOMERY,Property Damage Crash,2024-05-02 02:01:00,County Route,MATENY RD,Unknown,Single Vehicle,Clear,Dry,Dark - Lighted,Stop Sign,"Suspect of Alcohol Use, Not Suspect of Drug Use",No,No Apparent Injury,Unknown,MD,Sport Utility Vehicle,30,2017.0,Mitsubishi,OUTLANDER SPORT,2,Thursday,5
MCP0942003F,210044517,Montgomery County Police,Injury Crash,2021-11-03 13:24:00,Maryland (State),WISCONSIN AVE,WILLOW LA,SAME DIR REAR END,CLEAR,DRY,DAYLIGHT,TRAFFIC SIGNAL,NONE DETECTED,Yes,No Apparent Injury,INATTENTIVE OR LOST IN THOUGHT,VA,Passenger Car,25,2002.0,Honda,ACCORD,13,Wednesday,11
EJ7826003Q,180058443,Gaithersburg Police Depar,Injury Crash,2018-11-21 15:46:00,Maryland (State),FREDERICK RD,MARYLAND AVE,STRAIGHT MOVEMENT ANGLE,CLEAR,DRY,DAYLIGHT,NO CONTROLS,Unknown,Yes,No Apparent Injury,LOOKED BUT DID NOT SEE,MD,Passenger Car,30,2016.0,Ford,EXPLORER,15,Wednesday,11
MCP2821001B,180025592,Montgomery County Police,Property Damage Crash,2018-05-24 15:00:00,County,AIRPARK RD,MUNCASTER MILL RD,SAME DIRECTION SIDESWIPE,Unknown,DRY,DAYLIGHT,NO CONTROLS,UNKNOWN,Yes,No Apparent Injury,UNKNOWN,Unknown,Passenger Car,35,2003.0,Ford,MISTANG,15,Thursday,5
DD5605004P,170548746,Rockville Police Departme,Property Damage Crash,2017-12-15 13:00:00,County,E JEFFERSON ST,ENT TO FEDERAL PLAZA SC,STRAIGHT MOVEMENT ANGLE,SNOW,WET,DAYLIGHT,TRAFFIC SIGNAL,NONE DETECTED,Yes,No Apparent Injury,LOOKED BUT DID NOT SEE,MD,Passenger Car,15,2013.0,Toyt,4S,13,Friday,12
MCP2107001C,170529894,Montgomery County Police,Property Damage Crash,2017-09-11 13:56:00,Unknown,Unknown,Unknown,STRAIGHT MOVEMENT ANGLE,CLEAR,Unknown,DAYLIGHT,STOP SIGN,NONE DETECTED,Yes,No Apparent Injury,UNKNOWN,MD,Passenger Car,10,2015.0,Toyt,4S,13,Monday,9
MCP2752006C,240026843,MONTGOMERY,Property Damage Crash,2024-06-05 20:00:00,County Route,MACARTHUR BLVD,Unknown,Single Vehicle,Rain,Wet,Dusk,No Controls,"Not Suspect of Alcohol Use, Not Suspect of Drug Use",No,No Apparent Injury,Not Distracted,MD,Sport Utility Vehicle,35,2003.0,Toyota,4-RUNNER,20,Wednesday,6
MCP30360017,170529564,Montgomery County Police,Injury Crash,2017-09-09 12:20:00,Maryland (State),MIDCOUNTY HWY,GOSHEN RD,SAME DIR REAR END,CLEAR,DRY,DAYLIGHT,TRAFFIC SIGNAL,NONE DETECTED,Yes,No Apparent Injury,INATTENTIVE OR LOST IN THOUGHT,MD,(Sport) Utility Vehicle,50,2005.0,Honda,PILOT,12,Saturday,9
MCP0617002M,20008533,Montgomery County Police,Property Damage Crash,2020-02-20 16:22:00,Maryland (State),WOODFIELD RD,NEW CHURCH ST,SAME DIR REAR END,CLEAR,DRY,DAYLIGHT,NO CONTROLS,NONE DETECTED,No,No Apparent Injury,NOT DISTRACTED,MD,Passenger Car,40,2007.0,Toyt,4S,16,Thursday,2
MCP1399000W,210016399,Montgomery County Police,Injury Crash,2021-05-02 14:50:00,Maryland (State),QUINCE ORCHARD RD,QUINCE ORCHARD BLVD,SAME DIR REAR END,CLEAR,DRY,DAYLIGHT,TRAFFIC SIGNAL,NONE DETECTED,Yes,Possible Injury,NOT DISTRACTED,MD,Passenger Car,35,2014.0,Toyota,SCION,14,Sunday,5
MCP3210000T,190051274,Montgomery County Police,Property Damage Crash,2019-10-25 09:30:00,Maryland (State),GEORGIA AVE,CONNECTICUT AVE,SAME DIRECTION LEFT TURN,CLEAR,DRY,DAYLIGHT,TRAFFIC SIGNAL,NONE DETECTED,Yes,No Apparent Injury,LOOKED BUT DID NOT SEE,MD,Passenger Car,35,2004.0,Buick,SABLE,9,Friday,10
MCP2818001J,16005144,Montgomery County Police,Property Damage Crash,2016-01-31 22:00:00,County,BENNINGTON LA,BENNINGTON DR,SINGLE VEHICLE,CLEAR,DRY,DARK LIGHTS ON,NO CONTROLS,ALCOHOL PRESENT,Yes,No Apparent Injury,UNKNOWN,MD,Pickup Truck,25,2013.0,Bmw,328I,22,Sunday,1
MCP2437004D,210016207,Montgomery County Police,Property Damage Crash,2021-04-30 23:58:00,County,FAIRLAND RD,COLEFAIR DR,HEAD ON,CLEAR,DRY,DARK NO LIGHTS,NO CONTROLS,NONE DETECTED,No,No Apparent Injury,NOT DISTRACTED,VA,Passenger Car,40,2016.0,Volkswagon,JETTA,23,Friday,4
MCP2687000R,15015934,Montgomery County Police,Injury Crash,2015-04-06 18:39:00,Maryland (State),OLD GEORGETOWN RD,ROCK SPRING DR,SAME DIR REAR END,CLEAR,DRY,DAYLIGHT,NO CONTROLS,NONE DETECTED,No,No Apparent Injury,NOT DISTRACTED,NC,Truck Tractor,35,2009.0,Manac,TRAILOR,18,Monday,4
EJ7887001T,220004501,Gaithersburg Police Depar,Injury Crash,2022-02-02 10:50:00,Maryland (State),FREDERICK RD,CHESTNUT ST,STRAIGHT MOVEMENT ANGLE,CLEAR,DRY,DAYLIGHT,TRAFFIC SIGNAL,NONE DETECTED,No,Suspected Minor Injury,NOT DISTRACTED,MD,(Sport) Utility Vehicle,30,2019.0,Chev,SW,10,Wednesday,2
MCP297700BH,230001448,Montgomery County Police,Injury Crash,2023-01-10 09:00:00,Maryland (State),NEW HAMPSHIRE AVE,CRESTHAVEN DR,HEAD ON LEFT TURN,CLEAR,DRY,DAYLIGHT,NO CONTROLS,NONE DETECTED,Yes,Possible Injury,UNKNOWN,MD,Passenger Car,40,2019.0,Chev,SONIC,9,Tuesday,1
MCP06170025,190000175,Montgomery County Police,Property Damage Crash,2019-01-02 07:21:00,Maryland (State),NEW HAMPSHIRE AVE,CLIFTONBROOK LA,OPPOSITE DIRECTION SIDESWIPE,CLOUDY,DRY,DAWN,NO CONTROLS,NONE DETECTED,No,No Apparent Injury,NOT DISTRACTED,MD,"Other Light Trucks (10,000Lbs (4,536Kg) Or Less)",40,2007.0,Ford,TK,7,Wednesday,1
MCP2008009P,220055174,Montgomery County Police,Property Damage Crash,2022-12-13 16:18:00,County,LONE OAK DR,HURST ST,OTHER,CLEAR,DRY,DAYLIGHT,Unknown,NONE DETECTED,Yes,No Apparent Injury,NOT DISTRACTED,MD,School Bus,25,2019.0,Frht,BU,16,Tuesday,12
MCP27760052,240008350,MONTGOMERY,Property Damage Crash,2024-02-20 15:05:00,Maryland (State) Route,GEORGIA AVE (SB/L),Unknown,Front to Rear,Clear,Dry,Daylight,No Controls,"Not Suspect of Alcohol Use, Not Suspect of Drug Use",Yes,No Apparent Injury,"Other Action (looking away from task, etc.)",MD,Station Wagon,40,2013.0,Subaru,OUTBACK,15,Tuesday,2
MCP2786000Z,16023698,Montgomery County Police,Property Damage Crash,2016-05-13 00:35:00,US (State),COLESVILLE RD,DALE DR,SAME DIR REAR END,CLEAR,DRY,DARK LIGHTS ON,TRAFFIC SIGNAL,NONE DETECTED,No,No Apparent Injury,NOT DISTRACTED,MD,Passenger Car,35,2014.0,Lincoln,MKS,0,Friday,5
MCP2968005V,250026011,MONTGOMERY,Property Damage Crash,2025-06-09 14:12:00,County Route,WALTER JOHNSON RD,Unknown,Front to Rear,Unknown,Unknown,Daylight,Stop Sign,"Unknown, Unknown",No,Unknown,Unknown,Unknown,Passenger Car,25,2002.0,Toyota,CAMRY SOLARA,14,Monday,6
MCP9113004Z,190026593,Montgomery County Police,Property Damage Crash,2019-06-04 08:44:00,Maryland (State),GEORGIA AVE,NORBECK RD,ANGLE MEETS RIGHT TURN,CLEAR,DRY,DAYLIGHT,TRAFFIC SIGNAL,NONE DETECTED,Yes,No Apparent Injury,NOT DISTRACTED,MD,Passenger Car,45,2011.0,Niss,MAXIMA,8,Tuesday,6
MCP2664002C,16043033,Montgomery County Police,Injury Crash,2016-08-24 14:32:00,Maryland (State),GEORGIA AVE,SHOREFIELD RD,STRAIGHT MOVEMENT ANGLE,CLEAR,DRY,DAYLIGHT,TRAFFIC SIGNAL,NONE DETECTED,Yes,No Apparent Injury,UNKNOWN,VA,Passenger Car,40,2016.0,Toyota,COROLLA,14,Wednesday,8
MCP3066000B,170533577,Montgomery County Police,Property Damage Crash,2017-09-28 08:23:00,Interstate (State),EISENHOWER MEMORIAL HWY,OLD GEORGETOWN RD,SAME DIR REAR END,CLEAR,DRY,DAYLIGHT,Unknown,Unknown,No,No Apparent Injury,NOT DISTRACTED,MD,Passenger Car,55,2017.0,Honda,ACCORD,8,Thursday,9
MCP2008001K,15057992,MONTGOMERY,Injury Crash,2015-11-13 15:53:00,County,JONES MILL RD,BLACK CHESTNUT LA,OPPOSITE DIRECTION SIDESWIPE,CLEAR,DRY,DAYLIGHT,Unknown,NONE DETECTED,Yes,No Apparent Injury,INATTENTIVE OR LOST IN THOUGHT,MD,(Sport) Utility Vehicle,25,2013.0,Toyt,TK,15,Friday,11
MCP2968004F,220027586,Montgomery County Police,Injury Crash,2022-06-27 08:47:00,County,LINCOLNSHIRE DR,FALLS CHAPEL WAY,OTHER,CLEAR,DRY,DAYLIGHT,Unknown,Unknown,No,No Apparent Injury,NOT DISTRACTED,MD,"Medium/Heavy Trucks 3 Axles (Over 10,000Lbs (4,536Kg))",25,2018.0,Mack,GU533 FRONT LOAD,8,Monday,6
MCP2298005G,15021359,Montgomery County Police,Property Damage Crash,2015-05-05 17:05:00,Maryland (State),FREDERICK RD,WIMS RD,SAME DIR REAR END,CLOUDY,DRY,DAYLIGHT,NO CONTROLS,NONE DETECTED,No,No Apparent Injury,NOT DISTRACTED,MD,(Sport) Utility Vehicle,40,2014.0,Jeep,TK,17,Tuesday,5
MCP20470061,250033718,MONTGOMERY,Property Damage Crash,2025-07-29 10:15:00,Municipality Route,W GUDE DR,Unknown,Front to Rear,Clear,Dry,Daylight,No Controls,"Not Suspect of Alcohol Use, Not Suspect of Drug Use",No,No Apparent Injury,Not Distracted,MD,Passenger Car,35,2010.0,Honda,INSIGHT,10,Tuesday,7
MCP3078005V,240042570,MONTGOMERY,Injury Crash,2024-09-08 10:27:00,Private Route,Unknown,Unknown,Angle,Clear,Dry,Daylight,Stop Sign,"Not Suspect of Alcohol Use, Not Suspect of Drug Use",Yes,Suspected Minor Injury,Not Distracted,MD,Snowmobile,25,2019.0,Hyundai,ELANTRA,10,Sunday,9
MCP2885000S,15009638,Montgomery County Police,Property Damage Crash,2015-02-28 15:02:00,Maryland (State),UNIVERSITY BLVD W,MIDVAIL AVE,ANGLE MEETS LEFT HEAD ON,CLEAR,DRY,DAYLIGHT,STOP SIGN,NONE DETECTED,Yes,No Apparent Injury,LOOKED BUT DID NOT SEE,MD,Passenger Car,40,2003.0,Hyun,4S,15,Saturday,2
MCP32380022,220053217,Montgomery County Police,Property Damage Crash,2022-12-02 12:56:00,US (State),GEORGIA AVE,SPUR TO MD 410,HEAD ON LEFT TURN,CLEAR,DRY,DAYLIGHT,NO CONTROLS,NONE DETECTED,No,No Apparent Injury,NOT DISTRACTED,MD,Passenger Car,30,2019.0,Mini,COOPER,12,Friday,12
DM8207000G,15048244,TAKOMA,Property Damage Crash,2015-09-23 13:12:00,Unknown,Unknown,Unknown,SAME DIRECTION SIDESWIPE,CLEAR,Unknown,DAYLIGHT,Unknown,NONE DETECTED,Yes,No Apparent Injury,NOT DISTRACTED,MD,Passenger Car,5,2002.0,Nissan,ALTIMA,13,Wednesday,9
MCP2902003T,190055483,Montgomery County Police,Property Damage Crash,2019-11-17 14:37:00,Maryland (State),FREDERICK RD,GERMANTOWN RD,SAME DIR REAR END,CLEAR,Unknown,DAYLIGHT,TRAFFIC SIGNAL,NONE DETECTED,No,No Apparent Injury,NOT DISTRACTED,MD,Police Vehicle/Non Emergency,45,2016.0,Ford,TAURUS,14,Sunday,11
MCP3099000B,180013246,Montgomery County Police,Property Damage Crash,2017-12-05 15:25:00,Unknown,Unknown,Unknown,SAME DIRECTION SIDESWIPE,UNKNOWN,Unknown,DAYLIGHT,NO CONTROLS,UNKNOWN,Yes,No Apparent Injury,UNKNOWN,Unknown,Passenger Car,0,2008.0,Nissan,PATHFINDER,15,Tuesday,12
MCP30590050,200005180,Montgomery County Police,Property Damage Crash,2020-01-31 16:43:00,County,GLENALLAN AVE,LAYHILL RD,HEAD ON LEFT TURN,RAINING,WET,DAYLIGHT,NO CONTROLS,NONE DETECTED,No,No Apparent Injury,NOT DISTRACTED,MD,Van,35,2000.0,Mazda,MPV,16,Friday,1
DD5615001P,16017108,Rockville Police Departme,Property Damage Crash,2016-04-08 09:08:00,Maryland (State),FALLS RD,WOOTTON PKWY,OTHER,CLEAR,DRY,DAYLIGHT,NO CONTROLS,NONE DETECTED,No,No Apparent Injury,NOT DISTRACTED,MD,Van,35,2009.0,Hond,VN,9,Friday,4
MCP12200093,220043331,Montgomery County Police,Property Damage Crash,2022-10-04 18:25:00,County,CHALMERS RD,NEW HAMPSHIRE AVE,SAME DIRECTION SIDESWIPE,RAINING,WET,DARK LIGHTS ON,NO CONTROLS,NONE DETECTED,No,No Apparent Injury,NOT DISTRACTED,MD,Passenger Car,25,2009.0,Volk,SD,18,Tuesday,10
MCP3238000C,200010516,Montgomery County Police,Property Damage Crash,2020-03-03 07:42:00,County,SHADY GROVE RD,RESEARCH BLVD,HEAD ON LEFT TURN,CLEAR,DRY,DAYLIGHT,TRAFFIC SIGNAL,NONE DETECTED,Yes,No Apparent Injury,INATTENTIVE OR LOST IN THOUGHT,MD,Passenger Car,40,2015.0,Mitsubishi,OUTLANDER,7,Tuesday,3
MCP34220016,240057536,MONTGOMERY,Injury Crash,2024-12-01 18:19:00,Maryland (State) Route,GEORGIA AVE (SB/L),Unknown,Front to Rear,Clear,Dry,Dark - Lighted,No Controls,"Not Suspect of Alcohol Use, Not Suspect of Drug Use",No,Suspected Minor Injury,Not Distracted,MD,Passenger Car,35,2022.0,Chevrolet,BLAZER,18,Sunday,12
MCP2761007C,250042405,MONTGOMERY,Property Damage Crash,2025-09-20 14:40:00,Unknown,Unknown,Unknown,Angle,Clear,Unknown,Daylight,Unknown,"Not Suspect of Alcohol Use, Not Suspect of Drug Use",Yes,No Apparent Injury,Unknown,CT,Pickup,0,2007.0,Chevrolet,SILVERADO,14,Saturday,9
MCP3280007Q,260001350,MONTGOMERY,Property Damage Crash,2026-01-09 13:00:00,US (State),COLESVILLE RD,TIMBERWOOD AVE,Other,Rain,Wet,Daylight,Stop Sign,"Unknown, Not Suspect of Drug Use",Yes,No Apparent Injury,Unknown,MD,Passenger Car,25,2017.0,Dodge,CHALLENGER,13,Friday,1
MCP3096003P,220044049,Montgomery County Police,Property Damage Crash,2022-10-13 20:30:00,Maryland (State),HUNGERFORD DR,N WASHINGTON ST,STRAIGHT MOVEMENT ANGLE,RAINING,WET,DARK LIGHTS ON,NO CONTROLS,NONE DETECTED,Yes,No Apparent Injury,NOT DISTRACTED,OH,Passenger Car,40,2015.0,Suburu,OUTBACK,20,Thursday,10
MCP13660077,180010536,Montgomery County Police,Injury Crash,2018-03-01 06:21:00,County,E GUDE DR,CALHOUN DR,SAME DIR REAR END,CLOUDY,DRY,DARK LIGHTS ON,TRAFFIC SIGNAL,NONE DETECTED,Yes,No Apparent Injury,NOT DISTRACTED,MD,(Sport) Utility Vehicle,40,2007.0,Hyundai,SUV,6,Thursday,3
MCP2969004Y,180042162,Montgomery County Police,Property Damage Crash,2018-08-24 09:30:00,Maryland (State),NORBECK RD,COOLIDGE AVE,SAME DIR REAR END,CLEAR,DRY,DAYLIGHT,NO CONTROLS,NONE DETECTED,No,No Apparent Injury,NOT DISTRACTED,MD,Passenger Car,40,2018.0,Volkswagen,TIGUAN,9,Friday,8
MCP2087001L,170513825,Montgomery County Police,Injury Crash,2017-06-15 12:49:00,County,RANDOLPH RD,SELFRIDGE RD,SAME DIRECTION SIDESWIPE,Unknown,DRY,DAYLIGHT,TRAFFIC SIGNAL,NONE DETECTED,Unknown,No Apparent Injury,UNKNOWN,MD,Passenger Car,35,2013.0,Hond,4S,12,Thursday,6
EJ7846003Z,190024681,Gaithersburg Police Depar,Property Damage Crash,2019-05-24 11:05:00,Unknown,Unknown,Unknown,STRAIGHT MOVEMENT ANGLE,CLEAR,Unknown,DAYLIGHT,NO CONTROLS,NONE DETECTED,Yes,No Apparent Injury,NOT DISTRACTED,MD,Van,5,2015.0,Hond,TK,11,Friday,5
MCP31480071,240051509,MONTGOMERY,Injury Crash,2024-10-27 16:37:00,Municipality Route,ROSEMARY ST,ROSE MARY CIR,Single Vehicle,Clear,Dry,Daylight,Pedestrian Crossing,"Not Suspect of Alcohol Use, Not Suspect of Drug Use",No,No Apparent Injury,Unknown,MD,Sport Utility Vehicle,15,2007.0,Honda,PILOT,16,Sunday,10