Report Number,Local Case Number,Agency Name,ACRS Report Type,Crash Date/Time,Route Type,Road Name,Cross-Street Name,Collision Type,Weather,Surface Condition,Light,Traffic Control,Driver Substance Abuse,Driver At Fault,Injury Severity,Driver Distracted By,Drivers License State,Vehicle Body Type,Speed Limit,Vehicle Year,Vehicle Make,Vehicle Model,Crash Hour,Crash Day,Crash Month
MCP2008005D,180047922,Montgomery County Police,Property Damage Crash,2018-09-25 15:32:00,County,HARTSDALE AVE,FOLKSTONE RD,OTHER,CLOUDY,DRY,DAYLIGHT,Unknown,NONE DETECTED,Yes,No Apparent Injury,NOT DISTRACTED,MD,School Bus,25,2011.0,Thom,BUS,15,Tuesday,9
MCP9113005T,200008646,Montgomery County Police,Property Damage Crash,2020-02-21 08:53:00,County,CLEARFIELD RD,SELFRIDGE RD,OTHER,CLEAR,DRY,DAYLIGHT,NO CONTROLS,NONE DETECTED,Yes,No Apparent Injury,NOT DISTRACTED,MD,School Bus,25,2020.0,Thompson,BUS,8,Friday,2
MCP22860056,230029648,Montgomery County Police,Property Damage Crash,2023-06-20 18:30:00,Maryland (State),ROCKVILLE PIKE,TWINBROOK PKWY,SAME DIR REAR END,CLEAR,DRY,DAYLIGHT,Unknown,NONE DETECTED,Yes,No Apparent Injury,LOOKED BUT DID NOT SEE,MD,(Sport) Utility Vehicle,40,2016.0,Jeep,CHEROKEE,18,Tuesday,6
MCP2940000N,16026373,Montgomery County Police,Injury Crash,2016-05-27 10:01:00,County,GREENTREE RD,BRADMOOR DR,OTHER,CLEAR,DRY,DAYLIGHT,STOP SIGN,NONE DETECTED,No,No Apparent Injury,NOT DISTRACTED,MD,(Sport) Utility Vehicle,35,2015.0,Lexus,TK,10,Friday,5
MCP28710018,15011142,Montgomery County Police,Property Damage Crash,2015-03-10 21:23:00,Unknown,Unknown,Unknown,SINGLE VEHICLE,FOGGY,Unknown,DARK NO LIGHTS,NO CONTROLS,NONE DETECTED,Yes,No Apparent Injury,LOOKED BUT DID NOT SEE,MD,Police Vehicle/Non Emergency,20,2007.0,Dodge,CHARGER,21,Tuesday,3
MCP10480025,16061193,Montgomery County Police,Injury Crash,2016-11-29 09:35:00,Municipality,RESEARCH BLVD,RESEARCH CT,STRAIGHT MOVEMENT ANGLE,RAINING,WET,DAYLIGHT,STOP SIGN,NONE DETECTED,Yes,Suspected Minor Injury,LOOKED BUT DID NOT SEE,MD,Van,35,2014.0,Hond,VN,9,Tuesday,11
MCP20080021,16014512,MONTGOMERY,Injury Crash,2016-03-24 15:16:00,County,WESTLAKE DR,TUCKERMAN LA,SAME DIRECTION RIGHT TURN,CLEAR,DRY,DAYLIGHT,Unknown,NONE DETECTED,Yes,No Apparent Injury,NOT DISTRACTED,DC,Passenger Car,30,2004.0,Hond,ACCORD,15,Thursday,3
MCP1233002F,180029413,Montgomery County Police,Property Damage Crash,2018-06-14 16:28:00,Maryland (State),CONNECTICUT AVE,PLYERS MILL RD,SAME DIRECTION RIGHT TURN,CLEAR,DRY,DAYLIGHT,TRAFFIC SIGNAL,NONE DETECTED,Yes,No Apparent Injury,NOT DISTRACTED,MD,Passenger Car,35,2005.0,Ford,ESCAPE,16,Thursday,6
MCP30480058,190026859,Montgomery County Police,Property Damage Crash,2019-06-05 12:25:00,Maryland (State),PLYERS MILL RD,CONNECTICUT AVE,SAME DIRECTION SIDESWIPE,CLEAR,DRY,DAYLIGHT,TRAFFIC SIGNAL,NONE DETECTED,No,No Apparent Injury,NOT DISTRACTED,MD,Passenger Car,25,2005.0,Lexus,RX330,12,Wednesday,6
MCP3256002L,230064755,Montgomery County Police,Property Damage Crash,2023-11-06 16:52:00,County,BROADBIRCH DR,PLUM ORCHARD DR,SAME DIR REAR END,CLEAR,DRY,DAYLIGHT,NO CONTROLS,NONE DETECTED,Yes,No Apparent Injury,LOOKED BUT DID NOT SEE,MD,Passenger Car,25,2021.0,Toyota,SUV,16,Monday,11
MCP3162000G,180045182,Montgomery County Police,Property Damage Crash,2018-09-10 15:56:00,Maryland (State),NEW HAMPSHIRE AVE,RAMP 4 FR MD 650 NB TO IS 495 EB,SAME DIR REAR END,RAINING,WET,DAYLIGHT,NO CONTROLS,NONE DETECTED,Yes,No Apparent Injury,NOT DISTRACTED,MD,Passenger Car,40,2008.0,Subaru,IMPERZA,15,Monday,9
MCP3018003H,190044588,Montgomery County Police,Property Damage Crash,2019-09-17 17:27:00,County,REEDIE DR,VEIRS MILL RD,SAME DIRECTION SIDESWIPE,CLEAR,DRY,DAYLIGHT,TRAFFIC SIGNAL,NONE DETECTED,No,No Apparent Injury,NOT DISTRACTED,MD,(Sport) Utility Vehicle,20,2019.0,Toyt,TK,17,Tuesday,9
MCP21950009,15035166,Montgomery County Police,Injury Crash,2017-02-22 12:10:00,County,E GUDE DR,FREDERICK RD,OTHER,CLEAR,DRY,DAYLIGHT,NO CONTROLS,NONE DETECTED,Yes,No Apparent Injury,LOOKED BUT DID NOT SEE,MA,Passenger Car,5,2010.0,Acura,TL,12,Wednesday,2
MCP27990029,17004573,Montgomery County Police,Injury Crash,2017-01-26 16:00:00,Maryland (State),OLNEY SANDY SPRING RD,PRINCE PHILIP DR,STRAIGHT MOVEMENT ANGLE,CLEAR,DRY,DAYLIGHT,TRAFFIC SIGNAL,NONE DETECTED,No,No Apparent Injury,NOT DISTRACTED,MD,Ambulance/Emergency,30,2016.0,Freightliner,INTERNATIONAL,16,Thursday,1
MCP2971005D,200006242,Montgomery County Police,Property Damage Crash,2020-02-06 20:17:00,Unknown,Unknown,Unknown,OTHER,RAINING,Unknown,DARK LIGHTS ON,NO CONTROLS,NONE DETECTED,Yes,No Apparent Injury,NOT DISTRACTED,MD,Van,5,2011.0,Toyota,SIENNA,20,Thursday,2
MCP2088001Z,200044619,Montgomery County Police,Injury Crash,2020-11-12 08:36:00,Maryland (State),WOODFIELD RD,BRINK RD,SAME DIR REAR END,Unknown,WET,DAYLIGHT,NO CONTROLS,NONE DETECTED,Yes,Possible Injury,UNKNOWN,MD,Passenger Car,30,1997.0,Toyt,CAMRY,8,Thursday,11
MCP2877000S,15001221,Montgomery County Police,Property Damage Crash,2015-01-08 08:45:00,Maryland (State),16TH ST,SPRING ST,SAME DIR REAR END,Unknown,DRY,DAYLIGHT,NO CONTROLS,NONE DETECTED,No,No Apparent Injury,NOT DISTRACTED,MD,Passenger Car,35,2000.0,Chevy,MALIBU,8,Thursday,1
MCP3014004R,250045810,MONTGOMERY,Property Damage Crash,2025-10-12 02:58:00,Unknown,Unknown,Unknown,"Sideswipe, Same Direction",Clear,Unknown,Dark - Lighted,Unknown,"Unknown, Unknown",No,Unknown,Unknown,Unknown,Passenger Car,0,2012.0,Toyota,COROLLA,2,Sunday,10
MCP22310093,250054325,MONTGOMERY,Property Damage Crash,2025-12-04 17:32:00,Ramp,RAMP 5 FR IS 270 SB TO SHADY GROVE RD,Unknown,"Sideswipe, Same Direction",Clear,Dry,Dark - Not Lighted,No Controls,"Not Suspect of Alcohol Use, Not Suspect of Drug Use",Yes,No Apparent Injury,"Other Action (looking away from task, etc.)",MD,Van - Passenger (&Lt;9 Seats),55,2007.0,Honda,ODYSSEY,17,Thursday,12
MCP29650025,170516575,Montgomery County Police,Injury Crash,2017-06-30 09:41:00,Maryland (State),NEW HAMPSHIRE AVE,EDNOR RD,STRAIGHT MOVEMENT ANGLE,CLEAR,DRY,DAYLIGHT,TRAFFIC SIGNAL,NONE DETECTED,No,Possible Injury,NOT DISTRACTED,MD,Passenger Car,30,2004.0,Toyota,SIENNA,9,Friday,6
MCP2031002Q,200021420,Montgomery County Police,Property Damage Crash,2020-05-30 14:53:00,Maryland (State),MAIN ST,RIDGE RD,HEAD ON LEFT TURN,CLEAR,DRY,DAYLIGHT,TRAFFIC SIGNAL,NONE DETECTED,Yes,No Apparent Injury,NOT DISTRACTED,MD,Motorcycle,30,2001.0,Harley Davidson,MOTOR,14,Saturday,5
MCP3199006K,240043900,MONTGOMERY,Property Damage Crash,2024-09-15 09:21:00,County Route,BEL PRE RD,Unknown,"Sideswipe, Same Direction",Clear,Dry,Daylight,Traffic Control Signal,"Not Suspect of Alcohol Use, Not Suspect of Drug Use",No,No Apparent Injury,Not Distracted,MD,Van - Passenger (&Lt;9 Seats),35,2012.0,Chevrolet,EXPRESS,9,Sunday,9
MCP2399002G,190012948,Montgomery County Police,Injury Crash,2019-03-20 18:30:00,County,SNOUFFERS SCHOOL RD,CENTERWAY RD,HEAD ON LEFT TURN,CLEAR,DRY,DAYLIGHT,TRAFFIC SIGNAL,NONE DETECTED,Yes,No Apparent Injury,NOT DISTRACTED,MD,Pickup Truck,40,2004.0,Ford,RANGER,18,Wednesday,3
MCP91100016,180030829,Montgomery County Police,Property Damage Crash,2018-06-22 13:30:00,County,FATHER HURLEY BLVD,RAMP 5 FR RAMP 8 TO FATHER HURLEY BLVD,SAME DIR REAR END,CLOUDY,WET,DAYLIGHT,TRAFFIC SIGNAL,NONE DETECTED,No,No Apparent Injury,NOT DISTRACTED,MD,(Sport) Utility Vehicle,40,2001.0,Jeep,TK,13,Friday,6
MCP24690010,16022167,Montgomery County Police,Injury Crash,2016-05-05 06:52:00,US (State),COLUMBIA PIKE,PRELUDE DR,SAME DIR REAR END,RAINING,WET,DAWN,NO CONTROLS,NONE DETECTED,Yes,No Apparent Injury,NOT DISTRACTED,MD,Police Vehicle/Emergency,55,2005.0,Ford,CROWN,6,Thursday,5
MCP3085003H,220036477,Montgomery County Police,Property Damage Crash,2022-08-23 21:05:00,Maryland (State),MASSACHUSETTS AVE,RAMSGATE RD,HEAD ON LEFT TURN,CLEAR,DRY,DARK NO LIGHTS,STOP SIGN,NONE DETECTED,Yes,No Apparent Injury,NOT DISTRACTED,MD,Passenger Car,30,2006.0,Honda,CRV,21,Tuesday,8
MCP3267000K,210001955,Montgomery County Police,Property Damage Crash,2021-01-16 10:45:00,Maryland (State),FREDERICK RD,SHADY GROVE RD,SAME DIR REND RIGHT TURN,CLEAR,DRY,DAYLIGHT,NO CONTROLS,NONE DETECTED,Yes,No Apparent Injury,LOOKED BUT DID NOT SEE,MD,Passenger Car,40,2002.0,Merz,4S,10,Saturday,1
MCP94320041,230059095,Montgomery County Police,Property Damage Crash,2023-10-07 10:20:00,Maryland (State),COLESVILLE RD,EAST WEST HWY,SAME DIR REAR END,RAINING,WET,DAYLIGHT,NO CONTROLS,NONE DETECTED,Yes,No Apparent Injury,NOT DISTRACTED,MD,Passenger Car,35,2014.0,Bmw,4S,10,Saturday,10
MCP2635003G,16066050,Montgomery County Police,Injury Crash,2016-12-23 19:36:00,Maryland (State),OLNEY SANDY SPRING RD,MEETING HOUSE RD,SAME DIR REAR END,CLEAR,DRY,DARK LIGHTS ON,TRAFFIC SIGNAL,ALCOHOL CONTRIBUTED,Yes,Suspected Minor Injury,UNKNOWN,MD,(Sport) Utility Vehicle,30,2013.0,Lexus,RX350,19,Friday,12
MCP2552002Y,190012541,Montgomery County Police,Property Damage Crash,2019-03-18 19:54:00,County,RANDOLPH RD,HUNTERS LA,OTHER,Unknown,Unknown,DARK LIGHTS ON,Unknown,Unknown,No,No Apparent Injury,NOT DISTRACTED,MD,Transit Bus,30,2014.0,Nabi,BUS,19,Monday,3
MCP26560048,190036517,Montgomery County Police,Property Damage Crash,2019-07-31 15:35:00,US (State),COLUMBIA PIKE,INDUSTRIAL PKWY,SAME DIR REAR END,CLEAR,DRY,DAYLIGHT,TRAFFIC SIGNAL,Unknown,Yes,No Apparent Injury,LOOKED BUT DID NOT SEE,MD,(Sport) Utility Vehicle,50,2003.0,Chevrolet,SUBURBAN,15,Wednesday,7
MCP3037005C,230059187,Montgomery County Police,Property Damage Crash,2023-10-07 20:10:00,Unknown,Unknown,Unknown,SINGLE VEHICLE,CLEAR,Unknown,DARK LIGHTS ON,NO CONTROLS,NONE DETECTED,Yes,No Apparent Injury,NOT DISTRACTED,MD,Fire Vehicle/Emergency,15,2021.0,Pierce,FIRETRUCK,20,Saturday,10
MCP32320010,200023774,Montgomery County Police,Property Damage Crash,2020-06-16 22:50:00,County,SEMINARY RD,GEORGIA AVE,OTHER,CLEAR,DRY,DARK LIGHTS ON,Unknown,NONE DETECTED,No,No Apparent Injury,NOT DISTRACTED,MD,Passenger Car,35,2017.0,Toyota,CAMRY,22,Tuesday,6
DD55400018,210030015,Rockville Police Departme,Property Damage Crash,2021-08-02 19:12:00,Maryland (State),ROCKVILLE PIKE,TALBOTT ST,STRAIGHT MOVEMENT ANGLE,CLEAR,DRY,DAYLIGHT,STOP SIGN,NONE DETECTED,No,No Apparent Injury,NOT DISTRACTED,MD,Passenger Car,40,2008.0,Toyt,CONV,19,Monday,8
MCP1182002Y,190049738,Montgomery County Police,Injury Crash,2019-10-17 07:30:00,Maryland (State),RIVER RD,WHITTIER BLVD,SAME DIR REAR END,CLOUDY,DRY,DAYLIGHT,OTHER,NONE DETECTED,No,No Apparent Injury,NOT DISTRACTED,DC,Passenger Car,45,2018.0,Volkswagon,GOLF,7,Thursday,10
MCP10220082,170536905,Montgomery County Police,Property Damage Crash,2017-10-16 07:06:00,Maryland (State),GERMANTOWN RD,RAMP 5 FR RAMP 8 (FR IS270) TO MD 118 EB,SINGLE VEHICLE,CLOUDY,WET,DAWN,NO CONTROLS,NONE DETECTED,Yes,No Apparent Injury,NOT DISTRACTED,MD,Pickup Truck,45,2007.0,Toyt,TK,7,Monday,10
MCP30630046,230029330,Montgomery County Police,Property Damage Crash,2023-06-18 19:50:00,Maryland (State),NEW HAMPSHIRE AVE,ADELPHI RD,OTHER,CLEAR,DRY,DAYLIGHT,Unknown,UNKNOWN,Unknown,No Apparent Injury,UNKNOWN,Unknown,Pickup Truck,40,2021.0,Gmc,SIERRA,19,Sunday,6
MCP3287000L,210009201,Montgomery County Police,Injury Crash,2021-03-11 15:11:00,Maryland (State),FALLS RD,RAMP 7 FR MD 189 WB TO IS 270 SB,SAME DIR REAR END,CLEAR,DRY,DAYLIGHT,TRAFFIC SIGNAL,Unknown,No,No Apparent Injury,NOT DISTRACTED,MD,Passenger Car,35,2010.0,Toyota,VENZA,15,Thursday,3
MCP3126000X,190007084,Montgomery County Police,Injury Crash,2019-02-13 17:14:00,Maryland (State),FREDERICK RD,SCENERY DR,STRAIGHT MOVEMENT ANGLE,CLEAR,DRY,DAYLIGHT,STOP SIGN,NONE DETECTED,Yes,No Apparent Injury,LOOKED BUT DID NOT SEE,MD,Passenger Car,40,2013.0,Honda,ACCORD,17,Wednesday,2
MCP28710094,230051881,Montgomery County Police,Property Damage Crash,2023-08-28 15:14:00,Unknown,Unknown,Unknown,OTHER,CLOUDY,Unknown,DAYLIGHT,NO CONTROLS,NONE DETECTED,Yes,No Apparent Injury,NOT DISTRACTED,MD,Passenger Car,15,2018.0,Tesla,S,15,Monday,8
MCP3275003K,250052987,MONTGOMERY,Property Damage Crash,2025-11-26 02:33:00,County Route,GALWAY DR (SB/L),Unknown,Front to Rear,Rain,Wet,Dark - Lighted,No Controls,"Unknown, Unknown",No,Unknown,Unknown,Unknown,Passenger Car,20,2011.0,Toyota,PRIUS,2,Wednesday,11
MCP91340011,180046042,Montgomery County Police,Property Damage Crash,2018-09-14 22:23:00,County,FENTON ST,ELLSWORTH DR,OTHER,CLOUDY,DRY,DARK LIGHTS ON,TRAFFIC SIGNAL,UNKNOWN,Yes,No Apparent Injury,UNKNOWN,MD,Passenger Car,30,2015.0,Toyota,CAMRY,22,Friday,9
MCP3073004K,200005355,Montgomery County Police,Property Damage Crash,2020-02-01 17:01:00,County,DEWEY RD,RANDOLPH RD,SAME DIR REAR END,RAINING,WET,DARK LIGHTS ON,TRAFFIC SIGNAL,NONE DETECTED,No,No Apparent Injury,UNKNOWN,MD,Passenger Car,25,2006.0,Toyota,SEDAN,17,Saturday,2
MCP271700GN,180013709,Montgomery County Police,Injury Crash,2018-03-19 16:30:00,Maryland (State),CONNECTICUT AVE,MANOR RD,OTHER,CLEAR,DRY,DAYLIGHT,TRAFFIC SIGNAL,NONE DETECTED,Yes,No Apparent Injury,UNKNOWN,MD,Passenger Car,35,2012.0,Toyota,CAMRY,16,Monday,3
MCP2487002V,220049433,Montgomery County Police,Injury Crash,2022-11-09 07:56:00,Maryland (State),DARNESTOWN RD,MARTINSBURG RD,SINGLE VEHICLE,CLEAR,DRY,DAYLIGHT,NO CONTROLS,NONE DETECTED,Yes,Suspected Minor Injury,NOT DISTRACTED,MD,Passenger Car,40,2019.0,Subaru,FORRESTER,7,Wednesday,11
MCP3242001Q,220028524,Montgomery County Police,Property Damage Crash,2022-07-03 10:18:00,County,SLIGO AVE,GEORGIA AVE,SAME DIR REAR END,CLEAR,DRY,DAYLIGHT,NO CONTROLS,NONE DETECTED,No,No Apparent Injury,NOT DISTRACTED,MD,Passenger Car,10,2021.0,Toyt,SD,10,Sunday,7
MCP209400GM,200048493,Montgomery County Police,Property Damage Crash,2020-12-09 11:06:00,Maryland (State),EAST WEST HWY,MONTGOMERY AVE,SAME DIRECTION SIDESWIPE,CLOUDY,DRY,DAYLIGHT,NO CONTROLS,NONE DETECTED,No,No Apparent Injury,NOT DISTRACTED,MD,Passenger Car,25,2018.0,Honda,CIVIC,11,Wednesday,12
MCP1213003H,170548802,Montgomery County Police,Property Damage Crash,2017-12-15 16:16:00,Maryland (State),GEORGIA AVE,EMORY CHURCH RD,STRAIGHT MOVEMENT ANGLE,SNOW,WET,DAYLIGHT,TRAFFIC SIGNAL,NONE DETECTED,No,No Apparent Injury,NOT DISTRACTED,MD,Passenger Car,25,2005.0,Hond,4S,16,Friday,12
DD5607005F,240020944,ROCKVILLE,Property Damage Crash,2024-05-04 13:30:00,Maryland (State) Route,VEIRS MILL RD (WB/L),ROCKVILLE PIKE,Angle,Rain,Wet,Daylight,Traffic Control Signal,"Not Suspect of Alcohol Use, Not Suspect of Drug Use",No,No Apparent Injury,Not Distracted,MD,Passenger Car,35,2017.0,Maserati,GHIBLI,13,Saturday,5
EJ7886004P,250047225,GAITHERSBURG,Injury Crash,2025-10-21 04:40:00,Municipality Route,CHRISTOPHER AVE,RUSSELL AVE (SB/L),Rear To Side,Clear,Dry,Dark - Lighted,Flashing Traffic Control Signal,"Not Suspect of Alcohol Use, Not Suspect of Drug Use",Yes,Suspected Minor Injury,Unknown,MD,Passenger Car,30,2014.0,Ram,PROMASTER 1500,4,Tuesday,10
MCP30330018,170520558,Montgomery County Police,Injury Crash,2017-07-22 12:56:00,Unknown,Unknown,Unknown,STRAIGHT MOVEMENT ANGLE,CLEAR,Unknown,DAYLIGHT,NO CONTROLS,Unknown,Yes,Possible Injury,NOT DISTRACTED,VA,Passenger Car,15,2017.0,Toyt,COROLLA,12,Saturday,7
MCP2954001Y,16032884,Montgomery County Police,Injury Crash,2016-06-29 12:48:00,County,CHERRY HILL RD,PLUM ORCHARD DR,STRAIGHT MOVEMENT ANGLE,CLEAR,DRY,DAYLIGHT,NO CONTROLS,NONE DETECTED,Yes,No Apparent Injury,LOOKED BUT DID NOT SEE,MD,Passenger Car,35,1997.0,Ford,EXPLORER,12,Wednesday,6
MCP2008006Y,190056105,Montgomery County Police,Injury Crash,2019-11-20 18:02:00,Maryland (State),BRADLEY BLVD,DURBIN RD,HEAD ON,CLEAR,DRY,DARK LIGHTS ON,Unknown,NONE DETECTED,No,Possible Injury,NOT DISTRACTED,MD,Passenger Car,35,1995.0,Bmw,2S,18,Wednesday,11
MCP29210031,190026005,Montgomery County Police,Property Damage Crash,2019-05-31 16:13:00,County,GATEWAY CENTER DR,STRINGTOWN RD,HEAD ON LEFT TURN,CLEAR,DRY,DAYLIGHT,TRAFFIC SIGNAL,NONE DETECTED,Yes,No Apparent Injury,NOT DISTRACTED,MD,Passenger Car,35,2013.0,Mazd,TK,16,Friday,5
MCP2362002D,170543342,Montgomery County Police,Property Damage Crash,2017-11-17 08:00:00,County,CRESTHAVEN DR,LA GRANDE RD,SAME DIRECTION SIDESWIPE,CLEAR,DRY,DAYLIGHT,Unknown,Unknown,Unknown,No Apparent Injury,UNKNOWN,MD,Transit Bus,30,2014.0,Gill,BUS,8,Friday,11
MCP2910002F,16030630,Montgomery County Police,Property Damage Crash,2016-06-17 12:28:00,County,BROADBIRCH DR,TECH RD,STRAIGHT MOVEMENT ANGLE,CLEAR,DRY,DAYLIGHT,NO CONTROLS,NONE DETECTED,Yes,No Apparent Injury,LOOKED BUT DID NOT SEE,MD,Passenger Car,30,2015.0,Dodge,CARAVAN,12,Friday,6
MCP3039007Y,250043820,MONTGOMERY,Property Damage Crash,2025-09-29 16:00:00,Maryland (State) Route,EAST WEST HWY,Unknown,"Sideswipe, Same Direction",Clear,Dry,Daylight,No Controls,"Unknown, Unknown",No,No Apparent Injury,Unknown,Unknown,Passenger Car,35,2007.0,Ford,FOCUS,16,Monday,9
MCP1580005X,16030655,Montgomery County Police,Property Damage Crash,2016-06-17 13:59:00,County,MIDCOUNTY HWY,WASHINGTON GROVE LA,SAME DIR REAR END,CLEAR,DRY,DAYLIGHT,TRAFFIC SIGNAL,NONE DETECTED,Yes,No Apparent Injury,NOT DISTRACTED,MD,Passenger Car,45,2015.0,Honda,ACCORD,13,Friday,6
MCP3230004G,230031335,Montgomery County Police,Property Damage Crash,2023-06-30 20:00:00,County,BEL PRE RD,CONNECTICUT AVE,STRAIGHT MOVEMENT ANGLE,CLEAR,DRY,DAYLIGHT,TRAFFIC SIGNAL,NONE DETECTED,Yes,No Apparent Injury,NOT DISTRACTED,MD,Passenger Car,35,2020.0,Toyota,COROLLA,20,Friday,6
MCP3200003T,210038807,Montgomery County Police,Property Damage Crash,2021-09-30 13:56:00,County,NEBEL ST,RANDOLPH RD,SAME DIR REAR END,CLEAR,DRY,DAYLIGHT,TRAFFIC SIGNAL,NONE DETECTED,No,No Apparent Injury,NOT DISTRACTED,DE,Van,35,2009.0,Chevrolet,EXPRESS,13,Thursday,9
MCP3404000Q,240012927,MONTGOMERY,Injury Crash,2024-03-18 12:11:00,US (State),COLESVILLE RD,Unknown,Front to Rear,Clear,Dry,Daylight,No Controls,"Not Suspect of Alcohol Use, Not Suspect of Drug Use",Yes,No Apparent Injury,Not Distracted,MD,Sport Utility Vehicle,35,2016.0,Toyota,RAV4,12,Monday,3
MCP12510015,170529133,Montgomery County Police,Property Damage Crash,2017-09-07 09:01:00,Maryland (State),DARNESTOWN RD,COPEN MEADOW DR,HEAD ON LEFT TURN,CLEAR,DRY,DAYLIGHT,NO CONTROLS,NONE DETECTED,No,No Apparent Injury,NOT DISTRACTED,MD,Passenger Car,40,2012.0,Hyundia,ACCENT,9,Thursday,9
MCP93790051,240000520,MONTGOMERY,Property Damage Crash,2024-01-04 06:30:00,Municipality Route,W GUDE DR,W MONTGOMERY AVE (WB/L),Angle,Clear,Dry,Daylight,Traffic Control Signal,"Not Suspect of Alcohol Use, Not Suspect of Drug Use",No,No Apparent Injury,Not Distracted,VA,Passenger Car,40,2003.0,Toyota,CAMRY,6,Thursday,1
MCP3402001K,240029705,MONTGOMERY,Property Damage Crash,2024-06-23 11:02:00,Maryland (State) Route,NEW HAMPSHIRE AVE (SB/L),Unknown,"Sideswipe, Same Direction",Clear,Dry,Daylight,No Controls,"Unknown, Unknown",Yes,Unknown,Unknown,Unknown,Passenger Car,35,2020.0,Hyundai,TUCSON,11,Sunday,6
MCP20160021,170532150,Montgomery County Police,Injury Crash,2017-09-22 12:56:00,Maryland (State),ROCKVILLE PIKE,TEMPLETON PL,STRAIGHT MOVEMENT ANGLE,CLEAR,DRY,DAYLIGHT,TRAFFIC SIGNAL,Unknown,Yes,No Apparent Injury,NOT DISTRACTED,MD,Passenger Car,40,2008.0,Hond,4S,12,Friday,9
MCP32060010,190053653,Montgomery County Police,Property Damage Crash,2019-11-06 17:30:00,Unknown,Unknown,Unknown,HEAD ON,CLEAR,Unknown,DARK LIGHTS ON,NO CONTROLS,UNKNOWN,Yes,No Apparent Injury,UNKNOWN,MD,(Sport) Utility Vehicle,0,2017.0,Toyota,TK,17,Wednesday,11
DD5668001K,25001013,ROCKVILLE,Property Damage Crash,2025-03-08 04:30:00,Municipality Route,WOOTTON PKWY,Unknown,Single Vehicle,Clear,Dry,Dark - Lighted,No Controls,"Not Suspect of Alcohol Use, Not Suspect of Drug Use",No,No Apparent Injury,"Other Action (looking away from task, etc.)",MD,Passenger Car,35,2014.0,Ford,FUSION,4,Saturday,3
MCP284600BD,250024639,MONTGOMERY,Injury Crash,2025-06-03 11:45:00,Maryland (State) Route,NORBECK RD (WB/L),Unknown,Front to Rear,Clear,Dry,Daylight,No Controls,"Not Suspect of Alcohol Use, Not Suspect of Drug Use",No,Suspected Minor Injury,Not Distracted,MD,Passenger Car,35,2018.0,Lexus,IS,11,Tuesday,6
MCP23580063,190024888,Montgomery County Police,Property Damage Crash,2019-05-25 08:52:00,County,DEMOCRACY BLVD,SEVEN LOCKS RD,SAME DIR REAR END,CLEAR,DRY,DAYLIGHT,TRAFFIC SIGNAL,NONE DETECTED,Yes,No Apparent Injury,NOT DISTRACTED,MD,Passenger Car,45,2015.0,Jeep,LIMITED,8,Saturday,5
EJ7852006C,220045415,Gaithersburg Police Depar,Property Damage Crash,2022-10-16 19:30:00,Maryland (State),GREAT SENECA HWY,QUINCE ORCHARD RD,SAME DIRECTION SIDESWIPE,Unknown,DRY,DARK LIGHTS ON,TRAFFIC SIGNAL,NONE DETECTED,No,No Apparent Injury,NOT DISTRACTED,MD,Passenger Car,50,2022.0,Tesla,Y,19,Sunday,10
MCP3010009Q,240028613,MONTGOMERY,Property Damage Crash,2024-06-16 07:50:00,Unknown,Unknown,Unknown,Front to Rear,Clear,Unknown,Daylight,Unknown,"Unknown, Unknown",No,No Apparent Injury,Unknown,Unknown,Passenger Car,0,2008.0,Audi,A6,7,Sunday,6
MCP2516001T,180029755,Montgomery County Police,Property Damage Crash,2018-06-16 13:19:00,County,SHAKESPEARE BLVD,AMBER RIDGE DR,SAME DIR REAR END,CLEAR,DRY,DAYLIGHT,STOP SIGN,Unknown,No,No Apparent Injury,NOT DISTRACTED,MD,Van,25,2001.0,Toyt,VN,13,Saturday,6
MCP29050078,250032680,MONTGOMERY,Injury Crash,2025-07-22 13:28:00,Maryland (State) Route,OLD GEORGETOWN RD (SB/L),Unknown,Front to Rear,Cloudy,Dry,Daylight,No Controls,"Not Suspect of Alcohol Use, Not Suspect of Drug Use",No,Possible Injury,Not Distracted,MD,Sport Utility Vehicle,35,2025.0,Toyota,RAV4,13,Tuesday,7
MCP2966002V,170504774,Montgomery County Police,Injury Crash,2017-04-28 17:30:00,Maryland (State),GEORGIA AVE,CONNECTICUT AVE,SAME DIRECTION SIDESWIPE,Unknown,DRY,DAYLIGHT,TRAFFIC SIGNAL,NONE DETECTED,Yes,No Apparent Injury,LOOKED BUT DID NOT SEE,MD,Passenger Car,40,2001.0,Honda,ODYSSEY,17,Friday,4
MCP3112005M,210041951,Montgomery County Police,Injury Crash,2021-10-19 11:00:00,Maryland (State),WISCONSIN AVE,MONTGOMERY AVE,STRAIGHT MOVEMENT ANGLE,CLEAR,DRY,DAYLIGHT,TRAFFIC SIGNAL,NONE DETECTED,Yes,No Apparent Injury,UNKNOWN,VA,(Sport) Utility Vehicle,25,2002.0,Toyota,4RUNNER,11,Tuesday,10