Report Number,Local Case Number,Agency Name,ACRS Report Type,Crash Date/Time,Route Type,Road Name,Cross-Street Name,Collision Type,Weather,Surface Condition,Light,Traffic Control,Driver Substance Abuse,Driver At Fault,Injury Severity,Driver Distracted By,Drivers License State,Vehicle Body Type,Speed Limit,Vehicle Year,Vehicle Make,Vehicle Model,Crash Hour,Crash Day,Crash Month
MCP2503000S,17007769,Montgomery County Police,Property Damage Crash,2017-02-12 23:35:00,Maryland (State),DARNESTOWN RD,BUCKLODGE RD,SINGLE VEHICLE,SEVERE WINDS,DRY,DARK NO LIGHTS,Unknown,Unknown,No,No Apparent Injury,NOT DISTRACTED,MD,Police Vehicle/Non Emergency,45,2009.0,Chevy,IMPALA,23,Sunday,2
MCP2690001B,16011767,MONTGOMERY,Injury Crash,2016-03-09 19:11:00,County,SHADY GROVE RD,EPSILON DR,SINGLE VEHICLE,CLEAR,DRY,DARK LIGHTS ON,TRAFFIC SIGNAL,NONE DETECTED,Yes,No Apparent Injury,LOOKED BUT DID NOT SEE,MD,Passenger Car,45,1998.0,Toyt,AVALON,19,Wednesday,3
MCP2961004W,250057461,MONTGOMERY,Property Damage Crash,2025-12-24 11:00:00,Maryland (State) Route,NEW HAMPSHIRE AVE,Unknown,"Sideswipe, Same Direction",Clear,Dry,Daylight,No Controls,"Not Suspect of Alcohol Use, Not Suspect of Drug Use",Yes,No Apparent Injury,Not Distracted,MD,Pickup,35,1996.0,Chevrolet,GMT-400,11,Wednesday,12
MCP2866008Z,250013529,MONTGOMERY,Property Damage Crash,2025-03-28 08:08:00,Maryland (State) Route,Unknown,Unknown,"Sideswipe, Same Direction",Clear,Dry,Daylight,Traffic Control Signal,"Not Suspect of Alcohol Use, Not Suspect of Drug Use",No,No Apparent Injury,Not Distracted,MD,Van - Passenger (&Lt;9 Seats),35,2016.0,Honda,ODYSSEY,8,Friday,3
MCP30400030,190002942,Montgomery County Police,Property Damage Crash,2019-01-18 20:30:00,Maryland (State),GEORGIA AVE,EMORY LA,SAME DIR REAR END,Unknown,WET,DARK NO LIGHTS,TRAFFIC SIGNAL,Unknown,No,No Apparent Injury,NOT DISTRACTED,MD,Passenger Car,50,2003.0,Dodge,VN,20,Friday,1
MCP1151007K,180020188,Montgomery County Police,Injury Crash,2018-04-25 06:45:00,County,GERMANTOWN RD,WAYFARER RD,SINGLE VEHICLE,RAINING,WET,DUSK,NO CONTROLS,NONE DETECTED,Yes,Suspected Minor Injury,NOT DISTRACTED,MD,Motorcycle,40,2017.0,Harley Davidson,ULTRA CLASSIC,6,Wednesday,4
MCP2611000M,15033693,MONTGOMERY,Injury Crash,2015-07-09 20:18:00,County,FAIRLAND RD,COLUMBIA PIKE,SAME DIR REND RIGHT TURN,CLEAR,DRY,DAWN,TRAFFIC SIGNAL,NONE DETECTED,Yes,No Apparent Injury,NOT DISTRACTED,NJ,Passenger Car,30,2012.0,Hyun,GEN,20,Thursday,7
MCP229800BK,16061894,Montgomery County Police,Property Damage Crash,2016-12-02 13:38:00,Maryland (State),RIDGE RD,ENT TO CEMETERY,SAME DIR REAR END,CLEAR,DRY,DAYLIGHT,NO CONTROLS,NONE DETECTED,Yes,No Apparent Injury,ADJUSTING AUDIO AND OR CLIMATE CONTROLS,MD,(Sport) Utility Vehicle,40,2011.0,Dodg,DURANGO,13,Friday,12
MCP27720024,230056569,Montgomery County Police,Property Damage Crash,2023-09-24 03:30:00,Maryland (State),ROCKVILLE PIKE,SPUR TO WOODMONT AVE,STRAIGHT MOVEMENT ANGLE,RAINING,WET,DARK LIGHTS ON,FLASHING TRAFFIC SIGNAL,NONE DETECTED,No,No Apparent Injury,NOT DISTRACTED,MD,Passenger Car,25,2014.0,Hyun,SONATA,3,Sunday,9
DD56530032,230071410,Rockville Police Departme,Property Damage Crash,2023-12-13 05:29:00,Municipality,GAINSBORO RD,THORNDEN RD,HEAD ON,CLEAR,DRY,DARK NO LIGHTS,NO CONTROLS,ALCOHOL CONTRIBUTED,Yes,No Apparent Injury,UNKNOWN,MD,Passenger Car,10,2017.0,Honda,4D,5,Wednesday,12
MCP27030019,170501960,Montgomery County Police,Property Damage Crash,2017-04-13 17:09:00,US (State),COLUMBIA PIKE,FAIRLAND RD,SAME DIRECTION LEFT TURN,CLEAR,DRY,DAYLIGHT,NO CONTROLS,Unknown,Yes,No Apparent Injury,OTHER DISTRACTION,MD,Passenger Car,50,2004.0,Ford,TK,17,Thursday,4
MCP2412000M,180013605,Montgomery County Police,Property Damage Crash,2018-03-19 05:17:00,Maryland (State),PINEY BRANCH RD,CARROLL AVE,SAME DIRECTION LEFT TURN,CLEAR,DRY,DARK LIGHTS ON,NO CONTROLS,NONE DETECTED,No,No Apparent Injury,NOT DISTRACTED,MD,Passenger Car,35,2017.0,Toyota,CAMRY,5,Monday,3
MCP2031001T,190010078,Montgomery County Police,Property Damage Crash,2019-03-04 12:17:00,County,JARL DR,JONNIE LA,SINGLE VEHICLE,CLEAR,DRY,DAYLIGHT,NO CONTROLS,NONE DETECTED,Yes,No Apparent Injury,NOT DISTRACTED,MD,School Bus,25,2019.0,Thms,BU,12,Monday,3
MCP2177000F,15019775,Montgomery County Police,Injury Crash,2015-04-27 08:48:00,Maryland (State),HUNGERFORD DR,COLLEGE PKWY,HEAD ON LEFT TURN,CLEAR,DRY,DAYLIGHT,TRAFFIC SIGNAL,NONE DETECTED,Yes,Possible Injury,UNKNOWN,MD,Passenger Car,40,2006.0,Toyt,4S,8,Monday,4
MCP2871003G,16053604,Montgomery County Police,Injury Crash,2016-10-18 16:11:00,County,DEMOCRACY BLVD,FERNWOOD RD,SAME DIR REAR END,CLEAR,DRY,DAYLIGHT,TRAFFIC SIGNAL,NONE DETECTED,Yes,No Apparent Injury,LOOKED BUT DID NOT SEE,MD,Passenger Car,35,2006.0,Hond,2S,16,Tuesday,10
DD56280016,180053672,Rockville Police Departme,Property Damage Crash,2018-10-26 13:50:00,Service Road,N CAMPUS DR,HUNGERFORD DR,SAME DIR REAR END,CLOUDY,DRY,DAYLIGHT,STOP SIGN,NONE DETECTED,Yes,No Apparent Injury,NOT DISTRACTED,MD,Police Vehicle/Emergency,15,2006.0,Lexs,4S,13,Friday,10
MCP26760032,170539858,Montgomery County Police,Injury Crash,2017-10-30 18:50:00,Maryland (State),MUNCASTER MILL RD,APPLEWOOD LA,HEAD ON,CLEAR,DRY,DAWN,NO CONTROLS,Unknown,Yes,Possible Injury,NOT DISTRACTED,DC,Other,40,2000.0,Honda,CR-V,18,Monday,10
EJ7887001J,210049361,Gaithersburg Police Depar,Property Damage Crash,2021-12-05 14:00:00,Maryland (State),FREDERICK RD,ONEILL DR,SINGLE VEHICLE,CLOUDY,DRY,DAYLIGHT,NO CONTROLS,NONE DETECTED,Yes,No Apparent Injury,UNKNOWN,VA,Passenger Car,40,2006.0,Chevrolet,COVALT,14,Sunday,12
MCP3301000B,210032417,Montgomery County Police,Property Damage Crash,2021-08-20 09:11:00,US (State),COLESVILLE RD,FRANKLIN AVE,SAME DIR REAR END,RAINING,WET,DAYLIGHT,TRAFFIC SIGNAL,NONE DETECTED,Yes,No Apparent Injury,UNKNOWN,MD,Transit Bus,40,2012.0,Gill,TRANSIT BUSS,9,Friday,8
MCP2872001V,170504063,Montgomery County Police,Property Damage Crash,2017-04-25 08:38:00,County,WATKINS MILL RD,STEDWICK RD,HEAD ON,CLOUDY,WET,DAYLIGHT,NO CONTROLS,NONE DETECTED,Yes,No Apparent Injury,INATTENTIVE OR LOST IN THOUGHT,PA,Passenger Car,35,2002.0,Chrys,PT CRUISER,8,Tuesday,4
MCP2121000H,16005365,Montgomery County Police,Property Damage Crash,2016-02-02 06:53:00,Maryland (State),DARNESTOWN RD,WHITES FERRY RD,OTHER,CLEAR,ICE,DARK LIGHTS ON,Unknown,NONE DETECTED,No,No Apparent Injury,NOT DISTRACTED,VA,Passenger Car,50,2012.0,Ford,ESCAPE,6,Tuesday,2
MCP3260001B,240051970,MONTGOMERY,Property Damage Crash,2024-10-30 09:40:00,Maryland (State) Route,NEW HAMPSHIRE AVE,ADELPHI RD,Front to Front,Clear,Dry,Daylight,Traffic Control Signal,"Not Suspect of Alcohol Use, Not Suspect of Drug Use",No,No Apparent Injury,Not Distracted,VA,Passenger Car,25,2007.0,Bmw,530I,9,Wednesday,10
DD5624001Q,180059071,Rockville Police Departme,Property Damage Crash,2018-11-26 11:20:00,Unknown,Unknown,Unknown,OTHER,RAINING,Unknown,DAYLIGHT,NO CONTROLS,Unknown,Yes,No Apparent Injury,UNKNOWN,MD,Passenger Car,10,2001.0,Lexus,RX 300,11,Monday,11
MCP1382005J,200006118,Montgomery County Police,Property Damage Crash,2020-02-06 09:03:00,County,BEACON RD,NORTHAMPTON DR,SAME DIRECTION SIDESWIPE,RAINING,WET,DAYLIGHT,NO CONTROLS,NONE DETECTED,Yes,No Apparent Injury,LOOKED BUT DID NOT SEE,MD,Van,30,2002.0,Chevrolet,VAN EXPRESS,9,Thursday,2
MCP2348001T,16039075,Montgomery County Police,Injury Crash,2016-08-02 15:13:00,Maryland (State),UNIVERSITY BLVD W,ELKIN ST,SAME DIR REND LEFT TURN,CLEAR,DRY,DAYLIGHT,NO CONTROLS,NONE DETECTED,Yes,No Apparent Injury,NOT DISTRACTED,MD,Pickup Truck,35,2010.0,Nissan,FRONTIER,15,Tuesday,8
MCP3090004J,200030098,Montgomery County Police,Injury Crash,2020-08-03 14:18:00,County,SHADY GROVE RD,RAMP 1 FR IS 270 NB TO SHADY GROVE RD WB,STRAIGHT MOVEMENT ANGLE,CLEAR,DRY,DAYLIGHT,TRAFFIC SIGNAL,Unknown,Yes,No Apparent Injury,UNKNOWN,MD,(Sport) Utility Vehicle,40,2017.0,Ford,TK,14,Monday,8
MCP30270026,190043873,Montgomery County Police,Property Damage Crash,2019-09-13 13:41:00,Maryland (State),FREDERICK RD,ODENDHAL AVE,SAME DIRECTION LEFT TURN,CLOUDY,DRY,DAYLIGHT,TRAFFIC SIGNAL,Unknown,No,No Apparent Injury,UNKNOWN,MD,Passenger Car,35,2008.0,Honda,TK,13,Friday,9
MCP29230026,16052625,Montgomery County Police,Property Damage Crash,2016-10-13 10:52:00,County,ARCOLA AVE,LAMBERTON DR,OTHER,CLOUDY,DRY,DAYLIGHT,NO CONTROLS,NONE DETECTED,No,No Apparent Injury,NOT DISTRACTED,MD,Transit Bus,35,2016.0,Gillig,BU,10,Thursday,10
MCP3239001N,210037900,Montgomery County Police,Property Damage Crash,2021-09-25 01:06:00,US (State),COLUMBIA PIKE,MUSGROVE RD,SAME DIRECTION RIGHT TURN,CLEAR,DRY,DARK LIGHTS ON,Unknown,ALCOHOL PRESENT,Yes,No Apparent Injury,INATTENTIVE OR LOST IN THOUGHT,FL,Passenger Car,55,2013.0,Toyt,HY,1,Saturday,9
MCP2931001P,16061736,Montgomery County Police,Injury Crash,2016-12-01 17:40:00,Municipality,CONGRESSIONAL LA,E JEFFERSON ST,STRAIGHT MOVEMENT ANGLE,CLEAR,DRY,DARK LIGHTS ON,STOP SIGN,Unknown,No,Suspected Minor Injury,NOT DISTRACTED,MD,Police Vehicle/Non Emergency,30,2010.0,Ford,CROWN VIC,17,Thursday,12
MCP242500GG,200042768,Montgomery County Police,Property Damage Crash,2020-10-30 08:53:00,Ramp,RAMP 5 FR US 29 SB TO BRIGGS CHANEY RD,COLUMBIA PIKE,SINGLE VEHICLE,RAINING,WET,DAYLIGHT,NO CONTROLS,NONE DETECTED,Yes,No Apparent Injury,UNKNOWN,MD,Passenger Car,35,2009.0,Toyota,CAMRY,8,Friday,10
MCP30600028,190008158,Montgomery County Police,Injury Crash,2019-02-20 08:48:00,Maryland (State),EAST WEST HWY,MAPLE AVE #2,HEAD ON,SNOW,SNOW,DAYLIGHT,NO CONTROLS,Unknown,Yes,No Apparent Injury,NOT DISTRACTED,MD,Transit Bus,35,2006.0,New Flyer,BUS,8,Wednesday,2
MCP3009006X,230063553,Montgomery County Police,Injury Crash,2023-10-31 10:35:00,Maryland (State),FREDERICK RD,GERMANTOWN RD,STRAIGHT MOVEMENT ANGLE,CLEAR,DRY,DAYLIGHT,TRAFFIC SIGNAL,Unknown,No,Possible Injury,NOT DISTRACTED,MD,Passenger Car,45,2011.0,Nissan,ALTIMA,10,Tuesday,10
EJ7844000B,15033508,GAITHERSBURG,Property Damage Crash,2015-07-08 23:20:00,Unknown,Unknown,Unknown,SAME DIR REAR END,CLEAR,Unknown,DARK LIGHTS ON,Unknown,NONE DETECTED,Yes,No Apparent Injury,NOT DISTRACTED,MD,Pickup Truck,0,2004.0,Ford,F150,23,Wednesday,7
MCP2436003N,170515502,Montgomery County Police,Property Damage Crash,2017-06-24 06:18:00,Maryland (State),UNIVERSITY BLVD E,E FRANKLIN AVE,SAME DIRECTION SIDESWIPE,CLEAR,WET,DAWN,TRAFFIC SIGNAL,NONE DETECTED,No,No Apparent Injury,NOT DISTRACTED,MD,Van,40,2003.0,Toyota,SIENNA,6,Saturday,6
MCP25390015,190035903,Montgomery County Police,Property Damage Crash,2019-07-28 02:40:00,Maryland (State),CAPITOL VIEW AVE,MEREDITH AVE,SINGLE VEHICLE,CLEAR,DRY,DARK LIGHTS ON,NO CONTROLS,NONE DETECTED,Yes,No Apparent Injury,NOT DISTRACTED,MD,Van,35,2010.0,Volk,VN,2,Sunday,7
MCP2617009G,210019757,Montgomery County Police,Property Damage Crash,2021-05-25 15:00:00,County,MANORFIELD RD,MANORVALE RD,OTHER,CLEAR,DRY,DAYLIGHT,NO CONTROLS,NONE DETECTED,No,No Apparent Injury,NOT DISTRACTED,MD,Passenger Car,25,2020.0,Ford,F250,15,Tuesday,5
MCP2712001Y,170523144,Montgomery County Police,Injury Crash,2017-08-05 10:10:00,Maryland (State),OLD COLUMBIA PIKE,SPUR TO RAMP 6 FR MD 198 EB TO US 29 SB,OPPOSITE DIR BOTH LEFT TURN,CLEAR,DRY,DAYLIGHT,Unknown,NONE DETECTED,Yes,Possible Injury,NOT DISTRACTED,MD,Motorcycle,30,2017.0,Suzuki,RGSX,10,Saturday,8
MCP2875008W,240027145,MONTGOMERY,Property Damage Crash,2024-06-07 15:43:00,Maryland (State) Route,RIDGE RD (SB/L),Unknown,Front to Rear,Cloudy,Dry,Daylight,No Controls,"Not Suspect of Alcohol Use, Not Suspect of Drug Use",Yes,No Apparent Injury,"Other Action (looking away from task, etc.)",MD,Sport Utility Vehicle,40,2002.0,Toyota,4-RUNNER,15,Friday,6
MCP3012006G,200011548,Montgomery County Police,Injury Crash,2020-03-09 08:32:00,Maryland (State),NORBECK RD,MUNCASTER MILL RD,SAME DIR REAR END,CLEAR,DRY,DAYLIGHT,NO CONTROLS,NONE DETECTED,Yes,No Apparent Injury,NOT DISTRACTED,MD,Passenger Car,45,2007.0,Mazda,3,8,Monday,3
MCP2866007K,220003748,Montgomery County Police,Property Damage Crash,2022-01-28 12:20:00,County,SOUTHLAWN LA,E GUDE DR,SAME DIRECTION SIDESWIPE,CLOUDY,DRY,DAYLIGHT,NO CONTROLS,NONE DETECTED,Yes,No Apparent Injury,LOOKED BUT DID NOT SEE,DC,Passenger Car,30,2011.0,Ford,E-250,12,Friday,1
MCP2874000Q,15041511,MONTGOMERY,Property Damage Crash,2015-08-19 15:48:00,Maryland (State),VEIRS MILL RD,ENT TO WHEATON PLAZA,SAME DIRECTION SIDESWIPE,CLEAR,DRY,DAYLIGHT,NO CONTROLS,NONE DETECTED,Unknown,No Apparent Injury,NOT DISTRACTED,MD,Passenger Car,15,2001.0,Chev,TK,15,Wednesday,8
MCP9424002G,190056369,Montgomery County Police,Property Damage Crash,2019-11-21 23:30:00,Maryland (State),RIDGE RD,BELLISON RD,SINGLE VEHICLE,CLEAR,DRY,DARK LIGHTS ON,Unknown,NONE DETECTED,Yes,No Apparent Injury,DISTRACTED BY OUTSIDE PERSON OBJECT OR EVENT,MD,Passenger Car,40,2009.0,Volkswagen,2D,23,Thursday,11
MCP3050006V,250037275,MONTGOMERY,Injury Crash,2025-08-20 19:28:00,Maryland (State) Route,GEORGIA AVE,Unknown,Single Vehicle,Clear,Dry,Dark - Lighted,No Controls,"Not Suspect of Alcohol Use, Not Suspect of Drug Use",Yes,Possible Injury,Not Distracted,MD,Passenger Car,35,2024.0,Tesla,MODEL Y,19,Wednesday,8
MCP102200BB,190000244,Montgomery County Police,Injury Crash,2019-01-02 15:44:00,County,OBSERVATION DR,RIDGE RD,SAME DIR REAR END,CLOUDY,DRY,DAYLIGHT,TRAFFIC SIGNAL,NONE DETECTED,No,Possible Injury,NOT DISTRACTED,MD,Station Wagon,35,2016.0,Honda,CRV,15,Wednesday,1
MCP2987004Q,190004702,Montgomery County Police,Injury Crash,2019-01-30 10:00:00,Maryland (State),NEW HAMPSHIRE AVE,DILSTON RD,SAME DIR REAR END,CLEAR,DRY,DAYLIGHT,NO CONTROLS,NONE DETECTED,Yes,No Apparent Injury,INATTENTIVE OR LOST IN THOUGHT,MD,Pickup Truck,40,2005.0,Chevrolet,SILVERADO,10,Wednesday,1
MCP2339005V,20004201,Montgomery County Police,Property Damage Crash,2020-10-24 18:34:00,Unknown,Unknown,Unknown,OTHER,CLEAR,Unknown,DUSK,NO CONTROLS,Unknown,No,No Apparent Injury,NOT DISTRACTED,MD,Passenger Car,15,2015.0,Toyota,RAV4,18,Saturday,10
MCP3407001D,250033634,MONTGOMERY,Injury Crash,2025-07-28 17:12:00,Maryland (State) Route,FREDERICK RD,GUNNERS BRANCH RD,Angle,Clear,Dry,Daylight,Traffic Control Signal,"Not Suspect of Alcohol Use, Not Suspect of Drug Use",Yes,Possible Injury,Unknown,MD,Passenger Car,35,2018.0,Toyota,HIGHLANDER,17,Monday,7
MCP3163003J,210028442,Montgomery County Police,Property Damage Crash,2021-07-22 20:00:00,Maryland (State),RIVER RD,SPRINGRIDGE RD,STRAIGHT MOVEMENT ANGLE,CLEAR,DRY,DUSK,TRAFFIC SIGNAL,NONE DETECTED,No,No Apparent Injury,NOT DISTRACTED,DC,Passenger Car,35,2011.0,Audi,4D,20,Thursday,7
MCP30080013,170530857,Montgomery County Police,Property Damage Crash,2017-09-15 22:20:00,Maryland (State),SANDY SPRING RD,STAR POINTE LA,SAME DIR REAR END,CLEAR,Unknown,DARK LIGHTS ON,TRAFFIC SIGNAL,ALCOHOL PRESENT,Yes,No Apparent Injury,NOT DISTRACTED,MD,Passenger Car,40,2017.0,Ford,ESCAPE,22,Friday,9
MCP94060023,190039022,Montgomery County Police,Injury Crash,2019-08-15 17:18:00,County,RANDOLPH RD,BREGMAN RD,SAME DIR REAR END,RAINING,WET,DAYLIGHT,Unknown,NONE DETECTED,No,Possible Injury,NOT DISTRACTED,MD,Passenger Car,40,2004.0,Lexu,4S,17,Thursday,8
MCP2939000C,15021906,Montgomery County Police,Injury Crash,2015-05-12 09:03:00,Maryland (State),KEMPTOWN RD,MOXLEY RD,OTHER,CLEAR,DRY,DAYLIGHT,NO CONTROLS,ILLEGAL DRUG CONTRIBUTED,Yes,Possible Injury,NOT DISTRACTED,MD,Pickup Truck,35,2006.0,Chevrolet,SILVERADO,9,Tuesday,5
MCP3301000K,210039033,Montgomery County Police,Property Damage Crash,2021-10-01 18:25:00,County,OLD COLUMBIA PIKE,OLD COLUMBIA PIKE,STRAIGHT MOVEMENT ANGLE,CLEAR,DRY,DAYLIGHT,NO CONTROLS,NONE DETECTED,No,No Apparent Injury,NOT DISTRACTED,MD,Passenger Car,25,2018.0,Ford,TK,18,Friday,10
MCP3174004H,230054902,Montgomery County Police,Property Damage Crash,2023-10-09 08:18:00,County,WATKINS MILL RD,BEGIN BRIDGE,SAME DIR REAR END,CLEAR,DRY,DAYLIGHT,TRAFFIC SIGNAL,NONE DETECTED,Yes,No Apparent Injury,LOOKED BUT DID NOT SEE,PA,Passenger Car,35,2006.0,Toyota,SOLARA,8,Monday,10
MCP30970020,210005240,Montgomery County Police,Injury Crash,2021-02-10 00:42:00,County,CHERRY HILL RD,BROADBIRCH DR,STRAIGHT MOVEMENT ANGLE,Unknown,Unknown,DARK LIGHTS ON,FLASHING TRAFFIC SIGNAL,NONE DETECTED,Yes,No Apparent Injury,LOOKED BUT DID NOT SEE,MD,Passenger Car,30,2016.0,Buick,ENCORE,0,Wednesday,2
MCP9113000S,15032608,MONTGOMERY,Injury Crash,2015-07-08 21:07:00,Maryland (State),NEW HAMPSHIRE AVE,BRIGHTON KNOLLS DR,SINGLE VEHICLE,CLEAR,DRY,DARK LIGHTS ON,NO CONTROLS,NONE DETECTED,Yes,Suspected Minor Injury,NOT DISTRACTED,MD,Passenger Car,40,2009.0,Honda,FIT,21,Wednesday,7
MCP3075000S,170545055,Montgomery County Police,Property Damage Crash,2017-11-26 20:44:00,Unknown,Unknown,Unknown,SINGLE VEHICLE,CLEAR,Unknown,DARK LIGHTS ON,NO CONTROLS,NONE DETECTED,Yes,No Apparent Injury,NOT DISTRACTED,MD,Passenger Car,5,2015.0,Niss,4S,20,Sunday,11
MCP2983000Z,16022106,Montgomery County Police,Injury Crash,2016-05-04 20:00:00,US (State),COLESVILLE RD,FENTON ST,STRAIGHT MOVEMENT ANGLE,CLOUDY,WET,DAWN,TRAFFIC SIGNAL,NONE DETECTED,Yes,No Apparent Injury,NOT DISTRACTED,MD,Passenger Car,35,2015.0,Dodge,CHAL,20,Wednesday,5
MCP2832007H,220046626,Montgomery County Police,Property Damage Crash,2022-10-24 12:43:00,Unknown,Unknown,Unknown,SINGLE VEHICLE,CLOUDY,Unknown,DAYLIGHT,NO CONTROLS,NONE DETECTED,Yes,No Apparent Injury,INATTENTIVE OR LOST IN THOUGHT,MD,Passenger Car,15,2022.0,Suba,WG,12,Monday,10
MCP2399007H,230069332,Montgomery County Police,Property Damage Crash,2023-12-01 14:30:00,Unknown,Unknown,Unknown,OTHER,RAINING,Unknown,DAYLIGHT,Unknown,NONE DETECTED,No,No Apparent Injury,NOT DISTRACTED,MD,School Bus,5,2024.0,Thms,SB,14,Friday,12
MCP30680024,180063039,Montgomery County Police,Property Damage Crash,2018-12-17 17:56:00,Maryland (State),WISCONSIN AVE,DORSET AVE,STRAIGHT MOVEMENT ANGLE,CLEAR,DRY,DARK LIGHTS ON,TRAFFIC SIGNAL,Unknown,No,No Apparent Injury,NOT DISTRACTED,NC,Passenger Car,35,2016.0,Nissan,ALTIMA,17,Monday,12
DD55200024,230053815,Rockville Police Departme,Property Damage Crash,2023-09-08 14:45:00,Municipality,E GUDE DR,ROTHGEB DR,SAME DIR REAR END,CLEAR,DRY,DAYLIGHT,Unknown,NONE DETECTED,Yes,No Apparent Injury,INATTENTIVE OR LOST IN THOUGHT,MD,Passenger Car,40,2020.0,Kia,SOUL,14,Friday,9
MCP2116005C,16060096,Montgomery County Police,Injury Crash,2016-11-22 15:10:00,County,TUCKERMAN LA,LONG PINE TRAIL,SAME DIR REAR END,CLEAR,DRY,DAYLIGHT,NO CONTROLS,NONE DETECTED,No,No Apparent Injury,NOT DISTRACTED,MD,Passenger Car,30,2006.0,Bmw,4S,15,Tuesday,11
EJ78950051,230073316,Gaithersburg Police Depar,Property Damage Crash,2023-12-23 13:15:00,Municipality,TRAVIS AVE,TRAVIS LA,STRAIGHT MOVEMENT ANGLE,CLOUDY,DRY,DAYLIGHT,STOP SIGN,NONE DETECTED,Unknown,No Apparent Injury,UNKNOWN,VA,Passenger Car,25,2017.0,Nissan,SENTRA,13,Saturday,12
MCP2752005P,230049601,Montgomery County Police,Property Damage Crash,2023-08-15 16:00:00,Maryland (State),CONNECTICUT AVE,FRANKLIN ST,SAME DIRECTION RIGHT TURN,CLOUDY,DRY,DAYLIGHT,NO CONTROLS,NONE DETECTED,Yes,No Apparent Injury,LOOKED BUT DID NOT SEE,VA,Passenger Car,35,1999.0,Vw,CABRIOLET,16,Tuesday,8
MCP263900H7,250014472,MONTGOMERY,Property Damage Crash,2025-04-03 09:24:00,Maryland (State) Route,FREDERICK RD (SB/L),Unknown,Front to Rear,Rain,Wet,Daylight,Traffic Control Signal,"Not Suspect of Alcohol Use, Not Suspect of Drug Use",Yes,No Apparent Injury,Not Distracted,MD,Sport Utility Vehicle,30,2013.0,Toyota,HIGHLANDER,9,Thursday,4
MCP2039001Q,16031755,Montgomery County Police,Injury Crash,2016-06-23 14:35:00,County,ASPEN HILL RD,CONNECTICUT AVE,STRAIGHT MOVEMENT ANGLE,CLOUDY,DRY,DAYLIGHT,NO CONTROLS,Unknown,No,Possible Injury,NOT DISTRACTED,MD,Passenger Car,25,2015.0,Toyota,COROLLA,14,Thursday,6
MCP32680048,240040287,MONTGOMERY,Injury Crash,2024-08-26 07:00:00,County Route,RANDOLPH RD (WB/L),Unknown,Angle,Clear,Dry,Daylight,No Controls,"Not Suspect of Alcohol Use, Not Suspect of Drug Use",Yes,No Apparent Injury,Not Distracted,MD,Passenger Car,40,2008.0,Toyota,COROLLA,7,Monday,8
MCP2473001F,170530275,Montgomery County Police,Property Damage Crash,2017-09-13 07:25:00,County,E RANDOLPH RD,TOURMALINE CT,SAME DIR REAR END,RAINING,WET,DAYLIGHT,WARNING SIGN,Unknown,Yes,No Apparent Injury,NOT DISTRACTED,MD,Passenger Car,40,1993.0,Niss,ALTIMA,7,Wednesday,9
MCP33600024,250004731,MONTGOMERY,Property Damage Crash,2025-02-01 21:18:00,Spur,SPUR,Unknown,Front to Rear,Clear,Dry,Dark - Lighted,Traffic Control Signal,"Not Suspect of Alcohol Use, Not Suspect of Drug Use",No,No Apparent Injury,Not Distracted,MD,Passenger Car,40,2006.0,Lexus,RX,21,Saturday,2
MCP2923001J,16009060,MONTGOMERY,Injury Crash,2016-02-23 13:01:00,County,RANDOLPH RD,CONNECTICUT AVE,SAME DIR REAR END,RAINING,WET,DAYLIGHT,TRAFFIC SIGNAL,NONE DETECTED,No,Possible Injury,NOT DISTRACTED,MD,Van,35,2012.0,Ford,E150,13,Tuesday,2
MCP3284000Q,210017480,Montgomery County Police,Injury Crash,2021-05-09 21:10:00,Maryland (State),OLD COLUMBIA PIKE,BURTONSVILLE SCH ACCESS RD,SAME DIRECTION SIDESWIPE,CLEAR,DRY,DARK LIGHTS ON,TRAFFIC SIGNAL,NONE DETECTED,Unknown,Possible Injury,INATTENTIVE OR LOST IN THOUGHT,MD,Passenger Car,35,2004.0,Toyota,4S,21,Sunday,5
MCP2857001L,17010230,Montgomery County Police,Injury Crash,2017-02-25 17:45:00,County,SAM EIG HWY,GREAT SENECA HWY,SAME DIR REAR END,CLEAR,DRY,DUSK,TRAFFIC SIGNAL,NONE DETECTED,Yes,No Apparent Injury,BY MOVING OBJECT IN VEHICLE,MD,Passenger Car,35,2014.0,Lexus,IS 250,17,Saturday,2
MCP3093001H,180058076,Montgomery County Police,Injury Crash,2018-11-19 17:08:00,Unknown,Unknown,Unknown,SINGLE VEHICLE,Unknown,Unknown,DARK LIGHTS ON,Unknown,Unknown,Yes,Suspected Minor Injury,LOOKED BUT DID NOT SEE,MD,Passenger Car,0,1995.0,Toyota,4D,17,Monday,11
MCP9301004Q,230055876,Montgomery County Police,Injury Crash,2023-09-20 09:15:00,County,FIELDS RD,OMEGA DR (BACK),OTHER,Unknown,DRY,DAYLIGHT,STOP SIGN,Unknown,Yes,No Apparent Injury,NOT DISTRACTED,MD,Passenger Car,30,2011.0,Honda,CIVIC,9,Wednesday,9
MCP2612004C,210052369,Montgomery County Police,Injury Crash,2021-12-23 15:53:00,Maryland (State),NORBECK RD,WINTERGATE DR,SAME DIR REND LEFT TURN,CLEAR,DRY,DAYLIGHT,TRAFFIC SIGNAL,NONE DETECTED,No,No Apparent Injury,NOT DISTRACTED,MD,Passenger Car,40,2016.0,Subaru,IMPREZA,15,Thursday,12
MCP0617005W,240018771,MONTGOMERY,Property Damage Crash,2024-04-22 14:11:00,Maryland (State) Route,GEORGIA AVE,SPARTAN RD,Front to Rear,Clear,Dry,Daylight,No Controls,"Not Suspect of Alcohol Use, Not Suspect of Drug Use",No,No Apparent Injury,Not Distracted,MD,Sport Utility Vehicle,30,2019.0,Toyota,RAV4,14,Monday,4