Report Number,Local Case Number,Agency Name,ACRS Report Type,Crash Date/Time,Route Type,Road Name,Cross-Street Name,Collision Type,Weather,Surface Condition,Light,Traffic Control,Driver Substance Abuse,Driver At Fault,Injury Severity,Driver Distracted By,Drivers License State,Vehicle Body Type,Speed Limit,Vehicle Year,Vehicle Make,Vehicle Model,Crash Hour,Crash Day,Crash Month
MCP3058001B,170548813,Montgomery County Police,Property Damage Crash,2017-12-15 17:05:00,Maryland (State),FISHER AVE,WOOTTON AVE,STRAIGHT MOVEMENT ANGLE,WINTRY MIX,SNOW,DAWN,NO CONTROLS,NONE DETECTED,Yes,No Apparent Injury,LOOKED BUT DID NOT SEE,MD,Passenger Car,30,2001.0,Hyundai,SANTA FE,17,Friday,12
MCP2195002R,180060947,Montgomery County Police,Property Damage Crash,2018-12-06 07:22:00,Unknown,Unknown,Unknown,SINGLE VEHICLE,CLEAR,Unknown,DAYLIGHT,NO CONTROLS,NONE DETECTED,Yes,No Apparent Injury,NOT DISTRACTED,MD,School Bus,5,2015.0,Thom,BUS,7,Thursday,12
EJ7829001V,15064796,GAITHERSBURG,Property Damage Crash,2015-12-18 20:08:00,Municipality,E DIAMOND AVE,S SUMMIT AVE,HEAD ON LEFT TURN,CLEAR,DRY,DARK LIGHTS ON,TRAFFIC SIGNAL,NONE DETECTED,Yes,No Apparent Injury,UNKNOWN,MD,Passenger Car,25,2012.0,Mist,4D,20,Friday,12
MCP2608005F,230067451,Montgomery County Police,Property Damage Crash,2023-11-20 15:28:00,County,OSAGE ST,CHICKASAW DR,STRAIGHT MOVEMENT ANGLE,CLEAR,DRY,DAYLIGHT,STOP SIGN,NONE DETECTED,Yes,No Apparent Injury,NOT DISTRACTED,MD,Passenger Car,30,2013.0,Nissan,MAXIMA,15,Monday,11
DM8502001L,240050081,TAKOMA,Property Damage Crash,2024-10-19 21:12:00,Maryland (State) Route,NEW HAMPSHIRE AVE (SB/L),Unknown,Front to Rear,Clear,Dry,Dark - Lighted,No Controls,"Suspect of Alcohol Use, Not Suspect of Drug Use",No,No Apparent Injury,Unknown,Unknown,Passenger Car,35,1998.0,Honda,ACCORD,21,Saturday,10
MCP2765001F,15024458,Montgomery County Police,Injury Crash,2015-05-21 17:12:00,Municipality,W GUDE DR,W MONTGOMERY AVE,SAME DIR REAR END,CLOUDY,WET,DAYLIGHT,TRAFFIC SIGNAL,NONE DETECTED,No,Possible Injury,NOT DISTRACTED,MD,Passenger Car,40,2015.0,Niss,ALTIMA,17,Thursday,5
MCP13780179,240006164,MONTGOMERY,Property Damage Crash,2024-02-07 15:03:00,County Route,RANDOLPH RD,BLUHILL RD,Front to Rear,Clear,Dry,Daylight,Pedestrian Crossing,"Not Suspect of Alcohol Use, Not Suspect of Drug Use",Yes,No Apparent Injury,Not Distracted,MD,Van - Passenger (&Lt;9 Seats),35,2017.0,Chevrolet,EXPRESS,15,Wednesday,2
MCP3143004J,230021283,Montgomery County Police,Property Damage Crash,2023-05-04 07:35:00,Maryland (State),ROCKVILLE PIKE,GROSVENOR LA,SAME DIRECTION SIDESWIPE,CLEAR,DRY,DAYLIGHT,TRAFFIC SIGNAL,NONE DETECTED,No,No Apparent Injury,NOT DISTRACTED,MD,Passenger Car,45,2004.0,Toyota,COROLLA,7,Thursday,5
MCP2504003D,180037799,Montgomery County Police,Property Damage Crash,2018-07-30 18:48:00,Maryland (State),DARNESTOWN RD,QUINCE ORCHARD RD,SAME DIR REAR END,CLOUDY,WET,DAYLIGHT,YIELD SIGN,NONE DETECTED,No,No Apparent Injury,NOT DISTRACTED,MD,Passenger Car,40,2015.0,Toyota,COROLLA,18,Monday,7
MCP2846002G,16066162,Montgomery County Police,Property Damage Crash,2016-12-24 11:40:00,Maryland (State),GEORGIA AVE,DENNIS AVE,SAME DIRECTION SIDESWIPE,RAINING,WET,DAYLIGHT,NO CONTROLS,NONE DETECTED,Yes,No Apparent Injury,LOOKED BUT DID NOT SEE,MD,Passenger Car,40,2016.0,Honda,CIVIC,11,Saturday,12
MCP3091003B,210053167,Montgomery County Police,Property Damage Crash,2021-12-30 10:27:00,County,CRABBS BRANCH WAY,STANDISH PL,SAME DIR REAR END,RAINING,WET,DAYLIGHT,NO CONTROLS,Unknown,No,No Apparent Injury,NOT DISTRACTED,MD,Transit Bus,35,2016.0,Gill,BUS,10,Thursday,12
MCP24450038,210053027,Montgomery County Police,Injury Crash,2021-12-29 11:39:00,Maryland (State),FREDERICK RD,SHAKESPEARE BLVD,STRAIGHT MOVEMENT ANGLE,CLOUDY,WET,DAYLIGHT,TRAFFIC SIGNAL,NONE DETECTED,Yes,Possible Injury,UNKNOWN,MD,Passenger Car,45,2018.0,Subaru,CROSSTREK,11,Wednesday,12
MCP3244001Y,220019417,Montgomery County Police,Property Damage Crash,2022-05-07 11:39:00,US (State),COLESVILLE RD,BREWSTER AVE,SAME DIR REAR END,RAINING,WET,DAYLIGHT,NO CONTROLS,NONE DETECTED,No,No Apparent Injury,NOT DISTRACTED,TX,Passenger Car,40,2012.0,Toyota,CAMRY,11,Saturday,5
MCP3374001B,230051058,Montgomery County Police,Property Damage Crash,2023-08-24 11:46:00,Municipality,EVERETT ST,SUMMIT AVE,SAME DIR REAR END,CLOUDY,DRY,DAYLIGHT,NO CONTROLS,NONE DETECTED,Yes,No Apparent Injury,INATTENTIVE OR LOST IN THOUGHT,MD,Passenger Car,20,2020.0,Ford,CG,11,Thursday,8
MCP24560011,16030587,Montgomery County Police,Property Damage Crash,2016-06-17 07:22:00,County,OLD COLUMBIA PIKE,STEWART LA,SAME DIR REAR END,Unknown,DRY,DAYLIGHT,NO CONTROLS,NONE DETECTED,No,No Apparent Injury,NOT DISTRACTED,MD,(Sport) Utility Vehicle,50,2014.0,Jeep,SU,7,Friday,6
MCP3105003L,200044985,Montgomery County Police,Injury Crash,2020-11-14 13:09:00,County,FATHER HURLEY BLVD,RAMP 8 FR IS270 SB TO FATHER HURLEY BLVD,STRAIGHT MOVEMENT ANGLE,CLEAR,DRY,DAYLIGHT,TRAFFIC SIGNAL,NONE DETECTED,Unknown,No Apparent Injury,UNKNOWN,MN,(Sport) Utility Vehicle,40,2008.0,Saturn,VUE,13,Saturday,11
MCP27020021,220054534,Montgomery County Police,Property Damage Crash,2022-12-09 20:18:00,US (State),COLUMBIA PIKE,TECH RD,SAME DIRECTION SIDESWIPE,CLEAR,DRY,DARK LIGHTS ON,TRAFFIC SIGNAL,NONE DETECTED,Yes,No Apparent Injury,UNKNOWN,MD,Passenger Car,50,2015.0,Cadilac,SRX,20,Friday,12
MCP22310049,180051011,Montgomery County Police,Injury Crash,2018-10-12 06:35:00,Maryland (State),GREAT SENECA HWY,HORN POINT DR,SAME DIR REAR END,CLEAR,DRY,DARK LIGHTS ON,NO CONTROLS,NONE DETECTED,No,Suspected Minor Injury,NOT DISTRACTED,MD,Passenger Car,45,2010.0,Toyota,CAMRY,6,Friday,10
MCP33950039,250020292,MONTGOMERY,Property Damage Crash,2025-05-08 14:15:00,County Route,ROSEHILL DR,QUINTANA DR,"Sideswipe, Same Direction",Clear,Dry,Daylight,No Controls,"Unknown, Unknown",No,Unknown,Unknown,Unknown,Pickup,15,2016.0,Ford,F-350,14,Thursday,5
MCP22510024,170542583,Montgomery County Police,Injury Crash,2017-11-13 16:41:00,Maryland (State),NEW HAMPSHIRE AVE,MIDLAND RD,HEAD ON LEFT TURN,CLEAR,DRY,DAWN,NO CONTROLS,NONE DETECTED,Yes,Possible Injury,NOT DISTRACTED,MD,Passenger Car,40,2011.0,Gmc,TK,16,Monday,11
MCP9369001N,200026027,Montgomery County Police,Property Damage Crash,2020-07-05 05:30:00,County,NEEDWOOD RD,BEGIN BRIDGE,SINGLE VEHICLE,CLEAR,DRY,DAWN,NO CONTROLS,NONE DETECTED,Yes,No Apparent Injury,NOT DISTRACTED,MD,Passenger Car,35,2007.0,Hynd,TIBURON,5,Sunday,7
MCP30860069,220000905,Montgomery County Police,Injury Crash,2022-01-08 14:10:00,County,CENTERWAY RD,CLUB HOUSE RD,ANGLE MEETS LEFT TURN,CLEAR,DRY,DAYLIGHT,TRAFFIC SIGNAL,NONE DETECTED,Yes,Possible Injury,LOOKED BUT DID NOT SEE,MD,Passenger Car,35,2011.0,Hyundai,SONATA,14,Saturday,1
MCP3195002S,210039308,Montgomery County Police,Property Damage Crash,2021-10-03 15:43:00,County,CALVERTON BLVD,GRACEFIELD RD,STRAIGHT MOVEMENT ANGLE,CLEAR,DRY,DAYLIGHT,STOP SIGN,NONE DETECTED,No,No Apparent Injury,NOT DISTRACTED,MD,Passenger Car,35,2008.0,Honda,CIVIC,15,Sunday,10
MCP3000001G,16058070,Montgomery County Police,Injury Crash,2016-11-10 20:12:00,Unknown,Unknown,Unknown,Unknown,CLEAR,Unknown,DARK LIGHTS ON,NO CONTROLS,NONE DETECTED,No,No Apparent Injury,NOT DISTRACTED,MD,Van,10,2010.0,Dodg,VN,20,Thursday,11
MCP29360014,16046957,Montgomery County Police,Injury Crash,2016-09-13 15:41:00,Maryland (State),CONNECTICUT AVE,CHEVY CHASE LAKE DR,SAME DIR REAR END,CLEAR,DRY,DAYLIGHT,TRAFFIC SIGNAL,NONE DETECTED,Yes,Possible Injury,INATTENTIVE OR LOST IN THOUGHT,DC,Passenger Car,35,2012.0,Mini,COOPER,15,Tuesday,9
MCP30790053,230021597,Montgomery County Police,Injury Crash,2023-05-05 18:10:00,County,BRINK RD,WOODFIELD RD,SAME DIR REAR END,CLEAR,DRY,DAYLIGHT,TRAFFIC SIGNAL,NONE DETECTED,No,No Apparent Injury,NOT DISTRACTED,MD,Passenger Car,40,2022.0,Volkswagen,TIGUAN,18,Friday,5
MCP2827000Z,15009920,Montgomery County Police,Property Damage Crash,2015-03-02 19:42:00,Maryland (State),SPENCERVILLE RD,GOOD HOPE RD,SAME DIR REAR END,CLEAR,DRY,DARK LIGHTS ON,NO CONTROLS,NONE DETECTED,Yes,No Apparent Injury,NOT DISTRACTED,MD,"Other Light Trucks (10,000Lbs (4,536Kg) Or Less)",45,1998.0,Ford,TK,19,Monday,3
MCP9438000R,15057739,MONTGOMERY,Property Damage Crash,2015-11-12 13:23:00,County,SENECA MEADOWS PKWY,GERMANTOWN RD,SINGLE VEHICLE,Unknown,WET,DAYLIGHT,NO CONTROLS,NONE DETECTED,Yes,No Apparent Injury,NOT DISTRACTED,MD,"Other Light Trucks (10,000Lbs (4,536Kg) Or Less)",25,2010.0,Chrystler,PT CRUISER,13,Thursday,11
MCP2927003W,210029742,Montgomery County Police,Property Damage Crash,2021-07-31 19:11:00,Maryland (State),GEORGIA AVE,EXIT #31,SAME DIRECTION SIDESWIPE,Unknown,DRY,DAYLIGHT,NO CONTROLS,NONE DETECTED,No,No Apparent Injury,NOT DISTRACTED,MD,Passenger Car,40,2009.0,Honda,4S,19,Saturday,7
MCP3228002F,210035645,Montgomery County Police,Injury Crash,2021-09-10 17:30:00,Maryland (State),GEORGIA AVE,WOODSIDE PKWY,SAME DIR REAR END,CLEAR,DRY,DAYLIGHT,NO CONTROLS,NONE DETECTED,Yes,No Apparent Injury,LOOKED BUT DID NOT SEE,MD,(Sport) Utility Vehicle,35,2010.0,Toyota,RAV4,17,Friday,9
MCP3263003M,230051846,Montgomery County Police,Property Damage Crash,2023-08-28 14:32:00,Maryland (State),EAST WEST HWY,BROOKVILLE RD,STRAIGHT MOVEMENT ANGLE,CLOUDY,DRY,DAYLIGHT,STOP SIGN,NONE DETECTED,No,No Apparent Injury,NOT DISTRACTED,DC,Passenger Car,35,2017.0,Toyota,RAV 4,14,Monday,8
MCP2971000Y,16007071,Montgomery County Police,Property Damage Crash,2016-02-11 10:08:00,Municipality,CHICAGO AVE,ISLINGTON ST,OPPOSITE DIRECTION SIDESWIPE,CLEAR,DRY,DAYLIGHT,NO CONTROLS,NONE DETECTED,No,No Apparent Injury,NOT DISTRACTED,MD,Passenger Car,25,2016.0,Toyota,COROLLA,10,Thursday,2
MCP2274001J,170519122,Montgomery County Police,Injury Crash,2017-07-14 16:57:00,Unknown,Unknown,Unknown,STRAIGHT MOVEMENT ANGLE,CLOUDY,Unknown,DAYLIGHT,NO CONTROLS,NONE DETECTED,Yes,No Apparent Injury,LOOKED BUT DID NOT SEE,MD,Passenger Car,15,2008.0,Honda,ODYSSEY,16,Friday,7
DD56110009,15030450,Rockville Police Departme,Property Damage Crash,2015-06-19 23:02:00,Maryland (State),HUNGERFORD DR,BEALL AVE #2,SINGLE VEHICLE,Unknown,Unknown,Unknown,OTHER,Unknown,Yes,No Apparent Injury,NOT DISTRACTED,Unknown,Passenger Car,5,2002.0,Merz,4S,23,Friday,6
MCP3254002H,220048597,Montgomery County Police,Property Damage Crash,2022-11-03 08:05:00,County,STEEPLE RD,HOPKINS RD,SAME DIRECTION RIGHT TURN,CLEAR,DRY,DAYLIGHT,STOP SIGN,UNKNOWN,Yes,No Apparent Injury,INATTENTIVE OR LOST IN THOUGHT,MD,(Sport) Utility Vehicle,30,2016.0,Honda,TK,8,Thursday,11
MCP3051005R,220044940,Montgomery County Police,Injury Crash,2022-10-13 19:05:00,Maryland (State),ROCKVILLE PIKE,OLD GEORGETOWN RD,SAME DIRECTION SIDESWIPE,CLEAR,DRY,DARK LIGHTS ON,NO CONTROLS,NONE DETECTED,No,No Apparent Injury,NOT DISTRACTED,MD,Passenger Car,35,2012.0,Bmw,335 IS,19,Thursday,10
MCP30640038,200036612,Montgomery County Police,Property Damage Crash,2020-09-18 13:30:00,Maryland (State),GEORGIA AVE,BLUERIDGE AVE,SAME DIRECTION RIGHT TURN,CLEAR,DRY,DAYLIGHT,TRAFFIC SIGNAL,NONE DETECTED,Unknown,No Apparent Injury,LOOKED BUT DID NOT SEE,MD,Passenger Car,25,2010.0,Toyota,PRIUS,13,Friday,9
MCP3067003L,250049847,MONTGOMERY,Property Damage Crash,2025-11-06 12:30:00,County Route,WASHINGTON GROVE LA,Unknown,"Sideswipe, Opposite Direction",Clear,Dry,Daylight,No Controls,"Not Suspect of Alcohol Use, Not Suspect of Drug Use",Yes,No Apparent Injury,Not Distracted,MD,Passenger Car,30,2023.0,Tesla,MODEL 3,12,Thursday,11
MCP2904001S,16006097,Montgomery County Police,Property Damage Crash,2016-02-05 19:27:00,Maryland (State),NEW HAMPSHIRE AVE,ADELPHI RD,SAME DIR BOTH LEFT TURN,CLEAR,DRY,DARK NO LIGHTS,TRAFFIC SIGNAL,UNKNOWN,Yes,No Apparent Injury,UNKNOWN,Unknown,Passenger Car,40,2005.0,Toyota,CAMRY,19,Friday,2
MCP2830002L,17001763,Montgomery County Police,Property Damage Crash,2017-01-11 08:13:00,County,BRIGHTON DAM RD,NEW HAMPSHIRE AVE,SINGLE VEHICLE,Unknown,WET,Unknown,NO CONTROLS,NONE DETECTED,Yes,No Apparent Injury,NOT DISTRACTED,MD,Pickup Truck,30,2008.0,Nissan,TK,8,Wednesday,1
MCP2928000B,15021072,Montgomery County Police,Property Damage Crash,2015-05-04 11:57:00,US (State),COLESVILLE RD,FENTON ST,OTHER,CLEAR,DRY,DAYLIGHT,NO CONTROLS,NONE DETECTED,No,No Apparent Injury,NOT DISTRACTED,MD,Passenger Car,15,2014.0,Hyundai,ELANTRA,11,Monday,5
MCP28320011,15006273,Montgomery County Police,Property Damage Crash,2015-02-07 14:29:00,County,NICHOLSON LA,ROCKVILLE PIKE,SAME DIR REAR END,CLEAR,Unknown,DAYLIGHT,TRAFFIC SIGNAL,UNKNOWN,Yes,No Apparent Injury,UNKNOWN,US,(Sport) Utility Vehicle,30,9999.0,Hyun/Hon,UNK,14,Saturday,2
EJ7899000D,230001993,Gaithersburg Police Depar,Property Damage Crash,2023-01-12 21:41:00,Maryland (State),FREDERICK RD,MONTGOMERY VILLAGE AVE,SINGLE VEHICLE,RAINING,WET,DARK LIGHTS ON,TRAFFIC SIGNAL,Unknown,Yes,No Apparent Injury,NOT DISTRACTED,MD,Passenger Car,35,2016.0,Hyun,4S,21,Thursday,1
MCP31610022,190059526,Montgomery County Police,Property Damage Crash,2019-12-10 15:30:00,County,DENFELD AVE,BRANDYWINE ST,SAME DIRECTION SIDESWIPE,RAINING,WET,DAYLIGHT,NO CONTROLS,NONE DETECTED,No,No Apparent Injury,NOT DISTRACTED,MD,Passenger Car,25,2019.0,Toyota,CAMRY,15,Tuesday,12
MCP24200015,15064774,MONTGOMERY,Property Damage Crash,2015-12-18 18:34:00,Maryland (State),OLNEY LAYTONSVILLE RD,BRIARS RD,STRAIGHT MOVEMENT ANGLE,CLEAR,DRY,DARK LIGHTS ON,NO CONTROLS,NONE DETECTED,Yes,No Apparent Injury,NOT DISTRACTED,MD,Passenger Car,30,2012.0,Toyt,4S,18,Friday,12
DD5651000F,210030020,Rockville Police Departme,Property Damage Crash,2021-08-02 17:50:00,Municipality,EDMONSTON DR,ROCKVILLE PIKE,SAME DIR REAR END,CLEAR,DRY,DAYLIGHT,TRAFFIC SIGNAL,Unknown,No,No Apparent Injury,NOT DISTRACTED,MD,Police Vehicle/Emergency,25,2015.0,Chev,TK,17,Monday,8
MCP1128004J,16030287,Montgomery County Police,Injury Crash,2016-06-15 17:18:00,County,GREENTREE RD,OLD GEORGETOWN RD,HEAD ON LEFT TURN,CLEAR,DRY,DAYLIGHT,TRAFFIC SIGNAL,NONE DETECTED,Yes,No Apparent Injury,LOOKED BUT DID NOT SEE,MD,Pickup Truck,35,2003.0,Ford,F150,17,Wednesday,6
MCP2767000S,15021118,Montgomery County Police,Injury Crash,2015-05-04 14:55:00,Maryland (State),VEIRS MILL RD,UNIVERSITY BLVD W,STRAIGHT MOVEMENT ANGLE,CLEAR,DRY,DAYLIGHT,Unknown,NONE DETECTED,No,Suspected Serious Injury,NOT DISTRACTED,MD,Motorcycle,45,1996.0,Honda,MC,14,Monday,5
MCP31510013,190019889,Montgomery County Police,Injury Crash,2019-04-28 11:30:00,Maryland (State),RIVER RD,LAKE POTOMAC DR,ANGLE MEETS LEFT TURN,CLOUDY,WET,DAYLIGHT,STOP SIGN,NONE DETECTED,Yes,No Apparent Injury,LOOKED BUT DID NOT SEE,MD,Passenger Car,50,2018.0,Honda,ODYSSEY,11,Sunday,4
MCP2987000Y,16043045,Montgomery County Police,Injury Crash,2016-08-24 15:16:00,US (State),COLESVILLE RD,TIMBERWOOD AVE,SAME DIR REAR END,CLEAR,DRY,DAYLIGHT,NO CONTROLS,NONE DETECTED,Yes,No Apparent Injury,INATTENTIVE OR LOST IN THOUGHT,MD,Passenger Car,40,2010.0,Toyota,COROLLA,15,Wednesday,8
MCP2986000C,16006089,Montgomery County Police,Property Damage Crash,2016-02-05 17:27:00,County,WOODLAND DR,GRACE CHURCH RD,SAME DIRECTION SIDESWIPE,Unknown,DRY,DAYLIGHT,STOP SIGN,NONE DETECTED,No,No Apparent Injury,NOT DISTRACTED,MD,Passenger Car,30,2016.0,Toyota,COROLLA,17,Friday,2
MCP27570018,16036649,Montgomery County Police,Property Damage Crash,2016-07-20 02:41:00,County,BLUHILL RD,FLORAL ST,SAME DIR REAR END,CLOUDY,WET,DARK LIGHTS ON,NO CONTROLS,ALCOHOL PRESENT,Yes,No Apparent Injury,UNKNOWN,MD,Passenger Car,25,2006.0,Mits,GALANT,2,Wednesday,7
MCP3290004M,250049856,MONTGOMERY,Property Damage Crash,2025-11-06 12:59:00,Maryland (State) Route,GEORGIA AVE,Unknown,"Sideswipe, Same Direction",Clear,Dry,Daylight,No Controls,"Not Suspect of Alcohol Use, Not Suspect of Drug Use",No,No Apparent Injury,Not Distracted,MD,Passenger Car,35,2022.0,Honda,ODYSSEY,12,Thursday,11
MCP23940058,240015776,MONTGOMERY,Property Damage Crash,2024-04-04 17:35:00,County Route,SEMINARY RD,WARREN ST,Front to Front,Clear,Dry,Daylight,Stop Sign,"Not Suspect of Alcohol Use, Not Suspect of Drug Use",Yes,No Apparent Injury,Not Distracted,MD,Sport Utility Vehicle,30,2019.0,Mazda,CX-5,17,Thursday,4
DD5638003F,210045531,Rockville Police Departme,Property Damage Crash,2021-11-10 11:15:00,Municipality,W GUDE DR,RESEARCH BLVD,STRAIGHT MOVEMENT ANGLE,CLEAR,DRY,DAYLIGHT,TRAFFIC SIGNAL,NONE DETECTED,No,No Apparent Injury,NOT DISTRACTED,MD,Passenger Car,40,2019.0,Alfa,Q4,11,Wednesday,11
MCP2946000L,15034037,MONTGOMERY,Injury Crash,2015-07-11 13:30:00,Maryland (State),FREDERICK RD,MILESTONE MANOR LA,OTHER,CLEAR,DRY,DAYLIGHT,NO CONTROLS,NONE DETECTED,Yes,No Apparent Injury,UNKNOWN,MD,Passenger Car,40,2013.0,Toyota,HIGHLANDER,13,Saturday,7
MCP3026005T,200046236,Montgomery County Police,Property Damage Crash,2020-11-23 08:12:00,Maryland (State),CONNECTICUT AVE,DUPONT AVE,SAME DIRECTION LEFT TURN,CLEAR,DRY,DAYLIGHT,TRAFFIC SIGNAL,NONE DETECTED,Yes,No Apparent Injury,NOT DISTRACTED,MD,Passenger Car,35,2010.0,Niss,MAXIMA,8,Monday,11
MCP3231001G,250005737,MONTGOMERY,Property Damage Crash,2025-02-08 02:55:00,Unknown,Unknown,Unknown,Angle,Clear,Unknown,Dark - Lighted,Unknown,"Not Suspect of Alcohol Use, Not Suspect of Drug Use",No,No Apparent Injury,Not Distracted,MD,Passenger Car,0,2014.0,Volkswagen,PASSAT,2,Saturday,2
MCP3044003Y,190044991,Montgomery County Police,Injury Crash,2019-09-19 21:37:00,County,CASTLE BLVD,BRIGGS CHANEY RD,ANGLE MEETS RIGHT TURN,CLEAR,DRY,DARK LIGHTS ON,TRAFFIC SIGNAL,Unknown,No,Possible Injury,NOT DISTRACTED,DC,(Sport) Utility Vehicle,25,2012.0,Niss,TK,21,Thursday,9
DD5616001F,16057640,Rockville Police Departme,Injury Crash,2016-11-08 17:07:00,Maryland (State),VEIRS MILL RD,TWINBROOK PKWY,SAME DIR REAR END,CLEAR,DRY,DUSK,TRAFFIC SIGNAL,NONE DETECTED,Yes,No Apparent Injury,NOT DISTRACTED,MD,Passenger Car,40,2015.0,Chevy,CRUZE,17,Tuesday,11
MCP2872002X,250012798,MONTGOMERY,Property Damage Crash,2025-03-24 09:40:00,County Route,E RANDOLPH RD (WB/L),Unknown,Front to Rear,Rain,Wet,Daylight,No Controls,"Not Suspect of Alcohol Use, Not Suspect of Drug Use",No,No Apparent Injury,Not Distracted,MD,Sport Utility Vehicle,35,2006.0,Land Rover,RANGE ROVER SPORT,9,Monday,3
HA2451000W,P243540530,MCPARK,Property Damage Crash,2024-12-19 21:45:00,Maryland (State) Route,UNIVERSITY BLVD W,SLIGO CREEK PKWY,Rear To Side,Clear,Dry,Dark - Lighted,Traffic Control Signal,"Not Suspect of Alcohol Use, Not Suspect of Drug Use",No,No Apparent Injury,Not Distracted,MD,Passenger Car,35,2014.0,Ford,ESCAPE,21,Thursday,12
HA24830013,22001946,Maryland-National Capital,Property Damage Crash,2022-11-05 22:02:00,Maryland (State),ROCKVILLE PIKE,SPUR TO MD 28,SAME DIRECTION RIGHT TURN,CLEAR,DRY,DARK LIGHTS ON,TRAFFIC SIGNAL,NONE DETECTED,No,No Apparent Injury,NOT DISTRACTED,MD,Passenger Car,35,2016.0,Ford,TK,22,Saturday,11
MCP2723007B,230035094,Montgomery County Police,Property Damage Crash,2023-07-23 18:00:00,Maryland (State),GEORGIA AVE,GLENALLAN AVE,SAME DIR REAR END,CLEAR,DRY,DAYLIGHT,TRAFFIC SIGNAL,NONE DETECTED,No,No Apparent Injury,NOT DISTRACTED,MD,Passenger Car,35,2019.0,Toyota,RAV4,18,Sunday,7
MCP23110012,15052491,MONTGOMERY,Property Damage Crash,2015-10-16 03:50:00,County,MONTGOMERY VILLAGE AVE,STEDWICK RD,STRAIGHT MOVEMENT ANGLE,CLEAR,DRY,DARK LIGHTS ON,TRAFFIC SIGNAL,UNKNOWN,Yes,No Apparent Injury,UNKNOWN,MD,Pickup Truck,35,1999.0,Dodge,TRUCK,3,Friday,10
MCP28450069,200007661,Montgomery County Police,Injury Crash,2020-02-15 09:00:00,Maryland (State),NEW HAMPSHIRE AVE,NORTHWEST DR,SAME DIR REAR END,CLEAR,DRY,DAYLIGHT,TRAFFIC SIGNAL,NONE DETECTED,No,No Apparent Injury,NOT DISTRACTED,MD,(Sport) Utility Vehicle,40,2019.0,Toyota,HIGHLANDER,9,Saturday,2
MCP26890017,15051261,MONTGOMERY,Property Damage Crash,2015-10-09 14:34:00,Maryland (State),ROCKVILLE PIKE,TWINBROOK PKWY,SAME DIR REAR END,CLOUDY,DRY,DAYLIGHT,Unknown,NONE DETECTED,Yes,No Apparent Injury,UNKNOWN,VA,Passenger Car,35,2010.0,Nissan,ALTIMA,14,Friday,10
MCP2611000Q,15041165,MONTGOMERY,Property Damage Crash,2015-08-17 17:30:00,County,E RANDOLPH RD,NEW HAMPSHIRE AVE,SAME DIR REAR END,CLEAR,DRY,DAYLIGHT,NO CONTROLS,NONE DETECTED,Yes,No Apparent Injury,INATTENTIVE OR LOST IN THOUGHT,MD,(Sport) Utility Vehicle,50,2007.0,Toyt,2S,17,Monday,8
MCP1113003G,200032354,Montgomery County Police,Property Damage Crash,2020-08-19 06:12:00,Maryland (State),RIDGE RD,PREAKNESS DR,HEAD ON,RAINING,WET,DAWN,NO CONTROLS,NONE DETECTED,No,No Apparent Injury,NOT DISTRACTED,MD,Pickup Truck,40,2020.0,Ford,F250,6,Wednesday,8
MCP2678005W,250040437,MONTGOMERY,Property Damage Crash,2025-09-09 10:22:00,Maryland (State) Route,VEIRS MILL RD (WB/L),CLARIDGE RD,Front to Rear,Clear,Dry,Daylight,Traffic Control Signal,"Not Suspect of Alcohol Use, Not Suspect of Drug Use",No,No Apparent Injury,Not Distracted,MD,Passenger Car,35,2012.0,Lexus,ES,10,Tuesday,9
MCP3148000Y,190000958,Montgomery County Police,Property Damage Crash,2019-01-06 17:48:00,County,TUCKERMAN LA,OLD GEORGETOWN RD,SAME DIR REND RIGHT TURN,CLEAR,DRY,DARK LIGHTS ON,TRAFFIC SIGNAL,NONE DETECTED,Yes,No Apparent Injury,LOOKED BUT DID NOT SEE,MD,Passenger Car,40,2016.0,Suba,4S,17,Sunday,1
MCP1550000V,15002625,Montgomery County Police,Property Damage Crash,2015-01-16 18:15:00,Interstate (State),CAPITAL BELTWAY,CONNECTICUT AVE,SAME DIR REAR END,CLEAR,DRY,DARK LIGHTS ON,NO CONTROLS,NONE DETECTED,No,No Apparent Injury,NOT DISTRACTED,MD,Passenger Car,55,2004.0,Honda,ACCORD,18,Friday,1
MCP2231001R,16002591,Montgomery County Police,Property Damage Crash,2016-01-14 14:36:00,Other Public Roadway,MONTROSE PKWY,ENT TO BUSINESS,HEAD ON LEFT TURN,CLEAR,DRY,DAYLIGHT,TRAFFIC SIGNAL,NONE DETECTED,Yes,No Apparent Injury,UNKNOWN,MD,Passenger Car,35,2013.0,Ford,TAURUS,14,Thursday,1
MCP25520020,170524140,Montgomery County Police,Injury Crash,2017-08-10 17:12:00,Maryland (State),NORBECK RD,BALTIMORE RD,STRAIGHT MOVEMENT ANGLE,CLEAR,DRY,DAYLIGHT,TRAFFIC SIGNAL,Unknown,Yes,Suspected Minor Injury,UNKNOWN,XX,Passenger Car,35,2014.0,Toyota,COROLLA,17,Thursday,8
MCP2927003X,210030709,Montgomery County Police,Property Damage Crash,2021-08-07 15:53:00,Interstate (State),CAPITAL BELTWAY,GEORGIA AVE,SAME DIR REAR END,UNKNOWN,UNKNOWN,DAYLIGHT,NO CONTROLS,NONE DETECTED,No,No Apparent Injury,NOT DISTRACTED,MD,Passenger Car,25,2017.0,Chrysler,PACIFICA,15,Saturday,8