Report Number,Local Case Number,Agency Name,ACRS Report Type,Crash Date/Time,Route Type,Road Name,Cross-Street Name,Collision Type,Weather,Surface Condition,Light,Traffic Control,Driver Substance Abuse,Driver At Fault,Injury Severity,Driver Distracted By,Drivers License State,Vehicle Body Type,Speed Limit,Vehicle Year,Vehicle Make,Vehicle Model,Crash Hour,Crash Day,Crash Month
EJ77810007,15002890,Gaithersburg Police Depar,Property Damage Crash,2015-01-18 13:00:00,Municipality,RUSSELL AVE,ODENDHAL AVE,HEAD ON LEFT TURN,CLOUDY,WET,DAYLIGHT,TRAFFIC SIGNAL,Unknown,No,No Apparent Injury,NOT DISTRACTED,MD,Passenger Car,35,1998.0,Toyt,CAMRY LE,13,Sunday,1
MCP2583002S,230004161,Montgomery County Police,Injury Crash,2023-01-25 17:57:00,Maryland (State),KEY WEST AVE,SPUR FR SHADY GROVE RD,SAME DIR BOTH LEFT TURN,RAINING,WET,DUSK,TRAFFIC SIGNAL,Unknown,Yes,No Apparent Injury,UNKNOWN,Unknown,(Sport) Utility Vehicle,40,2018.0,Jeep,WRANGLER,17,Wednesday,1
MCP1342002M,190038275,Montgomery County Police,Property Damage Crash,2019-08-11 09:33:00,County,MUDDY BRANCH RD,FORREST LANDING WAY,SINGLE VEHICLE,CLEAR,DRY,DAYLIGHT,NO CONTROLS,NONE DETECTED,Yes,No Apparent Injury,OTHER CELLULAR PHONE RELATED,MD,Passenger Car,35,2016.0,Hyun,TK,9,Sunday,8
MCP28670018,15021929,Montgomery County Police,Property Damage Crash,2015-05-08 11:56:00,Unknown,Unknown,Unknown,OTHER,CLEAR,Unknown,Unknown,NO CONTROLS,Unknown,Yes,No Apparent Injury,UNKNOWN,Unknown,Pickup Truck,0,2005.0,Ford,TRUCK,11,Friday,5
MCP3325000Y,220030579,Montgomery County Police,Property Damage Crash,2022-07-16 15:42:00,US (State),COLUMBIA PIKE,BLACKBURN RD,SAME DIR REAR END,CLEAR,DRY,DAYLIGHT,TRAFFIC SIGNAL,NONE DETECTED,Yes,No Apparent Injury,INATTENTIVE OR LOST IN THOUGHT,MD,Passenger Car,55,2004.0,Toyt,4S,15,Saturday,7
MCP28440013,15054834,MONTGOMERY,Injury Crash,2015-10-28 17:09:00,County,VEIRS MILL SERV RD,COLLEGE VIEW DR,SAME DIR REAR END,RAINING,WET,DAYLIGHT,NO CONTROLS,NONE DETECTED,Yes,No Apparent Injury,LOOKED BUT DID NOT SEE,MD,Passenger Car,40,2013.0,Toyota,COROLLA,17,Wednesday,10
MCP2534005N,250044993,MONTGOMERY,Property Damage Crash,2025-10-06 22:19:00,County Route,ZION RD,OLNEY LAYTONSVILLE RD,Angle,Clear,Dry,Dark - Lighted,No Controls,"Not Suspect of Alcohol Use, Not Suspect of Drug Use",Yes,No Apparent Injury,Not Distracted,MD,Passenger Car,50,2021.0,Toyota,CAMRY,22,Monday,10
MCP2251000T,15013139,Montgomery County Police,Property Damage Crash,2015-03-22 06:39:00,Maryland (State),NEW HAMPSHIRE AVE,SPENCERVILLE RD,HEAD ON,CLEAR,DRY,DARK NO LIGHTS,NO CONTROLS,NONE DETECTED,Yes,No Apparent Injury,DISTRACTED BY OUTSIDE PERSON OBJECT OR EVENT,MD,Passenger Car,40,2009.0,Vw,JETTA,6,Sunday,3
MCP3085005Z,250014060,MONTGOMERY,Injury Crash,2025-03-31 19:23:00,Maryland (State) Route,BRADLEY BLVD (SB/L),Unknown,Other,Rain,Wet,Dark - Lighted,Traffic Control Signal,"Not Suspect of Alcohol Use, Not Suspect of Drug Use",No,No Apparent Injury,Not Distracted,DC,Passenger Car,30,2017.0,Bmw,I3,19,Monday,3
MCP2116007B,170538794,Montgomery County Police,Property Damage Crash,2017-10-25 14:24:00,County,MONTROSE RD,SEVEN LOCKS RD,HEAD ON,CLEAR,DRY,DAYLIGHT,TRAFFIC SIGNAL,NONE DETECTED,No,No Apparent Injury,NOT DISTRACTED,MD,Passenger Car,35,2016.0,Volks,4S,14,Wednesday,10
MCP3220003L,220057035,Montgomery County Police,Property Damage Crash,2022-12-23 20:51:00,Maryland (State),MUNCASTER MILL RD,REDLAND RD,SAME DIR REAR END,CLEAR,DRY,DUSK,NO CONTROLS,NONE DETECTED,No,No Apparent Injury,NOT DISTRACTED,MD,Passenger Car,35,2017.0,Toyt,SD,20,Friday,12
MCP31380041,220003619,Montgomery County Police,Injury Crash,2022-01-27 16:22:00,Maryland (State),NORBECK RD,BAUER DR,HEAD ON LEFT TURN,CLEAR,DRY,DAYLIGHT,TRAFFIC SIGNAL,NONE DETECTED,Yes,No Apparent Injury,LOOKED BUT DID NOT SEE,MD,Passenger Car,40,2012.0,Toyt,4S,16,Thursday,1
MCP2845001L,16003630,Montgomery County Police,Property Damage Crash,2016-01-20 13:30:00,County,LORAIN AVE,TIMBERWOOD AVE,SAME DIR REAR END,CLEAR,DRY,DAYLIGHT,STOP SIGN,NONE DETECTED,No,No Apparent Injury,NOT DISTRACTED,MD,Passenger Car,30,2004.0,Hyundai,4S,13,Wednesday,1
MCP10020018,230023916,Montgomery County Police,Property Damage Crash,2023-05-18 18:15:00,Maryland (State),W DIAMOND AVE,BUREAU DR,SAME DIR REAR END,CLEAR,DRY,DAYLIGHT,Unknown,NONE DETECTED,Yes,No Apparent Injury,BY OTHER OCCUPANTS,MD,Passenger Car,35,2009.0,Honda,FIT,18,Thursday,5
DM8490002F,230007252,Takoma Park Police Depart,Property Damage Crash,2023-02-13 10:43:00,Municipality,NEW HAMPSHIRE AVE SERV RD,KIRKLYNN AVE,SAME DIRECTION RIGHT TURN,CLEAR,DRY,DAYLIGHT,TRAFFIC SIGNAL,Unknown,No,No Apparent Injury,NOT DISTRACTED,MD,Other Bus,35,2014.0,Chevy,YY,10,Monday,2
MCP2717006J,16032527,Montgomery County Police,Injury Crash,2016-06-27 15:11:00,Maryland (State),WISCONSIN AVE,S PARK AVE,SAME DIRECTION SIDESWIPE,CLEAR,DRY,DAYLIGHT,TRAFFIC SIGNAL,NONE DETECTED,No,Suspected Minor Injury,NOT DISTRACTED,MD,Passenger Car,25,2014.0,Infiniti,Q50,15,Monday,6
MCP3053000W,170543113,Montgomery County Police,Property Damage Crash,2017-11-16 06:50:00,County,CONNECTICUT AVE,BEL PRE RD,HEAD ON LEFT TURN,CLEAR,DRY,DAWN,NO CONTROLS,Unknown,No,No Apparent Injury,NOT DISTRACTED,MD,Passenger Car,30,2000.0,Ford,F150,6,Thursday,11
MCP32110033,220043208,Montgomery County Police,Property Damage Crash,2022-09-28 07:00:00,Unknown,Unknown,Unknown,OTHER,Unknown,Unknown,DAYLIGHT,NO CONTROLS,Unknown,Yes,No Apparent Injury,UNKNOWN,Unknown,Passenger Car,10,2018.0,Volkswagen,TIGUA,7,Wednesday,9
MCP1438008J,190023061,Montgomery County Police,Injury Crash,2019-05-16 08:00:00,County,MONTGOMERY VILLAGE AVE,MIDCOUNTY HWY,SAME DIRECTION SIDESWIPE,CLOUDY,WET,DAYLIGHT,TRAFFIC SIGNAL,NONE DETECTED,No,Possible Injury,NOT DISTRACTED,MD,Passenger Car,40,2019.0,Toyt,4H,8,Thursday,5
MCP295400DM,230052461,Montgomery County Police,Property Damage Crash,2023-08-31 15:38:00,County,KIMES ST,BUCKINGHAM DR,SAME DIR REAR END,CLEAR,DRY,DAYLIGHT,NO CONTROLS,UNKNOWN,Yes,No Apparent Injury,NOT DISTRACTED,Unknown,Passenger Car,0,2003.0,Gmc,YUKON,15,Thursday,8
MCP2966005H,200001324,Montgomery County Police,Injury Crash,2020-01-08 15:10:00,County,FATHER HURLEY BLVD,WYNNFIELD DR,SAME DIR REAR END,CLEAR,DRY,DAYLIGHT,NO CONTROLS,NONE DETECTED,No,Possible Injury,NOT DISTRACTED,MD,Passenger Car,35,2008.0,Toyt,4S,15,Wednesday,1
MCP3115005L,220004469,Montgomery County Police,Property Damage Crash,2022-02-02 07:50:00,Unknown,Unknown,Unknown,SAME DIR REAR END,CLOUDY,Unknown,DAYLIGHT,Unknown,UNKNOWN,Yes,No Apparent Injury,UNKNOWN,Unknown,Passenger Car,15,2016.0,Honda,CRV,7,Wednesday,2
MCP25520029,180005945,Montgomery County Police,Injury Crash,2018-02-03 20:35:00,Maryland (State),ROCKVILLE PIKE,BOU AVE,SAME DIR REAR END,CLEAR,DRY,DARK LIGHTS ON,TRAFFIC SIGNAL,Unknown,No,No Apparent Injury,NOT DISTRACTED,DC,Passenger Car,35,2015.0,Mercedez,C300,20,Saturday,2
MCP229800RC,200022715,Montgomery County Police,Injury Crash,2020-06-09 18:53:00,Interstate (State),EISENHOWER MEMORIAL HWY,FALLS RD,SAME DIRECTION SIDESWIPE,CLEAR,DRY,DAYLIGHT,FLASHING TRAFFIC SIGNAL,NONE DETECTED,No,No Apparent Injury,NOT DISTRACTED,MD,(Sport) Utility Vehicle,55,2015.0,Land Rover,TK,18,Tuesday,6
MCP289100B7,220003195,Montgomery County Police,Property Damage Crash,2022-01-25 08:27:00,Maryland (State),GEORGIA AVE,BELVEDERE BLVD,OTHER,CLEAR,DRY,DAYLIGHT,STOP SIGN,NONE DETECTED,Yes,No Apparent Injury,LOOKED BUT DID NOT SEE,MD,Passenger Car,35,2018.0,Toyota,COROLLA,8,Tuesday,1
MCP2584000D,15018284,Montgomery County Police,Injury Crash,2015-04-19 04:28:00,Maryland (State),OLNEY LAYTONSVILLE RD,DORSEY RD,SINGLE VEHICLE,CLEAR,DRY,DARK NO LIGHTS,NO CONTROLS,NONE DETECTED,Yes,Possible Injury,UNKNOWN,MD,Passenger Car,40,2005.0,Chev,EQUINOX,4,Sunday,4
MCP3139001Z,200016128,Montgomery County Police,Property Damage Crash,2020-04-15 19:15:00,Maryland (State),NEW HAMPSHIRE AVE,DILSTON RD,OTHER,Unknown,DRY,DAYLIGHT,TRAFFIC SIGNAL,NONE DETECTED,No,No Apparent Injury,NOT DISTRACTED,MD,Passenger Car,40,2016.0,Toyt,4S,19,Wednesday,4
MCP1174004S,210013382,Montgomery County Police,Property Damage Crash,2021-04-12 12:20:00,Unknown,Unknown,Unknown,STRAIGHT MOVEMENT ANGLE,CLEAR,Unknown,DAYLIGHT,NO CONTROLS,NONE DETECTED,Yes,No Apparent Injury,LOOKED BUT DID NOT SEE,MO,Passenger Car,0,2017.0,Mazda,CX5,12,Monday,4
MCP3117000J,180020808,Montgomery County Police,Property Damage Crash,2018-04-28 15:45:00,Maryland (State),ROCKVILLE PIKE,HALPINE RD,SAME DIR REAR END,CLEAR,DRY,DAYLIGHT,TRAFFIC SIGNAL,Unknown,No,No Apparent Injury,NOT DISTRACTED,MD,Passenger Car,40,2017.0,Honda,CRV,15,Saturday,4
MCP2783001R,170535508,Montgomery County Police,Property Damage Crash,2017-10-08 19:33:00,County,NEWPORT MILL RD,DAWSON AVE,ANGLE MEETS LEFT TURN,CLEAR,DRY,Unknown,STOP SIGN,ALCOHOL PRESENT,Yes,No Apparent Injury,UNKNOWN,MD,Passenger Car,25,2007.0,Nissan,QUEST,19,Sunday,10
MCP93860077,190067920,Montgomery County Police,Injury Crash,2019-12-02 06:50:00,Maryland (State),ROCKVILLE PIKE,GROSVENOR LA,SAME DIR REAR END,CLOUDY,DRY,DAWN,NO CONTROLS,NONE DETECTED,No,No Apparent Injury,NOT DISTRACTED,MD,Passenger Car,40,2013.0,Toyota,CAMRY,6,Monday,12
MCP12200038,15066528,Montgomery County Police,Injury Crash,2015-12-28 11:05:00,Maryland (State),GEORGIA AVE,COLESVILLE RD,SAME DIR REAR END,CLOUDY,DRY,DAYLIGHT,TRAFFIC SIGNAL,NONE DETECTED,Yes,No Apparent Injury,UNKNOWN,MD,Station Wagon,35,2013.0,Toyota,SIENNA,11,Monday,12
MCP2598000T,16024583,Montgomery County Police,Property Damage Crash,2016-05-17 20:38:00,Maryland (State),GEORGIA AVE,FOREST GLEN RD,STRAIGHT MOVEMENT ANGLE,RAINING,WET,DARK LIGHTS ON,TRAFFIC SIGNAL,NONE DETECTED,Yes,No Apparent Injury,NOT DISTRACTED,VA,Passenger Car,35,2009.0,Kia,BORREGO,20,Tuesday,5
MCP3339005H,250038181,MONTGOMERY,Property Damage Crash,2025-08-26 13:53:00,Spur,Unknown,RANDOLPH RD (WB/L),"Sideswipe, Same Direction",Clear,Dry,Daylight,Traffic Control Signal,"Not Suspect of Alcohol Use, Not Suspect of Drug Use",Yes,No Apparent Injury,Not Distracted,MD,Bus - School,35,2017.0,Thomas Built,HDX,13,Tuesday,8
MCP3426000V,250001053,MONTGOMERY,Property Damage Crash,2025-01-09 07:25:00,County Route,MONTROSE PKWY (WB/L),MONTROSE PKWY (WB/L) TOWNE RD,Angle,Clear,Dry,Daylight,Traffic Control Signal,"Not Suspect of Alcohol Use, Not Suspect of Drug Use",No,No Apparent Injury,Unknown,MD,Passenger Car,40,2008.0,Honda,ACCORD,7,Thursday,1
HA2433000D,17001328,Maryland-National Capital,Injury Crash,2017-10-03 17:14:00,Government,SLIGO CREEK PKWY,COLESVILLE RD,HEAD ON,Unknown,Unknown,DAYLIGHT,NO CONTROLS,Unknown,No,No Apparent Injury,NOT DISTRACTED,MD,Passenger Car,25,2011.0,Chevy,MALIBU,17,Tuesday,10
MCP28640034,180064643,Montgomery County Police,Property Damage Crash,2018-12-26 23:35:00,County,SAM EIG HWY,RAMP 1 FR IS 270 NB TO IS 370 WB,SAME DIR REAR END,CLEAR,DRY,DARK LIGHTS ON,NO CONTROLS,ALCOHOL CONTRIBUTED,Yes,No Apparent Injury,INATTENTIVE OR LOST IN THOUGHT,MD,Passenger Car,40,2005.0,Acura,TL,23,Wednesday,12
MCP32330031,220028446,Montgomery County Police,Property Damage Crash,2022-07-14 16:38:00,US (State),COLESVILLE RD,HASTINGS DR,SAME DIR BOTH LEFT TURN,CLEAR,DRY,DAYLIGHT,NO CONTROLS,NONE DETECTED,No,No Apparent Injury,NOT DISTRACTED,MD,Passenger Car,35,2011.0,Hyundai,SD,16,Thursday,7
MCP2800001K,15004879,Montgomery County Police,Property Damage Crash,2015-01-30 16:37:00,Maryland (State),ROCKVILLE PIKE,SOUTH DR,SAME DIR REAR END,CLEAR,DRY,DAYLIGHT,TRAFFIC SIGNAL,NONE DETECTED,No,No Apparent Injury,NOT DISTRACTED,MD,Passenger Car,0,2015.0,Toyta,TK,16,Friday,1
MCP33250029,230060531,Montgomery County Police,Injury Crash,2023-10-14 17:39:00,County,SHERWOOD FOREST DR,RANDOLPH RD,SINGLE VEHICLE,RAINING,WET,DUSK,Unknown,NONE DETECTED,Yes,Possible Injury,LOOKED BUT DID NOT SEE,MD,Passenger Car,40,2017.0,Dodge,CHALLENGER,17,Saturday,10
MCP233900BS,250031833,MONTGOMERY,Property Damage Crash,2025-07-16 19:45:00,Unknown,Unknown,Unknown,Front to Rear,Cloudy,Unknown,Daylight,Unknown,"Unknown, Unknown",No,No Apparent Injury,Unknown,Unknown,Passenger Car,0,1998.0,Toyota,COROLLA,19,Wednesday,7
MCP28940040,170535091,Montgomery County Police,Injury Crash,2017-10-06 09:50:00,Interstate (State),EISENHOWER MEMORIAL HWY,MONTROSE RD,SAME DIRECTION SIDESWIPE,CLEAR,DRY,DAYLIGHT,NO CONTROLS,NONE DETECTED,Yes,No Apparent Injury,NOT DISTRACTED,VA,Passenger Car,55,2013.0,Nissan,ROGUE,9,Friday,10
MCP3123001N,200022907,Montgomery County Police,Property Damage Crash,2020-06-11 01:37:00,County,MONTROSE RD,SEVEN LOCKS RD,ANGLE MEETS LEFT TURN,RAINING,WET,DARK LIGHTS ON,FLASHING TRAFFIC SIGNAL,NONE DETECTED,No,No Apparent Injury,NOT DISTRACTED,MD,"Medium/Heavy Trucks 3 Axles (Over 10,000Lbs (4,536Kg))",35,2011.0,Frht,TRUCK,1,Thursday,6
MCP3138002B,200021700,Montgomery County Police,Injury Crash,2020-06-01 20:24:00,Maryland (State),OLNEY LAYTONSVILLE RD,ZION RD,STRAIGHT MOVEMENT ANGLE,CLEAR,DRY,DAYLIGHT,Unknown,Unknown,No,No Apparent Injury,NOT DISTRACTED,MD,Pickup Truck,50,2015.0,Ford,TK,20,Monday,6
MCP3352000V,230030931,Montgomery County Police,Injury Crash,2023-06-28 15:32:00,Municipality,RUSSELL AVE,MONTGOMERY VILLAGE AVE,SAME DIR REAR END,CLEAR,DRY,DAYLIGHT,NO CONTROLS,NONE DETECTED,No,Possible Injury,NOT DISTRACTED,MD,Passenger Car,35,2023.0,Hyundai,ELANTRA,15,Wednesday,6
MCP1550002J,17002717,Montgomery County Police,Property Damage Crash,2017-01-16 10:47:00,Maryland (State),UNIVERSITY BLVD W,CONNECTICUT AVE,SAME DIRECTION SIDESWIPE,CLOUDY,DRY,DAYLIGHT,NO CONTROLS,NONE DETECTED,No,No Apparent Injury,NOT DISTRACTED,MD,(Sport) Utility Vehicle,35,2004.0,Nissan,XTERRA,10,Monday,1
MCP29140026,16000305,Montgomery County Police,Injury Crash,2016-01-02 19:12:00,US (State),COLESVILLE RD,LANARK WAY,SAME DIR REND RIGHT TURN,CLEAR,DRY,DARK LIGHTS ON,NO CONTROLS,Unknown,No,Suspected Minor Injury,NOT DISTRACTED,MD,Passenger Car,40,2013.0,Toyota,HIGHLANDER,19,Saturday,1
MCP261700BV,250035111,MONTGOMERY,Fatal Crash,2025-08-07 07:44:00,County Route,SHERWOOD FOREST DR,RANDOLPH RD (WB/L),Other,Clear,Dry,Daylight,No Controls,"Not Suspect of Alcohol Use, Not Suspect of Drug Use",No,No Apparent Injury,Not Distracted,MD,Sport Utility Vehicle,40,2025.0,Buick,ENVISTA,7,Thursday,8
MCP32900015,220000277,Montgomery County Police,Property Damage Crash,2022-01-03 12:07:00,County,WAYNE AVE,GEORGIA AVE,SAME DIR REAR END,SNOW,SNOW,DAYLIGHT,TRAFFIC SIGNAL,NONE DETECTED,Yes,No Apparent Injury,UNKNOWN,MD,Transit Bus,25,2009.0,Gill,BUS,12,Monday,1
MCP12510012,170509008,Montgomery County Police,Property Damage Crash,2017-05-21 09:48:00,County,FALLS RD,RIVER RD,SAME DIR REAR END,CLOUDY,DRY,DAYLIGHT,Unknown,Unknown,Yes,No Apparent Injury,NOT DISTRACTED,MD,Passenger Car,30,2009.0,Hond,ACCORD,9,Sunday,5
MCP2723000R,15037232,MONTGOMERY,Injury Crash,2015-07-28 08:49:00,Maryland (State),NORBECK RD,WHITEHAVEN RD,OPPOSITE DIRECTION SIDESWIPE,"BLOWING SAND, SOIL, DIRT",DRY,DAYLIGHT,NO CONTROLS,Unknown,No,No Apparent Injury,NOT DISTRACTED,MD,Passenger Car,40,2010.0,Ford,FUSION,8,Tuesday,7
MCP28610015,15041157,MONTGOMERY,Property Damage Crash,2015-08-17 16:50:00,County,SEVEN LOCKS RD,DEMOCRACY BLVD,SAME DIR REAR END,CLEAR,Unknown,DAYLIGHT,NO CONTROLS,NONE DETECTED,No,No Apparent Injury,NOT DISTRACTED,MD,Passenger Car,35,2013.0,Toyt,4S,16,Monday,8
MCP31580010,190001792,Montgomery County Police,Property Damage Crash,2019-01-11 14:45:00,Unknown,RIDGE RD,APPLE ORCHHARD WAY,HEAD ON,CLEAR,DRY,DAYLIGHT,NO CONTROLS,NONE DETECTED,No,No Apparent Injury,NOT DISTRACTED,DC,Passenger Car,45,2015.0,Volk,4D,14,Friday,1
MCP2046005J,16026166,Montgomery County Police,Injury Crash,2016-05-26 08:49:00,US (State),COLUMBIA PIKE,MUSGROVE RD,SAME DIR REAR END,CLEAR,DRY,DAYLIGHT,TRAFFIC SIGNAL,NONE DETECTED,Yes,Suspected Minor Injury,NOT DISTRACTED,XX,Van,50,2016.0,Ford,VN,8,Thursday,5
MCP2820001K,15045897,MONTGOMERY,Property Damage Crash,2015-09-11 09:03:00,County,RANDOLPH RD,ATHERTON DR,SAME DIRECTION SIDESWIPE,Unknown,DRY,DAYLIGHT,STOP SIGN,NONE DETECTED,No,No Apparent Injury,NOT DISTRACTED,MD,Passenger Car,35,2014.0,Chevrolet,SUBURBAN,9,Friday,9
MCP29310074,240038594,MONTGOMERY,Injury Crash,2024-08-15 17:03:00,Municipality Route,ATLANTIC AVE,VEIRS MILL RD,Rear To Side,Clear,Dry,Daylight,Traffic Control Signal,"Not Suspect of Alcohol Use, Not Suspect of Drug Use",Yes,No Apparent Injury,Not Distracted,MD,Passenger Car,35,2012.0,Honda,CIVIC,17,Thursday,8
MCP2977000M,15029612,Montgomery County Police,Injury Crash,2015-06-17 21:32:00,Maryland (State),UNIVERSITY BLVD E,PINEY BRANCH RD,SAME DIRECTION SIDESWIPE,CLEAR,DRY,DARK LIGHTS ON,TRAFFIC SIGNAL,NONE DETECTED,Yes,No Apparent Injury,UNKNOWN,MD,Passenger Car,40,2000.0,Hond,ACCORD,21,Wednesday,6
MCP26560044,190028680,Montgomery County Police,Injury Crash,2019-06-15 20:25:00,US (State),COLUMBIA PIKE,STEWART LA,STRAIGHT MOVEMENT ANGLE,CLEAR,DRY,DARK LIGHTS ON,TRAFFIC SIGNAL,Unknown,Yes,Possible Injury,LOOKED BUT DID NOT SEE,MD,Passenger Car,50,2011.0,Toyota,CAMRY,20,Saturday,6
MCP3079007P,250048680,MONTGOMERY,Injury Crash,2025-10-30 08:12:00,Maryland (State) Route,CLOPPER RD,SCHAEFFER RD,Angle,Rain,Wet,Daylight,Stop Sign,"Not Suspect of Alcohol Use, Not Suspect of Drug Use",Yes,Possible Injury,Not Distracted,MD,Passenger Car,30,2022.0,Toyota,COROLLA CROSS,8,Thursday,10
MCP1565002J,170534275,Montgomery County Police,Property Damage Crash,2017-10-02 07:41:00,Maryland (State),GEORGIA AVE,EPPING RD,STRAIGHT MOVEMENT ANGLE,CLEAR,DRY,DAYLIGHT,NO CONTROLS,NONE DETECTED,Yes,No Apparent Injury,UNKNOWN,MD,(Sport) Utility Vehicle,45,2006.0,Lexus,GX470,7,Monday,10
EJ78930031,240019609,GAITHERSBURG,Injury Crash,2024-04-26 22:54:00,Local Route,POTOMAC VALLEY SC ENT,DARNESTOWN RD,Angle,Clear,Dry,Dark - Lighted,Traffic Control Signal,"Not Suspect of Alcohol Use, Not Suspect of Drug Use",Yes,No Apparent Injury,Not Distracted,OH,Passenger Car,40,2011.0,Lexus,RX,22,Friday,4
MCP33770011,240012503,MONTGOMERY,Property Damage Crash,2024-03-15 14:33:00,County Route,WILTON AVE,Unknown,Single Vehicle,Clear,Dry,Daylight,No Controls,"Not Suspect of Alcohol Use, Not Suspect of Drug Use",Yes,No Apparent Injury,Not Distracted,MD,Bus - Transit,5,2014.0,Gillig,CITY TRANSIT BUS,14,Friday,3
MCP26070019,16012180,MONTGOMERY,Injury Crash,2016-03-11 17:48:00,Interstate (State),EISENHOWER MEMORIAL HWY,RAMP 4 FR IS 270 NB TO MD 124 EB,SAME DIR REAR END,CLEAR,DRY,DAYLIGHT,NO CONTROLS,NONE DETECTED,No,Suspected Minor Injury,NOT DISTRACTED,MD,Passenger Car,55,2000.0,Hond,VN,17,Friday,3
EJ7777001J,170539425,Gaithersburg Police Depar,Property Damage Crash,2017-10-28 10:46:00,Unknown,Unknown,Unknown,SAME DIR REAR END,CLEAR,Unknown,DAYLIGHT,Unknown,NONE DETECTED,No,No Apparent Injury,NOT DISTRACTED,MD,(Sport) Utility Vehicle,15,2010.0,Ford,ESCAPE,10,Saturday,10
MCP3003001R,170545209,Montgomery County Police,Injury Crash,2017-11-27 17:00:00,Maryland (State),GERMANTOWN RD,RAMP 9 FR RAMP 4 (FR IS270) TO MD 118 EB,SAME DIR REAR END,CLEAR,DRY,DARK LIGHTS ON,TRAFFIC SIGNAL,NONE DETECTED,No,No Apparent Injury,NOT DISTRACTED,MD,Other,40,2007.0,Mercedes,R500,17,Monday,11
MCP3109003L,190055595,Montgomery County Police,Property Damage Crash,2019-11-18 09:55:00,County,CAMERON ST,GEORGIA AVE,SAME DIRECTION SIDESWIPE,CLOUDY,WET,DAYLIGHT,NO CONTROLS,NONE DETECTED,No,No Apparent Injury,NOT DISTRACTED,MD,Transit Bus,30,2009.0,Gilli,BUS,9,Monday,11
MCP31800029,210018171,Montgomery County Police,Property Damage Crash,2021-05-14 15:04:00,Maryland (State),NEW HAMPSHIRE AVE,E RANDOLPH RD,SAME DIRECTION SIDESWIPE,CLEAR,DRY,DAYLIGHT,TRAFFIC SIGNAL,NONE DETECTED,No,No Apparent Injury,NOT DISTRACTED,MD,School Bus,35,2018.0,Thomas,BUS,15,Friday,5
MCP9113001J,16025765,Montgomery County Police,Property Damage Crash,2016-05-24 10:13:00,County,HATHAWAY DR,FLACK ST,STRAIGHT MOVEMENT ANGLE,CLEAR,DRY,DAYLIGHT,STOP SIGN,NONE DETECTED,Yes,No Apparent Injury,NOT DISTRACTED,DC,Passenger Car,25,2014.0,Ford,FOCUS,10,Tuesday,5
MCP3225002B,220001885,Montgomery County Police,Property Damage Crash,2022-01-15 18:50:00,Maryland (State),GEORGIA AVE,HEWITT AVE,HEAD ON LEFT TURN,CLEAR,DRY,DARK LIGHTS ON,TRAFFIC SIGNAL,NONE DETECTED,No,No Apparent Injury,NOT DISTRACTED,MD,"Other Light Trucks (10,000Lbs (4,536Kg) Or Less)",35,2018.0,Nissan,ROGUE,18,Saturday,1
EJ7833008R,250060080,GAITHERSBURG,Injury Crash,2025-02-10 18:29:00,Maryland (State) Route,FREDERICK RD,Unknown,Other,Cloudy,Dry,Dark - Lighted,No Controls,"Not Suspect of Alcohol Use, Not Suspect of Drug Use",No,No Apparent Injury,Not Distracted,MD,Passenger Car,10,2017.0,Dodge,CHARGER,18,Monday,2
EJ7902001F,240033147,GAITHERSBURG,Property Damage Crash,2024-07-14 00:24:00,Municipality Route,KENTLANDS BLVD,GREAT SENECA HWY (SB/L),Angle,Clear,Dry,Dark - Lighted,Traffic Control Signal,"Suspect of Alcohol Use, Unknown",Yes,No Apparent Injury,Unknown,MD,Passenger Car,25,2016.0,Mercedes-Benz,C-CLASS,0,Sunday,7
MCP32820018,220018297,Montgomery County Police,Injury Crash,2022-04-29 21:53:00,Maryland (State),GERMANTOWN RD,CRYSTAL ROCK DR,HEAD ON LEFT TURN,CLEAR,DRY,DARK LIGHTS ON,TRAFFIC SIGNAL,NONE DETECTED,Yes,No Apparent Injury,LOOKED BUT DID NOT SEE,MD,Passenger Car,40,2005.0,Niss,PATHFINDER,21,Friday,4
MCP31120029,190022941,Montgomery County Police,Property Damage Crash,2019-05-15 13:54:00,Maryland (State),WISCONSIN AVE,BRADLEY LA,SAME DIRECTION SIDESWIPE,CLEAR,DRY,DAYLIGHT,NO CONTROLS,NONE DETECTED,Unknown,No Apparent Injury,NOT DISTRACTED,MD,"Cargo Van/Light Truck 2 Axles (Over 10,000Lbs (4,536 Kg))",25,2020.0,Frht,TK,13,Wednesday,5
MCP2445007H,250044109,MONTGOMERY,Property Damage Crash,2025-10-01 10:10:00,Unknown,Unknown,Unknown,Front to Front,Clear,Unknown,Daylight,Unknown,"Not Suspect of Alcohol Use, Not Suspect of Drug Use",Yes,No Apparent Injury,Not Distracted,MD,Sport Utility Vehicle,0,2008.0,Honda,CR-V,10,Wednesday,10
MCP2290002H,200023756,Montgomery County Police,Injury Crash,2020-06-17 14:45:00,Maryland (State),FREDERICK RD,REDLAND RD,SAME DIR REAR END,CLEAR,DRY,DAYLIGHT,TRAFFIC SIGNAL,UNKNOWN,Yes,Possible Injury,UNKNOWN,MD,Passenger Car,40,2006.0,Nissan,SENTRA,14,Wednesday,6
HA24500001,18000391,Maryland-National Capital,Property Damage Crash,2018-04-12 11:26:00,Government,SLIGO CREEK PKWY,UNIVERSITY BLVD W,OTHER,CLEAR,DRY,DAYLIGHT,Unknown,NONE DETECTED,Yes,No Apparent Injury,LOOKED BUT DID NOT SEE,MD,Passenger Car,25,2016.0,Ford,F250,11,Thursday,4