Report Number,Local Case Number,Agency Name,ACRS Report Type,Crash Date/Time,Route Type,Road Name,Cross-Street Name,Collision Type,Weather,Surface Condition,Light,Traffic Control,Driver Substance Abuse,Driver At Fault,Injury Severity,Driver Distracted By,Drivers License State,Vehicle Body Type,Speed Limit,Vehicle Year,Vehicle Make,Vehicle Model,Crash Hour,Crash Day,Crash Month
MCP268900CZ,250034966,MONTGOMERY,Property Damage Crash,2025-08-05 10:26:00,Unknown,Unknown,Unknown,Front to Rear,Cloudy,Unknown,Daylight,Unknown,"Not Suspect of Alcohol Use, Not Suspect of Drug Use",Yes,No Apparent Injury,Not Distracted,MD,Passenger Car,0,2018.0,Ford,TAURUS,10,Tuesday,8
MCP3170002C,220005386,Montgomery County Police,Property Damage Crash,2022-02-07 21:00:00,Maryland (State),CLOPPER RD,GERMANTOWN RD,ANGLE MEETS LEFT TURN,RAINING,WET,DARK LIGHTS ON,TRAFFIC SIGNAL,NONE DETECTED,No,No Apparent Injury,NOT DISTRACTED,MD,Passenger Car,40,2001.0,Dodg,PK,21,Monday,2
MCP28910028,16020385,Montgomery County Police,Injury Crash,2016-04-25 16:04:00,Maryland (State),GEORGIA AVE,RAMP 8 FR MD 97 SB TO IS 495 WB,SAME DIRECTION SIDESWIPE,CLEAR,DRY,DAYLIGHT,Unknown,NONE DETECTED,Yes,No Apparent Injury,NOT DISTRACTED,MD,Passenger Car,35,2013.0,Toyota,COROLLA,16,Monday,4
MCP2770000G,15000545,Montgomery County Police,Injury Crash,2015-01-04 11:28:00,County,BRINK RD,HUNTMASTER RD,SAME DIR REND LEFT TURN,CLOUDY,WET,DAYLIGHT,Unknown,NONE DETECTED,No,No Apparent Injury,NOT DISTRACTED,MD,Passenger Car,40,2007.0,Chrys,VAN,11,Sunday,1
DD5520001L,220051779,Rockville Police Departme,Property Damage Crash,2022-11-23 09:00:00,Municipality,MAPLE AVE,EDMONSTON DR,OTHER,CLEAR,DRY,DAYLIGHT,Unknown,NONE DETECTED,Yes,No Apparent Injury,NOT DISTRACTED,MD,Unknown,25,2021.0,Mack,ST,9,Wednesday,11
MCP9321001S,170543894,Montgomery County Police,Property Damage Crash,2017-11-20 14:20:00,Maryland (State),GEORGIA AVE,SHOREFIELD RD,STRAIGHT MOVEMENT ANGLE,CLEAR,DRY,DAYLIGHT,TRAFFIC SIGNAL,NONE DETECTED,No,No Apparent Injury,NOT DISTRACTED,MD,Passenger Car,30,2011.0,Toyota,PRIUS,14,Monday,11
MCP2728003V,170520242,Montgomery County Police,Property Damage Crash,2017-07-20 19:40:00,County,POWDER MILL RD,GREEN FOREST DR,SAME DIR REAR END,CLEAR,DRY,DAYLIGHT,NO CONTROLS,NONE DETECTED,Yes,No Apparent Injury,LOOKED BUT DID NOT SEE,MD,Passenger Car,25,2000.0,Merc,4D,19,Thursday,7
MCP2753006B,250056034,MONTGOMERY,Property Damage Crash,2025-12-15 14:43:00,Unknown,Unknown,Unknown,"Sideswipe, Opposite Direction",Cloudy,Unknown,Daylight,Unknown,"Not Suspect of Alcohol Use, Not Suspect of Drug Use",No,No Apparent Injury,Not Distracted,MD,Passenger Car,0,2013.0,Ford,ESCAPE,14,Monday,12
MCP30530020,180024575,Montgomery County Police,Property Damage Crash,2018-05-19 12:20:00,Maryland (State),CONNECTICUT AVE,INDEPENDENCE ST,SINGLE VEHICLE,RAINING,WET,DAYLIGHT,Unknown,Unknown,Yes,No Apparent Injury,UNKNOWN,MD,Passenger Car,45,2002.0,Acura,MDX,12,Saturday,5
MCP2717009N,17008270,Montgomery County Police,Property Damage Crash,2017-02-15 16:41:00,Unknown,Unknown,Unknown,OTHER,CLEAR,Unknown,DAYLIGHT,NO CONTROLS,NONE DETECTED,Yes,No Apparent Injury,LOOKED BUT DID NOT SEE,MD,Van,10,2017.0,Acura,RDX,16,Wednesday,2
MCP2989002M,240016629,MONTGOMERY,Injury Crash,2024-04-10 07:22:00,County Route,SHADY GROVE RD,W MONTGOMERY AVE,Rear To Side,Clear,Dry,Daylight,Traffic Control Signal,"Not Suspect of Alcohol Use, Not Suspect of Drug Use",Yes,Suspected Minor Injury,"Other Action (looking away from task, etc.)",MD,Sport Utility Vehicle,40,2011.0,Nissan,ROGUE,7,Wednesday,4
MCP29700021,16058334,Montgomery County Police,Property Damage Crash,2016-11-12 09:22:00,County,DENNIS AVE,DENNIS CT,SINGLE VEHICLE,CLEAR,DRY,DAYLIGHT,Unknown,Unknown,Yes,No Apparent Injury,NOT DISTRACTED,MD,Passenger Car,25,2001.0,Toyota,COROLLA,9,Saturday,11
MCP3240002X,220039287,Montgomery County Police,Injury Crash,2022-09-09 21:54:00,Maryland (State),GREAT SENECA HWY,COTTAGE GARDEN DR,HEAD ON LEFT TURN,CLEAR,DRY,DARK LIGHTS ON,TRAFFIC SIGNAL,Unknown,No,No Apparent Injury,NOT DISTRACTED,MD,Passenger Car,45,2018.0,Toyota,CAMRY,21,Friday,9
MCP25280021,250000610,MONTGOMERY,Property Damage Crash,2025-01-05 12:00:00,Maryland (State) Route,Unknown,Unknown,"Sideswipe, Opposite Direction",Clear,Dry,Daylight,No Controls,"Not Suspect of Alcohol Use, Not Suspect of Drug Use",No,No Apparent Injury,Not Distracted,MD,Passenger Car,25,2023.0,Honda,CIVIC,12,Sunday,1
DD56050015,15020056,Rockville Police Departme,Injury Crash,2015-04-28 17:09:00,Maryland (State),VEIRS MILL RD,SPUR FR MD 355,SAME DIRECTION LEFT TURN,CLEAR,DRY,DAYLIGHT,Unknown,NONE DETECTED,No,No Apparent Injury,NOT DISTRACTED,MD,(Sport) Utility Vehicle,40,2013.0,Toyota,HIGHLANDER,17,Tuesday,4
MCP3201000Y,190060077,Montgomery County Police,Injury Crash,2019-12-13 11:29:00,Maryland (State),GREAT SENECA HWY,RICHTER FARM RD,OTHER,RAINING,WET,DAYLIGHT,TRAFFIC SIGNAL,Unknown,Yes,No Apparent Injury,LOOKED BUT DID NOT SEE,MD,Passenger Car,50,1999.0,Honda,ACCORD,11,Friday,12
MCP27540011,16063606,Montgomery County Police,Injury Crash,2016-12-11 16:32:00,Maryland (State),NEW HAMPSHIRE AVE,ADELPHI RD,SAME DIR REAR END,CLEAR,DRY,DARK LIGHTS ON,TRAFFIC SIGNAL,NONE DETECTED,Yes,No Apparent Injury,NOT DISTRACTED,MD,Passenger Car,40,2012.0,Toyota,CAMRY,16,Sunday,12
MCP3230002N,220010720,Montgomery County Police,Injury Crash,2022-03-12 15:00:00,Maryland (State),GEORGIA AVE,HATHAWAY DR,STRAIGHT MOVEMENT ANGLE,SNOW,WET,DAYLIGHT,TRAFFIC SIGNAL,NONE DETECTED,No,No Apparent Injury,NOT DISTRACTED,MD,Passenger Car,35,2001.0,Toyota,4RUNNER,15,Saturday,3
MCP2846006L,210006256,Montgomery County Police,Property Damage Crash,2021-02-17 15:30:00,Maryland (State),GEORGIA AVE,REEDIE DR,SAME DIR REAR END,CLEAR,DRY,DAYLIGHT,NO CONTROLS,UNKNOWN,Yes,No Apparent Injury,INATTENTIVE OR LOST IN THOUGHT,Unknown,Passenger Car,25,2005.0,Lexus,4S,15,Wednesday,2
MCP23040004,200010802,Montgomery County Police,Property Damage Crash,2020-03-03 15:39:00,US (State),COLESVILLE RD,UNIVERSITY BLVD E,SAME DIRECTION RIGHT TURN,CLOUDY,DRY,DAYLIGHT,NO CONTROLS,UNKNOWN,Yes,No Apparent Injury,UNKNOWN,Unknown,Passenger Car,40,2014.0,Chev,VOLT,15,Tuesday,3
MCP23300028,190053764,Montgomery County Police,Injury Crash,2019-11-07 21:27:00,Maryland (State),VEIRS MILL RD,GAIL AVE,SAME DIR REAR END,RAINING,WET,DARK LIGHTS ON,NO CONTROLS,NONE DETECTED,No,Possible Injury,NOT DISTRACTED,MD,Passenger Car,35,2007.0,Ford,EXPLORER,21,Thursday,11
MCP31230044,220028965,Montgomery County Police,Injury Crash,2022-07-06 12:56:00,County,E GUDE DR,CRABBS BRANCH WAY,SAME DIR REAR END,CLEAR,DRY,DAYLIGHT,TRAFFIC SIGNAL,Unknown,Yes,Suspected Minor Injury,NOT DISTRACTED,NC,Recreational Vehicle,35,2011.0,Chevrolet,EXPRESS G3500,12,Wednesday,7
MCP2987002H,170537122,Montgomery County Police,Property Damage Crash,2017-10-17 07:56:00,County,LOCKWOOD DR,NORTHWEST DR,STRAIGHT MOVEMENT ANGLE,CLEAR,DRY,DAYLIGHT,STOP SIGN,NONE DETECTED,No,No Apparent Injury,NOT DISTRACTED,MD,Passenger Car,30,2016.0,Toyota,CAMRY,7,Tuesday,10
MCP2396000X,15051694,MONTGOMERY,Injury Crash,2015-10-12 11:50:00,Maryland (State),VEIRS MILL RD,TURKEY BRANCH PKWY,SAME DIR REAR END,CLEAR,DRY,DAYLIGHT,OTHER,NONE DETECTED,Yes,No Apparent Injury,UNKNOWN,MD,"Other Light Trucks (10,000Lbs (4,536Kg) Or Less)",45,2007.0,Isuzu,TRUCK,11,Monday,10
MCP30510083,240061648,MONTGOMERY,Injury Crash,2024-12-26 17:28:00,Unknown,Unknown,Unknown,Single Vehicle,Clear,Unknown,Dark - Lighted,Unknown,"Not Suspect of Alcohol Use, Not Suspect of Drug Use",No,No Apparent Injury,Unknown,MD,Passenger Car,0,2023.0,Kia,FORTE,17,Thursday,12
MCP3184000L,190019083,Montgomery County Police,Property Damage Crash,2019-04-23 18:52:00,County,FENTON ST,THAYER AVE,SAME DIRECTION LEFT TURN,CLEAR,DRY,DAYLIGHT,Unknown,Unknown,No,No Apparent Injury,NOT DISTRACTED,MD,Transit Bus,25,2012.0,Gill,BUS,18,Tuesday,4
MCP32560006,200031117,Montgomery County Police,Injury Crash,2020-08-10 17:27:00,Maryland (State),NEW HAMPSHIRE AVE,WOLF DR,STRAIGHT MOVEMENT ANGLE,CLEAR,DRY,DAYLIGHT,TRAFFIC SIGNAL,Unknown,Yes,Suspected Minor Injury,LOOKED BUT DID NOT SEE,MD,Passenger Car,40,2004.0,Ford,TAURUS,17,Monday,8
MCP2937000F,15021753,Montgomery County Police,Injury Crash,2015-05-08 07:38:00,Maryland (State),SANDY SPRING RD,MCKNEW RD,SAME DIR REAR END,CLEAR,DRY,DAYLIGHT,NO CONTROLS,NONE DETECTED,Yes,No Apparent Injury,NOT DISTRACTED,MD,"Medium/Heavy Trucks 3 Axles (Over 10,000Lbs (4,536Kg))",40,2013.0,Ptrb,TRUCK,7,Friday,5
MCP31430038,220014301,Montgomery County Police,Property Damage Crash,2022-04-04 13:20:00,Maryland (State),CONNECTICUT AVE,EAST WEST HWY,SAME DIRECTION SIDESWIPE,CLEAR,DRY,DAYLIGHT,NO CONTROLS,NONE DETECTED,Yes,No Apparent Injury,LOOKED BUT DID NOT SEE,MD,School Bus,35,2017.0,Thom,BUS,13,Monday,4
MCP2494000D,15037943,MONTGOMERY,Property Damage Crash,2015-07-31 17:21:00,County,E GUDE DR,SOUTHLAWN LA,OTHER,CLEAR,DRY,DAYLIGHT,NO CONTROLS,Unknown,No,No Apparent Injury,NOT DISTRACTED,MD,Transit Bus,40,2005.0,Orion,BUS WHL CH,17,Friday,7
MCP26410049,240027986,MONTGOMERY,Property Damage Crash,2024-06-12 13:42:00,US (State),GEORGIA AVE,BLAIR RD EASTERN AVE,Angle,Clear,Dry,Daylight,Traffic Control Signal,"Not Suspect of Alcohol Use, Not Suspect of Drug Use",No,No Apparent Injury,Not Distracted,MD,Passenger Car,30,2019.0,Chevrolet,TAHOE,13,Wednesday,6
MCP29860027,180003423,Montgomery County Police,Property Damage Crash,2018-01-21 05:14:00,US (State),COLUMBIA PIKE,BURNT MILLS AVE,SAME DIR REAR END,CLEAR,DRY,DARK LIGHTS ON,TRAFFIC SIGNAL,NONE DETECTED,No,No Apparent Injury,NOT DISTRACTED,MD,Passenger Car,40,2017.0,Ford,ECONO LINE,5,Sunday,1
MCP2797000R,15046339,MONTGOMERY,Property Damage Crash,2015-09-13 15:43:00,Maryland (State),UNIVERSITY BLVD W,SLIGO CREEK PKWY,SAME DIRECTION LEFT TURN,CLEAR,DRY,DAYLIGHT,NO CONTROLS,NONE DETECTED,Yes,No Apparent Injury,LOOKED BUT DID NOT SEE,MD,Passenger Car,40,2010.0,Toyota,CORROLA,15,Sunday,9
MCP34380013,250047056,MONTGOMERY,Injury Crash,2025-10-20 05:12:00,Maryland (State) Route,ROCKVILLE PIKE,Unknown,"Sideswipe, Same Direction",Clear,Wet,Dark - Lighted,Traffic Control Signal,"Not Suspect of Alcohol Use, Not Suspect of Drug Use",Yes,No Apparent Injury,Not Distracted,MD,Passenger Car,45,2017.0,Honda,ACCORD,5,Monday,10
MCP2046006V,170509958,Montgomery County Police,Injury Crash,2017-05-26 07:47:00,Maryland (State),NEW HAMPSHIRE AVE,BLICK DR,SAME DIR REAR END,CLEAR,DRY,DAYLIGHT,NO CONTROLS,NONE DETECTED,No,Possible Injury,NOT DISTRACTED,MD,Passenger Car,40,2013.0,Merz,C300,7,Friday,5
MCP2959002N,170512103,Montgomery County Police,Property Damage Crash,2017-06-06 14:07:00,County,MONTERREY DR,VEIRS MILL RD,SAME DIR REAR END,CLEAR,DRY,DAYLIGHT,NO CONTROLS,NONE DETECTED,Yes,No Apparent Injury,LOOKED BUT DID NOT SEE,MD,Passenger Car,40,2008.0,Nissan,ALTIMA,14,Tuesday,6
MCP1616002M,16056452,Montgomery County Police,Property Damage Crash,2016-11-02 08:54:00,County,SEVEN LOCKS RD,BRADLEY BLVD,STRAIGHT MOVEMENT ANGLE,CLOUDY,Unknown,DAYLIGHT,Unknown,NONE DETECTED,Yes,No Apparent Injury,LOOKED BUT DID NOT SEE,US,(Sport) Utility Vehicle,30,2015.0,Mercedes,ML250,8,Wednesday,11
MCP2837006M,240059358,MONTGOMERY,Injury Crash,2024-12-12 07:24:00,Maryland (State) Route,DARNESTOWN RD,Unknown,Front to Rear,Clear,Dry,Daylight,No Controls,"Not Suspect of Alcohol Use, Not Suspect of Drug Use",No,Possible Injury,Not Distracted,MD,Sport Utility Vehicle,40,2016.0,Mercedes-Benz,GLE-CLASS,7,Thursday,12
DM8336003B,200016477,Takoma Park Police Depart,Property Damage Crash,2020-04-19 18:14:00,Unknown,Unknown,Unknown,SINGLE VEHICLE,CLOUDY,Unknown,DAYLIGHT,Unknown,Unknown,Yes,No Apparent Injury,INATTENTIVE OR LOST IN THOUGHT,MD,Passenger Car,25,2018.0,Toyota,COROLLA,18,Sunday,4
MCP3295001M,220024830,Montgomery County Police,Property Damage Crash,2022-06-09 18:41:00,Unknown,Unknown,Unknown,SAME DIR REAR END,CLEAR,Unknown,DAYLIGHT,NO CONTROLS,UNKNOWN,Yes,No Apparent Injury,UNKNOWN,Unknown,Passenger Car,25,2004.0,Nissan,MURANO,18,Thursday,6
MCP2446002J,17005483,Montgomery County Police,Injury Crash,2017-01-31 19:35:00,County,BRINK RD,LAYTONSVILLE RD,HEAD ON LEFT TURN,CLEAR,DRY,DARK LIGHTS ON,TRAFFIC SIGNAL,NONE DETECTED,Yes,Possible Injury,NOT DISTRACTED,MD,Passenger Car,35,2014.0,Toyota,COROLLA,19,Tuesday,1
MCP2895002X,230032053,Montgomery County Police,Property Damage Crash,2023-07-05 15:29:00,County,LOCBURY DR,MIDDLEBROOK RD,SAME DIRECTION SIDESWIPE,Unknown,DRY,DAYLIGHT,NO CONTROLS,NONE DETECTED,Yes,No Apparent Injury,NOT DISTRACTED,MD,Passenger Car,30,2011.0,Infiniti,G37X,15,Wednesday,7
MCP3221004B,250043505,MONTGOMERY,Injury Crash,2025-09-27 15:54:00,County Route,BRAMBLE BUSH CT,Unknown,Angle,Rain,Wet,Daylight,No Controls,"Not Suspect of Alcohol Use, Not Suspect of Drug Use",Yes,Possible Injury,Not Distracted,MD,Pickup,15,2014.0,Ford,F-150,15,Saturday,9
MCP1027000H,16028510,Montgomery County Police,Property Damage Crash,2016-06-07 08:50:00,Maryland (State),GEORGIA AVE,ENT TO BUSINESS,HEAD ON LEFT TURN,CLEAR,DRY,DAYLIGHT,OTHER,NONE DETECTED,No,No Apparent Injury,NOT DISTRACTED,MD,(Sport) Utility Vehicle,45,2015.0,Toyota,SUV,8,Tuesday,6
MCP2974000B,15025857,Montgomery County Police,Property Damage Crash,2015-05-29 05:17:00,US (State),COLUMBIA PIKE,STEWART LA,SINGLE VEHICLE,CLEAR,DRY,DARK NO LIGHTS,Unknown,NONE DETECTED,No,No Apparent Injury,NOT DISTRACTED,MD,Passenger Car,40,2007.0,Toyota,CAMRY,5,Friday,5
MCP2552006W,230071972,Montgomery County Police,Property Damage Crash,2023-12-15 19:28:00,Maryland (State),FREDERICK RD,E GUDE DR,SAME DIR REAR END,CLEAR,DRY,DARK LIGHTS ON,Unknown,Unknown,No,No Apparent Injury,NOT DISTRACTED,MD,Passenger Car,35,2016.0,Chevrolet,EXPRESS,19,Friday,12
MCP2072000H,15046846,MONTGOMERY,Injury Crash,2015-09-16 09:10:00,County,RIDGE RD,RIDGE RD (BACK),SAME DIR REAR END,CLEAR,DRY,DAYLIGHT,NO CONTROLS,NONE DETECTED,No,Possible Injury,NOT DISTRACTED,MD,Passenger Car,30,2013.0,Chvy,SILVERADO,9,Wednesday,9
MCP2639007V,190041831,Montgomery County Police,Injury Crash,2019-09-01 06:06:00,County,RANDOLPH RD,CONNECTICUT AVE,SAME DIR REAR END,CLOUDY,DRY,DARK LIGHTS ON,TRAFFIC SIGNAL,NONE DETECTED,No,Possible Injury,NOT DISTRACTED,MD,Passenger Car,35,2016.0,Nissan,VERSA,6,Sunday,9
MCP2656003Z,190017861,Montgomery County Police,Property Damage Crash,2019-04-16 12:00:00,Maryland (State),NEW HAMPSHIRE AVE,LOCKWOOD DR,SAME DIR REAR END,Unknown,DRY,Unknown,TRAFFIC SIGNAL,Unknown,Yes,No Apparent Injury,UNKNOWN,Unknown,Passenger Car,40,2017.0,Nissan,TK,12,Tuesday,4
EJ78390025,170516483,Gaithersburg Police Depar,Injury Crash,2017-06-29 18:15:00,County,GAME PRESERVE RD,ARROWSMITH CT,OTHER,CLEAR,DRY,DAYLIGHT,NO CONTROLS,NONE DETECTED,No,No Apparent Injury,NOT DISTRACTED,MD,Passenger Car,25,2015.0,Nissan,ALTIMA,18,Thursday,6
MCP2869003K,190030181,Montgomery County Police,Property Damage Crash,2019-06-24 17:50:00,County,VEIRS MILL RD,SAMPSON RD,OTHER,CLOUDY,Unknown,DAYLIGHT,NO CONTROLS,Unknown,Yes,No Apparent Injury,LOOKED BUT DID NOT SEE,MD,Passenger Car,40,1997.0,Hond,CIVIC,17,Monday,6
MCP14330014,170512350,Montgomery County Police,Injury Crash,2017-06-07 19:10:00,Maryland (State),FREDERICK RD,SHADY GROVE RD,SAME DIR REAR END,CLOUDY,DRY,DAYLIGHT,NO CONTROLS,NONE DETECTED,No,Possible Injury,NOT DISTRACTED,MD,Passenger Car,40,2007.0,Acur,TSX,19,Wednesday,6
MCP3411002R,250035802,MONTGOMERY,Property Damage Crash,2025-08-11 18:05:00,Maryland (State) Route,OLD GEORGETOWN RD,Unknown,Front to Rear,Clear,Dry,Daylight,No Controls,"Not Suspect of Alcohol Use, Not Suspect of Drug Use",Yes,No Apparent Injury,Not Distracted,MD,Passenger Car,30,2010.0,Hyundai,ACCENT,18,Monday,8
MCP2231004J,180065074,Montgomery County Police,Property Damage Crash,2018-12-29 14:19:00,Maryland (State),FREDERICK RD,CHRISTOPHER AVE,SAME DIRECTION LEFT TURN,CLEAR,DRY,DAYLIGHT,NO CONTROLS,NONE DETECTED,Yes,No Apparent Injury,LOOKED BUT DID NOT SEE,MD,Passenger Car,40,2013.0,Toyota,FJ CRUISER,14,Saturday,12
MCP20460097,180056245,Montgomery County Police,Injury Crash,2018-11-09 08:06:00,County,CHERRY HILL RD,CALVERTON BLVD,STRAIGHT MOVEMENT ANGLE,RAINING,WET,DAYLIGHT,TRAFFIC SIGNAL,NONE DETECTED,No,No Apparent Injury,NOT DISTRACTED,MD,Passenger Car,40,2014.0,Bmw,328XI,8,Friday,11
EJ7876005W,230035112,Gaithersburg Police Depar,Property Damage Crash,2023-07-23 20:20:00,Maryland (State),FREDERICK RD,MARYLAND AVE,ANGLE MEETS RIGHT TURN,CLEAR,DRY,DUSK,STOP SIGN,NONE DETECTED,Yes,No Apparent Injury,LOOKED BUT DID NOT SEE,MD,Passenger Car,30,2013.0,Honda,CIVIC,20,Sunday,7
MCP30960035,210048795,Montgomery County Police,Property Damage Crash,2021-12-01 17:10:00,County,E GUDE DR,DOVER RD,SAME DIR REAR END,CLEAR,DRY,DUSK,NO CONTROLS,NONE DETECTED,No,No Apparent Injury,NOT DISTRACTED,MD,Passenger Car,40,2001.0,Linc,NAV,17,Wednesday,12
MCP3245007L,250052957,MONTGOMERY,Injury Crash,2025-11-25 19:17:00,County Route,LOST KNIFE RD (NB/L),CONTOUR RD,Other,Rain,Wet,Dark - Lighted,Traffic Control Signal,"Not Suspect of Alcohol Use, Not Suspect of Drug Use",No,No Apparent Injury,Not Distracted,MD,Pickup,30,2014.0,Chevrolet,SILVERADO,19,Tuesday,11
MCP2559002M,180045700,Montgomery County Police,Injury Crash,2018-09-13 10:25:00,County,MIDCOUNTY HWY,SPUR TO SHADY GROVE RD,SAME DIR REAR END,CLOUDY,DRY,DAYLIGHT,TRAFFIC SIGNAL,Unknown,No,Possible Injury,UNKNOWN,MD,Passenger Car,45,2017.0,Nissan,VERSA,10,Thursday,9
DD55020021,16006072,Rockville Police Departme,Property Damage Crash,2016-02-05 17:28:00,Unknown,Unknown,Unknown,STRAIGHT MOVEMENT ANGLE,CLEAR,Unknown,DUSK,NO CONTROLS,NONE DETECTED,Yes,No Apparent Injury,NOT DISTRACTED,MD,(Sport) Utility Vehicle,5,2002.0,Merz,TK,17,Friday,2
DD56520047,240007837,ROCKVILLE,Property Damage Crash,2024-02-17 11:51:00,Municipality Route,LINCOLN ST,Unknown,Front to Rear,Clear,Dry,Daylight,No Controls,"Not Suspect of Alcohol Use, Not Suspect of Drug Use",No,No Apparent Injury,Unknown,Unknown,Passenger Car,15,2000.0,Toyota,HIGHLANDER,11,Saturday,2
MCP29730039,170515949,Montgomery County Police,Property Damage Crash,2017-06-27 06:49:00,Maryland (State),GEORGIA AVE,CONNECTICUT AVE,SAME DIR REAR END,CLOUDY,DRY,DAYLIGHT,OTHER,NONE DETECTED,Yes,No Apparent Injury,LOOKED BUT DID NOT SEE,MD,Van,45,2013.0,Ford,VAN,6,Tuesday,6
MCP2420003R,190040031,Montgomery County Police,Property Damage Crash,2019-08-21 16:30:00,County,E RANDOLPH RD,FAIRLAND RD,SAME DIRECTION SIDESWIPE,CLEAR,DRY,DAYLIGHT,NO CONTROLS,NONE DETECTED,No,No Apparent Injury,NOT DISTRACTED,MD,Passenger Car,35,2015.0,Hond,VAN,16,Wednesday,8
MCP31380043,220010056,Montgomery County Police,Property Damage Crash,2022-03-08 21:22:00,Maryland (State),NORBECK RD,NORBECK BLVD,SINGLE VEHICLE,CLEAR,DRY,DARK LIGHTS ON,Unknown,NONE DETECTED,Yes,No Apparent Injury,UNKNOWN,MD,Passenger Car,40,2012.0,Chry,SD,21,Tuesday,3
MCP2894003X,170524749,Montgomery County Police,Property Damage Crash,2017-08-14 11:40:00,Maryland (State),OLD GEORGETOWN RD,TUCKERMAN LA,SAME DIR REAR END,CLEAR,DRY,DAYLIGHT,Unknown,NONE DETECTED,Yes,No Apparent Injury,INATTENTIVE OR LOST IN THOUGHT,MD,Passenger Car,40,2011.0,Mnni,2S,11,Monday,8
MCP2047003W,210002995,Montgomery County Police,Property Damage Crash,2021-01-24 14:04:00,Maryland (State),FREDERICK RD,ENT TO SHOPPING CENTER,SAME DIR REAR END,CLEAR,DRY,DAYLIGHT,NO CONTROLS,NONE DETECTED,No,No Apparent Injury,NOT DISTRACTED,MD,Recreational Vehicle,40,2010.0,Ford,ESCAPE,14,Sunday,1
MCP2637004Q,220031724,Montgomery County Police,Property Damage Crash,2022-07-23 13:07:00,Maryland (State),KEY WEST AVE,DARNESTOWN RD,SAME DIR REAR END,CLEAR,DRY,DAYLIGHT,Unknown,NONE DETECTED,Yes,No Apparent Injury,NOT DISTRACTED,MD,Passenger Car,40,2021.0,Lexs,UT,13,Saturday,7
MCP23530013,15037704,MONTGOMERY,Injury Crash,2015-07-30 12:24:00,County,WESTLAKE DR,WESTLAKE TERR,STRAIGHT MOVEMENT ANGLE,CLOUDY,DRY,DAYLIGHT,TRAFFIC SIGNAL,NONE DETECTED,No,Possible Injury,NOT DISTRACTED,MD,Ambulance/Emergency,25,2008.0,Frei,AMB,12,Thursday,7
DD5649000Z,210037479,Rockville Police Departme,Injury Crash,2021-09-22 15:06:00,Maryland (State),ROCKVILLE PIKE,RICHARD MONTGOMERY DR,HEAD ON LEFT TURN,RAINING,WET,DAYLIGHT,TRAFFIC SIGNAL,Unknown,No,Suspected Minor Injury,NOT DISTRACTED,MD,Passenger Car,35,2019.0,Hond,SD,15,Wednesday,9
MCP09360032,190022043,Montgomery County Police,Injury Crash,2019-05-09 10:23:00,Maryland (State),WISCONSIN AVE,CHEVY CHASE BLVD,SAME DIR REAR END,CLOUDY,DRY,DAYLIGHT,NO CONTROLS,NONE DETECTED,Yes,No Apparent Injury,NOT DISTRACTED,FL,Passenger Car,35,2011.0,Chrysler,TOWN AND COUNTRY,10,Thursday,5
MCP3347002W,250026447,MONTGOMERY,Property Damage Crash,2025-06-13 15:54:00,Maryland (State) Route,ROCKVILLE PIKE (SB/L),Unknown,Angle,Cloudy,Dry,Daylight,Traffic Control Signal,"Not Suspect of Alcohol Use, Not Suspect of Drug Use",Yes,No Apparent Injury,Unknown,PA,Passenger Car,35,2020.0,Subaru,OUTBACK,15,Friday,6
MCP93010018,17009203,Montgomery County Police,Injury Crash,2017-02-20 15:21:00,Unknown,Unknown,Unknown,OTHER,CLOUDY,Unknown,DAYLIGHT,Unknown,NONE DETECTED,Yes,Possible Injury,NOT DISTRACTED,MD,Other,10,2012.0,Honda,CIVIC,15,Monday,2
MCP2588001T,16048475,Montgomery County Police,Injury Crash,2016-09-21 07:29:00,Maryland (State),VEIRS MILL RD,TURKEY BRANCH PKWY,SAME DIR REAR END,CLOUDY,DRY,DAYLIGHT,OTHER,Unknown,No,Suspected Minor Injury,NOT DISTRACTED,MD,Passenger Car,45,2002.0,Toyota,CAMRY,7,Wednesday,9
MCP33410029,230051625,Montgomery County Police,Property Damage Crash,2023-08-27 11:00:00,Maryland (State),GEORGIA AVE,BEL PRE RD,SAME DIR REAR END,CLEAR,DRY,DAYLIGHT,TRAFFIC SIGNAL,Unknown,Yes,No Apparent Injury,LOOKED BUT DID NOT SEE,MD,Passenger Car,35,2011.0,Chevorlet,IMPALA,11,Sunday,8
MCP2948003P,190047712,Montgomery County Police,Injury Crash,2019-10-04 19:30:00,County,RANDOLPH RD,KEMP MILL RD,SAME DIR REAR END,CLEAR,DRY,DARK -- UNKNOWN LIGHTING,TRAFFIC SIGNAL,NONE DETECTED,No,Suspected Minor Injury,NOT DISTRACTED,MD,Passenger Car,45,2012.0,Chevrolet,MALIBU,19,Friday,10
MCP3280000Q,210016475,Montgomery County Police,Property Damage Crash,2021-05-03 08:38:00,Maryland (State),UNIVERSITY BLVD W,DENNIS AVE,SAME DIRECTION SIDESWIPE,CLEAR,DRY,DAYLIGHT,TRAFFIC SIGNAL,NONE DETECTED,No,No Apparent Injury,NOT DISTRACTED,MD,Pickup Truck,30,2017.0,Ford,F150,8,Monday,5