Report Number,Local Case Number,Agency Name,ACRS Report Type,Crash Date/Time,Route Type,Road Name,Cross-Street Name,Collision Type,Weather,Surface Condition,Light,Traffic Control,Driver Substance Abuse,Driver At Fault,Injury Severity,Driver Distracted By,Drivers License State,Vehicle Body Type,Speed Limit,Vehicle Year,Vehicle Make,Vehicle Model,Crash Hour,Crash Day,Crash Month
DD559500CP,230001744,Rockville Police Departme,Property Damage Crash,2023-01-11 15:55:00,Maryland (State),NORBECK RD,SPUR TO E GUDE DR,SINGLE VEHICLE,CLOUDY,DRY,DAYLIGHT,TRAFFIC SIGNAL,NONE DETECTED,Yes,No Apparent Injury,NOT DISTRACTED,MD,Passenger Car,50,2016.0,Mitbushi,OUTLANDER,15,Wednesday,1
MCP2046007L,170543821,Montgomery County Police,Injury Crash,2017-11-20 06:27:00,US (State),COLUMBIA PIKE,GREENCASTLE RD,SAME DIR REAR END,CLEAR,DRY,DAWN,Unknown,NONE DETECTED,No,Possible Injury,NOT DISTRACTED,MD,Pickup Truck,55,2011.0,Ford,F150,6,Monday,11
MCP2761006C,240050371,MONTGOMERY,Property Damage Crash,2024-10-21 13:58:00,Maryland (State) Route,GERMANTOWN RD,Unknown,Front to Rear,Clear,Dry,Daylight,Traffic Control Signal,"Not Suspect of Alcohol Use, Not Suspect of Drug Use",Yes,No Apparent Injury,Unknown,MD,Passenger Car,40,2006.0,Toyota,SCION XA,13,Monday,10
MCP2969008T,200006630,Montgomery County Police,Injury Crash,2020-02-09 13:17:00,Maryland (State),DAMASCUS RD,HOWARD CHAPEL RD,STRAIGHT MOVEMENT ANGLE,CLEAR,DRY,DAYLIGHT,STOP SIGN,NONE DETECTED,No,No Apparent Injury,NOT DISTRACTED,MD,Passenger Car,40,2014.0,Chevy,CRUZE,13,Sunday,2
MCP0619001J,190037791,Montgomery County Police,Property Damage Crash,2019-08-08 09:45:00,Maryland (State),FREDERICK RD,ENT TO BUSINESS,SAME DIR REAR END,Unknown,DRY,DAYLIGHT,TRAFFIC SIGNAL,NONE DETECTED,Yes,No Apparent Injury,NOT DISTRACTED,MD,Passenger Car,40,2003.0,Hond,4S,9,Thursday,8
MCP219800B6,220000914,Montgomery County Police,Injury Crash,2022-01-08 15:08:00,Maryland (State),QUINCE ORCHARD RD,W DIAMOND AVE,SAME DIR REAR END,CLEAR,SNOW,DAYLIGHT,TRAFFIC SIGNAL,Unknown,Yes,No Apparent Injury,NOT DISTRACTED,MD,"Medium/Heavy Trucks 3 Axles (Over 10,000Lbs (4,536Kg))",35,2018.0,Mack,DUMP TRUCK,15,Saturday,1
MCP00360087,180044126,Montgomery County Police,Property Damage Crash,2018-09-04 13:56:00,Unknown,Unknown,Unknown,SAME DIRECTION SIDESWIPE,CLEAR,Unknown,DAYLIGHT,NO CONTROLS,UNKNOWN,Yes,No Apparent Injury,UNKNOWN,MD,Passenger Car,25,2013.0,Honda,PILOT,13,Tuesday,9
MCP2952001D,15064894,MONTGOMERY,Property Damage Crash,2015-12-19 09:44:00,US (State),COLESVILLE RD,SOUTHWOOD AVE,SAME DIRECTION SIDESWIPE,CLEAR,DRY,DAYLIGHT,TRAFFIC SIGNAL,NONE DETECTED,No,No Apparent Injury,NOT DISTRACTED,MD,Passenger Car,40,2015.0,Chrysler,TOWN AND COUNTRY,9,Saturday,12
DM85020015,240016095,TAKOMA,Injury Crash,2024-04-06 19:57:00,Maryland (State) Route,NEW HAMPSHIRE AVE,Unknown,Single Vehicle,Clear,Dry,Dark - Lighted,Other Signal,"Not Suspect of Alcohol Use, Not Suspect of Drug Use",No,No Apparent Injury,Unknown,MD,Passenger Car,35,2002.0,Ford,F-150,19,Saturday,4
MCP2916001N,170521681,Montgomery County Police,Property Damage Crash,2017-07-28 14:00:00,Unknown,Unknown,Unknown,OTHER,RAINING,Unknown,DAYLIGHT,NO CONTROLS,NONE DETECTED,Yes,No Apparent Injury,LOOKED BUT DID NOT SEE,MD,"Cargo Van/Light Truck 2 Axles (Over 10,000Lbs (4,536 Kg))",15,2015.0,Ford,TK,14,Friday,7
MCP30680061,250010906,MONTGOMERY,Property Damage Crash,2025-03-12 17:00:00,Unknown,Unknown,Unknown,Rear To Side,Clear,Unknown,Daylight,Unknown,"Not Suspect of Alcohol Use, Not Suspect of Drug Use",No,No Apparent Injury,Not Distracted,MD,Passenger Car,0,2023.0,Acura,TLX,17,Wednesday,3
MCP2689007J,210016113,Montgomery County Police,Property Damage Crash,2021-04-30 12:40:00,County,RIVER RD,SENECA RD (AHEAD),SINGLE VEHICLE,CLEAR,DRY,DAYLIGHT,NO CONTROLS,NONE DETECTED,Yes,No Apparent Injury,OTHER DISTRACTION,MD,Passenger Car,40,2012.0,Subaru,IMPREZA,12,Friday,4
EJ7886002K,230011520,Gaithersburg Police Depar,Property Damage Crash,2023-03-09 07:01:00,Maryland (State),CLOPPER RD,LONGDRAFT RD,SAME DIR REAR END,CLEAR,DRY,DAYLIGHT,NO CONTROLS,Unknown,Unknown,No Apparent Injury,NOT DISTRACTED,MD,Passenger Car,35,2012.0,Kia,OPTIMA,7,Thursday,3
MCP2857000Y,15016276,Montgomery County Police,Injury Crash,2015-04-08 14:37:00,County,MONTGOMERY VILLAGE AVE,WHETSTONE DR,SAME DIR REAR END,CLOUDY,WET,DAYLIGHT,NO CONTROLS,NONE DETECTED,No,Suspected Minor Injury,NOT DISTRACTED,MD,Passenger Car,35,2000.0,Toyota,SIENNA,14,Wednesday,4
MCP2356001Q,200024925,Montgomery County Police,Injury Crash,2020-06-26 15:00:00,County,TUCKERMAN LA,SEVEN LOCKS RD,SAME DIR REAR END,Unknown,DRY,DAYLIGHT,TRAFFIC SIGNAL,NONE DETECTED,No,Suspected Minor Injury,NOT DISTRACTED,MD,Passenger Car,35,2017.0,Dodge,DURANGO,15,Friday,6
MCP2784002J,16025328,Montgomery County Police,Injury Crash,2016-05-21 19:27:00,Maryland (State),NEW HAMPSHIRE AVE,BRIGGS CHANEY RD,SAME DIR REAR END,RAINING,WET,DAYLIGHT,TRAFFIC SIGNAL,NONE DETECTED,Yes,No Apparent Injury,INATTENTIVE OR LOST IN THOUGHT,MD,Passenger Car,45,1998.0,Chevy,EXPRESS,19,Saturday,5
DM8388001P,170537236,Takoma Park Police Depart,Injury Crash,2017-10-17 18:03:00,Maryland (State),PINEY BRANCH RD,TAKOMA AVE,SAME DIR REAR END,CLEAR,DRY,DUSK,TRAFFIC SIGNAL,NONE DETECTED,No,Possible Injury,NOT DISTRACTED,MD,Van,25,2014.0,Ford,E350,18,Tuesday,10
MCP3051008F,250021001,MONTGOMERY,Injury Crash,2025-05-12 21:16:00,County Route,BALTIMORE AVE,RIVER RD,Other,Clear,Wet,Dark - Lighted,No Controls,"Not Suspect of Alcohol Use, Not Suspect of Drug Use",No,No Apparent Injury,Not Distracted,DC,Passenger Car,35,2024.0,Honda,ACCORD,21,Monday,5
MCP3348004J,250022828,MONTGOMERY,Injury Crash,2025-05-23 08:21:00,Maryland (State) Route,Unknown,Unknown,Front to Rear,Clear,Dry,Daylight,No Controls,"Not Suspect of Alcohol Use, Not Suspect of Drug Use",No,Suspected Minor Injury,Not Distracted,MD,Passenger Car,35,2010.0,Toyota,RAV4,8,Friday,5
MCP08990024,170508157,Montgomery County Police,Property Damage Crash,2017-05-16 18:17:00,Municipality,EAST AVE,WALSH ST,ANGLE MEETS LEFT TURN,CLEAR,DRY,DAYLIGHT,STOP SIGN,NONE DETECTED,No,No Apparent Injury,NOT DISTRACTED,NY,Passenger Car,25,2011.0,Toyota,CAMRY,18,Tuesday,5
DD55020043,180002921,Rockville Police Departme,Injury Crash,2018-01-18 15:19:00,Municipality,FLEET ST,MONROE ST,SAME DIR REAR END,CLEAR,DRY,DAYLIGHT,TRAFFIC SIGNAL,NONE DETECTED,No,Suspected Minor Injury,NOT DISTRACTED,MD,Passenger Car,30,2000.0,Toyota,4D,15,Thursday,1
MCP3255002K,210049758,Montgomery County Police,Property Damage Crash,2021-12-07 18:03:00,County,SNOUFFERS SCHOOL RD,WIGHTMAN RD (BACK),SAME DIR REAR END,CLEAR,DRY,Unknown,NO CONTROLS,Unknown,Yes,No Apparent Injury,LOOKED BUT DID NOT SEE,MD,(Sport) Utility Vehicle,35,2020.0,Hyundai,SANTA FE,18,Tuesday,12
MCP3174003H,220046911,Montgomery County Police,Property Damage Crash,2022-10-25 20:27:00,County,EAST VILLAGE AVE,DOUBLELAND RD,SINGLE VEHICLE,RAINING,WET,DARK LIGHTS ON,NO CONTROLS,NONE DETECTED,Yes,No Apparent Injury,NOT DISTRACTED,MD,Passenger Car,35,2008.0,Mits,GALANT,20,Tuesday,10
MCP3126005S,240044959,MONTGOMERY,Property Damage Crash,2024-09-20 17:30:00,County Route,WISTERIA DR,Unknown,Rear To Side,Clear,Dry,Daylight,Stop Sign,"Not Suspect of Alcohol Use, Not Suspect of Drug Use",Yes,No Apparent Injury,Unknown,MD,Passenger Car,30,1999.0,Toyota,CAMRY,17,Friday,9
MCP2536004V,230063724,Montgomery County Police,Property Damage Crash,2023-11-01 05:20:00,County,BLUHILL RD,HARRELL ST,OTHER,CLEAR,DRY,DARK LIGHTS ON,NO CONTROLS,UNKNOWN,Yes,No Apparent Injury,NOT DISTRACTED,MD,Passenger Car,30,2012.0,Hyunda,SONATA,5,Wednesday,11
DD56600004,230003728,Rockville Police Departme,Property Damage Crash,2023-01-23 14:20:00,Municipality,MARYLAND AVE,E JEFFERSON ST,OTHER,Unknown,DRY,DAYLIGHT,YIELD SIGN,NONE DETECTED,No,No Apparent Injury,NOT DISTRACTED,MD,Passenger Car,15,2017.0,Volkswagen,PASSSAT,14,Monday,1
MCP29610014,16040038,Montgomery County Police,Property Damage Crash,2016-08-07 17:00:00,Maryland (State),GEORGIA AVE,VEIRS MILL RD,SAME DIRECTION SIDESWIPE,CLEAR,DRY,DAYLIGHT,TRAFFIC SIGNAL,NONE DETECTED,No,No Apparent Injury,NOT DISTRACTED,MD,Passenger Car,40,2002.0,Toyt,VN,17,Sunday,8
MCP2512001J,15054619,MONTGOMERY,Property Damage Crash,2015-10-27 19:28:00,County,MIDCOUNTY HWY,SAYBROOKE OAKS BLVD,STRAIGHT MOVEMENT ANGLE,CLOUDY,DRY,DARK LIGHTS ON,TRAFFIC SIGNAL,ALCOHOL PRESENT,Yes,No Apparent Injury,NOT DISTRACTED,MD,(Sport) Utility Vehicle,45,2010.0,Toyota,RAV4,19,Tuesday,10
MCP2008001R,15063186,MONTGOMERY,Injury Crash,2015-12-10 18:35:00,Maryland (State),ROCKVILLE PIKE,SPUR TO MD 547,OTHER,CLEAR,DRY,DARK LIGHTS ON,Unknown,NONE DETECTED,Yes,No Apparent Injury,LOOKED BUT DID NOT SEE,MD,(Sport) Utility Vehicle,40,2009.0,Suba,4S,18,Thursday,12
DD55670063,240045293,ROCKVILLE,Injury Crash,2024-09-23 04:25:00,Maryland (State) Route,VEIRS MILL RD,ROCKVILLE PIKE (SB/L),Unknown,Clear,Dry,Dark - Lighted,Traffic Control Signal,"Not Suspect of Alcohol Use, Not Suspect of Drug Use",Yes,Suspected Serious Injury,Not Distracted,MD,Sport Utility Vehicle,30,2022.0,Ford,EXPLORER,4,Monday,9
MCP32280051,230020379,Montgomery County Police,Property Damage Crash,2023-04-28 19:56:00,Maryland (State),GEORGIA AVE,EXIT #31,UNKNOWN,RAINING,WET,DARK LIGHTS ON,TRAFFIC SIGNAL,UNKNOWN,No,No Apparent Injury,UNKNOWN,Unknown,Passenger Car,30,2019.0,Honda,CIVIC,19,Friday,4
MCP1379004G,16062635,Montgomery County Police,Property Damage Crash,2016-12-06 15:55:00,County,RANDOLPH RD,GLENALLAN AVE,SAME DIRECTION SIDESWIPE,RAINING,WET,DAYLIGHT,Unknown,NONE DETECTED,No,No Apparent Injury,NOT DISTRACTED,MD,Passenger Car,35,2009.0,Niss,ALTIMA,15,Tuesday,12
MCP9301000M,15026639,Montgomery County Police,Injury Crash,2015-06-02 14:16:00,Unknown,Unknown,Unknown,SINGLE VEHICLE,RAINING,Unknown,DAYLIGHT,NO CONTROLS,NONE DETECTED,Yes,No Apparent Injury,NOT DISTRACTED,PA,Passenger Car,10,2013.0,Lexu,SW,14,Tuesday,6
MCP229800TT,200051237,Montgomery County Police,Injury Crash,2020-12-29 16:11:00,County,DAIRYMAID DR,METZ DR,SAME DIR REAR END,CLEAR,DRY,DAYLIGHT,NO CONTROLS,NONE DETECTED,Yes,Possible Injury,BY MOVING OBJECT IN VEHICLE,MD,Passenger Car,30,2010.0,Merz,C300D,16,Tuesday,12
DM84930038,240030589,TAKOMA,Injury Crash,2024-06-28 15:33:00,Municipality Route,MERWOOD DR (WB/L),NEW HAMPSHIRE AVE,Front to Rear,Clear,Dry,Daylight,No Controls,"Not Suspect of Alcohol Use, Not Suspect of Drug Use",No,Suspected Minor Injury,Not Distracted,MD,Passenger Car,35,2009.0,Toyota,COROLLA,15,Friday,6
MCP28320030,170525857,Montgomery County Police,Property Damage Crash,2017-08-20 13:50:00,Maryland (State),EAST WEST HWY,GRUBB RD,SAME DIR REAR END,CLEAR,DRY,DAYLIGHT,TRAFFIC SIGNAL,UNKNOWN,Yes,No Apparent Injury,UNKNOWN,Unknown,Passenger Car,30,2016.0,Acura,TLX,13,Sunday,8
MCP31740042,230032026,Montgomery County Police,Property Damage Crash,2023-07-05 13:08:00,County,WATKINS MILL RD,WATKINS MILL RD (BACK),SINGLE VEHICLE,CLEAR,DRY,DAYLIGHT,TRAFFIC SIGNAL,NONE DETECTED,No,No Apparent Injury,NOT DISTRACTED,MD,Passenger Car,35,2019.0,Honda,ODYSSEY,13,Wednesday,7
MCP28550026,180013569,Montgomery County Police,Property Damage Crash,2018-03-18 20:02:00,County,CHERRY HILL RD,BROADBIRCH DR,OTHER,CLEAR,DRY,DARK LIGHTS ON,TRAFFIC SIGNAL,NONE DETECTED,Yes,No Apparent Injury,OTHER DISTRACTION,MD,Passenger Car,35,2006.0,Ford,2S,20,Sunday,3
MCP2895002N,220045391,Montgomery County Police,Property Damage Crash,2022-10-16 16:27:00,County,WISTERIA DR,GERMANTOWN RD,STRAIGHT MOVEMENT ANGLE,CLEAR,DRY,DAYLIGHT,TRAFFIC SIGNAL,NONE DETECTED,No,No Apparent Injury,NOT DISTRACTED,MD,Passenger Car,40,2018.0,Ford,EXPLORER,16,Sunday,10
MCP29920017,170516037,Montgomery County Police,Property Damage Crash,2017-06-27 16:23:00,Maryland (State),GEORGIA AVE,ROSSMOOR BLVD,SAME DIR REAR END,CLEAR,Unknown,DAYLIGHT,NO CONTROLS,Unknown,Yes,No Apparent Injury,LOOKED BUT DID NOT SEE,MD,Passenger Car,50,2005.0,Toyt,4S,16,Tuesday,6
MCP3295002D,220047422,Montgomery County Police,Property Damage Crash,2022-10-28 17:40:00,County,BRIGGS CHANEY RD,OLD COLUMBIA PIKE,SAME DIR REAR END,CLEAR,DRY,DAYLIGHT,NO CONTROLS,NONE DETECTED,No,No Apparent Injury,NOT DISTRACTED,MD,Passenger Car,35,1990.0,Lexs,4H,17,Friday,10
MCP2995000V,16041266,Montgomery County Police,Injury Crash,2016-08-14 20:49:00,Maryland (State),GEORGIA AVE,ARCOLA AVE,SAME DIR REAR END,RAINING,WET,DUSK,TRAFFIC SIGNAL,NONE DETECTED,Yes,No Apparent Injury,INATTENTIVE OR LOST IN THOUGHT,MD,Passenger Car,40,2006.0,Nissan,SENTRA,20,Sunday,8
MCP287100CW,250039898,MONTGOMERY,Property Damage Crash,2025-09-05 19:02:00,Maryland (State) Route,GEORGIA AVE,Unknown,"Sideswipe, Same Direction",Clear,Dry,Daylight,No Controls,"Not Suspect of Alcohol Use, Not Suspect of Drug Use",No,No Apparent Injury,Not Distracted,DC,Bus - Transit,35,2021.0,Gillig,CITY TRANSIT BUS,19,Friday,9
MCP308600BJ,250000305,MONTGOMERY,Property Damage Crash,2025-01-03 09:30:00,County Route,KILDONAN DR,Unknown,"Sideswipe, Same Direction",Clear,Dry,Daylight,No Controls,"Not Suspect of Alcohol Use, Not Suspect of Drug Use",Yes,No Apparent Injury,Not Distracted,MD,Bus - School,25,2018.0,Freightliner,B2 BUS CHASSIS,9,Friday,1
MCP157500D4,220003033,Montgomery County Police,Property Damage Crash,2022-01-24 08:59:00,Unknown,Unknown,Unknown,SAME DIRECTION SIDESWIPE,CLEAR,Unknown,DAYLIGHT,NO CONTROLS,NONE DETECTED,Yes,No Apparent Injury,NOT DISTRACTED,MD,School Bus,40,2012.0,Thomas,BUS,8,Monday,1
MCP2515001F,180043091,Montgomery County Police,Property Damage Crash,2018-08-29 17:00:00,County,OAK DR,KINGSTEAD RD,SAME DIRECTION RIGHT TURN,CLEAR,DRY,DAYLIGHT,NO CONTROLS,NONE DETECTED,No,No Apparent Injury,NOT DISTRACTED,MD,Passenger Car,30,2006.0,Merz,4D,17,Wednesday,8
MCP271700RL,200005018,Montgomery County Police,Property Damage Crash,2020-01-30 18:28:00,County,BEL PRE RD,GEORGIA AVE,SAME DIRECTION SIDESWIPE,CLEAR,DRY,DARK LIGHTS ON,TRAFFIC SIGNAL,NONE DETECTED,Yes,No Apparent Injury,LOOKED BUT DID NOT SEE,MD,Passenger Car,35,1995.0,Toyota,CAMRY,18,Thursday,1
MCP2677000N,16025894,Montgomery County Police,Injury Crash,2016-05-24 21:20:00,Maryland (State),GERMANTOWN RD,CLOPPER RD,SAME DIR REAR END,CLEAR,DRY,DARK LIGHTS ON,NO CONTROLS,NONE DETECTED,Yes,No Apparent Injury,NOT DISTRACTED,MD,Passenger Car,45,2004.0,Toy,4D,21,Tuesday,5
HA24760009,21001855,Maryland-National Capital,Property Damage Crash,2021-09-29 15:00:00,Unknown,CENTRAL PARK CIRCLE,SCHAEFFER RD,SINGLE VEHICLE,CLEAR,DRY,DAYLIGHT,Unknown,NONE DETECTED,Yes,No Apparent Injury,USING OTHER DEVICE CONTROLS INTEGRAL TO VEHICLE,MD,School Bus,0,2021.0,Thms,SCHOOL BUS,15,Wednesday,9
MCP23850036,240019881,MONTGOMERY,Property Damage Crash,2024-04-29 03:19:00,Maryland (State) Route,RIDGE RD (SB/L),Unknown,Single Vehicle,Clear,Dry,Dark - Lighted,No Controls,"Not Suspect of Alcohol Use, Not Suspect of Drug Use",Yes,No Apparent Injury,Unknown,MD,Passenger Car,40,2023.0,Toyota,COROLLA,3,Monday,4
MCP23470039,220006306,Montgomery County Police,Property Damage Crash,2022-02-13 13:28:00,Unknown,Unknown,Unknown,OTHER,CLEAR,Unknown,DAYLIGHT,NO CONTROLS,NONE DETECTED,Yes,No Apparent Injury,LOOKED BUT DID NOT SEE,MD,Passenger Car,0,2018.0,Toyota,CAMRY,13,Sunday,2
MCP3350002W,240008686,MONTGOMERY,Property Damage Crash,2024-02-22 13:55:00,Maryland (State) Route,ROCKVILLE PIKE,Unknown,Angle,Cloudy,Dry,Daylight,Traffic Control Signal,"Not Suspect of Alcohol Use, Not Suspect of Drug Use",No,No Apparent Injury,Not Distracted,MD,Passenger Car,35,2018.0,Volkswagen,TIGUAN,13,Thursday,2
MCP2965000P,15062616,MONTGOMERY,Property Damage Crash,2015-12-08 07:35:00,Unknown,Unknown,Unknown,ANGLE MEETS LEFT HEAD ON,CLEAR,Unknown,DAYLIGHT,Unknown,NONE DETECTED,Yes,No Apparent Injury,UNKNOWN,MD,Passenger Car,5,2002.0,Hond,4S,7,Tuesday,12
MCP1564007R,230071621,Montgomery County Police,Property Damage Crash,2023-12-14 07:05:00,Maryland (State),GEORGIA AVE,HOLLOW CREST DR,SINGLE VEHICLE,CLEAR,DRY,DARK LIGHTS ON,NO CONTROLS,NONE DETECTED,No,No Apparent Injury,NOT DISTRACTED,MD,Passenger Car,40,2021.0,Subaru,IMPREZA,7,Thursday,12
MCP3311001Z,230053490,Montgomery County Police,Property Damage Crash,2023-09-06 16:50:00,Maryland (State),GEORGIA AVE,RAMP 4 FR MD 97 NB TO IS 495 EB,OTHER,CLEAR,DRY,DAYLIGHT,NO CONTROLS,Unknown,No,No Apparent Injury,NOT DISTRACTED,MD,"Other Light Trucks (10,000Lbs (4,536Kg) Or Less)",35,2019.0,Dodge,RAM 5500,16,Wednesday,9
EJ7865002X,180022130,Gaithersburg Police Depar,Property Damage Crash,2018-05-05 17:40:00,Municipality,ODENDHAL AVE,RUSSELL AVE,HEAD ON LEFT TURN,RAINING,WET,DAYLIGHT,STOP SIGN,NONE DETECTED,Yes,No Apparent Injury,LOOKED BUT DID NOT SEE,MD,Passenger Car,25,2017.0,Toyota,COROLLA,17,Saturday,5
MCP94320020,190011887,Montgomery County Police,Property Damage Crash,2019-03-14 20:18:00,Maryland (State),CLARKSBURG RD,WEST OLD BALTIMORE RD,OPPOSITE DIRECTION SIDESWIPE,CLEAR,DRY,DARK NO LIGHTS,NO CONTROLS,NONE DETECTED,Unknown,No Apparent Injury,NOT DISTRACTED,MD,Passenger Car,40,2003.0,Chrysler,TOWN AND COUNTRY,20,Thursday,3
MCP2777004R,180030273,Montgomery County Police,Property Damage Crash,2018-06-19 15:07:00,Maryland (State),EAST WEST HWY,EDGEVALE ST,STRAIGHT MOVEMENT ANGLE,RAINING,WET,DAYLIGHT,STOP SIGN,NONE DETECTED,Yes,No Apparent Injury,LOOKED BUT DID NOT SEE,MD,Passenger Car,30,2017.0,Toyota,CAMRY,15,Tuesday,6
MCP25820022,180018319,Montgomery County Police,Injury Crash,2018-04-14 22:17:00,County,BOWIE MILL RD,DARNELL DR,SAME DIR REAR END,CLEAR,DRY,DARK LIGHTS ON,NO CONTROLS,UNKNOWN,Yes,Suspected Minor Injury,INATTENTIVE OR LOST IN THOUGHT,MD,Passenger Car,30,2013.0,Honda,CIVIC,22,Saturday,4
MCP12200074,180045754,Montgomery County Police,Property Damage Crash,2018-09-13 14:27:00,Unknown,Unknown,Unknown,OTHER,RAINING,Unknown,DAYLIGHT,Unknown,NONE DETECTED,Unknown,No Apparent Injury,UNKNOWN,MD,(Sport) Utility Vehicle,0,2008.0,Bmw,X3,14,Thursday,9
MCP1608000H,16042414,Montgomery County Police,Injury Crash,2016-08-21 05:18:00,Maryland (State),RIVER RD,CARDEROCK SPRINGS DR,SAME DIR REAR END,Unknown,DRY,DAWN,NO CONTROLS,Unknown,Yes,No Apparent Injury,INATTENTIVE OR LOST IN THOUGHT,MD,Limousine,30,2013.0,Chevy,SUBURBAN,5,Sunday,8
MCP3218000T,200032452,Montgomery County Police,Property Damage Crash,2020-08-19 19:25:00,Maryland (State),GEORGIA AVE,REEDIE DR,STRAIGHT MOVEMENT ANGLE,CLEAR,DRY,DUSK,TRAFFIC SIGNAL,NONE DETECTED,Yes,No Apparent Injury,LOOKED BUT DID NOT SEE,MD,Passenger Car,25,2003.0,Chevrolet,SILVERADO,19,Wednesday,8
MCP2311005N,190005684,Montgomery County Police,Property Damage Crash,2019-02-05 11:46:00,County,REDLAND RD,OVERHILL RD,SINGLE VEHICLE,CLEAR,DRY,DAYLIGHT,Unknown,Unknown,Yes,No Apparent Injury,NOT DISTRACTED,MD,Passenger Car,35,2008.0,Toyota,SIENNA,11,Tuesday,2
MCP3039001V,180002719,Montgomery County Police,Property Damage Crash,2018-01-17 16:00:00,Maryland (State),ROCKVILLE PIKE,JONES BRIDGE RD,SAME DIR REAR END,CLEAR,DRY,DAYLIGHT,NO CONTROLS,NONE DETECTED,Yes,No Apparent Injury,NOT DISTRACTED,MD,Passenger Car,25,2017.0,Mercedes,C250,16,Wednesday,1
EJ7854002F,180056696,Gaithersburg Police Depar,Property Damage Crash,2018-11-12 09:00:00,Municipality,BROOKS AVE,PARK AVE,OPPOSITE DIR BOTH LEFT TURN,Unknown,DRY,DAYLIGHT,STOP SIGN,NONE DETECTED,Yes,No Apparent Injury,NOT DISTRACTED,MD,Passenger Car,30,2013.0,Hyun,4S,9,Monday,11
MCP28750024,16041979,Montgomery County Police,Property Damage Crash,2016-08-18 18:16:00,Maryland (State),GREAT SENECA HWY,QUEENSTOWN LA,OTHER,CLEAR,DRY,DAYLIGHT,TRAFFIC SIGNAL,NONE DETECTED,No,No Apparent Injury,NOT DISTRACTED,MD,(Sport) Utility Vehicle,45,2007.0,Toyota,RAV4,18,Thursday,8
MCP2348001W,16041976,Montgomery County Police,Injury Crash,2016-08-18 17:42:00,County,BURNLEY TERR,PRICHARD RD,OTHER,CLEAR,DRY,DAYLIGHT,NO CONTROLS,UNKNOWN,Yes,Suspected Minor Injury,NOT DISTRACTED,MD,Passenger Car,25,2002.0,Hond,4S,17,Thursday,8
MCP33480030,240030134,MONTGOMERY,Property Damage Crash,2024-06-25 22:33:00,Maryland (State) Route,VEIRS MILL RD (WB/L),Unknown,Single Vehicle,Clear,Dry,Dark - Lighted,No Controls,"Not Suspect of Alcohol Use, Not Suspect of Drug Use",No,No Apparent Injury,Not Distracted,DC,Passenger Car,35,2012.0,Honda,ACCORD,22,Tuesday,6
MCP25220009,15050252,MONTGOMERY,Property Damage Crash,2015-10-04 11:53:00,Interstate (State),CAPITAL BELTWAY,VIRGINIA ST/L,OTHER,Unknown,DRY,DAYLIGHT,NO CONTROLS,NONE DETECTED,No,No Apparent Injury,NOT DISTRACTED,VA,Passenger Car,55,2006.0,Honda,CIVIC,11,Sunday,10
MCP2837004L,220043461,Montgomery County Police,Property Damage Crash,2022-10-05 13:47:00,County,RIVER RD,RILEYS LOCK RD,SAME DIR REND LEFT TURN,CLOUDY,WET,DAYLIGHT,NO CONTROLS,Unknown,No,No Apparent Injury,NOT DISTRACTED,MD,Passenger Car,40,2017.0,Nissan,SENTRA,13,Wednesday,10
MCP29520044,170520809,Montgomery County Police,Injury Crash,2017-07-24 07:17:00,Maryland (State),GEORGIA AVE,WHITE OAK DR,STRAIGHT MOVEMENT ANGLE,CLEAR,DRY,DAYLIGHT,NO CONTROLS,NONE DETECTED,No,Possible Injury,NOT DISTRACTED,MD,(Sport) Utility Vehicle,35,2006.0,Honda,CRV,7,Monday,7
MCP29360056,220012924,Montgomery County Police,Injury Crash,2022-03-25 14:25:00,Maryland (State),RIVER RD,BRAEBURN PKWY,OTHER,CLEAR,DRY,DAYLIGHT,TRAFFIC SIGNAL,NONE DETECTED,No,No Apparent Injury,NOT DISTRACTED,DC,Passenger Car,40,2009.0,Toyt,YARIS,14,Friday,3
MCP3123006C,230053387,Montgomery County Police,Injury Crash,2023-09-06 07:55:00,County,TUCKERMAN LA,ANGUS PL,HEAD ON LEFT TURN,Unknown,DRY,DAYLIGHT,TRAFFIC SIGNAL,Unknown,Yes,No Apparent Injury,LOOKED BUT DID NOT SEE,MD,Passenger Car,40,2017.0,Gmc,DENALI,7,Wednesday,9
MCP2059008W,250021832,MONTGOMERY,Property Damage Crash,2025-05-17 16:10:00,County Route,LONE OAK DR,OLD GEORGETOWN RD (SB/L),"Sideswipe, Same Direction",Clear,Dry,Daylight,Traffic Control Signal,"Unknown, Unknown",No,No Apparent Injury,Unknown,Unknown,Sport Utility Vehicle,20,2018.0,Toyota,4-RUNNER,16,Saturday,5
MCP2358006B,190033089,Montgomery County Police,Injury Crash,2019-07-12 08:58:00,Maryland (State),RIVER RD,WINSTON DR,SAME DIR REAR END,CLEAR,DRY,DAYLIGHT,NO CONTROLS,NONE DETECTED,No,Suspected Minor Injury,NOT DISTRACTED,VA,Passenger Car,35,2016.0,Toyota,RAV4,8,Friday,7
MCP27120028,180007334,Montgomery County Police,Property Damage Crash,2018-02-12 11:49:00,County,FAIRLAND RD,SUMMERWOOD DR,OTHER,CLOUDY,WET,DAYLIGHT,STOP SIGN,NONE DETECTED,Yes,No Apparent Injury,LOOKED BUT DID NOT SEE,MD,Passenger Car,25,2006.0,Merz,CLK350,11,Monday,2