Report Number,Local Case Number,Agency Name,ACRS Report Type,Crash Date/Time,Route Type,Road Name,Cross-Street Name,Collision Type,Weather,Surface Condition,Light,Traffic Control,Driver Substance Abuse,Driver At Fault,Injury Severity,Driver Distracted By,Drivers License State,Vehicle Body Type,Speed Limit,Vehicle Year,Vehicle Make,Vehicle Model,Crash Hour,Crash Day,Crash Month
MCP31560033,240029229,MONTGOMERY,Property Damage Crash,2024-06-20 07:53:00,County Route,LORAIN AVE,Unknown,Single Vehicle,Clear,Dry,Daylight,No Controls,"Unknown, Unknown",No,Unknown,Unknown,Unknown,Passenger Car,25,2015.0,Chrysler,200,7,Thursday,6
MCP27830048,220024390,Montgomery County Police,Property Damage Crash,2022-06-07 12:15:00,County,PRINCE PHILIP DR,GEORGIA AVE,SINGLE VEHICLE,CLEAR,DRY,DAYLIGHT,NO CONTROLS,NONE DETECTED,Yes,No Apparent Injury,UNKNOWN,MD,Passenger Car,35,2013.0,Ford,MUSTANG,12,Tuesday,6
MCP29710042,180040002,Montgomery County Police,Injury Crash,2018-08-11 21:59:00,County,FATHER HURLEY BLVD,WATERS LANDING DR,HEAD ON LEFT TURN,CLEAR,DRY,DARK LIGHTS ON,TRAFFIC SIGNAL,NONE DETECTED,No,Suspected Minor Injury,NOT DISTRACTED,MD,Passenger Car,35,2012.0,Honda,CIVIC,21,Saturday,8
EJ7839002L,170544371,Gaithersburg Police Depar,Injury Crash,2017-11-22 17:30:00,Municipality,LAKE FOREST BLVD,RUSSELL AVE,STRAIGHT MOVEMENT ANGLE,CLEAR,DRY,DARK LIGHTS ON,NO CONTROLS,NONE DETECTED,No,No Apparent Injury,NOT DISTRACTED,MD,Van,25,2006.0,Toyota,SIENNA,17,Wednesday,11
MCP3090003S,200002319,Montgomery County Police,Injury Crash,2020-01-14 12:50:00,County,SHADY GROVE RD,RAMP 1 FR IS 270 NB TO SHADY GROVE RD WB,STRAIGHT MOVEMENT ANGLE,RAINING,WET,DAYLIGHT,TRAFFIC SIGNAL,Unknown,Yes,No Apparent Injury,UNKNOWN,MD,(Sport) Utility Vehicle,40,2015.0,Toyt,TK,12,Tuesday,1
MCP3130005R,220055146,Montgomery County Police,Property Damage Crash,2022-12-13 14:03:00,County,JUSTICE RD,JUPITER ST,SAME DIRECTION SIDESWIPE,CLEAR,DRY,DAYLIGHT,NO CONTROLS,NONE DETECTED,Yes,No Apparent Injury,NOT DISTRACTED,MD,Ambulance/Emergency,25,2020.0,Frht,AM,14,Tuesday,12
MCP2425007F,16046670,Montgomery County Police,Injury Crash,2016-09-12 05:26:00,Maryland (State),NEW HAMPSHIRE AVE,NORTHAMPTON DR,STRAIGHT MOVEMENT ANGLE,CLEAR,DRY,DARK LIGHTS ON,TRAFFIC SIGNAL,NONE DETECTED,No,No Apparent Injury,NOT DISTRACTED,MD,Passenger Car,40,2008.0,Toyota,RAV4,5,Monday,9
MCP3071002J,240035513,MONTGOMERY,Property Damage Crash,2024-07-28 00:33:00,Maryland (State) Route,FREDERICK RD,Unknown,"Sideswipe, Opposite Direction",Clear,Dry,Dark - Lighted,Flashing Traffic Control Signal,"Not Suspect of Alcohol Use, Not Suspect of Drug Use",No,No Apparent Injury,Not Distracted,MD,Passenger Car,40,2022.0,Toyota,COROLLA,0,Sunday,7
HA23720003,15001398,MCPARK,Property Damage Crash,2015-12-21 08:36:00,County,BRINK RD,GOSHEN RD,OTHER,CLEAR,DRY,DAYLIGHT,NO CONTROLS,NONE DETECTED,Yes,No Apparent Injury,UNKNOWN,PA,Pickup Truck,35,2015.0,Ford,F250,8,Monday,12
MCP2950002T,230067723,Montgomery County Police,Property Damage Crash,2023-11-21 22:49:00,County,BLUNT RD,SCENERY DR,SINGLE VEHICLE,RAINING,WET,DARK LIGHTS ON,NO CONTROLS,UNKNOWN,Yes,No Apparent Injury,UNKNOWN,Unknown,Passenger Car,25,2002.0,Cheverolet,ASTRO,22,Tuesday,11
MCP2813005P,180051811,Montgomery County Police,Property Damage Crash,2018-10-16 15:38:00,County,RANDOLPH RD,GLENMONT CIR #1,STRAIGHT MOVEMENT ANGLE,CLOUDY,DRY,DAYLIGHT,TRAFFIC SIGNAL,Unknown,Yes,No Apparent Injury,NOT DISTRACTED,MD,Passenger Car,10,2012.0,Dodge,CHARGER,15,Tuesday,10
MCP2116009D,190009026,Montgomery County Police,Injury Crash,2019-02-25 17:33:00,County,PINEY MEETINGHOUSE RD,PINEY GLEN LA,SINGLE VEHICLE,CLEAR,DRY,DAYLIGHT,Unknown,NONE DETECTED,Yes,Suspected Minor Injury,UNKNOWN,MD,Passenger Car,35,2018.0,Hyundai,4S,17,Monday,2
MCP28300048,180061807,Montgomery County Police,Property Damage Crash,2018-12-11 07:50:00,Maryland (State),OLNEY SANDY SPRING RD,SPARTAN RD,SAME DIR REAR END,CLEAR,DRY,DAYLIGHT,TRAFFIC SIGNAL,NONE DETECTED,No,No Apparent Injury,NOT DISTRACTED,MD,(Sport) Utility Vehicle,30,2011.0,Toyt,TK,7,Tuesday,12
MCP3372000K,230022271,Montgomery County Police,Property Damage Crash,2023-05-09 17:54:00,County,CONNECTICUT AVE,GRAND PRE RD,SAME DIRECTION SIDESWIPE,Unknown,Unknown,DAYLIGHT,NO CONTROLS,NONE DETECTED,No,No Apparent Injury,NOT DISTRACTED,MD,Van,25,2017.0,Chevrolet,EXPRESS,17,Tuesday,5
MCP28370069,240031040,MONTGOMERY,Property Damage Crash,2024-07-01 13:00:00,County Route,QUERY MILL RD,Unknown,"Sideswipe, Same Direction",Clear,Dry,Daylight,No Controls,"Not Suspect of Alcohol Use, Not Suspect of Drug Use",Yes,No Apparent Injury,Unknown,MD,Other,30,2000.0,Ford,UNKNOWN,13,Monday,7
MCP2358005N,180057694,Montgomery County Police,Property Damage Crash,2018-11-17 11:50:00,Unknown,Unknown,Unknown,OTHER,CLEAR,Unknown,DAYLIGHT,NO CONTROLS,NONE DETECTED,Yes,No Apparent Injury,NOT DISTRACTED,MD,Passenger Car,25,2010.0,Toyota,COROLLA,11,Saturday,11
DD5598000G,16002212,Rockville Police Departme,Injury Crash,2016-01-12 17:18:00,Maryland (State),VEIRS MILL RD,EDMONSTON DR,SAME DIR REAR END,CLEAR,DRY,DARK LIGHTS ON,NO CONTROLS,Unknown,No,Suspected Minor Injury,NOT DISTRACTED,MD,Passenger Car,35,2012.0,Honda,CRV,17,Tuesday,1
MCP3280001T,210049351,Montgomery County Police,Property Damage Crash,2021-12-05 12:05:00,Maryland (State),UNIVERSITY BLVD E,PINEY BRANCH RD,SAME DIR REAR END,CLEAR,DRY,DAYLIGHT,NO CONTROLS,NONE DETECTED,Yes,No Apparent Injury,NOT DISTRACTED,MD,Passenger Car,35,2009.0,Toyota,SIENNA,12,Sunday,12
MCP3036001L,190034621,Montgomery County Police,Injury Crash,2019-07-21 04:46:00,County,STRAWBERRY KNOLL RD,CROSS COUNTRY LA,SINGLE VEHICLE,CLEAR,Unknown,DARK LIGHTS ON,NO CONTROLS,ALCOHOL PRESENT,Yes,Suspected Minor Injury,INATTENTIVE OR LOST IN THOUGHT,MD,Passenger Car,25,2014.0,Volkswagen,JETTA,4,Sunday,7
EJ78260030,180001783,Gaithersburg Police Depar,Injury Crash,2018-01-12 06:20:00,Maryland (State),GREAT SENECA HWY,QUINCE ORCHARD RD,STRAIGHT MOVEMENT ANGLE,RAINING,WET,DARK LIGHTS ON,FLASHING TRAFFIC SIGNAL,Unknown,Yes,Possible Injury,NOT DISTRACTED,MD,Passenger Car,40,2014.0,Acura,ILX,6,Friday,1
MCP2720004L,200014272,Montgomery County Police,Injury Crash,2020-03-28 05:26:00,County,ASPEN HILL RD,PARKLAND DR,STRAIGHT MOVEMENT ANGLE,RAINING,WET,DARK LIGHTS ON,FLASHING TRAFFIC SIGNAL,NONE DETECTED,No,No Apparent Injury,NOT DISTRACTED,MD,"Medium/Heavy Trucks 3 Axles (Over 10,000Lbs (4,536Kg))",30,2006.0,Mack,TRK,5,Saturday,3
MCP2723003K,180032274,Montgomery County Police,Property Damage Crash,2018-06-30 13:30:00,Maryland (State),OLNEY SANDY SPRING RD,VILLAGE CENTER DR,STRAIGHT MOVEMENT ANGLE,Unknown,DRY,DAYLIGHT,TRAFFIC SIGNAL,Unknown,No,No Apparent Injury,NOT DISTRACTED,MD,Passenger Car,40,2001.0,Toyt,4S,13,Saturday,6
DD5595008R,200011138,Rockville Police Departme,Property Damage Crash,2020-03-06 14:14:00,County,TWINBROOK PKWY,VEIRS MILL RD,OTHER,CLOUDY,DRY,DAYLIGHT,TRAFFIC SIGNAL,NONE DETECTED,No,No Apparent Injury,NOT DISTRACTED,MD,School Bus,30,2017.0,Thomas,BUS,14,Friday,3
DD55740006,15047766,ROCKVILLE,Property Damage Crash,2015-09-21 08:40:00,Maryland (State),FIRST ST,ROCKVILLE PIKE,SAME DIR REAR END,RAINING,WET,DAYLIGHT,TRAFFIC SIGNAL,Unknown,No,No Apparent Injury,NOT DISTRACTED,MD,"Other Light Trucks (10,000Lbs (4,536Kg) Or Less)",35,2006.0,Lexus,UNK,8,Monday,9
EJ7863000P,17000798,Gaithersburg Police Depar,Property Damage Crash,2017-01-05 14:13:00,Municipality,BUREAU DR,W DIAMOND AVE,HEAD ON LEFT TURN,CLOUDY,DRY,DAYLIGHT,TRAFFIC SIGNAL,NONE DETECTED,No,No Apparent Injury,UNKNOWN,MD,Passenger Car,30,2011.0,Mits,4S,14,Thursday,1
MCP2436006P,180063752,Montgomery County Police,Property Damage Crash,2018-12-21 10:45:00,Maryland (State),PINEY BRANCH RD,BARRON ST,SAME DIR REAR END,CLOUDY,WET,DAYLIGHT,TRAFFIC SIGNAL,Unknown,No,No Apparent Injury,NOT DISTRACTED,MD,(Sport) Utility Vehicle,30,2017.0,Jeep,CHEROKEE,10,Friday,12
MCP3122000X,180031104,Montgomery County Police,Injury Crash,2018-06-24 09:45:00,County,DEWEY RD,BENNION RD,STRAIGHT MOVEMENT ANGLE,CLEAR,DRY,DAYLIGHT,NO CONTROLS,NONE DETECTED,Yes,No Apparent Injury,LOOKED BUT DID NOT SEE,MD,Passenger Car,25,2008.0,Jeep,CHEROKEE,9,Sunday,6
MCP320000F4,250004493,MONTGOMERY,Injury Crash,2025-01-31 11:26:00,Ramp,RAMP 3 FR WESTLAKE TERR TO IS 270Y NB,WESTLAKE TERR (WB/L),Single Vehicle,Rain,Wet,Daylight,Traffic Control Signal,"Not Suspect of Alcohol Use, Not Suspect of Drug Use",No,Possible Injury,Not Distracted,MD,Passenger Car,35,2006.0,Toyota,CAMRY,11,Friday,1
EJ7871002W,200006824,Gaithersburg Police Depar,Injury Crash,2020-02-10 18:06:00,Municipality,CHRISTOPHER AVE,FREDERICK RD,SAME DIR REAR END,RAINING,WET,DARK LIGHTS ON,TRAFFIC SIGNAL,NONE DETECTED,Yes,Possible Injury,LOOKED BUT DID NOT SEE,MD,Passenger Car,35,2005.0,Honda,VAN,18,Monday,2
MCP2162003B,180052951,Montgomery County Police,Injury Crash,2018-10-22 18:52:00,County,BRIGHTON DAM RD,NEW HAMPSHIRE AVE,HEAD ON LEFT TURN,CLEAR,DRY,DARK LIGHTS ON,TRAFFIC SIGNAL,Unknown,Yes,No Apparent Injury,NOT DISTRACTED,MD,Passenger Car,35,2017.0,Nissan,SENTRA,18,Monday,10
MCP32680060,250035932,MONTGOMERY,Property Damage Crash,2025-08-12 14:03:00,Ramp,RAMP 4 FR US 29 NB TO CHERRY HILL RD EB,Unknown,Angle,Clear,Dry,Daylight,No Controls,"Not Suspect of Alcohol Use, Not Suspect of Drug Use",No,No Apparent Injury,Not Distracted,MD,Passenger Car,35,2014.0,Honda,CIVIC,14,Tuesday,8
MCP27100033,200001512,Montgomery County Police,Property Damage Crash,2020-01-09 16:00:00,County,SHADY GROVE RD,RAMP 8 FR RAMP 5 TO SHADY GROVE RD,STRAIGHT MOVEMENT ANGLE,Unknown,DRY,DAYLIGHT,TRAFFIC SIGNAL,NONE DETECTED,Yes,No Apparent Injury,UNKNOWN,MD,Passenger Car,45,2010.0,Toyota,COROLLA,16,Thursday,1
MCP22700039,240037007,MONTGOMERY,Property Damage Crash,2024-08-06 07:50:00,County Route,DRUMALDRY DR,Unknown,Rear To Side,Clear,Dry,Daylight,No Controls,"Not Suspect of Alcohol Use, Not Suspect of Drug Use",No,No Apparent Injury,Unknown,MD,Passenger Car,25,2017.0,Honda,ACCORD,7,Tuesday,8
DM84930020,230064510,Takoma Park Police Depart,Property Damage Crash,2023-11-05 08:56:00,Unknown,Unknown,Unknown,SAME DIRECTION SIDESWIPE,CLEAR,Unknown,DAYLIGHT,Unknown,Unknown,Yes,No Apparent Injury,UNKNOWN,Unknown,Passenger Car,15,2021.0,Toyota,TACOMA,8,Sunday,11
DM8490003L,250045480,TAKOMA,Injury Crash,2025-10-09 19:47:00,Maryland (State) Route,UNIVERSITY BLVD,Unknown,"Sideswipe, Same Direction",Clear,Dry,Dark - Lighted,No Controls,"Not Suspect of Alcohol Use, Not Suspect of Drug Use",No,Suspected Minor Injury,Unknown,Unknown,Unknown,25,2024.0,Yamaha,MTN320 (MT-03),19,Thursday,10
MCP25130045,240041211,MONTGOMERY,Property Damage Crash,2024-08-31 07:09:00,US (State),Unknown,Unknown,Rear To Rear,Cloudy,Dry,Dawn,Traffic Control Signal,"Not Suspect of Alcohol Use, Not Suspect of Drug Use",No,No Apparent Injury,Not Distracted,MD,Passenger Car,35,2014.0,Mazda,MAZDA3,7,Saturday,8
EJ78180022,220057619,Gaithersburg Police Depar,Property Damage Crash,2022-12-28 19:50:00,Unknown,Unknown,Unknown,SAME DIRECTION LEFT TURN,Unknown,Unknown,DARK LIGHTS ON,Unknown,UNKNOWN,Yes,No Apparent Injury,LOOKED BUT DID NOT SEE,MD,Passenger Car,0,2018.0,Honda,PILOT,19,Wednesday,12
MCP27990023,16057684,Montgomery County Police,Property Damage Crash,2016-11-08 20:38:00,Maryland (State),GEORGIA AVE,STRUC #15011 HAWLINGS RIVER,SINGLE VEHICLE,CLEAR,DRY,DARK NO LIGHTS,NO CONTROLS,NONE DETECTED,Yes,No Apparent Injury,OTHER DISTRACTION,NY,Passenger Car,40,2017.0,Niss,PATHFINDER,20,Tuesday,11
MCP121300B3,240060482,MONTGOMERY,Property Damage Crash,2024-12-18 15:15:00,Private Route,SHERWOOD HS ENT,Unknown,"Sideswipe, Same Direction",Clear,Dry,Daylight,No Controls,"Not Suspect of Alcohol Use, Not Suspect of Drug Use",No,No Apparent Injury,Not Distracted,MD,Bus - School,5,2021.0,Thomas Built,HDX,15,Wednesday,12
MCP1575004X,170506560,Montgomery County Police,Property Damage Crash,2017-05-08 09:18:00,Maryland (State),W MONTGOMERY AVE,NELSON ST,STRAIGHT MOVEMENT ANGLE,CLEAR,DRY,DAYLIGHT,TRAFFIC SIGNAL,NONE DETECTED,Yes,No Apparent Injury,LOOKED BUT DID NOT SEE,MD,Passenger Car,30,2012.0,Toyota,CAMRY,9,Monday,5
MCP3168000P,190022595,Montgomery County Police,Injury Crash,2019-05-13 18:14:00,Maryland (State),CONNECTICUT AVE,KNOWLES AVE,SAME DIR REAR END,CLOUDY,Unknown,DAYLIGHT,TRAFFIC SIGNAL,NONE DETECTED,Yes,No Apparent Injury,LOOKED BUT DID NOT SEE,MD,(Sport) Utility Vehicle,35,2006.0,Ford,TK,18,Monday,5
MCP2059006J,200047799,Montgomery County Police,Property Damage Crash,2020-12-04 12:55:00,Unknown,Unknown,Unknown,OPPOSITE DIRECTION SIDESWIPE,CLOUDY,Unknown,DAYLIGHT,NO CONTROLS,UNKNOWN,Yes,No Apparent Injury,UNKNOWN,Unknown,Passenger Car,15,2018.0,Volkswagen,JETTA,12,Friday,12
MCP271700G2,180008110,Montgomery County Police,Property Damage Crash,2018-02-16 07:15:00,Maryland (State),CONNECTICUT AVE,DENFELD AVE,ANGLE MEETS LEFT TURN,RAINING,WET,DAYLIGHT,TRAFFIC SIGNAL,NONE DETECTED,No,No Apparent Injury,NOT DISTRACTED,MD,Van,40,1999.0,Chrysler,VAN,7,Friday,2
DM8494003Y,250025745,TAKOMA,Property Damage Crash,2025-06-09 18:29:00,Maryland (State) Route,NEW HAMPSHIRE AVE (SB/L),SLIGO CREEK PKWY,Front to Rear,Clear,Dry,Daylight,Traffic Control Signal,"Unknown, Unknown",No,No Apparent Injury,Unknown,Unknown,Passenger Car,35,2017.0,Toyota,CAMRY,18,Monday,6
MCP2905006G,240042215,MONTGOMERY,Injury Crash,2024-09-06 07:40:00,Maryland (State) Route,RIVER RD (WB/L),Unknown,Front to Rear,Cloudy,Dry,Daylight,Traffic Control Signal,"Not Suspect of Alcohol Use, Not Suspect of Drug Use",Yes,Possible Injury,Not Distracted,MD,Passenger Car,35,2012.0,Chevrolet,CRUZE,7,Friday,9
MCP3410001B,250052623,MONTGOMERY,Injury Crash,2025-11-23 22:19:00,County Route,SHOREFIELD RD,GEORGIA AVE (SB/L),Angle,Clear,Dry,Dark - Lighted,No Controls,"Not Suspect of Alcohol Use, Not Suspect of Drug Use",Yes,Suspected Minor Injury,Unknown,Unknown,Passenger Car,25,2015.0,Nissan,VERSA NOTE,22,Sunday,11
MCP3280007B,250038684,MONTGOMERY,Property Damage Crash,2025-08-29 13:45:00,Maryland (State) Route,NEW HAMPSHIRE AVE,Unknown,Front to Rear,Clear,Dry,Daylight,No Controls,"Not Suspect of Alcohol Use, Not Suspect of Drug Use",Yes,No Apparent Injury,Unknown,MD,Bus - Mini,40,2013.0,Ford,E-450,13,Friday,8
MCP2892006T,190036562,Montgomery County Police,Property Damage Crash,2019-07-31 18:06:00,Maryland (State),GEORGIA AVE,RAMP 6 FR IS 495 EB TO MD 97 SB,SAME DIRECTION SIDESWIPE,CLEAR,DRY,DAYLIGHT,Unknown,NONE DETECTED,Yes,No Apparent Injury,LOOKED BUT DID NOT SEE,MD,Passenger Car,35,2013.0,Ford,TK,18,Wednesday,7
MCP3031003T,210025174,Montgomery County Police,Property Damage Crash,2021-06-30 21:25:00,County,RANDOLPH RD,LOCKSLEY LA,SAME DIRECTION LEFT TURN,CLEAR,DRY,DARK LIGHTS ON,TRAFFIC SIGNAL,Unknown,Yes,No Apparent Injury,NOT DISTRACTED,DC,"Cargo Van/Light Truck 2 Axles (Over 10,000Lbs (4,536 Kg))",40,2019.0,Ford,TK,21,Wednesday,6
DD559500FH,230071737,Rockville Police Departme,Property Damage Crash,2023-12-14 15:30:00,Maryland (State),ROCKVILLE PIKE,CHURCH ST,OTHER,CLEAR,DRY,DAYLIGHT,TRAFFIC SIGNAL,NONE DETECTED,Yes,No Apparent Injury,UNKNOWN,MD,Transit Bus,25,2019.0,Gilg,TRANSIT BUS,15,Thursday,12
MCP30000016,16048130,Montgomery County Police,Property Damage Crash,2016-09-19 15:39:00,Maryland (State),GERMANTOWN RD,AIRCRAFT DR,SAME DIR REAR END,RAINING,WET,DAYLIGHT,TRAFFIC SIGNAL,NONE DETECTED,No,No Apparent Injury,NOT DISTRACTED,MD,Passenger Car,40,2001.0,Hond,4S,15,Monday,9
MCP1119002P,16039655,Montgomery County Police,Property Damage Crash,2016-08-05 14:25:00,County,RANDOLPH RD,GEORGIA AVE,OTHER,CLOUDY,DRY,DAYLIGHT,TRAFFIC SIGNAL,NONE DETECTED,Yes,No Apparent Injury,NOT DISTRACTED,MD,Station Wagon,35,2005.0,Mercdes,C240,14,Friday,8
MCP2583001P,210039307,Montgomery County Police,Property Damage Crash,2021-10-03 15:24:00,County,SEVEN LOCKS RD,POSTOAK RD,SAME DIRECTION SIDESWIPE,CLEAR,DRY,DAYLIGHT,TRAFFIC SIGNAL,ALCOHOL PRESENT,Yes,No Apparent Injury,UNKNOWN,MD,Passenger Car,40,2019.0,Honda,ACCORD,15,Sunday,10
DM85030016,230071466,Takoma Park Police Depart,Property Damage Crash,2023-12-13 12:02:00,Maryland (State),PHILADELPHIA AVE,TAKOMA AVE,SINGLE VEHICLE,CLEAR,DRY,DAYLIGHT,Unknown,Unknown,Yes,No Apparent Injury,NOT DISTRACTED,MD,Transit Bus,20,2019.0,Wmata,BU,12,Wednesday,12
MCP2339007G,220036147,Montgomery County Police,Property Damage Crash,2022-08-21 21:35:00,Maryland (State),VEIRS MILL RD,TWINBROOK PKWY,SAME DIRECTION RIGHT TURN,RAINING,WET,DARK LIGHTS ON,TRAFFIC SIGNAL,Unknown,Yes,No Apparent Injury,UNKNOWN,Unknown,Passenger Car,35,2014.0,Bmw,328I,21,Sunday,8
MCP2982002K,190015089,Montgomery County Police,Property Damage Crash,2019-04-01 15:39:00,County,ELLSWORTH DR,SPRING ST,SAME DIRECTION LEFT TURN,Unknown,DRY,DAYLIGHT,NO CONTROLS,NONE DETECTED,Yes,No Apparent Injury,LOOKED BUT DID NOT SEE,MD,Passenger Car,25,2013.0,Ford,TAURUS,15,Monday,4
MCP26740014,180060464,Montgomery County Police,Injury Crash,2018-12-03 17:32:00,Maryland (State),FREDERICK RD,OXBRIDGE DR,ANGLE MEETS LEFT TURN,CLEAR,DRY,DARK LIGHTS ON,NO CONTROLS,NONE DETECTED,Yes,Possible Injury,NOT DISTRACTED,MD,Passenger Car,40,2018.0,Toyota,CORROLA,17,Monday,12
MCP28270035,170522774,Montgomery County Police,Property Damage Crash,2017-08-03 15:28:00,County,PIPING ROCK DR,BONIFANT RD,HEAD ON LEFT TURN,Unknown,DRY,DAYLIGHT,NO CONTROLS,NONE DETECTED,Yes,No Apparent Injury,NOT DISTRACTED,MD,Passenger Car,25,2004.0,Hond,TK,15,Thursday,8
MCP2598000F,15011955,Montgomery County Police,Property Damage Crash,2015-03-15 17:12:00,County,E WAYNE AVE,ETON RD,SAME DIR REND LEFT TURN,Unknown,DRY,DAYLIGHT,NO CONTROLS,NONE DETECTED,No,No Apparent Injury,NOT DISTRACTED,MD,Police Vehicle/Non Emergency,25,2010.0,Dodge,CHARGER,17,Sunday,3
MCP2298009P,16047151,Montgomery County Police,Property Damage Crash,2016-09-14 15:29:00,County,WARING STATION RD,SUMMER OAK DR,SAME DIRECTION SIDESWIPE,CLEAR,DRY,DAYLIGHT,Unknown,NONE DETECTED,No,No Apparent Injury,NOT DISTRACTED,MD,School Bus,30,2016.0,Thom,PUSH MSDE D 12 BUS,15,Wednesday,9
MCP2656004H,200004867,Montgomery County Police,Injury Crash,2020-01-29 20:15:00,County,RIDING STABLE RD,JERALD RD,HEAD ON LEFT TURN,Unknown,DRY,DARK NO LIGHTS,Unknown,Unknown,Yes,Possible Injury,LOOKED BUT DID NOT SEE,MD,Van,25,2019.0,Mercedes,SPRINTER 2500,20,Wednesday,1
MCP3079001X,190004805,Montgomery County Police,Property Damage Crash,2019-01-30 20:18:00,County,FATHER HURLEY BLVD,MIDDLEBROOK RD,STRAIGHT MOVEMENT ANGLE,CLEAR,DRY,DARK LIGHTS ON,TRAFFIC SIGNAL,NONE DETECTED,Yes,No Apparent Injury,NOT DISTRACTED,MD,Passenger Car,40,2019.0,Ford,FIESTA,20,Wednesday,1
MCP3034003T,190051989,Montgomery County Police,Property Damage Crash,2019-10-29 08:32:00,County,MACARTHUR BLVD,SANGAMORE RD,SAME DIRECTION SIDESWIPE,CLEAR,DRY,DAYLIGHT,NO CONTROLS,Unknown,Yes,No Apparent Injury,NOT DISTRACTED,MD,Transit Bus,30,2013.0,Gill,BUS,8,Tuesday,10
MCP2921001Z,170525385,Montgomery County Police,Property Damage Crash,2017-08-17 16:58:00,Maryland (State),FREDERICK RD,REDGRAVE PL,SAME DIR REAR END,CLEAR,DRY,DAYLIGHT,Unknown,NONE DETECTED,Yes,No Apparent Injury,NOT DISTRACTED,MD,Passenger Car,30,2009.0,Strn,4S,16,Thursday,8
MCP24750060,210015571,Montgomery County Police,Injury Crash,2021-04-26 17:42:00,US (State),COLUMBIA PIKE,LOCKWOOD DR,SAME DIR REAR END,Unknown,DRY,DAYLIGHT,TRAFFIC SIGNAL,NONE DETECTED,Yes,No Apparent Injury,NOT DISTRACTED,MD,Passenger Car,40,2005.0,Toyota,CAROLLA,17,Monday,4
MCP29710011,16011282,MONTGOMERY,Injury Crash,2016-03-07 11:45:00,Maryland (State),GEORGIA AVE,WHITE OAK DR,STRAIGHT MOVEMENT ANGLE,CLEAR,DRY,DAYLIGHT,NO CONTROLS,NONE DETECTED,Yes,Possible Injury,LOOKED BUT DID NOT SEE,DC,Passenger Car,35,2015.0,Toyota,COROLLA,11,Monday,3
MCP2720000V,15007011,Montgomery County Police,Property Damage Crash,2015-02-11 20:21:00,County,BAUER DR,RUSSETT RD,SAME DIRECTION SIDESWIPE,CLEAR,DRY,DARK -- UNKNOWN LIGHTING,NO CONTROLS,Unknown,Yes,No Apparent Injury,LOOKED BUT DID NOT SEE,MD,Passenger Car,30,2003.0,Ford,FOCUS,20,Wednesday,2
MCP3290002J,230057079,Montgomery County Police,Property Damage Crash,2023-09-27 08:09:00,County,SEMINARY RD,FOREST GLEN RD,STRAIGHT MOVEMENT ANGLE,CLEAR,DRY,DAYLIGHT,YIELD SIGN,NONE DETECTED,Yes,No Apparent Injury,UNKNOWN,MD,Passenger Car,35,2005.0,Toyt,TK,8,Wednesday,9
MCP2866008W,240038724,MONTGOMERY,Property Damage Crash,2024-08-14 16:08:00,Unknown,Unknown,Unknown,"Sideswipe, Same Direction",Clear,Unknown,Daylight,Unknown,"Unknown, Unknown",Yes,No Apparent Injury,Not Distracted,MD,Passenger Car,0,2020.0,Kia,SOUL,16,Wednesday,8
MCP3305000R,210036314,Montgomery County Police,Property Damage Crash,2021-09-15 07:08:00,US (State),COLESVILLE RD,LANARK WAY,SAME DIR REAR END,CLEAR,DRY,DAYLIGHT,TRAFFIC SIGNAL,NONE DETECTED,No,No Apparent Injury,NOT DISTRACTED,MD,Passenger Car,35,2011.0,Subaru,4D,7,Wednesday,9
MCP32380021,220050613,Montgomery County Police,Injury Crash,2022-11-16 10:41:00,US (State),GEORGIA AVE,SLIGO AVE,OTHER,CLEAR,DRY,DAYLIGHT,TRAFFIC SIGNAL,NONE DETECTED,No,No Apparent Injury,NOT DISTRACTED,MD,Passenger Car,35,2004.0,Honda,CIVIC,10,Wednesday,11
MCP3292002B,240033472,MONTGOMERY,Injury Crash,2024-07-15 23:31:00,Maryland (State) Route,GREAT SENECA HWY,KEY WEST AVE (WB/L),Angle,Clear,Dry,Dark - Not Lighted,Traffic Control Signal,"Not Suspect of Alcohol Use, Not Suspect of Drug Use",Yes,No Apparent Injury,Not Distracted,VA,Sport Utility Vehicle,50,2017.0,Nissan,ROGUE,23,Monday,7
MCP3441000Y,250032187,MONTGOMERY,Injury Crash,2025-07-18 19:45:00,Maryland (State) Route,MONTGOMERY AVE,Unknown,Single Vehicle,Clear,Dry,Daylight,No Controls,"Not Suspect of Alcohol Use, Not Suspect of Drug Use",No,Suspected Minor Injury,Not Distracted,DC,Passenger Car,30,2012.0,Mercedes-Benz,C-CLASS,19,Friday,7
MCP3158004J,230055441,Montgomery County Police,Property Damage Crash,2023-09-17 23:27:00,County,AIRPARK RD,MUNCASTER MILL RD,SINGLE VEHICLE,CLEAR,WET,DARK LIGHTS ON,Unknown,NONE DETECTED,Yes,No Apparent Injury,NOT DISTRACTED,MD,Passenger Car,35,2002.0,Bmw,CV,23,Sunday,9
MCP2844005L,22000029,Montgomery County Police,Property Damage Crash,2022-01-07 19:07:00,Maryland (State),GEORGIA AVE,KAYSON ST,SAME DIR REAR END,Unknown,ICE,DARK LIGHTS ON,NO CONTROLS,ALCOHOL PRESENT,Yes,No Apparent Injury,LOOKED BUT DID NOT SEE,MD,Van,35,2008.0,Chevy,EXPRESS,19,Friday,1