Report Number,Local Case Number,Agency Name,ACRS Report Type,Crash Date/Time,Route Type,Road Name,Cross-Street Name,Collision Type,Weather,Surface Condition,Light,Traffic Control,Driver Substance Abuse,Driver At Fault,Injury Severity,Driver Distracted By,Drivers License State,Vehicle Body Type,Speed Limit,Vehicle Year,Vehicle Make,Vehicle Model,Crash Hour,Crash Day,Crash Month
MCP3322002W,240042532,MONTGOMERY,Property Damage Crash,2024-09-07 21:40:00,Maryland (State) Route,VEIRS MILL RD (WB/L),Unknown,"Sideswipe, Same Direction",Clear,Dry,Dark - Lighted,No Controls,"Not Suspect of Alcohol Use, Not Suspect of Drug Use",No,No Apparent Injury,Not Distracted,MD,Passenger Car,35,2021.0,Chevrolet,SPARK,21,Saturday,9
MCP29230094,230013421,Montgomery County Police,Injury Crash,2023-03-21 09:39:00,Maryland (State),UNIVERSITY BLVD W,AMHERST AVE,STRAIGHT MOVEMENT ANGLE,CLEAR,DRY,DAYLIGHT,TRAFFIC SIGNAL,Unknown,Yes,Suspected Minor Injury,LOOKED BUT DID NOT SEE,MD,(Sport) Utility Vehicle,30,2011.0,Ford,EXPEDITION,9,Tuesday,3
MCP32700019,210043173,Montgomery County Police,Property Damage Crash,2021-10-26 14:53:00,Unknown,Unknown,Unknown,SINGLE VEHICLE,CLEAR,Unknown,DAYLIGHT,NO CONTROLS,ALCOHOL PRESENT,Yes,No Apparent Injury,INATTENTIVE OR LOST IN THOUGHT,MD,Passenger Car,35,2018.0,Toyota,RAV 4,14,Tuesday,10
MCP2814001Z,180063713,Montgomery County Police,Property Damage Crash,2018-12-21 03:25:00,Maryland (State),WOODFIELD RD,FLOWER HILL WAY,STRAIGHT MOVEMENT ANGLE,RAINING,Unknown,DARK LIGHTS ON,TRAFFIC SIGNAL,NONE DETECTED,No,No Apparent Injury,NOT DISTRACTED,MD,Passenger Car,45,2007.0,Honda,ODYSSEY,3,Friday,12
DD5634003M,210051093,Rockville Police Departme,Injury Crash,2021-12-16 04:53:00,Maryland (State),FREDERICK RD,REDLAND BLVD,STRAIGHT MOVEMENT ANGLE,CLEAR,DRY,DARK LIGHTS ON,TRAFFIC SIGNAL,Unknown,Yes,Possible Injury,LOOKED BUT DID NOT SEE,MD,(Sport) Utility Vehicle,40,2001.0,Honda,4D,4,Thursday,12
MCP29540071,190029126,Montgomery County Police,Property Damage Crash,2019-06-18 14:20:00,Maryland (State),GEORGIA AVE,FOREST GLEN RD,SAME DIR REAR END,CLOUDY,DRY,DAYLIGHT,TRAFFIC SIGNAL,NONE DETECTED,Yes,No Apparent Injury,LOOKED BUT DID NOT SEE,VA,Passenger Car,30,2015.0,Toyota,4RUNNER,14,Tuesday,6
MCP3138004Q,220040957,Montgomery County Police,Property Damage Crash,2022-09-20 14:57:00,County,PRINCE PHILIP DR,OLNEY SANDY SPRING RD,HEAD ON LEFT TURN,CLEAR,DRY,DAYLIGHT,TRAFFIC SIGNAL,NONE DETECTED,No,No Apparent Injury,NOT DISTRACTED,MD,Pickup Truck,30,2004.0,Gmc,TK,14,Tuesday,9
MCP93010039,200038070,Montgomery County Police,Property Damage Crash,2020-09-28 07:00:00,County,MEDICAL CENTER DR,MEDICAL CENTER WAY,SAME DIR REAR END,Unknown,DRY,DAYLIGHT,Unknown,Unknown,No,No Apparent Injury,NOT DISTRACTED,MD,Passenger Car,25,2017.0,Toyo,SUV,7,Monday,9
MCP91180044,230050807,Montgomery County Police,Property Damage Crash,2023-08-23 01:19:00,Maryland (State),VEIRS MILL RD,NEWPORT MILL RD,SAME DIRECTION SIDESWIPE,CLEAR,DRY,DARK LIGHTS ON,FLASHING TRAFFIC SIGNAL,NONE DETECTED,No,No Apparent Injury,UNKNOWN,MD,Passenger Car,35,2018.0,Honda,CIVIC,1,Wednesday,8
DM84500007,15043249,TAKOMA,Property Damage Crash,2015-08-28 17:51:00,Maryland (State),NEW HAMPSHIRE AVE,KIRKLYNN AVE,HEAD ON LEFT TURN,CLEAR,DRY,DAYLIGHT,TRAFFIC SIGNAL,NONE DETECTED,Yes,No Apparent Injury,UNKNOWN,MD,Passenger Car,35,2005.0,Chev,EQUINOX,17,Friday,8
MCP27400021,16034686,Montgomery County Police,Property Damage Crash,2016-07-08 21:13:00,Unknown,Unknown,Unknown,SINGLE VEHICLE,CLEAR,Unknown,DARK LIGHTS ON,NO CONTROLS,NONE DETECTED,Yes,No Apparent Injury,NOT DISTRACTED,MD,Fire Vehicle/Emergency,5,1996.0,Eone,DS,21,Friday,7
MCP3071002C,230051570,Montgomery County Police,Property Damage Crash,2023-08-26 22:39:00,Maryland (State),FREDERICK RD,RIDGE RD,STRAIGHT MOVEMENT ANGLE,CLEAR,DRY,DARK LIGHTS ON,TRAFFIC SIGNAL,NONE DETECTED,Yes,No Apparent Injury,LOOKED BUT DID NOT SEE,MD,Passenger Car,45,2023.0,Hond,UT,22,Saturday,8
MCP30120048,190005853,Montgomery County Police,Property Damage Crash,2019-02-06 07:49:00,County,SHERATON ST,JUDSON RD,HEAD ON,CLEAR,DRY,DAYLIGHT,STOP SIGN,NONE DETECTED,No,No Apparent Injury,NOT DISTRACTED,MD,Passenger Car,25,2009.0,Honda,CIVIC,7,Wednesday,2
DM8515000K,240031309,TAKOMA,Property Damage Crash,2024-07-02 20:10:00,Maryland (State) Route,UNIVERSITY BLVD,Unknown,Angle,Clear,Dry,Daylight,No Controls,"Unknown, Unknown",No,Unknown,Unknown,Unknown,Passenger Car,15,2009.0,Hyundai,KONA,20,Tuesday,7
MCP2586001S,16019040,Montgomery County Police,Property Damage Crash,2016-04-18 16:35:00,County,OLD COLUMBIA PIKE,BURTONSVILLE SCH ACCESS RD (AHEAD),STRAIGHT MOVEMENT ANGLE,CLEAR,DRY,DAYLIGHT,NO CONTROLS,NONE DETECTED,No,No Apparent Injury,NOT DISTRACTED,MD,Passenger Car,40,2005.0,Toyota,SIENNA,16,Monday,4
MCP2977007W,200050107,Montgomery County Police,Property Damage Crash,2020-12-21 08:39:00,Maryland (State),PINEY BRANCH RD,CARROLL AVE,ANGLE MEETS LEFT HEAD ON,CLOUDY,WET,DAYLIGHT,NO CONTROLS,Unknown,Yes,No Apparent Injury,LOOKED BUT DID NOT SEE,MD,Station Wagon,5,2018.0,Hond,CRV,8,Monday,12
MCP26780017,16039937,Montgomery County Police,Property Damage Crash,2016-08-07 00:56:00,Maryland (State),LAYHILL RD,INTERCOUNTY CONNECTOR,SAME DIR REAR END,CLEAR,DRY,DARK LIGHTS ON,TRAFFIC SIGNAL,ALCOHOL PRESENT,Yes,No Apparent Injury,NOT DISTRACTED,MD,Passenger Car,45,2009.0,Hyundai,SONATA,0,Sunday,8
MCP15750081,180059817,Montgomery County Police,Property Damage Crash,2018-11-30 06:46:00,Maryland (State),ROCKVILLE PIKE,VEIRS MILL RD,SAME DIRECTION SIDESWIPE,CLEAR,DRY,DAWN,NO CONTROLS,NONE DETECTED,No,No Apparent Injury,NOT DISTRACTED,MD,Van,35,2017.0,Ford,TRANSIT,6,Friday,11
MCP1064009F,190044726,Montgomery County Police,Injury Crash,2019-09-18 14:39:00,Maryland (State),GEORGIA AVE,FOREST GLEN RD,OTHER,CLOUDY,DRY,DAYLIGHT,TRAFFIC SIGNAL,Unknown,Yes,No Apparent Injury,UNKNOWN,MD,(Sport) Utility Vehicle,35,2015.0,Ford,ESCAPE,14,Wednesday,9
MCP25340018,16027819,Montgomery County Police,Injury Crash,2016-06-03 17:00:00,County,BRIGGS CHANEY RD,PEACH ORCHARD RD,SAME DIR REAR END,RAINING,WET,DAYLIGHT,Unknown,NONE DETECTED,No,Suspected Serious Injury,NOT DISTRACTED,MD,(Sport) Utility Vehicle,35,2014.0,Nissan,ROGUE,17,Friday,6
MCP0036005W,17011239,Montgomery County Police,Property Damage Crash,2017-03-03 06:00:00,Maryland (State),CLARKSBURG RD,STRUC #15038,STRAIGHT MOVEMENT ANGLE,WINTRY MIX,ICE,DAWN,NO CONTROLS,NONE DETECTED,Yes,No Apparent Injury,UNKNOWN,MD,Passenger Car,35,2010.0,Honda,TK,6,Friday,3
MCP28130017,15031283,Montgomery County Police,Property Damage Crash,2015-06-26 17:00:00,Unknown,Unknown,Unknown,SAME DIRECTION SIDESWIPE,CLEAR,Unknown,DAYLIGHT,Unknown,UNKNOWN,Yes,No Apparent Injury,UNKNOWN,MD,Passenger Car,5,2005.0,Jeep,TK,17,Friday,6
MCP2737005X,230023054,Montgomery County Police,Property Damage Crash,2023-05-14 00:47:00,County,BRIGHTON DAM RD,GOLDEN VALLEY LA,SINGLE VEHICLE,CLEAR,DRY,DARK LIGHTS ON,NO CONTROLS,NONE DETECTED,Yes,No Apparent Injury,UNKNOWN,MD,(Sport) Utility Vehicle,35,2013.0,Honda,TK,0,Sunday,5
MCP2047004Q,220046014,Montgomery County Police,Injury Crash,2022-10-20 08:55:00,County,MONTROSE RD,TOWER OAKS BLVD,OTHER,CLEAR,DRY,DAYLIGHT,NO CONTROLS,NONE DETECTED,No,No Apparent Injury,NOT DISTRACTED,VA,"Medium/Heavy Trucks 3 Axles (Over 10,000Lbs (4,536Kg))",40,2020.0,Kenworth,T3,8,Thursday,10
MCP26510026,180029748,Montgomery County Police,Injury Crash,2018-06-16 12:29:00,Maryland (State),UNIVERSITY BLVD W,BRUNETT AVE,SAME DIR REAR END,CLEAR,DRY,DAYLIGHT,Unknown,Unknown,No,Possible Injury,NOT DISTRACTED,MD,Passenger Car,35,2013.0,Nissan,SENTRA,12,Saturday,6
MCP3063002N,200035362,Montgomery County Police,Injury Crash,2020-09-09 15:20:00,County,RANDOLPH RD,TIMBER VIEW CT,SAME DIR REAR END,RAINING,WET,DAYLIGHT,NO CONTROLS,NONE DETECTED,Yes,No Apparent Injury,NOT DISTRACTED,MD,Passenger Car,40,2017.0,Toyota,CAMRY,15,Wednesday,9
MCP0942002G,190045113,Montgomery County Police,Injury Crash,2019-09-20 15:04:00,County,WOODMONT AVE,BATTERY LA,SAME DIR REAR END,CLEAR,DRY,DAYLIGHT,TRAFFIC SIGNAL,NONE DETECTED,No,No Apparent Injury,NOT DISTRACTED,MD,(Sport) Utility Vehicle,25,2007.0,Lexs,GX470,15,Friday,9
MCP2298009T,16048145,Montgomery County Police,Property Damage Crash,2016-09-19 16:28:00,County,FATHER HURLEY BLVD,RAMP 5 FR RAMP 8 TO FATHER HURLEY BLVD,SAME DIR REAR END,CLOUDY,WET,DAYLIGHT,TRAFFIC SIGNAL,NONE DETECTED,No,No Apparent Injury,NOT DISTRACTED,MD,Passenger Car,45,1998.0,Toyt,SUPRA,16,Monday,9
MCP30160035,21002999,Montgomery County Police,Property Damage Crash,2021-08-02 13:45:00,County,WARING STATION RD,STONEY BOTTOM RD,SAME DIR REAR END,CLEAR,DRY,DAYLIGHT,NO CONTROLS,Unknown,No,No Apparent Injury,NOT DISTRACTED,MD,Passenger Car,30,2009.0,Hond,4H,13,Monday,8
MCP29230083,210034293,Montgomery County Police,Property Damage Crash,2021-09-09 19:10:00,Maryland (State),UNIVERSITY BLVD W,KING GEORGE DR,SAME DIRECTION LEFT TURN,CLEAR,DRY,DAYLIGHT,NO CONTROLS,NONE DETECTED,No,No Apparent Injury,NOT DISTRACTED,MD,Passenger Car,35,2020.0,Toyota,4H,19,Thursday,9
MCP15530018,15004164,Montgomery County Police,Property Damage Crash,2015-01-26 12:01:00,Maryland (State),NEW HAMPSHIRE AVE,JACKSON RD,SAME DIR REAR END,SNOW,WET,DAYLIGHT,Unknown,NONE DETECTED,Yes,No Apparent Injury,NOT DISTRACTED,MD,Passenger Car,40,2006.0,Bmw,325,12,Monday,1
MCP3058001H,180016769,Montgomery County Police,Injury Crash,2018-04-06 17:30:00,Maryland (State),DARNESTOWN RD,SPRING MEADOWS DR,SAME DIR REAR END,CLEAR,DRY,DAYLIGHT,NO CONTROLS,NONE DETECTED,No,No Apparent Injury,NOT DISTRACTED,MD,Passenger Car,40,2009.0,Jeep,TK,17,Friday,4
MCP1438004B,17012055,Montgomery County Police,Property Damage Crash,2017-03-07 17:54:00,Unknown,Unknown,Unknown,OTHER,RAINING,Unknown,DUSK,Unknown,NONE DETECTED,Yes,No Apparent Injury,LOOKED BUT DID NOT SEE,VA,Passenger Car,10,2012.0,Acur,SDN,17,Tuesday,3
MCP2437005P,240029023,MONTGOMERY,Injury Crash,2024-06-18 17:40:00,County Route,TRAVILAH RD,Unknown,Front to Rear,Clear,Dry,Daylight,Traffic Control Signal,"Not Suspect of Alcohol Use, Not Suspect of Drug Use",No,No Apparent Injury,Not Distracted,MD,Passenger Car,35,2023.0,Tesla,MODEL Y,17,Tuesday,6
MCP2798006R,250016137,MONTGOMERY,Property Damage Crash,2025-04-13 18:00:00,Unknown,Unknown,Unknown,Single Vehicle,Clear,Unknown,Daylight,Unknown,"Not Suspect of Alcohol Use, Not Suspect of Drug Use",Yes,No Apparent Injury,Not Distracted,MD,Passenger Car,0,2018.0,Toyota,CAMRY,18,Sunday,4
MCP28320024,16029584,Montgomery County Police,Property Damage Crash,2016-06-12 14:10:00,Maryland (State),ROCKVILLE PIKE,CEDAR LA,HEAD ON LEFT TURN,CLEAR,DRY,DAYLIGHT,TRAFFIC SIGNAL,NONE DETECTED,No,No Apparent Injury,NOT DISTRACTED,MD,Passenger Car,30,2002.0,Volk,PASSAT,14,Sunday,6
MCP3055003B,220013657,Montgomery County Police,Injury Crash,2022-03-31 06:14:00,County,HEWITT AVE,GEORGIA AVE,OTHER,CLEAR,DRY,DARK LIGHTS ON,TRAFFIC SIGNAL,Unknown,Yes,No Apparent Injury,LOOKED BUT DID NOT SEE,MD,Pickup Truck,35,2017.0,Dodge,RAM,6,Thursday,3
MCP2728001M,15046014,MONTGOMERY,Property Damage Crash,2015-09-11 18:21:00,US (State),COLESVILLE RD,CRESTMOOR DR,HEAD ON LEFT TURN,CLEAR,DRY,DAYLIGHT,NO CONTROLS,NONE DETECTED,Yes,No Apparent Injury,LOOKED BUT DID NOT SEE,NC,Passenger Car,40,2015.0,Honda,ACCORD,18,Friday,9
MCP2436003C,170510660,Montgomery County Police,Injury Crash,2017-05-30 10:56:00,Maryland (State),PINEY BRANCH RD,MANCHESTER RD,SAME DIR REAR END,RAINING,WET,DAYLIGHT,NO CONTROLS,NONE DETECTED,No,Possible Injury,NOT DISTRACTED,DC,Passenger Car,30,2003.0,Toyota,COROLLA,10,Tuesday,5
MCP28230030,170523729,Montgomery County Police,Property Damage Crash,2017-08-08 19:20:00,Unknown,Unknown,Unknown,OTHER,CLEAR,Unknown,DAYLIGHT,NO CONTROLS,NONE DETECTED,Yes,No Apparent Injury,NOT DISTRACTED,MD,Pickup Truck,25,2004.0,Dodge,TRUCK,19,Tuesday,8
EJ79050024,240059001,GAITHERSBURG,Injury Crash,2024-12-10 10:51:00,County Route,CONTOUR RD,ODENDHAL AVE,Rear To Side,"Fog, Smog, Smoke",Wet,Daylight,Traffic Control Signal,"Not Suspect of Alcohol Use, Not Suspect of Drug Use",No,No Apparent Injury,Unknown,MD,Passenger Car,35,2018.0,Buick,ENCORE,10,Tuesday,12
DD5668001D,250005952,ROCKVILLE,Property Damage Crash,2025-02-10 03:38:00,Municipality Route,W MONTGOMERY AVE (EB/L),Unknown,Angle,Clear,Dry,Dark - Lighted,Traffic Control Signal,"Not Suspect of Alcohol Use, Not Suspect of Drug Use",No,No Apparent Injury,Not Distracted,MD,Other,25,2020.0,Freightliner,M2,3,Monday,2
MCP2107006B,250013226,MONTGOMERY,Property Damage Crash,2025-03-26 13:17:00,County Route,FATHER HURLEY BLVD (NB/L),Unknown,Front to Rear,Clear,Dry,Daylight,Traffic Control Signal,"Not Suspect of Alcohol Use, Not Suspect of Drug Use",No,No Apparent Injury,Not Distracted,MD,Passenger Car,40,2020.0,Jeep,CHEROKEE,13,Wednesday,3
MCP1564000R,15041438,MONTGOMERY,Injury Crash,2015-08-19 09:01:00,County,NORBECK RD,LAYHILL RD,HEAD ON LEFT TURN,CLOUDY,DRY,DAYLIGHT,FLASHING TRAFFIC SIGNAL,NONE DETECTED,Yes,No Apparent Injury,NOT DISTRACTED,MD,Van,45,2000.0,Ford,VAN,9,Wednesday,8
MCP30040023,170551076,Montgomery County Police,Property Damage Crash,2017-12-28 17:58:00,Maryland (State),MASSACHUSETTS AVE,BALTIMORE AVE,SAME DIR REAR END,CLEAR,DRY,DARK LIGHTS ON,TRAFFIC SIGNAL,NONE DETECTED,No,No Apparent Injury,NOT DISTRACTED,MD,Passenger Car,35,2014.0,Nissan,ALTIMA,17,Thursday,12
MCP2921001Y,170525185,Montgomery County Police,Property Damage Crash,2017-08-16 16:23:00,Maryland (State),WOODFIELD RD,WOODFIELD SCHOOL RD,SAME DIR REAR END,CLEAR,DRY,DAYLIGHT,Unknown,NONE DETECTED,No,No Apparent Injury,NOT DISTRACTED,MD,Passenger Car,40,2007.0,Humm,TK,16,Wednesday,8
MCP2788001M,180053174,Montgomery County Police,Property Damage Crash,2018-10-23 20:30:00,Unknown,Unknown,Unknown,Unknown,CLEAR,Unknown,DARK LIGHTS ON,Unknown,UNKNOWN,Yes,No Apparent Injury,UNKNOWN,Unknown,Passenger Car,0,2007.0,Toyota,RAV4,20,Tuesday,10
MCP137800Q3,190013735,Montgomery County Police,Injury Crash,2019-03-25 13:38:00,Maryland (State),WOODFIELD RD,EAST VILLAGE AVE,SAME DIRECTION SIDESWIPE,CLOUDY,DRY,DAYLIGHT,NO CONTROLS,NONE DETECTED,No,Possible Injury,NOT DISTRACTED,NC,Passenger Car,45,2015.0,Kia,OPTIMA,13,Monday,3
MCP3107000L,180014937,Montgomery County Police,Property Damage Crash,2018-03-27 05:11:00,County,REDLAND RD,GRANDE VISTA DR,SINGLE VEHICLE,Unknown,DRY,DARK LIGHTS ON,NO CONTROLS,NONE DETECTED,Yes,No Apparent Injury,TALKING OR LISTENING TO CELLULAR PHONE,MD,Passenger Car,35,2015.0,Toyota,HIGHLANDER,5,Tuesday,3
MCP3021002H,180011755,Montgomery County Police,Property Damage Crash,2018-03-08 11:00:00,County,RANDOLPH RD,CONNECTICUT AVE,SAME DIR REAR END,CLEAR,DRY,DAYLIGHT,TRAFFIC SIGNAL,NONE DETECTED,No,No Apparent Injury,NOT DISTRACTED,MD,Passenger Car,35,2009.0,Chry,PT CRUISER,11,Thursday,3
MCP2995005J,190059518,Montgomery County Police,Property Damage Crash,2019-12-10 14:59:00,County,BAUER DR,RUSSETT RD,STRAIGHT MOVEMENT ANGLE,RAINING,WET,DAYLIGHT,STOP SIGN,NONE DETECTED,Yes,No Apparent Injury,UNKNOWN,MD,School Bus,30,2007.0,Thomas,BUS,14,Tuesday,12
MCP3130002J,200023478,Montgomery County Police,Injury Crash,2020-06-15 02:40:00,Maryland (State),VEIRS MILL RD,TURKEY BRANCH PKWY,SAME DIRECTION SIDESWIPE,CLEAR,DRY,OTHER,TRAFFIC SIGNAL,NONE DETECTED,No,No Apparent Injury,NOT DISTRACTED,MD,Passenger Car,40,2017.0,Hondai,TUCSON,2,Monday,6
MCP284600BN,250037004,MONTGOMERY,Injury Crash,2025-08-19 09:50:00,County Route,GRAND PRE RD,Unknown,Single Vehicle,Rain,Wet,Daylight,No Controls,"Not Suspect of Alcohol Use, Not Suspect of Drug Use",No,No Apparent Injury,Not Distracted,MD,Passenger Car,25,2016.0,Mazda,CX-5,9,Tuesday,8
MCP2970000Y,15053358,MONTGOMERY,Property Damage Crash,2015-10-20 07:02:00,Maryland (State),UNIVERSITY BLVD W,GEORGIA AVE,SAME DIR REAR END,CLEAR,DRY,DAWN,TRAFFIC SIGNAL,Unknown,Yes,No Apparent Injury,NOT DISTRACTED,MD,Passenger Car,40,2006.0,Chevy,2500,7,Tuesday,10
EJ7904002X,250034089,GAITHERSBURG,Property Damage Crash,2025-07-31 10:13:00,County Route,ODENDHAL AVE,Unknown,Angle,Cloudy,Dry,Daylight,No Controls,"Not Suspect of Alcohol Use, Not Suspect of Drug Use",Yes,No Apparent Injury,Not Distracted,MX-CMX,Passenger Car,30,2008.0,Ford,F-150,10,Thursday,7
EJ7868000B,170527379,Gaithersburg Police Depar,Property Damage Crash,2017-08-29 17:35:00,Maryland (State),CLOPPER RD,SULLNICK WAY,SAME DIR REAR END,CLEAR,Unknown,DAYLIGHT,TRAFFIC SIGNAL,Unknown,No,No Apparent Injury,NOT DISTRACTED,MD,Passenger Car,35,2010.0,Ford,4S,17,Tuesday,8
MCP94150009,17010807,Montgomery County Police,Property Damage Crash,2017-02-28 22:14:00,US (State),COLESVILLE RD,DALE DR,SAME DIR REAR END,RAINING,WET,DARK LIGHTS ON,TRAFFIC SIGNAL,NONE DETECTED,Yes,No Apparent Injury,NOT DISTRACTED,MD,Pickup Truck,35,2003.0,Toyota,TACOMA,22,Tuesday,2
MCP9419004M,230050680,Montgomery County Police,Property Damage Crash,2023-08-22 11:27:00,Maryland (State),FREDERICK RD,SHADY GROVE RD,SAME DIR BOTH LEFT TURN,CLEAR,DRY,DAYLIGHT,TRAFFIC SIGNAL,NONE DETECTED,Unknown,No Apparent Injury,NOT DISTRACTED,MD,Van,40,2023.0,Ford,CG,11,Tuesday,8
MCP2195005W,230013844,Montgomery County Police,Property Damage Crash,2023-03-22 10:12:00,County,SHADY GROVE RD,RAMP 6 FR SHADY GROVE RD EB TO MD200A SB,ANGLE MEETS LEFT TURN,CLEAR,DRY,DAYLIGHT,TRAFFIC SIGNAL,NONE DETECTED,No,No Apparent Injury,NOT DISTRACTED,MD,Transit Bus,35,2021.0,Gilg,BU,10,Wednesday,3
MCP3316000G,220006064,Montgomery County Police,Injury Crash,2022-02-11 17:43:00,Maryland (State),DR BIRD RD,OLNEY SANDY SPRING RD,SAME DIR REAR END,CLEAR,DRY,DUSK,TRAFFIC SIGNAL,NONE DETECTED,No,Possible Injury,NOT DISTRACTED,MD,Passenger Car,35,2018.0,Lexuus,RX 350,17,Friday,2
MCP3196003R,230030996,Montgomery County Police,Injury Crash,2023-06-28 22:28:00,Unknown,Unknown,Unknown,SINGLE VEHICLE,Unknown,Unknown,UNKNOWN,Unknown,NONE DETECTED,Yes,No Apparent Injury,NOT DISTRACTED,MD,Passenger Car,0,2021.0,Nissan,ALTIMA,22,Wednesday,6
MCP2594005V,190059474,Montgomery County Police,Injury Crash,2019-12-10 11:13:00,County,AVERY RD,SERENITY LA,SINGLE VEHICLE,RAINING,WET,DAYLIGHT,NO CONTROLS,NONE DETECTED,Yes,Suspected Minor Injury,UNKNOWN,MD,Passenger Car,30,2011.0,Chevrolet,AVEO,11,Tuesday,12
MCP29480020,170550174,Montgomery County Police,Injury Crash,2017-12-22 15:10:00,Maryland (State),UNIVERSITY BLVD W,GRANDVIEW AVE,SAME DIR REAR END,CLEAR,Unknown,DAYLIGHT,TRAFFIC SIGNAL,NONE DETECTED,No,No Apparent Injury,NOT DISTRACTED,MD,Passenger Car,40,2017.0,Nissan,VERSA,15,Friday,12
DM8480000T,210046913,Takoma Park Police Depart,Property Damage Crash,2021-11-18 21:16:00,Maryland (State),UNIVERSITY BLVD E,MERRIMAC DR,STRAIGHT MOVEMENT ANGLE,CLEAR,WET,DARK LIGHTS ON,NO CONTROLS,UNKNOWN,Yes,No Apparent Injury,UNKNOWN,Unknown,Passenger Car,35,2007.0,Chevy,EQUINOX,21,Thursday,11
MCP1113000V,16009896,Montgomery County Police,Injury Crash,2016-02-28 08:45:00,Maryland (State),MAIN ST,RIDGE RD,STRAIGHT MOVEMENT ANGLE,CLEAR,DRY,DAYLIGHT,NO CONTROLS,NONE DETECTED,Yes,Suspected Minor Injury,LOOKED BUT DID NOT SEE,MD,Pickup Truck,30,2010.0,Dodge,1500,8,Sunday,2
MCP3197002T,210049247,Montgomery County Police,Property Damage Crash,2021-12-04 14:44:00,Unknown,Unknown,Unknown,SAME DIRECTION SIDESWIPE,Unknown,Unknown,DAYLIGHT,NO CONTROLS,NONE DETECTED,No,No Apparent Injury,NOT DISTRACTED,FL,Passenger Car,25,2013.0,Mazda,2,14,Saturday,12
MCP2598003Q,210051547,Montgomery County Police,Property Damage Crash,2021-12-18 10:30:00,Maryland (State),WOODFIELD RD,CLEARSPRING RD,SAME DIRECTION SIDESWIPE,CLEAR,DRY,DAYLIGHT,NO CONTROLS,Unknown,Yes,No Apparent Injury,NOT DISTRACTED,Unknown,Passenger Car,40,2009.0,Es350,LEXUS,10,Saturday,12
MCP3317000F,220012789,Montgomery County Police,Injury Crash,2022-03-25 01:01:00,County,SUNDOWN RD,SECOND ST,SINGLE VEHICLE,FOGGY,WET,DARK NO LIGHTS,NO CONTROLS,NONE DETECTED,Yes,Suspected Minor Injury,UNKNOWN,MD,(Sport) Utility Vehicle,40,2016.0,Hyundai,SANTE FE,1,Friday,3
MCP289200HD,250021110,MONTGOMERY,Property Damage Crash,2025-05-13 15:01:00,Other Public Roadway,MANCHESTER PL,Unknown,Other,Rain,Wet,Daylight,No Controls,"Not Suspect of Alcohol Use, Not Suspect of Drug Use",Yes,No Apparent Injury,Not Distracted,MP,Van - Passenger (&Lt;9 Seats),10,2018.0,Ram,PROMASTER 2500,15,Tuesday,5
MCP3446000J,250028667,MONTGOMERY,Property Damage Crash,2025-06-27 12:30:00,Maryland (State) Route,MUNCASTER MILL RD,SWEETBIRCH DR,Angle,Clear,Dry,Daylight,Stop Sign,"Not Suspect of Alcohol Use, Not Suspect of Drug Use",Yes,No Apparent Injury,Not Distracted,MD,Passenger Car,30,2016.0,Toyota,COROLLA,12,Friday,6
MCP2339005X,200045151,Montgomery County Police,Property Damage Crash,2020-11-15 21:06:00,Municipality,WOOTTON PKWY,ROCKVILLE PIKE,ANGLE MEETS LEFT HEAD ON,CLEAR,DRY,DARK LIGHTS ON,TRAFFIC SIGNAL,NONE DETECTED,No,No Apparent Injury,NOT DISTRACTED,MD,Passenger Car,30,2004.0,Toyota,SEQUOIA,21,Sunday,11
MCP21590019,230056390,Montgomery County Police,Injury Crash,2023-09-22 20:11:00,County,PLUMMER DR,PLUMMER CT,SINGLE VEHICLE,CLEAR,DRY,DARK LIGHTS ON,Unknown,NONE DETECTED,Yes,Possible Injury,UNKNOWN,XX,Passenger Car,30,2007.0,Toyota,SCION,20,Friday,9
MCP0617006S,250013034,MONTGOMERY,Injury Crash,2025-03-25 14:17:00,Maryland (State) Route,OLNEY SANDY SPRING RD,SPARTAN RD,Front to Front,Clear,Dry,Daylight,Traffic Control Signal,"Not Suspect of Alcohol Use, Not Suspect of Drug Use",No,Possible Injury,Not Distracted,MD,Passenger Car,30,2014.0,Honda,CIVIC,14,Tuesday,3
DD5620002M,180033229,Rockville Police Departme,Property Damage Crash,2018-07-05 20:10:00,Maryland (State),HUNGERFORD DR,FREDERICK AVE #2,STRAIGHT MOVEMENT ANGLE,CLEAR,DRY,DAYLIGHT,TRAFFIC SIGNAL,NONE DETECTED,No,No Apparent Injury,NOT DISTRACTED,MD,Passenger Car,40,2015.0,Honda,FIT,20,Thursday,7
MCP3024001K,190046548,Montgomery County Police,Property Damage Crash,2019-09-28 15:17:00,Maryland (State),FREDERICK RD,OLD HUNDRED RD,SAME DIR REAR END,CLEAR,DRY,DAYLIGHT,NO CONTROLS,Unknown,Yes,No Apparent Injury,NOT DISTRACTED,MD,Passenger Car,40,2011.0,Lexus,ES 350,15,Saturday,9
EJ7908000H,240048659,GAITHERSBURG,Injury Crash,2024-10-11 18:26:00,Local Route,ALLIED PL,Unknown,Rear To Side,Clear,Dry,Dusk,No Controls,"Not Suspect of Alcohol Use, Not Suspect of Drug Use",Yes,No Apparent Injury,Not Distracted,MD,Passenger Car,10,2023.0,Audi,A5,18,Friday,10