Report Number,Local Case Number,Agency Name,ACRS Report Type,Crash Date/Time,Route Type,Road Name,Cross-Street Name,Collision Type,Weather,Surface Condition,Light,Traffic Control,Driver Substance Abuse,Driver At Fault,Injury Severity,Driver Distracted By,Drivers License State,Vehicle Body Type,Speed Limit,Vehicle Year,Vehicle Make,Vehicle Model,Crash Hour,Crash Day,Crash Month
MCP1205006F,200027456,Montgomery County Police,Property Damage Crash,2020-07-15 11:45:00,Maryland (State),BRADLEY LA,MAPLE AVE,SAME DIRECTION SIDESWIPE,CLEAR,DRY,DAYLIGHT,NO CONTROLS,NONE DETECTED,Yes,No Apparent Injury,NOT DISTRACTED,MD,Passenger Car,30,2011.0,Toyota,CAMRY,11,Wednesday,7
MCP2983002P,180031668,Montgomery County Police,Property Damage Crash,2018-06-27 16:00:00,Unknown,Unknown,Unknown,SAME DIRECTION SIDESWIPE,CLOUDY,Unknown,DAYLIGHT,Unknown,UNKNOWN,Yes,No Apparent Injury,UNKNOWN,MD,Passenger Car,15,2004.0,Lexus,4S,16,Wednesday,6
MCP3096002M,200018479,Montgomery County Police,Property Damage Crash,2020-05-06 16:00:00,County,SHADY GROVE RD,FREDERICK RD,SAME DIR REAR END,RAINING,WET,DAYLIGHT,TRAFFIC SIGNAL,NONE DETECTED,No,No Apparent Injury,NOT DISTRACTED,MD,"Cargo Van/Light Truck 2 Axles (Over 10,000Lbs (4,536 Kg))",40,2014.0,Dodge,RAM,16,Wednesday,5
MCP1580007K,170534658,Montgomery County Police,Injury Crash,2017-10-04 07:45:00,Maryland (State),MIDCOUNTY HWY,GOSHEN RD,SAME DIR REAR END,CLEAR,DRY,DAYLIGHT,TRAFFIC SIGNAL,NONE DETECTED,No,Possible Injury,NOT DISTRACTED,MD,Passenger Car,45,2014.0,Merz,C300,7,Wednesday,10
MCP1064005M,17015552,Montgomery County Police,Property Damage Crash,2017-03-27 09:41:00,US (State),COLESVILLE RD,CAPITAL BELTWAY,SAME DIR REAR END,CLOUDY,WET,DAYLIGHT,Unknown,Unknown,Yes,No Apparent Injury,UNKNOWN,MD,Transit Bus,40,2006.0,New Flyer,BUS,9,Monday,3
MCP1382002Z,16054850,Montgomery County Police,Property Damage Crash,2016-10-25 07:59:00,US (State),COLESVILLE RD,DALE DR,SAME DIRECTION SIDESWIPE,CLEAR,DRY,DAYLIGHT,Unknown,NONE DETECTED,Yes,No Apparent Injury,NOT DISTRACTED,MD,"Medium/Heavy Trucks 3 Axles (Over 10,000Lbs (4,536Kg))",35,1991.0,Frli,DS,7,Tuesday,10
MCP32680036,230062316,Montgomery County Police,Property Damage Crash,2023-10-24 14:29:00,US (State),COLUMBIA PIKE,STEWART LA,HEAD ON LEFT TURN,CLEAR,DRY,DAYLIGHT,TRAFFIC SIGNAL,NONE DETECTED,Yes,No Apparent Injury,NOT DISTRACTED,MD,Transit Bus,45,2020.0,Nova,BU,14,Tuesday,10
MCP3417000H,240045859,MONTGOMERY,Injury Crash,2024-09-26 00:35:00,Maryland (State) Route,WISCONSIN AVE,SOMERSET TERRACE,Single Vehicle,Cloudy,Wet,Dark - Lighted,Flashing Traffic Control Signal,"Not Suspect of Alcohol Use, Not Suspect of Drug Use",Yes,No Apparent Injury,Not Distracted,MD,Sport Utility Vehicle,30,2024.0,Toyota,RAV4,0,Thursday,9
MCP12350034,210027773,Montgomery County Police,Property Damage Crash,2021-07-18 17:02:00,Maryland (State),UNIVERSITY BLVD W,BRUNETT AVE,SAME DIR REAR END,CLEAR,DRY,DAYLIGHT,NO CONTROLS,NONE DETECTED,No,No Apparent Injury,NOT DISTRACTED,DC,Passenger Car,40,2016.0,Ford,EDGE,17,Sunday,7
MCP28980052,240034452,MONTGOMERY,Injury Crash,2024-07-21 17:42:00,Maryland (State) Route,FREDERICK RD (SB/L),GUNNERS BRANCH RD,Angle,Clear,Dry,Daylight,Traffic Control Signal,"Not Suspect of Alcohol Use, Not Suspect of Drug Use",No,Possible Injury,Not Distracted,MD,Sport Utility Vehicle,40,2008.0,Honda,ELEMENT,17,Sunday,7
MCP30500061,240047244,MONTGOMERY,Property Damage Crash,2024-10-03 16:42:00,County Route,Unknown,Unknown,Front to Rear,Clear,Dry,Daylight,No Controls,"Not Suspect of Alcohol Use, Not Suspect of Drug Use",No,No Apparent Injury,Not Distracted,MD,Passenger Car,35,2010.0,Nissan,VERSA,16,Thursday,10
MCP2912000X,15025238,Montgomery County Police,Injury Crash,2015-05-26 07:50:00,County,MACARTHUR BLVD,BRICKYARD RD,SAME DIR REAR END,CLEAR,DRY,DAYLIGHT,NO CONTROLS,NONE DETECTED,Yes,Possible Injury,NOT DISTRACTED,MD,Passenger Car,30,2010.0,Hond,HY,7,Tuesday,5
MCP0872000V,16025983,Montgomery County Police,Property Damage Crash,2016-05-25 12:06:00,Maryland (State),GEORGIA AVE,FLORA LA,SAME DIR REAR END,Unknown,DRY,DAYLIGHT,TRAFFIC SIGNAL,NONE DETECTED,No,No Apparent Injury,NOT DISTRACTED,GA,Truck Tractor,35,2013.0,Frht,0,12,Wednesday,5
MCP3010006M,22000602,Montgomery County Police,Injury Crash,2022-02-17 05:42:00,Maryland (State),ROCKVILLE PIKE,NICHOLSON LA,SAME DIR REAR END,CLEAR,DRY,DARK LIGHTS ON,TRAFFIC SIGNAL,Unknown,Yes,Suspected Minor Injury,LOOKED BUT DID NOT SEE,MD,Passenger Car,35,2019.0,Toyota,CAMRY,5,Thursday,2
MCP2726006N,220021810,Montgomery County Police,Property Damage Crash,2022-05-22 11:43:00,Maryland (State),FREDERICK RD,SPUR TO SHADY GROVE RD,SAME DIR REAR END,CLEAR,DRY,DAYLIGHT,TRAFFIC SIGNAL,Unknown,Yes,No Apparent Injury,LOOKED BUT DID NOT SEE,MD,Passenger Car,40,2012.0,Nissan,ALTIMA,11,Sunday,5
MCP3129000V,190016332,Montgomery County Police,Injury Crash,2019-04-08 15:45:00,County,NORWOOD RD,NEW HAMPSHIRE AVE,SAME DIR REAR END,CLOUDY,DRY,DAYLIGHT,TRAFFIC SIGNAL,NONE DETECTED,No,Suspected Minor Injury,NOT DISTRACTED,MD,Passenger Car,35,2004.0,Toyota,HIGHLANDER,15,Monday,4
MCP2875004Y,210040224,Montgomery County Police,Property Damage Crash,2021-10-08 16:25:00,County,BETHESDA CHURCH RD,CLARKSBURG RD,STRAIGHT MOVEMENT ANGLE,CLOUDY,DRY,DAYLIGHT,STOP SIGN,NONE DETECTED,No,No Apparent Injury,NOT DISTRACTED,MD,Van,30,2018.0,Chrysler,PACIFICA,16,Friday,10
MCP3163002V,200034558,Montgomery County Police,Property Damage Crash,2020-09-03 18:37:00,Maryland (State),ROCKVILLE PIKE,POOKS HILL RD,SAME DIRECTION SIDESWIPE,RAINING,WET,DAYLIGHT,TRAFFIC SIGNAL,NONE DETECTED,Yes,No Apparent Injury,LOOKED BUT DID NOT SEE,MD,Passenger Car,35,2011.0,Honda,4D,18,Thursday,9
MCP31980029,200051532,Montgomery County Police,Property Damage Crash,2020-12-31 21:08:00,Unknown,Unknown,Unknown,STRAIGHT MOVEMENT ANGLE,CLEAR,Unknown,DARK LIGHTS ON,NO CONTROLS,NONE DETECTED,No,No Apparent Injury,NOT DISTRACTED,MD,Passenger Car,15,2013.0,Ford,ESCAPE,21,Thursday,12
MCP2840000S,16034444,Montgomery County Police,Injury Crash,2016-07-07 18:00:00,County,FAIRLAND RD,OLD COLUMBIA PIKE,STRAIGHT MOVEMENT ANGLE,CLEAR,DRY,DAYLIGHT,Unknown,Unknown,No,No Apparent Injury,NOT DISTRACTED,MD,Passenger Car,30,2011.0,Niss,4S,18,Thursday,7
MCP11820027,180061673,Montgomery County Police,Property Damage Crash,2018-12-10 13:10:00,Maryland (State),WILSON LA,BRADLEY BLVD,SAME DIR REAR END,CLEAR,DRY,DAYLIGHT,TRAFFIC SIGNAL,NONE DETECTED,Yes,No Apparent Injury,LOOKED BUT DID NOT SEE,MD,(Sport) Utility Vehicle,35,2014.0,Jeep,TK,13,Monday,12
MCP30550016,180015450,Montgomery County Police,Property Damage Crash,2018-03-30 00:00:00,Unknown,Unknown,Unknown,OTHER,UNKNOWN,Unknown,UNKNOWN,Unknown,Unknown,Yes,No Apparent Injury,UNKNOWN,MD,Pickup Truck,15,2013.0,Ford,TK,0,Friday,3
MCP1182003M,210023466,Montgomery County Police,Property Damage Crash,2021-06-19 08:58:00,County,FERNWOOD RD,BRADLEY BLVD,HEAD ON,CLOUDY,DRY,DAYLIGHT,TRAFFIC SIGNAL,NONE DETECTED,Yes,No Apparent Injury,NOT DISTRACTED,MD,Station Wagon,35,2006.0,Volv,4S,8,Saturday,6
MCP2016000W,15058893,MONTGOMERY,Property Damage Crash,2015-11-18 13:29:00,Municipality,MARYLAND AVE,E JEFFERSON ST,OTHER,CLOUDY,DRY,DAYLIGHT,TRAFFIC SIGNAL,Unknown,No,No Apparent Injury,NOT DISTRACTED,MD,Passenger Car,35,2009.0,Ford,EXPLORER,13,Wednesday,11
MCP3074006V,250044802,MONTGOMERY,Injury Crash,2025-10-05 17:00:00,US (State),Unknown,DALE DR,Front to Rear,Clear,Dry,Daylight,Traffic Control Signal,"Not Suspect of Alcohol Use, Not Suspect of Drug Use",Yes,No Apparent Injury,Unknown,MD,Passenger Car,35,2017.0,Infiniti,QX80,17,Sunday,10
MCP2827003F,170537792,Montgomery County Police,Property Damage Crash,2017-10-20 15:07:00,County,NORWOOD RD,DR BIRD RD,SAME DIR REAR END,Unknown,DRY,DAYLIGHT,TRAFFIC SIGNAL,NONE DETECTED,Yes,No Apparent Injury,NOT DISTRACTED,MD,School Bus,40,2010.0,Thomas,SCHOOL BUS,15,Friday,10
MCP2974005Z,250051183,MONTGOMERY,Injury Crash,2025-11-14 17:28:00,Maryland (State) Route,Unknown,Unknown,Front to Rear,Clear,Dry,Dark - Lighted,Pedestrian Crossing Sign,"Not Suspect of Alcohol Use, Not Suspect of Drug Use",No,Suspected Minor Injury,Not Distracted,MD,Passenger Car,40,2020.0,Toyota,RAV4,17,Friday,11
MCP29600035,180038947,Montgomery County Police,Property Damage Crash,2018-08-06 09:05:00,Maryland (State),GEORGIA AVE,HEWITT AVE,STRAIGHT MOVEMENT ANGLE,Unknown,DRY,DAYLIGHT,TRAFFIC SIGNAL,Unknown,No,No Apparent Injury,NOT DISTRACTED,MD,School Bus,25,2018.0,Thms,BU,9,Monday,8
MCP2708001J,16047393,Montgomery County Police,Injury Crash,2016-09-15 17:13:00,US (State),COLESVILLE RD,CRESTMOOR DR,SAME DIR REAR END,CLEAR,DRY,DAYLIGHT,NO CONTROLS,NONE DETECTED,Yes,No Apparent Injury,LOOKED BUT DID NOT SEE,MD,Passenger Car,40,2011.0,Ford,CROWN VICTORIA,17,Thursday,9
MCP3285001X,220039442,Montgomery County Police,Property Damage Crash,2022-09-11 02:38:00,County,WATERS LANDING DR,HAZELNUT CT,OTHER,RAINING,WET,DARK LIGHTS ON,NO CONTROLS,Unknown,Yes,No Apparent Injury,UNKNOWN,MD,Passenger Car,30,2007.0,Dodge Ram,TRUCK,2,Sunday,9
MCP24870024,210025559,Montgomery County Police,Property Damage Crash,2021-07-03 13:20:00,County,SCHAEFFER RD,WHITE GROUNDS RD,SINGLE VEHICLE,CLEAR,DRY,DAYLIGHT,NO CONTROLS,NONE DETECTED,Yes,No Apparent Injury,NOT DISTRACTED,MD,(Sport) Utility Vehicle,25,2019.0,Ford,ESCAPE,13,Saturday,7
MCP3300000V,210041938,Montgomery County Police,Injury Crash,2021-10-19 08:49:00,Maryland (State),GEORGIA AVE,ARCOLA AVE,HEAD ON LEFT TURN,CLEAR,DRY,DAYLIGHT,TRAFFIC SIGNAL,NONE DETECTED,No,Suspected Minor Injury,NOT DISTRACTED,MD,Passenger Car,25,2011.0,Toyoya,CAMRY,8,Tuesday,10
MCP32400039,240011513,MONTGOMERY,Property Damage Crash,2024-03-10 05:29:00,County Route,RIDGE RD (NB/L),RAMP 1 FR RAMP 4 (FR IS270) TO RIDGE RD,Rear To Side,Clear,Wet,Dark - Lighted,Flashing Traffic Control Signal,"Not Suspect of Alcohol Use, Not Suspect of Drug Use",No,No Apparent Injury,Not Distracted,MD,Passenger Car,40,2006.0,Cadillac,CTS,5,Sunday,3
MCP3271002K,220041407,Montgomery County Police,Property Damage Crash,2022-09-22 22:10:00,Maryland (State),BRADLEY BLVD,LELAND ST,SAME DIR REAR END,CLEAR,DRY,DARK NO LIGHTS,TRAFFIC SIGNAL,NONE DETECTED,No,No Apparent Injury,NOT DISTRACTED,VA,Passenger Car,35,2016.0,Toyota,CAMRY,22,Thursday,9
MCP2921005C,240059472,MONTGOMERY,Property Damage Crash,2024-12-12 15:52:00,County Route,Unknown,Unknown,Rear To Side,Clear,Dry,Daylight,Stop Sign,"Not Suspect of Alcohol Use, Not Suspect of Drug Use",Yes,No Apparent Injury,Not Distracted,MD,Passenger Car,5,2016.0,Jeep,GRAND CHEROKEE,15,Thursday,12
MCP2877003T,170516409,Montgomery County Police,Property Damage Crash,2017-06-29 12:22:00,Maryland (State),GEORGIA AVE,CAPITAL BELTWAY,SAME DIR REAR END,CLEAR,DRY,DAYLIGHT,TRAFFIC SIGNAL,NONE DETECTED,No,No Apparent Injury,NOT DISTRACTED,DC,Passenger Car,35,2011.0,Lexus,GX450,12,Thursday,6
MCP2844006Z,230060788,Montgomery County Police,Injury Crash,2023-10-16 08:04:00,Maryland (State),CONNECTICUT AVE,WELLER RD,OTHER,CLEAR,DRY,DAYLIGHT,TRAFFIC SIGNAL,UNKNOWN,Yes,No Apparent Injury,UNKNOWN,XX,Passenger Car,35,2023.0,Unknown,XX,8,Monday,10
MCP30390059,210014868,Montgomery County Police,Property Damage Crash,2021-04-21 15:30:00,County,FENTON ST,WAYNE AVE,SAME DIRECTION SIDESWIPE,CLEAR,DRY,DAYLIGHT,TRAFFIC SIGNAL,NONE DETECTED,Yes,No Apparent Injury,NOT DISTRACTED,MD,Transit Bus,35,2014.0,Tbu,BUS,15,Wednesday,4
MCP3034000C,17010601,Montgomery County Police,Property Damage Crash,2017-02-27 22:47:00,US (State),COLUMBIA PIKE,BRIGGS CHANEY RD,SAME DIR REAR END,CLEAR,DRY,DARK LIGHTS ON,TRAFFIC SIGNAL,NONE DETECTED,Yes,No Apparent Injury,INATTENTIVE OR LOST IN THOUGHT,OR,(Sport) Utility Vehicle,40,2015.0,Toyota,RAV4,22,Monday,2
MCP2016005L,210004492,Montgomery County Police,Injury Crash,2021-02-04 14:32:00,Maryland (State),ROCKVILLE PIKE,BOU AVE,OTHER,CLEAR,DRY,DAYLIGHT,TRAFFIC SIGNAL,NONE DETECTED,Yes,No Apparent Injury,NOT DISTRACTED,MD,Passenger Car,40,2019.0,Landrover,RANGE ROVER,14,Thursday,2
MCP27260020,170513193,Montgomery County Police,Injury Crash,2017-06-12 11:29:00,County,AVERY RD,LAKE CHRISTOPHER DR,HEAD ON LEFT TURN,Unknown,DRY,DAYLIGHT,NO CONTROLS,Unknown,Yes,No Apparent Injury,LOOKED BUT DID NOT SEE,MD,Passenger Car,30,2010.0,Toyota,SIENNA,11,Monday,6
MCP29750010,16012063,MONTGOMERY,Property Damage Crash,2016-03-11 03:33:00,County,E RANDOLPH RD,BILLINGTON RD,SINGLE VEHICLE,CLEAR,DRY,DARK LIGHTS ON,TRAFFIC SIGNAL,ALCOHOL PRESENT,Yes,No Apparent Injury,UNKNOWN,MD,Passenger Car,40,2012.0,Volkswagen,TURBO,3,Friday,3
MCP3078001Y,180041544,Montgomery County Police,Property Damage Crash,2018-08-21 09:31:00,Maryland (State),UNIVERSITY BLVD W,CROSSOVER,SAME DIRECTION RIGHT TURN,CLOUDY,DRY,DAYLIGHT,Unknown,NONE DETECTED,Yes,No Apparent Injury,LOOKED BUT DID NOT SEE,MD,Passenger Car,35,2009.0,Toyota,COROLLA,9,Tuesday,8
MCP2813002H,16045574,Montgomery County Police,Injury Crash,2016-09-06 16:16:00,Maryland (State),GEORGIA AVE,WINDHAM LA,SAME DIR REAR END,CLEAR,DRY,DAYLIGHT,NO CONTROLS,Unknown,No,Possible Injury,NOT DISTRACTED,MD,Passenger Car,0,2015.0,Lexus,SUV,16,Tuesday,9
EJ7876003Y,210045443,Gaithersburg Police Depar,Injury Crash,2021-11-09 18:00:00,Municipality,STORY DR,CROWN FARM DR,OTHER,CLEAR,DRY,DARK -- UNKNOWN LIGHTING,NO CONTROLS,NONE DETECTED,Yes,No Apparent Injury,LOOKED BUT DID NOT SEE,MD,Passenger Car,25,1998.0,Chevy,TK,18,Tuesday,11
MCP3403001Q,250005021,MONTGOMERY,Property Damage Crash,2025-02-03 22:47:00,County Route,Unknown,BRIGGS CHANEY RD (WB/L),Angle,Clear,Dry,Dark - Lighted,Traffic Control Signal,"Not Suspect of Alcohol Use, Not Suspect of Drug Use",Yes,No Apparent Injury,Not Distracted,MD,Passenger Car,30,2012.0,Lexus,IS,22,Monday,2
MCP0685003F,170534872,Montgomery County Police,Injury Crash,2017-10-05 09:40:00,Interstate (State),EISENHOWER MEMORIAL HWY,W MONTGOMERY AVE,SAME DIR REAR END,CLEAR,DRY,DAYLIGHT,NO CONTROLS,NONE DETECTED,No,Possible Injury,NOT DISTRACTED,MD,Police Vehicle/Non Emergency,55,2016.0,Ford,4DR,9,Thursday,10
DD56200061,200047288,Rockville Police Departme,Property Damage Crash,2020-12-01 08:40:00,Maryland (State),FIRST ST,VEIRS MILL RD,SAME DIR REAR END,CLEAR,WET,DAYLIGHT,TRAFFIC SIGNAL,NONE DETECTED,No,No Apparent Injury,NOT DISTRACTED,MD,Passenger Car,40,2006.0,Chevrolet,3500,8,Tuesday,12
MCP2861004T,210022480,Montgomery County Police,Property Damage Crash,2021-06-12 15:40:00,County,DEMOCRACY BLVD,RAMP 1 FR RP 4 EB TO DEMOCRACY BLVD,SAME DIR REAR END,CLOUDY,DRY,DAYLIGHT,NO CONTROLS,NONE DETECTED,Yes,No Apparent Injury,NOT DISTRACTED,MD,Passenger Car,35,2005.0,Toyota,COROLLA,15,Saturday,6
MCP2761006H,240058138,MONTGOMERY,Property Damage Crash,2024-12-05 08:31:00,Maryland (State) Route,CLOPPER RD,Unknown,Front to Rear,Cloudy,Dry,Daylight,Traffic Control Signal,"Not Suspect of Alcohol Use, Not Suspect of Drug Use",No,No Apparent Injury,Not Distracted,MD,Sport Utility Vehicle,30,2016.0,Mitsubishi,OUTLANDER SPORT,8,Thursday,12
MCP3106000N,180042048,Montgomery County Police,Property Damage Crash,2018-08-23 16:36:00,Maryland (State),OLD GEORGETOWN RD,SONOMA RD,HEAD ON LEFT TURN,CLEAR,DRY,DAYLIGHT,NO CONTROLS,Unknown,No,No Apparent Injury,NOT DISTRACTED,VA,Passenger Car,40,2010.0,Subaru,LEGACY,16,Thursday,8
MCP219800DV,230061483,Montgomery County Police,Injury Crash,2023-10-19 16:40:00,Maryland (State),CLOPPER RD,GAME PRESERVE RD,SAME DIR REAR END,Unknown,DRY,DAYLIGHT,Unknown,NONE DETECTED,Yes,Possible Injury,UNKNOWN,MD,Passenger Car,35,2012.0,Hond,TK,16,Thursday,10
MCP2940007B,240031959,MONTGOMERY,Injury Crash,2024-07-07 12:00:00,County Route,FERNWOOD RD,LONE OAK DR,Angle,Clear,Dry,Daylight,Stop Sign,"Not Suspect of Alcohol Use, Not Suspect of Drug Use",Yes,No Apparent Injury,Unknown,MD,Van - Passenger (&Lt;9 Seats),35,2017.0,Honda,ODYSSEY,12,Sunday,7
MCP2612004H,220023114,Montgomery County Police,Injury Crash,2022-05-30 15:50:00,Maryland (State),CONNECTICUT AVE,KELSEY ST,SAME DIR REAR END,CLEAR,DRY,DAYLIGHT,NO CONTROLS,NONE DETECTED,No,No Apparent Injury,NOT DISTRACTED,MD,Passenger Car,35,2020.0,Audi,A3,15,Monday,5
MCP2656006J,230000447,Montgomery County Police,Property Damage Crash,2023-01-05 16:40:00,County,FATHER HURLEY BLVD,RIDGE RD (BACK),SAME DIR REAR END,RAINING,WET,DAYLIGHT,TRAFFIC SIGNAL,Unknown,No,No Apparent Injury,NOT DISTRACTED,MD,Passenger Car,45,2007.0,Merz,4S,16,Thursday,1
MCP2845001X,16036867,Montgomery County Police,Property Damage Crash,2016-07-21 07:00:00,County,MOUNTAIN QUAIL RD,EASTWOOD AVE,OTHER,CLEAR,DRY,DAYLIGHT,NO CONTROLS,Unknown,No,No Apparent Injury,NOT DISTRACTED,MD,Passenger Car,30,2012.0,Nissan,ROGUE,7,Thursday,7
HA2389000L,16001334,Maryland-National Capital,Property Damage Crash,2016-10-26 08:31:00,Maryland (State),FREDERICK RD,FOREMAN BLVD,SAME DIR REAR END,Unknown,Unknown,DAYLIGHT,TRAFFIC SIGNAL,Unknown,No,No Apparent Injury,NOT DISTRACTED,MD,Van,5,2007.0,Chevrolet,EXPRESS,8,Wednesday,10
DD5502007R,230052631,Rockville Police Departme,Property Damage Crash,2023-09-01 13:35:00,Municipality,HALPINE RD,HALPINE WALK CT,STRAIGHT MOVEMENT ANGLE,CLEAR,DRY,DAYLIGHT,NO CONTROLS,NONE DETECTED,Yes,No Apparent Injury,NOT DISTRACTED,MD,(Sport) Utility Vehicle,25,2019.0,Acur,UT,13,Friday,9
MCP2583004W,250037308,MONTGOMERY,Injury Crash,2025-08-21 02:15:00,County Route,SHADY GROVE RD (SB/L),Unknown,"Sideswipe, Same Direction",Clear,Dry,Dark - Lighted,No Controls,"Not Suspect of Alcohol Use, Not Suspect of Drug Use",No,Possible Injury,Not Distracted,MD,Other,40,2016.0,Gillig,LOW FLOOR BUS,2,Thursday,8
MCP3239002M,220051416,Montgomery County Police,Property Damage Crash,2022-11-21 07:56:00,Unknown,Unknown,Unknown,SAME DIR REAR END,CLEAR,Unknown,DAYLIGHT,NO CONTROLS,NONE DETECTED,No,No Apparent Injury,NOT DISTRACTED,MD,Passenger Car,5,2018.0,Toyt,4S,7,Monday,11
MCP209400J7,220002161,Montgomery County Police,Injury Crash,2022-01-18 12:51:00,County,WOODMONT AVE,WISCONSIN AVE,SAME DIRECTION LEFT TURN,CLEAR,DRY,DAYLIGHT,OTHER,NONE DETECTED,No,Possible Injury,NOT DISTRACTED,MD,Motorcycle,25,2009.0,Yamaha,XP500,12,Tuesday,1
MCP3358002M,250002492,MONTGOMERY,Property Damage Crash,2025-01-18 09:39:00,County Route,BETHESDA AVE,Unknown,Front to Rear,Rain,Wet,Daylight,No Controls,"Not Suspect of Alcohol Use, Not Suspect of Drug Use",No,No Apparent Injury,Not Distracted,MD,Passenger Car,25,2020.0,Volvo,S60,9,Saturday,1
MCP3101000H,180015371,Montgomery County Police,Property Damage Crash,2018-03-29 20:00:00,Maryland (State),FREDERICK RD,SHADY GROVE RD,SAME DIR REAR END,CLEAR,DRY,DARK -- UNKNOWN LIGHTING,Unknown,NONE DETECTED,No,No Apparent Injury,NOT DISTRACTED,MD,Passenger Car,40,2010.0,Honda,CIVIC,20,Thursday,3
MCP3300000Y,210043644,Montgomery County Police,Injury Crash,2021-10-29 09:08:00,Maryland (State),UNIVERSITY BLVD W,AMHERST AVE,SAME DIRECTION LEFT TURN,RAINING,WET,DAYLIGHT,TRAFFIC SIGNAL,NONE DETECTED,Yes,Possible Injury,UNKNOWN,MD,Passenger Car,30,2011.0,Bmw,328,9,Friday,10
MCP2723004B,190013048,Montgomery County Police,Property Damage Crash,2019-03-21 13:50:00,Maryland (State),GEORGIA AVE,PRINCE PHILIP DR,HEAD ON LEFT TURN,RAINING,WET,DAYLIGHT,TRAFFIC SIGNAL,Unknown,Yes,No Apparent Injury,LOOKED BUT DID NOT SEE,MD,Passenger Car,40,2009.0,Honda,FIT,13,Thursday,3
MCP2968002H,180040271,Montgomery County Police,Property Damage Crash,2018-08-13 17:38:00,Maryland (State),RIVER RD,TARA RD,SAME DIR REAR END,Unknown,WET,DAYLIGHT,NO CONTROLS,Unknown,Yes,No Apparent Injury,NOT DISTRACTED,MD,Passenger Car,35,2009.0,Niss,4S,17,Monday,8
MCP1099001F,170512694,Montgomery County Police,Property Damage Crash,2017-06-09 14:15:00,Maryland (State),WOODFIELD RD,MUNCASTER MILL RD,SAME DIR REAR END,CLEAR,DRY,DAYLIGHT,NO CONTROLS,NONE DETECTED,Yes,No Apparent Injury,LOOKED BUT DID NOT SEE,MD,Passenger Car,45,2003.0,Toy,CAMRY,14,Friday,6
MCP2948006L,230063683,Montgomery County Police,Property Damage Crash,2023-10-31 21:05:00,County,RANDOLPH RD,BENNION RD,SAME DIRECTION SIDESWIPE,CLEAR,DRY,DARK -- UNKNOWN LIGHTING,Unknown,Unknown,No,No Apparent Injury,NOT DISTRACTED,MD,Passenger Car,35,2023.0,Mazda,CX50,21,Tuesday,10
MCP28200032,170537525,Montgomery County Police,Property Damage Crash,2017-10-19 09:47:00,Maryland (State),CONNECTICUT AVE,ASPEN HILL RD,SAME DIR REND RIGHT TURN,Unknown,DRY,DAYLIGHT,NO CONTROLS,Unknown,Yes,No Apparent Injury,NOT DISTRACTED,Unknown,Passenger Car,45,2005.0,Toyota,CAMRY,9,Thursday,10
MCP07040018,180004824,Montgomery County Police,Property Damage Crash,2018-01-28 18:26:00,Unknown,Unknown,Unknown,OTHER,CLEAR,Unknown,DARK LIGHTS ON,Unknown,UNKNOWN,Yes,No Apparent Injury,UNKNOWN,MD,Pickup Truck,15,2005.0,Chevy,PU,18,Sunday,1
MCP30530024,180026700,Montgomery County Police,Property Damage Crash,2018-05-31 08:45:00,Maryland (State),GEORGIA AVE,HATHAWAY DR,STRAIGHT MOVEMENT ANGLE,CLOUDY,WET,DAYLIGHT,TRAFFIC SIGNAL,Unknown,Yes,No Apparent Injury,NOT DISTRACTED,MD,Passenger Car,45,2001.0,Toyota,SEQUOIA,8,Thursday,5
MCP271700BH,170500556,Montgomery County Police,Property Damage Crash,2017-04-05 16:10:00,County,IRON GATE RD,DEMOCRACY BLVD,OTHER,CLEAR,DRY,DAYLIGHT,NO CONTROLS,NONE DETECTED,Yes,No Apparent Injury,UNKNOWN,MD,Passenger Car,25,2000.0,Honda,CIVIC,16,Wednesday,4
MCP2974005T,250039220,MONTGOMERY,Property Damage Crash,2025-09-02 09:16:00,County Route,TECH RD,Unknown,Rear To Side,Clear,Dry,Daylight,No Controls,"Not Suspect of Alcohol Use, Not Suspect of Drug Use",No,No Apparent Injury,Not Distracted,MD,Passenger Car,35,2023.0,Toyota,CAMRY,9,Tuesday,9
MCP2968004Y,230025726,Montgomery County Police,Injury Crash,2023-05-29 12:14:00,County,SHADY GROVE RD,TRAVILLE  GATEWAY DR,SAME DIR REAR END,CLEAR,DRY,DAYLIGHT,TRAFFIC SIGNAL,Unknown,Yes,Suspected Minor Injury,LOOKED BUT DID NOT SEE,MD,Passenger Car,35,2011.0,Merz,E350,12,Monday,5
MCP23390020,17000645,Montgomery County Police,Property Damage Crash,2017-01-04 18:04:00,Maryland (State),NORBECK RD,MT EVEREST LA,SAME DIR REAR END,Unknown,DRY,DARK LIGHTS ON,NO CONTROLS,NONE DETECTED,No,No Apparent Injury,UNKNOWN,MD,Pickup Truck,35,2013.0,Chevrolet,TK,18,Wednesday,1
MCP3201001S,210006468,Montgomery County Police,Injury Crash,2021-02-19 09:31:00,County,WHITE PEACH CT,WOODFIELD RD,SAME DIR REAR END,CLOUDY,SLUSH,DAYLIGHT,NO CONTROLS,Unknown,Yes,Suspected Minor Injury,INATTENTIVE OR LOST IN THOUGHT,MD,Passenger Car,25,2018.0,Audi,SQ5,9,Friday,2