Report Number,Local Case Number,Agency Name,ACRS Report Type,Crash Date/Time,Route Type,Road Name,Cross-Street Name,Collision Type,Weather,Surface Condition,Light,Traffic Control,Driver Substance Abuse,Driver At Fault,Injury Severity,Driver Distracted By,Drivers License State,Vehicle Body Type,Speed Limit,Vehicle Year,Vehicle Make,Vehicle Model,Crash Hour,Crash Day,Crash Month
MCP2362000Z,16036480,Montgomery County Police,Property Damage Crash,2016-07-19 09:00:00,US (State),COLESVILLE RD,TIMBERWOOD AVE,SAME DIR REAR END,CLEAR,DRY,DAYLIGHT,NO CONTROLS,NONE DETECTED,No,No Apparent Injury,NOT DISTRACTED,MD,Passenger Car,40,2007.0,Toyt,4S,9,Tuesday,7
MCP3382001S,250011551,MONTGOMERY,Property Damage Crash,2025-03-16 18:06:00,County Route,AVENA ST,Unknown,Angle,Clear,Dry,Daylight,No Controls,"Suspect of Alcohol Use, Not Suspect of Drug Use",Yes,No Apparent Injury,Unknown,Unknown,Passenger Car,25,2017.0,Toyota,HIGHLANDER,18,Sunday,3
DM8439000K,15020080,Takoma Park Police Depart,Injury Crash,2015-04-28 18:37:00,Maryland (State),NEW HAMPSHIRE AVE,KIRKLYNN AVE,STRAIGHT MOVEMENT ANGLE,CLEAR,DRY,DAYLIGHT,TRAFFIC SIGNAL,Unknown,Unknown,No Apparent Injury,NOT DISTRACTED,DC,Passenger Car,35,2007.0,Chev,4D,18,Tuesday,4
MCP291700CX,230071897,Montgomery County Police,Injury Crash,2023-12-15 13:15:00,Maryland (State),UNIVERSITY BLVD W,VEIRS MILL RD,SAME DIRECTION SIDESWIPE,CLEAR,DRY,DAYLIGHT,NO CONTROLS,NONE DETECTED,No,No Apparent Injury,NOT DISTRACTED,MD,Passenger Car,35,2014.0,Mazda,3,13,Friday,12
MCP30440048,190060176,Montgomery County Police,Property Damage Crash,2019-12-13 19:47:00,County,BRIGGS CHANEY RD,CASTLE BLVD,SAME DIR REAR END,CLOUDY,WET,DARK LIGHTS ON,TRAFFIC SIGNAL,Unknown,No,No Apparent Injury,NOT DISTRACTED,MD,Passenger Car,35,2015.0,Nissan,4D,19,Friday,12
MCP209400HM,210026802,Montgomery County Police,Property Damage Crash,2021-07-12 13:11:00,Maryland (State),GOLDSBORO RD,RADNOR RD,SAME DIR REAR END,CLEAR,DRY,DAYLIGHT,FLASHING TRAFFIC SIGNAL,NONE DETECTED,No,No Apparent Injury,NOT DISTRACTED,MD,Passenger Car,30,2007.0,Hyundai,SONATA,13,Monday,7
MCP102200F8,200036564,Montgomery County Police,Injury Crash,2020-09-18 07:16:00,Maryland (State),FREDERICK RD,WEST OLD BALTIMORE RD,SAME DIR REAR END,CLEAR,WET,DAYLIGHT,TRAFFIC SIGNAL,NONE DETECTED,Yes,No Apparent Injury,NOT DISTRACTED,MD,Passenger Car,45,2017.0,Nissan,ALTIMA,7,Friday,9
MCP1220004K,16063011,Montgomery County Police,Injury Crash,2016-12-08 12:09:00,Maryland (State),BURLINGTON AVE,GEORGIA AVE,SAME DIR REAR END,CLOUDY,DRY,DAYLIGHT,TRAFFIC SIGNAL,NONE DETECTED,Yes,Possible Injury,UNKNOWN,MD,Passenger Car,30,2008.0,Hond,ACCORD,12,Thursday,12
MCP2203009F,250022504,MONTGOMERY,Property Damage Crash,2025-05-21 07:50:00,County Route,RANDOLPH RD,TIVOLI LAKE BLVD,Angle,Rain,Wet,Daylight,Traffic Control Signal,"Not Suspect of Alcohol Use, Not Suspect of Drug Use",Yes,No Apparent Injury,Not Distracted,MD,Pickup,35,2018.0,Ram,5500,7,Wednesday,5
MCP31360076,240045534,MONTGOMERY,Injury Crash,2024-09-24 11:52:00,Bicycle Route,Unknown,Unknown,Front to Rear,Cloudy,Dry,Daylight,No Controls,"Unknown, Unknown",No,No Apparent Injury,Unknown,Unknown,Passenger Car,25,2016.0,Toyota,COROLLA,11,Tuesday,9
MCP2875006X,230012698,Montgomery County Police,Injury Crash,2023-03-15 19:32:00,County,MIDDLEBROOK RD,OBSERVATION DR,STRAIGHT MOVEMENT ANGLE,CLEAR,DRY,DARK LIGHTS ON,TRAFFIC SIGNAL,NONE DETECTED,No,Suspected Minor Injury,NOT DISTRACTED,MD,(Sport) Utility Vehicle,40,2019.0,Cadillac,XT5,19,Wednesday,3
MCP25860071,240003208,MONTGOMERY,Property Damage Crash,2024-01-21 15:30:00,County Route,BRINK RD,Unknown,Front to Front,Clear,Dry,Daylight,No Controls,"Not Suspect of Alcohol Use, Not Suspect of Drug Use",No,No Apparent Injury,Not Distracted,MD,Sport Utility Vehicle,35,2016.0,Honda,PILOT,15,Sunday,1
DM8478003L,250019285,TAKOMA,Property Damage Crash,2025-05-02 17:07:00,Municipality Route,AUBURN AVE,NEW HAMPSHIRE AVE (SB/L),"Sideswipe, Same Direction",Clear,Dry,Daylight,No Controls,"Not Suspect of Alcohol Use, Not Suspect of Drug Use",No,No Apparent Injury,Not Distracted,MD,Passenger Car,35,2012.0,Toyota,SIENNA,17,Friday,5
MCP3067001G,190031442,Montgomery County Police,Property Damage Crash,2019-07-02 00:50:00,County,MONTGOMERY VILLAGE AVE,CLUB HOUSE RD,STRAIGHT MOVEMENT ANGLE,CLEAR,DRY,DARK LIGHTS ON,FLASHING TRAFFIC SIGNAL,NONE DETECTED,No,No Apparent Injury,NOT DISTRACTED,MD,Passenger Car,35,2003.0,Ford,F150,0,Tuesday,7
MCP29890010,180039901,Montgomery County Police,Property Damage Crash,2018-08-11 05:12:00,Maryland (State),E RANDOLPH RD,OLD COLUMBIA PIKE,HEAD ON,CLEAR,DRY,DARK LIGHTS ON,TRAFFIC SIGNAL,NONE DETECTED,No,No Apparent Injury,NOT DISTRACTED,MD,Passenger Car,40,2006.0,Toyt,CAMRY,5,Saturday,8
MCP3038005F,210046114,Montgomery County Police,Property Damage Crash,2021-11-13 21:29:00,County,SLIGO AVE,RITCHIE AVE,SAME DIRECTION RIGHT TURN,CLEAR,DRY,DARK LIGHTS ON,NO CONTROLS,NONE DETECTED,No,No Apparent Injury,NOT DISTRACTED,MD,Passenger Car,30,2014.0,Volk,PASSAT,21,Saturday,11
MCP3274000Q,210019465,Montgomery County Police,Property Damage Crash,2021-05-23 11:09:00,County,CHAMBERLIN AVE,BROOKSIDE DR,OPPOSITE DIRECTION SIDESWIPE,CLEAR,DRY,DAYLIGHT,NO CONTROLS,NONE DETECTED,Yes,No Apparent Injury,NOT DISTRACTED,MA,Passenger Car,30,2009.0,Jeep,TK,11,Sunday,5
MCP2039007W,220039185,Montgomery County Police,Injury Crash,2022-09-09 12:58:00,County,ROSSMOOR BLVD,GEORGIA AVE,HEAD ON LEFT TURN,CLEAR,DRY,DAYLIGHT,Unknown,Unknown,No,Possible Injury,NOT DISTRACTED,MD,Passenger Car,25,2006.0,Chrysler,300,12,Friday,9
MCP2077002V,190014986,Montgomery County Police,Property Damage Crash,2019-04-01 07:30:00,Maryland (State),WOODFIELD RD,HADLEY FARMS DR,SAME DIR REAR END,CLEAR,DRY,DAYLIGHT,TRAFFIC SIGNAL,NONE DETECTED,Yes,No Apparent Injury,OTHER DISTRACTION,MD,Passenger Car,35,2011.0,Toyota,PRIUS,7,Monday,4
MCP2921004P,230029823,Montgomery County Police,Property Damage Crash,2023-06-21 16:40:00,Other Public Roadway,VILLAGE FOUNTAIN DR,CLOPPER RD,SAME DIR REAR END,CLOUDY,WET,DAYLIGHT,TRAFFIC SIGNAL,NONE DETECTED,No,No Apparent Injury,NOT DISTRACTED,MD,Passenger Car,15,2021.0,Merz,GLC300,16,Wednesday,6
MCP21980075,200008271,Montgomery County Police,Property Damage Crash,2020-01-08 20:15:00,County,COPEN MEADOW DR,DARNESTOWN RD,SAME DIRECTION SIDESWIPE,CLEAR,DRY,DARK LIGHTS ON,Unknown,Unknown,Yes,No Apparent Injury,NOT DISTRACTED,MD,Passenger Car,25,2019.0,Jeep,SUV,20,Wednesday,1
MCP2640000H,15001845,Montgomery County Police,Property Damage Crash,2015-01-12 14:31:00,Maryland (State),NEW HAMPSHIRE AVE,VALLEY BROOK DR,OTHER,RAINING,WET,DAYLIGHT,TRAFFIC SIGNAL,NONE DETECTED,Yes,No Apparent Injury,NOT DISTRACTED,MD,Passenger Car,35,1992.0,Toyota,2 DR PICK UP,14,Monday,1
EJ7899001J,250006420,GAITHERSBURG,Injury Crash,2025-02-13 03:21:00,Municipality Route,WEST SIDE DR,MUDDY BRANCH RD,Angle,Freezing Rain Or Freezing Drizzle,Wet,Dark - Lighted,Flashing Traffic Control Signal,"Unknown, Unknown",No,Unknown,Unknown,Unknown,Passenger Car,40,2013.0,Lincoln,MKX,3,Thursday,2
MCP3433000T,250046648,MONTGOMERY,Property Damage Crash,2025-10-17 06:33:00,US (State),COLUMBIA PIKE,Unknown,Front to Rear,Clear,Dry,Dark - Not Lighted,No Controls,"Not Suspect of Alcohol Use, Not Suspect of Drug Use",No,No Apparent Injury,Not Distracted,MD,Passenger Car,50,2018.0,Nissan,ROGUE,6,Friday,10
MCP23510040,210001088,Montgomery County Police,Injury Crash,2021-01-09 13:01:00,Maryland (State),VEIRS MILL RD,ATLANTIC AVE,SAME DIR REAR END,CLEAR,DRY,DAYLIGHT,TRAFFIC SIGNAL,NONE DETECTED,No,Possible Injury,NOT DISTRACTED,MD,(Sport) Utility Vehicle,40,2013.0,Kia,4S,13,Saturday,1
EJ7889005G,250014427,GAITHERSBURG,Property Damage Crash,2025-04-02 21:20:00,County Route,Unknown,Unknown,Front to Rear,Clear,Dry,Dark - Lighted,Traffic Control Signal,"Suspect of Alcohol Use, Suspect of Drug Use",No,No Apparent Injury,Not Distracted,MD,Passenger Car,30,2024.0,Hyundai,VENUE,21,Wednesday,4
MCP3429000W,250035502,MONTGOMERY,Property Damage Crash,2025-08-09 14:45:00,Maryland (State) Route,VEIRS MILL RD,Unknown,Front to Rear,Clear,Dry,Daylight,Traffic Control Signal,"Not Suspect of Alcohol Use, Not Suspect of Drug Use",Yes,No Apparent Injury,Unknown,MD,Passenger Car,40,2010.0,Ford,F-350,14,Saturday,8
MCP30850036,220016864,Montgomery County Police,Property Damage Crash,2022-04-20 20:19:00,County,NICHOLSON LA,SPUR TO MD 355,SAME DIR REAR END,CLEAR,DRY,DARK LIGHTS ON,YIELD SIGN,UNKNOWN,Yes,No Apparent Injury,UNKNOWN,Unknown,Police Vehicle/Emergency,35,2010.0,Mazda,4D,20,Wednesday,4
MCP2335000L,16020462,Montgomery County Police,Injury Crash,2016-04-25 21:30:00,County,MIDDLEBROOK RD,WARING STATION RD,STRAIGHT MOVEMENT ANGLE,Unknown,DRY,DARK LIGHTS ON,TRAFFIC SIGNAL,NONE DETECTED,Yes,Possible Injury,NOT DISTRACTED,MD,Passenger Car,40,2005.0,Toty,4S,21,Monday,4
DD55290020,17010874,Rockville Police Departme,Injury Crash,2017-03-01 10:25:00,Municipality,TOWER OAKS BLVD,NORTH FARM LA,SINGLE VEHICLE,CLOUDY,WET,DAYLIGHT,NO CONTROLS,NONE DETECTED,Yes,Suspected Minor Injury,NOT DISTRACTED,MD,Passenger Car,35,2009.0,Honda,4S,10,Wednesday,3
MCP2094008Q,170515164,Montgomery County Police,Injury Crash,2017-06-22 13:11:00,Maryland (State),ROCKVILLE PIKE,TUCKERMAN LA,SAME DIR REAR END,CLOUDY,DRY,DAYLIGHT,NO CONTROLS,NONE DETECTED,Yes,Possible Injury,NOT DISTRACTED,MD,(Sport) Utility Vehicle,40,2013.0,Toyt,HIGHLANDER,13,Thursday,6
MCP3359000T,240026983,MONTGOMERY,Injury Crash,2024-06-06 17:33:00,County Route,NEBEL ST,NEBEL ST RANDOLPH RD RANDOLPH RD (WB/L),Angle,Rain,Wet,Daylight,Traffic Control Signal,"Not Suspect of Alcohol Use, Not Suspect of Drug Use",No,No Apparent Injury,Not Distracted,MD,Pickup,35,2014.0,Ford,E-250,17,Thursday,6
MCP32570012,200041660,Montgomery County Police,Property Damage Crash,2020-10-22 09:38:00,County,MONTROSE RD,E JEFFERSON ST,SAME DIRECTION RIGHT TURN,FOGGY,DRY,DAYLIGHT,TRAFFIC SIGNAL,NONE DETECTED,Yes,No Apparent Injury,NOT DISTRACTED,MD,Passenger Car,40,2013.0,Lexus,RX 350,9,Thursday,10
MCP2620002X,240032526,MONTGOMERY,Property Damage Crash,2024-07-10 14:13:00,Unknown,Unknown,Unknown,Single Vehicle,Clear,Unknown,Daylight,Unknown,"Not Suspect of Alcohol Use, Not Suspect of Drug Use",No,No Apparent Injury,Not Distracted,MD,Van - Passenger (&Lt;9 Seats),0,2024.0,Chevrolet,EXPRESS,14,Wednesday,7
MCP3192004R,240016751,MONTGOMERY,Property Damage Crash,2024-04-10 20:42:00,County Route,HUGGINS DR,Unknown,Other,Clear,Dry,Dark - Lighted,No Controls,"Not Suspect of Alcohol Use, Not Suspect of Drug Use",Yes,No Apparent Injury,Unknown,MD,Passenger Car,35,2016.0,Cadillac,ESCALADE,20,Wednesday,4
MCP26080019,15065799,MONTGOMERY,Injury Crash,2015-12-23 17:25:00,County,SECOND AVE,16TH ST,HEAD ON LEFT TURN,RAINING,WET,DARK LIGHTS ON,TRAFFIC SIGNAL,NONE DETECTED,Yes,No Apparent Injury,NOT DISTRACTED,MD,Passenger Car,30,2015.0,Dodge,CHALLENGER,17,Wednesday,12
DD56420042,220045986,Rockville Police Departme,Property Damage Crash,2022-12-12 16:43:00,Maryland (State),ROCKVILLE PIKE,FIRST ST,SAME DIRECTION RIGHT TURN,CLEAR,DRY,DAWN,Unknown,NONE DETECTED,No,No Apparent Injury,NOT DISTRACTED,WV,Fire Vehicle/Emergency,40,2020.0,Sptn,FT - RS703,16,Monday,12
MCP2905004S,190047177,Montgomery County Police,Property Damage Crash,2019-10-02 07:55:00,Maryland (State),RIVER RD,BROOKDALE RD,SAME DIR REAR END,CLEAR,DRY,DAYLIGHT,NO CONTROLS,Unknown,No,No Apparent Injury,NOT DISTRACTED,MD,Passenger Car,35,2020.0,Merz,GLE350,7,Wednesday,10
DD55940015,15041758,ROCKVILLE,Property Damage Crash,2015-08-20 20:39:00,Municipality,N STONESTREET AVE,HOWARD AVE,SINGLE VEHICLE,RAINING,WET,DARK LIGHTS ON,Unknown,NONE DETECTED,Yes,No Apparent Injury,UNKNOWN,MD,Passenger Car,35,1996.0,Chevy,4 DOOR,20,Thursday,8
MCP2664006J,240059613,MONTGOMERY,Injury Crash,2024-12-13 13:45:00,County Route,ARCTIC AVE,Unknown,Angle,Clear,Dry,Daylight,No Controls,"Not Suspect of Alcohol Use, Not Suspect of Drug Use",Yes,No Apparent Injury,Unknown,MD,Passenger Car,35,2025.0,Honda,CIVIC,13,Friday,12
MCP33130027,240043874,MONTGOMERY,Property Damage Crash,2024-09-14 23:01:00,Maryland (State) Route,LAYHILL RD,Unknown,Single Vehicle,Clear,Dry,Dark - Lighted,No Controls,"Not Suspect of Alcohol Use, Not Suspect of Drug Use",Yes,No Apparent Injury,Not Distracted,MD,Passenger Car,35,2012.0,Acura,MDX,23,Saturday,9
MCP3168000N,190022101,Montgomery County Police,Injury Crash,2019-05-10 15:58:00,Maryland (State),CONNECTICUT AVE,MANOR RD,SAME DIRECTION SIDESWIPE,CLEAR,DRY,DAYLIGHT,Unknown,NONE DETECTED,No,Suspected Minor Injury,NOT DISTRACTED,MA,Passenger Car,30,2018.0,Toyota,COROLLA,15,Friday,5
MCP2428001L,200034144,Montgomery County Police,Property Damage Crash,2020-09-01 09:19:00,Maryland (State),DARNESTOWN RD,ENT TO POTOMAC CENTER,HEAD ON LEFT TURN,CLOUDY,DRY,DAYLIGHT,TRAFFIC SIGNAL,NONE DETECTED,No,No Apparent Injury,NOT DISTRACTED,MD,Passenger Car,30,2016.0,Volk,JETTA,9,Tuesday,9
EJ7905002Y,250016089,GAITHERSBURG,Injury Crash,2025-04-13 12:23:00,County Route,MUDDY BRANCH RD,MISSION DR,Rear To Side,Clear,Dry,Daylight,No Controls,"Not Suspect of Alcohol Use, Not Suspect of Drug Use",No,Possible Injury,Unknown,MD,Passenger Car,35,2021.0,Acura,TLX,12,Sunday,4
MCP26830058,210003308,Montgomery County Police,Property Damage Crash,2021-01-26 18:23:00,County,GOSHEN RD,ROTHBURY DR,SAME DIRECTION SIDESWIPE,RAINING,WET,DARK LIGHTS ON,Unknown,NONE DETECTED,Yes,No Apparent Injury,NOT DISTRACTED,MD,Passenger Car,35,2013.0,Chevy,EXPRESS VN,18,Tuesday,1
MCP2556001Q,180012002,Montgomery County Police,Property Damage Crash,2018-03-09 17:30:00,County,MUDDY BRANCH RD,DIAMONDBACK DR,OTHER,CLEAR,DRY,DAYLIGHT,Unknown,UNKNOWN,Yes,No Apparent Injury,UNKNOWN,Unknown,Passenger Car,25,2012.0,Toyota,MATRIX,17,Friday,3
MCP15680016,210022348,Montgomery County Police,Injury Crash,2021-06-11 16:30:00,Maryland (State),DARNESTOWN RD,WHITES FERRY RD,ANGLE MEETS LEFT HEAD ON,RAINING,WET,DAYLIGHT,STOP SIGN,Unknown,Yes,Possible Injury,LOOKED BUT DID NOT SEE,MD,Passenger Car,50,2013.0,Honda,PILOT,16,Friday,6
MCP2952004B,170524467,Montgomery County Police,Injury Crash,2017-08-12 09:03:00,Maryland (State),GEORGIA AVE,RAMP 5 FR MD 97 SB TO IS 495 EB,SAME DIRECTION SIDESWIPE,CLOUDY,DRY,DAYLIGHT,TRAFFIC SIGNAL,NONE DETECTED,No,No Apparent Injury,NOT DISTRACTED,MD,Other,45,2006.0,Nissan,ALTIMA,9,Saturday,8
MCP32640031,220029877,Montgomery County Police,Property Damage Crash,2022-07-12 08:45:00,US (State),GEORGIA AVE,WAYNE AVE,OPPOSITE DIRECTION SIDESWIPE,CLEAR,DRY,DAYLIGHT,NO CONTROLS,NONE DETECTED,No,No Apparent Injury,NOT DISTRACTED,MD,Passenger Car,35,2017.0,Volv,SD,8,Tuesday,7
MCP3348002T,240025638,MONTGOMERY,Property Damage Crash,2024-05-30 14:25:00,County Route,Unknown,NORBECK RD,Front to Front,Clear,Dry,Daylight,Traffic Control Signal,"Not Suspect of Alcohol Use, Not Suspect of Drug Use",No,No Apparent Injury,Not Distracted,MD,Sport Utility Vehicle,45,2008.0,Toyota,TACOMA,14,Thursday,5
MCP1145000L,15025135,Montgomery County Police,Property Damage Crash,2015-05-25 15:30:00,Maryland (State),CLARKSBURG RD,STRINGTOWN RD (AHEAD),SINGLE VEHICLE,CLEAR,DRY,DAYLIGHT,NO CONTROLS,NONE DETECTED,Yes,No Apparent Injury,INATTENTIVE OR LOST IN THOUGHT,MD,Passenger Car,40,2004.0,Jeep,TK,15,Monday,5
EJ7837007P,240000152,GAITHERSBURG,Property Damage Crash,2024-01-02 05:25:00,Maryland (State) Route,QUINCE ORCHARD RD (SB/L),RAMP 1 FR RAMP 8 (FR IS270) TO MD 124 EB,Rear To Side,Clear,Dry,Dark - Lighted,Flashing Traffic Control Signal,"Not Suspect of Alcohol Use, Not Suspect of Drug Use",No,No Apparent Injury,Not Distracted,MD,Passenger Car,35,2003.0,Ford,RANGER,5,Tuesday,1
MCP3026003L,180056750,Montgomery County Police,Property Damage Crash,2018-11-12 14:02:00,Maryland (State),MASSACHUSETTS AVE,MOHICAN PL,OTHER,CLEAR,Unknown,DAYLIGHT,NO CONTROLS,NONE DETECTED,No,No Apparent Injury,NOT DISTRACTED,MD,"Medium/Heavy Trucks 3 Axles (Over 10,000Lbs (4,536Kg))",0,2006.0,International,DUMP TRUCK,14,Monday,11
MCP263900GR,240013309,MONTGOMERY,Property Damage Crash,2024-03-20 13:08:00,County Route,Unknown,GEORGIA AVE,Front to Rear,Clear,Dry,Daylight,Traffic Control Signal,"Not Suspect of Alcohol Use, Not Suspect of Drug Use",No,No Apparent Injury,Not Distracted,MD,Sport Utility Vehicle,25,2017.0,Toyota,RAV4,13,Wednesday,3
MCP3380000X,240023157,MONTGOMERY,Injury Crash,2024-05-16 15:22:00,Maryland (State) Route,GEORGIA AVE (SB/L),Unknown,"Sideswipe, Same Direction",Clear,Dry,Daylight,No Controls,"Not Suspect of Alcohol Use, Not Suspect of Drug Use",No,No Apparent Injury,Not Distracted,MD,Bus - Transit,35,2013.0,New Flyer,TRANSIT BUS,15,Thursday,5
MCP3089001Q,180043415,Montgomery County Police,Injury Crash,2018-08-31 09:38:00,County,PHILADELPHIA AVE,FENTON ST,STRAIGHT MOVEMENT ANGLE,Unknown,Unknown,DAYLIGHT,Unknown,Unknown,No,Suspected Minor Injury,NOT DISTRACTED,MD,Passenger Car,15,2015.0,Nissan,ROUGE,9,Friday,8
MCP12110003,170551022,Montgomery County Police,Injury Crash,2017-12-28 10:31:00,Maryland (State),FREDERICK RD,GUNNERS BRANCH RD,SAME DIR REAR END,CLEAR,DRY,DAYLIGHT,TRAFFIC SIGNAL,NONE DETECTED,Yes,No Apparent Injury,NOT DISTRACTED,VA,Pickup Truck,40,2008.0,Ford,F150,10,Thursday,12
MCP30300082,250027835,MONTGOMERY,Property Damage Crash,2025-06-22 19:09:00,Unknown,Unknown,Unknown,Single Vehicle,Clear,Unknown,Daylight,Unknown,"Not Suspect of Alcohol Use, Not Suspect of Drug Use",Yes,No Apparent Injury,Unknown,MD,Passenger Car,0,2006.0,Lexus,ES,19,Sunday,6
MCP94040007,15001516,Montgomery County Police,Injury Crash,2015-01-10 01:17:00,County,SAM EIG HWY,DIAMONDBACK DR,STRAIGHT MOVEMENT ANGLE,CLEAR,DRY,DARK LIGHTS ON,FLASHING TRAFFIC SIGNAL,NONE DETECTED,Yes,Suspected Minor Injury,NOT DISTRACTED,PA,Passenger Car,30,2010.0,Honda,CIVIC,1,Saturday,1
MCP1235000W,17005976,Montgomery County Police,Property Damage Crash,2017-02-03 15:53:00,US (State),COLUMBIA PIKE,ENT TO BUSINESS,SAME DIR REAR END,CLOUDY,DRY,DAYLIGHT,TRAFFIC SIGNAL,NONE DETECTED,No,No Apparent Injury,NOT DISTRACTED,DE,Passenger Car,40,2013.0,Toyota,COROLLA,15,Friday,2
MCP2456003Y,190038618,Montgomery County Police,Injury Crash,2019-08-13 13:15:00,County,HAMMONTON PL,RANDOLPH RD,STRAIGHT MOVEMENT ANGLE,RAINING,WET,DAYLIGHT,NO CONTROLS,NONE DETECTED,No,No Apparent Injury,NOT DISTRACTED,MD,Passenger Car,25,2010.0,Toyt,4S,13,Tuesday,8
MCP2464000T,16048167,Montgomery County Police,Injury Crash,2016-09-19 17:51:00,Maryland (State),CONNECTICUT AVE,JONES BRIDGE RD,SAME DIR REAR END,CLOUDY,DRY,DAYLIGHT,Unknown,NONE DETECTED,No,No Apparent Injury,NOT DISTRACTED,MD,Passenger Car,35,2016.0,Toyota,4DR,17,Monday,9
MCP27280048,170532198,Montgomery County Police,Property Damage Crash,2017-09-22 16:30:00,Maryland (State),UNIVERSITY BLVD E,MERRIMAC DR,STRAIGHT MOVEMENT ANGLE,CLEAR,DRY,DAYLIGHT,NO CONTROLS,NONE DETECTED,Yes,No Apparent Injury,DISTRACTED BY OUTSIDE PERSON OBJECT OR EVENT,MD,Passenger Car,35,2009.0,Toyt,VENZA,16,Friday,9
MCP3191002S,210026845,Montgomery County Police,Property Damage Crash,2021-07-12 16:00:00,Maryland (State),VEIRS MILL RD,SPUR TO MD 355,SAME DIR REAR END,CLEAR,DRY,DAYLIGHT,TRAFFIC SIGNAL,Unknown,No,No Apparent Injury,NOT DISTRACTED,MD,Passenger Car,30,2021.0,Kia,SPORTAGE,16,Monday,7
EJ7895006P,240050006,GAITHERSBURG,Injury Crash,2024-10-19 12:00:00,Maryland (State) Route,W DIAMOND AVE (WB/L),BUREAU DR (SB/L),Other,Clear,Dry,Daylight,Traffic Control Signal,"Not Suspect of Alcohol Use, Not Suspect of Drug Use",No,Possible Injury,Not Distracted,MD,Passenger Car,35,2024.0,Honda,CIVIC,12,Saturday,10
MCP28570018,16027603,Montgomery County Police,Property Damage Crash,2016-06-02 14:47:00,Unknown,Unknown,Unknown,SINGLE VEHICLE,CLEAR,Unknown,DAYLIGHT,Unknown,NONE DETECTED,Yes,No Apparent Injury,NOT DISTRACTED,MD,Fire Vehicle/Non Emergency,15,2007.0,Pierce,DASH,14,Thursday,6
EJ7852003H,200008364,Gaithersburg Police Depar,Property Damage Crash,2020-02-19 19:10:00,County,FIELDS RD,SAM EIG HWY,SAME DIR REAR END,Unknown,DRY,DARK LIGHTS ON,TRAFFIC SIGNAL,NONE DETECTED,No,No Apparent Injury,NOT DISTRACTED,MD,Passenger Car,35,2010.0,Toyota,SEDAN,19,Wednesday,2
MCP3009007P,240004448,MONTGOMERY,Property Damage Crash,2024-01-28 12:10:00,Unknown,Unknown,Unknown,"Sideswipe, Opposite Direction",Clear,Unknown,Daylight,No Controls,"Unknown, Unknown",No,No Apparent Injury,Not Distracted,Unknown,Passenger Car,10,2023.0,Dodge,CHARGER,12,Sunday,1
MCP23530014,15038463,MONTGOMERY,Property Damage Crash,2015-08-03 13:42:00,County,DEMOCRACY BLVD,SEVEN LOCKS RD,STRAIGHT MOVEMENT ANGLE,CLEAR,DRY,DAYLIGHT,TRAFFIC SIGNAL,NONE DETECTED,No,No Apparent Injury,NOT DISTRACTED,MD,(Sport) Utility Vehicle,35,2005.0,Acura,MDX,13,Monday,8
MCP3215002X,220010468,Montgomery County Police,Property Damage Crash,2022-03-11 07:13:00,County,PARKLAWN DR,BOILING BROOK PKWY,SAME DIR REAR END,CLEAR,DRY,DAYLIGHT,TRAFFIC SIGNAL,Unknown,Yes,No Apparent Injury,NOT DISTRACTED,FL,Van,35,2015.0,Nissan,TK,7,Friday,3
MCP2728001W,16054246,Montgomery County Police,Property Damage Crash,2015-12-31 15:45:00,Maryland (State),NEW HAMPSHIRE AVE,CROSSOVER,HEAD ON,CLEAR,DRY,DAYLIGHT,Unknown,NONE DETECTED,No,No Apparent Injury,NOT DISTRACTED,MD,Passenger Car,40,2013.0,Chev,MALIBU,15,Thursday,12
MCP3317002N,240046395,MONTGOMERY,Property Damage Crash,2024-09-28 19:08:00,County Route,GREENCASTLE RD (NB/L),Unknown,Angle,Clear,Dry,Dark - Not Lighted,Traffic Control Signal,"Not Suspect of Alcohol Use, Not Suspect of Drug Use",No,No Apparent Injury,Not Distracted,MD,Sport Utility Vehicle,55,2018.0,Nissan,ROGUE,19,Saturday,9
MCP2016005C,200035874,Montgomery County Police,Property Damage Crash,2020-09-13 12:59:00,Maryland (State),ROCKVILLE PIKE,BOU AVE,SAME DIR REAR END,CLEAR,DRY,DAYLIGHT,Unknown,NONE DETECTED,No,No Apparent Injury,NOT DISTRACTED,MD,Motorcycle,40,2005.0,Kawk,MC,12,Sunday,9
DD559500BN,220009875,Rockville Police Departme,Injury Crash,2022-03-07 20:00:00,Maryland (State),ROCKVILLE PIKE,FIRST ST,SAME DIR REAR END,CLOUDY,WET,DARK LIGHTS ON,Unknown,NONE DETECTED,Yes,No Apparent Injury,NOT DISTRACTED,MD,Passenger Car,35,1994.0,Ford,WG,20,Monday,3
DD56480024,230046146,Rockville Police Departme,Property Damage Crash,2023-07-26 09:15:00,Unknown,Unknown,Unknown,OTHER,CLEAR,Unknown,DAYLIGHT,Unknown,NONE DETECTED,No,No Apparent Injury,NOT DISTRACTED,DC,Passenger Car,5,2021.0,Ford,EXPLORER,9,Wednesday,7