Report Number,Local Case Number,Agency Name,ACRS Report Type,Crash Date/Time,Route Type,Road Name,Cross-Street Name,Collision Type,Weather,Surface Condition,Light,Traffic Control,Driver Substance Abuse,Driver At Fault,Injury Severity,Driver Distracted By,Drivers License State,Vehicle Body Type,Speed Limit,Vehicle Year,Vehicle Make,Vehicle Model,Crash Hour,Crash Day,Crash Month
MCP2875008V,240027014,MONTGOMERY,Property Damage Crash,2024-06-06 20:00:00,Maryland (State) Route,FREDERICK RD (SB/L),Unknown,Front to Rear,Clear,Dry,Daylight,No Controls,"Not Suspect of Alcohol Use, Not Suspect of Drug Use",No,No Apparent Injury,Not Distracted,MD,Passenger Car,45,2015.0,Honda,CIVIC,20,Thursday,6
MCP1378007S,15048700,MONTGOMERY,Property Damage Crash,2015-09-25 17:47:00,Maryland (State),WOODFIELD RD,ROSEWOOD MANOR LA,SAME DIR REAR END,CLOUDY,DRY,DAYLIGHT,Unknown,NONE DETECTED,Yes,No Apparent Injury,NOT DISTRACTED,MD,Passenger Car,45,2015.0,Honda,CIVIC,17,Friday,9
MCP3288001D,210037285,Montgomery County Police,Injury Crash,2021-09-21 12:30:00,Municipality,RUSSELL AVE,CHRISTOPHER AVE,HEAD ON LEFT TURN,CLEAR,DRY,DAYLIGHT,TRAFFIC SIGNAL,NONE DETECTED,Unknown,No Apparent Injury,UNKNOWN,MD,(Sport) Utility Vehicle,25,2007.0,Hond,SD,12,Tuesday,9
MCP2399009H,250004227,MONTGOMERY,Property Damage Crash,2025-01-29 15:48:00,County Route,CLUB HOUSE RD,Unknown,Other,Clear,Dry,Daylight,No Controls,"Not Suspect of Alcohol Use, Not Suspect of Drug Use",Yes,No Apparent Injury,Unknown,VA,Passenger Car,35,2006.0,Honda,CIVIC,15,Wednesday,1
MCP31650069,250049829,MONTGOMERY,Property Damage Crash,2025-11-01 20:00:00,Private Route,Unknown,Unknown,"Sideswipe, Same Direction",Clear,Dry,Dark - Lighted,No Controls,"Unknown, Unknown",Yes,No Apparent Injury,Not Distracted,MD,Passenger Car,20,2022.0,Chevrolet,EXPRESS,20,Saturday,11
MCP3129000Y,190028310,Montgomery County Police,Property Damage Crash,2019-06-13 18:38:00,Maryland (State),LAYHILL RD,MIDDLEVALE LA,HEAD ON LEFT TURN,CLEAR,DRY,DAYLIGHT,TRAFFIC SIGNAL,NONE DETECTED,No,No Apparent Injury,NOT DISTRACTED,MD,Passenger Car,40,2013.0,Ford,TK,18,Thursday,6
MCP29140077,180037982,Montgomery County Police,Injury Crash,2018-07-31 17:03:00,Maryland (State),NEW HAMPSHIRE AVE,OAKVIEW DR,SAME DIR REAR END,CLOUDY,Unknown,DAYLIGHT,TRAFFIC SIGNAL,Unknown,Yes,No Apparent Injury,NOT DISTRACTED,MD,Passenger Car,40,2008.0,Ford,E350,17,Tuesday,7
MCP2432000K,210039380,Montgomery County Police,Injury Crash,2021-10-04 08:31:00,Maryland (State),FREDERICK RD,GUNNERS BRANCH RD,STRAIGHT MOVEMENT ANGLE,CLEAR,DRY,DAYLIGHT,NO CONTROLS,NONE DETECTED,No,Possible Injury,NOT DISTRACTED,MD,Passenger Car,40,2011.0,Honda,CRV,8,Monday,10
MCP22120036,180019339,Montgomery County Police,Property Damage Crash,2018-04-20 13:30:00,Unknown,Unknown,Unknown,OTHER,CLEAR,Unknown,DAYLIGHT,NO CONTROLS,NONE DETECTED,Yes,No Apparent Injury,NOT DISTRACTED,MD,Pickup Truck,10,2008.0,Ford,PICK UP,13,Friday,4
MCP2472001Q,16026609,Montgomery County Police,Injury Crash,2016-05-28 14:04:00,Maryland (State),BRADLEY BLVD,SELVYN RD,HEAD ON LEFT TURN,CLEAR,DRY,DAYLIGHT,NO CONTROLS,NONE DETECTED,Yes,Suspected Minor Injury,LOOKED BUT DID NOT SEE,MD,Passenger Car,30,2006.0,Audi,A4,14,Saturday,5
MCP2936005J,220035999,Montgomery County Police,Injury Crash,2022-08-20 17:25:00,County,MONTROSE RD,TOWER OAKS BLVD,SAME DIR REAR END,CLEAR,DRY,DAYLIGHT,TRAFFIC SIGNAL,NONE DETECTED,No,Suspected Minor Injury,NOT DISTRACTED,MD,(Sport) Utility Vehicle,35,2022.0,Toyota,COROLLA CROSS,17,Saturday,8
MCP2689006Q,200002846,Montgomery County Police,Property Damage Crash,2020-01-17 13:02:00,Maryland (State),W MONTGOMERY AVE,WOOD HILL RD,STRAIGHT MOVEMENT ANGLE,CLEAR,DRY,DAYLIGHT,NO CONTROLS,NONE DETECTED,No,No Apparent Injury,NOT DISTRACTED,MD,Passenger Car,45,2013.0,Mercedes-Benz,E350,13,Friday,1
MCP3052000R,170537607,Montgomery County Police,Injury Crash,2017-10-19 16:10:00,County,WATKINS MILL RD,SMOOTHSTONE WAY,SAME DIR REAR END,CLEAR,DRY,DAYLIGHT,NO CONTROLS,NONE DETECTED,Yes,Possible Injury,OTHER DISTRACTION,MD,Passenger Car,35,2006.0,Toyt,TK,16,Thursday,10
MCP3059003C,180061278,Montgomery County Police,Property Damage Crash,2018-12-07 18:04:00,Maryland (State),GEORGIA AVE,CROSSOVER,SAME DIRECTION SIDESWIPE,CLEAR,DRY,DARK LIGHTS ON,Unknown,COMBINED SUBSTANCE PRESENT,Yes,No Apparent Injury,UNKNOWN,MD,Pickup Truck,40,2004.0,Ford,F-250,18,Friday,12
MCP10150029,180054731,Montgomery County Police,Property Damage Crash,2018-11-01 06:35:00,Maryland (State),WOODFIELD RD,BISCAYNE LA,STRAIGHT MOVEMENT ANGLE,CLOUDY,DRY,DARK NO LIGHTS,NO CONTROLS,NONE DETECTED,No,No Apparent Injury,NOT DISTRACTED,MD,(Sport) Utility Vehicle,40,2012.0,Hond,TK,6,Thursday,11
MCP3165000C,180045283,Montgomery County Police,Property Damage Crash,2018-09-11 06:50:00,Maryland (State),PINEY BRANCH RD,CARROLL AVE,HEAD ON LEFT TURN,FOGGY,WET,DAWN,TRAFFIC SIGNAL,Unknown,No,No Apparent Injury,NOT DISTRACTED,MD,Passenger Car,40,2011.0,Toyota,CAMRY,6,Tuesday,9
MCP2971000Q,15047684,MONTGOMERY,Property Damage Crash,2015-09-20 15:06:00,County,FENTON ST,WAYNE AVE,SAME DIRECTION LEFT TURN,CLEAR,DRY,DAYLIGHT,NO CONTROLS,NONE DETECTED,Yes,No Apparent Injury,NOT DISTRACTED,MD,Passenger Car,25,2011.0,Toyota,PRIUS,15,Sunday,9
MCP2689009J,230021838,Montgomery County Police,Injury Crash,2023-05-07 14:13:00,County,SEVEN LOCKS RD,TUCKERMAN LA,SAME DIR REAR END,CLOUDY,DRY,DAYLIGHT,NO CONTROLS,NONE DETECTED,Yes,No Apparent Injury,UNKNOWN,MD,Passenger Car,35,2018.0,Mazda,3,14,Sunday,5
MCP26870029,170520548,Montgomery County Police,Property Damage Crash,2017-07-22 11:00:00,Unknown,Unknown,Unknown,OTHER,CLEAR,Unknown,DAYLIGHT,NO CONTROLS,NONE DETECTED,Yes,No Apparent Injury,OTHER DISTRACTION,MD,Passenger Car,0,2008.0,Volve,4DR,11,Saturday,7
MCP30440061,220047301,Montgomery County Police,Property Damage Crash,2022-10-28 05:39:00,US (State),COLUMBIA PIKE,FAIRLAND RD,SAME DIR REAR END,CLEAR,DRY,DARK LIGHTS ON,TRAFFIC SIGNAL,NONE DETECTED,No,No Apparent Injury,NOT DISTRACTED,MD,Pickup Truck,50,2003.0,Ford,F150,5,Friday,10
MCP2995002W,180008019,Montgomery County Police,Property Damage Crash,2018-02-15 17:45:00,Maryland (State),CONNECTICUT AVE,ASPEN HILL RD,STRAIGHT MOVEMENT ANGLE,CLEAR,DRY,DUSK,NO CONTROLS,NONE DETECTED,Yes,No Apparent Injury,LOOKED BUT DID NOT SEE,MD,Passenger Car,45,2008.0,Ford,CROWN VICTORIA,17,Thursday,2
MCP2756004H,220036925,Montgomery County Police,Injury Crash,2022-08-26 16:04:00,Maryland (State),GEORGIA AVE,HENDERSON AVE,SAME DIR REAR END,CLEAR,DRY,DAYLIGHT,NO CONTROLS,NONE DETECTED,No,Possible Injury,NOT DISTRACTED,MD,Passenger Car,35,2013.0,Toyota,RAV4,16,Friday,8
MCP26870046,230060477,Montgomery County Police,Property Damage Crash,2023-10-14 12:29:00,County,WOODMONT AVE,NORFOLK AVE,SAME DIRECTION SIDESWIPE,RAINING,WET,DAYLIGHT,NO CONTROLS,NONE DETECTED,Yes,No Apparent Injury,LOOKED BUT DID NOT SEE,US,Passenger Car,25,2017.0,Chry,PACIFICA,12,Saturday,10
MCP31700041,240006362,MONTGOMERY,Injury Crash,2024-02-08 15:36:00,County Route,CINNAMON DR,CLOPPER RD,Front to Front,Clear,Dry,Daylight,Stop Sign,"Not Suspect of Alcohol Use, Not Suspect of Drug Use",Yes,Possible Injury,Unknown,MD,Passenger Car,40,2012.0,Honda,CIVIC,15,Thursday,2
MCP3303001L,230052871,Montgomery County Police,Property Damage Crash,2023-09-03 00:22:00,Maryland (State),SANDY SPRING RD,STAR POINTE LA,SAME DIR REAR END,CLEAR,DRY,DARK LIGHTS ON,Unknown,NONE DETECTED,No,No Apparent Injury,NOT DISTRACTED,MD,Passenger Car,40,2013.0,Hond,SD,0,Sunday,9
MCP3339003L,240010734,MONTGOMERY,Property Damage Crash,2024-03-05 14:53:00,Unknown,Unknown,Unknown,"Sideswipe, Same Direction","Fog, Smog, Smoke",Unknown,Daylight,Unknown,"Unknown, Unknown",No,Unknown,Unknown,Unknown,Passenger Car,0,2011.0,Toyota,COROLLA,14,Tuesday,3
MCP2740002L,17006239,Montgomery County Police,Property Damage Crash,2017-02-04 22:57:00,Maryland (State),UNIVERSITY BLVD W,CROSSOVER,ANGLE MEETS LEFT TURN,CLEAR,DRY,DARK LIGHTS ON,TRAFFIC SIGNAL,NONE DETECTED,No,No Apparent Injury,NOT DISTRACTED,VA,Passenger Car,40,2015.0,Toyota,COROLLA,22,Saturday,2
DM8378000B,15049192,TAKOMA,Property Damage Crash,2015-09-28 15:46:00,Maryland (State),PINEY BRANCH RD,SLIGO CREEK PKWY,SAME DIR REAR END,CLEAR,DRY,DAYLIGHT,TRAFFIC SIGNAL,NONE DETECTED,Yes,No Apparent Injury,INATTENTIVE OR LOST IN THOUGHT,DC,Passenger Car,30,1997.0,Subaval1997,LEGACY,15,Monday,9
MCP3019004Z,220027111,Montgomery County Police,Property Damage Crash,2022-06-22 18:00:00,Maryland (State),WISCONSIN AVE,CORDELL AVE,SAME DIR REAR END,CLEAR,WET,DAYLIGHT,NO CONTROLS,Unknown,No,No Apparent Injury,NOT DISTRACTED,MD,Passenger Car,25,2011.0,Hyundai,STATION WAGON,18,Wednesday,6
MCP235800BK,230026653,Montgomery County Police,Property Damage Crash,2023-06-03 11:30:00,Maryland (State),MASSACHUSETTS AVE,SANGAMORE RD,SAME DIRECTION RIGHT TURN,CLEAR,DRY,DAYLIGHT,NO CONTROLS,NONE DETECTED,No,No Apparent Injury,NOT DISTRACTED,MD,Passenger Car,35,2017.0,Mercedes Benz,GLE350,11,Saturday,6
MCP25860040,180022839,Montgomery County Police,Property Damage Crash,2018-05-09 15:40:00,US (State),COLUMBIA PIKE,BEGIN BRIDGE,SAME DIR REAR END,CLEAR,DRY,DAYLIGHT,NO CONTROLS,NONE DETECTED,Yes,No Apparent Injury,UNKNOWN,VA,Passenger Car,55,2012.0,Toyota,PRIUS,15,Wednesday,5
MCP27650029,16025123,Montgomery County Police,Property Damage Crash,2016-05-20 16:15:00,County,SEVEN LOCKS RD,CODDLE HARBOR LA,SAME DIR REAR END,CLEAR,DRY,DAYLIGHT,NO CONTROLS,NONE DETECTED,Yes,No Apparent Injury,UNKNOWN,MD,Passenger Car,35,2008.0,Hyun,SONATA,16,Friday,5
MCP2588005R,190022468,Montgomery County Police,Injury Crash,2019-05-13 06:11:00,Maryland (State),GEORGIA AVE,HEATHFIELD RD,STRAIGHT MOVEMENT ANGLE,RAINING,WET,DAYLIGHT,TRAFFIC SIGNAL,NONE DETECTED,Yes,No Apparent Injury,NOT DISTRACTED,NY,Passenger Car,45,2018.0,Toyt,CAMRY,6,Monday,5
MCP2968003B,190045239,Montgomery County Police,Property Damage Crash,2019-09-21 08:35:00,County,GAINSBOROUGH RD,DEBORAH DR,HEAD ON,CLEAR,DRY,DAYLIGHT,NO CONTROLS,Unknown,No,No Apparent Injury,NOT DISTRACTED,MD,Passenger Car,25,2006.0,Toyt,TK,8,Saturday,9
EJ79050011,240036236,GAITHERSBURG,Property Damage Crash,2024-08-01 11:40:00,Unknown,Unknown,Unknown,Rear To Side,Clear,Unknown,Daylight,Unknown,"Not Suspect of Alcohol Use, Not Suspect of Drug Use",No,No Apparent Injury,Unknown,MD,Passenger Car,0,2020.0,Chevrolet,SPARK,11,Thursday,8
MCP2962003G,190002433,Montgomery County Police,Injury Crash,2019-01-16 09:04:00,Maryland (State),FREDERICK RD,STARDRIFT DR,STRAIGHT MOVEMENT ANGLE,CLOUDY,WET,DAYLIGHT,NO CONTROLS,NONE DETECTED,Yes,Possible Injury,LOOKED BUT DID NOT SEE,MD,Passenger Car,35,2009.0,Honda,ACCORD,9,Wednesday,1
MCP23570011,15040137,MONTGOMERY,Injury Crash,2015-08-12 09:49:00,Maryland (State),GEORGIA AVE,16TH ST,SAME DIR REAR END,CLEAR,DRY,DAYLIGHT,TRAFFIC SIGNAL,NONE DETECTED,Yes,Possible Injury,NOT DISTRACTED,MD,Passenger Car,35,2000.0,Toyota,COROLLA,9,Wednesday,8
MCP9113001V,16045708,Montgomery County Police,Property Damage Crash,2016-09-07 07:39:00,Maryland (State),CONNECTICUT AVE,ASPEN HILL RD,STRAIGHT MOVEMENT ANGLE,CLEAR,DRY,DAYLIGHT,NO CONTROLS,NONE DETECTED,No,No Apparent Injury,NOT DISTRACTED,MD,Pickup Truck,45,2015.0,Toyt,TUNDRA,7,Wednesday,9
MCP3026000N,170504943,Montgomery County Police,Property Damage Crash,2017-04-29 14:21:00,Maryland (State),RIVER RD,CARDEROCK SPRINGS DR,STRAIGHT MOVEMENT ANGLE,CLEAR,DRY,DAYLIGHT,STOP SIGN,NONE DETECTED,Yes,No Apparent Injury,LOOKED BUT DID NOT SEE,MD,Passenger Car,40,2015.0,Audi,2D,14,Saturday,4
MCP31900061,240028302,MONTGOMERY,Property Damage Crash,2024-06-14 09:56:00,Maryland (State) Route,OLNEY SANDY SPRING RD,PARKING ENT,Angle,Clear,Dry,Daylight,Traffic Control Signal,"Not Suspect of Alcohol Use, Not Suspect of Drug Use",Yes,No Apparent Injury,Unknown,VA,Passenger Car,30,2017.0,Toyota,CAMRY,9,Friday,6
MCP3374003T,250045528,MONTGOMERY,Property Damage Crash,2025-10-10 07:40:00,Maryland (State) Route,OLD GEORGETOWN RD (SB/L),Unknown,"Sideswipe, Same Direction",Clear,Dry,Daylight,No Controls,"Not Suspect of Alcohol Use, Not Suspect of Drug Use",No,No Apparent Injury,Not Distracted,MD,Passenger Car,35,2023.0,Nissan,ALTIMA,7,Friday,10
MCP30910013,180028760,Montgomery County Police,Property Damage Crash,2018-06-11 07:22:00,County,E GUDE DR,SOUTHLAWN LA,SAME DIR REAR END,RAINING,WET,DAYLIGHT,OTHER,Unknown,No,No Apparent Injury,NOT DISTRACTED,MD,Pickup Truck,40,2007.0,Ford,RANGER,7,Monday,6
MCP3055000K,170534853,Montgomery County Police,Property Damage Crash,2017-10-05 07:50:00,Maryland (State),CONNECTICUT AVE,DEAN RD,STRAIGHT MOVEMENT ANGLE,CLEAR,DRY,DAYLIGHT,STOP SIGN,Unknown,Yes,No Apparent Injury,LOOKED BUT DID NOT SEE,MD,Passenger Car,30,2016.0,Merz,TK,7,Thursday,10
DD5633003G,200011841,Rockville Police Departme,Property Damage Crash,2020-03-10 18:15:00,Municipality,FALLSMEAD WAY,FALLS RD,STRAIGHT MOVEMENT ANGLE,CLEAR,DRY,DAYLIGHT,NO CONTROLS,NONE DETECTED,Yes,No Apparent Injury,NOT DISTRACTED,MD,Passenger Car,35,2019.0,Toyota,COROLLA,18,Tuesday,3
MCP13340093,190058195,Montgomery County Police,Property Damage Crash,2019-12-03 10:22:00,County,MONTGOMERY VILLAGE AVE,GREENSIDE TERR,SAME DIR REAR END,CLEAR,DRY,DAYLIGHT,NO CONTROLS,NONE DETECTED,No,No Apparent Injury,NOT DISTRACTED,MD,Passenger Car,35,2005.0,Nissan,ALTIMA,10,Tuesday,12
EJ78980077,250048735,GAITHERSBURG,Property Damage Crash,2025-10-30 14:15:00,Ramp,RAMP 2 FR IS 370 WB TO IS 270 NB,Unknown,Angle,Clear,Dry,Daylight,No Controls,"Not Suspect of Alcohol Use, Not Suspect of Drug Use",Yes,No Apparent Injury,Not Distracted,MD,Passenger Car,35,2011.0,Honda,CR-V,14,Thursday,10
DM8462000P,190025755,Takoma Park Police Depart,Property Damage Crash,2019-05-30 11:15:00,Municipality,ELM AVE,ETHAN ALLEN AVE,SAME DIR REAR END,CLEAR,DRY,DAYLIGHT,NO CONTROLS,NONE DETECTED,No,No Apparent Injury,NOT DISTRACTED,DC,"Medium/Heavy Trucks 3 Axles (Over 10,000Lbs (4,536Kg))",15,2009.0,Auto,TRASH TK,11,Thursday,5
DM84970028,240042090,TAKOMA,Injury Crash,2024-09-05 11:32:00,Maryland (State) Route,Unknown,CHICAGO AVE,Angle,Clear,Dry,Daylight,Stop Sign,"Not Suspect of Alcohol Use, Not Suspect of Drug Use",Yes,No Apparent Injury,Not Distracted,MD,Passenger Car,25,2017.0,Toyota,CAMRY,11,Thursday,9
MCP9110000Q,16031402,Montgomery County Police,Property Damage Crash,2016-06-21 17:01:00,County,MIDDLEBROOK RD,FATHER HURLEY BLVD,SAME DIR REND RIGHT TURN,CLEAR,WET,DAYLIGHT,TRAFFIC SIGNAL,NONE DETECTED,Yes,No Apparent Injury,NOT DISTRACTED,MD,(Sport) Utility Vehicle,35,2009.0,Chev,SU,17,Tuesday,6
EJ7871007J,240030827,GAITHERSBURG,Property Damage Crash,2024-06-29 22:38:00,Maryland (State) Route,S FREDERICK RD,EDUCATION BLVD (NB/L),Front to Rear,Clear,Dry,Dark - Lighted,Traffic Control Signal,"Suspect of Alcohol Use, Not Suspect of Drug Use",No,No Apparent Injury,Not Distracted,Unknown,Passenger Car,35,2007.0,Nissan,XTERRA,22,Saturday,6
MCP3275000X,210029350,Montgomery County Police,Property Damage Crash,2021-07-29 00:37:00,Maryland (State),NEW HAMPSHIRE AVE,LOCKWOOD DR,SAME DIRECTION SIDESWIPE,Unknown,DRY,DARK LIGHTS ON,TRAFFIC SIGNAL,UNKNOWN,Yes,No Apparent Injury,UNKNOWN,Unknown,Passenger Car,40,2021.0,Dodge,CHALLENGER,0,Thursday,7
MCP2917008D,210040242,Montgomery County Police,Property Damage Crash,2021-10-08 17:07:00,County,BUSHEY DR,ELBY ST,STRAIGHT MOVEMENT ANGLE,CLEAR,DRY,DAYLIGHT,STOP SIGN,NONE DETECTED,No,No Apparent Injury,NOT DISTRACTED,MD,Passenger Car,35,2017.0,Honda,CIVIC,17,Friday,10
MCP2545001K,240031849,MONTGOMERY,Injury Crash,2024-07-06 13:30:00,Maryland (State) Route,CONNECTICUT AVE,BRIGHTVIEW ST,Angle,Clear,Dry,Daylight,Stop Sign,"Not Suspect of Alcohol Use, Not Suspect of Drug Use",No,Possible Injury,Not Distracted,MD,Passenger Car,35,2023.0,Toyota,CAMRY,13,Saturday,7
MCP06850040,180010071,Montgomery County Police,Property Damage Crash,2018-02-27 08:53:00,Maryland (State),DARNESTOWN RD,EDISON PARK DR,SAME DIR REAR END,CLEAR,DRY,DAYLIGHT,NO CONTROLS,NONE DETECTED,No,No Apparent Injury,NOT DISTRACTED,MD,(Sport) Utility Vehicle,40,2017.0,Ford,SUV,8,Tuesday,2
MCP3127000M,180021771,Montgomery County Police,Injury Crash,2018-05-03 17:00:00,Maryland (State),OLD GEORGETOWN RD,BATTERY LA,STRAIGHT MOVEMENT ANGLE,CLEAR,DRY,DAYLIGHT,TRAFFIC SIGNAL,ALCOHOL CONTRIBUTED,Yes,Suspected Minor Injury,UNKNOWN,MD,Passenger Car,35,2016.0,Mercedes,S550,17,Thursday,5
DD56360035,200036651,Rockville Police Departme,Injury Crash,2020-09-18 17:56:00,Maryland (State),ROCKVILLE PIKE,W EDMONSTON DR,SAME DIR REAR END,CLEAR,DRY,DAYLIGHT,TRAFFIC SIGNAL,NONE DETECTED,No,Suspected Minor Injury,NOT DISTRACTED,MD,Transit Bus,25,2009.0,Gillic,BUS,17,Friday,9
MCP003600GV,220052883,Montgomery County Police,Property Damage Crash,2022-11-30 16:46:00,Maryland (State),WOODFIELD RD,ESSEX VIEW DR,SINGLE VEHICLE,CLOUDY,WET,DUSK,NO CONTROLS,NONE DETECTED,Yes,No Apparent Injury,UNKNOWN,MD,Passenger Car,40,2008.0,Honda,PILOT,16,Wednesday,11
MCP1233004C,22000944,Montgomery County Police,Injury Crash,2022-03-04 19:05:00,Maryland (State),UNIVERSITY BLVD W,EAST AVE,ANGLE MEETS LEFT TURN,CLEAR,DRY,DARK NO LIGHTS,TRAFFIC SIGNAL,NONE DETECTED,No,Possible Injury,NOT DISTRACTED,MD,Passenger Car,35,2016.0,Honda,CIVIC,19,Friday,3
MCP27360029,15021799,Montgomery County Police,Property Damage Crash,2015-05-07 17:40:00,Maryland (State),OLD GEORGETOWN RD,GREENTREE RD,SAME DIRECTION SIDESWIPE,Unknown,Unknown,DAYLIGHT,TRAFFIC SIGNAL,NONE DETECTED,Yes,No Apparent Injury,NOT DISTRACTED,MD,Passenger Car,40,2012.0,Mitsubishi,ECLIPSE,17,Thursday,5
MCP2565003W,17015118,Montgomery County Police,Property Damage Crash,2017-03-24 17:24:00,County,PARKLAWN DR,SPUR TO CO 3234,SAME DIR REND LEFT TURN,Unknown,DRY,DAYLIGHT,NO CONTROLS,NONE DETECTED,Yes,No Apparent Injury,NOT DISTRACTED,MD,Passenger Car,35,2011.0,Honda,ACCORD,17,Friday,3
MCP3126004Y,230063452,Montgomery County Police,Property Damage Crash,2023-10-30 17:30:00,Maryland (State),FREDERICK RD,SHAWNEE LA,STRAIGHT MOVEMENT ANGLE,RAINING,WET,DAYLIGHT,NO CONTROLS,NONE DETECTED,No,No Apparent Injury,NOT DISTRACTED,MD,Van,40,2020.0,Ford,TRANSIT CONNECT,17,Monday,10
MCP2749002C,180051935,Montgomery County Police,Injury Crash,2018-10-17 05:44:00,Maryland (State),NEW HAMPSHIRE AVE,SPUR TO MD 198,ANGLE MEETS LEFT TURN,CLEAR,DRY,DAWN,TRAFFIC SIGNAL,Unknown,No,Possible Injury,NOT DISTRACTED,MD,Passenger Car,35,1993.0,Chev,SUBURBAN,5,Wednesday,10
MCP3130005J,220048355,Montgomery County Police,Property Damage Crash,2022-11-03 07:23:00,Maryland (State),GEORGIA AVE,NORBECK RD,SAME DIR REAR END,CLEAR,DRY,DAWN,TRAFFIC SIGNAL,NONE DETECTED,No,No Apparent Injury,NOT DISTRACTED,MD,Passenger Car,45,2020.0,Niss,ROGUE,7,Thursday,11
MCP3284002Q,250043753,MONTGOMERY,Property Damage Crash,2025-09-28 01:46:00,Bicycle Route,Unknown,Unknown,Single Vehicle,Clear,Wet,Dark - Lighted,No Controls,"Unknown, Unknown",Yes,No Apparent Injury,Unknown,MD,Passenger Car,40,2013.0,Nissan,ROGUE,1,Sunday,9
MCP1227001N,220030099,Montgomery County Police,Fatal Crash,2022-07-13 13:50:00,Maryland (State),RIVER RD,STONEY CREEK RD,ANGLE MEETS LEFT HEAD ON,CLEAR,DRY,DAYLIGHT,STOP SIGN,NONE DETECTED,No,Fatal Injury,UNKNOWN,MD,Passenger Car,40,2012.0,Toyota,CAMRY,13,Wednesday,7
MCP9130006V,190009832,Montgomery County Police,Property Damage Crash,2019-03-02 14:15:00,US (State),COLUMBIA PIKE,OAK LEAF DR,STRAIGHT MOVEMENT ANGLE,CLOUDY,DRY,DAYLIGHT,NO CONTROLS,NONE DETECTED,No,No Apparent Injury,NOT DISTRACTED,MD,Passenger Car,45,2013.0,Honda,CIVIC,14,Saturday,3
MCP2052000W,16021931,Montgomery County Police,Injury Crash,2016-05-03 21:32:00,Maryland (State),FREDERICK RD,MONTGOMERY VILLAGE AVE,SAME DIR REAR END,RAINING,WET,DARK LIGHTS ON,TRAFFIC SIGNAL,NONE DETECTED,No,No Apparent Injury,NOT DISTRACTED,VA,Passenger Car,35,2007.0,Scion,2D TC HATCHB,21,Tuesday,5
MCP1438005D,170546505,Montgomery County Police,Injury Crash,2017-12-04 11:40:00,County,SAM EIG HWY,FIELDS RD,SINGLE VEHICLE,CLEAR,DRY,DAYLIGHT,TRAFFIC SIGNAL,NONE DETECTED,Yes,Possible Injury,NOT DISTRACTED,DE,Passenger Car,45,2018.0,Chev,TK,11,Monday,12
MCP2046005G,16021584,Montgomery County Police,Property Damage Crash,2016-05-02 10:27:00,County,TECH RD,BROADBIRCH DR,STRAIGHT MOVEMENT ANGLE,CLOUDY,WET,DAYLIGHT,STOP SIGN,NONE DETECTED,No,No Apparent Injury,NOT DISTRACTED,MD,Passenger Car,35,2005.0,Niss,ALTIMA,10,Monday,5
EJ7895004Y,230072028,Gaithersburg Police Depar,Property Damage Crash,2023-12-16 09:00:00,Maryland (State),MONTGOMERY VILLAGE AVE,RUSSELL AVE,STRAIGHT MOVEMENT ANGLE,CLEAR,DRY,DAYLIGHT,NO CONTROLS,NONE DETECTED,No,No Apparent Injury,NOT DISTRACTED,MD,Passenger Car,35,2013.0,Hyundai,SONATA,9,Saturday,12
MCP2848006K,180016262,Montgomery County Police,Injury Crash,2018-04-04 10:35:00,Maryland (State),OLD GEORGETOWN RD,EXECUTIVE BLVD,SAME DIRECTION LEFT TURN,CLEAR,WET,DAYLIGHT,TRAFFIC SIGNAL,NONE DETECTED,No,Possible Injury,NOT DISTRACTED,MD,Passenger Car,40,2012.0,Volvo,S60,10,Wednesday,4
DM8421000W,17014382,Takoma Park Police Depart,Injury Crash,2017-03-21 09:17:00,Maryland (State),ETHAN ALLEN AVE,WOODLAND AVE,SAME DIR REAR END,CLOUDY,DRY,DAYLIGHT,NO CONTROLS,NONE DETECTED,Yes,No Apparent Injury,NOT DISTRACTED,DC,Other,25,2008.0,Jeep,LIBERTY,9,Tuesday,3
MCP3160001Y,190042406,Montgomery County Police,Property Damage Crash,2019-09-04 17:20:00,Maryland (State),BRADLEY BLVD,SEVEN LOCKS RD,SAME DIRECTION SIDESWIPE,CLEAR,DRY,DAYLIGHT,NO CONTROLS,NONE DETECTED,No,No Apparent Injury,NOT DISTRACTED,MD,Police Vehicle/Emergency,30,2012.0,Bmw,TK,17,Wednesday,9
MCP27660072,220050728,Montgomery County Police,Injury Crash,2022-11-16 18:55:00,Maryland (State),GEORGIA AVE,GLENALLAN AVE,SAME DIR REAR END,Unknown,DRY,DARK LIGHTS ON,NO CONTROLS,UNKNOWN,Yes,No Apparent Injury,UNKNOWN,Unknown,(Sport) Utility Vehicle,35,2006.0,Lincoln,NAVIGATOR,18,Wednesday,11
MCP3209003M,220050030,Montgomery County Police,Property Damage Crash,2022-11-12 16:11:00,US (State),COLESVILLE RD,FENTON ST,SAME DIRECTION LEFT TURN,CLEAR,DRY,DAYLIGHT,Unknown,NONE DETECTED,No,No Apparent Injury,NOT DISTRACTED,DC,Passenger Car,35,2009.0,Toyota,COROLLA,16,Saturday,11
MCP2703000T,16030913,Montgomery County Police,Property Damage Crash,2016-06-18 19:14:00,County,CHERRY HILL RD,PRINCE GEORGES CO/L,SAME DIR REAR END,CLEAR,DRY,DAYLIGHT,NO CONTROLS,Unknown,Yes,No Apparent Injury,NOT DISTRACTED,MD,Passenger Car,40,2002.0,Toyt,2S,19,Saturday,6