Report Number,Local Case Number,Agency Name,ACRS Report Type,Crash Date/Time,Route Type,Road Name,Cross-Street Name,Collision Type,Weather,Surface Condition,Light,Traffic Control,Driver Substance Abuse,Driver At Fault,Injury Severity,Driver Distracted By,Drivers License State,Vehicle Body Type,Speed Limit,Vehicle Year,Vehicle Make,Vehicle Model,Crash Hour,Crash Day,Crash Month
MCP27560044,220008687,Montgomery County Police,Injury Crash,2022-02-28 16:56:00,County,VEIRS MILL RD,MONTERREY DR,SAME DIR REAR END,Unknown,DRY,DAYLIGHT,NO CONTROLS,NONE DETECTED,Yes,Possible Injury,LOOKED BUT DID NOT SEE,MD,Passenger Car,35,2019.0,Toyota,COROLLA,16,Monday,2
MCP2446002X,170513882,Montgomery County Police,Property Damage Crash,2017-06-15 17:03:00,Maryland (State),LAYTONSVILLE RD,WARFIELD RD,SAME DIR REAR END,CLEAR,DRY,DAYLIGHT,NO CONTROLS,NONE DETECTED,No,No Apparent Injury,NOT DISTRACTED,MD,(Sport) Utility Vehicle,35,2014.0,Ford,ESCAPE,17,Thursday,6
MCP2776003Z,220042732,Montgomery County Police,Injury Crash,2022-09-30 19:04:00,Maryland (State),GEORGIA AVE,DAMASCUS RD,SAME DIR REAR END,Unknown,WET,DARK LIGHTS ON,TRAFFIC SIGNAL,NONE DETECTED,No,Possible Injury,NOT DISTRACTED,MD,Passenger Car,30,2004.0,Ford,RANGER,19,Friday,9
MCP3193002K,210033643,Montgomery County Police,Property Damage Crash,2021-08-28 18:20:00,County,EPPING CT,DENLEY RD,SAME DIRECTION SIDESWIPE,CLEAR,DRY,DAYLIGHT,NO CONTROLS,Unknown,No,No Apparent Injury,NOT DISTRACTED,MD,Passenger Car,25,2015.0,Honda,UT,18,Saturday,8
MCP3246001H,220023875,Montgomery County Police,Property Damage Crash,2022-06-03 21:59:00,County,NORWOOD RD,HOLLY GROVE RD,SINGLE VEHICLE,CLEAR,DRY,DARK LIGHTS ON,Unknown,UNKNOWN,Yes,No Apparent Injury,UNKNOWN,Unknown,Passenger Car,40,2009.0,Chevy,TRAILBLAZER,21,Friday,6
MCP2855001K,170519120,Montgomery County Police,Injury Crash,2017-07-14 16:40:00,County,RANDOLPH RD,HAWKESBURY LA,HEAD ON,RAINING,WET,OTHER,TRAFFIC SIGNAL,NONE DETECTED,No,No Apparent Injury,LOOKED BUT DID NOT SEE,MD,Passenger Car,45,1998.0,Honda,ACCORD,16,Friday,7
MCP1020001R,16048686,Montgomery County Police,Injury Crash,2016-09-22 08:58:00,Maryland (State),CLOPPER RD,WARING STATION RD,SAME DIR REAR END,CLEAR,DRY,DAYLIGHT,Unknown,NONE DETECTED,No,No Apparent Injury,NOT DISTRACTED,MD,Passenger Car,40,1998.0,Ford,CONTOUR,8,Thursday,9
MCP22700027,230057477,Montgomery County Police,Property Damage Crash,2023-09-29 12:45:00,Unknown,Unknown,Unknown,SAME DIR REAR END,CLEAR,Unknown,DAYLIGHT,NO CONTROLS,NONE DETECTED,Yes,No Apparent Injury,INATTENTIVE OR LOST IN THOUGHT,MD,Passenger Car,10,2019.0,Mazd,TK,12,Friday,9
MCP2671001D,16047410,Montgomery County Police,Property Damage Crash,2016-09-15 18:38:00,Maryland (State),COLESVILLE RD,EAST WEST HWY,SAME DIR BOTH LEFT TURN,CLEAR,DRY,DAYLIGHT,TRAFFIC SIGNAL,NONE DETECTED,No,No Apparent Injury,NOT DISTRACTED,MD,Passenger Car,35,2003.0,Saturn,ION,18,Thursday,9
MCP3227003T,220036441,Montgomery County Police,Property Damage Crash,2022-08-23 17:00:00,Maryland (State),PINEY BRANCH RD,ENT TO BUSINESS,HEAD ON LEFT TURN,CLEAR,DRY,DAYLIGHT,NO CONTROLS,NONE DETECTED,No,No Apparent Injury,NOT DISTRACTED,MD,Passenger Car,35,2014.0,Jeep,WRANGLER,17,Tuesday,8
MCP3161000B,180041375,Montgomery County Police,Property Damage Crash,2018-08-18 16:15:00,Unknown,Unknown,Unknown,UNKNOWN,CLEAR,Unknown,DAYLIGHT,Unknown,UNKNOWN,Yes,No Apparent Injury,UNKNOWN,Unknown,Passenger Car,15,2009.0,Honda,4S,16,Saturday,8
MCP27270018,17005063,Montgomery County Police,Property Damage Crash,2017-01-29 13:23:00,Other Public Roadway,TURTLE ROCK TERR,HORSESHOE BEND CIR,STRAIGHT MOVEMENT ANGLE,UNKNOWN,Unknown,DARK LIGHTS ON,NO CONTROLS,UNKNOWN,Yes,No Apparent Injury,UNKNOWN,MD,(Sport) Utility Vehicle,30,1999.0,Jeep,CHEROKEE,13,Sunday,1
MCP32320015,200024833,Montgomery County Police,Property Damage Crash,2020-06-25 16:00:00,County,SHOREFIELD RD,GEORGIA AVE,SAME DIR REAR END,CLEAR,DRY,DAYLIGHT,NO CONTROLS,NONE DETECTED,No,No Apparent Injury,NOT DISTRACTED,MD,Passenger Car,35,2010.0,Mercedes,C300,16,Thursday,6
MCP2878001X,16040970,Montgomery County Police,Injury Crash,2016-08-12 18:30:00,Maryland (State),FREDERICK RD,GERMANTOWN RD,SAME DIR REAR END,RAINING,WET,DAYLIGHT,YIELD SIGN,NONE DETECTED,Yes,No Apparent Injury,UNKNOWN,MD,Passenger Car,40,1996.0,Toyt,CAMRY,18,Friday,8
MCP27670011,15034628,MONTGOMERY,Property Damage Crash,2015-07-14 18:46:00,Maryland (State),VEIRS MILL RD,GALT AVE,SAME DIR REAR END,CLEAR,DRY,DAYLIGHT,NO CONTROLS,NONE DETECTED,No,No Apparent Injury,NOT DISTRACTED,MD,Passenger Car,40,2010.0,Toyt,2S,18,Tuesday,7
MCP9432001Z,190002186,Montgomery County Police,Injury Crash,2019-01-14 19:19:00,Unknown,CABIN BRANCH AVE,WELLSPRING AV,SAME DIR REAR END,CLEAR,ICE,DARK LIGHTS ON,STOP SIGN,NONE DETECTED,No,Possible Injury,NOT DISTRACTED,MD,Passenger Car,30,2010.0,Infiniti,2S,19,Monday,1
MCP2814004P,240051631,MONTGOMERY,Property Damage Crash,2024-10-28 12:21:00,Unknown,Unknown,Unknown,"Sideswipe, Same Direction",Clear,Unknown,Daylight,Unknown,"Not Suspect of Alcohol Use, Not Suspect of Drug Use",Yes,No Apparent Injury,Not Distracted,MD,Single-Unit Truck,0,2018.0,Kenworth,T4 SERIES,12,Monday,10
EJ78760068,230056160,Gaithersburg Police Depar,Property Damage Crash,2023-09-21 17:35:00,Maryland (State),S FREDERICK RD,W DEER PARK RD,SINGLE VEHICLE,CLEAR,DRY,DAYLIGHT,Unknown,NONE DETECTED,Yes,No Apparent Injury,NOT DISTRACTED,MD,Passenger Car,35,2016.0,Honda,CR-V,17,Thursday,9
MCP2370001Y,15039034,MONTGOMERY,Property Damage Crash,2015-08-06 09:47:00,Maryland (State),SPENCERVILLE RD,PEACH ORCHARD RD,STRAIGHT MOVEMENT ANGLE,CLEAR,DRY,DAYLIGHT,TRAFFIC SIGNAL,NONE DETECTED,No,No Apparent Injury,NOT DISTRACTED,MD,(Sport) Utility Vehicle,40,2004.0,Hond,TK,9,Thursday,8
MCP2759001D,190031531,Montgomery County Police,Property Damage Crash,2019-07-02 14:45:00,Maryland (State),NEW HAMPSHIRE AVE,RANDOLPH RD,SAME DIR BOTH LEFT TURN,CLEAR,Unknown,DAYLIGHT,TRAFFIC SIGNAL,Unknown,No,No Apparent Injury,NOT DISTRACTED,MD,Passenger Car,40,2009.0,Honda,CRV,14,Tuesday,7
HA23050003,17000288,Maryland-National Capital,Property Damage Crash,2017-03-15 15:48:00,Unknown,Unknown,Unknown,SINGLE VEHICLE,SEVERE WINDS,Unknown,DAYLIGHT,Unknown,NONE DETECTED,Yes,No Apparent Injury,NOT DISTRACTED,MD,School Bus,5,2008.0,Thom,BU,15,Wednesday,3
DD5607005F,240020944,ROCKVILLE,Property Damage Crash,2024-05-04 13:30:00,Maryland (State) Route,VEIRS MILL RD (WB/L),ROCKVILLE PIKE,Angle,Rain,Wet,Daylight,Traffic Control Signal,"Not Suspect of Alcohol Use, Not Suspect of Drug Use",No,No Apparent Injury,Unknown,DE,Passenger Car,35,2016.0,Toyota,PRIUS,13,Saturday,5
MCP20160046,190019169,Montgomery County Police,Property Damage Crash,2019-04-24 10:14:00,County,SOUTHLAWN LA,SOUTHLAWN CT,SAME DIR REAR END,CLEAR,DRY,DAYLIGHT,Unknown,NONE DETECTED,No,No Apparent Injury,NOT DISTRACTED,MD,Passenger Car,25,2004.0,Gmc,TK,10,Wednesday,4
MCP2347000M,16047364,Montgomery County Police,Injury Crash,2016-09-15 14:03:00,County,BROADBIRCH DR,CHERRY HILL RD,HEAD ON LEFT TURN,CLEAR,DRY,DAYLIGHT,NO CONTROLS,NONE DETECTED,No,No Apparent Injury,NOT DISTRACTED,MD,Passenger Car,0,2014.0,Chevy,CAMARO,14,Thursday,9
MCP2466005G,240052543,MONTGOMERY,Property Damage Crash,2024-11-01 19:25:00,Maryland (State) Route,DARNESTOWN RD (WB/L),MUDDY BRANCH RD (SB/L),Angle,Clear,Dry,Dark - Lighted,Traffic Control Signal,"Not Suspect of Alcohol Use, Not Suspect of Drug Use",Yes,No Apparent Injury,Unknown,Unknown,Passenger Car,40,2010.0,Nissan,VERSA,19,Friday,11
MCP2752005R,230052025,Montgomery County Police,Injury Crash,2023-08-29 15:30:00,County,FALLS BRIDGE LA,HALL RD,SINGLE VEHICLE,CLOUDY,DRY,DAYLIGHT,NO CONTROLS,NONE DETECTED,Yes,No Apparent Injury,LOOKED BUT DID NOT SEE,MD,(Sport) Utility Vehicle,25,2006.0,Lexus,GX470,15,Tuesday,8
MCP3353001B,230034176,Montgomery County Police,Injury Crash,2023-07-18 11:13:00,County,DARNESTOWN RD,GREAT SENECA HWY,SAME DIR REAR END,CLEAR,DRY,DAYLIGHT,TRAFFIC SIGNAL,Unknown,Yes,No Apparent Injury,OTHER DISTRACTION,MD,Passenger Car,35,2023.0,Gens,SD,11,Tuesday,7
MCP2800006Z,250041824,MONTGOMERY,Property Damage Crash,2025-09-11 08:00:00,County Route,JONES MILL RD,BEACH DR EAST WEST HWY,Front to Rear,Clear,Dry,Daylight,Traffic Control Signal,"Not Suspect of Alcohol Use, Not Suspect of Drug Use",Yes,No Apparent Injury,Unknown,MD,Passenger Car,30,2011.0,Honda,ACCORD,8,Thursday,9
MCP3211002F,220015518,Montgomery County Police,Property Damage Crash,2022-04-12 13:36:00,Maryland (State),ROCKVILLE PIKE,SECURITY LA,SAME DIR REAR END,CLEAR,DRY,DAYLIGHT,TRAFFIC SIGNAL,NONE DETECTED,Yes,No Apparent Injury,NOT DISTRACTED,MD,Van,40,2019.0,Dodge,PROMASTER,13,Tuesday,4
MCP287100D5,250048307,MONTGOMERY,Property Damage Crash,2025-10-27 19:22:00,Maryland (State) Route,EAST WEST HWY,Unknown,Front to Rear,Clear,Dry,Dark - Lighted,No Controls,"Not Suspect of Alcohol Use, Not Suspect of Drug Use",No,No Apparent Injury,Not Distracted,MD,Sport Utility Vehicle,35,2023.0,Toyota,HIGHLANDER,19,Monday,10
MCP2072000W,16013573,MONTGOMERY,Injury Crash,2016-03-19 14:41:00,Unknown,Unknown,Unknown,OPPOSITE DIR BOTH LEFT TURN,SNOW,Unknown,DAYLIGHT,STOP SIGN,NONE DETECTED,Yes,No Apparent Injury,NOT DISTRACTED,MD,Passenger Car,15,2004.0,Volv,4S,14,Saturday,3
MCP3064001M,180042789,Montgomery County Police,Property Damage Crash,2018-08-28 08:50:00,County,ARCOLA AVE,CHANNING DR,SAME DIR REAR END,CLEAR,DRY,DAYLIGHT,Unknown,NONE DETECTED,No,No Apparent Injury,NOT DISTRACTED,MD,Passenger Car,35,2010.0,Toyt,4S,8,Tuesday,8
MCP3030007Q,250014569,MONTGOMERY,Injury Crash,2025-04-03 18:06:00,Maryland (State) Route,FALLS RD,Unknown,Single Vehicle,Clear,Dry,Daylight,No Controls,"Not Suspect of Alcohol Use, Not Suspect of Drug Use",Yes,Possible Injury,"Other Action (looking away from task, etc.)",MD,Passenger Car,35,2022.0,Genesis,GV70,18,Thursday,4
MCP26350029,15030878,Montgomery County Police,Property Damage Crash,2015-06-24 18:59:00,Unknown,Unknown,Unknown,OTHER,CLEAR,Unknown,DAYLIGHT,NO CONTROLS,Unknown,Yes,No Apparent Injury,UNKNOWN,MD,Other,5,2010.0,Honda,ODYSSEY,18,Wednesday,6
MCP2877003W,170519542,Montgomery County Police,Property Damage Crash,2017-07-17 12:40:00,US (State),COLESVILLE RD,BREWSTER AVE,SAME DIR REAR END,RAINING,WET,DAYLIGHT,NO CONTROLS,NONE DETECTED,Yes,No Apparent Injury,NOT DISTRACTED,MD,Passenger Car,40,2006.0,Toyota,SOLARA,12,Monday,7
MCP229800HJ,180007390,Montgomery County Police,Property Damage Crash,2018-02-12 17:09:00,County,CENTURY BLVD,MIDDLEBROOK RD,SAME DIRECTION RIGHT TURN,CLEAR,DRY,DAYLIGHT,TRAFFIC SIGNAL,NONE DETECTED,Unknown,No Apparent Injury,LOOKED BUT DID NOT SEE,MD,Passenger Car,25,2016.0,Toyota,CAMRY,17,Monday,2
DM8437002H,230065989,Takoma Park Police Depart,Property Damage Crash,2023-11-13 01:44:00,Unknown,Unknown,Unknown,STRAIGHT MOVEMENT ANGLE,CLEAR,Unknown,DARK LIGHTS ON,Unknown,ALCOHOL PRESENT,Yes,No Apparent Injury,UNKNOWN,XX,Passenger Car,5,2015.0,Kia,PV,1,Monday,11
MCP2399008W,240036766,MONTGOMERY,Property Damage Crash,2024-08-04 16:32:00,County Route,EAST VILLAGE AVE (WB/L),Unknown,Single Vehicle,Clear,Wet,Daylight,No Controls,"Not Suspect of Alcohol Use, Not Suspect of Drug Use",No,No Apparent Injury,Unknown,MD,Passenger Car,30,2007.0,Toyota,CAMRY,16,Sunday,8
DD5605005V,180053962,Rockville Police Departme,Injury Crash,2018-10-28 07:00:00,Municipality,MARYLAND AVE,E JEFFERSON ST,STRAIGHT MOVEMENT ANGLE,RAINING,WET,DARK LIGHTS ON,TRAFFIC SIGNAL,NONE DETECTED,Yes,Possible Injury,UNKNOWN,MD,Passenger Car,30,2006.0,Niss,SENTRA,7,Sunday,10
MCP2466004J,230054307,Montgomery County Police,Injury Crash,2023-09-11 19:07:00,County,TRAVILAH RD,BRIARBUSH LA,OPPOSITE DIRECTION SIDESWIPE,CLEAR,DRY,DAYLIGHT,NO CONTROLS,NONE DETECTED,No,Possible Injury,NOT DISTRACTED,MD,Van,40,2017.0,Merz,SPRINTER VN,19,Monday,9
MCP2830002W,170501089,Montgomery County Police,Property Damage Crash,2017-04-08 13:44:00,Maryland (State),NEW HAMPSHIRE AVE,HAWLINGS RD,STRAIGHT MOVEMENT ANGLE,CLEAR,DRY,DAYLIGHT,Unknown,NONE DETECTED,Yes,No Apparent Injury,INATTENTIVE OR LOST IN THOUGHT,MD,Passenger Car,40,2011.0,Ford,4S,13,Saturday,4
EJ7906002Z,250045770,GAITHERSBURG,Injury Crash,2025-10-11 19:18:00,Municipality Route,Unknown,Unknown,"Sideswipe, Same Direction",Clear,Dry,Dark - Not Lighted,No Controls,"Not Suspect of Alcohol Use, Not Suspect of Drug Use",No,No Apparent Injury,Unknown,PA,Passenger Car,30,2021.0,Hyundai,SANTA FE,19,Saturday,10
MCP33170034,240062200,MONTGOMERY,Property Damage Crash,2024-12-30 15:50:00,Unknown,Unknown,Unknown,Front to Rear,Clear,Unknown,Daylight,Unknown,"Not Suspect of Alcohol Use, Not Suspect of Drug Use",No,No Apparent Injury,Not Distracted,MD,Passenger Car,0,2017.0,Lexus,ES,15,Monday,12
MCP2846006Z,210029862,Montgomery County Police,Property Damage Crash,2021-08-01 18:15:00,Unknown,Unknown,Unknown,OTHER,CLEAR,Unknown,DAYLIGHT,NO CONTROLS,NONE DETECTED,No,No Apparent Injury,NOT DISTRACTED,MD,Passenger Car,5,2012.0,Toyt,HIGHLANDER,18,Sunday,8
EJ7818001Y,22004891,Gaithersburg Police Depar,Property Damage Crash,2022-11-06 04:15:00,County,SHADY GROVE RD,MEDICAL CENTER WAY,STRAIGHT MOVEMENT ANGLE,RAINING,WET,DARK LIGHTS ON,TRAFFIC SIGNAL,NONE DETECTED,No,No Apparent Injury,NOT DISTRACTED,MD,Passenger Car,40,2022.0,Toyt,UT,4,Sunday,11
MCP32990057,250049405,MONTGOMERY,Property Damage Crash,2025-11-04 06:00:00,County Route,HEATHFIELD RD,Unknown,Front to Rear,Clear,Dry,Daylight,No Controls,"Unknown, Unknown",No,Unknown,Unknown,Unknown,Passenger Car,25,2012.0,Ford,F-150,6,Tuesday,11
MCP27120019,16042608,Montgomery County Police,Property Damage Crash,2016-08-22 12:30:00,Unknown,Unknown,Unknown,OTHER,CLEAR,Unknown,DAYLIGHT,Unknown,NONE DETECTED,No,No Apparent Injury,NOT DISTRACTED,NJ,Passenger Car,20,2016.0,Nissan,MURANO,12,Monday,8
DD5625004L,200047846,Rockville Police Departme,Injury Crash,2020-12-04 17:50:00,Maryland (State),ROCKVILLE PIKE,CROSSOVER,STRAIGHT MOVEMENT ANGLE,CLEAR,WET,DARK LIGHTS ON,NO CONTROLS,NONE DETECTED,No,No Apparent Injury,NOT DISTRACTED,MD,Passenger Car,40,2003.0,Hond,VN,17,Friday,12
MCP3121001Y,190023147,Montgomery County Police,Property Damage Crash,2019-05-16 16:43:00,County,CESSNA AVE,QUEENAIR DR,OTHER,CLEAR,DRY,DAYLIGHT,NO CONTROLS,NONE DETECTED,Yes,No Apparent Injury,UNKNOWN,MD,School Bus,25,2005.0,Thomas,BUS,16,Thursday,5
MCP15800081,170547879,Montgomery County Police,Property Damage Crash,2017-12-11 12:33:00,Maryland (State),MUNCASTER MILL RD,BOWIE MILL RD,SAME DIR REAR END,CLEAR,DRY,DAYLIGHT,TRAFFIC SIGNAL,NONE DETECTED,Yes,No Apparent Injury,UNKNOWN,MD,(Sport) Utility Vehicle,40,2004.0,Rover,FREELANDER V6,12,Monday,12
MCP32450026,220008879,Montgomery County Police,Property Damage Crash,2022-03-01 15:56:00,Other Public Roadway,PEPPERWOOD LA,TOPFIELD DR,SINGLE VEHICLE,CLEAR,DRY,DAYLIGHT,STOP SIGN,NONE DETECTED,Yes,No Apparent Injury,NOT DISTRACTED,MD,School Bus,25,2014.0,Thom,BU,15,Tuesday,3
MCP27280073,200016692,Montgomery County Police,Property Damage Crash,2020-04-21 16:15:00,Ramp,RAMP 7 FR RAMP 2 (FR IS 495) TO MD 97 SB,RAMP 2 FR IS 495 WB TO MD 97 NB,SAME DIR REAR END,CLEAR,Unknown,DAYLIGHT,NO CONTROLS,NONE DETECTED,No,No Apparent Injury,NOT DISTRACTED,MD,Passenger Car,25,2019.0,Toyota,COROLLA,16,Tuesday,4
MCP2102002N,210013123,Montgomery County Police,Injury Crash,2021-04-08 13:19:00,Maryland (State),RIDGE RD,BETHESDA CHURCH RD,SAME DIR REAR END,CLEAR,DRY,DAYLIGHT,TRAFFIC SIGNAL,NONE DETECTED,Yes,No Apparent Injury,NOT DISTRACTED,MD,Passenger Car,30,2012.0,Niss,ALTIMA SD,13,Thursday,4
MCP2445003T,220019287,Montgomery County Police,Injury Crash,2022-05-06 13:28:00,County,SENECA CROSSING DR,HENDERSON CORNER RD,STRAIGHT MOVEMENT ANGLE,RAINING,WET,DAYLIGHT,FLASHING TRAFFIC SIGNAL,NONE DETECTED,Yes,Possible Injury,UNKNOWN,MD,Passenger Car,35,2005.0,Chrysler,TOWN AND COUNTRY,13,Friday,5
DD5620003X,190016311,Rockville Police Departme,Property Damage Crash,2019-04-08 13:35:00,Maryland (State),W MONTGOMERY AVE,EXIT #6,SAME DIR REAR END,CLEAR,DRY,DAYLIGHT,TRAFFIC SIGNAL,NONE DETECTED,No,No Apparent Injury,NOT DISTRACTED,MD,Passenger Car,40,2010.0,Landrover,TK,13,Monday,4
EJ7888007M,250006381,GAITHERSBURG,Property Damage Crash,2025-02-12 18:05:00,Maryland (State) Route,QUINCE ORCHARD RD (SB/L),BANK ST,Other,Rain,Wet,Dark - Lighted,Traffic Control Signal,"Not Suspect of Alcohol Use, Not Suspect of Drug Use",No,No Apparent Injury,Not Distracted,MD,Passenger Car,30,2017.0,Toyota,CAMRY,18,Wednesday,2
MCP3053005L,220048239,Montgomery County Police,Injury Crash,2022-11-02 15:27:00,Maryland (State),VEIRS MILL RD,NEWPORT MILL RD,STRAIGHT MOVEMENT ANGLE,Unknown,DRY,DAYLIGHT,TRAFFIC SIGNAL,Unknown,No,No Apparent Injury,NOT DISTRACTED,MD,Passenger Car,30,2008.0,Honda,ACCORD,15,Wednesday,11
MCP271700S6,200033373,Montgomery County Police,Property Damage Crash,2020-08-26 16:15:00,Maryland (State),ROCKVILLE PIKE,BELLEVUE DR,SAME DIR REAR END,CLEAR,DRY,DAYLIGHT,TRAFFIC SIGNAL,NONE DETECTED,No,No Apparent Injury,NOT DISTRACTED,MD,Passenger Car,35,2012.0,Toyota,PRIUS,16,Wednesday,8
MCP33560024,240041461,MONTGOMERY,Injury Crash,2024-09-01 20:32:00,County Route,AIRCRAFT DR,Unknown,Angle,Clear,Dry,Dark - Lighted,Traffic Control Signal,"Not Suspect of Alcohol Use, Not Suspect of Drug Use",No,No Apparent Injury,Unknown,MD,Passenger Car,45,2014.0,Ford,ESCAPE,20,Sunday,9
MCP14170039,15027857,Montgomery County Police,Injury Crash,2015-06-09 08:18:00,Maryland (State),W DIAMOND AVE,MEEM AVE,STRAIGHT MOVEMENT ANGLE,CLEAR,WET,DAYLIGHT,STOP SIGN,NONE DETECTED,Yes,No Apparent Injury,UNKNOWN,MD,Passenger Car,35,2009.0,Toyota,MATRIX,8,Tuesday,6
EJ7866004G,180044311,Gaithersburg Police Depar,Property Damage Crash,2018-09-05 13:05:00,Unknown,Unknown,Unknown,OTHER,CLEAR,Unknown,DAYLIGHT,Unknown,NONE DETECTED,No,No Apparent Injury,NOT DISTRACTED,MD,Van,5,2017.0,Toyt,SIENNA,13,Wednesday,9
MCP28750075,230018537,Montgomery County Police,Property Damage Crash,2023-04-18 17:19:00,County,SCENERY DR,GERMANTOWN RD,STRAIGHT MOVEMENT ANGLE,CLEAR,DRY,DAYLIGHT,TRAFFIC SIGNAL,UNKNOWN,Yes,No Apparent Injury,UNKNOWN,MD,Passenger Car,35,2021.0,Jeep,CHEROKEE,17,Tuesday,4
MCP30530029,180031832,Montgomery County Police,Injury Crash,2018-06-28 11:15:00,County,RANDOLPH RD,BUSHEY DR,HEAD ON LEFT TURN,CLEAR,DRY,DAYLIGHT,NO CONTROLS,Unknown,Yes,No Apparent Injury,LOOKED BUT DID NOT SEE,MD,Passenger Car,35,2001.0,Chevy,CAVALIER,11,Thursday,6
MCP3262004T,240045770,MONTGOMERY,Property Damage Crash,2024-09-25 15:00:00,Maryland (State) Route,OLD COLUMBIA PIKE,Unknown,Front to Rear,Rain,Wet,Daylight,Traffic Control Signal,"Not Suspect of Alcohol Use, Not Suspect of Drug Use",Yes,No Apparent Injury,Unknown,XX,Passenger Car,35,2004.0,Chevrolet,TAHOE,15,Wednesday,9
MCP3086000X,170548693,Montgomery County Police,Injury Crash,2017-12-15 06:40:00,County,MONTGOMERY VILLAGE AVE,DUFFER WAY,SAME DIR REAR END,CLEAR,DRY,DAWN,STOP SIGN,NONE DETECTED,Yes,No Apparent Injury,LOOKED BUT DID NOT SEE,MD,Passenger Car,35,2012.0,Honda,CIVIC,6,Friday,12
MCP14390002,15064956,MONTGOMERY,Property Damage Crash,2015-12-19 16:03:00,County,JONES BRIDGE RD,CONNECTICUT AVE,SAME DIR REAR END,CLEAR,DRY,DAYLIGHT,TRAFFIC SIGNAL,NONE DETECTED,No,No Apparent Injury,NOT DISTRACTED,VA,Passenger Car,35,2009.0,Chevy,COBALT,16,Saturday,12
MCP29050019,15040830,MONTGOMERY,Injury Crash,2015-08-15 20:08:00,Maryland (State),WISCONSIN AVE,NORWOOD DR,SAME DIR REND LEFT TURN,CLEAR,DRY,DUSK,NO CONTROLS,NONE DETECTED,No,Possible Injury,NOT DISTRACTED,VA,Passenger Car,35,2012.0,Nissan,ALTIMA,20,Saturday,8
MCP32540044,240025214,MONTGOMERY,Injury Crash,2024-05-28 13:04:00,County Route,WATERS LANDING DR,CRYSTAL ROCK DR (SB/L),Other,Clear,Dry,Daylight,Stop Sign,"Not Suspect of Alcohol Use, Not Suspect of Drug Use",Yes,Suspected Minor Injury,Not Distracted,MD,Passenger Car,25,2013.0,Honda,ACCORD,13,Tuesday,5
MCP3226000V,200036812,Montgomery County Police,Property Damage Crash,2020-09-19 20:33:00,County,BONIFANT RD,NOTLEY RD,SAME DIR REAR END,CLEAR,DRY,DARK LIGHTS ON,TRAFFIC SIGNAL,NONE DETECTED,No,No Apparent Injury,NOT DISTRACTED,MD,Passenger Car,35,2015.0,Volks Wagon,4D,20,Saturday,9
MCP2892009J,210023035,Montgomery County Police,Injury Crash,2021-06-16 14:57:00,Maryland (State),UNIVERSITY BLVD E,INDIAN SPRING DR,STRAIGHT MOVEMENT ANGLE,CLEAR,DRY,DAYLIGHT,NO CONTROLS,NONE DETECTED,Yes,No Apparent Injury,LOOKED BUT DID NOT SEE,MD,Passenger Car,35,2019.0,Volk,UT,14,Wednesday,6
MCP2274000P,16021096,Montgomery County Police,Injury Crash,2016-04-29 11:14:00,Maryland (State),QUINCE ORCHARD RD,SPUR TO MD 117,SAME DIR REAR END,CLOUDY,WET,DAYLIGHT,YIELD SIGN,NONE DETECTED,No,Suspected Minor Injury,NOT DISTRACTED,MD,Passenger Car,40,2014.0,Toyota,SCION,11,Friday,4
MCP1475001W,180031229,Montgomery County Police,Property Damage Crash,2018-06-25 07:29:00,County,CENTERWAY RD,HARKNESS LA,SAME DIRECTION LEFT TURN,CLEAR,DRY,DAYLIGHT,Unknown,Unknown,No,No Apparent Injury,NOT DISTRACTED,MD,Passenger Car,35,2009.0,Toyota,CAMRY,7,Monday,6
MCP2290001F,180032443,Montgomery County Police,Injury Crash,2018-07-01 13:08:00,Maryland (State),FREDERICK RD,REDLAND BLVD,STRAIGHT MOVEMENT ANGLE,CLEAR,DRY,DAYLIGHT,TRAFFIC SIGNAL,NONE DETECTED,Yes,Possible Injury,UNKNOWN,MD,Passenger Car,40,2013.0,Toyota,RAV4,13,Sunday,7
MCP2848006C,180011343,Montgomery County Police,Property Damage Crash,2018-03-06 10:09:00,Maryland (State),WISCONSIN AVE,CHELTENHAM DR,HEAD ON LEFT TURN,CLOUDY,DRY,DAYLIGHT,TRAFFIC SIGNAL,NONE DETECTED,Yes,No Apparent Injury,NOT DISTRACTED,MD,Passenger Car,25,2010.0,Chevrolet,MALIBU,10,Tuesday,3
MCP2761004H,230049384,Montgomery County Police,Property Damage Crash,2023-08-14 12:32:00,Unknown,Unknown,Unknown,OTHER,CLEAR,Unknown,DAYLIGHT,NO CONTROLS,NONE DETECTED,No,No Apparent Injury,NOT DISTRACTED,MD,Passenger Car,10,2010.0,Lexs,IS,12,Monday,8
MCP2767001R,16022711,Montgomery County Police,Injury Crash,2016-05-07 19:06:00,County,ANDREW ST,VEIRS MILL RD,STRAIGHT MOVEMENT ANGLE,CLEAR,DRY,DAYLIGHT,NO CONTROLS,NONE DETECTED,No,Suspected Minor Injury,NOT DISTRACTED,MD,(Sport) Utility Vehicle,25,2009.0,Chevy,TRUCK,19,Saturday,5
MCP2286002C,190030331,Montgomery County Police,Property Damage Crash,2019-06-25 15:24:00,County,DOVER RD,OLD DOVER RD,SAME DIR REAR END,CLEAR,DRY,DAYLIGHT,NO CONTROLS,NONE DETECTED,No,No Apparent Injury,NOT DISTRACTED,MD,Passenger Car,35,2006.0,Audi,2S,15,Tuesday,6