Report Number,Local Case Number,Agency Name,ACRS Report Type,Crash Date/Time,Route Type,Road Name,Cross-Street Name,Collision Type,Weather,Surface Condition,Light,Traffic Control,Driver Substance Abuse,Driver At Fault,Injury Severity,Driver Distracted By,Drivers License State,Vehicle Body Type,Speed Limit,Vehicle Year,Vehicle Make,Vehicle Model,Crash Hour,Crash Day,Crash Month
MCP2664001T,16002508,Montgomery County Police,Property Damage Crash,2016-01-14 05:30:00,County,LILLIAN DR,HARMON RD,STRAIGHT MOVEMENT ANGLE,UNKNOWN,UNKNOWN,DARK -- UNKNOWN LIGHTING,NO CONTROLS,NONE DETECTED,Yes,No Apparent Injury,NOT DISTRACTED,MD,(Sport) Utility Vehicle,25,2015.0,Chev,TAHOE,5,Thursday,1
MCP2512004X,190059349,Montgomery County Police,Property Damage Crash,2019-12-09 16:12:00,Maryland (State),QUINCE ORCHARD RD,FIRSTFIELD RD,SAME DIRECTION SIDESWIPE,RAINING,WET,DAYLIGHT,NO CONTROLS,NONE DETECTED,No,No Apparent Injury,NOT DISTRACTED,VA,Passenger Car,35,2007.0,Ford,FOCUS,16,Monday,12
MCP243600F4,210049078,Montgomery County Police,Property Damage Crash,2021-12-03 11:40:00,Maryland (State),UNIVERSITY BLVD E,LEXINGTON DR,SAME DIRECTION SIDESWIPE,CLEAR,DRY,DAYLIGHT,Unknown,NONE DETECTED,Yes,No Apparent Injury,UNKNOWN,XX,Passenger Car,35,2008.0,Honda,CIVIC,11,Friday,12
EJ78760069,230057930,Gaithersburg Police Depar,Injury Crash,2023-10-01 20:20:00,Maryland (State),FREDERICK RD,ODENDHAL AVE,HEAD ON LEFT TURN,Unknown,DRY,DARK LIGHTS ON,TRAFFIC SIGNAL,NONE DETECTED,Yes,No Apparent Injury,LOOKED BUT DID NOT SEE,VA,Passenger Car,30,2010.0,Toyota,TACOMA,20,Sunday,10
MCP229800J1,180019988,Montgomery County Police,Property Damage Crash,2018-04-24 08:00:00,Maryland (State),WOODFIELD RD,ENT TO ROUTE 124 PLAZA,SAME DIRECTION SIDESWIPE,CLOUDY,DRY,DAYLIGHT,NO CONTROLS,NONE DETECTED,No,No Apparent Injury,NOT DISTRACTED,MD,Van,45,2014.0,Toyt,SIENNA,8,Tuesday,4
MCP12050028,16043798,Montgomery County Police,Injury Crash,2016-08-28 10:13:00,Maryland (State),CONNECTICUT AVE,JONES BRIDGE RD,STRAIGHT MOVEMENT ANGLE,CLEAR,DRY,DAYLIGHT,TRAFFIC SIGNAL,NONE DETECTED,Yes,Possible Injury,NOT DISTRACTED,MD,Passenger Car,35,2014.0,Bmw,428I,10,Sunday,8
MCP3057000B,170528451,Montgomery County Police,Property Damage Crash,2017-09-03 08:00:00,County,FATHER HURLEY BLVD,EISENHOWER MEMORIAL HWY,SINGLE VEHICLE,CLOUDY,WET,DAYLIGHT,TRAFFIC SIGNAL,NONE DETECTED,Yes,No Apparent Injury,NOT DISTRACTED,MD,Pickup Truck,35,2000.0,Ford,TK,8,Sunday,9
MCP3058002J,190004806,Montgomery County Police,Property Damage Crash,2019-01-30 20:20:00,County,GLEN MILL RD,VEIRS DR,STRAIGHT MOVEMENT ANGLE,CLEAR,DRY,DARK NO LIGHTS,STOP SIGN,NONE DETECTED,Yes,No Apparent Injury,INATTENTIVE OR LOST IN THOUGHT,MD,Passenger Car,30,2013.0,Bmw,TK,20,Wednesday,1
MCP32610011,220051132,Montgomery County Police,Property Damage Crash,2022-11-18 23:51:00,Maryland (State),S FREDERICK RD,CROSSOVER,STRAIGHT MOVEMENT ANGLE,CLEAR,DRY,DARK LIGHTS ON,YIELD SIGN,UNKNOWN,Yes,No Apparent Injury,UNKNOWN,Unknown,Passenger Car,35,2014.0,Chev,CRUZ,23,Friday,11
DM84930033,240028534,TAKOMA,Property Damage Crash,2024-06-15 18:00:00,Maryland (State) Route,NEW HAMPSHIRE AVE,Unknown,"Sideswipe, Same Direction",Clear,Dry,Daylight,No Controls,"Not Suspect of Alcohol Use, Not Suspect of Drug Use",No,No Apparent Injury,Not Distracted,MD,Sport Utility Vehicle,35,2017.0,Land Rover,RANGE ROVER,18,Saturday,6
MCP31300031,200046009,Montgomery County Police,Property Damage Crash,2020-11-21 13:10:00,Unknown,Unknown,Unknown,OTHER,CLOUDY,Unknown,DUSK,NO CONTROLS,NONE DETECTED,Yes,No Apparent Injury,LOOKED BUT DID NOT SEE,MD,Passenger Car,5,2016.0,Toyota,RAV 4,13,Saturday,11
DM85020007,220001121,Takoma Park Police Depart,Property Damage Crash,2022-01-14 14:18:00,Maryland (State),ETHAN ALLEN AVE,JACKSON AVE,STRAIGHT MOVEMENT ANGLE,Unknown,DRY,DAYLIGHT,STOP SIGN,NONE DETECTED,No,No Apparent Injury,NOT DISTRACTED,MD,Passenger Car,15,2018.0,Toyt,SD,14,Friday,1
MCP3381001S,240041125,MONTGOMERY,Property Damage Crash,2024-08-30 16:11:00,County Route,LEAMAN FARM RD,GREAT SENECA HWY (SB/L),Angle,Clear,Dry,Daylight,Stop Sign,"Not Suspect of Alcohol Use, Not Suspect of Drug Use",No,No Apparent Injury,Not Distracted,MD,Bus - School,25,2015.0,Thomas Built,SCHOOL BUS,16,Friday,8
MCP296900BG,210045195,Montgomery County Police,Property Damage Crash,2021-11-08 10:25:00,Maryland (State),GEORGIA AVE,BATCHELLORS FOREST RD,SAME DIR REAR END,CLEAR,DRY,DAYLIGHT,NO CONTROLS,NONE DETECTED,No,No Apparent Injury,NOT DISTRACTED,DC,Passenger Car,45,2020.0,Ford,ESCAPE,10,Monday,11
MCP29410032,180056348,Montgomery County Police,Property Damage Crash,2018-11-09 17:18:00,County,SEMINARY RD,SECOND AVE,HEAD ON LEFT TURN,RAINING,WET,DARK LIGHTS ON,TRAFFIC SIGNAL,NONE DETECTED,No,No Apparent Injury,NOT DISTRACTED,MD,Passenger Car,35,2001.0,Jeep,4D,17,Friday,11
HA24490003,18000670,Maryland-National Capital,Injury Crash,2018-06-06 08:35:00,Government,BEACH DR,PINEHURST PKWY,OTHER,CLEAR,DRY,DAYLIGHT,Unknown,Unknown,Yes,Possible Injury,UNKNOWN,MD,Passenger Car,25,2001.0,Toyota,COROLLA,8,Wednesday,6
MCP30760008,170523480,Montgomery County Police,Property Damage Crash,2017-08-07 11:44:00,Maryland (State),PINEY BRANCH RD,FLOWER AVE,SAME DIRECTION RIGHT TURN,RAINING,WET,DAYLIGHT,TRAFFIC SIGNAL,NONE DETECTED,No,No Apparent Injury,NOT DISTRACTED,MD,Passenger Car,30,2012.0,Nissan,VERSA,11,Monday,8
MCP94190011,17008177,Montgomery County Police,Injury Crash,2017-02-15 06:12:00,Maryland (State),FREDERICK RD,RIDGEMONT AVE,SAME DIR REAR END,CLEAR,DRY,DARK LIGHTS ON,TRAFFIC SIGNAL,NONE DETECTED,No,No Apparent Injury,NOT DISTRACTED,MD,Passenger Car,40,2002.0,Chevy,MONTE CARLO,6,Wednesday,2
MCP30180013,170514945,Montgomery County Police,Property Damage Crash,2017-06-21 13:45:00,Maryland (State),GEORGIA AVE,SHERATON ST,SAME DIRECTION SIDESWIPE,CLEAR,DRY,DAYLIGHT,TRAFFIC SIGNAL,NONE DETECTED,No,No Apparent Injury,NOT DISTRACTED,DC,Transit Bus,40,2008.0,New Flyer,BUS,13,Wednesday,6
MCP2799005V,200032941,Montgomery County Police,Property Damage Crash,2020-08-23 15:20:00,County,NORWOOD RD,HOLLY GROVE RD,SAME DIRECTION RIGHT TURN,CLEAR,DRY,DAYLIGHT,NO CONTROLS,NONE DETECTED,No,No Apparent Injury,NOT DISTRACTED,MD,Passenger Car,40,2018.0,Toyt,4S,15,Sunday,8
MCP3300001X,220026050,Montgomery County Police,Property Damage Crash,2022-06-17 07:57:00,County,RANDOLPH RD,GOODHILL RD,STRAIGHT MOVEMENT ANGLE,CLEAR,DRY,DAYLIGHT,STOP SIGN,NONE DETECTED,No,No Apparent Injury,NOT DISTRACTED,MD,Van,35,2017.0,Toyt,VN,7,Friday,6
MCP2278003H,210036535,Montgomery County Police,Property Damage Crash,2021-09-16 12:26:00,County,EXECUTIVE BLVD,OLD GEORGETOWN RD,STRAIGHT MOVEMENT ANGLE,CLEAR,DRY,DAYLIGHT,NO CONTROLS,NONE DETECTED,No,No Apparent Injury,NOT DISTRACTED,MD,Passenger Car,35,2013.0,Honda,CIVIC,12,Thursday,9
MCP2330002H,200008602,Montgomery County Police,Property Damage Crash,2020-02-20 22:01:00,County,GRANDVIEW AVE,REEDIE DR,OTHER,CLEAR,DRY,DARK LIGHTS ON,WARNING SIGN,NONE DETECTED,Yes,No Apparent Injury,LOOKED BUT DID NOT SEE,MD,Passenger Car,25,2001.0,Acura,TL,22,Thursday,2
MCP2799007C,230031461,Montgomery County Police,Injury Crash,2023-07-01 16:10:00,County,FIRST AVE,FENWICK LA,SAME DIRECTION LEFT TURN,CLEAR,DRY,DAYLIGHT,NO CONTROLS,NONE DETECTED,No,No Apparent Injury,NOT DISTRACTED,MD,Passenger Car,35,2016.0,Hond,CIVIC,16,Saturday,7
MCP3264000S,200039341,Montgomery County Police,Injury Crash,2020-10-06 13:14:00,Maryland (State),GEORGIA AVE,CAMERON ST,SAME DIR REAR END,CLEAR,DRY,DAYLIGHT,TRAFFIC SIGNAL,NONE DETECTED,No,Possible Injury,NOT DISTRACTED,DC,Passenger Car,35,2004.0,Toyota,COROLLA,13,Tuesday,10
MCP2610002L,220054136,Montgomery County Police,Property Damage Crash,2022-12-07 18:09:00,Unknown,Unknown,Unknown,SINGLE VEHICLE,CLEAR,Unknown,DARK LIGHTS ON,NO CONTROLS,NONE DETECTED,Yes,No Apparent Injury,LOOKED BUT DID NOT SEE,MD,Police Vehicle/Emergency,25,2019.0,Dodge,CHARGER,18,Wednesday,12
MCP2617007G,190018203,Montgomery County Police,Property Damage Crash,2019-04-18 17:30:00,County,RANDOLPH RD,BUSHEY DR,STRAIGHT MOVEMENT ANGLE,CLEAR,DRY,DAYLIGHT,NO CONTROLS,NONE DETECTED,No,No Apparent Injury,NOT DISTRACTED,MD,Passenger Car,35,2007.0,Acura,4D,17,Thursday,4
MCP272600BJ,240044241,MONTGOMERY,Property Damage Crash,2024-09-17 09:12:00,Maryland (State) Route,FREDERICK RD (SB/L),Unknown,Front to Rear,Clear,Dry,Daylight,Traffic Control Signal,"Not Suspect of Alcohol Use, Not Suspect of Drug Use",No,No Apparent Injury,Not Distracted,MD,Passenger Car,35,2008.0,Bmw,X5,9,Tuesday,9
MCP2365000J,16046731,Montgomery County Police,Injury Crash,2016-09-12 13:10:00,US (State),COLUMBIA PIKE,END BRIDGE,SAME DIRECTION SIDESWIPE,CLEAR,DRY,DAYLIGHT,NO CONTROLS,NONE DETECTED,No,Possible Injury,NOT DISTRACTED,VA,Passenger Car,50,2016.0,Honda,CIVIC,13,Monday,9
MCP3066001B,190051440,Montgomery County Police,Property Damage Crash,2019-10-26 01:37:00,Maryland (State),FALLS RD,S GLEN RD,STRAIGHT MOVEMENT ANGLE,CLEAR,DRY,DARK LIGHTS ON,FLASHING TRAFFIC SIGNAL,Unknown,No,No Apparent Injury,NOT DISTRACTED,MD,Passenger Car,35,2019.0,Volk,4S,1,Saturday,10
MCP3076000M,170535661,Montgomery County Police,Property Damage Crash,2017-10-09 15:45:00,US (State),COLESVILLE RD,UNIVERSITY BLVD E,SAME DIRECTION SIDESWIPE,CLEAR,DRY,DAYLIGHT,TRAFFIC SIGNAL,NONE DETECTED,No,No Apparent Injury,NOT DISTRACTED,MD,Other,35,2011.0,Toyt,4S,15,Monday,10
MCP28350036,230059225,Montgomery County Police,Property Damage Crash,2023-10-08 03:33:00,Maryland (State),CONNECTICUT AVE,EAST WEST HWY,SAME DIR REAR END,CLEAR,DRY,DARK LIGHTS ON,TRAFFIC SIGNAL,UNKNOWN,Yes,No Apparent Injury,UNKNOWN,Unknown,Passenger Car,30,2018.0,Land Rover,DISCOVERY,3,Sunday,10
MCP30100037,190000918,Montgomery County Police,Injury Crash,2019-01-06 10:14:00,County,DEMOCRACY BLVD,SEVEN LOCKS RD,STRAIGHT MOVEMENT ANGLE,CLOUDY,DRY,DAYLIGHT,TRAFFIC SIGNAL,Unknown,No,Suspected Minor Injury,NOT DISTRACTED,MD,Police Vehicle/Emergency,40,2012.0,Dodge,CHARGER,10,Sunday,1
MCP0685005N,200014780,Montgomery County Police,Injury Crash,2020-04-02 10:39:00,County,SHADY GROVE RD,CORPORATE BLVD,HEAD ON LEFT TURN,CLEAR,DRY,DAYLIGHT,TRAFFIC SIGNAL,NONE DETECTED,No,Possible Injury,NOT DISTRACTED,MD,Passenger Car,40,2002.0,Toyt,4S,10,Thursday,4
MCP3229001Z,240009199,MONTGOMERY,Property Damage Crash,2024-02-25 13:15:00,Maryland (State) Route,MASSACHUSETTS AVE,Unknown,"Sideswipe, Same Direction",Clear,Dry,Daylight,"Other Pavement Marking (excluding edgelines, centerlines, or lane lines)","Not Suspect of Alcohol Use, Not Suspect of Drug Use",No,No Apparent Injury,Not Distracted,MD,Passenger Car,30,2012.0,Volvo,S60,13,Sunday,2
MCP1378011B,220024936,Montgomery County Police,Injury Crash,2022-06-10 14:09:00,Municipality,WOOTTON PKWY,WOOTTON OAKS CT,SAME DIR REAR END,CLOUDY,DRY,DAYLIGHT,NO CONTROLS,NONE DETECTED,No,No Apparent Injury,NOT DISTRACTED,MD,Pickup Truck,35,2020.0,Ram,PK,14,Friday,6
MCP2739003C,200018651,Montgomery County Police,Injury Crash,2020-05-07 23:39:00,US (State),COLESVILLE RD,MD 193 (NBL),STRAIGHT MOVEMENT ANGLE,CLEAR,DRY,DARK LIGHTS ON,TRAFFIC SIGNAL,NONE DETECTED,Unknown,Suspected Minor Injury,UNKNOWN,MD,Passenger Car,35,2013.0,Ford,TRANSIT,23,Thursday,5
MCP3348000P,230031397,Montgomery County Police,Property Damage Crash,2023-07-02 06:53:00,Maryland (State),GEORGIA AVE,MAY ST,SAME DIRECTION SIDESWIPE,CLEAR,DRY,DAYLIGHT,Unknown,NONE DETECTED,No,No Apparent Injury,NOT DISTRACTED,MD,Passenger Car,35,2023.0,Mazda,UT,6,Sunday,7
MCP292300CF,240031952,MONTGOMERY,Property Damage Crash,2024-07-07 10:42:00,Maryland (State) Route,NO NAME,Unknown,Front to Rear,Clear,Dry,Daylight,Pedestrian Crossing Sign,"Not Suspect of Alcohol Use, Not Suspect of Drug Use",No,No Apparent Injury,Not Distracted,MD,Sport Utility Vehicle,25,2009.0,Honda,CR-V,10,Sunday,7
DD5606001X,15017948,Rockville Police Departme,Property Damage Crash,2015-04-17 11:40:00,Maryland (State),HUNGERFORD DR,W GUDE DR,OTHER,CLEAR,DRY,DAYLIGHT,TRAFFIC SIGNAL,NONE DETECTED,No,No Apparent Injury,NOT DISTRACTED,MD,"Cargo Van/Light Truck 2 Axles (Over 10,000Lbs (4,536 Kg))",40,2013.0,Gmc,SAVANA,11,Friday,4
MCP2270000H,220053801,Montgomery County Police,Property Damage Crash,2022-12-06 08:00:00,Ramp,RAMP 2 FR DEMOCRACY BLVD TO IS 270Y NB,DEMOCRACY BLVD,SINGLE VEHICLE,RAINING,WET,DAYLIGHT,NO CONTROLS,NONE DETECTED,Yes,No Apparent Injury,NOT DISTRACTED,VA,Passenger Car,25,2004.0,Volvo,XC90,8,Tuesday,12
MCP2689008Z,220050815,Montgomery County Police,Injury Crash,2022-11-17 10:33:00,County,DARNESTOWN RD,JERSEY LA,STRAIGHT MOVEMENT ANGLE,CLEAR,DRY,DAYLIGHT,STOP SIGN,NONE DETECTED,Yes,No Apparent Injury,UNKNOWN,MD,Passenger Car,25,2019.0,Gmc,TERRAIN,10,Thursday,11
MCP2008005Q,180061022,Montgomery County Police,Injury Crash,2018-12-06 14:32:00,Maryland (State),ROCKVILLE PIKE,SOUTH DR,SAME DIR REAR END,CLOUDY,DRY,DAYLIGHT,TRAFFIC SIGNAL,NONE DETECTED,No,Possible Injury,NOT DISTRACTED,MD,Passenger Car,35,2014.0,Toyt,4S,14,Thursday,12
MCP3004003K,200004343,Montgomery County Police,Injury Crash,2020-01-26 20:59:00,Maryland (State),CONNECTICUT AVE,TAYLOR ST,SAME DIR REAR END,CLEAR,DRY,DARK LIGHTS ON,Unknown,NONE DETECTED,No,No Apparent Injury,NOT DISTRACTED,MD,(Sport) Utility Vehicle,35,2018.0,Mercedez,TRUCK,20,Sunday,1
MCP32800050,240024231,MONTGOMERY,Injury Crash,2024-03-26 07:45:00,US (State),COLUMBIA PIKE,Unknown,Front to Rear,Clear,Dry,Daylight,No Controls,"Not Suspect of Alcohol Use, Not Suspect of Drug Use",No,No Apparent Injury,Not Distracted,MD,Passenger Car,50,2019.0,Honda,CIVIC,7,Tuesday,3
MCP13890008,15004741,Montgomery County Police,Injury Crash,2015-01-29 22:19:00,Maryland (State),FREDERICK RD,WATKINS MILL RD,SAME DIR REAR END,RAINING,WET,DARK LIGHTS ON,TRAFFIC SIGNAL,NONE DETECTED,No,Suspected Minor Injury,NOT DISTRACTED,MD,Passenger Car,40,2010.0,Toyota,4S,22,Thursday,1
DM8338001P,190028016,Takoma Park Police Depart,Property Damage Crash,2019-06-07 16:59:00,Maryland (State),NEW HAMPSHIRE AVE,ALLEY #4,STRAIGHT MOVEMENT ANGLE,Unknown,DRY,DAYLIGHT,TRAFFIC SIGNAL,Unknown,Yes,No Apparent Injury,UNKNOWN,MD,Passenger Car,35,2013.0,Nissan,SENTRA,16,Friday,6
MCP2952001L,16005769,Montgomery County Police,Injury Crash,2016-02-04 07:03:00,US (State),COLUMBIA PIKE,END BRIDGE,SAME DIR REAR END,Unknown,WET,DAWN,NO CONTROLS,NONE DETECTED,Yes,Suspected Minor Injury,NOT DISTRACTED,MD,Passenger Car,50,2006.0,Toyota,COROLLA,7,Thursday,2
MCP27540020,180009455,Montgomery County Police,Injury Crash,2018-02-23 16:44:00,County,DENNIS AVE,SLIGO CREEK PKWY,SAME DIR REAR END,CLEAR,DRY,DAYLIGHT,STOP SIGN,NONE DETECTED,Yes,No Apparent Injury,UNKNOWN,MD,"Cargo Van/Light Truck 2 Axles (Over 10,000Lbs (4,536 Kg))",25,2015.0,Chevrolet,SILVERADO,16,Friday,2
MCP3153000S,180063531,Montgomery County Police,Injury Crash,2018-12-20 06:48:00,Maryland (State),UNIVERSITY BLVD W,HILLSDALE DR,STRAIGHT MOVEMENT ANGLE,CLEAR,DRY,DARK -- UNKNOWN LIGHTING,NO CONTROLS,NONE DETECTED,No,Possible Injury,NOT DISTRACTED,MD,Passenger Car,35,2017.0,Toyota,IA,6,Thursday,12
MCP31990055,230019737,Montgomery County Police,Injury Crash,2023-04-25 12:05:00,County,PARKLAND DR,FAROE PL,SAME DIR REAR END,CLEAR,DRY,DAYLIGHT,STOP SIGN,NONE DETECTED,Yes,Possible Injury,NOT DISTRACTED,MD,(Sport) Utility Vehicle,25,2021.0,Jeep,GRAND CHEROKEE,12,Tuesday,4
MCP2826001C,200007388,Montgomery County Police,Property Damage Crash,2020-02-13 16:36:00,Unknown,Unknown,Unknown,OTHER,CLEAR,Unknown,DAYLIGHT,Unknown,NONE DETECTED,No,No Apparent Injury,NOT DISTRACTED,MD,Passenger Car,15,2015.0,Hyundai,SONATA,16,Thursday,2
MCP271700YH,240002428,MONTGOMERY,Property Damage Crash,2024-01-15 18:35:00,County Route,SLIGO AVE,Unknown,Front to Rear,Snow,Snow,Dark - Lighted,Traffic Control Signal,"Not Suspect of Alcohol Use, Not Suspect of Drug Use",No,No Apparent Injury,Not Distracted,MD,Bus - Transit,25,2020.0,Gillig,CITY TRANSIT BUS,18,Monday,1
MCP3417000W,250002822,MONTGOMERY,Property Damage Crash,2025-01-17 20:00:00,County Route,BATTERY LA,Unknown,Front to Rear,Unknown,Dry,Unknown,No Controls,"Not Suspect of Alcohol Use, Not Suspect of Drug Use",No,No Apparent Injury,Not Distracted,DE,Passenger Car,5,2023.0,Audi,A4,20,Friday,1
MCP2777001F,15005942,Montgomery County Police,Injury Crash,2015-02-05 19:10:00,Interstate (State),CAPITAL BELTWAY,CONNECTICUT AVE,SAME DIR REAR END,CLEAR,DRY,DARK LIGHTS ON,NO CONTROLS,NONE DETECTED,No,No Apparent Injury,NOT DISTRACTED,MD,Passenger Car,55,2015.0,Bmw,7 SERIES,19,Thursday,2
MCP2914003B,16036795,Montgomery County Police,Injury Crash,2016-07-20 19:07:00,US (State),COLUMBIA PIKE,LOCKWOOD DR,SAME DIR REAR END,CLEAR,Unknown,DAYLIGHT,TRAFFIC SIGNAL,Unknown,No,Possible Injury,NOT DISTRACTED,MD,Pickup Truck,40,1997.0,Ford,TK,19,Wednesday,7
MCP1113001C,170506781,Montgomery County Police,Injury Crash,2017-05-09 09:43:00,County,ZION RD,SUNDOWN RD,OPPOSITE DIR BOTH LEFT TURN,CLEAR,DRY,DAYLIGHT,NO CONTROLS,NONE DETECTED,Unknown,Possible Injury,NOT DISTRACTED,NC,Passenger Car,30,2008.0,Audi,4DR,9,Tuesday,5
MCP1378011X,220037414,Montgomery County Police,Injury Crash,2022-08-30 17:06:00,Maryland (State),CONNECTICUT AVE,ENT TO ASPEN HILLS SHOPPING CTR,STRAIGHT MOVEMENT ANGLE,CLOUDY,DRY,DAYLIGHT,NO CONTROLS,NONE DETECTED,Yes,No Apparent Injury,NOT DISTRACTED,MD,Passenger Car,35,2019.0,Nissan,ALTIMA,17,Tuesday,8
MCP3200005G,220016987,Montgomery County Police,Injury Crash,2022-04-21 16:35:00,Maryland (State),ROCKVILLE PIKE,EDMONSTON DR,SAME DIR REAR END,CLOUDY,DRY,Unknown,NO CONTROLS,NONE DETECTED,Yes,No Apparent Injury,UNKNOWN,MD,Passenger Car,35,2017.0,Chevrolet,TRAVERSE,16,Thursday,4
MCP9428000K,15012274,Montgomery County Police,Property Damage Crash,2015-03-17 11:41:00,County,TUCKERMAN LA,WESTLAKE DR,SAME DIRECTION SIDESWIPE,Unknown,DRY,DAYLIGHT,TRAFFIC SIGNAL,Unknown,No,No Apparent Injury,NOT DISTRACTED,MD,(Sport) Utility Vehicle,35,2002.0,Gmc,YUKON,11,Tuesday,3
MCP26030043,220026315,Montgomery County Police,Property Damage Crash,2022-06-18 15:06:00,County,RIDGE HEIGHTS DR,DROP FORGE LA,OTHER,CLEAR,DRY,DAYLIGHT,NO CONTROLS,ALCOHOL CONTRIBUTED,Yes,No Apparent Injury,UNKNOWN,MD,Passenger Car,15,2008.0,Hyundai,SONATA,15,Saturday,6
MCP0487001W,170529552,Montgomery County Police,Property Damage Crash,2017-09-09 11:10:00,County,MIDCOUNTY HWY,MILLER FALL RD,HEAD ON LEFT TURN,CLEAR,DRY,DAYLIGHT,NO CONTROLS,NONE DETECTED,No,No Apparent Injury,LOOKED BUT DID NOT SEE,MD,Passenger Car,45,2004.0,Honda,CRV,11,Saturday,9
MCP3016001K,170540889,Montgomery County Police,Injury Crash,2017-11-04 12:42:00,County,MIDDLEBROOK RD,GREAT SENECA HWY,SAME DIR REAR END,CLEAR,DRY,DAYLIGHT,NO CONTROLS,Unknown,No,Possible Injury,NOT DISTRACTED,MD,Passenger Car,40,2016.0,Kia,4S,12,Saturday,11
MCP2934001J,16028747,Montgomery County Police,Property Damage Crash,2016-06-08 10:04:00,Maryland (State),RIVER RD,VENTNOR RD,SAME DIRECTION SIDESWIPE,CLEAR,DRY,DAYLIGHT,NO CONTROLS,NONE DETECTED,Yes,No Apparent Injury,LOOKED BUT DID NOT SEE,MD,Passenger Car,35,2010.0,Honda,ACCORD,10,Wednesday,6
MCP29460067,230069924,Montgomery County Police,Injury Crash,2023-12-05 08:41:00,County,SNOWDEN FARM PKWY,FOREMAN BLVD,STRAIGHT MOVEMENT ANGLE,CLOUDY,DRY,DAYLIGHT,STOP SIGN,NONE DETECTED,No,Possible Injury,NOT DISTRACTED,MD,Passenger Car,35,2017.0,Honda,ACCORD,8,Tuesday,12
MCP13660049,16009005,Montgomery County Police,Property Damage Crash,2016-02-23 07:56:00,Unknown,Unknown,Unknown,SINGLE VEHICLE,RAINING,Unknown,DAYLIGHT,NO CONTROLS,UNKNOWN,Yes,No Apparent Injury,UNKNOWN,MD,(Sport) Utility Vehicle,0,1999.0,Ford,TK,7,Tuesday,2
MCP27360036,15063401,MONTGOMERY,Property Damage Crash,2015-12-11 19:56:00,County,RANDOLPH RD,HUNTERS LA,OPPOSITE DIRECTION SIDESWIPE,Unknown,DRY,DARK LIGHTS ON,NO CONTROLS,NONE DETECTED,No,No Apparent Injury,NOT DISTRACTED,MD,Passenger Car,35,2005.0,Ford,TAURUS,19,Friday,12
MCP2564003J,230032600,Montgomery County Police,Property Damage Crash,2023-07-08 19:00:00,County,WIGHTMAN RD,SPARROW VALLEY DR,SAME DIRECTION LEFT TURN,RAINING,WET,DAYLIGHT,NO CONTROLS,NONE DETECTED,No,No Apparent Injury,NOT DISTRACTED,MD,(Sport) Utility Vehicle,35,2013.0,Suba,OUTBACK,19,Saturday,7
MCP1550000Z,15012107,Montgomery County Police,Property Damage Crash,2015-03-16 15:57:00,Maryland (State),16TH ST,EAST WEST HWY,SAME DIRECTION SIDESWIPE,CLEAR,DRY,DAYLIGHT,NO CONTROLS,NONE DETECTED,Yes,No Apparent Injury,NOT DISTRACTED,MD,Passenger Car,35,2001.0,Niss,4S,15,Monday,3
MCP11940014,15042495,MONTGOMERY,Property Damage Crash,2015-08-24 18:18:00,Unknown,Unknown,Unknown,OTHER,RAINING,Unknown,DAYLIGHT,Unknown,NONE DETECTED,No,No Apparent Injury,NOT DISTRACTED,MA,Passenger Car,0,2009.0,Honda,ACCORD,18,Monday,8
MCP2942001K,16017192,Montgomery County Police,Property Damage Crash,2016-04-08 16:04:00,Maryland (State),BRADLEY BLVD,ABERDEEN RD,STRAIGHT MOVEMENT ANGLE,CLEAR,DRY,DAYLIGHT,NO CONTROLS,NONE DETECTED,No,No Apparent Injury,NOT DISTRACTED,MD,(Sport) Utility Vehicle,30,2007.0,Kia,SW,16,Friday,4
MCP15500017,15020501,Montgomery County Police,Property Damage Crash,2015-04-30 21:57:00,Maryland (State),CONNECTICUT AVE,RAMP 6 FR RAMP 3 (FR IS495) TO MD 185 SB,SAME DIR REAR END,CLOUDY,WET,DARK LIGHTS ON,TRAFFIC SIGNAL,NONE DETECTED,Yes,No Apparent Injury,NOT DISTRACTED,MD,Passenger Car,35,2001.0,Nissan,SENTRA,21,Thursday,4
MCP2077005X,250010094,MONTGOMERY,Injury Crash,2025-03-07 20:14:00,County Route,GRANDVIEW AVE,Unknown,Front to Rear,Clear,Dry,Dark - Lighted,No Controls,"Not Suspect of Alcohol Use, Not Suspect of Drug Use",No,No Apparent Injury,Not Distracted,VA,Passenger Car,25,2015.0,Honda,ACCORD,20,Friday,3
MCP3002003K,190019528,Montgomery County Police,Property Damage Crash,2019-04-26 08:27:00,County,WISCONSIN CIR,WISCONSIN AVE,SAME DIRECTION SIDESWIPE,CLOUDY,DRY,DAYLIGHT,NO CONTROLS,NONE DETECTED,Yes,No Apparent Injury,NOT DISTRACTED,DC,Transit Bus,30,2012.0,Daimler,TRANSIT,8,Friday,4
MCP32390033,230054446,Montgomery County Police,Property Damage Crash,2023-09-12 12:28:00,Maryland (State),NEW HAMPSHIRE AVE,OAKVIEW DR,SAME DIR REAR END,CLEAR,DRY,DAYLIGHT,NO CONTROLS,NONE DETECTED,Yes,No Apparent Injury,LOOKED BUT DID NOT SEE,MD,Passenger Car,40,2011.0,Chevrolet,CRUZE,12,Tuesday,9