Report Number,Local Case Number,Agency Name,ACRS Report Type,Crash Date/Time,Route Type,Road Name,Cross-Street Name,Collision Type,Weather,Surface Condition,Light,Traffic Control,Driver Substance Abuse,Driver At Fault,Injury Severity,Driver Distracted By,Drivers License State,Vehicle Body Type,Speed Limit,Vehicle Year,Vehicle Make,Vehicle Model,Crash Hour,Crash Day,Crash Month
MCP3026003H,180048077,Montgomery County Police,Property Damage Crash,2018-09-25 10:30:00,Unknown,Unknown,Unknown,Unknown,CLEAR,Unknown,DAYLIGHT,NO CONTROLS,UNKNOWN,Yes,No Apparent Injury,UNKNOWN,VA,Passenger Car,0,2011.0,Honda,ACCORD,10,Tuesday,9
MCP2975000R,15049682,MONTGOMERY,Property Damage Crash,2015-10-01 06:25:00,Maryland (State),VEIRS MILL RD,FERRARA AVE,ANGLE MEETS RIGHT TURN,RAINING,WET,DARK LIGHTS ON,TRAFFIC SIGNAL,NONE DETECTED,No,No Apparent Injury,NOT DISTRACTED,MD,Passenger Car,40,2002.0,Volks,JETTA,6,Thursday,10
MCP26560013,15066166,Montgomery County Police,Injury Crash,2015-12-25 17:40:00,County,CHERRY HILL RD,PLUM ORCHARD DR,SAME DIR REAR END,RAINING,WET,DARK LIGHTS ON,TRAFFIC SIGNAL,NONE DETECTED,No,Suspected Minor Injury,NOT DISTRACTED,MD,Passenger Car,35,2008.0,Ford,CROWN VICTORIA,17,Friday,12
DD55740009,15055756,ROCKVILLE,Property Damage Crash,2015-11-02 13:21:00,Maryland (State),W JEFFERSON ST,S ADAMS ST,SAME DIR REAR END,CLEAR,DRY,DAYLIGHT,Unknown,Unknown,Yes,No Apparent Injury,LOOKED BUT DID NOT SEE,MD,"Cargo Van/Light Truck 2 Axles (Over 10,000Lbs (4,536 Kg))",35,2013.0,Ford,VN,13,Monday,11
MCP3389000Q,240057130,MONTGOMERY,Property Damage Crash,2024-11-28 23:36:00,County Route,AVENEL RD,NORTHAMPTON DR (SB/L),Front to Rear,Clear,Dry,Dark - Lighted,Stop Sign,"Unknown, Unknown",Yes,No Apparent Injury,Unknown,Unknown,Passenger Car,25,2019.0,Honda,CIVIC,23,Thursday,11
MCP3134002L,200045871,Montgomery County Police,Property Damage Crash,2020-11-20 15:22:00,County,OLD COLUMBIA PIKE,OLD COLUMBIA PIKE,STRAIGHT MOVEMENT ANGLE,CLEAR,DRY,DAYLIGHT,TRAFFIC SIGNAL,Unknown,No,No Apparent Injury,NOT DISTRACTED,VA,Passenger Car,40,2018.0,Honda,CRV,15,Friday,11
MCP3134002L,200045871,Montgomery County Police,Property Damage Crash,2020-11-20 15:22:00,County,OLD COLUMBIA PIKE,OLD COLUMBIA PIKE,STRAIGHT MOVEMENT ANGLE,CLEAR,DRY,DAYLIGHT,TRAFFIC SIGNAL,Unknown,No,No Apparent Injury,NOT DISTRACTED,MD,Passenger Car,40,2017.0,Hond,TK,15,Friday,11
MCP2730000F,15042597,MONTGOMERY,Injury Crash,2015-08-25 13:18:00,County,FATHER HURLEY BLVD,CRYSTAL ROCK DR,SAME DIR REAR END,CLEAR,DRY,DAYLIGHT,TRAFFIC SIGNAL,Unknown,No,No Apparent Injury,NOT DISTRACTED,MD,"Other Light Trucks (10,000Lbs (4,536Kg) Or Less)",40,2000.0,Nissan,MAXIMA,13,Tuesday,8
MCP2162002X,170549611,Montgomery County Police,Property Damage Crash,2017-12-17 12:15:00,Unknown,Unknown,Unknown,OTHER,CLEAR,Unknown,DAWN,NO CONTROLS,UNKNOWN,Yes,No Apparent Injury,UNKNOWN,Unknown,Passenger Car,15,2009.0,Hyundai,SONATA,12,Sunday,12
MCP2667000W,15025687,Montgomery County Police,Injury Crash,2015-05-28 11:05:00,Maryland (State),QUINCE ORCHARD RD,ENT TO PARK & RIDE,OPPOSITE DIRECTION SIDESWIPE,CLEAR,DRY,DAYLIGHT,TRAFFIC SIGNAL,NONE DETECTED,No,Suspected Minor Injury,NOT DISTRACTED,MD,Passenger Car,35,2007.0,Mits,ECLIPIS,11,Thursday,5
MCP2827003D,170534405,Montgomery County Police,Property Damage Crash,2017-10-02 19:51:00,County,CASHELL RD,CHERRY VALLEY DR,STRAIGHT MOVEMENT ANGLE,CLEAR,DRY,DARK LIGHTS ON,STOP SIGN,NONE DETECTED,No,No Apparent Injury,NOT DISTRACTED,MD,Pickup Truck,35,2015.0,Dodge,RAM,19,Monday,10
MCP25160022,180042172,Montgomery County Police,Property Damage Crash,2018-08-24 10:49:00,Other Public Roadway,HENDERSON CORNER RD,SENECA CROSSING DR,STRAIGHT MOVEMENT ANGLE,CLEAR,DRY,DAYLIGHT,FLASHING TRAFFIC SIGNAL,Unknown,No,No Apparent Injury,NOT DISTRACTED,MD,Passenger Car,25,2015.0,Volk,4S,10,Friday,8
MCP13780149,230024595,Montgomery County Police,Property Damage Crash,2023-05-22 17:55:00,US (State),COLESVILLE RD,LANARK WAY,SAME DIRECTION SIDESWIPE,CLOUDY,DRY,DAYLIGHT,NO CONTROLS,NONE DETECTED,No,No Apparent Injury,NOT DISTRACTED,MD,Transit Bus,35,2020.0,Nova,BU,17,Monday,5
MCP32950018,220012192,Montgomery County Police,Property Damage Crash,2022-03-21 16:03:00,Maryland (State),NEW HAMPSHIRE AVE,NORTHAMPTON DR,SAME DIR REAR END,CLEAR,DRY,DAYLIGHT,NO CONTROLS,NONE DETECTED,No,No Apparent Injury,NOT DISTRACTED,MD,Passenger Car,40,2021.0,Toyota,SIENNA,16,Monday,3
MCP2891000S,15018469,Montgomery County Police,Property Damage Crash,2015-04-18 16:43:00,County,13TH ST,KENNETT ST,OTHER,CLEAR,DRY,DAYLIGHT,Unknown,NONE DETECTED,Yes,No Apparent Injury,NOT DISTRACTED,MD,Passenger Car,35,2000.0,Ford,VN,16,Saturday,4
MCP31990060,240013625,MONTGOMERY,Property Damage Crash,2024-03-22 06:13:00,Maryland (State) Route,Unknown,Unknown,Front to Rear,Clear,Dry,Dawn,No Controls,"Not Suspect of Alcohol Use, Not Suspect of Drug Use",Yes,No Apparent Injury,Not Distracted,MD,Sport Utility Vehicle,40,2010.0,Honda,PILOT,6,Friday,3
MCP2203007L,230062061,Montgomery County Police,Property Damage Crash,2023-10-23 08:20:00,Unknown,Unknown,Unknown,SAME DIRECTION SIDESWIPE,CLEAR,Unknown,DAYLIGHT,NO CONTROLS,UNKNOWN,Yes,No Apparent Injury,NOT DISTRACTED,DC,(Sport) Utility Vehicle,15,2015.0,Subaru,TK,8,Monday,10
MCP3073003W,190034534,Montgomery County Police,Injury Crash,2019-07-20 15:57:00,Maryland (State),CONNECTICUT AVE,ENT TO ASPEN HILLS SHOPPING CTR,SAME DIR REAR END,Unknown,Unknown,DAYLIGHT,NO CONTROLS,Unknown,No,No Apparent Injury,NOT DISTRACTED,MD,Passenger Car,45,2015.0,Niss,MURANO,15,Saturday,7
MCP9301002N,180052210,Montgomery County Police,Property Damage Crash,2018-10-18 15:45:00,Maryland (State),WOODFIELD RD,ESSEX VIEW DR,SAME DIR REAR END,Unknown,DRY,DAYLIGHT,Unknown,Unknown,No,No Apparent Injury,NOT DISTRACTED,MD,Passenger Car,30,2004.0,Hond,TK,15,Thursday,10
DD56530061,250057656,ROCKVILLE,Property Damage Crash,2025-12-26 10:34:00,Municipality Route,WOOTTON PKWY,Unknown,"Sideswipe, Same Direction",Cloudy,Dry,Daylight,No Controls,"Not Suspect of Alcohol Use, Not Suspect of Drug Use",No,No Apparent Injury,Not Distracted,MD,Passenger Car,35,2004.0,Lexus,ES,10,Friday,12
MCP3199006J,240040488,MONTGOMERY,Property Damage Crash,2024-08-27 08:43:00,Maryland (State) Route,NORBECK RD (WB/L),Unknown,Front to Rear,Clear,Dry,Daylight,No Controls,"Not Suspect of Alcohol Use, Not Suspect of Drug Use",No,No Apparent Injury,Not Distracted,MD,Passenger Car,35,2016.0,Mercedes-Benz,E-CLASS,8,Tuesday,8
MCP94280029,190040664,Montgomery County Police,Injury Crash,2019-08-25 13:11:00,Maryland (State),FREDERICK RD,GERMANTOWN RD,SAME DIR REAR END,CLEAR,DRY,DAYLIGHT,TRAFFIC SIGNAL,NONE DETECTED,Yes,No Apparent Injury,NOT DISTRACTED,MD,Passenger Car,45,2016.0,Ford,FOCUS,13,Sunday,8
MCP0539003N,180000364,Montgomery County Police,Injury Crash,2018-01-03 07:56:00,County,BONIFANT RD,PEBBLESTONE DR,SAME DIR REAR END,CLEAR,DRY,DAYLIGHT,NO CONTROLS,NONE DETECTED,Yes,No Apparent Injury,UNKNOWN,MD,Passenger Car,35,2002.0,Acura,RL,7,Wednesday,1
MCP2868001J,15047916,MONTGOMERY,Injury Crash,2015-09-21 20:51:00,Maryland (State),OLD GEORGETOWN RD,BEECH AVE,OTHER,RAINING,WET,DARK LIGHTS ON,NO CONTROLS,NONE DETECTED,No,No Apparent Injury,NOT DISTRACTED,DC,Transit Bus,0,2013.0,Nfwl,BUS,20,Monday,9
MCP3129000R,190009142,Montgomery County Police,Property Damage Crash,2019-02-26 12:45:00,Unknown,Unknown,Unknown,OTHER,CLEAR,Unknown,DAYLIGHT,Unknown,NONE DETECTED,Unknown,No Apparent Injury,LOOKED BUT DID NOT SEE,MD,Passenger Car,5,2005.0,Mazda,MVP,12,Tuesday,2
MCP31240033,200040531,Montgomery County Police,Injury Crash,2020-10-14 17:16:00,Unknown,Unknown,Unknown,STRAIGHT MOVEMENT ANGLE,CLEAR,Unknown,DAYLIGHT,OTHER,Unknown,Yes,No Apparent Injury,LOOKED BUT DID NOT SEE,MD,Passenger Car,0,2019.0,Nissan,ALTIMA,17,Wednesday,10
MCP3048009C,230006589,Montgomery County Police,Injury Crash,2023-02-09 10:00:00,Maryland (State),UNIVERSITY BLVD W,PERRY AVE,STRAIGHT MOVEMENT ANGLE,CLEAR,DRY,DAYLIGHT,STOP SIGN,Unknown,No,Possible Injury,NOT DISTRACTED,MD,Passenger Car,30,2012.0,Subaru,IMPREZA,10,Thursday,2
EJ78330030,170509182,Gaithersburg Police Depar,Property Damage Crash,2017-05-22 10:40:00,County,SHADY GROVE RD,RAMP 3 FR SHADY GROVE RD EB TO IS 270 NB,STRAIGHT MOVEMENT ANGLE,Unknown,WET,DAYLIGHT,TRAFFIC SIGNAL,NONE DETECTED,Unknown,No Apparent Injury,LOOKED BUT DID NOT SEE,MD,Passenger Car,40,2006.0,Toyt,COROLLA,10,Monday,5
MCP3269000R,210024719,Montgomery County Police,Injury Crash,2021-06-28 06:56:00,US (State),COLUMBIA PIKE,INDUSTRIAL PKWY,SAME DIR REND LEFT TURN,CLEAR,DRY,DAYLIGHT,TRAFFIC SIGNAL,NONE DETECTED,No,Suspected Serious Injury,NOT DISTRACTED,MD,Passenger Car,0,2010.0,Nissan,MURANO,6,Monday,6
MCP1212002F,210006159,Montgomery County Police,Property Damage Crash,2021-02-17 07:01:00,Unknown,Unknown,Unknown,STRAIGHT MOVEMENT ANGLE,CLEAR,Unknown,DAYLIGHT,NO CONTROLS,NONE DETECTED,Yes,No Apparent Injury,NOT DISTRACTED,MD,Passenger Car,40,2012.0,Kia,TK,7,Wednesday,2
MCP2353002V,16035212,Montgomery County Police,Injury Crash,2016-07-12 08:02:00,Maryland (State),RIVER RD,GOLDSBORO RD,SAME DIR REAR END,CLEAR,DRY,DAYLIGHT,TRAFFIC SIGNAL,NONE DETECTED,No,Possible Injury,UNKNOWN,DC,Passenger Car,35,2013.0,Bmw,328I,8,Tuesday,7
MCP29050066,240017931,MONTGOMERY,Injury Crash,2024-04-17 13:56:00,Maryland (State) Route,Unknown,GLENBROOK RD,Angle,Cloudy,Dry,Daylight,No Controls,"Not Suspect of Alcohol Use, Not Suspect of Drug Use",No,No Apparent Injury,Not Distracted,MD,Passenger Car,25,2013.0,Toyota,PRIUS,13,Wednesday,4
MCP2923003N,170537944,Montgomery County Police,Property Damage Crash,2017-10-21 05:52:00,County,GRANDVIEW AVE,PARKER AVE,SAME DIRECTION SIDESWIPE,Unknown,DRY,DARK -- UNKNOWN LIGHTING,NO CONTROLS,NONE DETECTED,Yes,No Apparent Injury,NOT DISTRACTED,MD,Pickup Truck,25,2012.0,Toyota,TK,5,Saturday,10
MCP22900022,190031012,Montgomery County Police,Injury Crash,2019-06-29 11:50:00,Maryland (State),HUNGERFORD DR,N WASHINGTON ST,STRAIGHT MOVEMENT ANGLE,CLEAR,DRY,DAYLIGHT,TRAFFIC SIGNAL,NONE DETECTED,No,No Apparent Injury,LOOKED BUT DID NOT SEE,MD,Passenger Car,40,2013.0,Merz,4S,11,Saturday,6
MCP2704001L,210043441,Montgomery County Police,Injury Crash,2021-10-28 05:27:00,County,RANDOLPH RD,COLIN RD,SINGLE VEHICLE,CLEAR,DRY,DARK LIGHTS ON,NO CONTROLS,NONE DETECTED,Yes,Possible Injury,NOT DISTRACTED,MD,Passenger Car,35,2004.0,Hond,CIVIC,5,Thursday,10
MCP2948002X,180063660,Montgomery County Police,Property Damage Crash,2018-12-20 19:06:00,Maryland (State),GEORGIA AVE,REEDIE DR,STRAIGHT MOVEMENT ANGLE,RAINING,WET,DARK LIGHTS ON,TRAFFIC SIGNAL,Unknown,Unknown,No Apparent Injury,LOOKED BUT DID NOT SEE,MD,Passenger Car,40,2006.0,Honda,CR-V,19,Thursday,12
MCP242500CN,180041949,Montgomery County Police,Property Damage Crash,2018-08-23 08:51:00,US (State),COLUMBIA PIKE,RAMP 2 FR BRIGGS CHANEY RD TO US 29 NB,SAME DIR REAR END,Unknown,DRY,DAYLIGHT,NO CONTROLS,Unknown,Yes,No Apparent Injury,DISTRACTED BY OUTSIDE PERSON OBJECT OR EVENT,MD,Passenger Car,40,2015.0,Toyota,CAMRY,8,Thursday,8
MCP32800051,240014444,MONTGOMERY,Property Damage Crash,2024-03-27 12:00:00,County Route,Unknown,Unknown,Angle,Rain,Wet,Daylight,No Controls,"Not Suspect of Alcohol Use, Not Suspect of Drug Use",No,No Apparent Injury,Not Distracted,MD,Sport Utility Vehicle,30,2018.0,Gmc,ACADIA,12,Wednesday,3
MCP1433001S,180040967,Montgomery County Police,Property Damage Crash,2018-08-17 15:00:00,County,RANDOLPH RD,NEBEL ST,SAME DIRECTION RIGHT TURN,CLEAR,DRY,DAYLIGHT,TRAFFIC SIGNAL,NONE DETECTED,No,No Apparent Injury,NOT DISTRACTED,MD,Passenger Car,35,2004.0,Toyt,COROLLA,15,Friday,8
DM8522001H,240010352,TAKOMA,Injury Crash,2024-03-03 12:20:00,Maryland (State) Route,NEW HAMPSHIRE AVE,HOLTON LA,Front to Front,Clear,Dry,Daylight,Traffic Control Signal,"Not Suspect of Alcohol Use, Not Suspect of Drug Use",No,No Apparent Injury,Not Distracted,MD,Passenger Car,35,2019.0,Chevrolet,TAHOE,12,Sunday,3
MCP09420035,210021052,Montgomery County Police,Property Damage Crash,2021-06-03 11:57:00,Maryland (State),WILSON LA,EXETER RD,STRAIGHT MOVEMENT ANGLE,CLEAR,DRY,DAYLIGHT,NO CONTROLS,NONE DETECTED,No,No Apparent Injury,NOT DISTRACTED,MD,(Sport) Utility Vehicle,25,2015.0,Bmw,X281,11,Thursday,6
MCP2008000X,15012770,Montgomery County Police,Property Damage Crash,2015-03-19 19:12:00,Maryland (State),WISCONSIN AVE,MONTGOMERY AVE,SINGLE VEHICLE,CLEAR,DRY,DARK LIGHTS ON,TRAFFIC SIGNAL,NONE DETECTED,Yes,No Apparent Injury,NOT DISTRACTED,MD,Passenger Car,25,2009.0,Chrys,TOWN & COUNTY,19,Thursday,3
MCP2347005L,250025007,MONTGOMERY,Property Damage Crash,2025-06-05 06:30:00,Unknown,Unknown,Unknown,Single Vehicle,Clear,Unknown,Daylight,Unknown,"Not Suspect of Alcohol Use, Not Suspect of Drug Use",Yes,No Apparent Injury,Not Distracted,MD,Passenger Car,0,2018.0,Nissan,PATHFINDER,6,Thursday,6
MCP31730029,210047232,Montgomery County Police,Property Damage Crash,2021-11-20 23:03:00,Interstate (State),CAPITAL BELTWAY,RAMP 7 FR IS 495 WB TO US 29 SB,SAME DIR REAR END,CLEAR,DRY,DARK LIGHTS ON,NO CONTROLS,NONE DETECTED,No,No Apparent Injury,NOT DISTRACTED,MD,Passenger Car,55,2015.0,Gmc,ACADIA,23,Saturday,11
MCP2348003Z,180034508,Montgomery County Police,Property Damage Crash,2018-07-12 17:38:00,Maryland (State),VEIRS MILL RD,PENDLETON DR,ANGLE MEETS LEFT TURN,CLEAR,DRY,DAYLIGHT,STOP SIGN,NONE DETECTED,No,No Apparent Injury,NOT DISTRACTED,MD,Passenger Car,35,2016.0,Chev,4S,17,Thursday,7
MCP2515002J,210040862,Montgomery County Police,Injury Crash,2021-10-12 16:25:00,Maryland (State),FREDERICK RD,GREENBROOK DR,STRAIGHT MOVEMENT ANGLE,CLEAR,DRY,DAYLIGHT,STOP SIGN,NONE DETECTED,Yes,No Apparent Injury,LOOKED BUT DID NOT SEE,MD,Passenger Car,45,2009.0,Acura,MDX,16,Tuesday,10
MCP29300043,240008712,MONTGOMERY,Property Damage Crash,2024-02-22 15:18:00,County Route,GOULD RD,Unknown,Other,Clear,Wet,Daylight,No Controls,"Not Suspect of Alcohol Use, Not Suspect of Drug Use",No,No Apparent Injury,Not Distracted,MD,Van - Passenger (&Lt;9 Seats),25,2001.0,Ford,E-350,15,Thursday,2
DD56760006,240014985,ROCKVILLE,Property Damage Crash,2024-03-30 22:30:00,Maryland (State) Route,ROCKVILLE PIKE (SB/L),VEIRS MILL RD,Angle,Rain,Wet,Dark - Lighted,Traffic Control Signal,"Not Suspect of Alcohol Use, Not Suspect of Drug Use",Yes,No Apparent Injury,"Manually Operating (dialing, playing game, etc.)",MD,Passenger Car,40,2020.0,Honda,CR-V,22,Saturday,3
MCP25520019,16055953,Montgomery County Police,Property Damage Crash,2016-10-30 19:08:00,County,RANDOLPH RD,GAYNOR RD,SAME DIR REAR END,RAINING,WET,DARK LIGHTS ON,TRAFFIC SIGNAL,Unknown,Yes,No Apparent Injury,UNKNOWN,MD,Passenger Car,35,2001.0,Ford,MUSTANG,19,Sunday,10
DD5601002C,16058709,Rockville Police Departme,Injury Crash,2016-11-14 18:29:00,Maryland (State),HUNGERFORD DR,COLLEGE PKWY,SAME DIR REAR END,CLEAR,DRY,DARK NO LIGHTS,NO CONTROLS,Unknown,No,Possible Injury,NOT DISTRACTED,MD,Passenger Car,35,2016.0,Ford,TK,18,Monday,11
DD5674000Z,240001114,ROCKVILLE,Property Damage Crash,2025-01-09 13:44:00,Municipality Route,BEALL AVE #2,Unknown,Front to Rear,Clear,Dry,Daylight,Traffic Control Signal,"Not Suspect of Alcohol Use, Not Suspect of Drug Use",No,No Apparent Injury,Not Distracted,MD,Passenger Car,35,2025.0,Mazda,MAZDA3,13,Thursday,1
MCP2982001F,16057994,Montgomery County Police,Property Damage Crash,2016-11-10 13:11:00,Maryland (State),16TH ST,SECOND AVE,SAME DIR REAR END,CLEAR,DRY,DAYLIGHT,TRAFFIC SIGNAL,NONE DETECTED,No,No Apparent Injury,NOT DISTRACTED,MD,Passenger Car,35,2011.0,Suba,SU,13,Thursday,11
MCP3260001Y,250047533,MONTGOMERY,Property Damage Crash,2025-10-22 18:00:00,Unknown,Unknown,Unknown,Single Vehicle,Clear,Unknown,Dark - Not Lighted,Unknown,"Not Suspect of Alcohol Use, Not Suspect of Drug Use",Yes,No Apparent Injury,Not Distracted,MD,Passenger Car,0,2022.0,Ford,EXPLORER,18,Wednesday,10
MCP3139003B,220033674,Montgomery County Police,Property Damage Crash,2022-08-05 17:19:00,County,OLD COLUMBIA PIKE,OLD COLUMBIA PIKE,OTHER,RAINING,WET,DAYLIGHT,NO CONTROLS,Unknown,Yes,No Apparent Injury,UNKNOWN,Unknown,Passenger Car,45,2020.0,Nissan,MORENO,17,Friday,8
DD55980024,170548732,Rockville Police Departme,Injury Crash,2017-12-15 11:41:00,Maryland (State),VEIRS MILL RD,MIDWAY AVE,OTHER,BLOWING SNOW,OTHER,DAYLIGHT,Unknown,Unknown,No,No Apparent Injury,NOT DISTRACTED,MD,Passenger Car,40,2017.0,Audi,Q7,11,Friday,12
MCP2639008D,190051091,Montgomery County Police,Injury Crash,2019-10-24 11:47:00,County,MT OLNEY LA,OLNEY MILL RD,SAME DIR REAR END,CLEAR,DRY,DAYLIGHT,NO CONTROLS,NONE DETECTED,Yes,No Apparent Injury,NOT DISTRACTED,MD,Passenger Car,25,2011.0,Kia,SOUL,11,Thursday,10
MCP31440012,190049928,Montgomery County Police,Injury Crash,2019-10-17 23:35:00,County,FERNDALE ST,DRUMM AVE,SINGLE VEHICLE,CLEAR,DRY,DARK LIGHTS ON,NO CONTROLS,NONE DETECTED,Yes,Suspected Minor Injury,OTHER DISTRACTION,MD,Passenger Car,25,2000.0,Hond,2S,23,Thursday,10
MCP2617002N,16065037,Montgomery County Police,Property Damage Crash,2016-12-19 14:02:00,Other Public Roadway,MONTROSE PKWY,E JEFFERSON ST,SINGLE VEHICLE,CLEAR,DRY,DAYLIGHT,NO CONTROLS,NONE DETECTED,Yes,No Apparent Injury,UNKNOWN,MA,"Other Light Trucks (10,000Lbs (4,536Kg) Or Less)",40,2000.0,Gmc,DS,14,Monday,12
MCP2291007J,240013857,MONTGOMERY,Property Damage Crash,2024-03-23 15:20:00,Maryland (State) Route,RIVER RD,STATION10 DR,Front to Rear,Clear,Dry,Daylight,No Controls,"Not Suspect of Alcohol Use, Not Suspect of Drug Use",No,No Apparent Injury,Not Distracted,MD,Sport Utility Vehicle,40,2018.0,Acura,MDX,15,Saturday,3
MCP23530086,200014796,Montgomery County Police,Injury Crash,2020-04-02 13:27:00,County,FALLS RD,OAKLYN DR,SAME DIR REAR END,CLOUDY,DRY,DAYLIGHT,NO CONTROLS,NONE DETECTED,Yes,Suspected Minor Injury,UNKNOWN,DC,Motorcycle,25,2020.0,Harley Davidson,MC,13,Thursday,4
MCP3239001J,210023669,Montgomery County Police,Injury Crash,2021-06-21 05:56:00,Maryland (State),NEW HAMPSHIRE AVE,NORTHAMPTON DR,HEAD ON LEFT TURN,CLEAR,DRY,DAYLIGHT,TRAFFIC SIGNAL,NONE DETECTED,No,Possible Injury,NOT DISTRACTED,MD,Passenger Car,25,2006.0,Dodg,PK,5,Monday,6
MCP23940032,180062573,Montgomery County Police,Injury Crash,2018-12-14 21:08:00,County,TRAVILAH RD,LAKE WINDS WAY,OTHER,RAINING,WET,DARK LIGHTS ON,STOP SIGN,NONE DETECTED,No,Possible Injury,NOT DISTRACTED,MD,(Sport) Utility Vehicle,30,2014.0,Toyt,HIGHLANDER,21,Friday,12
MCP3276000X,210015025,Montgomery County Police,Property Damage Crash,2021-04-22 16:33:00,US (State),GEORGIA AVE,SLIGO AVE,SAME DIRECTION SIDESWIPE,CLEAR,DRY,DAYLIGHT,NO CONTROLS,UNKNOWN,Yes,No Apparent Injury,OTHER DISTRACTION,Unknown,Passenger Car,25,2006.0,Toyota,HIGHLANDER,16,Thursday,4
MCP2717001B,15023575,Montgomery County Police,Injury Crash,2015-05-17 01:16:00,US (State),COLUMBIA PIKE,TECH RD,ANGLE MEETS LEFT TURN,CLEAR,DRY,DARK LIGHTS ON,TRAFFIC SIGNAL,NONE DETECTED,No,No Apparent Injury,NOT DISTRACTED,GA,"Medium/Heavy Trucks 3 Axles (Over 10,000Lbs (4,536Kg))",50,2012.0,Freightliner,TT,1,Sunday,5
MCP29950018,16067366,Montgomery County Police,Injury Crash,2016-12-31 19:18:00,Maryland (State),GEORGIA AVE,CONNECTICUT AVE,SAME DIR REAR END,Unknown,Unknown,Unknown,TRAFFIC SIGNAL,NONE DETECTED,No,Possible Injury,NOT DISTRACTED,MD,Passenger Car,50,2016.0,Toyota,HIGHLANDER,19,Saturday,12
EJ7853000T,15029983,Gaithersburg Police Depar,Property Damage Crash,2015-06-19 17:01:00,Unknown,Unknown,Unknown,OTHER,CLEAR,Unknown,DAYLIGHT,NO CONTROLS,NONE DETECTED,No,No Apparent Injury,NOT DISTRACTED,MD,Passenger Car,15,1999.0,Honda,ACCORD,17,Friday,6
DD5649003Z,250020981,ROCKVILLE,Injury Crash,2025-05-12 18:52:00,Maryland (State) Route,ROCKVILLE PIKE,Unknown,Rear To Rear,Clear,Dry,Daylight,Flashing Traffic Control Signal,"Not Suspect of Alcohol Use, Not Suspect of Drug Use",No,No Apparent Injury,Not Distracted,MD,Passenger Car,35,2018.0,Honda,CIVIC,18,Monday,5
MCP3029001X,180007559,Montgomery County Police,Property Damage Crash,2018-02-13 15:07:00,Maryland (State),NEW HAMPSHIRE AVE,COLUMBIA PIKE,SAME DIR REAR END,CLEAR,DRY,DAYLIGHT,NO CONTROLS,NONE DETECTED,No,No Apparent Injury,NOT DISTRACTED,MD,Passenger Car,25,2018.0,Suba,TK,15,Tuesday,2
MCP22780043,220054424,Montgomery County Police,Property Damage Crash,2022-12-09 10:47:00,County,WILLARD AVE,THE HILLS PLAZA,OTHER,CLEAR,DRY,DAYLIGHT,NO CONTROLS,NONE DETECTED,Yes,No Apparent Injury,NOT DISTRACTED,MD,Passenger Car,25,2021.0,Newflyer,BUS,10,Friday,12
MCP14750022,180060828,Montgomery County Police,Property Damage Crash,2018-12-05 13:59:00,Municipality,CHESTNUT ST,MEEM AVE,SINGLE VEHICLE,CLEAR,DRY,DAYLIGHT,Unknown,NONE DETECTED,Yes,No Apparent Injury,NOT DISTRACTED,MD,Passenger Car,15,2005.0,Hond,4S,13,Wednesday,12
MCP3208004Y,230067994,Montgomery County Police,Property Damage Crash,2023-11-24 00:41:00,Interstate (State),CAPITAL BELTWAY,RAMP 3 FR IS 495 EB TO MD 97 NB,SAME DIRECTION SIDESWIPE,CLEAR,DRY,DARK LIGHTS ON,NO CONTROLS,NONE DETECTED,No,No Apparent Injury,NOT DISTRACTED,NJ,(Sport) Utility Vehicle,55,2019.0,Bmw,X3,0,Friday,11
MCP2820002B,16034555,Montgomery County Police,Property Damage Crash,2016-07-08 11:11:00,Maryland (State),VEIRS MILL RD,PARKLAND DR,SAME DIR REAR END,CLEAR,DRY,DAYLIGHT,TRAFFIC SIGNAL,NONE DETECTED,No,No Apparent Injury,NOT DISTRACTED,MD,Passenger Car,45,2008.0,Lexus,TK,11,Friday,7
DD5508004C,180006496,Rockville Police Departme,Property Damage Crash,2018-02-07 08:50:00,Unknown,Unknown,Unknown,SINGLE VEHICLE,WINTRY MIX,Unknown,DAYLIGHT,Unknown,NONE DETECTED,Yes,No Apparent Injury,NOT DISTRACTED,MD,Passenger Car,10,2017.0,Dodge,RAM,8,Wednesday,2
MCP2504004R,190038660,Montgomery County Police,Injury Crash,2019-08-13 15:57:00,Maryland (State),W MONTGOMERY AVE,DARNESTOWN RD,STRAIGHT MOVEMENT ANGLE,CLOUDY,DRY,DAYLIGHT,TRAFFIC SIGNAL,NONE DETECTED,Yes,Possible Injury,NOT DISTRACTED,MD,Passenger Car,45,2014.0,Honda,4S,15,Tuesday,8
MCP29770084,210005951,Montgomery County Police,Injury Crash,2021-02-15 15:19:00,Maryland (State),FLOWER AVE,DOMER AVE,HEAD ON LEFT TURN,CLOUDY,WET,DAYLIGHT,NO CONTROLS,Unknown,No,No Apparent Injury,NOT DISTRACTED,MD,Passenger Car,25,2016.0,Ford,TAUR,15,Monday,2
MCP93110044,230056901,Montgomery County Police,Injury Crash,2023-09-26 07:50:00,County,DEMOCRACY BLVD,GAINSBOROUGH RD,HEAD ON LEFT TURN,RAINING,WET,DAWN,TRAFFIC SIGNAL,NONE DETECTED,Yes,No Apparent Injury,LOOKED BUT DID NOT SEE,MD,Passenger Car,45,2017.0,Mercedes,UT,7,Tuesday,9