Report Number,Local Case Number,Agency Name,ACRS Report Type,Crash Date/Time,Route Type,Road Name,Cross-Street Name,Collision Type,Weather,Surface Condition,Light,Traffic Control,Driver Substance Abuse,Driver At Fault,Injury Severity,Driver Distracted By,Drivers License State,Vehicle Body Type,Speed Limit,Vehicle Year,Vehicle Make,Vehicle Model,Crash Hour,Crash Day,Crash Month
MCP2727000P,15036736,MONTGOMERY,Property Damage Crash,2015-07-25 13:32:00,County,SHAKESPEARE BLVD,SHAKESPEARE DR,HEAD ON,CLEAR,Unknown,DAYLIGHT,NO CONTROLS,NONE DETECTED,No,No Apparent Injury,NOT DISTRACTED,MA,Passenger Car,30,2014.0,Hyun,ACCENT,13,Saturday,7
MCP3284000Z,210025631,Montgomery County Police,Property Damage Crash,2021-07-04 04:06:00,Maryland (State),GEORGIA AVE,SPRING ST,STRAIGHT MOVEMENT ANGLE,CLEAR,DRY,DARK LIGHTS ON,FLASHING TRAFFIC SIGNAL,NONE DETECTED,Yes,No Apparent Injury,INATTENTIVE OR LOST IN THOUGHT,VA,Passenger Car,35,2015.0,Toyota,SU,4,Sunday,7
MCP3339001F,230007888,Montgomery County Police,Property Damage Crash,2023-02-16 14:40:00,Maryland (State),GEORGIA AVE,BEL PRE RD,SAME DIR REAR END,RAINING,WET,DAYLIGHT,TRAFFIC SIGNAL,NONE DETECTED,No,No Apparent Injury,NOT DISTRACTED,MD,Pickup Truck,35,2004.0,Chevrolet,COLORADO,14,Thursday,2
EJ7837000L,15024776,Gaithersburg Police Depar,Injury Crash,2015-05-23 07:45:00,Maryland (State),FREDERICK RD,CHRISTOPHER AVE,SAME DIR REAR END,CLEAR,DRY,DAYLIGHT,TRAFFIC SIGNAL,Unknown,No,Suspected Minor Injury,NOT DISTRACTED,MD,Passenger Car,40,2011.0,Kia,SOUL,7,Saturday,5
MCP32710014,210022356,Montgomery County Police,Property Damage Crash,2021-06-11 17:00:00,County,MACARTHUR BLVD,MOHICAN RD,SINGLE VEHICLE,CLOUDY,WET,DAYLIGHT,NO CONTROLS,NONE DETECTED,Yes,No Apparent Injury,UNKNOWN,DC,Passenger Car,35,2005.0,Ford,F150,17,Friday,6
MCP24360093,190057083,Montgomery County Police,Injury Crash,2019-11-26 12:50:00,US (State),COLESVILLE RD,FRANKLIN AVE,SAME DIR REAR END,CLEAR,DRY,DAYLIGHT,NO CONTROLS,NONE DETECTED,No,No Apparent Injury,NOT DISTRACTED,MD,Passenger Car,35,2012.0,Toyota,PRIUS,12,Tuesday,11
MCP27770027,15060978,MONTGOMERY,Property Damage Crash,2015-11-29 16:25:00,Maryland (State),OLD GEORGETOWN RD,TUCKERMAN LA,SINGLE VEHICLE,RAINING,Unknown,DAYLIGHT,TRAFFIC SIGNAL,NONE DETECTED,Yes,No Apparent Injury,NOT DISTRACTED,MD,Passenger Car,40,2013.0,Nissan,ROGUE,16,Sunday,11
MCP3133002Y,210048583,Montgomery County Police,Property Damage Crash,2021-11-30 12:20:00,Maryland (State),CONNECTICUT AVE,INDEPENDENCE ST,OPPOSITE DIR BOTH LEFT TURN,CLEAR,DRY,DAYLIGHT,NO CONTROLS,NONE DETECTED,No,No Apparent Injury,NOT DISTRACTED,MD,Passenger Car,45,2019.0,Cadi,XTS,12,Tuesday,11
EJ7829005Q,190008577,Gaithersburg Police Depar,Property Damage Crash,2019-02-22 18:30:00,Maryland (State),FREDERICK RD,LAKE FOREST BLVD,OTHER,CLEAR,DRY,DARK LIGHTS ON,NO CONTROLS,NONE DETECTED,No,No Apparent Injury,NOT DISTRACTED,MD,Passenger Car,35,2013.0,Ford,MUSTANG,18,Friday,2
DM8499000T,230030317,Takoma Park Police Depart,Property Damage Crash,2023-06-24 22:10:00,Municipality,ELM AVE,ETHAN ALLEN AVE,STRAIGHT MOVEMENT ANGLE,CLEAR,DRY,DARK LIGHTS ON,STOP SIGN,NONE DETECTED,No,No Apparent Injury,UNKNOWN,DC,Passenger Car,25,2019.0,Nissan,ALTIMA,22,Saturday,6
MCP9130008J,190051795,Montgomery County Police,Injury Crash,2019-10-28 09:08:00,Maryland (State),NEW HAMPSHIRE AVE,POWDER MILL RD,SAME DIR REAR END,CLEAR,DRY,DAYLIGHT,TRAFFIC SIGNAL,NONE DETECTED,Yes,No Apparent Injury,UNKNOWN,MD,Passenger Car,40,2005.0,Honda,ACCORD,9,Monday,10
MCP3201006P,240043541,MONTGOMERY,Injury Crash,2024-09-13 10:25:00,Other Public Roadway,OBSERVATION DR,Unknown,Front to Front,Cloudy,Dry,Daylight,Stop Sign,"Not Suspect of Alcohol Use, Not Suspect of Drug Use",Yes,Suspected Minor Injury,Not Distracted,MD,Passenger Car,25,2015.0,Toyota,SIENNA,10,Friday,9
MCP2969005Z,190004859,Montgomery County Police,Property Damage Crash,2019-01-31 09:40:00,Maryland (State),NORWOOD RD,EXCALIBER LA,SAME DIR REAR END,CLEAR,DRY,DAYLIGHT,NO CONTROLS,NONE DETECTED,No,No Apparent Injury,NOT DISTRACTED,MD,Passenger Car,40,2018.0,Jeep,CHEROKEE,9,Thursday,1
MCP0487002S,180048672,Montgomery County Police,Injury Crash,2018-09-29 11:00:00,County,SHADY GROVE RD,MILL RUN DR,SAME DIR REAR END,CLEAR,DRY,DAYLIGHT,TRAFFIC SIGNAL,NONE DETECTED,Yes,No Apparent Injury,LOOKED BUT DID NOT SEE,MD,Passenger Car,45,2003.0,Cadillac,SUV,11,Saturday,9
DM8505002T,250044329,TAKOMA,Property Damage Crash,2025-10-02 14:51:00,Maryland (State) Route,ETHAN ALLEN AVE,ELM AVE,Angle,Clear,Dry,Daylight,Stop Sign,"Unknown, Unknown",No,No Apparent Injury,Unknown,MD,Passenger Car,25,2006.0,Honda,ACCORD,14,Thursday,10
MCP2898000W,15009141,Montgomery County Police,Property Damage Crash,2015-02-25 19:11:00,Maryland (State),CLARKSBURG RD,RAMP 6 FR MD 121 EB TO RAMP 7 (TO IS270),HEAD ON,CLEAR,DRY,DARK LIGHTS ON,Unknown,Unknown,Yes,No Apparent Injury,LOOKED BUT DID NOT SEE,MD,Passenger Car,45,2009.0,Merz,4S,19,Wednesday,2
MCP13540010,180042438,Montgomery County Police,Property Damage Crash,2018-08-26 00:35:00,County,ESWORTHY RD,SENECA RD,SINGLE VEHICLE,CLEAR,DRY,DARK NO LIGHTS,STOP SIGN,NONE DETECTED,Yes,No Apparent Injury,UNKNOWN,MD,Passenger Car,35,1998.0,Volk,4S,0,Sunday,8
MCP25650024,15055258,MONTGOMERY,Property Damage Crash,2015-10-30 19:00:00,Municipality,PLYERS MILL RD,CONCORD ST,SAME DIR BOTH LEFT TURN,CLEAR,DRY,DARK LIGHTS ON,TRAFFIC SIGNAL,NONE DETECTED,No,No Apparent Injury,NOT DISTRACTED,MD,Other Bus,25,2009.0,Gilligan,HYBRID,19,Friday,10
HA23880010,21001211,Maryland-National Capital,Injury Crash,2021-06-30 07:01:00,Maryland (State),INTERCOUNTY CONNECTOR,EXIT #10,SAME DIR REAR END,CLEAR,DRY,DAYLIGHT,Unknown,NONE DETECTED,Yes,No Apparent Injury,INATTENTIVE OR LOST IN THOUGHT,DC,Passenger Car,25,1999.0,Honda,CIVIC,7,Wednesday,6
MCP2746000Q,15016647,Montgomery County Police,Injury Crash,2015-04-10 17:36:00,Maryland (State),GEORGIA AVE,HATHAWAY DR,SAME DIR REAR END,CLEAR,DRY,DAYLIGHT,NO CONTROLS,NONE DETECTED,Yes,No Apparent Injury,NOT DISTRACTED,MD,Passenger Car,45,1995.0,Toyota,CAMRY,17,Friday,4
MCP1564003Q,190027001,Montgomery County Police,Property Damage Crash,2019-06-06 07:51:00,County,BOWIE MILL RD,BLUEBELL LA,SAME DIR REAR END,CLOUDY,WET,DAYLIGHT,NO CONTROLS,NONE DETECTED,No,No Apparent Injury,NOT DISTRACTED,MD,Passenger Car,40,2011.0,Hyundai,TUCSON,7,Thursday,6
MCP33390018,230004212,Montgomery County Police,Injury Crash,2023-01-26 07:38:00,County,WELLER RD,DEAN RD,STRAIGHT MOVEMENT ANGLE,CLEAR,DRY,DAYLIGHT,STOP SIGN,NONE DETECTED,Yes,No Apparent Injury,LOOKED BUT DID NOT SEE,MD,Van,30,2012.0,Chrysler,TOWN & COUNTRY,7,Thursday,1
MCP3407001Q,250047138,MONTGOMERY,Property Damage Crash,2025-10-20 15:13:00,Bicycle Route,Unknown,Unknown,Single Vehicle,Clear,Dry,Daylight,No Controls,"Not Suspect of Alcohol Use, Not Suspect of Drug Use",Yes,No Apparent Injury,"Other Action (looking away from task, etc.)",MD,Passenger Car,40,2015.0,Ford,FIESTA,15,Monday,10
MCP93860051,170534467,Montgomery County Police,Property Damage Crash,2017-10-03 09:15:00,County,FRANKLIN ST,WILDWOOD RD,STRAIGHT MOVEMENT ANGLE,CLEAR,DRY,DAYLIGHT,STOP SIGN,NONE DETECTED,No,No Apparent Injury,NOT DISTRACTED,MD,Passenger Car,25,2009.0,Toyota,COROLLA,9,Tuesday,10
MCP2428001K,190054291,Montgomery County Police,Property Damage Crash,2019-11-11 08:18:00,Maryland (State),WHITES FERRY RD,DARNESTOWN RD,SAME DIR REAR END,Unknown,DRY,DAYLIGHT,STOP SIGN,NONE DETECTED,No,No Apparent Injury,NOT DISTRACTED,MD,Passenger Car,40,2010.0,Cadi,TK,8,Monday,11
MCP2868001Q,15058177,MONTGOMERY,Injury Crash,2015-11-14 16:18:00,Maryland (State),OLD GEORGETOWN RD,AUBURN AVE,SAME DIR REAR END,CLEAR,DRY,DAYLIGHT,TRAFFIC SIGNAL,NONE DETECTED,Yes,Possible Injury,LOOKED BUT DID NOT SEE,DC,Passenger Car,30,2008.0,Lexus,4D,16,Saturday,11
MCP2712000S,15058614,MONTGOMERY,Injury Crash,2015-11-17 08:11:00,US (State),COLUMBIA PIKE,RAMP 6 FR US 29 EB TO MD 650 SB,SAME DIRECTION RIGHT TURN,CLEAR,DRY,DAYLIGHT,Unknown,NONE DETECTED,Yes,No Apparent Injury,LOOKED BUT DID NOT SEE,PA,Passenger Car,45,2005.0,Buick,LESABRE,8,Tuesday,11
MCP2805003Z,200039886,Montgomery County Police,Property Damage Crash,2020-10-10 10:00:00,Maryland (State),MONTGOMERY VILLAGE AVE,SPUR FR CHRISTOPHER AVE,SAME DIR REAR END,CLOUDY,DRY,DAYLIGHT,TRAFFIC SIGNAL,NONE DETECTED,No,No Apparent Injury,NOT DISTRACTED,MD,(Sport) Utility Vehicle,35,2014.0,Honda,PILOT,10,Saturday,10
MCP28270010,15013390,Montgomery County Police,Property Damage Crash,2015-03-23 15:54:00,Maryland (State),NORBECK RD,KELTRIP CT,OPPOSITE DIRECTION SIDESWIPE,CLEAR,DRY,DAYLIGHT,NO CONTROLS,NONE DETECTED,No,No Apparent Injury,NOT DISTRACTED,MD,Other,35,2014.0,Take,TL,15,Monday,3
MCP30520022,190045874,Montgomery County Police,Property Damage Crash,2019-09-24 22:00:00,County,APPLE RIDGE RD,WATKINS MILL RD,HEAD ON LEFT TURN,CLEAR,DRY,DARK LIGHTS ON,TRAFFIC SIGNAL,NONE DETECTED,Yes,No Apparent Injury,LOOKED BUT DID NOT SEE,MD,Passenger Car,35,2001.0,Toyota,SOLARA,22,Tuesday,9
MCP1233000N,15021159,Montgomery County Police,Property Damage Crash,2015-05-04 18:02:00,Maryland (State),ROCKVILLE PIKE,STRATHMORE AVE,SAME DIR REAR END,CLEAR,DRY,DAYLIGHT,Unknown,NONE DETECTED,No,No Apparent Injury,NOT DISTRACTED,MD,Passenger Car,35,2015.0,Hyundai,ACCENT,18,Monday,5
MCP3271003J,230034216,Montgomery County Police,Property Damage Crash,2023-07-18 15:05:00,Ramp,RAMP 8 FR RAMP 5 (FR IS495) TO MD 190 WB,RIVER RD,SAME DIR REAR END,CLEAR,DRY,DAYLIGHT,NO CONTROLS,NONE DETECTED,No,No Apparent Injury,NOT DISTRACTED,MD,Passenger Car,0,2021.0,Gens,GV80,15,Tuesday,7
EJ7879003H,230053023,Gaithersburg Police Depar,Property Damage Crash,2023-09-03 22:30:00,Unknown,Unknown,Unknown,OTHER,CLEAR,Unknown,DARK LIGHTS ON,NO CONTROLS,ALCOHOL PRESENT,Yes,No Apparent Injury,UNKNOWN,MD,Passenger Car,5,2017.0,Ford,TK,22,Sunday,9
MCP3173000Q,190034740,Montgomery County Police,Injury Crash,2019-07-22 02:15:00,Maryland (State),GEORGIA AVE,RAMP 5 FR MD 97 SB TO IS 495 EB,SAME DIR REAR END,Unknown,DRY,DARK LIGHTS ON,TRAFFIC SIGNAL,NONE DETECTED,No,Suspected Minor Injury,NOT DISTRACTED,MD,Passenger Car,35,2002.0,Ford,EXPLORER,2,Monday,7
MCP3123004X,230007886,Montgomery County Police,Property Damage Crash,2023-02-16 13:56:00,Unknown,Unknown,Unknown,OTHER,RAINING,Unknown,DAYLIGHT,Unknown,Unknown,Yes,No Apparent Injury,LOOKED BUT DID NOT SEE,MD,Passenger Car,15,2021.0,Honda,ACCORD,13,Thursday,2
MCP3158002K,200023906,Montgomery County Police,Property Damage Crash,2020-06-18 17:40:00,Maryland (State),WOODFIELD RD,FLOWER HILL WAY,SAME DIR REAR END,CLEAR,DRY,DAYLIGHT,TRAFFIC SIGNAL,NONE DETECTED,No,No Apparent Injury,NOT DISTRACTED,DC,Passenger Car,35,2019.0,Chev,SONIC,17,Thursday,6
MCP3030003H,200021298,Montgomery County Police,Injury Crash,2020-05-29 15:10:00,County,SPLIT OAK DR,SPLIT OAK CIR,HEAD ON,CLEAR,DRY,DAYLIGHT,NO CONTROLS,Unknown,Yes,No Apparent Injury,UNKNOWN,DC,"Cargo Van/Light Truck 2 Axles (Over 10,000Lbs (4,536 Kg))",30,1999.0,Frht,VAN,15,Friday,5
MCP27800077,230033432,Montgomery County Police,Injury Crash,2023-07-13 18:25:00,Maryland (State),FREDERICK RD,SHAKESPEARE BLVD,STRAIGHT MOVEMENT ANGLE,CLOUDY,DRY,DAYLIGHT,TRAFFIC SIGNAL,NONE DETECTED,No,Possible Injury,LOOKED BUT DID NOT SEE,MD,Passenger Car,35,2008.0,Bmw,328I,18,Thursday,7
EJ78710050,210027970,Gaithersburg Police Depar,Property Damage Crash,2021-07-19 21:03:00,County,MUDDY BRANCH RD,MIDSUMMER DR,SAME DIRECTION RIGHT TURN,CLEAR,DRY,DARK LIGHTS ON,NO CONTROLS,NONE DETECTED,No,No Apparent Injury,NOT DISTRACTED,MD,Passenger Car,35,2014.0,Chevy,TK,21,Monday,7
MCP1202004R,210001103,Montgomery County Police,Property Damage Crash,2021-01-09 14:30:00,County,BROOKEWAY DR,CHESTER BROOK RD,SAME DIRECTION LEFT TURN,CLEAR,DRY,DAYLIGHT,NO CONTROLS,NONE DETECTED,No,No Apparent Injury,NOT DISTRACTED,MD,Passenger Car,25,2018.0,Audi,A5,14,Saturday,1
MCP3208003K,220033579,Montgomery County Police,Property Damage Crash,2022-08-05 03:59:00,Interstate (State),CAPITAL BELTWAY,EXIT #31,SAME DIRECTION SIDESWIPE,CLEAR,WET,DARK LIGHTS ON,NO CONTROLS,NONE DETECTED,Yes,No Apparent Injury,UNKNOWN,DC,(Sport) Utility Vehicle,55,2010.0,Volvo,XC90,3,Friday,8
MCP26250016,210027603,Montgomery County Police,Injury Crash,2021-07-17 08:10:00,County,FALLS RD,RIVER RD,SAME DIRECTION RIGHT TURN,CLEAR,DRY,DAYLIGHT,TRAFFIC SIGNAL,NONE DETECTED,Yes,No Apparent Injury,NOT DISTRACTED,MD,Passenger Car,25,2017.0,Toyt,4S,8,Saturday,7
DD5583004C,180056159,Rockville Police Departme,Property Damage Crash,2018-11-08 19:14:00,Maryland (State),HUNGERFORD DR,N WASHINGTON ST,HEAD ON LEFT TURN,CLEAR,DRY,DARK LIGHTS ON,TRAFFIC SIGNAL,NONE DETECTED,No,No Apparent Injury,NOT DISTRACTED,MD,(Sport) Utility Vehicle,35,2008.0,Lexus,RX350,19,Thursday,11
MCP10940015,200050724,Montgomery County Police,Property Damage Crash,2020-12-25 01:04:00,Unknown,W. DEER PARK RD,CEDAR AVE,OTHER,CLEAR,DRY,DARK LIGHTS ON,OTHER,NONE DETECTED,No,No Apparent Injury,NOT DISTRACTED,MD,Van,25,1998.0,Ford,WINDSTAR,1,Friday,12
DD5527000M,16040764,Rockville Police Departme,Property Damage Crash,2016-08-11 17:21:00,Municipality,GRUENTHER AVE,LINTHICUM ST,STRAIGHT MOVEMENT ANGLE,CLEAR,DRY,DAYLIGHT,STOP SIGN,NONE DETECTED,No,No Apparent Injury,NOT DISTRACTED,MD,Passenger Car,30,2016.0,Honda,CRV,17,Thursday,8
MCP243600GX,230032501,Montgomery County Police,Property Damage Crash,2023-07-08 08:30:00,Maryland (State),UNIVERSITY BLVD E,COLESVILLE RD,SAME DIRECTION SIDESWIPE,CLEAR,DRY,DAYLIGHT,TRAFFIC SIGNAL,UNKNOWN,No,No Apparent Injury,NOT DISTRACTED,Unknown,Van,35,2001.0,Chevrolet,VAN,8,Saturday,7
EJ7887003G,230070430,Gaithersburg Police Depar,Injury Crash,2023-12-07 15:30:00,Unknown,Unknown,Unknown,OTHER,CLEAR,Unknown,DAYLIGHT,NO CONTROLS,NONE DETECTED,Yes,Suspected Minor Injury,NOT DISTRACTED,MD,Passenger Car,5,2012.0,Honda,CIVIC,15,Thursday,12
MCP3402002H,240055235,MONTGOMERY,Property Damage Crash,2024-11-18 07:59:00,Maryland (State) Route,UNIVERSITY BLVD E,INDIAN SPRING DR,"Sideswipe, Same Direction",Clear,Dry,Daylight,No Controls,"Not Suspect of Alcohol Use, Not Suspect of Drug Use",No,No Apparent Injury,Not Distracted,MD,Passenger Car,40,2022.0,Honda,CIVIC,7,Monday,11
MCP1564003F,180062666,Montgomery County Police,Property Damage Crash,2018-12-15 12:59:00,Maryland (State),GEORGIA AVE,PRINCE PHILIP DR,SAME DIR REAR END,RAINING,WET,DAYLIGHT,TRAFFIC SIGNAL,Unknown,Yes,No Apparent Injury,NOT DISTRACTED,MD,Pickup Truck,30,2015.0,Ford,SUPER DUTY,12,Saturday,12
DD56210020,180013023,Rockville Police Departme,Property Damage Crash,2018-03-15 16:09:00,Municipality,N STONESTREET AVE,PARK RD,SINGLE VEHICLE,CLEAR,DRY,DAYLIGHT,TRAFFIC SIGNAL,NONE DETECTED,Yes,No Apparent Injury,NOT DISTRACTED,MD,School Bus,25,2011.0,Thom,BU,16,Thursday,3
DM84580014,170543550,Takoma Park Police Depart,Property Damage Crash,2017-11-18 10:15:00,Unknown,Unknown,Unknown,SAME DIR REND LEFT TURN,CLOUDY,Unknown,Unknown,Unknown,Unknown,No,No Apparent Injury,NOT DISTRACTED,MD,Passenger Car,10,2010.0,Lexus,TK,10,Saturday,11
MCP1580009G,180050322,Montgomery County Police,Injury Crash,2018-10-08 15:35:00,County,GOSHEN RD,SNOUFFERS SCHOOL RD,SAME DIR REAR END,CLEAR,DRY,DAYLIGHT,NO CONTROLS,NONE DETECTED,Yes,No Apparent Injury,UNKNOWN,MD,(Sport) Utility Vehicle,35,2015.0,Toyota,HIGHLANDER,15,Monday,10
MCP2327000L,16003027,Montgomery County Police,Injury Crash,2016-01-16 16:04:00,County,WATERS LANDING DR,CRYSTAL ROCK DR,HEAD ON LEFT TURN,CLEAR,DRY,DAYLIGHT,NO CONTROLS,NONE DETECTED,Yes,No Apparent Injury,NOT DISTRACTED,MD,Passenger Car,30,2006.0,Chevy,MALIBOU,16,Saturday,1
DD5603001Q,15034443,ROCKVILLE,Property Damage Crash,2015-07-13 18:53:00,Unknown,Unknown,Unknown,SINGLE VEHICLE,CLEAR,Unknown,DARK LIGHTS ON,NO CONTROLS,NONE DETECTED,Yes,No Apparent Injury,LOOKED BUT DID NOT SEE,FL,Passenger Car,15,2015.0,Toyota,CAMRY,18,Monday,7
EJ7866005V,190019513,Gaithersburg Police Depar,Property Damage Crash,2019-04-26 07:18:00,Unknown,Unknown,Unknown,OTHER,CLOUDY,Unknown,DAYLIGHT,Unknown,NONE DETECTED,No,No Apparent Injury,NOT DISTRACTED,MD,Passenger Car,5,2003.0,Mazd,6,7,Friday,4
MCP3075002J,190051766,Montgomery County Police,Property Damage Crash,2019-10-28 03:53:00,County,PORTERFIELD WAY,FOUNTAIN HILLS DR,OTHER,CLEAR,DRY,DARK LIGHTS ON,Unknown,ALCOHOL PRESENT,Yes,No Apparent Injury,NOT DISTRACTED,MD,Passenger Car,25,2003.0,Honda,BLUE,3,Monday,10
MCP271700VH,210026424,Montgomery County Police,Injury Crash,2021-07-09 17:00:00,County,MIDDLEBROOK RD,LOCBURY DR,STRAIGHT MOVEMENT ANGLE,Unknown,DRY,DAYLIGHT,NO CONTROLS,NONE DETECTED,No,Suspected Minor Injury,NOT DISTRACTED,MD,Passenger Car,35,2010.0,Toyota,SCION,17,Friday,7
MCP28260016,16063610,Montgomery County Police,Property Damage Crash,2016-12-11 17:34:00,Maryland (State),FLOWER AVE,HUDSON AVE,HEAD ON,CLEAR,DRY,DUSK,Unknown,NONE DETECTED,No,No Apparent Injury,NOT DISTRACTED,MD,Passenger Car,30,2016.0,Nissan,ALTIMA,17,Sunday,12
MCP32010030,220046207,Montgomery County Police,Property Damage Crash,2022-10-21 12:30:00,County,MIDDLEBROOK RD,RAMP 6 FR MIDDLEBROOK RD EB TO IS 270 SB,SAME DIR REAR END,CLEAR,DRY,DAYLIGHT,FLASHING TRAFFIC SIGNAL,NONE DETECTED,No,No Apparent Injury,NOT DISTRACTED,MO,Passenger Car,40,2019.0,Toyota,TRK,12,Friday,10
EJ78730034,200038927,Gaithersburg Police Depar,Injury Crash,2020-10-03 11:44:00,Municipality,BOOTH ST,BEACON SQUARE CT,ANGLE MEETS LEFT TURN,CLEAR,DRY,DAYLIGHT,STOP SIGN,NONE DETECTED,Yes,No Apparent Injury,LOOKED BUT DID NOT SEE,MD,Passenger Car,25,2009.0,Toyt,4S,11,Saturday,10
MCP3239000J,200010853,Montgomery County Police,Property Damage Crash,2020-03-04 19:53:00,County,LOCKWOOD DR,HEATHER HOLLOW CIR,SAME DIRECTION SIDESWIPE,CLEAR,DRY,DAWN,NO CONTROLS,NONE DETECTED,No,No Apparent Injury,NOT DISTRACTED,MD,Passenger Car,30,2018.0,Toyota,CAMRY,19,Wednesday,3
MCP21080020,240024874,MONTGOMERY,Injury Crash,2024-05-26 00:45:00,County Route,RANDOLPH RD (WB/L),PARKLAWN DR,Angle,Clear,Dry,Dark - Lighted,Flashing Traffic Control Signal,"Not Suspect of Alcohol Use, Not Suspect of Drug Use",Yes,No Apparent Injury,Unknown,MD,Passenger Car,30,2007.0,Lincoln,MKX,0,Sunday,5
MCP3164003H,200028458,Montgomery County Police,Property Damage Crash,2020-07-22 14:30:00,Maryland (State),GEORGIA AVE,ENNALLS AVE,SAME DIR REAR END,CLEAR,DRY,DAYLIGHT,NO CONTROLS,NONE DETECTED,Unknown,No Apparent Injury,BY MOVING OBJECT IN VEHICLE,MD,Pickup Truck,25,2017.0,Dodge,RAM 1500,14,Wednesday,7
MCP3267000J,200047122,Montgomery County Police,Property Damage Crash,2020-11-30 01:40:00,County,RANDOLPH RD,PARKLAWN DR,STRAIGHT MOVEMENT ANGLE,RAINING,WET,DARK LIGHTS ON,TRAFFIC SIGNAL,NONE DETECTED,No,No Apparent Injury,NOT DISTRACTED,MD,Passenger Car,40,2007.0,Mazda,6,1,Monday,11
MCP31380038,210024597,Montgomery County Police,Injury Crash,2021-06-29 16:18:00,Maryland (State),OLNEY SANDY SPRING RD,BENTLEY RD,HEAD ON LEFT TURN,CLEAR,DRY,DAYLIGHT,Unknown,NONE DETECTED,No,Possible Injury,NOT DISTRACTED,MD,Passenger Car,30,2012.0,Jeep,LIBERTY,16,Tuesday,6
EJ78870043,240012488,GAITHERSBURG,Property Damage Crash,2024-03-15 14:30:00,Maryland (State) Route,Unknown,Unknown,Rear To Side,Cloudy,Dry,Daylight,Traffic Control Signal,"Not Suspect of Alcohol Use, Not Suspect of Drug Use",No,No Apparent Injury,Unknown,MD,Passenger Car,30,1997.0,Toyota,CAMRY,14,Friday,3
MCP219800F8,240006378,MONTGOMERY,Property Damage Crash,2024-02-08 15:59:00,County Route,CHENNAULT WAY,AIRPARK RD,Front to Front,Clear,Dry,Daylight,No Controls,"Not Suspect of Alcohol Use, Not Suspect of Drug Use",Yes,No Apparent Injury,Unknown,TN,Passenger Car,35,2022.0,Buick,ENCLAVE,15,Thursday,2
MCP2422001D,16034656,Montgomery County Police,Property Damage Crash,2016-07-08 18:54:00,Unknown,Unknown,Unknown,OPPOSITE DIRECTION SIDESWIPE,Unknown,Unknown,DAYLIGHT,NO CONTROLS,UNKNOWN,Yes,No Apparent Injury,UNKNOWN,MD,Passenger Car,15,2010.0,Chev,MALIBU,18,Friday,7
MCP2446001H,15059170,MONTGOMERY,Property Damage Crash,2015-11-19 21:05:00,Maryland (State),GERMANTOWN RD,AIRCRAFT DR,HEAD ON LEFT TURN,FOGGY,WET,DARK LIGHTS ON,TRAFFIC SIGNAL,NONE DETECTED,Yes,No Apparent Injury,NOT DISTRACTED,MD,Passenger Car,40,2004.0,Niss,4S,21,Thursday,11
MCP26440007,16045577,Montgomery County Police,Injury Crash,2016-09-06 16:25:00,Maryland (State),DARNESTOWN RD,MUDDY BRANCH RD,SAME DIR REAR END,CLEAR,DRY,DAYLIGHT,TRAFFIC SIGNAL,Unknown,No,Possible Injury,NOT DISTRACTED,MD,Snowmobile,40,2013.0,Gmc,TERRAIN,16,Tuesday,9
MCP3403001D,240054447,MONTGOMERY,Injury Crash,2024-11-13 05:27:00,Local Route,SHOP CTR CUT THRU CUT,Unknown,Angle,Clear,Dry,Dark - Lighted,Stop Sign,"Not Suspect of Alcohol Use, Not Suspect of Drug Use",Yes,Suspected Minor Injury,Unknown,MD,Sport Utility Vehicle,25,2014.0,Nissan,PATHFINDER,5,Wednesday,11
MCP30380060,220049354,Montgomery County Police,Property Damage Crash,2022-11-08 17:35:00,US (State),COLESVILLE RD,FENTON ST,SAME DIRECTION SIDESWIPE,CLEAR,DRY,DARK LIGHTS ON,TRAFFIC SIGNAL,NONE DETECTED,No,No Apparent Injury,NOT DISTRACTED,MD,(Sport) Utility Vehicle,35,2016.0,Honda,HRV,17,Tuesday,11
MCP28990042,200045916,Montgomery County Police,Property Damage Crash,2020-11-20 19:45:00,County,SAM EIG HWY,WASHINGTONIAN BLVD,SINGLE VEHICLE,CLEAR,DRY,DARK LIGHTS ON,NO CONTROLS,Unknown,Yes,No Apparent Injury,NOT DISTRACTED,MD,Passenger Car,50,2015.0,Ford,FOCUS,19,Friday,11
DD56310025,190027912,Rockville Police Departme,Property Damage Crash,2019-06-11 16:35:00,Other Public Roadway,ELMCROFT BLVD,CORK TREE LA,OTHER,CLEAR,DRY,DAYLIGHT,NO CONTROLS,NONE DETECTED,Yes,No Apparent Injury,LOOKED BUT DID NOT SEE,MD,Passenger Car,25,2015.0,Honda,4 DOOR,16,Tuesday,6
MCP32080075,250038604,MONTGOMERY,Property Damage Crash,2025-08-29 05:39:00,US (State),COLESVILLE RD (SB/L),Unknown,Front to Rear,Clear,Dry,Dark - Lighted,No Controls,"Not Suspect of Alcohol Use, Not Suspect of Drug Use",Yes,No Apparent Injury,Unknown,MD,Passenger Car,35,2013.0,Honda,ACCORD,5,Friday,8
MCP2799004C,180032307,Montgomery County Police,Injury Crash,2018-06-30 17:00:00,County,E RANDOLPH RD,NEW HAMPSHIRE AVE,OTHER,CLEAR,DRY,DAYLIGHT,TRAFFIC SIGNAL,NONE DETECTED,No,No Apparent Injury,NOT DISTRACTED,MD,Passenger Car,40,2017.0,Merz,GLS 450,17,Saturday,6
MCP31480038,210030284,Montgomery County Police,Property Damage Crash,2021-08-04 16:38:00,Maryland (State),RIVER RD,RAMP 3 FR MD 190 EB TO RAMP 2 (TO IS495),HEAD ON LEFT TURN,Unknown,DRY,DAYLIGHT,TRAFFIC SIGNAL,NONE DETECTED,No,No Apparent Injury,NOT DISTRACTED,VA,Passenger Car,35,2008.0,Toyota,YARIS,16,Wednesday,8