Report Number,Local Case Number,Agency Name,ACRS Report Type,Crash Date/Time,Route Type,Road Name,Cross-Street Name,Collision Type,Weather,Surface Condition,Light,Traffic Control,Driver Substance Abuse,Driver At Fault,Injury Severity,Driver Distracted By,Drivers License State,Vehicle Body Type,Speed Limit,Vehicle Year,Vehicle Make,Vehicle Model,Crash Hour,Crash Day,Crash Month
MCP3010000G,16006212,Montgomery County Police,Property Damage Crash,2016-02-06 11:19:00,Maryland (State),RIVER RD,BURDETTE RD,SAME DIR REAR END,CLEAR,DRY,DAYLIGHT,NO CONTROLS,Unknown,No,No Apparent Injury,NOT DISTRACTED,MD,"Medium/Heavy Trucks 3 Axles (Over 10,000Lbs (4,536Kg))",45,2015.0,Hino,TK,11,Saturday,2
MCP30860089,230010151,Montgomery County Police,Property Damage Crash,2023-03-01 11:45:00,Maryland (State),WOODFIELD RD,LINDBERGH DR,ANGLE MEETS LEFT TURN,CLEAR,DRY,DAYLIGHT,NO CONTROLS,NONE DETECTED,Yes,No Apparent Injury,LOOKED BUT DID NOT SEE,MD,Passenger Car,35,2007.0,Honda,CIVIC,11,Wednesday,3
MCP2399004T,210036595,Montgomery County Police,Injury Crash,2021-09-16 20:55:00,County,BRINK RD,GOSHEN RD,HEAD ON,RAINING,WET,DARK LIGHTS ON,Unknown,NONE DETECTED,Yes,Possible Injury,UNKNOWN,MD,(Sport) Utility Vehicle,35,2003.0,Ford,EXPEDITION,20,Thursday,9
MCP2864001T,16020609,Montgomery County Police,Property Damage Crash,2016-04-26 17:02:00,County,TWINBROOK PKWY,HALPINE RD,STRAIGHT MOVEMENT ANGLE,CLEAR,DRY,DAYLIGHT,NO CONTROLS,NONE DETECTED,No,No Apparent Injury,NOT DISTRACTED,MD,Passenger Car,35,2012.0,Mazda,3,17,Tuesday,4
MCP3067003M,250053283,MONTGOMERY,Injury Crash,2025-11-28 13:15:00,County Route,SHADY GROVE RD (SB/L),CORPORATE BLVD (WB/L),Angle,Clear,Dry,Daylight,Traffic Control Signal,"Not Suspect of Alcohol Use, Not Suspect of Drug Use",Yes,No Apparent Injury,Not Distracted,MD,Passenger Car,40,2006.0,Honda,ELEMENT,13,Friday,11
MCP2964001X,16050673,Montgomery County Police,Property Damage Crash,2016-10-02 21:56:00,County,FATHER HURLEY BLVD,WATERS LANDING DR,STRAIGHT MOVEMENT ANGLE,CLEAR,DRY,DARK LIGHTS ON,TRAFFIC SIGNAL,NONE DETECTED,Yes,No Apparent Injury,LOOKED BUT DID NOT SEE,VA,Passenger Car,35,2008.0,Scion,XD,21,Sunday,10
DD55830068,190061120,Rockville Police Departme,Injury Crash,2019-12-19 11:09:00,County,SHADY GROVE RD,FALLSGROVE BLVD,STRAIGHT MOVEMENT ANGLE,CLEAR,DRY,DAYLIGHT,TRAFFIC SIGNAL,NONE DETECTED,No,Possible Injury,NOT DISTRACTED,IL,Passenger Car,40,2020.0,Nissan,ALTIMA,11,Thursday,12
MCP2766002Z,16059918,Montgomery County Police,Property Damage Crash,2016-11-21 15:54:00,County,CONNECTICUT AVE,BEL PRE RD,STRAIGHT MOVEMENT ANGLE,Unknown,DRY,DAYLIGHT,NO CONTROLS,NONE DETECTED,No,No Apparent Injury,NOT DISTRACTED,MD,School Bus,25,2014.0,Thom,BU,15,Monday,11
MCP20390041,180033682,Montgomery County Police,Property Damage Crash,2018-07-08 09:55:00,Maryland (State),VEIRS MILL RD,TURKEY BRANCH PKWY,SAME DIR REAR END,CLEAR,DRY,DAYLIGHT,Unknown,Unknown,No,No Apparent Injury,NOT DISTRACTED,MD,Passenger Car,45,1995.0,Ford,TK,9,Sunday,7
MCP2291008D,250014206,MONTGOMERY,Property Damage Crash,2025-04-01 17:04:00,County Route,FERNWOOD RD,Unknown,"Sideswipe, Same Direction",Clear,Dry,Daylight,No Controls,"Not Suspect of Alcohol Use, Not Suspect of Drug Use",No,No Apparent Injury,Not Distracted,MD,Other,30,2023.0,Mercedes-Benz,METRIS,17,Tuesday,4
MCP3262006F,250051188,MONTGOMERY,Injury Crash,2025-11-14 17:45:00,US (State),COLUMBIA PIKE (SB/L),Unknown,Front to Rear,Clear,Dry,Dark - Not Lighted,No Controls,"Not Suspect of Alcohol Use, Not Suspect of Drug Use",No,No Apparent Injury,Not Distracted,MD,Passenger Car,50,2021.0,Audi,Q3,17,Friday,11
MCP29230054,190016580,Montgomery County Police,Injury Crash,2019-04-09 20:25:00,County,RANDOLPH RD,LIVINGSTON ST,HEAD ON LEFT TURN,CLEAR,DRY,DARK LIGHTS ON,NO CONTROLS,NONE DETECTED,Yes,Suspected Minor Injury,NOT DISTRACTED,MD,(Sport) Utility Vehicle,35,2014.0,Nissan,ROUGE,20,Tuesday,4
MCP3059001H,180006021,Montgomery County Police,Property Damage Crash,2018-02-04 14:49:00,County,BEL PRE RD,GEORGIA AVE,SAME DIR REAR END,RAINING,WET,DAYLIGHT,TRAFFIC SIGNAL,UNKNOWN,Yes,No Apparent Injury,UNKNOWN,MD,Passenger Car,35,2015.0,Ford,FUSION,14,Sunday,2
MCP3374003N,250043253,MONTGOMERY,Injury Crash,2025-09-26 05:40:00,Ramp,RAMP 1 FR MD 187 NB TO RAMP 8 (TO IS495),OLD GEORGETOWN RD (SB/L) RAMP 7 FR RAMP 2 (FR IS495) TO MD 187 SB,Angle,Clear,Dry,Dark - Lighted,Traffic Control Signal,"Not Suspect of Alcohol Use, Not Suspect of Drug Use",No,Suspected Minor Injury,Not Distracted,MD,Passenger Car,35,2023.0,Chevrolet,TRAILBLAZER,5,Friday,9
MCP3233002B,220001289,Montgomery County Police,Property Damage Crash,2022-01-11 15:51:00,Maryland (State),PINEY BRANCH RD,CARROLL AVE,SAME DIR REAR END,CLEAR,DRY,DAYLIGHT,NO CONTROLS,NONE DETECTED,No,No Apparent Injury,NOT DISTRACTED,MD,Passenger Car,35,2011.0,Honda,CRV,15,Tuesday,1
MCP1020005K,200040100,Montgomery County Police,Injury Crash,2020-10-12 07:00:00,Maryland (State),RIDGE RD,OAK DR,SAME DIR REAR END,RAINING,WET,DAWN,TRAFFIC SIGNAL,NONE DETECTED,Yes,Suspected Serious Injury,NOT DISTRACTED,MD,Passenger Car,30,2008.0,Niss,4S,7,Monday,10
MCP2898003D,220008899,Montgomery County Police,Property Damage Crash,2022-03-01 10:29:00,Unknown,Unknown,Unknown,SAME DIR REAR END,CLEAR,Unknown,DAYLIGHT,NO CONTROLS,Unknown,Yes,No Apparent Injury,NOT DISTRACTED,MD,Passenger Car,20,2015.0,Niss,4S,10,Tuesday,3
MCP3331000Y,220046289,Montgomery County Police,Property Damage Crash,2022-10-21 18:30:00,County,GREGG RD,GEORGIA AVE,SINGLE VEHICLE,CLEAR,DRY,DARK NO LIGHTS,NO CONTROLS,ALCOHOL CONTRIBUTED,Yes,No Apparent Injury,UNKNOWN,MD,Pickup Truck,25,2006.0,Chevy,SILVERADO,18,Friday,10
MCP30330029,190011231,Montgomery County Police,Property Damage Crash,2019-03-11 12:20:00,Unknown,Unknown,Unknown,SAME DIR REAR END,CLEAR,Unknown,DAYLIGHT,Unknown,NONE DETECTED,No,No Apparent Injury,NOT DISTRACTED,GA,Passenger Car,15,2019.0,Toyt,COROLLA,12,Monday,3
MCP2077004X,230014308,Montgomery County Police,Property Damage Crash,2023-03-24 14:30:00,County,GOLF ESTATES DR,OLNEY LAYTONSVILLE RD,SINGLE VEHICLE,RAINING,WET,DUSK,NO CONTROLS,NONE DETECTED,Yes,No Apparent Injury,NOT DISTRACTED,MD,(Sport) Utility Vehicle,35,2015.0,Lexus,CT200H,14,Friday,3
MCP31380009,180047244,Montgomery County Police,Injury Crash,2018-09-21 15:50:00,Maryland (State),NEW HAMPSHIRE AVE,NORWOOD RD,HEAD ON LEFT TURN,CLEAR,DRY,DAYLIGHT,TRAFFIC SIGNAL,Unknown,No,Possible Injury,NOT DISTRACTED,MD,Passenger Car,45,2004.0,Toyota,COROLLA,15,Friday,9
DD55900013,170533786,Rockville Police Departme,Property Damage Crash,2017-09-29 08:13:00,Maryland (State),VEIRS MILL RD,ENT TO SHOPPING CENTER,SAME DIR REAR END,CLEAR,DRY,DAYLIGHT,Unknown,NONE DETECTED,No,No Apparent Injury,NOT DISTRACTED,MD,Passenger Car,40,2006.0,Merc,4S,8,Friday,9
EJ7826004F,190022909,Gaithersburg Police Depar,Property Damage Crash,2019-05-16 12:29:00,Unknown,Unknown,Unknown,OTHER,CLEAR,Unknown,DAYLIGHT,Unknown,Unknown,Yes,No Apparent Injury,EATING OR DRINKING,MD,Passenger Car,25,2003.0,Ford,RANGER,12,Thursday,5
MCP26740032,220025955,Montgomery County Police,Property Damage Crash,2022-06-16 16:29:00,County,BRINK RD,RIDGE RD,HEAD ON,CLEAR,DRY,DAYLIGHT,TRAFFIC SIGNAL,NONE DETECTED,No,No Apparent Injury,NOT DISTRACTED,MD,School Bus,40,2015.0,Frht,BUS,16,Thursday,6
DM84970013,210051321,Takoma Park Police Depart,Property Damage Crash,2021-12-17 06:53:00,Municipality,ORCHARD AVE,5TH AVE,SAME DIRECTION SIDESWIPE,CLEAR,DRY,DAWN,Unknown,Unknown,Yes,No Apparent Injury,NOT DISTRACTED,MD,School Bus,25,2019.0,Thomas,BUS,6,Friday,12
MCP3339002B,230047135,Montgomery County Police,Injury Crash,2023-07-31 14:24:00,Maryland (State),GEORGIA AVE,MAY ST,SAME DIR REAR END,CLEAR,DRY,DAYLIGHT,TRAFFIC SIGNAL,NONE DETECTED,Yes,No Apparent Injury,LOOKED BUT DID NOT SEE,MD,"Cargo Van/Light Truck 2 Axles (Over 10,000Lbs (4,536 Kg))",35,2005.0,Freight,TRUCK,14,Monday,7
MCP29160034,250011602,MONTGOMERY,Property Damage Crash,2025-03-17 07:40:00,Unknown,Unknown,Unknown,"Sideswipe, Same Direction",Cloudy,Unknown,Daylight,Unknown,"Not Suspect of Alcohol Use, Not Suspect of Drug Use",No,No Apparent Injury,Not Distracted,MD,Bus - School,0,2013.0,Thomas Built,HDX,7,Monday,3
MCP2789001H,15049414,MONTGOMERY,Injury Crash,2015-09-29 18:00:00,US (State),COLESVILLE RD,INDIAN SPRING DR,SAME DIR REAR END,RAINING,WET,DARK LIGHTS ON,NO CONTROLS,Unknown,No,Suspected Minor Injury,NOT DISTRACTED,DC,Passenger Car,35,2005.0,Toyota,CAMRY,18,Tuesday,9
EJ7781001Q,180056690,Gaithersburg Police Depar,Injury Crash,2018-11-12 07:35:00,Maryland (State),FREDERICK RD,CHRISTOPHER AVE,SAME DIR REAR END,CLEAR,DRY,DAYLIGHT,NO CONTROLS,NONE DETECTED,Yes,Possible Injury,NOT DISTRACTED,MD,Passenger Car,40,2016.0,Toyota,COROLLA,7,Monday,11
MCP3394001D,250009423,MONTGOMERY,Injury Crash,2025-03-04 06:03:00,County Route,TOWNE RD,MONTROSE PKWY,Single Vehicle,Clear,Dry,Dark - Lighted,Traffic Control Signal,"Not Suspect of Alcohol Use, Not Suspect of Drug Use",Yes,No Apparent Injury,Not Distracted,VA,Passenger Car,35,2018.0,Ford,F-150,6,Tuesday,3
MCP2425008T,17008380,Montgomery County Police,Property Damage Crash,2017-02-16 08:50:00,Maryland (State),UNIVERSITY BLVD E,PINEY BRANCH RD,SAME DIR REAR END,CLEAR,DRY,DAYLIGHT,TRAFFIC SIGNAL,NONE DETECTED,Yes,No Apparent Injury,UNKNOWN,MD,Passenger Car,40,2007.0,Toyota,CAMRY,8,Thursday,2
MCP2992000K,16019366,Montgomery County Police,Injury Crash,2016-04-20 08:44:00,Maryland (State),GEORGIA AVE,HERITAGE HILLS DR,ANGLE MEETS LEFT TURN,CLEAR,DRY,DAYLIGHT,STOP SIGN,NONE DETECTED,No,Possible Injury,NOT DISTRACTED,MD,Passenger Car,45,2013.0,Toyt,4S,8,Wednesday,4
DD5539000S,15017240,Rockville Police Departme,Injury Crash,2015-04-14 08:59:00,Maryland (State),ROCKVILLE PIKE,RICHARD MONTGOMERY DR,SAME DIR REAR END,RAINING,WET,DAYLIGHT,NO CONTROLS,NONE DETECTED,No,Possible Injury,UNKNOWN,MD,Passenger Car,30,2013.0,Hyundai,4DR,8,Tuesday,4
MCP20760005,15004824,Montgomery County Police,Injury Crash,2015-01-30 12:05:00,US (State),COLUMBIA PIKE,EXIT #16 (MD 200),SAME DIRECTION SIDESWIPE,CLEAR,DRY,DAYLIGHT,NO CONTROLS,Unknown,Yes,Suspected Minor Injury,NOT DISTRACTED,MD,Passenger Car,55,1998.0,Ford,TAURUS,12,Friday,1
MCP2239000H,16014019,MONTGOMERY,Property Damage Crash,2016-03-22 12:21:00,County,TUCKERMAN LA,SEVEN LOCKS RD,SAME DIR REAR END,CLEAR,DRY,DAYLIGHT,TRAFFIC SIGNAL,Unknown,No,No Apparent Injury,NOT DISTRACTED,MD,Passenger Car,40,2004.0,Honda,ACCORD,12,Tuesday,3
MCP10220033,15047785,MONTGOMERY,Property Damage Crash,2015-09-21 09:26:00,County,STEEPLE RD,HOPKINS RD,SAME DIRECTION SIDESWIPE,CLOUDY,DRY,DAYLIGHT,OTHER,NONE DETECTED,No,No Apparent Injury,NOT DISTRACTED,MD,School Bus,30,2007.0,Thomas,BUS,9,Monday,9
MCP30910058,250003975,MONTGOMERY,Injury Crash,2025-01-28 09:53:00,County Route,SHADY GROVE RD (SB/L),Unknown,Front to Rear,Clear,Dry,Daylight,Other Signal,"Not Suspect of Alcohol Use, Not Suspect of Drug Use",No,Suspected Minor Injury,Unknown,Unknown,Motorcycle - 2 Wheeled,40,2007.0,Yamaha,YZF-R1,9,Tuesday,1
MCP243600GT,230030382,Montgomery County Police,Property Damage Crash,2023-06-25 12:30:00,County,CARROLL AVE,OSAGE ST,ANGLE MEETS LEFT TURN,CLEAR,DRY,DAYLIGHT,STOP SIGN,NONE DETECTED,Yes,No Apparent Injury,UNKNOWN,XX,Passenger Car,30,2007.0,Honda,CIVIC,12,Sunday,6
MCP3423000N,240054194,MONTGOMERY,Property Damage Crash,2024-11-11 16:18:00,County Route,NOLTE AVE,Unknown,Unknown,Clear,Dry,Daylight,No Controls,"Not Suspect of Alcohol Use, Not Suspect of Drug Use",No,No Apparent Injury,Not Distracted,MX-MEX,Passenger Car,25,2013.0,Honda,CR-V,16,Monday,11
MCP32720002,200019333,Montgomery County Police,Property Damage Crash,2020-05-13 17:40:00,County,BETHESDA CHURCH RD,RIDGE RD,STRAIGHT MOVEMENT ANGLE,CLEAR,DRY,DAYLIGHT,TRAFFIC SIGNAL,NONE DETECTED,No,No Apparent Injury,NOT DISTRACTED,MD,Passenger Car,35,2012.0,Ford,TK,17,Wednesday,5
MCP1227001X,230024315,Montgomery County Police,Fatal Crash,2023-05-21 05:04:00,Maryland (State),VEIRS MILL RD,NEWPORT MILL RD,SINGLE VEHICLE,CLEAR,DRY,DARK LIGHTS ON,NO CONTROLS,NONE DETECTED,No,Possible Injury,UNKNOWN,MD,Passenger Car,35,2007.0,Toyota,RAV 4,5,Sunday,5
MCP3024001V,200002187,Montgomery County Police,Injury Crash,2020-01-13 17:59:00,Maryland (State),FREDERICK RD,HENDERSON CORNER RD,SAME DIR REAR END,CLEAR,DRY,DARK LIGHTS ON,TRAFFIC SIGNAL,Unknown,No,Suspected Minor Injury,NOT DISTRACTED,MD,Passenger Car,40,2004.0,Ford,F150,17,Monday,1
MCP2989001D,190041910,Montgomery County Police,Property Damage Crash,2019-09-01 21:15:00,Maryland (State),NEW HAMPSHIRE AVE,LOCKWOOD DR,SAME DIRECTION SIDESWIPE,CLEAR,DRY,DARK LIGHTS ON,NO CONTROLS,UNKNOWN,Yes,No Apparent Injury,UNKNOWN,Unknown,(Sport) Utility Vehicle,35,2015.0,Jeep,WRANGLER,21,Sunday,9
MCP137800T2,190051343,Montgomery County Police,Property Damage Crash,2019-10-25 16:17:00,Unknown,Unknown,Unknown,SAME DIRECTION SIDESWIPE,CLOUDY,Unknown,DAYLIGHT,NO CONTROLS,NONE DETECTED,Yes,No Apparent Injury,NOT DISTRACTED,MD,School Bus,10,2007.0,Thomas Built,BUS,16,Friday,10
MCP2637002C,180000372,Montgomery County Police,Injury Crash,2018-01-03 09:12:00,County,SHADY GROVE RD,DARNESTOWN RD,SAME DIRECTION LEFT TURN,CLEAR,DRY,DAYLIGHT,Unknown,NONE DETECTED,Yes,Possible Injury,NOT DISTRACTED,MD,Passenger Car,35,2015.0,Hyun,4S,9,Wednesday,1
MCP3163002V,200034558,Montgomery County Police,Property Damage Crash,2020-09-03 18:37:00,Maryland (State),ROCKVILLE PIKE,POOKS HILL RD,SAME DIRECTION SIDESWIPE,RAINING,WET,DAYLIGHT,TRAFFIC SIGNAL,NONE DETECTED,No,No Apparent Injury,NOT DISTRACTED,MD,Other Bus,35,2017.0,Gilg,BU,18,Thursday,9
EJ7908002N,250029613,GAITHERSBURG,Property Damage Crash,2025-07-03 13:52:00,Unknown,Unknown,Unknown,Front to Rear,Clear,Unknown,Daylight,Unknown,"Unknown, Unknown",No,Unknown,Unknown,Unknown,Passenger Car,0,2008.0,Ford,ESCAPE,13,Thursday,7
MCP2932008W,250033376,MONTGOMERY,Injury Crash,2025-07-26 21:33:00,Maryland (State) Route,NEW HAMPSHIRE AVE,Unknown,Front to Rear,Clear,Dry,Dark - Lighted,Traffic Control Signal,"Not Suspect of Alcohol Use, Not Suspect of Drug Use",No,No Apparent Injury,Unknown,VA,Passenger Car,35,2007.0,Ford,FUSION,21,Saturday,7
MCP28450079,200040916,Montgomery County Police,Injury Crash,2020-10-17 10:30:00,Maryland (State),UNIVERSITY BLVD W,DENNIS AVE,SINGLE VEHICLE,CLEAR,DRY,DAYLIGHT,NO CONTROLS,NONE DETECTED,Yes,Suspected Minor Injury,UNKNOWN,MD,Passenger Car,40,2003.0,Mini,COOPER,10,Saturday,10
MCP31390014,19009402,Montgomery County Police,Property Damage Crash,2019-04-25 16:20:00,Maryland (State),PINEY BRANCH RD,FLOWER AVE,OTHER,Unknown,Unknown,DAYLIGHT,Unknown,Unknown,Yes,No Apparent Injury,LOOKED BUT DID NOT SEE,MD,Passenger Car,35,2019.0,Toyota,COROLLA,16,Thursday,4
MCP2270001S,230030876,Montgomery County Police,Property Damage Crash,2023-06-28 09:00:00,Maryland (State),ROCKVILLE PIKE,CEDAR LA,STRAIGHT MOVEMENT ANGLE,CLEAR,DRY,DAYLIGHT,TRAFFIC SIGNAL,NONE DETECTED,No,No Apparent Injury,NOT DISTRACTED,MD,Passenger Car,35,2019.0,Toyt,VN,9,Wednesday,6
MCP26170057,180004473,Montgomery County Police,Injury Crash,2018-01-26 14:20:00,Maryland (State),CONNECTICUT AVE,WELLER RD,SAME DIR REAR END,CLEAR,DRY,Unknown,TRAFFIC SIGNAL,NONE DETECTED,Yes,No Apparent Injury,UNKNOWN,MD,Passenger Car,35,2001.0,Mitsubishi,MIRAGE,14,Friday,1
MCP2717009R,17009822,Montgomery County Police,Property Damage Crash,2017-02-23 16:10:00,Maryland (State),EAST WEST HWY,WASHINGTON AVE,SAME DIR REAR END,CLEAR,DRY,DAYLIGHT,TRAFFIC SIGNAL,NONE DETECTED,No,No Apparent Injury,NOT DISTRACTED,MD,Other,35,2016.0,Gmc,TG33,16,Thursday,2
MCP0936002J,170531876,Montgomery County Police,Property Damage Crash,2017-09-21 06:37:00,Maryland (State),16TH ST,EAST WEST HWY,HEAD ON LEFT TURN,CLEAR,DRY,DAWN,TRAFFIC SIGNAL,NONE DETECTED,Yes,No Apparent Injury,NOT DISTRACTED,DC,All Terrain Vehicle (Atv),40,2000.0,Lexus,RX3000,6,Thursday,9
MCP2445000H,190019524,Montgomery County Police,Property Damage Crash,2019-04-26 08:21:00,County,WATKINS MILL RD,GREENRIVER TERR,HEAD ON,CLOUDY,WET,DAYLIGHT,NO CONTROLS,Unknown,Yes,No Apparent Injury,NOT DISTRACTED,MD,Passenger Car,35,2008.0,Mits,LANCER,8,Friday,4
MCP2047003D,190032408,Montgomery County Police,Property Damage Crash,2019-07-08 12:15:00,County,MONTROSE RD,FARM HAVEN DR,SAME DIR REAR END,RAINING,WET,DAYLIGHT,Unknown,NONE DETECTED,No,No Apparent Injury,NOT DISTRACTED,PA,Passenger Car,40,1998.0,Volvo,C70,12,Monday,7
MCP1227001Q,220046432,Montgomery County Police,Fatal Crash,2022-10-22 20:42:00,County,MIDCOUNTY HWY,MILLER FALL RD,SINGLE VEHICLE,CLEAR,DRY,DARK LIGHTS ON,NO CONTROLS,NONE DETECTED,No,No Apparent Injury,NOT DISTRACTED,MD,Passenger Car,45,2008.0,Saturn,AURA,20,Saturday,10
MCP91180017,180011676,Montgomery County Police,Property Damage Crash,2018-03-08 00:23:00,Maryland (State),GEORGIA AVE,REEDIE DR,SAME DIR REAR END,CLEAR,DRY,DARK LIGHTS ON,TRAFFIC SIGNAL,NONE DETECTED,No,No Apparent Injury,NOT DISTRACTED,MD,Police Vehicle/Non Emergency,35,2017.0,Ford,TAURUS,0,Thursday,3
MCP2358009D,220009522,Montgomery County Police,Property Damage Crash,2022-03-05 14:00:00,Maryland (State),RIVER RD,BEECH TREE RD,SAME DIR REAR END,CLEAR,DRY,DAYLIGHT,TRAFFIC SIGNAL,NONE DETECTED,Yes,No Apparent Injury,NOT DISTRACTED,MD,Passenger Car,35,2015.0,Acura,RDX,14,Saturday,3
MCP3090001X,190004255,Montgomery County Police,Property Damage Crash,2019-01-27 12:28:00,County,SHADY GROVE RD,METRO ACCESS RD,SAME DIRECTION RIGHT TURN,CLOUDY,DRY,DAYLIGHT,TRAFFIC SIGNAL,Unknown,No,No Apparent Injury,NOT DISTRACTED,MD,(Sport) Utility Vehicle,45,2002.0,Chevy,TAHOE,12,Sunday,1
DM8526000C,250052657,TAKOMA,Property Damage Crash,2025-11-24 08:20:00,Municipality Route,CIRCLE AVE,Unknown,Rear To Side,Clear,Dry,Daylight,No Controls,"Not Suspect of Alcohol Use, Not Suspect of Drug Use",No,No Apparent Injury,Not Distracted,MD,Bus - School,25,2019.0,Freightliner,B2 BUS CHASSIS,8,Monday,11
MCP2641001C,200009761,Montgomery County Police,Injury Crash,2020-02-27 14:09:00,Maryland (State),RIDGE RD,WACOMOR DR,SAME DIR REAR END,CLEAR,DRY,DAYLIGHT,Unknown,NONE DETECTED,Yes,No Apparent Injury,UNKNOWN,MD,Passenger Car,40,2017.0,Volk,4S,14,Thursday,2
MCP2722004G,220057032,Montgomery County Police,Property Damage Crash,2022-12-23 20:35:00,County,WELLER RD,HOLDRIDGE RD,ANGLE MEETS LEFT TURN,Unknown,DRY,DARK LIGHTS ON,STOP SIGN,NONE DETECTED,No,No Apparent Injury,NOT DISTRACTED,MD,Passenger Car,25,2023.0,Chev,CAMARO,20,Friday,12
EJ78460014,16001999,Gaithersburg Police Depar,Property Damage Crash,2016-01-11 18:29:00,Maryland (State),S FREDERICK RD,VIRGINIA DR,SAME DIRECTION SIDESWIPE,CLEAR,DRY,DARK LIGHTS ON,NO CONTROLS,NONE DETECTED,Yes,No Apparent Injury,NOT DISTRACTED,MD,Passenger Car,35,2007.0,Honda,PILOT,18,Monday,1
MCP33170012,230026368,Montgomery County Police,Property Damage Crash,2023-06-01 17:22:00,Maryland (State),PINEY BRANCH RD,GREENWOOD AVE,SAME DIRECTION RIGHT TURN,CLEAR,DRY,DAYLIGHT,TRAFFIC SIGNAL,NONE DETECTED,Yes,No Apparent Injury,NOT DISTRACTED,MD,(Sport) Utility Vehicle,35,2018.0,Toyt,TK,17,Thursday,6
MCP32080060,240043115,MONTGOMERY,Injury Crash,2024-09-11 02:44:00,Maryland (State) Route,GEORGIA AVE (SB/L),Unknown,Angle,Clear,Dry,Dark - Lighted,No Controls,"Not Suspect of Alcohol Use, Not Suspect of Drug Use",Yes,No Apparent Injury,Not Distracted,MD,Passenger Car,35,2020.0,Ford,FUSION,2,Wednesday,9
MCP11190043,170524327,Montgomery County Police,Injury Crash,2017-08-11 13:38:00,Maryland (State),CONNECTICUT AVE,GEORGIA AVE,SAME DIR REAR END,CLEAR,DRY,DAYLIGHT,NO CONTROLS,NONE DETECTED,Yes,Possible Injury,NOT DISTRACTED,MD,Passenger Car,40,2012.0,Chevrolet,MALIBU,13,Friday,8
MCP2800005F,220035253,Montgomery County Police,Property Damage Crash,2022-08-16 01:20:00,Maryland (State),OLD GEORGETOWN RD,TUCKERMAN LA,SAME DIR REAR END,CLEAR,DRY,DARK LIGHTS ON,TRAFFIC SIGNAL,NONE DETECTED,Yes,No Apparent Injury,LOOKED BUT DID NOT SEE,VA,Passenger Car,40,2004.0,Toyota,4D,1,Tuesday,8
MCP3036001N,190059598,Montgomery County Police,Injury Crash,2019-12-10 23:18:00,Maryland (State),KEY WEST AVE,DIAMONDBACK DR,STRAIGHT MOVEMENT ANGLE,RAINING,WET,DARK LIGHTS ON,TRAFFIC SIGNAL,NONE DETECTED,Yes,No Apparent Injury,NOT DISTRACTED,MD,Passenger Car,40,2011.0,Toyota,PRIUS,23,Tuesday,12
MCP2438001B,170532994,Montgomery County Police,Property Damage Crash,2017-09-25 11:04:00,US (State),COLUMBIA PIKE,TECH RD,SAME DIR REAR END,CLEAR,DRY,DAYLIGHT,TRAFFIC SIGNAL,Unknown,No,No Apparent Injury,NOT DISTRACTED,MD,Van,50,2017.0,Chevrolet,ECONOLINE,11,Monday,9
MCP28710042,17008289,Montgomery County Police,Property Damage Crash,2017-02-15 16:30:00,County,MAYFIELD DR,LONE OAK DR,OTHER,CLEAR,DRY,DAYLIGHT,NO CONTROLS,UNKNOWN,Yes,No Apparent Injury,NOT DISTRACTED,MD,Passenger Car,25,2013.0,Kia,4S,16,Wednesday,2
MCP21160024,15028176,Montgomery County Police,Injury Crash,2015-06-10 14:10:00,County,BOU AVE,ROCKVILLE PIKE,STRAIGHT MOVEMENT ANGLE,CLEAR,DRY,DAYLIGHT,NO CONTROLS,NONE DETECTED,Yes,Suspected Minor Injury,UNKNOWN,MD,Passenger Car,25,1994.0,Toyota,4S,14,Wednesday,6
MCP2657002R,210020152,Montgomery County Police,Property Damage Crash,2021-05-28 05:50:00,Maryland (State),NEW HAMPSHIRE AVE,GOOD HOPE RD,SINGLE VEHICLE,CLEAR,DRY,DAWN,NO CONTROLS,Unknown,Yes,No Apparent Injury,NOT DISTRACTED,MD,Passenger Car,45,2013.0,Subaru,LEGACY,5,Friday,5
HA2434000B,17001279,Maryland-National Capital,Property Damage Crash,2017-09-23 19:57:00,Unknown,TURKEY THICKET DRIVE,SNOUFFER SCHOOL RD,HEAD ON,CLEAR,DRY,DARK LIGHTS ON,NO CONTROLS,NONE DETECTED,No,No Apparent Injury,NOT DISTRACTED,MD,Police Vehicle/Emergency,25,2016.0,Ford,EXPLORER,19,Saturday,9
MCP27880032,230022310,Montgomery County Police,Property Damage Crash,2023-05-09 21:40:00,County,LOXFORD TERR,CHISWELL LA,Unknown,CLEAR,DRY,DARK LIGHTS ON,Unknown,NONE DETECTED,Yes,No Apparent Injury,UNKNOWN,MD,Passenger Car,25,2018.0,Subaru,ST1,21,Tuesday,5
DD55670035,240012058,ROCKVILLE,Property Damage Crash,2024-03-13 09:33:00,Unknown,Unknown,Unknown,"Sideswipe, Opposite Direction",Clear,Unknown,Other,Unknown,"Not Suspect of Alcohol Use, Not Suspect of Drug Use",No,No Apparent Injury,Not Distracted,MD,Pickup,0,2023.0,Nissan,FRONTIER,9,Wednesday,3