Report Number,Local Case Number,Agency Name,ACRS Report Type,Crash Date/Time,Route Type,Road Name,Cross-Street Name,Collision Type,Weather,Surface Condition,Light,Traffic Control,Driver Substance Abuse,Driver At Fault,Injury Severity,Driver Distracted By,Drivers License State,Vehicle Body Type,Speed Limit,Vehicle Year,Vehicle Make,Vehicle Model,Crash Hour,Crash Day,Crash Month
MCP209400JZ,220024162,Montgomery County Police,Injury Crash,2022-06-06 08:27:00,Maryland (State),WISCONSIN AVE,STANFORD ST,OTHER,CLEAR,DRY,DAYLIGHT,TRAFFIC SIGNAL,NONE DETECTED,Yes,No Apparent Injury,NOT DISTRACTED,MD,(Sport) Utility Vehicle,25,2019.0,Acura,RDX,8,Monday,6
MCP3107002X,240043276,MONTGOMERY,Property Damage Crash,2024-09-11 19:48:00,Maryland (State) Route,MUNCASTER MILL RD,NEEDWOOD RD,Angle,Clear,Dry,Dark - Lighted,Traffic Control Signal,"Not Suspect of Alcohol Use, Not Suspect of Drug Use",No,No Apparent Injury,Not Distracted,MD,Passenger Car,40,2021.0,Toyota,COROLLA,19,Wednesday,9
MCP2635001N,15000472,Montgomery County Police,Property Damage Crash,2015-01-03 21:05:00,County,PRINCE PHILIP DR,BUEHLER RD,SINGLE VEHICLE,RAINING,WET,DARK LIGHTS ON,NO CONTROLS,Unknown,Yes,No Apparent Injury,NOT DISTRACTED,MD,Passenger Car,30,2007.0,Suzuki,SX4,21,Saturday,1
MCP27260079,220041616,Montgomery County Police,Injury Crash,2022-09-24 11:22:00,Maryland (State),FREDERICK RD,ENT TO MONT CO WASTE TRANSFER STATION,STRAIGHT MOVEMENT ANGLE,Unknown,DRY,DAYLIGHT,TRAFFIC SIGNAL,NONE DETECTED,Unknown,Suspected Minor Injury,LOOKED BUT DID NOT SEE,MD,Passenger Car,40,2008.0,Honda,ODYSSEY,11,Saturday,9
MCP21600035,240052140,MONTGOMERY,Property Damage Crash,2024-10-30 20:36:00,County Route,WIGHTMAN RD,Unknown,Front to Front,Clear,Dry,Dark - Not Lighted,No Controls,"Not Suspect of Alcohol Use, Not Suspect of Drug Use",No,No Apparent Injury,Not Distracted,MD,Sport Utility Vehicle,35,2020.0,Audi,SQ5,20,Wednesday,10
MCP2016008H,250005038,MONTGOMERY,Injury Crash,2025-02-04 07:47:00,County Route,E GUDE DR,Unknown,Front to Rear,Clear,Dry,Daylight,No Controls,"Not Suspect of Alcohol Use, Not Suspect of Drug Use",No,No Apparent Injury,Not Distracted,MD,Passenger Car,35,2010.0,Ford,F-150,7,Tuesday,2
DD559500F6,230063809,Rockville Police Departme,Property Damage Crash,2023-11-01 15:33:00,Maryland (State),ROCKVILLE PIKE,SPUR TO MD 28,SAME DIR REAR END,CLOUDY,DRY,DAYLIGHT,TRAFFIC SIGNAL,NONE DETECTED,Yes,No Apparent Injury,NOT DISTRACTED,MD,Passenger Car,30,2010.0,Toyt,SD,15,Wednesday,11
MCP2420003P,190035968,Montgomery County Police,Property Damage Crash,2019-07-28 14:50:00,County,ARCOLA AVE,LAMBERTON DR,SINGLE VEHICLE,CLEAR,DRY,DAYLIGHT,NO CONTROLS,NONE DETECTED,Yes,No Apparent Injury,NOT DISTRACTED,MD,Passenger Car,35,2004.0,Suba,4S,14,Sunday,7
MCP1094000J,16039363,Montgomery County Police,Property Damage Crash,2016-08-03 22:00:00,Maryland (State),QUINCE ORCHARD RD,LONGDRAFT RD,STRAIGHT MOVEMENT ANGLE,CLEAR,Unknown,DARK LIGHTS ON,TRAFFIC SIGNAL,NONE DETECTED,Yes,No Apparent Injury,UNKNOWN,MD,Passenger Car,35,2003.0,Honda,CIVIC,22,Wednesday,8
DD5502005Q,200039919,Rockville Police Departme,Property Damage Crash,2020-10-10 13:20:00,Municipality,WINDING ROSE DR,FIRE PRINCESS CT,SINGLE VEHICLE,CLEAR,Unknown,DAYLIGHT,NO CONTROLS,NONE DETECTED,Yes,No Apparent Injury,NOT DISTRACTED,MD,Passenger Car,25,2013.0,Ford,4D,13,Saturday,10
MCP1453004M,170529343,Montgomery County Police,Injury Crash,2017-09-08 07:55:00,County,MIDDLEBROOK RD,GERMANTOWN RD,SAME DIR REAR END,CLEAR,DRY,DAYLIGHT,TRAFFIC SIGNAL,NONE DETECTED,Yes,No Apparent Injury,NOT DISTRACTED,MD,Passenger Car,40,2005.0,Lexus,ES330,7,Friday,9
MCP25120046,190024593,Montgomery County Police,Injury Crash,2019-05-23 18:37:00,Maryland (State),FREDERICK RD,CHESTNUT ST,STRAIGHT MOVEMENT ANGLE,CLEAR,DRY,DAYLIGHT,NO CONTROLS,NONE DETECTED,Yes,No Apparent Injury,NOT DISTRACTED,MD,Passenger Car,30,2004.0,Audi,A4,18,Thursday,5
DD5637000W,190062203,Rockville Police Departme,Property Damage Crash,2019-12-26 17:55:00,Maryland (State),W MONTGOMERY AVE,HURLEY AVE,ANGLE MEETS RIGHT TURN,CLEAR,DRY,DARK LIGHTS ON,NO CONTROLS,NONE DETECTED,Yes,No Apparent Injury,INATTENTIVE OR LOST IN THOUGHT,MD,Passenger Car,0,2015.0,Toyota,CAMRY,17,Thursday,12
MCP3010000B,16001640,Montgomery County Police,Property Damage Crash,2016-01-08 16:00:00,Unknown,Unknown,Unknown,SAME DIR REAR END,UNKNOWN,Unknown,UNKNOWN,Unknown,NONE DETECTED,Yes,No Apparent Injury,LOOKED BUT DID NOT SEE,MD,Station Wagon,5,1997.0,Honda,4D,16,Friday,1
MCP24600024,250034196,MONTGOMERY,Injury Crash,2025-08-01 05:32:00,Maryland (State) Route,Unknown,MUNCASTER RD REDLAND RD,Other,Clear,Dry,Dark - Lighted,Traffic Control Signal,"Not Suspect of Alcohol Use, Not Suspect of Drug Use",No,Possible Injury,Not Distracted,MD,Sport Utility Vehicle,35,2022.0,Toyota,HIGHLANDER,5,Friday,8
MCP3335001F,230002623,Montgomery County Police,Property Damage Crash,2023-01-17 10:25:00,US (State),COLUMBIA PIKE,ENT TO BURNT MILLS SHOPPING CENTER,SAME DIR REAR END,RAINING,WET,DAYLIGHT,TRAFFIC SIGNAL,NONE DETECTED,No,No Apparent Injury,NOT DISTRACTED,MD,Passenger Car,35,2019.0,Volk,JETTA,10,Tuesday,1
MCP3114002S,220055785,Montgomery County Police,Property Damage Crash,2022-12-16 17:33:00,Maryland (State),NEW HAMPSHIRE AVE,OAKLAWN DR,SAME DIR REAR END,CLEAR,DRY,DARK LIGHTS ON,Unknown,Unknown,No,No Apparent Injury,NOT DISTRACTED,MD,Passenger Car,40,2004.0,Chev,TK,17,Friday,12
MCP28000046,200033725,Montgomery County Police,Property Damage Crash,2020-08-28 22:54:00,Maryland (State),OLD GEORGETOWN RD,TUCKERMAN LA,HEAD ON,RAINING,WET,DARK LIGHTS ON,TRAFFIC SIGNAL,NONE DETECTED,Yes,No Apparent Injury,LOOKED BUT DID NOT SEE,NY,Passenger Car,40,1992.0,Audi,4S,22,Friday,8
MCP2031002M,200011743,Montgomery County Police,Property Damage Crash,2020-03-10 08:20:00,Maryland (State),WOODFIELD RD,MAIN ST,SAME DIR REAR END,RAINING,WET,DAYLIGHT,NO CONTROLS,NONE DETECTED,Yes,No Apparent Injury,DISTRACTED BY OUTSIDE PERSON OBJECT OR EVENT,MD,Passenger Car,30,2012.0,Hond,4S,8,Tuesday,3
MCP2871005X,190015278,Montgomery County Police,Injury Crash,2019-04-02 16:19:00,Maryland (State),RIVER RD,BUTLER RD,SAME DIR REAR END,CLOUDY,DRY,DAYLIGHT,NO CONTROLS,NONE DETECTED,No,No Apparent Injury,NOT DISTRACTED,MD,Pickup Truck,35,2015.0,Ford,F150,16,Tuesday,4
MCP2437002J,170509424,Montgomery County Police,Property Damage Crash,2017-05-23 14:42:00,County,EVERTON ST,DALEWOOD DR,OPPOSITE DIRECTION SIDESWIPE,CLOUDY,DRY,DAYLIGHT,STOP SIGN,NONE DETECTED,Yes,No Apparent Injury,NOT DISTRACTED,MD,School Bus,25,2011.0,Thomas,BUS,14,Tuesday,5
MCP3190002G,210021874,Montgomery County Police,Property Damage Crash,2021-06-08 21:37:00,County,FRANWALL AVE,CHANNING DR,OTHER,CLEAR,DRY,DARK NO LIGHTS,NO CONTROLS,NONE DETECTED,Yes,No Apparent Injury,OTHER DISTRACTION,MD,Ambulance/Emergency,25,2009.0,Acura,TSX,21,Tuesday,6
MCP2846000S,15018881,Montgomery County Police,Property Damage Crash,2015-04-22 11:45:00,Unknown,Unknown,Unknown,SAME DIR REAR END,CLEAR,Unknown,DAYLIGHT,Unknown,NONE DETECTED,No,No Apparent Injury,NOT DISTRACTED,MD,Passenger Car,10,2005.0,Chev,4S,11,Wednesday,4
MCP3101000H,180015371,Montgomery County Police,Property Damage Crash,2018-03-29 20:00:00,Maryland (State),FREDERICK RD,SHADY GROVE RD,SAME DIR REAR END,CLEAR,DRY,DARK -- UNKNOWN LIGHTING,Unknown,NONE DETECTED,No,No Apparent Injury,NOT DISTRACTED,MD,Passenger Car,40,2008.0,Toyota,CAMRY,20,Thursday,3
MCP1145000M,15027441,Montgomery County Police,Injury Crash,2015-06-06 16:31:00,County,LITTLE SENECA PKWY,CROSSOVER,STRAIGHT MOVEMENT ANGLE,CLEAR,DRY,DAYLIGHT,STOP SIGN,NONE DETECTED,No,No Apparent Injury,NOT DISTRACTED,MD,Passenger Car,30,2014.0,Niss,ROUGE,16,Saturday,6
MCP157500BS,200037653,Montgomery County Police,Property Damage Crash,2020-09-25 07:50:00,Interstate (State),EISENHOWER MEMORIAL HWY,RAMP 1 FR IS 270 NB TO MD 28 WB,OTHER,FOGGY,DRY,DAYLIGHT,NO CONTROLS,NONE DETECTED,No,No Apparent Injury,NOT DISTRACTED,MD,Passenger Car,0,2014.0,Ford,4S,7,Friday,9
MCP29400085,250028924,MONTGOMERY,Property Damage Crash,2025-06-28 00:00:00,Unknown,Unknown,Unknown,Unknown,Unknown,Unknown,Unknown,Unknown,"Unknown, Unknown",No,Unknown,Unknown,Unknown,Passenger Car,0,2019.0,Chevrolet,BOLT EV,0,Saturday,6
MCP296200B1,250021037,MONTGOMERY,Property Damage Crash,2025-05-13 08:50:00,Maryland (State) Route,GREAT SENECA HWY,DAIRYMAID DR,Angle,Rain,Wet,Daylight,No Controls,"Not Suspect of Alcohol Use, Not Suspect of Drug Use",No,No Apparent Injury,Not Distracted,MD,Passenger Car,35,2017.0,Lincoln,MKC,8,Tuesday,5
MCP2978000B,15020617,Montgomery County Police,Property Damage Crash,2015-05-01 15:53:00,County,POPLAR HILL RD,PAREV TERR,SINGLE VEHICLE,CLEAR,DRY,DAYLIGHT,NO CONTROLS,NONE DETECTED,Yes,No Apparent Injury,LOOKED BUT DID NOT SEE,MD,Recreational Vehicle,25,2003.0,Thomas,BUS,15,Friday,5
DD56410011,200023521,Rockville Police Departme,Injury Crash,2020-06-15 19:10:00,Maryland (State),FREDERICK RD,KING FARM BLVD,HEAD ON LEFT TURN,CLEAR,DRY,DAYLIGHT,TRAFFIC SIGNAL,NONE DETECTED,Yes,No Apparent Injury,LOOKED BUT DID NOT SEE,MD,Passenger Car,30,2016.0,Honda,4S,19,Monday,6
DD56110013,16004529,Rockville Police Departme,Property Damage Crash,2016-01-28 10:21:00,County,GLEN MILL RD,DARNESTOWN RD,OTHER,SNOW,WET,DAYLIGHT,TRAFFIC SIGNAL,NONE DETECTED,No,No Apparent Injury,NOT DISTRACTED,MD,Passenger Car,35,1995.0,Mazd,2S,10,Thursday,1
MCP94280030,200049508,Montgomery County Police,Property Damage Crash,2020-12-16 11:50:00,Maryland (State),OLD HUNDRED RD,FREDERICK RD,SAME DIR REAR END,SNOW,SNOW,DAYLIGHT,TRAFFIC SIGNAL,NONE DETECTED,Yes,No Apparent Injury,NOT DISTRACTED,MD,Passenger Car,30,2014.0,Honda,ACCORD,11,Wednesday,12
EJ7858001V,180013876,Gaithersburg Police Depar,Property Damage Crash,2018-03-20 10:53:00,Unknown,Unknown,Unknown,STRAIGHT MOVEMENT ANGLE,RAINING,Unknown,DAYLIGHT,NO CONTROLS,NONE DETECTED,No,No Apparent Injury,NOT DISTRACTED,MD,Passenger Car,5,2015.0,Honda,ACCORD,10,Tuesday,3
MCP1564006B,220007542,Montgomery County Police,Property Damage Crash,2022-02-21 07:30:00,Maryland (State),GEORGIA AVE,INTERCOUNTY CONNECTOR,SINGLE VEHICLE,CLEAR,DRY,DAYLIGHT,NO CONTROLS,NONE DETECTED,Yes,No Apparent Injury,NOT DISTRACTED,DC,Passenger Car,45,2019.0,Nissan,ROGUE,7,Monday,2
MCP003600H6,230053434,Montgomery County Police,Injury Crash,2023-09-06 13:14:00,Maryland (State),FREDERICK RD,NEWCUT RD,SAME DIR REAR END,CLEAR,DRY,DAYLIGHT,NO CONTROLS,NONE DETECTED,Yes,No Apparent Injury,NOT DISTRACTED,MD,"Medium/Heavy Trucks 3 Axles (Over 10,000Lbs (4,536Kg))",40,2005.0,Mack,DUMP TRUCK,13,Wednesday,9
MCP3262000K,200030207,Montgomery County Police,Property Damage Crash,2020-08-08 16:29:00,Maryland (State),NEW HAMPSHIRE AVE,FOX ST,SAME DIR REAR END,CLEAR,DRY,DAYLIGHT,NO CONTROLS,Unknown,Yes,No Apparent Injury,LOOKED BUT DID NOT SEE,MD,Passenger Car,45,2019.0,Hyundai,4S,16,Saturday,8
MCP3267000D,200043349,Montgomery County Police,Injury Crash,2020-11-03 08:05:00,County,DARNESTOWN RD,SHADY GROVE RD,STRAIGHT MOVEMENT ANGLE,CLEAR,DRY,DAYLIGHT,TRAFFIC SIGNAL,NONE DETECTED,No,Suspected Minor Injury,NOT DISTRACTED,MD,Passenger Car,40,2009.0,Honda,4S,8,Tuesday,11
MCP2989000D,16022558,Montgomery County Police,Property Damage Crash,2016-05-06 21:53:00,County,BRIGGS CHANEY RD,GENTRY RIDGE CT,SINGLE VEHICLE,RAINING,WET,DARK -- UNKNOWN LIGHTING,TRAFFIC SIGNAL,UNKNOWN,Yes,No Apparent Injury,UNKNOWN,Unknown,Passenger Car,35,2007.0,Lincoln,TOWNCAR,21,Friday,5
EJ7884006R,240035516,GAITHERSBURG,Property Damage Crash,2024-07-28 01:37:00,Maryland (State) Route,QUINCE ORCHARD RD,Unknown,Front to Rear,Clear,Dry,Dark - Not Lighted,Traffic Control Signal,"Not Suspect of Alcohol Use, Not Suspect of Drug Use",No,No Apparent Injury,Not Distracted,MD,Sport Utility Vehicle,35,2015.0,Ford,ESCAPE,1,Sunday,7
MCP2877001G,15029495,Montgomery County Police,Injury Crash,2015-06-16 15:10:00,County,CRESTMOOR DR,COLESVILLE RD,STRAIGHT MOVEMENT ANGLE,UNKNOWN,UNKNOWN,DAYLIGHT,NO CONTROLS,UNKNOWN,Unknown,No Apparent Injury,UNKNOWN,MD,Passenger Car,40,2010.0,Ford,F150,15,Tuesday,6
MCP32080074,250037655,MONTGOMERY,Property Damage Crash,2025-08-23 00:57:00,US (State),COLUMBIA PIKE,Unknown,Single Vehicle,Clear,Dry,Dark - Not Lighted,No Controls,"Not Suspect of Alcohol Use, Not Suspect of Drug Use",Yes,No Apparent Injury,Unknown,MD,Passenger Car,50,2013.0,Hyundai,ELANTRA,0,Saturday,8
MCP1221004T,180014025,Montgomery County Police,Injury Crash,2018-03-21 08:33:00,County,SHADY GROVE RD,MIDCOUNTY HWY,STRAIGHT MOVEMENT ANGLE,SNOW,WET,DAYLIGHT,TRAFFIC SIGNAL,NONE DETECTED,Yes,No Apparent Injury,UNKNOWN,MD,Passenger Car,45,1999.0,Acur,4S,8,Wednesday,3
MCP30990014,180049890,Montgomery County Police,Property Damage Crash,2018-10-05 19:31:00,Maryland (State),GREAT SENECA HWY,COTTAGE GARDEN DR,SAME DIR REAR END,Unknown,DRY,DARK LIGHTS ON,TRAFFIC SIGNAL,NONE DETECTED,No,No Apparent Injury,NOT DISTRACTED,MD,Passenger Car,40,2009.0,Acura,TK,19,Friday,10
HA24140008,16000671,Maryland-National Capital,Injury Crash,2016-06-01 19:45:00,Government,BEACH DR,CEDAR LA,SAME DIR REAR END,CLEAR,DRY,DAYLIGHT,NO CONTROLS,NONE DETECTED,No,No Apparent Injury,UNKNOWN,TX,Passenger Car,25,2013.0,Niss,ALTIMA,19,Wednesday,6
MCP0036009D,190007987,Montgomery County Police,Injury Crash,2019-02-19 11:52:00,Maryland (State),RIDGE RD,HOLSEY RD,SAME DIR REAR END,CLEAR,DRY,DAYLIGHT,NO CONTROLS,NONE DETECTED,No,No Apparent Injury,NOT DISTRACTED,MD,Passenger Car,40,2011.0,Nissan,ALTIMA,11,Tuesday,2
MCP2717007F,16045607,Montgomery County Police,Injury Crash,2016-09-06 17:40:00,County,CEDAR LA,BEACH DR,SAME DIR REAR END,CLEAR,DRY,DAYLIGHT,TRAFFIC SIGNAL,NONE DETECTED,No,Suspected Minor Injury,NOT DISTRACTED,MD,Passenger Car,30,2008.0,Honda,CIVIC,17,Tuesday,9
MCP137800LT,180036898,Montgomery County Police,Injury Crash,2018-07-25 18:22:00,County,ODENDHAL AVE,LOST KNIFE RD,SAME DIR REAR END,RAINING,WET,DAYLIGHT,TRAFFIC SIGNAL,NONE DETECTED,No,Suspected Minor Injury,NOT DISTRACTED,MD,(Sport) Utility Vehicle,30,2017.0,Toyt,RAV4,18,Wednesday,7
MCP2039005C,190022509,Montgomery County Police,Injury Crash,2019-05-13 12:12:00,County,CONNECTICUT AVE,GRAND PRE RD,SAME DIR REAR END,RAINING,WET,DAYLIGHT,Unknown,Unknown,Yes,Possible Injury,LOOKED BUT DID NOT SEE,MD,Passenger Car,35,2004.0,Toyota,CAMRY,12,Monday,5
MCP3382001G,240041334,MONTGOMERY,Injury Crash,2024-08-31 21:25:00,County Route,BONIFANT RD,ALDERTON RD,Angle,Rain,Wet,Dark - Not Lighted,Stop Sign,"Not Suspect of Alcohol Use, Not Suspect of Drug Use",No,No Apparent Injury,Unknown,MD,Van - Passenger (&Lt;9 Seats),35,2000.0,Ford,E-350,21,Saturday,8
MCP2877005H,180031798,Montgomery County Police,Property Damage Crash,2018-06-28 09:00:00,Maryland (State),GEORGIA AVE,16TH ST,SAME DIRECTION SIDESWIPE,CLEAR,DRY,DAYLIGHT,NO CONTROLS,NONE DETECTED,No,No Apparent Injury,NOT DISTRACTED,MD,Passenger Car,35,2011.0,Toyota,RAV4,9,Thursday,6
MCP1389000R,16023468,Montgomery County Police,Injury Crash,2016-05-11 20:00:00,Maryland (State),FREDERICK RD,CHRISTOPHER AVE,HEAD ON LEFT TURN,RAINING,WET,DAYLIGHT,TRAFFIC SIGNAL,NONE DETECTED,No,Possible Injury,NOT DISTRACTED,MD,Passenger Car,40,2008.0,Hyundai,ELANTRA,20,Wednesday,5
MCP3268001L,220007559,Montgomery County Police,Property Damage Crash,2022-02-21 10:32:00,County,STEWART LA,COLUMBIA PIKE,STRAIGHT MOVEMENT ANGLE,Unknown,DRY,DAYLIGHT,TRAFFIC SIGNAL,NONE DETECTED,Yes,No Apparent Injury,INATTENTIVE OR LOST IN THOUGHT,MD,Passenger Car,45,2014.0,Toyota,COROLLA,10,Monday,2
MCP30100051,200000185,Montgomery County Police,Property Damage Crash,2020-01-02 10:07:00,County,MARINELLI RD,ROCKVILLE PIKE,SINGLE VEHICLE,CLEAR,DRY,DAYLIGHT,TRAFFIC SIGNAL,Unknown,Yes,No Apparent Injury,NOT DISTRACTED,MD,"Other Light Trucks (10,000Lbs (4,536Kg) Or Less)",30,2019.0,Peterbulit,DUMP,10,Thursday,1
MCP2987005M,190044980,Montgomery County Police,Property Damage Crash,2019-09-18 08:00:00,County,LOCKWOOD DR,HEATHER HOLLOW CIR,OTHER,CLEAR,DRY,DAYLIGHT,NO CONTROLS,UNKNOWN,Yes,No Apparent Injury,UNKNOWN,Unknown,Passenger Car,25,2011.0,Toyota,SIENNA,8,Wednesday,9
MCP3085004J,240008772,MONTGOMERY,Injury Crash,2024-02-22 19:57:00,Maryland (State) Route,CONNECTICUT AVE,EAST WEST HWY,Single Vehicle,Rain,Wet,Dark - Lighted,Traffic Control Signal,"Not Suspect of Alcohol Use, Not Suspect of Drug Use",No,No Apparent Injury,Not Distracted,MD,Passenger Car,25,2007.0,Toyota,CAMRY,19,Thursday,2
DM84630006,170539450,Takoma Park Police Depart,Property Damage Crash,2017-10-28 12:12:00,Unknown,Unknown,Unknown,STRAIGHT MOVEMENT ANGLE,CLEAR,Unknown,DAYLIGHT,Unknown,NONE DETECTED,Yes,No Apparent Injury,NOT DISTRACTED,MD,(Sport) Utility Vehicle,15,2003.0,Acura,TK,12,Saturday,10
MCP32470011,210018619,Montgomery County Police,Property Damage Crash,2021-05-17 17:53:00,Maryland (State),GEORGIA AVE,COLESVILLE RD,SAME DIRECTION RIGHT TURN,CLEAR,DRY,DAYLIGHT,TRAFFIC SIGNAL,NONE DETECTED,Yes,No Apparent Injury,INATTENTIVE OR LOST IN THOUGHT,DC,Transit Bus,35,2014.0,Nabi,TBU,17,Monday,5
MCP2436004K,180002814,Montgomery County Police,Property Damage Crash,2018-01-18 07:58:00,Maryland (State),NEW HAMPSHIRE AVE,COLUMBIA PIKE,SAME DIR REAR END,CLEAR,DRY,DAYLIGHT,Unknown,NONE DETECTED,No,No Apparent Injury,NOT DISTRACTED,MD,(Sport) Utility Vehicle,40,2011.0,Toyota,RAV4,7,Thursday,1
MCP1334002X,15042994,MONTGOMERY,Property Damage Crash,2015-08-27 11:57:00,Maryland (State),QUINCE ORCHARD RD,FIRSTFIELD RD,SAME DIR REAR END,CLEAR,DRY,DAYLIGHT,TRAFFIC SIGNAL,NONE DETECTED,No,No Apparent Injury,NOT DISTRACTED,MD,Passenger Car,35,2004.0,Ford,MUSTANG,11,Thursday,8
MCP2411000J,16032957,Montgomery County Police,Property Damage Crash,2016-06-29 17:41:00,Municipality,E MIDDLE LA,N WASHINGTON ST,SAME DIR REAR END,CLEAR,DRY,DAYLIGHT,TRAFFIC SIGNAL,NONE DETECTED,No,No Apparent Injury,NOT DISTRACTED,MD,Passenger Car,30,2009.0,Lincoln,NAVIGATOR,17,Wednesday,6
MCP29210019,16036822,Montgomery County Police,Property Damage Crash,2016-07-20 20:38:00,Maryland (State),GERMANTOWN RD,MIDDLEBROOK RD,SAME DIRECTION SIDESWIPE,CLEAR,DRY,DARK LIGHTS ON,NO CONTROLS,NONE DETECTED,Yes,No Apparent Injury,LOOKED BUT DID NOT SEE,MD,Transit Bus,40,2008.0,Gill,BU,20,Wednesday,7
MCP3149000P,180059385,Montgomery County Police,Property Damage Crash,2018-11-28 01:56:00,Maryland (State),GEORGIA AVE,DENNIS AVE,SAME DIRECTION LEFT TURN,CLEAR,DRY,DARK LIGHTS ON,TRAFFIC SIGNAL,NONE DETECTED,Yes,No Apparent Injury,UNKNOWN,DC,Passenger Car,45,2011.0,Toyota,PRIUS,1,Wednesday,11
MCP2552007J,240051943,MONTGOMERY,Property Damage Crash,2024-10-30 07:55:00,Maryland (State) Route,Unknown,MOUTH OF MONOCACY RD,"Sideswipe, Same Direction",Clear,Dry,Daylight,No Controls,"Not Suspect of Alcohol Use, Not Suspect of Drug Use",No,No Apparent Injury,Not Distracted,MD,Passenger Car,30,2016.0,Nissan,370Z,7,Wednesday,10
MCP9379003Z,220025715,Montgomery County Police,Property Damage Crash,2022-06-15 08:10:00,Maryland (State),FREDERICK RD,REDLAND RD,HEAD ON LEFT TURN,CLEAR,DRY,DAYLIGHT,TRAFFIC SIGNAL,NONE DETECTED,No,No Apparent Injury,NOT DISTRACTED,MD,Passenger Car,45,2020.0,Hond,4S,8,Wednesday,6
MCP3074005X,230059733,Montgomery County Police,Property Damage Crash,2023-10-10 19:07:00,Unknown,Unknown,Unknown,SAME DIR REAR END,CLEAR,Unknown,DARK LIGHTS ON,STOP SIGN,Unknown,No,No Apparent Injury,NOT DISTRACTED,XX,Passenger Car,10,2005.0,Honda,SD,19,Tuesday,10
MCP27230075,230007735,Montgomery County Police,Property Damage Crash,2023-02-15 16:20:00,County,HEWITT AVE,GEORGIA AVE,OPPOSITE DIRECTION SIDESWIPE,Unknown,DRY,DAYLIGHT,NO CONTROLS,NONE DETECTED,No,No Apparent Injury,NOT DISTRACTED,MD,School Bus,30,2019.0,Thomas,PUSH-MSDE-D,16,Wednesday,2
MCP2667000H,15000396,Montgomery County Police,Injury Crash,2015-01-03 10:00:00,Maryland (State),MONTGOMERY VILLAGE AVE,CHRISTOPHER AVE,SAME DIR REAR END,CLOUDY,WET,DAYLIGHT,TRAFFIC SIGNAL,NONE DETECTED,No,Suspected Minor Injury,NOT DISTRACTED,ME,Passenger Car,35,2001.0,Bmw,4DR,10,Saturday,1
MCP2040001H,200015861,Montgomery County Police,Property Damage Crash,2020-04-13 13:23:00,Maryland (State),WHITES FERRY RD,PARTNERSHIP RD,SINGLE VEHICLE,RAINING,WET,DAYLIGHT,NO CONTROLS,NONE DETECTED,Yes,No Apparent Injury,NOT DISTRACTED,MD,Passenger Car,40,2011.0,Ford,FUSION,13,Monday,4
MCP0487001C,17012806,Montgomery County Police,Property Damage Crash,2017-03-11 11:46:00,County,AIRPARK RD,WOODFIELD RD,SINGLE VEHICLE,CLEAR,DRY,DAYLIGHT,NO CONTROLS,NONE DETECTED,Yes,No Apparent Injury,LOOKED BUT DID NOT SEE,MD,Passenger Car,50,2012.0,Honda,CIVIC,11,Saturday,3
MCP9130008B,190048233,Montgomery County Police,Property Damage Crash,2019-10-08 06:50:00,Maryland (State),PINEY BRANCH RD,NO NAME,STRAIGHT MOVEMENT ANGLE,CLOUDY,DRY,DARK LIGHTS ON,NO CONTROLS,NONE DETECTED,No,No Apparent Injury,NOT DISTRACTED,MD,Passenger Car,40,2001.0,Toyota,CELICA,6,Tuesday,10
MCP1334003C,16005190,Montgomery County Police,Injury Crash,2016-02-01 08:46:00,County,MIDCOUNTY HWY,WASHINGTON GROVE LA,SAME DIR REAR END,CLOUDY,WET,DAYLIGHT,TRAFFIC SIGNAL,NONE DETECTED,No,No Apparent Injury,NOT DISTRACTED,MD,Van,45,2006.0,Ford,E250,8,Monday,2
MCP2732000T,15055590,MONTGOMERY,Property Damage Crash,2015-11-01 14:20:00,County,ARCOLA AVE,UNIVERSITY BLVD W,STRAIGHT MOVEMENT ANGLE,CLEAR,DRY,DAYLIGHT,NO CONTROLS,NONE DETECTED,No,No Apparent Injury,NOT DISTRACTED,MD,Passenger Car,30,2002.0,Toyota,4 RUNNER,14,Sunday,11
MCP1425001X,240045006,MONTGOMERY,Injury Crash,2024-09-21 01:12:00,County Route,SEVEN LOCKS RD,Unknown,Single Vehicle,Clear,Dry,Dark - Lighted,No Controls,"Suspect of Alcohol Use, Not Suspect of Drug Use",Yes,No Apparent Injury,Unknown,MD,Passenger Car,35,2023.0,Tesla,MODEL Y,1,Saturday,9
MCP2563001Z,240045071,MONTGOMERY,Injury Crash,2024-09-21 14:22:00,Maryland (State) Route,DARNESTOWN RD,GERMANTOWN RD SPRING MEADOWS DR (NB/L),Angle,Clear,Dry,Daylight,Traffic Control Signal,"Suspect of Alcohol Use, Not Suspect of Drug Use",Yes,No Apparent Injury,Unknown,Unknown,Passenger Car,40,2008.0,Toyota,YARIS,14,Saturday,9
DD56760001,240008476,ROCKVILLE,Injury Crash,2024-02-21 11:14:00,Bicycle Route,Unknown,TOWER OAKS BLVD WOOTTON PKWY,"Sideswipe, Opposite Direction",Clear,Dry,Daylight,Traffic Control Signal,"Not Suspect of Alcohol Use, Not Suspect of Drug Use",No,No Apparent Injury,Not Distracted,MD,Passenger Car,40,2007.0,Pontiac,VIBE,11,Wednesday,2