Report Number,Local Case Number,Agency Name,ACRS Report Type,Crash Date/Time,Route Type,Road Name,Cross-Street Name,Collision Type,Weather,Surface Condition,Light,Traffic Control,Driver Substance Abuse,Driver At Fault,Injury Severity,Driver Distracted By,Drivers License State,Vehicle Body Type,Speed Limit,Vehicle Year,Vehicle Make,Vehicle Model,Crash Hour,Crash Day,Crash Month
MCP2191002G,180041584,Montgomery County Police,Injury Crash,2018-08-21 12:20:00,Maryland (State),ROCKVILLE PIKE,EXECUTIVE BLVD,SAME DIR REAR END,RAINING,WET,DAYLIGHT,NO CONTROLS,Unknown,No,No Apparent Injury,NOT DISTRACTED,VA,Passenger Car,35,2014.0,Honda,ACCORD,12,Tuesday,8
MCP3233002P,220016982,Montgomery County Police,Property Damage Crash,2022-04-21 16:14:00,US (State),COLUMBIA PIKE,LOCKWOOD DR,SAME DIRECTION LEFT TURN,CLEAR,DRY,DAYLIGHT,NO CONTROLS,Unknown,No,No Apparent Injury,NOT DISTRACTED,MD,School Bus,40,2014.0,Thom,BUS,16,Thursday,4
DD5595000T,15000467,Rockville Police Departme,Property Damage Crash,2015-01-03 20:51:00,Maryland (State),VEIRS MILL RD,EDMONSTON DR,SAME DIR REAR END,RAINING,WET,DARK LIGHTS ON,TRAFFIC SIGNAL,NONE DETECTED,Yes,No Apparent Injury,NOT DISTRACTED,MD,Passenger Car,35,1996.0,Toyota,CAMRY,20,Saturday,1
MCP2940004T,200019548,Montgomery County Police,Injury Crash,2020-05-15 11:53:00,Maryland (State),RIVER RD,SEVEN LOCKS RD,STRAIGHT MOVEMENT ANGLE,CLEAR,DRY,DARK -- UNKNOWN LIGHTING,TRAFFIC SIGNAL,Unknown,Yes,Suspected Minor Injury,UNKNOWN,VA,Passenger Car,35,2016.0,Acura,ILX,11,Friday,5
DM85220041,250013944,TAKOMA,Property Damage Crash,2025-03-31 07:25:00,Maryland (State) Route,NEW HAMPSHIRE AVE,Unknown,Front to Rear,Clear,Dry,Daylight,No Controls,"Unknown, Unknown",No,Unknown,Unknown,Unknown,Sport Utility Vehicle,35,1998.0,Mazda,MPV,7,Monday,3
MCP3279001G,220036676,Montgomery County Police,Injury Crash,2022-08-24 22:22:00,Maryland (State),GEORGIA AVE,ASPEN HILL RD,SAME DIR REAR END,CLEAR,DRY,DARK LIGHTS ON,NO CONTROLS,Unknown,No,No Apparent Injury,NOT DISTRACTED,MD,Police Vehicle/Emergency,35,2017.0,Ford,TAURUS,22,Wednesday,8
MCP22310086,240042998,MONTGOMERY,Property Damage Crash,2024-09-10 13:45:00,Maryland (State) Route,QUINCE ORCHARD RD (SB/L),Unknown,Angle,Clear,Dry,Daylight,No Controls,"Not Suspect of Alcohol Use, Not Suspect of Drug Use",No,No Apparent Injury,Unknown,MD,Passenger Car,35,2009.0,Nissan,ALTIMA,13,Tuesday,9
MCP292300FH,250046131,MONTGOMERY,Property Damage Crash,2025-10-14 09:21:00,Maryland (State) Route,GEORGIA AVE (SB/L),Unknown,Front to Rear,Clear,Dry,Daylight,Traffic Control Signal,"Not Suspect of Alcohol Use, Not Suspect of Drug Use",No,No Apparent Injury,Not Distracted,MD,Bus - School,35,2025.0,Freightliner,B2 106 ELECTRIC CONVENTIONAL CHASSIS,9,Tuesday,10
EJ7888004Z,230053864,Gaithersburg Police Depar,Injury Crash,2023-09-08 19:45:00,Maryland (State),GREAT SENECA HWY,LAKELANDS DR,HEAD ON LEFT TURN,RAINING,WET,DARK LIGHTS ON,TRAFFIC SIGNAL,NONE DETECTED,No,No Apparent Injury,NOT DISTRACTED,MD,(Sport) Utility Vehicle,50,2013.0,Ford,UT,19,Friday,9
MCP1564001R,16062971,Montgomery County Police,Injury Crash,2016-12-08 08:00:00,Maryland (State),NEW HAMPSHIRE AVE,SAPLING RIDGE LA,SAME DIR REAR END,CLOUDY,DRY,DAYLIGHT,NO CONTROLS,NONE DETECTED,Yes,No Apparent Injury,NOT DISTRACTED,MD,Passenger Car,30,1999.0,Hond,2H,8,Thursday,12
EJ7853001H,15065818,Gaithersburg Police Depar,Injury Crash,2015-12-23 18:22:00,Municipality,S SUMMIT AVE,OLDE TOWNE AVE,SAME DIR REAR END,RAINING,WET,DARK LIGHTS ON,TRAFFIC SIGNAL,NONE DETECTED,No,Suspected Minor Injury,NOT DISTRACTED,MD,Passenger Car,25,2008.0,Nissan,QUEST,18,Wednesday,12
MCP3031002N,180029238,Montgomery County Police,Injury Crash,2018-06-13 17:15:00,Maryland (State),NEW HAMPSHIRE AVE,NO NAME,SAME DIR REAR END,CLEAR,DRY,DAYLIGHT,NO CONTROLS,NONE DETECTED,Yes,Possible Injury,NOT DISTRACTED,MD,Passenger Car,35,2011.0,Cadillac,SRX4,17,Wednesday,6
MCP2771005P,250055796,MONTGOMERY,Property Damage Crash,2025-12-13 12:00:00,County Route,NORBECK RD,NORWOOD RD,Front to Rear,Cloudy,Dry,Daylight,No Controls,"Unknown, Unknown",No,Unknown,Unknown,Unknown,Van - Passenger (&Lt;9 Seats),40,2006.0,Toyota,SIENNA,12,Saturday,12
MCP2633001B,17002468,Montgomery County Police,Property Damage Crash,2017-01-14 17:28:00,Maryland (State),MONTGOMERY VILLAGE AVE,RUSSELL AVE,STRAIGHT MOVEMENT ANGLE,RAINING,WET,DARK LIGHTS ON,TRAFFIC SIGNAL,NONE DETECTED,Yes,No Apparent Injury,UNKNOWN,MD,(Sport) Utility Vehicle,40,2005.0,Niss,TK,17,Saturday,1
MCP229800CT,17015995,Montgomery County Police,Property Damage Crash,2017-03-29 15:42:00,Maryland (State),OLNEY LAYTONSVILLE RD,FIELDCREST RD,SAME DIR REAR END,CLEAR,DRY,DAYLIGHT,NO CONTROLS,NONE DETECTED,No,No Apparent Injury,NOT DISTRACTED,MD,Passenger Car,40,2013.0,Toyt,4S,15,Wednesday,3
DD56050081,200038447,Rockville Police Departme,Property Damage Crash,2020-09-30 12:15:00,Municipality,GLENMORE TERR,BALMORAL DR,SINGLE VEHICLE,CLEAR,DRY,DAYLIGHT,NO CONTROLS,NONE DETECTED,Yes,No Apparent Injury,INATTENTIVE OR LOST IN THOUGHT,MD,Passenger Car,25,2020.0,Jeep,TK,12,Wednesday,9
MCP3010002Y,180027283,Montgomery County Police,Injury Crash,2018-06-03 13:06:00,County,MARINELLI RD,CITADEL AVE,STRAIGHT MOVEMENT ANGLE,RAINING,WET,DAYLIGHT,STOP SIGN,Unknown,Yes,Suspected Minor Injury,NOT DISTRACTED,MD,Passenger Car,25,2011.0,Toyota,CAMRY,13,Sunday,6
DD5648003T,250002342,ROCKVILLE,Property Damage Crash,2025-01-17 13:00:00,Maryland (State) Route,W MONTGOMERY AVE (WB/L),Unknown,Front to Rear,Clear,Dry,Daylight,No Controls,"Not Suspect of Alcohol Use, Not Suspect of Drug Use",No,No Apparent Injury,Not Distracted,MD,Van - Passenger (&Lt;9 Seats),40,2012.0,Mercedes-Benz,SPRINTER,13,Friday,1
MCP28940014,15041633,MONTGOMERY,Property Damage Crash,2015-08-20 07:00:00,Interstate (State),CAPITAL BELTWAY,MD 355 SB/L,Unknown,Unknown,DRY,DAYLIGHT,Unknown,Unknown,No,No Apparent Injury,NOT DISTRACTED,MD,Transit Bus,55,2016.0,Blue Bird,BUS,7,Thursday,8
MCP2055002P,190013198,Montgomery County Police,Property Damage Crash,2019-03-22 11:50:00,Municipality,WASHINGTONIAN BLVD,ROUNDABOUT,SAME DIRECTION LEFT TURN,CLEAR,DRY,DAYLIGHT,NO CONTROLS,NONE DETECTED,No,No Apparent Injury,NOT DISTRACTED,MD,Transit Bus,25,2018.0,34P,METRO BUS,11,Friday,3
MCP1378018V,240032774,MONTGOMERY,Property Damage Crash,2024-07-11 17:27:00,Maryland (State) Route,GREAT SENECA HWY,Unknown,"Sideswipe, Same Direction",Cloudy,Dry,Daylight,No Controls,"Not Suspect of Alcohol Use, Not Suspect of Drug Use",Yes,No Apparent Injury,Not Distracted,FL,Passenger Car,50,2016.0,Mercedes-Benz,C-CLASS,17,Thursday,7
MCP2937000Y,15040567,MONTGOMERY,Injury Crash,2015-08-14 13:28:00,Unknown,Unknown,Unknown,SAME DIR REAR END,CLEAR,Unknown,DAYLIGHT,NO CONTROLS,NONE DETECTED,No,Suspected Minor Injury,NOT DISTRACTED,MD,Passenger Car,0,2006.0,Chry,CN,13,Friday,8
MCP2959001K,16020927,Montgomery County Police,Injury Crash,2016-04-28 13:46:00,County,BRIGGS CHANEY RD,CLAUDE LA,SAME DIR REAR END,RAINING,WET,DAYLIGHT,NO CONTROLS,NONE DETECTED,No,Suspected Minor Injury,NOT DISTRACTED,MD,(Sport) Utility Vehicle,35,2016.0,Mercedes Benz,GLE 350,13,Thursday,4
MCP3232002D,220001294,Montgomery County Police,Property Damage Crash,2022-01-11 16:28:00,County,NORWOOD RD,EDNOR RD,SAME DIR REND LEFT TURN,CLEAR,DRY,DAYLIGHT,TRAFFIC SIGNAL,NONE DETECTED,Yes,No Apparent Injury,LOOKED BUT DID NOT SEE,MD,Passenger Car,35,2013.0,Chev,CRUZE,16,Tuesday,1
MCP2848002C,15064690,MONTGOMERY,Property Damage Crash,2015-12-18 12:18:00,County,PARKLAWN DR,PARKLAWN DR,SAME DIR REAR END,CLEAR,DRY,DAYLIGHT,YIELD SIGN,NONE DETECTED,Yes,No Apparent Injury,UNKNOWN,MD,Passenger Car,30,2005.0,Ford,TAURUS,12,Friday,12
MCP2622000V,16042456,Montgomery County Police,Injury Crash,2016-08-21 14:25:00,County,BELLEVUE ST,SUMMERWOOD DR,SINGLE VEHICLE,CLOUDY,DRY,DAYLIGHT,NO CONTROLS,NONE DETECTED,Yes,Possible Injury,INATTENTIVE OR LOST IN THOUGHT,MD,Passenger Car,25,2008.0,Subaru,FORESTER,14,Sunday,8
MCP9130003Y,170533781,Montgomery County Police,Injury Crash,2017-09-29 07:15:00,Maryland (State),UNIVERSITY BLVD E,PATTON DR,SAME DIR REAR END,CLEAR,DRY,DAYLIGHT,NO CONTROLS,NONE DETECTED,No,Possible Injury,NOT DISTRACTED,MD,(Sport) Utility Vehicle,35,2012.0,Nissan,ROGUE,7,Friday,9
MCP12130069,220001048,Montgomery County Police,Property Damage Crash,2022-01-09 22:00:00,County,RANDOLPH RD,OLD RANDOLPH RD,SINGLE VEHICLE,RAINING,WET,DARK LIGHTS ON,NO CONTROLS,NONE DETECTED,Yes,No Apparent Injury,LOOKED BUT DID NOT SEE,MD,Passenger Car,40,2014.0,Chevy,CRUZE,22,Sunday,1
MCP26780067,250054048,MONTGOMERY,Injury Crash,2025-12-03 12:20:00,Unknown,Unknown,Unknown,Angle,Clear,Unknown,Daylight,Unknown,"Not Suspect of Alcohol Use, Not Suspect of Drug Use",No,No Apparent Injury,Not Distracted,MD,Passenger Car,0,2013.0,Toyota,CAMRY,12,Wednesday,12
DD5538001X,16049891,Rockville Police Departme,Property Damage Crash,2016-09-28 11:30:00,Maryland (State),W JEFFERSON ST,S WASHINGTON ST,UNKNOWN,RAINING,WET,DAYLIGHT,TRAFFIC SIGNAL,NONE DETECTED,Unknown,No Apparent Injury,UNKNOWN,MD,Passenger Car,25,2011.0,Acura,TSX,11,Wednesday,9
MCP295400D6,230018795,Montgomery County Police,Injury Crash,2023-04-19 21:36:00,Maryland (State),UNIVERSITY BLVD E,INDIAN SPRING DR,STRAIGHT MOVEMENT ANGLE,CLEAR,DRY,DARK LIGHTS ON,NO CONTROLS,ALCOHOL PRESENT,No,No Apparent Injury,NOT DISTRACTED,MD,Passenger Car,30,2009.0,Honda,CIVC,21,Wednesday,4
MCP3351002Z,250015544,MONTGOMERY,Property Damage Crash,2025-04-09 22:55:00,Unknown,Unknown,Unknown,Single Vehicle,Clear,Unknown,Dark - Lighted,Unknown,"Suspect of Alcohol Use, Unknown",Yes,No Apparent Injury,Unknown,MD,Passenger Car,0,2019.0,Infiniti,Q50,22,Wednesday,4
MCP14530019,15011451,Montgomery County Police,Injury Crash,2015-03-12 15:14:00,County,WIGHTMAN RD,GOSHEN RD,SAME DIR REAR END,CLEAR,DRY,DAYLIGHT,TRAFFIC SIGNAL,UNKNOWN,Yes,No Apparent Injury,UNKNOWN,MD,Passenger Car,35,2012.0,Mazda,4S,15,Thursday,3
MCP24460030,170517674,Montgomery County Police,Injury Crash,2017-07-06 16:57:00,County,WARFIELD RD,DORSEY RD,STRAIGHT MOVEMENT ANGLE,CLOUDY,WET,DAYLIGHT,STOP SIGN,NONE DETECTED,No,No Apparent Injury,NOT DISTRACTED,MD,(Sport) Utility Vehicle,25,2014.0,Jeep,CHEROKEE,16,Thursday,7
MCP3228001K,210019506,Montgomery County Police,Property Damage Crash,2021-05-23 17:00:00,US (State),GEORGIA AVE,BURLINGTON AVE,SAME DIRECTION SIDESWIPE,CLEAR,DRY,DAYLIGHT,NO CONTROLS,UNKNOWN,Yes,No Apparent Injury,UNKNOWN,Unknown,Passenger Car,30,2019.0,Hyundai,SUV,17,Sunday,5
MCP31610063,230071764,Montgomery County Police,Property Damage Crash,2023-12-14 17:05:00,Maryland (State),CONNECTICUT AVE,JONES BRIDGE RD,SAME DIRECTION SIDESWIPE,CLEAR,DRY,DUSK,TRAFFIC SIGNAL,NONE DETECTED,Yes,No Apparent Injury,UNKNOWN,MD,Passenger Car,35,2004.0,Toyt,SCION XA,17,Thursday,12
MCP2353007C,190031274,Montgomery County Police,Injury Crash,2019-07-01 08:39:00,County,DEMOCRACY BLVD,CROSSOVER,SAME DIR REAR END,CLOUDY,DRY,DAYLIGHT,TRAFFIC SIGNAL,NONE DETECTED,Yes,No Apparent Injury,NOT DISTRACTED,MD,Passenger Car,35,2014.0,Infiniti,Q50,8,Monday,7
MCP1265000M,190043286,Montgomery County Police,Property Damage Crash,2019-09-10 05:56:00,US (State),COLESVILLE RD,UNIVERSITY BLVD E,SAME DIRECTION SIDESWIPE,CLEAR,DRY,DARK LIGHTS ON,Unknown,NONE DETECTED,No,No Apparent Injury,NOT DISTRACTED,MD,Passenger Car,35,2019.0,Ford,MUSTANG,5,Tuesday,9
MCP2475001D,16056910,Montgomery County Police,Property Damage Crash,2016-11-04 15:56:00,Maryland (State),NEW HAMPSHIRE AVE,POWDER MILL RD,SAME DIR REND LEFT TURN,Unknown,DRY,DAYLIGHT,NO CONTROLS,Unknown,Yes,No Apparent Injury,NOT DISTRACTED,MD,Transit Bus,40,2014.0,Gill,BU,15,Friday,11
MCP2688001P,15043317,MONTGOMERY,Property Damage Crash,2015-08-28 22:58:00,Maryland (State),GEORGIA AVE,SEMINARY RD,SAME DIR REAR END,CLEAR,DRY,DARK LIGHTS ON,TRAFFIC SIGNAL,NONE DETECTED,No,No Apparent Injury,NOT DISTRACTED,MD,Passenger Car,35,2015.0,Honda,CIVC,22,Friday,8
MCP10350007,15016375,Montgomery County Police,Property Damage Crash,2015-04-09 05:15:00,County,E GUDE DR,CRABBS BRANCH WAY,ANGLE MEETS LEFT TURN,RAINING,WET,DARK LIGHTS ON,FLASHING TRAFFIC SIGNAL,NONE DETECTED,Yes,No Apparent Injury,OTHER DISTRACTION,MD,Passenger Car,40,2003.0,Mitsubishi,GALANT,5,Thursday,4
MCP31740049,230050879,Montgomery County Police,Injury Crash,2023-08-23 11:51:00,Maryland (State),QUINCE ORCHARD RD,GREAT SENECA HWY,SAME DIR REAR END,CLEAR,DRY,DAYLIGHT,NO CONTROLS,Unknown,Yes,No Apparent Injury,UNKNOWN,Unknown,Passenger Car,35,2019.0,Ford,FIESTA,11,Wednesday,8
MCP2592003Q,240011187,MONTGOMERY,Property Damage Crash,2024-03-08 06:30:00,Unknown,Unknown,Unknown,Single Vehicle,Clear,Unknown,Daylight,Unknown,"Unknown, Unknown",No,Unknown,Unknown,Unknown,Passenger Car,0,2022.0,Acura,ILX,6,Friday,3
MCP2411008K,220008764,Montgomery County Police,Property Damage Crash,2022-03-01 07:06:00,County,TWINBROOK PKWY,VEIRS MILL RD,SAME DIRECTION RIGHT TURN,CLEAR,DRY,DAYLIGHT,Unknown,UNKNOWN,Yes,No Apparent Injury,UNKNOWN,Unknown,Passenger Car,25,1997.0,Toyota,4D,7,Tuesday,3
MCP229800ND,190022748,Montgomery County Police,Property Damage Crash,2019-05-14 16:13:00,County,HIGH CORNER ST,RIDGE RD,SINGLE VEHICLE,CLOUDY,DRY,DAYLIGHT,NO CONTROLS,NONE DETECTED,Yes,No Apparent Injury,NOT DISTRACTED,MD,Passenger Car,30,2009.0,Bmw,328I,16,Tuesday,5
MCP3283000F,210010423,Montgomery County Police,Property Damage Crash,2021-03-19 20:40:00,County,SHADY GROVE RD,BRIARDALE RD,SINGLE VEHICLE,Unknown,DRY,DARK LIGHTS ON,NO CONTROLS,NONE DETECTED,Yes,No Apparent Injury,OTHER DISTRACTION,MD,Passenger Car,45,2020.0,Tesla,4S,20,Friday,3
MCP33370045,250023221,MONTGOMERY,Property Damage Crash,2025-05-25 19:32:00,Maryland (State) Route,GEORGIA AVE,Unknown,Rear To Side,Clear,Dry,Daylight,Traffic Control Signal,"Not Suspect of Alcohol Use, Not Suspect of Drug Use",Yes,No Apparent Injury,Unknown,MD,Passenger Car,35,2008.0,Honda,FIT,19,Sunday,5
MCP1123000S,15026561,Montgomery County Police,Injury Crash,2015-06-02 07:43:00,County,OAK HILL RD,AVOCA LA,OPPOSITE DIRECTION SIDESWIPE,RAINING,WET,DAYLIGHT,NO CONTROLS,NONE DETECTED,No,Possible Injury,NOT DISTRACTED,MD,School Bus,25,2015.0,Thomas,SCHOOL BUS,7,Tuesday,6
MCP2270000Z,220011744,Montgomery County Police,Injury Crash,2023-03-10 11:15:00,Government,CLARA BARTON PKWY,CABIN JOHN PKWY,SINGLE VEHICLE,RAINING,WET,DAYLIGHT,NO CONTROLS,NONE DETECTED,Yes,Possible Injury,NOT DISTRACTED,ID,Passenger Car,35,1999.0,Ford,EXPLORER,11,Friday,3
MCP2064000Z,240013083,MONTGOMERY,Property Damage Crash,2024-03-12 16:00:00,County Route,PEACH TREE RD,Unknown,Single Vehicle,Unknown,Unknown,Daylight,Other Signal,"Unknown, Unknown",No,No Apparent Injury,Unknown,MD,Pickup,30,2009.0,Ford,F-SUPER DUTY,16,Tuesday,3
DD56110068,190028608,Rockville Police Departme,Property Damage Crash,2019-06-15 12:00:00,Municipality,HALPINE RD,ROCKVILLE PIKE,HEAD ON LEFT TURN,CLEAR,DRY,DAYLIGHT,TRAFFIC SIGNAL,NONE DETECTED,No,No Apparent Injury,NOT DISTRACTED,MD,Passenger Car,25,2011.0,Toyt,COROLLA,12,Saturday,6
MCP27100013,16030045,Montgomery County Police,Injury Crash,2016-06-14 15:35:00,County,INDUSTRIAL DR,GAITHER RD,SAME DIRECTION LEFT TURN,CLEAR,DRY,DAYLIGHT,Unknown,NONE DETECTED,Yes,No Apparent Injury,UNKNOWN,MD,Passenger Car,25,2014.0,Toyota,PRIUS,15,Tuesday,6
MCP3317001F,240007782,MONTGOMERY,Property Damage Crash,2024-02-16 23:24:00,County Route,ELLSWORTH DR,Unknown,Angle,Clear,Dry,Dark - Lighted,No Controls,"Not Suspect of Alcohol Use, Not Suspect of Drug Use",No,No Apparent Injury,Not Distracted,DC,Sport Utility Vehicle,25,2018.0,Toyota,RAV4,23,Friday,2
MCP2969001S,16013830,Montgomery County Police,Property Damage Crash,2016-03-21 12:51:00,Unknown,Unknown,Unknown,OTHER,CLEAR,Unknown,DAYLIGHT,NO CONTROLS,NONE DETECTED,No,No Apparent Injury,NOT DISTRACTED,MD,Passenger Car,10,2015.0,Ford,EXPLOYER,12,Monday,3
MCP34360017,250035410,MONTGOMERY,Property Damage Crash,2025-08-08 20:56:00,County Route,LOCKSLEY LA,RANDOLPH RD,Front to Rear,Clear,Dry,Dusk,Traffic Control Signal,"Not Suspect of Alcohol Use, Not Suspect of Drug Use",No,No Apparent Injury,Not Distracted,MD,Passenger Car,35,2015.0,Toyota,SIENNA,20,Friday,8
MCP15630098,240011551,MONTGOMERY,Injury Crash,2024-03-10 13:17:00,Municipality Route,WILLIAMS LA,CONNECTICUT AVE,Angle,Cloudy,Dry,Daylight,No Controls,"Not Suspect of Alcohol Use, Not Suspect of Drug Use",No,No Apparent Injury,Not Distracted,MD,Passenger Car,30,2020.0,Kia,SOUL,13,Sunday,3
MCP2940000N,16026373,Montgomery County Police,Injury Crash,2016-05-27 10:01:00,County,GREENTREE RD,BRADMOOR DR,OTHER,CLEAR,DRY,DAYLIGHT,STOP SIGN,NONE DETECTED,Yes,Possible Injury,UNKNOWN,MD,Passenger Car,35,2012.0,Mercedes,E350,10,Friday,5
MCP32960029,240006573,MONTGOMERY,Property Damage Crash,2024-02-09 17:55:00,Unknown,Unknown,Unknown,Front to Front,Clear,Unknown,Dusk,Unknown,"Not Suspect of Alcohol Use, Not Suspect of Drug Use",Yes,No Apparent Injury,Not Distracted,MD,Passenger Car,0,2016.0,Nissan,VERSA,17,Friday,2
MCP2899002X,190032209,Montgomery County Police,Injury Crash,2019-07-06 22:00:00,Interstate (State),CAPITAL BELTWAY,RAMP 6 FR IS 495 EB TO MD 97 SB,SAME DIR REAR END,RAINING,WET,DARK LIGHTS ON,Unknown,NONE DETECTED,Yes,Suspected Minor Injury,INATTENTIVE OR LOST IN THOUGHT,FL,"Cargo Van/Light Truck 2 Axles (Over 10,000Lbs (4,536 Kg))",55,2017.0,Gmc,SAVANA,22,Saturday,7
MCP2761006W,250012371,MONTGOMERY,Property Damage Crash,2025-03-21 08:18:00,Unknown,Unknown,Unknown,Angle,Clear,Unknown,Daylight,Unknown,"Not Suspect of Alcohol Use, Not Suspect of Drug Use",Yes,No Apparent Injury,Unknown,MD,Passenger Car,0,2004.0,Toyota,PRIUS,8,Friday,3
MCP2001000L,16061208,Montgomery County Police,Fatal Crash,2016-11-29 11:32:00,County,SNOUFFERS SCHOOL RD,CENTERWAY RD,HEAD ON LEFT TURN,RAINING,WET,DAYLIGHT,TRAFFIC SIGNAL,UNKNOWN,Unknown,No Apparent Injury,UNKNOWN,MD,Passenger Car,40,2000.0,Acura,3.2 TL,11,Tuesday,11
MCP3309000Q,220016639,Montgomery County Police,Property Damage Crash,2022-04-11 15:30:00,County,POWDER HORN DR,HUNT CLUB DR,SINGLE VEHICLE,CLEAR,Unknown,DAYLIGHT,Unknown,UNKNOWN,Yes,No Apparent Injury,UNKNOWN,Unknown,Van,25,2020.0,Chevy,EXPRESS G2500,15,Monday,4
MCP27630043,220046102,Montgomery County Police,Property Damage Crash,2022-10-20 16:30:00,County,CENTERWAY RD,HARKNESS LA,SAME DIR REAR END,CLEAR,DRY,DAYLIGHT,NO CONTROLS,NONE DETECTED,No,No Apparent Injury,NOT DISTRACTED,MD,Passenger Car,30,2018.0,Chevrolet,TAHOE,16,Thursday,10
DD5601002P,17009483,Rockville Police Departme,Property Damage Crash,2017-02-22 08:02:00,Unknown,Unknown,Unknown,OTHER,CLEAR,Unknown,DAYLIGHT,NO CONTROLS,UNKNOWN,Yes,No Apparent Injury,UNKNOWN,MD,Passenger Car,15,2006.0,Chevrolet,SILVERADO,8,Wednesday,2
MCP11820036,200017063,Montgomery County Police,Property Damage Crash,2020-04-24 12:47:00,Maryland (State),ROCKVILLE PIKE,SOUTHWOOD DR,SAME DIRECTION RIGHT TURN,CLOUDY,DRY,DAYLIGHT,TRAFFIC SIGNAL,NONE DETECTED,Yes,No Apparent Injury,NOT DISTRACTED,MD,Passenger Car,35,2018.0,Volkswagon,OASSAT,12,Friday,4
MCP11210047,180033007,Montgomery County Police,Property Damage Crash,2018-07-04 17:09:00,Maryland (State),MUNCASTER MILL RD,IVY OAK DR,SAME DIR REAR END,CLOUDY,DRY,DAYLIGHT,NO CONTROLS,NONE DETECTED,Yes,No Apparent Injury,UNKNOWN,MD,Passenger Car,35,2010.0,Honda,ACCORD,17,Wednesday,7
MCP2536002C,190062400,Montgomery County Police,Property Damage Crash,2019-12-27 23:45:00,County,JUSTICE RD,KEATING ST,OTHER,CLEAR,DRY,Unknown,NO CONTROLS,ALCOHOL PRESENT,Yes,No Apparent Injury,NOT DISTRACTED,MD,Passenger Car,30,2019.0,Toyota,CAROLLA,23,Friday,12
MCP3037006L,240049487,MONTGOMERY,Injury Crash,2024-10-16 15:46:00,County Route,OBSERVATION DR (SB/L),MILESTONE CENTER DR (NB/L),Unknown,Clear,Dry,Daylight,"Person (including flagger, law enforcement, crossing guard, etc.","Not Suspect of Alcohol Use, Not Suspect of Drug Use",Yes,No Apparent Injury,Not Distracted,MD,Sport Utility Vehicle,30,2021.0,Mercedes-Benz,GLC-CLASS,15,Wednesday,10
MCP2743000B,15016875,Montgomery County Police,Property Damage Crash,2015-04-12 00:55:00,Unknown,Unknown,Unknown,SINGLE VEHICLE,CLEAR,Unknown,DARK LIGHTS ON,NO CONTROLS,ALCOHOL PRESENT,Yes,No Apparent Injury,UNKNOWN,MD,Passenger Car,0,2007.0,Toyota,4RUNNER,0,Sunday,4
MCP3193002Y,210047874,Montgomery County Police,Property Damage Crash,2021-11-24 21:48:00,County,AMHERST AVE,UNIVERSITY BLVD W,STRAIGHT MOVEMENT ANGLE,CLEAR,DRY,DARK LIGHTS ON,TRAFFIC SIGNAL,NONE DETECTED,No,No Apparent Injury,UNKNOWN,MD,Passenger Car,25,2011.0,Honda,TK,21,Wednesday,11
MCP2251002L,240041872,MONTGOMERY,Property Damage Crash,2024-09-04 09:51:00,County Route,TUCKERMAN LA,Unknown,Front to Rear,Clear,Dry,Daylight,Traffic Control Signal,"Not Suspect of Alcohol Use, Not Suspect of Drug Use",No,No Apparent Injury,Not Distracted,MD,Bus - School,35,2019.0,Thomas Built,SCHOOL BUS,9,Wednesday,9
MCP3123005P,230028629,Montgomery County Police,Injury Crash,2023-06-14 13:30:00,Maryland (State),ROCKVILLE PIKE,WOOTTON PKWY,STRAIGHT MOVEMENT ANGLE,CLEAR,DRY,DAYLIGHT,Unknown,Unknown,Yes,No Apparent Injury,UNKNOWN,MD,Passenger Car,35,2016.0,Acura,RDX,13,Wednesday,6
DD56060036,16017518,Rockville Police Departme,Injury Crash,2016-04-10 13:11:00,Maryland (State),FIRST ST,MAPLE AVE,SAME DIR REAR END,Unknown,Unknown,DAYLIGHT,NO CONTROLS,NONE DETECTED,Yes,No Apparent Injury,LOOKED BUT DID NOT SEE,MD,Passenger Car,35,2008.0,Ford,S4,13,Sunday,4
DD5628005L,220053627,Rockville Police Departme,Injury Crash,2022-12-05 08:13:00,Maryland (State),ROCKVILLE PIKE,FIRST ST,SAME DIR REAR END,CLEAR,DRY,DAYLIGHT,TRAFFIC SIGNAL,UNKNOWN,Yes,Possible Injury,OTHER ELECTRONIC DEVICE (NAVIGATIONAL PALM PILOT),MD,Passenger Car,35,2006.0,Hond,4S,8,Monday,12
MCP120500DC,250049261,MONTGOMERY,Injury Crash,2025-11-03 06:43:00,Maryland (State) Route,Unknown,Unknown,Front to Rear,Cloudy,Dry,Dawn,No Controls,"Not Suspect of Alcohol Use, Not Suspect of Drug Use",Yes,No Apparent Injury,Not Distracted,MD,Passenger Car,25,2024.0,Ford,MUSTANG MACH-E,6,Monday,11
MCP32310012,230059060,Montgomery County Police,Property Damage Crash,2023-10-06 22:30:00,Maryland (State),UNIVERSITY BLVD E,WILLIAMSBURG DR,SAME DIR REAR END,UNKNOWN,UNKNOWN,DARK LIGHTS ON,UNKNOWN,UNKNOWN,Yes,No Apparent Injury,UNKNOWN,Unknown,Passenger Car,35,2012.0,Honda,CIVIC,22,Friday,10