Report Number,Local Case Number,Agency Name,ACRS Report Type,Crash Date/Time,Route Type,Road Name,Cross-Street Name,Collision Type,Weather,Surface Condition,Light,Traffic Control,Driver Substance Abuse,Driver At Fault,Injury Severity,Driver Distracted By,Drivers License State,Vehicle Body Type,Speed Limit,Vehicle Year,Vehicle Make,Vehicle Model,Crash Hour,Crash Day,Crash Month
MCP2231008F,250001227,MONTGOMERY,Injury Crash,2025-01-10 08:09:00,Maryland (State) Route,CLOPPER RD,Unknown,Front to Rear,Clear,Dry,Daylight,No Controls,"Not Suspect of Alcohol Use, Not Suspect of Drug Use",No,No Apparent Injury,Not Distracted,MD,Passenger Car,35,2020.0,Cadillac,ESCALADE,8,Friday,1
DM8479000K,200033763,Takoma Park Police Depart,Property Damage Crash,2020-08-29 10:59:00,Unknown,Unknown,Unknown,OTHER,RAINING,Unknown,DAYLIGHT,Unknown,NONE DETECTED,No,No Apparent Injury,NOT DISTRACTED,DC,Passenger Car,5,2016.0,Toyota,RAV4,10,Saturday,8
MCP1465003B,180009275,Montgomery County Police,Injury Crash,2018-02-22 16:35:00,Maryland (State),DARNESTOWN RD,EDEN ROCK CT,SAME DIR REAR END,RAINING,WET,DAYLIGHT,NO CONTROLS,NONE DETECTED,No,Possible Injury,NOT DISTRACTED,MD,Passenger Car,40,2017.0,Honda,CIVIC,16,Thursday,2
MCP3262002B,220045745,Montgomery County Police,Property Damage Crash,2022-10-18 17:13:00,County,SEMINARY RD,WARREN ST,STRAIGHT MOVEMENT ANGLE,CLEAR,DRY,DAYLIGHT,NO CONTROLS,NONE DETECTED,Yes,No Apparent Injury,LOOKED BUT DID NOT SEE,MD,Passenger Car,25,2003.0,Mazd,CN,17,Tuesday,10
MCP22690004,15022336,Montgomery County Police,Injury Crash,2015-05-10 19:23:00,County,SHADOW OAK DR,MAPLE LEAF DR,SINGLE VEHICLE,CLEAR,DRY,DAYLIGHT,Unknown,NONE DETECTED,Yes,Suspected Minor Injury,UNKNOWN,MD,Passenger Car,25,1996.0,Jeep,CHEROKEE,19,Sunday,5
MCP2339005Z,210001628,Montgomery County Police,Property Damage Crash,2021-01-13 15:40:00,Maryland (State),ROCKVILLE PIKE,ENT TO WOODMONT COUNTRY CLUB,SAME DIR REND LEFT TURN,CLEAR,DRY,DAYLIGHT,NO CONTROLS,Unknown,Yes,No Apparent Injury,UNKNOWN,Unknown,Passenger Car,40,2009.0,Nissan,ALTIMA,15,Wednesday,1
EJ7888000M,210019442,Gaithersburg Police Depar,Property Damage Crash,2021-05-23 06:00:00,Maryland (State),S FREDERICK RD,S SUMMIT AVE,SAME DIR REAR END,CLEAR,DRY,DAWN,TRAFFIC SIGNAL,NONE DETECTED,No,No Apparent Injury,NOT DISTRACTED,MD,Passenger Car,25,2019.0,Toyota,CAMRY,6,Sunday,5
MCP30360018,170551516,Montgomery County Police,Injury Crash,2017-12-31 22:20:00,County,EAST VILLAGE AVE,DOUBLELAND RD,SINGLE VEHICLE,CLEAR,ICE,DARK LIGHTS ON,NO CONTROLS,NONE DETECTED,Yes,Suspected Minor Injury,NOT DISTRACTED,MD,Passenger Car,35,2006.0,Honda,CIVIC,22,Sunday,12
EJ7856006M,190018181,Gaithersburg Police Depar,Property Damage Crash,2019-04-18 16:07:00,County,MUDDY BRANCH RD,DIAMONDBACK DR,HEAD ON LEFT TURN,CLEAR,DRY,DAYLIGHT,TRAFFIC SIGNAL,Unknown,Yes,No Apparent Injury,UNKNOWN,XX,(Sport) Utility Vehicle,45,2011.0,Honda,CRV,16,Thursday,4
MCP1174006X,240032326,MONTGOMERY,Property Damage Crash,2024-07-09 14:44:00,County Route,NICHOLSON LA,Unknown,Front to Rear,Clear,Dry,Daylight,No Controls,"Not Suspect of Alcohol Use, Not Suspect of Drug Use",No,No Apparent Injury,Not Distracted,MD,Passenger Car,25,2015.0,Bmw,328I,14,Tuesday,7
MCP3022000B,17009032,Montgomery County Police,Injury Crash,2017-02-19 16:24:00,County,FATHER HURLEY BLVD,RAMP 5 FR RAMP 8 TO FATHER HURLEY BLVD,SAME DIR REAR END,CLEAR,DRY,DAYLIGHT,TRAFFIC SIGNAL,NONE DETECTED,No,Possible Injury,NOT DISTRACTED,MD,Van,45,2003.0,Ford,TK,16,Sunday,2
MCP3030002B,190019935,Montgomery County Police,Injury Crash,2019-04-28 18:02:00,Maryland (State),FALLS RD,GABLE MANOR CT,HEAD ON,CLEAR,DRY,DAYLIGHT,NO CONTROLS,NONE DETECTED,No,No Apparent Injury,NOT DISTRACTED,MD,Passenger Car,35,2016.0,Volvo,4S,18,Sunday,4
MCP3227003L,220025400,Montgomery County Police,Injury Crash,2022-06-13 14:40:00,US (State),COLUMBIA PIKE,ENT TO BURNT MILLS SHOPPING CENTER,STRAIGHT MOVEMENT ANGLE,CLEAR,DRY,DAYLIGHT,TRAFFIC SIGNAL,NONE DETECTED,Yes,No Apparent Injury,UNKNOWN,DC,Passenger Car,40,2013.0,Hyun,ELANTRA,14,Monday,6
MCP2853001Z,16035959,Montgomery County Police,Property Damage Crash,2016-07-15 21:25:00,Maryland (State),UNIVERSITY BLVD E,MERRIMAC DR,STRAIGHT MOVEMENT ANGLE,CLEAR,DRY,DARK LIGHTS ON,STOP SIGN,Unknown,Yes,No Apparent Injury,LOOKED BUT DID NOT SEE,MD,Passenger Car,15,2013.0,Toyt,COROLLA,21,Friday,7
MCP2357001Z,17004519,Montgomery County Police,Injury Crash,2017-01-26 10:58:00,County,SECOND AVE,CAMERON ST,HEAD ON LEFT TURN,CLEAR,DRY,DAYLIGHT,TRAFFIC SIGNAL,NONE DETECTED,No,No Apparent Injury,NOT DISTRACTED,MD,Passenger Car,35,2012.0,Dodg,4S,10,Thursday,1
MCP29920007,15066941,MONTGOMERY,Property Damage Crash,2015-12-30 14:09:00,County,COLESBERG ST,WEMBROUGH ST,SAME DIR REAR END,CLOUDY,WET,DAYLIGHT,NO CONTROLS,NONE DETECTED,Yes,No Apparent Injury,OTHER DISTRACTION,MA,Pickup Truck,25,1992.0,Gmc,1500,14,Wednesday,12
MCP2904001N,16000131,Montgomery County Police,Property Damage Crash,2016-01-01 16:58:00,Maryland (State),PINEY BRANCH RD,GREENWOOD AVE,ANGLE MEETS RIGHT TURN,CLEAR,DRY,DARK LIGHTS ON,NO CONTROLS,NONE DETECTED,No,No Apparent Injury,NOT DISTRACTED,MD,Passenger Car,35,2004.0,Ford,F150,16,Friday,1
DD5603007Z,190057462,Rockville Police Departme,Property Damage Crash,2019-11-28 17:15:00,Municipality,LEWIS AVE,DEBECK DR,OTHER,CLEAR,DRY,OTHER,NO CONTROLS,NONE DETECTED,Yes,No Apparent Injury,LOOKED BUT DID NOT SEE,WA,Passenger Car,25,2018.0,Suba,IMPREZA,17,Thursday,11
MCP3208005D,240018533,MONTGOMERY,Property Damage Crash,2024-04-20 21:40:00,Local Route,STATION19 DR,Unknown,"Sideswipe, Same Direction",Clear,Dry,Dark - Lighted,No Controls,"Not Suspect of Alcohol Use, Not Suspect of Drug Use",No,No Apparent Injury,Unknown,PA,Other Trucks,5,2007.0,Pierce Manufacturing,AERIAL,21,Saturday,4
EJ7870007B,250023527,GAITHERSBURG,Property Damage Crash,2025-05-27 16:21:00,Ramp,RAMP 2 FR RP 7 (FR IS370 WB) TO MD355 NB,Unknown,Front to Rear,Cloudy,Wet,Daylight,Traffic Control Signal,"Not Suspect of Alcohol Use, Not Suspect of Drug Use",Yes,No Apparent Injury,Unknown,MD,Sport Utility Vehicle,35,2010.0,Honda,CR-V,16,Tuesday,5
MCP229800D7,170506874,Montgomery County Police,Injury Crash,2017-05-09 17:51:00,Ramp,RAMP 8 FR IS270 SB TO FATHER HURLEY BLVD,FATHER HURLEY BLVD,STRAIGHT MOVEMENT ANGLE,CLEAR,DRY,DAYLIGHT,TRAFFIC SIGNAL,NONE DETECTED,Yes,No Apparent Injury,NOT DISTRACTED,CT,Passenger Car,50,2017.0,Ford,FUSION,17,Tuesday,5
MCP1220005G,170520998,Montgomery County Police,Property Damage Crash,2017-07-25 07:49:00,County,RANDOLPH RD,HAMMONTON PL,STRAIGHT MOVEMENT ANGLE,CLEAR,DRY,DAYLIGHT,STOP SIGN,NONE DETECTED,Yes,No Apparent Injury,UNKNOWN,VA,(Sport) Utility Vehicle,40,2002.0,Nissan,PATHFINDER,7,Tuesday,7
MCP31930065,250004973,MONTGOMERY,Injury Crash,2025-02-03 17:25:00,Maryland (State) Route,UNIVERSITY BLVD W (WB/L),Unknown,Rear To Side,Clear,Dry,Dusk,Traffic Control Signal,"Not Suspect of Alcohol Use, Not Suspect of Drug Use",No,No Apparent Injury,Not Distracted,MD,Passenger Car,25,2020.0,Subaru,FORESTER,17,Monday,2
MCP3296002X,240059808,MONTGOMERY,Property Damage Crash,2024-12-14 15:56:00,Unknown,Unknown,Unknown,Angle,Clear,Unknown,Daylight,Unknown,"Unknown, Unknown",Yes,No Apparent Injury,Unknown,MD,Passenger Car,0,2019.0,Kia,OPTIMA,15,Saturday,12
MCP2737001Z,16058751,Montgomery County Police,Property Damage Crash,2016-11-14 22:10:00,Maryland (State),OLNEY SANDY SPRING RD,OLD VIC BLVD,SINGLE VEHICLE,CLEAR,DRY,DARK LIGHTS ON,NO CONTROLS,NONE DETECTED,No,No Apparent Injury,NOT DISTRACTED,MD,Passenger Car,45,2015.0,Vw,JETTA,22,Monday,11
MCP9386009P,230059858,Montgomery County Police,Property Damage Crash,2023-10-11 13:00:00,Maryland (State),VEIRS MILL RD,ANDREW ST,SAME DIRECTION RIGHT TURN,CLEAR,DRY,DAYLIGHT,STOP SIGN,NONE DETECTED,Yes,No Apparent Injury,NOT DISTRACTED,MD,Passenger Car,35,1998.0,Toyota,CAMRY,13,Wednesday,10
DD5645000Q,200048810,Rockville Police Departme,Property Damage Crash,2020-12-11 11:48:00,Unknown,Unknown,Unknown,SAME DIRECTION SIDESWIPE,CLEAR,Unknown,DAYLIGHT,NO CONTROLS,NONE DETECTED,Yes,No Apparent Injury,INATTENTIVE OR LOST IN THOUGHT,MD,Pickup Truck,10,2014.0,Toyt,TK,11,Friday,12
MCP32990035,230071290,Montgomery County Police,Injury Crash,2023-12-12 14:26:00,Maryland (State),OLNEY SANDY SPRING RD,ENT TO SHOPPING CENTER,SINGLE VEHICLE,CLEAR,DRY,DAYLIGHT,NO CONTROLS,NONE DETECTED,Yes,Possible Injury,NOT DISTRACTED,MD,Passenger Car,30,2021.0,Ford,ECOSPORT,14,Tuesday,12
MCP2107001S,180031815,Montgomery County Police,Property Damage Crash,2018-06-28 10:16:00,Unknown,Unknown,Unknown,SINGLE VEHICLE,CLEAR,Unknown,DAYLIGHT,NO CONTROLS,NONE DETECTED,Yes,No Apparent Injury,NOT DISTRACTED,PA,Fire Vehicle/Emergency,5,2008.0,Spartan,FIRE ENGINE,10,Thursday,6
MCP2871009G,240000908,MONTGOMERY,Property Damage Crash,2024-01-06 15:09:00,Maryland (State) Route,ROCKVILLE PIKE,Unknown,Single Vehicle,Freezing Rain Or Freezing Drizzle,Wet,Daylight,Traffic Control Signal,"Not Suspect of Alcohol Use, Not Suspect of Drug Use",No,No Apparent Injury,Not Distracted,MD,Sport Utility Vehicle,40,2020.0,Mercedes-Benz,GLS-CLASS,15,Saturday,1
MCP2287000C,250028967,MONTGOMERY,Property Damage Crash,2025-06-29 13:00:00,Maryland (State) Route,UNIVERSITY BLVD W,Unknown,Front to Rear,Clear,Dry,Daylight,Traffic Control Signal,"Not Suspect of Alcohol Use, Not Suspect of Drug Use",No,No Apparent Injury,Not Distracted,WA,Passenger Car,35,2024.0,Buick,ENCORE GX,13,Sunday,6
MCP102200F3,200028284,Montgomery County Police,Property Damage Crash,2020-07-21 13:05:00,Unknown,Unknown,Unknown,OTHER,CLEAR,Unknown,DAYLIGHT,NO CONTROLS,NONE DETECTED,No,No Apparent Injury,NOT DISTRACTED,MD,Police Vehicle/Non Emergency,0,2019.0,Dodg,CHARGER,13,Tuesday,7
MCP3052001F,180036538,Montgomery County Police,Property Damage Crash,2018-07-23 03:00:00,County,MUDDY BRANCH RD,DIAMONDBACK DR,SINGLE VEHICLE,RAINING,WET,DARK LIGHTS ON,Unknown,UNKNOWN,Yes,No Apparent Injury,UNKNOWN,Unknown,Passenger Car,40,1995.0,Honda,UNKNOW,3,Monday,7
EJ7856007P,190047591,Gaithersburg Police Depar,Injury Crash,2019-10-04 09:41:00,Maryland (State),GREAT SENECA HWY,QUINCE ORCHARD RD,SAME DIRECTION LEFT TURN,Unknown,DRY,DAYLIGHT,Unknown,Unknown,No,Possible Injury,NOT DISTRACTED,MD,Passenger Car,50,2018.0,Bmw,320I,9,Friday,10
MCP2973002L,17001372,Montgomery County Police,Injury Crash,2017-01-09 07:20:00,Maryland (State),VEIRS MILL RD,ROBINDALE DR,STRAIGHT MOVEMENT ANGLE,CLEAR,DRY,DAWN,NO CONTROLS,NONE DETECTED,No,Possible Injury,NOT DISTRACTED,MD,Passenger Car,45,1999.0,Jeep,TK,7,Monday,1
MCP3268004V,240059923,MONTGOMERY,Property Damage Crash,2024-12-15 14:00:00,US (State),COLUMBIA PIKE (SB/L),Unknown,Front to Rear,Clear,Dry,Daylight,Traffic Control Signal,"Not Suspect of Alcohol Use, Not Suspect of Drug Use",Yes,No Apparent Injury,Not Distracted,MD,Passenger Car,35,2019.0,Toyota,COROLLA,14,Sunday,12
EJ78650066,230065258,Gaithersburg Police Depar,Property Damage Crash,2023-11-08 21:57:00,County,MUDDY BRANCH RD,W DIAMOND AVE,SAME DIR REAR END,CLEAR,DRY,DARK LIGHTS ON,TRAFFIC SIGNAL,UNKNOWN,Yes,No Apparent Injury,UNKNOWN,Unknown,Passenger Car,35,2023.0,Toyota,TACOMA,21,Wednesday,11
MCP31620033,190053835,Montgomery County Police,Property Damage Crash,2019-11-08 09:10:00,US (State),COLESVILLE RD,SLIGO CREEK PKWY,SAME DIR REAR END,CLEAR,DRY,DAYLIGHT,NO CONTROLS,NONE DETECTED,Yes,No Apparent Injury,NOT DISTRACTED,DC,Passenger Car,35,2004.0,Kia,AMANT,9,Friday,11
MCP2789004B,180009068,Montgomery County Police,Property Damage Crash,2018-02-21 17:00:00,Interstate (State),CAPITAL BELTWAY,COLESVILLE RD,SAME DIRECTION SIDESWIPE,CLEAR,DRY,DAYLIGHT,NO CONTROLS,ALCOHOL CONTRIBUTED,Yes,No Apparent Injury,LOOKED BUT DID NOT SEE,MD,Passenger Car,55,2011.0,Lexus,4D,17,Wednesday,2
MCP2936006M,240059522,MONTGOMERY,Property Damage Crash,2024-12-12 19:00:00,County Route,ROCK SPRING DR,Unknown,Angle,Clear,Dry,Dark - Lighted,No Controls,"Not Suspect of Alcohol Use, Not Suspect of Drug Use",No,No Apparent Injury,Not Distracted,MD,Passenger Car,25,2011.0,Nissan,ALTIMA,19,Thursday,12
MCP3160001M,190028521,Montgomery County Police,Property Damage Crash,2019-06-14 21:00:00,Maryland (State),OLD GEORGETOWN RD,RAMP 5 FR MD 187 SB TO RAMP 4 (TO IS495),STRAIGHT MOVEMENT ANGLE,CLEAR,DRY,DARK LIGHTS ON,TRAFFIC SIGNAL,NONE DETECTED,No,No Apparent Injury,NOT DISTRACTED,XX,Passenger Car,40,2008.0,Honda,CRV,21,Friday,6
MCP3076003P,220007689,Montgomery County Police,Property Damage Crash,2022-02-22 02:11:00,County,OLD COLUMBIA PIKE,FAIRLAND RD,STRAIGHT MOVEMENT ANGLE,CLEAR,DRY,DARK LIGHTS ON,FLASHING TRAFFIC SIGNAL,NONE DETECTED,No,No Apparent Injury,NOT DISTRACTED,MD,Passenger Car,35,1998.0,Mercedes,E320,2,Tuesday,2
MCP0405000L,170550625,Montgomery County Police,Property Damage Crash,2017-12-25 08:52:00,Maryland (State),FREDERICK RD,MIDDLEBROOK RD,STRAIGHT MOVEMENT ANGLE,CLEAR,DRY,DAYLIGHT,TRAFFIC SIGNAL,NONE DETECTED,Yes,No Apparent Injury,NOT DISTRACTED,MD,Passenger Car,40,2008.0,Mitsubishi,LANCER,8,Monday,12
MCP2954009G,210029307,Montgomery County Police,Property Damage Crash,2021-07-28 17:58:00,County,LANGLEY DR,LINTON ST,SAME DIRECTION SIDESWIPE,Unknown,DRY,DAYLIGHT,NO CONTROLS,NONE DETECTED,Yes,No Apparent Injury,NOT DISTRACTED,MD,Passenger Car,30,2001.0,Chev,TK,17,Wednesday,7
MCP2940008S,250053830,MONTGOMERY,Property Damage Crash,2025-12-02 07:00:00,Maryland (State) Route,KNOWLES AVE,SUMMIT AVE,Front to Front,Rain,Wet,Dawn,Traffic Control Signal,"Not Suspect of Alcohol Use, Not Suspect of Drug Use",No,No Apparent Injury,Unknown,MD,Passenger Car,35,2011.0,Toyota,CAMRY,7,Tuesday,12
MCP302600CC,240002318,MONTGOMERY,Injury Crash,2024-01-15 06:17:00,County Route,BRAEBURN PKWY,RIVER RD,Front to Rear,Blowing Snow,Ice/Frost,Dark - Not Lighted,No Controls,"Not Suspect of Alcohol Use, Not Suspect of Drug Use",No,Suspected Minor Injury,Not Distracted,MD,Passenger Car,35,2018.0,Jeep,CHEROKEE,6,Monday,1
MCP2932000R,16015290,Montgomery County Police,Property Damage Crash,2016-03-28 23:28:00,Maryland (State),PINEY BRANCH RD,PARKSIDE RD,SAME DIR REAR END,CLEAR,DRY,DARK NO LIGHTS,Unknown,UNKNOWN,Yes,No Apparent Injury,UNKNOWN,MD,Passenger Car,30,2005.0,Lincoln,LS V8,23,Monday,3
MCP1035000H,170511004,Montgomery County Police,Property Damage Crash,2017-05-31 21:23:00,County,SHADY GROVE RD,RAMP 2 FR SHADY GROVE RD WB TO IS 270 NB,SAME DIRECTION RIGHT TURN,CLOUDY,DRY,DARK LIGHTS ON,NO CONTROLS,Unknown,Yes,No Apparent Injury,LOOKED BUT DID NOT SEE,MD,Passenger Car,45,2015.0,Ford,EDGE,21,Wednesday,5
MCP3038001W,180022840,Montgomery County Police,Injury Crash,2018-05-09 15:40:00,Maryland (State),OLD GEORGETOWN RD,TUCKERMAN LA,SAME DIR REAR END,CLEAR,DRY,DAYLIGHT,TRAFFIC SIGNAL,Unknown,No,No Apparent Injury,NOT DISTRACTED,MD,(Sport) Utility Vehicle,40,2005.0,Hond,CRV,15,Wednesday,5
MCP2350000S,200006097,Montgomery County Police,Property Damage Crash,2020-02-06 05:50:00,Interstate (State),EISENHOWER MEMORIAL HWY,RAMP 1 FR IS 270 NB TO MD 28 WB,SINGLE VEHICLE,RAINING,WET,DARK LIGHTS ON,Unknown,NONE DETECTED,Yes,No Apparent Injury,NOT DISTRACTED,MD,Passenger Car,30,2001.0,Toyota,COROLLA,5,Thursday,2
MCP21020013,180024571,Montgomery County Police,Property Damage Crash,2018-05-19 11:43:00,County,RANDOLPH RD,BUSHEY DR,STRAIGHT MOVEMENT ANGLE,RAINING,WET,DAYLIGHT,STOP SIGN,NONE DETECTED,No,No Apparent Injury,NOT DISTRACTED,MD,Passenger Car,35,2011.0,Hond,PILOT TK,11,Saturday,5
DM8457001P,190030718,Takoma Park Police Depart,Property Damage Crash,2019-06-23 16:10:00,Municipality,MERWOOD DR,NEW HAMPSHIRE AVE,SAME DIRECTION SIDESWIPE,CLEAR,DRY,DAYLIGHT,TRAFFIC SIGNAL,Unknown,Yes,No Apparent Injury,LOOKED BUT DID NOT SEE,MD,Passenger Car,35,1995.0,Toyota,COROLLA,16,Sunday,6
MCP3201000G,190049126,Montgomery County Police,Property Damage Crash,2019-10-13 00:46:00,County,MIDDLEBROOK RD,RAMP 6 FR MIDDLEBROOK RD EB TO IS 270 SB,SINGLE VEHICLE,CLEAR,DRY,DARK LIGHTS ON,NO CONTROLS,ALCOHOL PRESENT,Yes,No Apparent Injury,INATTENTIVE OR LOST IN THOUGHT,MD,Passenger Car,40,2012.0,Mercedes-Benz,550,0,Sunday,10
MCP2704002L,250056933,MONTGOMERY,Property Damage Crash,2025-12-20 22:00:00,Maryland (State) Route,ROCKVILLE PIKE (SB/L),Unknown,"Sideswipe, Same Direction",Clear,Unknown,Dark - Unknown Lighting,No Controls,"Unknown, Unknown",No,No Apparent Injury,Unknown,Unknown,Pickup,35,2023.0,Ram,2500,22,Saturday,12
MCP2756006R,250021656,MONTGOMERY,Property Damage Crash,2025-05-16 14:15:00,Unknown,Unknown,Unknown,"Sideswipe, Opposite Direction",Clear,Unknown,Daylight,Unknown,"Not Suspect of Alcohol Use, Not Suspect of Drug Use",Yes,No Apparent Injury,Not Distracted,MD,Passenger Car,0,2011.0,Buick,ENCLAVE,14,Friday,5
MCP29170095,220013624,Montgomery County Police,Injury Crash,2022-03-30 20:11:00,County,RANDOLPH RD,BUSHEY DR,STRAIGHT MOVEMENT ANGLE,CLEAR,DRY,DARK NO LIGHTS,NO CONTROLS,NONE DETECTED,No,No Apparent Injury,LOOKED BUT DID NOT SEE,MD,Passenger Car,35,2006.0,Toyota,HIGLANDER,20,Wednesday,3
MCP2796002Z,16003289,Montgomery County Police,Injury Crash,2016-01-18 12:19:00,County,SPARTAN RD,OLNEY SANDY SPRING RD,SAME DIR REAR END,CLEAR,DRY,DAYLIGHT,TRAFFIC SIGNAL,NONE DETECTED,No,Suspected Minor Injury,NOT DISTRACTED,MD,Passenger Car,30,2015.0,Infiniti,QX60,12,Monday,1
MCP2466005H,240053519,MONTGOMERY,Injury Crash,2024-11-07 15:45:00,Maryland (State) Route,SENECA RD,Unknown,Single Vehicle,Clear,Dry,Daylight,No Controls,"Not Suspect of Alcohol Use, Not Suspect of Drug Use",No,Suspected Minor Injury,"Other Action (looking away from task, etc.)",VA,Passenger Car,40,2021.0,Acura,TLX,15,Thursday,11
DD5623000P,170547726,Rockville Police Departme,Injury Crash,2017-12-10 13:37:00,Municipality,BROADWOOD DR,GRANDIN AVE,STRAIGHT MOVEMENT ANGLE,CLEAR,DRY,DAYLIGHT,STOP SIGN,NONE DETECTED,No,Possible Injury,NOT DISTRACTED,VA,Passenger Car,25,2015.0,Toyota,COROLLA,13,Sunday,12
EJ7871002S,200004006,Gaithersburg Police Depar,Property Damage Crash,2020-01-24 15:20:00,Maryland (State),W DIAMOND AVE,BUREAU DR,SAME DIR REAR END,CLEAR,DRY,DAYLIGHT,NO CONTROLS,NONE DETECTED,No,No Apparent Injury,NOT DISTRACTED,MD,Passenger Car,35,2014.0,Ford,ESCAPE,15,Friday,1
MCP2329002N,230067207,Montgomery County Police,Property Damage Crash,2023-11-19 09:10:00,County,MONTGOMERY VILLAGE AVE,MIDCOUNTY HWY,STRAIGHT MOVEMENT ANGLE,CLEAR,DRY,DAYLIGHT,TRAFFIC SIGNAL,NONE DETECTED,Yes,No Apparent Injury,UNKNOWN,MD,Passenger Car,35,2018.0,Toyt,SD,9,Sunday,11
MCP2935000W,16024803,Montgomery County Police,Property Damage Crash,2016-05-19 04:20:00,Maryland (State),UNIVERSITY BLVD E,CAPITAL BELTWAY,SAME DIR REAR END,CLEAR,Unknown,DARK -- UNKNOWN LIGHTING,NO CONTROLS,NONE DETECTED,Yes,No Apparent Injury,INATTENTIVE OR LOST IN THOUGHT,MD,"Other Light Trucks (10,000Lbs (4,536Kg) Or Less)",55,2003.0,Jagu,4S,4,Thursday,5
MCP26120030,180037068,Montgomery County Police,Injury Crash,2018-07-26 18:00:00,County,CONNECTICUT AVE,GRAND PRE RD,SAME DIR REAR END,CLEAR,DRY,DAYLIGHT,NO CONTROLS,Unknown,No,Possible Injury,NOT DISTRACTED,MD,Passenger Car,35,2011.0,Chevrolet,HHR,18,Thursday,7
MCP2177000M,15037088,MONTGOMERY,Property Damage Crash,2015-07-27 14:20:00,Maryland (State),FREDERICK RD,INDIANOLA DR,SAME DIRECTION RIGHT TURN,CLOUDY,DRY,DAYLIGHT,Unknown,NONE DETECTED,No,No Apparent Injury,NOT DISTRACTED,MD,Passenger Car,35,1999.0,Toyota,COROLLA,14,Monday,7
MCP3124004X,220000546,Montgomery County Police,Property Damage Crash,2022-01-05 14:37:00,Maryland (State),VEIRS MILL RD,CENTERHILL ST,SAME DIR REAR END,CLOUDY,WET,DAYLIGHT,NO CONTROLS,NONE DETECTED,Yes,No Apparent Injury,NOT DISTRACTED,MD,Passenger Car,35,2008.0,Ford,4D,14,Wednesday,1
MCP2717002J,15046890,MONTGOMERY,Property Damage Crash,2015-09-16 12:00:00,Maryland (State),RIVER RD,BRAEBURN PKWY,SAME DIR REAR END,CLEAR,DRY,DAYLIGHT,NO CONTROLS,NONE DETECTED,Yes,No Apparent Injury,UNKNOWN,MD,Passenger Car,50,2013.0,Toyota,YARIS,12,Wednesday,9
MCP32770028,220032675,Montgomery County Police,Injury Crash,2022-07-29 22:35:00,County,STEDWICK RD,BATTLERIDGE PL,STRAIGHT MOVEMENT ANGLE,CLEAR,DRY,DARK -- UNKNOWN LIGHTING,STOP SIGN,NONE DETECTED,No,Suspected Minor Injury,NOT DISTRACTED,MD,Passenger Car,25,1998.0,Honda,ACCORD,22,Friday,7
MCP27430018,220046142,Montgomery County Police,Property Damage Crash,2022-10-20 21:01:00,Unknown,Unknown,Unknown,SINGLE VEHICLE,CLEAR,Unknown,DARK LIGHTS ON,NO CONTROLS,Unknown,Yes,No Apparent Injury,NOT DISTRACTED,MD,Passenger Car,20,2005.0,Honda,ACCORD,21,Thursday,10
MCP3016001L,170544793,Montgomery County Police,Property Damage Crash,2017-11-25 09:55:00,Maryland (State),MONTGOMERY VILLAGE AVE,FREDERICK RD,SAME DIR REAR END,CLEAR,DRY,DAYLIGHT,NO CONTROLS,Unknown,No,No Apparent Injury,NOT DISTRACTED,MD,Passenger Car,40,2002.0,Honda,CIVIC,9,Saturday,11
MCP2786002G,180060005,Montgomery County Police,Property Damage Crash,2018-12-01 00:23:00,US (State),COLESVILLE RD,RAMP 6 FR IS 495 EB TO US 29 SB,SAME DIRECTION SIDESWIPE,CLEAR,DRY,DARK LIGHTS ON,NO CONTROLS,NONE DETECTED,No,No Apparent Injury,NOT DISTRACTED,MD,Passenger Car,40,2013.0,Bmw,335I,0,Saturday,12
MCP29020057,210038199,Montgomery County Police,Property Damage Crash,2021-09-27 10:03:00,County,WISTERIA DR,GERMANTOWN RD,STRAIGHT MOVEMENT ANGLE,CLEAR,DRY,DAYLIGHT,STOP SIGN,Unknown,Yes,No Apparent Injury,UNKNOWN,MD,Passenger Car,45,2014.0,Toyt,4S,10,Monday,9
DD56010020,16047600,Rockville Police Departme,Property Damage Crash,2016-09-16 09:30:00,Municipality,W GUDE DR,FREDERICK RD,SINGLE VEHICLE,CLEAR,DRY,DAYLIGHT,NO CONTROLS,UNKNOWN,Yes,No Apparent Injury,UNKNOWN,MD,Passenger Car,40,2008.0,Lexus,TK,9,Friday,9
MCP3086004P,200029140,Montgomery County Police,Injury Crash,2020-07-27 13:25:00,Municipality,RUSSELL AVE,CHRISTOPHER AVE,ANGLE MEETS RIGHT TURN,CLEAR,DRY,DAYLIGHT,TRAFFIC SIGNAL,NONE DETECTED,Yes,No Apparent Injury,LOOKED BUT DID NOT SEE,XX,Passenger Car,25,2004.0,Acura,TL,13,Monday,7
HA24980004,22001814,Maryland-National Capital,Property Damage Crash,2022-10-13 14:30:00,County,WEST OLD BALTIMORE RD,NO NAME,SINGLE VEHICLE,RAINING,WET,DAYLIGHT,Unknown,Unknown,Yes,No Apparent Injury,NOT DISTRACTED,MD,Passenger Car,25,2010.0,Toyota,COROLLA,14,Thursday,10
MCP1366003T,15061990,MONTGOMERY,Property Damage Crash,2015-12-04 15:47:00,Maryland (State),WHITES FERRY RD,HERSPERGER LA,SAME DIRECTION SIDESWIPE,CLEAR,DRY,DAYLIGHT,STOP SIGN,NONE DETECTED,Yes,No Apparent Injury,UNKNOWN,MD,Passenger Car,40,2016.0,Mazda,4S,15,Friday,12