Report Number,Local Case Number,Agency Name,ACRS Report Type,Crash Date/Time,Route Type,Road Name,Cross-Street Name,Collision Type,Weather,Surface Condition,Light,Traffic Control,Driver Substance Abuse,Driver At Fault,Injury Severity,Driver Distracted By,Drivers License State,Vehicle Body Type,Speed Limit,Vehicle Year,Vehicle Make,Vehicle Model,Crash Hour,Crash Day,Crash Month
EJ7865003N,180045205,Gaithersburg Police Depar,Property Damage Crash,2018-09-10 17:32:00,Maryland (State),FREDERICK RD,WATKINS MILL RD,SINGLE VEHICLE,RAINING,WET,DAYLIGHT,TRAFFIC SIGNAL,NONE DETECTED,Yes,No Apparent Injury,UNKNOWN,MD,Passenger Car,40,2006.0,Toyota,COROLLA,17,Monday,9
DM83880018,17000002,Takoma Park Police Depart,Property Damage Crash,2017-01-01 00:00:00,Maryland (State),UNIVERSITY BLVD E,PRINCE GEORGES CO/L,SAME DIR REAR END,CLEAR,DRY,DARK LIGHTS ON,TRAFFIC SIGNAL,ALCOHOL PRESENT,Yes,No Apparent Injury,NOT DISTRACTED,MD,(Sport) Utility Vehicle,35,2003.0,Merc,MOUNTAINEER,0,Sunday,1
DD5647001L,210052963,Rockville Police Departme,Property Damage Crash,2021-12-28 17:16:00,Municipality,CONGRESSIONAL LA,E JEFFERSON ST,STRAIGHT MOVEMENT ANGLE,CLEAR,DRY,DARK LIGHTS ON,YIELD SIGN,Unknown,Yes,No Apparent Injury,NOT DISTRACTED,MD,Passenger Car,25,2008.0,Ford,4S,17,Tuesday,12
MCP2902000N,15006876,Montgomery County Police,Property Damage Crash,2015-02-11 08:19:00,County,MIDDLEBROOK RD,WARING STATION RD,SAME DIR REAR END,CLEAR,DRY,DAYLIGHT,Unknown,NONE DETECTED,Yes,No Apparent Injury,LOOKED BUT DID NOT SEE,MD,Passenger Car,40,2014.0,Toyota,COROLLA,8,Wednesday,2
MCP3240001J,200045908,Montgomery County Police,Property Damage Crash,2020-11-20 18:37:00,Maryland (State),FREDERICK RD,MIDDLEBROOK RD,SAME DIR REAR END,CLEAR,DRY,DARK LIGHTS ON,Unknown,Unknown,No,No Apparent Injury,NOT DISTRACTED,MD,Passenger Car,45,2015.0,Toyota,RAV4,18,Friday,11
MCP3022005G,230065812,Montgomery County Police,Injury Crash,2023-11-11 15:59:00,Maryland (State),DAMASCUS RD,HIPSLEY MILL RD,STRAIGHT MOVEMENT ANGLE,CLEAR,DRY,DAYLIGHT,STOP SIGN,Unknown,No,Suspected Serious Injury,UNKNOWN,MD,Motorcycle,50,2000.0,Gato,748,15,Saturday,11
MCP2894000Z,15027537,Montgomery County Police,Property Damage Crash,2015-06-07 07:09:00,Interstate (State),CAPITAL BELTWAY,EISENHOWER MEMORIAL HWY,SAME DIR REAR END,CLEAR,DRY,DAYLIGHT,NO CONTROLS,NONE DETECTED,Yes,No Apparent Injury,LOOKED BUT DID NOT SEE,CT,Truck Tractor,55,2012.0,Ftl,TRUCK,7,Sunday,6
MCP209400HM,210026802,Montgomery County Police,Property Damage Crash,2021-07-12 13:11:00,Maryland (State),GOLDSBORO RD,RADNOR RD,SAME DIR REAR END,CLEAR,DRY,DAYLIGHT,FLASHING TRAFFIC SIGNAL,NONE DETECTED,No,No Apparent Injury,NOT DISTRACTED,MD,(Sport) Utility Vehicle,30,2019.0,Audi,Q5,13,Monday,7
MCP3353001L,230052664,Montgomery County Police,Property Damage Crash,2023-09-01 14:53:00,Maryland (State),ROCKVILLE PIKE,HUBBARD DR,SAME DIR REAR END,CLEAR,DRY,DAYLIGHT,TRAFFIC SIGNAL,NONE DETECTED,No,No Apparent Injury,NOT DISTRACTED,MD,Passenger Car,40,2012.0,Toyota,CAMRY,14,Friday,9
MCP1453003L,16061027,Montgomery County Police,Property Damage Crash,2016-11-28 08:37:00,Maryland (State),RIDGE RD,BRINK RD,SAME DIRECTION SIDESWIPE,CLEAR,DRY,DAYLIGHT,TRAFFIC SIGNAL,NONE DETECTED,Yes,No Apparent Injury,NOT DISTRACTED,MD,School Bus,45,2014.0,Thomas,SCHOOL BUS,8,Monday,11
MCP2469000P,16001102,Montgomery County Police,Property Damage Crash,2016-01-07 07:50:00,US (State),COLUMBIA PIKE,GREENCASTLE RD,SAME DIR REAR END,CLEAR,DRY,DAYLIGHT,NO CONTROLS,NONE DETECTED,No,No Apparent Injury,NOT DISTRACTED,MD,Passenger Car,55,2010.0,Honda,CRV,7,Thursday,1
MCP2871005M,180055525,Montgomery County Police,Injury Crash,2018-11-05 17:54:00,Maryland (State),WILSON LA,RIVER RD,OTHER,RAINING,WET,DARK LIGHTS ON,NO CONTROLS,NONE DETECTED,No,No Apparent Injury,NOT DISTRACTED,VA,Passenger Car,30,2016.0,Hyundai,SONATA,17,Monday,11
MCP22120040,190028391,Montgomery County Police,Property Damage Crash,2019-06-14 09:16:00,County,PALERMO DR,CALVERTON BLVD,OTHER,CLEAR,DRY,DAYLIGHT,NO CONTROLS,Unknown,Yes,No Apparent Injury,UNKNOWN,MD,Passenger Car,25,2015.0,Honda,CRV,9,Friday,6
MCP31960024,210025783,Montgomery County Police,Injury Crash,2021-07-05 16:55:00,County,MIDDLEBROOK RD,GREAT SENECA HWY,SAME DIR REAR END,CLEAR,DRY,DAYLIGHT,TRAFFIC SIGNAL,NONE DETECTED,No,No Apparent Injury,NOT DISTRACTED,MD,Passenger Car,35,2016.0,Volk,UNKNOWN,16,Monday,7
MCP3053003K,190044133,Montgomery County Police,Property Damage Crash,2019-09-15 01:34:00,County,IDLEWOOD RD,FERNHILL RD,SAME DIRECTION RIGHT TURN,CLEAR,DRY,DARK LIGHTS ON,Unknown,Unknown,No,No Apparent Injury,NOT DISTRACTED,Unknown,Passenger Car,20,2004.0,Volvo,C70,1,Sunday,9
DM85220003,230018413,Takoma Park Police Depart,Injury Crash,2023-04-18 09:28:00,Unknown,FLOWER AVE,WABASH AVE,SAME DIRECTION RIGHT TURN,CLEAR,DRY,DAYLIGHT,NO CONTROLS,NONE DETECTED,Yes,Possible Injury,NOT DISTRACTED,MD,(Sport) Utility Vehicle,25,2018.0,Hyundai,TUCSON,9,Tuesday,4
MCP2656005D,210035319,Montgomery County Police,Injury Crash,2021-09-08 16:15:00,Maryland (State),GREAT SENECA HWY,DAWSON FARM RD,STRAIGHT MOVEMENT ANGLE,CLEAR,DRY,DAYLIGHT,TRAFFIC SIGNAL,Unknown,Yes,No Apparent Injury,LOOKED BUT DID NOT SEE,MD,Passenger Car,35,2009.0,Chevy,MALIBU,16,Wednesday,9
MCP3208000W,190060635,Montgomery County Police,Injury Crash,2019-12-16 17:42:00,Maryland (State),PINEY BRANCH RD,FLOWER AVE,HEAD ON LEFT TURN,RAINING,WET,DARK LIGHTS ON,TRAFFIC SIGNAL,Unknown,Unknown,No Apparent Injury,UNKNOWN,MD,Passenger Car,30,2000.0,Honda,CIVIC,17,Monday,12
MCP2473000V,170507238,Montgomery County Police,Property Damage Crash,2017-05-11 14:55:00,County,FAIRLAND RD,COLEFAIR DR,HEAD ON,RAINING,WET,DAYLIGHT,NO CONTROLS,Unknown,Yes,No Apparent Injury,NOT DISTRACTED,MD,Passenger Car,40,2004.0,Toyt,CAMRY,14,Thursday,5
MCP2311003G,180011374,Montgomery County Police,Property Damage Crash,2018-03-06 13:09:00,Maryland (State),QUINCE ORCHARD RD,ENT TO NIST,SAME DIR REAR END,CLEAR,DRY,DAYLIGHT,Unknown,Unknown,Yes,No Apparent Injury,NOT DISTRACTED,MD,Passenger Car,35,2015.0,Hond,VN,13,Tuesday,3
DD5502006S,220054804,Rockville Police Departme,Property Damage Crash,2022-12-11 17:14:00,Municipality,W MONTGOMERY AVE,S WASHINGTON ST,OTHER,Unknown,DRY,DARK LIGHTS ON,NO CONTROLS,NONE DETECTED,No,No Apparent Injury,NOT DISTRACTED,MD,Passenger Car,25,2013.0,Hond,4S,17,Sunday,12
MCP27770057,190025638,Montgomery County Police,Property Damage Crash,2019-05-29 17:05:00,Maryland (State),MONTGOMERY AVE,WAVERLY ST,SAME DIRECTION LEFT TURN,CLEAR,DRY,Unknown,TRAFFIC SIGNAL,NONE DETECTED,Yes,No Apparent Injury,NOT DISTRACTED,NJ,Passenger Car,25,2014.0,Toyota,RAV 4,17,Wednesday,5
MCP1170001Z,170503874,Montgomery County Police,Property Damage Crash,2017-06-15 11:04:00,US (State),COLUMBIA PIKE,RAMP 6 FR MD 198 EB TO US 29 SB,OTHER,CLEAR,DRY,DAYLIGHT,NO CONTROLS,UNKNOWN,Yes,No Apparent Injury,LOOKED BUT DID NOT SEE,Unknown,Passenger Car,65,2000.0,Infinti,4D,11,Thursday,6
DD56800003,240054350,ROCKVILLE,Injury Crash,2024-11-12 14:21:00,Crossover,Unknown,HALPINE RD (EB/L),Front to Front,Clear,Dry,Daylight,Flashing Traffic Control Signal,"Not Suspect of Alcohol Use, Not Suspect of Drug Use",No,No Apparent Injury,Not Distracted,MD,Sport Utility Vehicle,25,2022.0,Lexus,RX,14,Tuesday,11
MCP3222001G,220006094,Montgomery County Police,Property Damage Crash,2022-02-11 20:47:00,County,POOKS HILL RD,LINDEN AVE,SINGLE VEHICLE,CLEAR,DRY,DARK LIGHTS ON,NO CONTROLS,NONE DETECTED,Yes,No Apparent Injury,LOOKED BUT DID NOT SEE,MD,Transit Bus,25,2013.0,Gilig,GILIG,20,Friday,2
MCP1433000S,16065113,Montgomery County Police,Property Damage Crash,2016-12-19 18:25:00,Unknown,Unknown,Unknown,SAME DIR REAR END,Unknown,Unknown,DARK LIGHTS ON,Unknown,NONE DETECTED,Yes,No Apparent Injury,LOOKED BUT DID NOT SEE,MD,"Cargo Van/Light Truck 2 Axles (Over 10,000Lbs (4,536 Kg))",0,2017.0,Ford,E450,18,Monday,12
MCP2846005Z,20010800,Montgomery County Police,Property Damage Crash,2020-03-04 15:45:00,Maryland (State),GEORGIA AVE,PRICHARD RD,SAME DIRECTION SIDESWIPE,CLEAR,DRY,DAYLIGHT,NO CONTROLS,NONE DETECTED,No,No Apparent Injury,NOT DISTRACTED,VA,Passenger Car,35,2017.0,Nissan,SENTRA,15,Wednesday,3
DD5527000X,16066182,Rockville Police Departme,Property Damage Crash,2016-12-24 14:01:00,Maryland (State),FALLS RD,RAMP 5 FR RAMP 8 (FR IS270) TO MD 189 EB,STRAIGHT MOVEMENT ANGLE,RAINING,WET,DAYLIGHT,TRAFFIC SIGNAL,NONE DETECTED,No,No Apparent Injury,NOT DISTRACTED,MD,Passenger Car,30,2004.0,Buick,RAINER,14,Saturday,12
MCP2908002W,180000470,Montgomery County Police,Property Damage Crash,2018-01-03 17:08:00,US (State),COLUMBIA PIKE,GREENCASTLE RD,SAME DIR REAR END,CLOUDY,DRY,DARK LIGHTS ON,NO CONTROLS,NONE DETECTED,No,No Apparent Injury,NOT DISTRACTED,MD,Passenger Car,55,2012.0,Hyun,4D,17,Wednesday,1
MCP3264001V,210025241,Montgomery County Police,Property Damage Crash,2021-07-01 12:05:00,Government,SLIGO CREEK PKWY,WAYNE AVE,OPPOSITE DIRECTION SIDESWIPE,CLEAR,DRY,DAYLIGHT,PERSON,NONE DETECTED,Yes,No Apparent Injury,LOOKED BUT DID NOT SEE,WV,Passenger Car,25,2015.0,Ford,ESCAPE,12,Thursday,7
MCP30940035,230046057,Montgomery County Police,Injury Crash,2023-07-25 17:59:00,Maryland (State),WOODFIELD RD,LINDBERGH DR,SAME DIR REAR END,Unknown,DRY,DAYLIGHT,NO CONTROLS,NONE DETECTED,Yes,No Apparent Injury,LOOKED BUT DID NOT SEE,MD,Passenger Car,35,2013.0,Ford,F150,17,Tuesday,7
MCP1519000R,15051649,MONTGOMERY,Property Damage Crash,2015-10-11 23:05:00,Maryland (State),ROCKVILLE PIKE,VEIRS MILL RD,SAME DIRECTION LEFT TURN,CLEAR,DRY,DARK LIGHTS ON,TRAFFIC SIGNAL,NONE DETECTED,Yes,No Apparent Injury,NOT DISTRACTED,MD,Passenger Car,35,2005.0,Mits,2S,23,Sunday,10
MCP1022008Q,180023155,Montgomery County Police,Property Damage Crash,2018-05-11 10:43:00,Maryland (State),FREDERICK RD,MIDDLEBROOK RD,SAME DIR REAR END,CLEAR,DRY,DAYLIGHT,NO CONTROLS,NONE DETECTED,No,No Apparent Injury,NOT DISTRACTED,MD,Van,45,2008.0,Chevrolet,BOX VAN,10,Friday,5
MCP27260012,16019370,Montgomery County Police,Property Damage Crash,2016-04-20 09:32:00,Maryland (State),ROCKVILLE PIKE,ENT TO FEDERAL PLAZA S.C.,SAME DIR REAR END,CLEAR,DRY,DAYLIGHT,TRAFFIC SIGNAL,Unknown,No,No Apparent Injury,NOT DISTRACTED,PA,Passenger Car,40,2013.0,Ford,F150,9,Wednesday,4
MCP3060004G,230056557,Montgomery County Police,Property Damage Crash,2023-09-24 00:01:00,County,SEVEN LOCKS RD,DEMOCRACY BLVD,HEAD ON LEFT TURN,RAINING,WET,DARK LIGHTS ON,TRAFFIC SIGNAL,NONE DETECTED,Yes,No Apparent Injury,LOOKED BUT DID NOT SEE,VA,Passenger Car,25,2022.0,Kia,TELLURIDE,0,Sunday,9
MCP3125003T,220038717,Montgomery County Police,Property Damage Crash,2022-09-04 18:00:00,Unknown,Unknown,Unknown,STRAIGHT MOVEMENT ANGLE,CLEAR,Unknown,DAYLIGHT,NO CONTROLS,UNKNOWN,Yes,No Apparent Injury,UNKNOWN,Unknown,Passenger Car,15,2020.0,Ford,CG,18,Sunday,9
MCP29170033,180055224,Montgomery County Police,Property Damage Crash,2018-11-03 19:20:00,Maryland (State),GEORGIA AVE,SPUR TO MD 185,OTHER,CLEAR,DRY,DARK LIGHTS ON,NO CONTROLS,ALCOHOL PRESENT,Yes,No Apparent Injury,UNKNOWN,MD,Passenger Car,50,2011.0,Gmc,TERRAIN,19,Saturday,11
MCP3090000K,180021094,Montgomery County Police,Injury Crash,2018-04-30 13:45:00,Maryland (State),QUINCE ORCHARD RD,GREAT SENECA HWY,SAME DIR REAR END,CLEAR,DRY,DAYLIGHT,TRAFFIC SIGNAL,NONE DETECTED,Yes,No Apparent Injury,UNKNOWN,MD,Passenger Car,40,2015.0,Honda,CRV,13,Monday,4
MCP30650009,170524692,Montgomery County Police,Injury Crash,2017-08-13 22:33:00,Maryland (State),PINEY BRANCH RD,GARLAND AVE,STRAIGHT MOVEMENT ANGLE,Unknown,DRY,DARK LIGHTS ON,Unknown,UNKNOWN,Yes,Suspected Minor Injury,UNKNOWN,MD,Passenger Car,35,2016.0,Hyundai,SENATA,22,Sunday,8
MCP3329004M,250038728,MONTGOMERY,Property Damage Crash,2025-08-29 16:51:00,County Route,INDUSTRIAL PKWY,Unknown,Angle,Clear,Dry,Daylight,No Controls,"Not Suspect of Alcohol Use, Not Suspect of Drug Use",Yes,No Apparent Injury,Unknown,MD,Passenger Car,25,2023.0,Honda,CIVIC,16,Friday,8
MCP3287000S,210015596,Montgomery County Police,Property Damage Crash,2021-04-26 19:52:00,Municipality,PARK RD,S STONESTREET AVE,SAME DIRECTION SIDESWIPE,CLEAR,DRY,DARK LIGHTS ON,TRAFFIC SIGNAL,Unknown,No,No Apparent Injury,NOT DISTRACTED,MD,(Sport) Utility Vehicle,25,2019.0,Voltswagon,TIGUAN,19,Monday,4
MCP94190051,240005492,MONTGOMERY,Property Damage Crash,2024-02-03 11:42:00,Local Route,SHADYGROVE METRO LOT LOT,Unknown,Other,Clear,Dry,Daylight,Other Warning Sign,"Not Suspect of Alcohol Use, Not Suspect of Drug Use",No,No Apparent Injury,Not Distracted,MD,Bus - Transit,0,2019.0,Gillig,CITY TRANSIT BUS,11,Saturday,2
MCP3215001J,210002949,Montgomery County Police,Property Damage Crash,2021-01-24 00:44:00,County,WEXFORD DR,DENFELD AVE,SAME DIRECTION SIDESWIPE,CLEAR,DRY,DARK LIGHTS ON,NO CONTROLS,Unknown,Yes,No Apparent Injury,NOT DISTRACTED,XX,(Sport) Utility Vehicle,25,2016.0,Audi,A5,0,Sunday,1
MCP20430021,210022534,Montgomery County Police,Injury Crash,2021-06-13 01:52:00,County,SHADY GROVE RD,MIDCOUNTY HWY,SINGLE VEHICLE,CLOUDY,DRY,DARK LIGHTS ON,TRAFFIC SIGNAL,ALCOHOL CONTRIBUTED,Yes,Possible Injury,UNKNOWN,MD,Passenger Car,45,2019.0,Nissan,SD,1,Sunday,6
MCP21810022,180008728,Montgomery County Police,Injury Crash,2018-02-20 08:46:00,County,HAWKINS CREAMERY RD,HAWKINS CREAMERY CT,STRAIGHT MOVEMENT ANGLE,CLOUDY,WET,DAYLIGHT,Unknown,Unknown,Yes,No Apparent Injury,LOOKED BUT DID NOT SEE,MD,Pickup Truck,0,2010.0,Toyt,TACOMA,8,Tuesday,2
MCP2693002H,180023035,Montgomery County Police,Property Damage Crash,2018-05-10 15:21:00,County,BEL PRE RD,GEORGIA AVE,SAME DIRECTION SIDESWIPE,CLEAR,DRY,DAYLIGHT,Unknown,NONE DETECTED,Yes,No Apparent Injury,OTHER DISTRACTION,MD,Passenger Car,45,2010.0,Nissan,ALTIMA,15,Thursday,5
MCP2898001N,16049014,Montgomery County Police,Injury Crash,2016-09-23 18:52:00,Interstate (State),EISENHOWER MEMORIAL HWY,CLARKSBURG RD,SAME DIR REND LEFT TURN,BLOWING SNOW,DRY,DAYLIGHT,NO CONTROLS,Unknown,Yes,No Apparent Injury,TEXTING FROM A CELLULAR PHONE,PA,Passenger Car,55,1999.0,Chev,SDN,18,Friday,9
MCP2607004W,190061830,Montgomery County Police,Injury Crash,2019-12-23 18:10:00,County,MIDCOUNTY HWY,WOODFIELD RD,SAME DIR REAR END,CLEAR,DRY,DARK LIGHTS ON,NO CONTROLS,NONE DETECTED,Yes,No Apparent Injury,UNKNOWN,MD,Passenger Car,45,2009.0,Nissan,ALTIMA,18,Monday,12
MCP2600000Z,15013382,Montgomery County Police,Property Damage Crash,2015-03-23 15:20:00,Maryland (State),UNIVERSITY BLVD E,E FRANKLIN AVE,SAME DIR REAR END,CLEAR,DRY,DAYLIGHT,TRAFFIC SIGNAL,NONE DETECTED,No,No Apparent Injury,NOT DISTRACTED,MD,Passenger Car,40,2000.0,Volvo,S80,15,Monday,3
MCP1022004R,16020700,Montgomery County Police,Property Damage Crash,2016-04-27 09:58:00,Maryland (State),KEMPTOWN RD,MOXLEY RD,SAME DIR REAR END,RAINING,WET,DAYLIGHT,NO CONTROLS,NONE DETECTED,No,No Apparent Injury,NOT DISTRACTED,MD,Pickup Truck,40,1999.0,Chev,C3500,9,Wednesday,4
MCP2703004T,250015477,MONTGOMERY,Property Damage Crash,2025-04-09 15:33:00,Unknown,Unknown,Unknown,"Sideswipe, Opposite Direction",Clear,Unknown,Daylight,Unknown,"Not Suspect of Alcohol Use, Not Suspect of Drug Use",No,No Apparent Injury,Not Distracted,MD,Other,0,2016.0,Freightliner,FREIGHTLINER,15,Wednesday,4
MCP3388000Z,240015075,MONTGOMERY,Property Damage Crash,2024-03-31 18:31:00,US (State),Unknown,DALE DR,Other,Clear,Dry,Daylight,Traffic Control Signal,"Not Suspect of Alcohol Use, Not Suspect of Drug Use",Yes,No Apparent Injury,Not Distracted,MD,Passenger Car,35,2015.0,Nissan,VERSA,18,Sunday,3
DD5649000Y,210034609,Rockville Police Departme,Property Damage Crash,2021-09-03 16:56:00,Unknown,Unknown,Unknown,OTHER,Unknown,Unknown,DAYLIGHT,Unknown,UNKNOWN,Yes,No Apparent Injury,NOT DISTRACTED,MD,Passenger Car,0,2006.0,Honda,ACCORD,16,Friday,9
HA2389000Z,20000287,Maryland-National Capital,Property Damage Crash,2020-01-29 13:09:00,Government,NEEDWOOD LAKE DR,BEACH DR,OTHER,CLEAR,Unknown,DAYLIGHT,Unknown,UNKNOWN,Yes,No Apparent Injury,UNKNOWN,MD,Motorcycle,25,2018.0,Harley Davidson,MOTORCYCLE,13,Wednesday,1
MCP31270027,230007944,Montgomery County Police,Injury Crash,2023-02-16 19:42:00,Maryland (State),EAST WEST HWY,BROOKVILLE RD,SAME DIRECTION SIDESWIPE,RAINING,WET,DARK LIGHTS ON,STOP SIGN,NONE DETECTED,No,Possible Injury,NOT DISTRACTED,MD,Passenger Car,35,2017.0,Honda,FIT,19,Thursday,2
MCP3190003S,220016136,Montgomery County Police,Injury Crash,2022-04-16 11:33:00,County,BEL PRE RD,WESTBURY RD,OTHER,CLEAR,DRY,DAYLIGHT,Unknown,NONE DETECTED,No,Suspected Minor Injury,NOT DISTRACTED,MD,"Other Light Trucks (10,000Lbs (4,536Kg) Or Less)",25,2021.0,Ford,ECONOLINE,11,Saturday,4
MCP3176000Q,190059408,Montgomery County Police,Injury Crash,2019-12-09 21:38:00,Maryland (State),NEW HAMPSHIRE AVE,OAKLAWN DR,HEAD ON LEFT TURN,RAINING,WET,DARK LIGHTS ON,NO CONTROLS,NONE DETECTED,No,Suspected Minor Injury,NOT DISTRACTED,MD,Passenger Car,40,2019.0,Volkswagen,JETTA,21,Monday,12
MCP23390084,230015991,Montgomery County Police,Injury Crash,2023-04-03 18:23:00,County,TWINBROOK PKWY,VEIRS MILL RD,SAME DIRECTION SIDESWIPE,CLEAR,DRY,DAYLIGHT,NO CONTROLS,NONE DETECTED,No,Suspected Minor Injury,NOT DISTRACTED,MD,Passenger Car,35,2016.0,Toyota,CAMRY,18,Monday,4
MCP2244000K,15045312,MONTGOMERY,Property Damage Crash,2015-09-08 14:39:00,US (State),COLUMBIA PIKE,LOCKWOOD DR,SAME DIR REAR END,CLEAR,DRY,DAYLIGHT,TRAFFIC SIGNAL,NONE DETECTED,No,No Apparent Injury,NOT DISTRACTED,MD,Station Wagon,40,2013.0,Subaru,SW IMPREZA,14,Tuesday,9
MCP26670058,180050660,Montgomery County Police,Property Damage Crash,2018-10-11 10:13:00,County,MONTGOMERY VILLAGE AVE,STEDWICK RD,SAME DIR REAR END,CLEAR,DRY,DAYLIGHT,Unknown,NONE DETECTED,No,No Apparent Injury,NOT DISTRACTED,MD,Passenger Car,35,2000.0,Nissan,TK,10,Thursday,10
EJ79060011,240042354,GAITHERSBURG,Injury Crash,2024-09-06 18:55:00,Maryland (State) Route,W DIAMOND AVE (WB/L),PERRY PKWY,Unknown,Clear,Dry,Daylight,Traffic Control Signal,"Not Suspect of Alcohol Use, Not Suspect of Drug Use",Yes,No Apparent Injury,Not Distracted,MD,Passenger Car,30,2014.0,Toyota,COROLLA,18,Friday,9
MCP3457000R,250022334,MONTGOMERY,Property Damage Crash,2025-05-20 15:00:00,County Route,INDIAN SPRING DR,Unknown,Rear To Side,Clear,Dry,Daylight,No Controls,"Not Suspect of Alcohol Use, Not Suspect of Drug Use",No,No Apparent Injury,Not Distracted,MD,Passenger Car,25,2017.0,Mazda,MAZDA3,15,Tuesday,5
MCP2545001L,240046104,MONTGOMERY,Property Damage Crash,2024-09-27 05:40:00,Maryland (State) Route,VEIRS MILL RD (WB/L),CONNECTICUT AVE,Front to Rear,Clear,Dry,Dark - Lighted,Traffic Control Signal,"Not Suspect of Alcohol Use, Not Suspect of Drug Use",No,No Apparent Injury,Not Distracted,MD,Passenger Car,35,2005.0,Toyota,SIENNA,5,Friday,9
MCP2703002F,190004978,Montgomery County Police,Property Damage Crash,2019-01-31 18:34:00,County,BROADBIRCH DR,TECH RD,ANGLE MEETS LEFT TURN,CLEAR,DRY,DARK LIGHTS ON,NO CONTROLS,UNKNOWN,Yes,No Apparent Injury,UNKNOWN,Unknown,Ambulance/Emergency,35,1900.0,Acura,UNKNOWN,18,Thursday,1
MCP1119008X,200051487,Montgomery County Police,Injury Crash,2020-12-31 14:30:00,County,CLEARFIELD RD,CHARLES RD,STRAIGHT MOVEMENT ANGLE,CLOUDY,DRY,DAYLIGHT,STOP SIGN,NONE DETECTED,No,Possible Injury,NOT DISTRACTED,MD,Van,25,2008.0,Chevrolet,EXPRESS,14,Thursday,12
MCP2830005C,220037478,Montgomery County Police,Property Damage Crash,2022-08-31 08:06:00,County,RANDOLPH RD,NEW HAMPSHIRE AVE,SAME DIR REAR END,CLEAR,DRY,DAYLIGHT,TRAFFIC SIGNAL,NONE DETECTED,Yes,No Apparent Injury,UNKNOWN,MD,School Bus,40,2011.0,Thom,BU,8,Wednesday,8
MCP30100066,210044675,Montgomery County Police,Property Damage Crash,2021-11-04 14:02:00,Maryland (State),ROCKVILLE PIKE,CROSSOVER,STRAIGHT MOVEMENT ANGLE,CLEAR,DRY,DAYLIGHT,NO CONTROLS,Unknown,No,No Apparent Injury,NOT DISTRACTED,MD,Passenger Car,40,2009.0,Toyota,CAROLLA,14,Thursday,11
MCP2892005Z,190007630,Montgomery County Police,Property Damage Crash,2019-02-16 19:02:00,Maryland (State),GEORGIA AVE,DENNIS AVE,SAME DIR REAR END,CLEAR,DRY,DARK LIGHTS ON,Unknown,NONE DETECTED,No,No Apparent Injury,NOT DISTRACTED,MD,Passenger Car,35,2011.0,Bmw,4S,19,Saturday,2
EJ78580039,190014707,Gaithersburg Police Depar,Property Damage Crash,2019-03-30 04:34:00,Municipality,GIRARD ST,FALLBROOK ST,SINGLE VEHICLE,CLEAR,UNKNOWN,DARK LIGHTS ON,NO CONTROLS,ALCOHOL PRESENT,Yes,No Apparent Injury,UNKNOWN,MD,Passenger Car,25,2006.0,Honda,ACCORD,4,Saturday,3
MCP2350000V,250041092,MONTGOMERY,Property Damage Crash,2025-09-12 22:37:00,County Route,PRICE AVE,FERN ST,"Sideswipe, Same Direction",Clear,Dry,Dark - Lighted,No Controls,"Suspect of Alcohol Use, Not Suspect of Drug Use",Yes,No Apparent Injury,Unknown,MD,Sport Utility Vehicle,25,1993.0,Dodge,RAMCHARGER,22,Friday,9
MCP9419002G,200009496,Montgomery County Police,Property Damage Crash,2020-02-26 07:43:00,County,REDLAND RD,CRABBS BRANCH WAY,STRAIGHT MOVEMENT ANGLE,RAINING,WET,DAYLIGHT,TRAFFIC SIGNAL,NONE DETECTED,No,No Apparent Injury,NOT DISTRACTED,MD,Passenger Car,40,2012.0,Ford,4S,7,Wednesday,2
MCP31430040,220057860,Montgomery County Police,Property Damage Crash,2022-12-30 13:10:00,Maryland (State),ROCKVILLE PIKE,CEDAR LA,SAME DIR REAR END,CLEAR,DRY,DAYLIGHT,Unknown,NONE DETECTED,Yes,No Apparent Injury,NOT DISTRACTED,MD,(Sport) Utility Vehicle,35,2011.0,Acura,MDX,13,Friday,12
MCP2450002X,190049073,Montgomery County Police,Injury Crash,2019-10-12 17:49:00,US (State),GEORGIA AVE,13TH ST,OTHER,Unknown,Unknown,DAYLIGHT,OTHER,NONE DETECTED,Yes,No Apparent Injury,UNKNOWN,MD,All Terrain Vehicle (Atv),5,2007.0,Toyota,RAV4,17,Saturday,10
MCP1550001P,15062969,MONTGOMERY,Injury Crash,2015-12-09 20:00:00,Maryland (State),CONNECTICUT AVE,WASHINGTON ST,SAME DIR REAR END,CLOUDY,DRY,DARK LIGHTS ON,FLASHING TRAFFIC SIGNAL,NONE DETECTED,No,Possible Injury,NOT DISTRACTED,VA,(Sport) Utility Vehicle,35,2012.0,Nissan,ROGUE,20,Wednesday,12
DD5567005Q,240040318,ROCKVILLE,Property Damage Crash,2024-08-26 10:47:00,Maryland (State) Route,FREDERICK RD (SB/L),Unknown,Front to Rear,Clear,Dry,Daylight,No Controls,"Not Suspect of Alcohol Use, Not Suspect of Drug Use",Yes,No Apparent Injury,Not Distracted,MD,Sport Utility Vehicle,35,2011.0,Honda,CR-V,10,Monday,8
MCP1595001C,210007445,Montgomery County Police,Property Damage Crash,2021-02-26 22:35:00,Maryland (State),VEIRS MILL RD,FERRARA AVE,SAME DIRECTION SIDESWIPE,WINTRY MIX,WET,DARK LIGHTS ON,Unknown,Unknown,Yes,No Apparent Injury,UNKNOWN,MD,Transit Bus,35,2014.0,Gill,BUS,22,Friday,2