Report Number,Local Case Number,Agency Name,ACRS Report Type,Crash Date/Time,Route Type,Road Name,Cross-Street Name,Collision Type,Weather,Surface Condition,Light,Traffic Control,Driver Substance Abuse,Driver At Fault,Injury Severity,Driver Distracted By,Drivers License State,Vehicle Body Type,Speed Limit,Vehicle Year,Vehicle Make,Vehicle Model,Crash Hour,Crash Day,Crash Month
MCP2516006B,250043242,MONTGOMERY,Injury Crash,2025-09-25 23:09:00,Maryland (State) Route,CLARKSBURG RD,Unknown,Front to Rear,Cloudy,Wet,Dark - Not Lighted,No Controls,"Not Suspect of Alcohol Use, Not Suspect of Drug Use",No,Suspected Minor Injury,Not Distracted,MD,Passenger Car,35,2015.0,Bmw,528I,23,Thursday,9
DM8439001M,180018567,Takoma Park Police Depart,Property Damage Crash,2018-04-16 14:50:00,Maryland (State),FLOWER AVE,DIVISION ST,SAME DIR REAR END,RAINING,WET,DAYLIGHT,FLASHING TRAFFIC SIGNAL,Unknown,No,No Apparent Injury,NOT DISTRACTED,MD,Passenger Car,25,2010.0,Hond,4S,14,Monday,4
MCP2736002C,15022048,Montgomery County Police,Property Damage Crash,2015-05-08 23:17:00,Unknown,Unknown,Unknown,SAME DIRECTION SIDESWIPE,Unknown,Unknown,DARK LIGHTS ON,Unknown,Unknown,No,No Apparent Injury,NOT DISTRACTED,MD,Passenger Car,10,2004.0,Lexus,4D,23,Friday,5
MCP3322000H,220011867,Montgomery County Police,Property Damage Crash,2022-03-19 10:30:00,Unknown,Unknown,Unknown,OTHER,CLEAR,Unknown,DAYLIGHT,Unknown,Unknown,Yes,No Apparent Injury,NOT DISTRACTED,Unknown,Passenger Car,15,2010.0,Lexus,TK,10,Saturday,3
MCP1174006N,230071740,Montgomery County Police,Property Damage Crash,2023-12-14 15:53:00,County,JONES BRIDGE RD,ROCKVILLE PIKE,SAME DIR REAR END,CLEAR,DRY,DAYLIGHT,TRAFFIC SIGNAL,NONE DETECTED,Yes,No Apparent Injury,LOOKED BUT DID NOT SEE,MD,Passenger Car,25,2009.0,Honda,ACCORD,15,Thursday,12
MCP2607005Q,210043394,Montgomery County Police,Property Damage Crash,2021-10-27 18:50:00,Maryland (State),FREDERICK RD,SPUR TO SHADY GROVE RD,SAME DIR REAR END,CLEAR,DRY,DARK LIGHTS ON,YIELD SIGN,NONE DETECTED,Yes,No Apparent Injury,UNKNOWN,MD,"Other Light Trucks (10,000Lbs (4,536Kg) Or Less)",40,2016.0,Frei,TRUCK,18,Wednesday,10
MCP3063000Q,180023724,Montgomery County Police,Injury Crash,2018-05-14 16:51:00,Maryland (State),SPENCERVILLE RD,PEACH ORCHARD RD,SAME DIR REAR END,CLEAR,Unknown,DAYLIGHT,Unknown,Unknown,Yes,No Apparent Injury,INATTENTIVE OR LOST IN THOUGHT,MD,Pickup Truck,40,2013.0,Chev,TK,16,Monday,5
MCP137800R3,190030315,Montgomery County Police,Injury Crash,2019-06-25 13:33:00,County,OAKMONT AVE,STRUC #15152,STRAIGHT MOVEMENT ANGLE,CLOUDY,DRY,DAYLIGHT,NO CONTROLS,NONE DETECTED,Yes,No Apparent Injury,LOOKED BUT DID NOT SEE,MD,(Sport) Utility Vehicle,25,2015.0,Gmc,ACADIA,13,Tuesday,6
MCP30670016,180052685,Montgomery County Police,Property Damage Crash,2018-10-21 03:30:00,Unknown,Unknown,Unknown,OTHER,CLEAR,Unknown,DARK LIGHTS ON,Unknown,ALCOHOL PRESENT,Yes,No Apparent Injury,OTHER DISTRACTION,MD,Passenger Car,15,2013.0,Acura,SEDAN,3,Sunday,10
MCP2641003G,230064889,Montgomery County Police,Injury Crash,2023-11-07 12:30:00,Maryland (State),BRADLEY BLVD,HILLMEAD RD,SAME DIR REAR END,CLOUDY,DRY,DAYLIGHT,NO CONTROLS,NONE DETECTED,Yes,No Apparent Injury,NOT DISTRACTED,MD,Passenger Car,35,2021.0,Bmw,CV,12,Tuesday,11
MCP1233001C,16064384,Montgomery County Police,Property Damage Crash,2016-12-15 15:45:00,Maryland (State),MONTGOMERY AVE,PEARL ST,SAME DIRECTION RIGHT TURN,CLEAR,DRY,DAYLIGHT,NO CONTROLS,NONE DETECTED,No,No Apparent Injury,NOT DISTRACTED,MD,Passenger Car,30,2007.0,Toyt,HIGLANDER,15,Thursday,12
MCP3162005P,240061309,MONTGOMERY,Property Damage Crash,2024-12-23 12:55:00,Maryland (State) Route,GEORGIA AVE,Unknown,"Sideswipe, Same Direction",Clear,Dry,Daylight,No Controls,"Not Suspect of Alcohol Use, Not Suspect of Drug Use",No,No Apparent Injury,Not Distracted,MD,Bus - Transit,35,2013.0,New Flyer,XCELSIOR,12,Monday,12
MCP33110015,20036928,Montgomery County Police,Property Damage Crash,2022-08-26 15:51:00,Unknown,Unknown,Unknown,OTHER,CLEAR,Unknown,DAYLIGHT,TRAFFIC SIGNAL,Unknown,Yes,No Apparent Injury,UNKNOWN,MD,Transit Bus,15,2009.0,Tbu,METRO BUS,15,Friday,8
MCP9112001M,190061101,Montgomery County Police,Property Damage Crash,2019-12-19 09:30:00,Unknown,Unknown,Unknown,STRAIGHT MOVEMENT ANGLE,CLEAR,Unknown,DAYLIGHT,Unknown,NONE DETECTED,Yes,No Apparent Injury,NOT DISTRACTED,MD,(Sport) Utility Vehicle,0,2015.0,Toyota,HIGHLANDER SUV,9,Thursday,12
MCP3322004N,250056076,MONTGOMERY,Property Damage Crash,2025-12-15 17:23:00,County Route,PARKER AVE,Unknown,"Sideswipe, Opposite Direction",Cloudy,Dry,Dark - Not Lighted,Stop Sign,"Unknown, Unknown",No,Unknown,Unknown,Unknown,Pickup,25,2011.0,Ford,F-250,17,Monday,12
MCP2046008H,180028294,Montgomery County Police,Injury Crash,2018-06-08 11:55:00,US (State),COLESVILLE RD,RAMP 4 FR US 29 NB TO IS 495 EB,SAME DIRECTION SIDESWIPE,CLEAR,DRY,DAYLIGHT,NO CONTROLS,NONE DETECTED,Unknown,No Apparent Injury,NOT DISTRACTED,MD,Transit Bus,35,2013.0,New Flyer,BUS,11,Friday,6
MCP3161000W,180063136,Montgomery County Police,Property Damage Crash,2018-12-18 11:00:00,Maryland (State),WESTMORELAND CIR,DALECARLIA PKWY (DC MAINT),SAME DIRECTION RIGHT TURN,CLEAR,DRY,DAYLIGHT,YIELD SIGN,NONE DETECTED,No,No Apparent Injury,NOT DISTRACTED,MD,Passenger Car,25,2011.0,Volv,4S,11,Tuesday,12
MCP26670050,180036824,Montgomery County Police,Injury Crash,2018-07-25 12:45:00,Maryland (State),MONTGOMERY VILLAGE AVE,RUSSELL AVE,STRAIGHT MOVEMENT ANGLE,CLEAR,DRY,DAYLIGHT,TRAFFIC SIGNAL,NONE DETECTED,Yes,Possible Injury,UNKNOWN,MD,Passenger Car,35,2011.0,Hyundia,4S,12,Wednesday,7
MCP1227002C,250034914,MONTGOMERY,Fatal Crash,2025-08-06 03:21:00,Maryland (State) Route,SANDY SPRING RD (WB/L),Unknown,Front to Front,Clear,Dry,Dark - Lighted,No Controls,"Suspect of Alcohol Use, Suspect of Drug Use",Yes,Suspected Serious Injury,Unknown,DC,Sport Utility Vehicle,45,2024.0,Honda,CR-V,3,Wednesday,8
MCP33390017,230002795,Montgomery County Police,Injury Crash,2023-01-18 08:02:00,County,WELLER RD,GOODHILL RD,OTHER,CLEAR,DRY,DAYLIGHT,STOP SIGN,NONE DETECTED,Yes,No Apparent Injury,LOOKED BUT DID NOT SEE,MD,(Sport) Utility Vehicle,25,2022.0,Hond,CRV,8,Wednesday,1
MCP137800S2,190043538,Montgomery County Police,Property Damage Crash,2019-09-11 15:23:00,County,CENTERWAY RD,GOSHEN RD,SAME DIRECTION SIDESWIPE,CLOUDY,DRY,DAYLIGHT,TRAFFIC SIGNAL,NONE DETECTED,No,No Apparent Injury,NOT DISTRACTED,MD,School Bus,30,2016.0,Thom,BUS,15,Wednesday,9
MCP15680027,250027202,MONTGOMERY,Property Damage Crash,2025-06-18 15:45:00,Maryland (State) Route,DARNESTOWN RD,Unknown,Single Vehicle,Clear,Dry,Daylight,No Controls,"Not Suspect of Alcohol Use, Not Suspect of Drug Use",No,No Apparent Injury,Not Distracted,MD,Sport Utility Vehicle,50,2011.0,Honda,CR-V,15,Wednesday,6
MCP30380035,190017816,Montgomery County Police,Injury Crash,2019-04-16 15:18:00,County,E JEFFERSON ST,MONTROSE PKWY,SAME DIR REAR END,CLEAR,DRY,DAYLIGHT,TRAFFIC SIGNAL,Unknown,No,No Apparent Injury,NOT DISTRACTED,MD,(Sport) Utility Vehicle,30,2006.0,Honda,CRV,15,Tuesday,4
MCP242500BZ,180009432,Montgomery County Police,Property Damage Crash,2018-02-23 13:59:00,Interstate (State),CAPITAL BELTWAY,RAMP 8 FR US 29 SB TO IS 495 WB,SAME DIRECTION SIDESWIPE,CLOUDY,DRY,DAYLIGHT,NO CONTROLS,NONE DETECTED,Yes,No Apparent Injury,NOT DISTRACTED,MD,School Bus,55,2012.0,Thomas,BUS,13,Friday,2
HA2388000T,19002465,Maryland-National Capital,Property Damage Crash,2019-09-12 11:51:00,Maryland (State),FREDERICK RD,CAMPING RIDGE RD,SINGLE VEHICLE,CLEAR,DRY,DAYLIGHT,NO CONTROLS,NONE DETECTED,Unknown,No Apparent Injury,NOT DISTRACTED,MD,"Medium/Heavy Trucks 3 Axles (Over 10,000Lbs (4,536Kg))",15,2009.0,Kennilworth,DS,11,Thursday,9
MCP2539001D,200002584,Montgomery County Police,Property Damage Crash,2020-01-15 22:05:00,Maryland (State),WISCONSIN AVE,CHELTENHAM DR,ANGLE MEETS LEFT TURN,Unknown,DRY,DARK LIGHTS ON,TRAFFIC SIGNAL,NONE DETECTED,No,No Apparent Injury,NOT DISTRACTED,MD,Passenger Car,25,2015.0,Mazda,CX9,22,Wednesday,1
MCP31170026,190049847,Montgomery County Police,Property Damage Crash,2019-10-17 16:08:00,County,S GLEN RD,DEEP GLEN DR,OTHER,CLEAR,DRY,DAYLIGHT,NO CONTROLS,NONE DETECTED,No,No Apparent Injury,NOT DISTRACTED,MD,School Bus,35,2007.0,Thomas,BUS,16,Thursday,10
MCP2923001F,16001314,Montgomery County Police,Property Damage Crash,2016-01-08 08:32:00,Maryland (State),GEORGIA AVE,DENNIS AVE,SINGLE VEHICLE,RAINING,WET,DAYLIGHT,NO CONTROLS,NONE DETECTED,Yes,No Apparent Injury,NOT DISTRACTED,MD,Passenger Car,40,2007.0,Honda,ACCORD,8,Friday,1
DD5652004M,240028919,ROCKVILLE,Property Damage Crash,2024-06-18 07:06:00,Municipality Route,N HORNERS LA,CRABB AVE,Angle,Clear,Dry,Daylight,Stop Sign,"Not Suspect of Alcohol Use, Not Suspect of Drug Use",Yes,No Apparent Injury,Not Distracted,MD,Passenger Car,25,2014.0,Chevrolet,CRUZE,7,Tuesday,6
EJ78850016,210025570,Gaithersburg Police Depar,Property Damage Crash,2021-07-03 15:45:00,Unknown,Unknown,Unknown,STRAIGHT MOVEMENT ANGLE,CLEAR,Unknown,DAYLIGHT,NO CONTROLS,NONE DETECTED,No,No Apparent Injury,NOT DISTRACTED,MD,Passenger Car,15,2014.0,Toyt,HY,15,Saturday,7
EJ7856006D,190009561,Gaithersburg Police Depar,Injury Crash,2019-02-28 17:39:00,Maryland (State),DARNESTOWN RD,ENT TO BUSINESS,SAME DIR REAR END,CLEAR,DRY,DAYLIGHT,Unknown,Unknown,Yes,No Apparent Injury,NOT DISTRACTED,VA,Passenger Car,30,2014.0,Cadillac,4S,17,Thursday,2
MCP32620049,240028044,MONTGOMERY,Injury Crash,2024-06-12 20:30:00,Maryland (State) Route,SANDY SPRING RD,Unknown,"Sideswipe, Opposite Direction",Clear,Dry,Dusk,Traffic Control Signal,"Not Suspect of Alcohol Use, Not Suspect of Drug Use",Yes,Suspected Minor Injury,"Other Action (looking away from task, etc.)",MD,Passenger Car,35,2001.0,Ford,CROWN VICTORIA,20,Wednesday,6
MCP2305002G,220038310,Montgomery County Police,Injury Crash,2022-09-04 01:37:00,County,BRINK RD,BOURDEAUX PLACE,SINGLE VEHICLE,CLEAR,DRY,DARK NO LIGHTS,NO CONTROLS,ALCOHOL PRESENT,Yes,Suspected Minor Injury,UNKNOWN,MD,Passenger Car,40,2015.0,Hond,2S,1,Sunday,9
MCP3268002C,220042822,Montgomery County Police,Injury Crash,2022-10-01 11:36:00,County,RANDOLPH RD,HAWKESBURY LA,SAME DIR REAR END,RAINING,WET,DAYLIGHT,TRAFFIC SIGNAL,NONE DETECTED,Yes,Possible Injury,NOT DISTRACTED,MD,Passenger Car,35,2013.0,Dodge,DART,11,Saturday,10
MCP30780005,170529445,Montgomery County Police,Property Damage Crash,2017-09-08 08:33:00,Maryland (State),NORBECK RD,GEORGIA AVE,SAME DIR REAR END,CLEAR,DRY,DAYLIGHT,TRAFFIC SIGNAL,Unknown,Yes,No Apparent Injury,OTHER DISTRACTION,MD,"Medium/Heavy Trucks 3 Axles (Over 10,000Lbs (4,536Kg))",45,2017.0,Ptrb,TK,8,Friday,9
MCP2672000L,15052752,MONTGOMERY,Property Damage Crash,2015-10-17 16:10:00,Unknown,Unknown,Unknown,STRAIGHT MOVEMENT ANGLE,CLEAR,Unknown,DAYLIGHT,OTHER,NONE DETECTED,No,No Apparent Injury,NOT DISTRACTED,PA,Passenger Car,15,2011.0,Mazda,3,16,Saturday,10
MCP3312002X,230014610,Montgomery County Police,Property Damage Crash,2023-03-26 12:45:00,Maryland (State),NEW HAMPSHIRE AVE,VENICE DR,SAME DIRECTION SIDESWIPE,CLEAR,DRY,DAYLIGHT,Unknown,UNKNOWN,Yes,No Apparent Injury,NOT DISTRACTED,Unknown,Passenger Car,40,2020.0,Hodna,CRV,12,Sunday,3
MCP2748000V,170551425,Montgomery County Police,Injury Crash,2017-12-31 04:31:00,Maryland (State),CONNECTICUT AVE,HOWARD AVE,SINGLE VEHICLE,Unknown,Unknown,DARK LIGHTS ON,NO CONTROLS,ALCOHOL PRESENT,Yes,Possible Injury,NOT DISTRACTED,NJ,Passenger Car,35,2016.0,Honda,CIVIC,4,Sunday,12
MCP2909000Q,15038697,MONTGOMERY,Property Damage Crash,2015-08-04 15:36:00,Unknown,Unknown,Unknown,SINGLE VEHICLE,CLEAR,Unknown,DAYLIGHT,NO CONTROLS,NONE DETECTED,Yes,No Apparent Injury,UNKNOWN,DC,Passenger Car,25,2013.0,Bmw,320I,15,Tuesday,8
MCP29340046,210010822,Montgomery County Police,Property Damage Crash,2021-03-29 13:00:00,County,GAINSBOROUGH RD,PARLIAMENT DR,OTHER,CLEAR,DRY,DAYLIGHT,NO CONTROLS,NONE DETECTED,No,No Apparent Injury,NOT DISTRACTED,MD,Passenger Car,25,2018.0,Bmw,4S,13,Monday,3
MCP2039002S,170528750,Montgomery County Police,Property Damage Crash,2017-09-05 09:30:00,Maryland (State),VEIRS MILL RD,PARKLAND DR,SAME DIR REAR END,CLEAR,DRY,DAYLIGHT,Unknown,Unknown,Yes,No Apparent Injury,NOT DISTRACTED,MD,Passenger Car,45,2005.0,Toyota,CAMRY,9,Tuesday,9
MCP27370039,180052791,Montgomery County Police,Property Damage Crash,2018-10-21 21:10:00,Maryland (State),NEW HAMPSHIRE AVE,RAMP 8 FR MD650 SB TO RP 1 (TO MD200 WB),SAME DIR REAR END,CLEAR,DRY,DARK LIGHTS ON,NO CONTROLS,NONE DETECTED,Yes,No Apparent Injury,NOT DISTRACTED,MD,Passenger Car,45,2018.0,Toyota,CHR,21,Sunday,10
MCP2889001F,16011190,Montgomery County Police,Property Damage Crash,2016-03-06 19:51:00,Unknown,Unknown,Unknown,OTHER,CLEAR,Unknown,DARK LIGHTS ON,Unknown,UNKNOWN,Yes,No Apparent Injury,UNKNOWN,MD,Passenger Car,10,1999.0,Toyota,AVALON,19,Sunday,3
MCP30940021,220030930,Montgomery County Police,Injury Crash,2022-07-18 20:28:00,County,WARFIELD RD,APOLLO LA,SINGLE VEHICLE,Unknown,WET,DUSK,NO CONTROLS,NONE DETECTED,Yes,Possible Injury,LOOKED BUT DID NOT SEE,MD,Passenger Car,35,2008.0,Buic,ENCLAVE,20,Monday,7
MCP32000059,220016310,Montgomery County Police,Injury Crash,2022-04-17 18:44:00,County,CORDELL AVE,NORFOLK AVE,OTHER,CLEAR,DRY,DAYLIGHT,NO CONTROLS,NONE DETECTED,No,Possible Injury,NOT DISTRACTED,MD,Passenger Car,25,2022.0,Toyota,COROLLA,18,Sunday,4
MCP0942001S,180029207,Montgomery County Police,Injury Crash,2018-06-13 14:53:00,Maryland (State),WISCONSIN AVE,MAPLE AVE,HEAD ON LEFT TURN,CLEAR,DRY,DAYLIGHT,NO CONTROLS,NONE DETECTED,No,Possible Injury,NOT DISTRACTED,MD,Passenger Car,25,2002.0,Toyt,RAV4,14,Wednesday,6
MCP2739002H,190038532,Montgomery County Police,Property Damage Crash,2019-08-12 22:16:00,County,ADELPHI RD,NEW HAMPSHIRE AVE,SAME DIRECTION SIDESWIPE,CLEAR,DRY,DARK LIGHTS ON,NO CONTROLS,UNKNOWN,Yes,No Apparent Injury,UNKNOWN,Unknown,Van,35,2000.0,Chevrolet,ASTRO,22,Monday,8
MCP3245007B,250030775,MONTGOMERY,Property Damage Crash,2025-07-11 17:57:00,County Route,WATKINS MILL RD,Unknown,Front to Rear,Clear,Dry,Daylight,No Controls,"Not Suspect of Alcohol Use, Not Suspect of Drug Use",Yes,No Apparent Injury,Unknown,MD,Passenger Car,25,2008.0,Toyota,YARIS,17,Friday,7
MCP2749001Y,170532111,Montgomery County Police,Property Damage Crash,2017-09-22 09:10:00,Unknown,Unknown,Unknown,OTHER,CLEAR,Unknown,DAYLIGHT,Unknown,NONE DETECTED,No,No Apparent Injury,NOT DISTRACTED,MD,"Other Light Trucks (10,000Lbs (4,536Kg) Or Less)",15,2014.0,International,7400,9,Friday,9
MCP2656005P,210047502,Montgomery County Police,Property Damage Crash,2021-11-22 17:30:00,Maryland (State),CLOPPER RD,KINGSVIEW VILLAGE AVE,STRAIGHT MOVEMENT ANGLE,CLEAR,DRY,DARK LIGHTS ON,TRAFFIC SIGNAL,Unknown,No,No Apparent Injury,NOT DISTRACTED,MD,Passenger Car,40,2007.0,Infiniti,SD,17,Monday,11
MCP3174002H,200035520,Montgomery County Police,Property Damage Crash,2020-09-10 15:40:00,County,WIGHTMAN RD,GOSHEN RD,SAME DIRECTION SIDESWIPE,RAINING,WET,DAYLIGHT,TRAFFIC SIGNAL,NONE DETECTED,No,No Apparent Injury,NOT DISTRACTED,MD,Passenger Car,35,2016.0,Toyota,CAMRY,15,Thursday,9
DD56050058,180012184,Rockville Police Departme,Property Damage Crash,2018-03-10 20:00:00,Maryland (State),E JEFFERSON ST,MARYLAND AVE,OTHER,Unknown,DRY,DARK LIGHTS ON,TRAFFIC SIGNAL,NONE DETECTED,Yes,No Apparent Injury,LOOKED BUT DID NOT SEE,MD,Fire Vehicle/Non Emergency,35,2007.0,Pi,R,20,Saturday,3
MCP9422000P,170525568,Montgomery County Police,Property Damage Crash,2017-08-18 16:45:00,US (State),COLUMBIA PIKE,SANDY SPRING RD,SAME DIR REAR END,CLEAR,DRY,DAYLIGHT,NO CONTROLS,NONE DETECTED,No,No Apparent Injury,NOT DISTRACTED,MD,Passenger Car,55,2008.0,Toyota,PRIUS,16,Friday,8
MCP31320011,190023560,Montgomery County Police,Property Damage Crash,2019-05-18 17:10:00,County,MACARTHUR BLVD,WILSON LA,SAME DIR REND RIGHT TURN,Unknown,DRY,DAYLIGHT,NO CONTROLS,Unknown,No,No Apparent Injury,NOT DISTRACTED,MD,Passenger Car,35,2015.0,Toyota,CAMRY,17,Saturday,5
MCP28250017,200005259,Montgomery County Police,Property Damage Crash,2020-02-01 02:05:00,County,HOPKINS RD,LARK SONG DR,SINGLE VEHICLE,CLEAR,DRY,DARK LIGHTS ON,Unknown,NONE DETECTED,Yes,No Apparent Injury,NOT DISTRACTED,MD,Fire Vehicle/Emergency,25,2019.0,Pierce,ENGINE,2,Saturday,2
MCP29860037,210005060,Montgomery County Police,Property Damage Crash,2021-02-08 18:41:00,US (State),COLESVILLE RD,SPRING ST,SAME DIRECTION LEFT TURN,CLEAR,DRY,DARK LIGHTS ON,TRAFFIC SIGNAL,NONE DETECTED,No,No Apparent Injury,NOT DISTRACTED,MD,Passenger Car,35,2013.0,Mazda,4S,18,Monday,2
MCP2905003W,180117893,Montgomery County Police,Property Damage Crash,2018-04-12 17:01:00,County,SEVEN LOCKS RD,BRADLEY BLVD,STRAIGHT MOVEMENT ANGLE,CLEAR,DRY,DAYLIGHT,NO CONTROLS,Unknown,Yes,No Apparent Injury,LOOKED BUT DID NOT SEE,MD,Passenger Car,30,2016.0,Chevrolet,CRUZE,17,Thursday,4
MCP29690054,180045096,Montgomery County Police,Property Damage Crash,2018-09-10 08:16:00,County,PRINCE PHILIP DR,VIBURNUM WAY,SINGLE VEHICLE,RAINING,WET,DAYLIGHT,NO CONTROLS,NONE DETECTED,Yes,No Apparent Injury,NOT DISTRACTED,MD,Passenger Car,25,2001.0,Buick,COUNTRY,8,Monday,9
MCP2931003T,190044559,Montgomery County Police,Property Damage Crash,2019-09-17 15:41:00,Unknown,Unknown,Unknown,OPPOSITE DIRECTION SIDESWIPE,CLEAR,Unknown,DAYLIGHT,Unknown,Unknown,No,No Apparent Injury,NOT DISTRACTED,XX,Passenger Car,10,2019.0,Hyundai,SONATA,15,Tuesday,9
MCP2861006R,250017506,MONTGOMERY,Property Damage Crash,2025-04-22 18:30:00,County Route,WESTLAKE DR,Unknown,Angle,Clear,Dry,Daylight,No Controls,"Not Suspect of Alcohol Use, Not Suspect of Drug Use",No,No Apparent Injury,Not Distracted,MD,Passenger Car,35,2004.0,Toyota,CAMRY,18,Tuesday,4
MCP2637003R,200036726,Montgomery County Police,Property Damage Crash,2020-09-19 10:35:00,County,TRAVILAH RD,GLEN RD,OPPOSITE DIRECTION SIDESWIPE,CLEAR,DRY,DAYLIGHT,Unknown,ALCOHOL CONTRIBUTED,Yes,No Apparent Injury,DISTRACTED BY OUTSIDE PERSON OBJECT OR EVENT,MD,Passenger Car,30,2010.0,Chev,MALIBU,10,Saturday,9
MCP2361002W,230064044,Montgomery County Police,Property Damage Crash,2023-11-02 18:21:00,County,GOSHEN RD,EMORY GROVE RD,SAME DIR REAR END,CLEAR,DRY,DUSK,TRAFFIC SIGNAL,NONE DETECTED,Yes,No Apparent Injury,TALKING OR LISTENING TO CELLULAR PHONE,MD,Passenger Car,35,2010.0,Hond,CIVIC,18,Thursday,11
MCP2116007C,170538827,Montgomery County Police,Property Damage Crash,2017-10-25 16:28:00,County,RANDOLPH RD,MONTROSE PKWY (BACK),SAME DIR REAR END,CLEAR,DRY,DAYLIGHT,Unknown,NONE DETECTED,No,No Apparent Injury,NOT DISTRACTED,MD,Passenger Car,35,2015.0,Nissan,SW,16,Wednesday,10
MCP1048003W,180045367,Montgomery County Police,Property Damage Crash,2018-09-11 13:59:00,County,RANDOLPH RD,ROCKING HORSE RD,OTHER,CLOUDY,DRY,DAYLIGHT,Unknown,NONE DETECTED,Yes,No Apparent Injury,NOT DISTRACTED,MD,Transit Bus,35,2016.0,Tbu,BUS,13,Tuesday,9
MCP3307003C,250052318,MONTGOMERY,Property Damage Crash,2025-11-21 17:30:00,County Route,ALLEY,GEORGIA AVE (SB/L),Front to Rear,Clear,Dry,Dark - Lighted,No Controls,"Not Suspect of Alcohol Use, Not Suspect of Drug Use",No,No Apparent Injury,Not Distracted,MD,Passenger Car,0,2011.0,Ford,FIESTA,17,Friday,11
MCP3125002Z,210024408,Montgomery County Police,Injury Crash,2021-06-25 18:35:00,County,MILBERN DR,GREENLANE DR,STRAIGHT MOVEMENT ANGLE,CLEAR,DRY,DAYLIGHT,STOP SIGN,Unknown,Yes,No Apparent Injury,UNKNOWN,MD,"Cargo Van/Light Truck 2 Axles (Over 10,000Lbs (4,536 Kg))",25,2013.0,Workhorse,TK,18,Friday,6
MCP3099002D,200039897,Montgomery County Police,Property Damage Crash,2020-10-10 10:45:00,Unknown,Unknown,Unknown,SAME DIRECTION RIGHT TURN,CLOUDY,Unknown,DAYLIGHT,Unknown,NONE DETECTED,Yes,No Apparent Injury,BY OTHER OCCUPANTS,VA,Pickup Truck,10,2004.0,Dodge,RAM 2500,10,Saturday,10
MCP9311002R,200003327,Montgomery County Police,Property Damage Crash,2020-01-21 07:38:00,Interstate (State),EISENHOWER MEMORIAL HWY,MONTROSE RD,SAME DIR REAR END,CLEAR,DRY,DAYLIGHT,NO CONTROLS,NONE DETECTED,Yes,No Apparent Injury,LOOKED BUT DID NOT SEE,XX,Passenger Car,55,2000.0,Honda,4S,7,Tuesday,1
MCP26170014,15052309,MONTGOMERY,Property Damage Crash,2015-10-15 09:17:00,Unknown,Unknown,Unknown,SAME DIR REAR END,CLEAR,Unknown,DAYLIGHT,NO CONTROLS,NONE DETECTED,Yes,No Apparent Injury,UNKNOWN,MD,Passenger Car,0,2015.0,Hyundai,ELANTRA,9,Thursday,10
MCP28160050,250056171,MONTGOMERY,Injury Crash,2025-12-16 10:20:00,County Route,AVERY RD,Unknown,"Sideswipe, Opposite Direction",Clear,Dry,Daylight,Traffic Control Signal,"Not Suspect of Alcohol Use, Not Suspect of Drug Use",Yes,Suspected Minor Injury,Unknown,MD,Passenger Car,30,2018.0,Dodge,GRAND CARAVAN,10,Tuesday,12
MCP2047004V,230027330,Montgomery County Police,Injury Crash,2023-06-07 12:13:00,Maryland (State),W MONTGOMERY AVE,SPUR TO FALLSGROVE DR,HEAD ON LEFT TURN,CLEAR,DRY,DAYLIGHT,TRAFFIC SIGNAL,NONE DETECTED,Unknown,No Apparent Injury,NOT DISTRACTED,DC,Passenger Car,45,2013.0,Toyota,COROLLA,12,Wednesday,6
MCP3169003P,210010718,Montgomery County Police,Property Damage Crash,2021-03-22 11:31:00,Maryland (State),UNIVERSITY BLVD W,BRUNETT AVE,SAME DIR REAR END,CLEAR,DRY,DAYLIGHT,NO CONTROLS,Unknown,No,No Apparent Injury,NOT DISTRACTED,MD,Pickup Truck,35,2002.0,Ford,F150,11,Monday,3
MCP22660002,200000718,Montgomery County Police,Injury Crash,2020-01-05 08:35:00,Maryland (State),GREAT SENECA HWY,KENTLANDS BLVD,HEAD ON LEFT TURN,CLEAR,DRY,DAYLIGHT,TRAFFIC SIGNAL,NONE DETECTED,No,Possible Injury,NOT DISTRACTED,MD,Passenger Car,50,2012.0,Honda,ACCORD,8,Sunday,1
MCP2791001X,16004447,Montgomery County Police,Property Damage Crash,2016-01-27 19:29:00,US (State),COLUMBIA PIKE,FAIRLAND RD,OTHER,CLEAR,WET,DARK LIGHTS ON,TRAFFIC SIGNAL,Unknown,No,No Apparent Injury,NOT DISTRACTED,MD,Ambulance/Emergency,50,2002.0,Frei,AMBULANCE,19,Wednesday,1
MCP23760008,15023883,Montgomery County Police,Injury Crash,2015-05-18 20:56:00,Maryland (State),OLD GEORGETOWN RD,WOODMONT AVE,ANGLE MEETS LEFT TURN,CLEAR,DRY,DARK LIGHTS ON,TRAFFIC SIGNAL,NONE DETECTED,No,Suspected Minor Injury,NOT DISTRACTED,MD,Passenger Car,25,2003.0,Volkswagen,JETTA,20,Monday,5
MCP29670040,190043905,Montgomery County Police,Property Damage Crash,2019-09-13 16:11:00,County,PLYERS MILL RD,SUMMIT AVE,SINGLE VEHICLE,CLEAR,DRY,DAYLIGHT,STOP SIGN,Unknown,Yes,No Apparent Injury,LOOKED BUT DID NOT SEE,MD,Fire Vehicle/Emergency,25,2007.0,Pierce,LADDER TRUCK,16,Friday,9