Report Number,Local Case Number,Agency Name,ACRS Report Type,Crash Date/Time,Route Type,Road Name,Cross-Street Name,Collision Type,Weather,Surface Condition,Light,Traffic Control,Driver Substance Abuse,Driver At Fault,Injury Severity,Driver Distracted By,Drivers License State,Vehicle Body Type,Speed Limit,Vehicle Year,Vehicle Make,Vehicle Model,Crash Hour,Crash Day,Crash Month
MCP29040017,15043610,MONTGOMERY,Property Damage Crash,2015-08-30 18:12:00,County,QUEBEC ST,RUATAN ST,OTHER,CLEAR,DRY,DAYLIGHT,NO CONTROLS,NONE DETECTED,No,No Apparent Injury,NOT DISTRACTED,MD,Passenger Car,15,2004.0,Honda,ACCORD,18,Sunday,8
MCP1334004B,16053800,Montgomery County Police,Property Damage Crash,2016-10-19 13:35:00,Unknown,ELLINGTON BLVD,CROWN PARK DR,OTHER,CLEAR,DRY,DAYLIGHT,NO CONTROLS,NONE DETECTED,Yes,No Apparent Injury,UNKNOWN,MD,(Sport) Utility Vehicle,25,2015.0,Mercedes,GL550,13,Wednesday,10
MCP242500F7,190036125,Montgomery County Police,Property Damage Crash,2019-07-29 14:06:00,County,OLD COLUMBIA PIKE,NO NAME,SAME DIR REAR END,CLEAR,DRY,DAYLIGHT,TRAFFIC SIGNAL,NONE DETECTED,Yes,No Apparent Injury,LOOKED BUT DID NOT SEE,MD,Transit Bus,25,2013.0,New Flyer,BUS,14,Monday,7
MCP12480006,230002107,Montgomery County Police,Property Damage Crash,2022-01-13 13:30:00,Maryland (State),CONNECTICUT AVE,FRANKLIN ST,STRAIGHT MOVEMENT ANGLE,CLEAR,DRY,DAYLIGHT,STOP SIGN,NONE DETECTED,No,No Apparent Injury,NOT DISTRACTED,MD,(Sport) Utility Vehicle,35,2019.0,Ford,ESCAPE,13,Thursday,1
MCP2813001P,15065333,MONTGOMERY,Property Damage Crash,2015-12-21 17:48:00,Maryland (State),GEORGIA AVE,SHOREFIELD RD,SAME DIRECTION SIDESWIPE,CLEAR,DRY,DARK LIGHTS ON,TRAFFIC SIGNAL,Unknown,No,No Apparent Injury,NOT DISTRACTED,MD,Passenger Car,35,2007.0,Chev,TK,17,Monday,12
MCP2959000J,15028959,Montgomery County Police,Injury Crash,2015-06-14 15:39:00,Maryland (State),GEORGIA AVE,DENNIS AVE,SAME DIR REAR END,CLEAR,DRY,DAYLIGHT,TRAFFIC SIGNAL,NONE DETECTED,Yes,No Apparent Injury,LOOKED BUT DID NOT SEE,DC,Other,35,2006.0,Mini,COOPER,15,Sunday,6
EJ78290046,180024097,Gaithersburg Police Depar,Property Damage Crash,2018-05-16 17:30:00,County,DIAMONDBACK DR,DECOVERLY DR,STRAIGHT MOVEMENT ANGLE,RAINING,WET,DAYLIGHT,NO CONTROLS,NONE DETECTED,Yes,No Apparent Injury,NOT DISTRACTED,MD,Passenger Car,25,2016.0,Honda,4D,17,Wednesday,5
MCP2991004J,200032494,Montgomery County Police,Injury Crash,2020-08-20 09:00:00,Unknown,OLD BALTIMORE ROAD,WINTER MORNING WAY,SINGLE VEHICLE,Unknown,DRY,DAYLIGHT,NO CONTROLS,NONE DETECTED,Yes,No Apparent Injury,LOOKED BUT DID NOT SEE,MD,Passenger Car,25,2008.0,Toyota,HIGHLANDER,9,Thursday,8
MCP31290033,210026432,Montgomery County Police,Injury Crash,2021-07-09 17:34:00,Maryland (State),SPENCERVILLE RD,STABLER LA,SAME DIR REAR END,CLEAR,Unknown,DAYLIGHT,NO CONTROLS,NONE DETECTED,No,No Apparent Injury,NOT DISTRACTED,MD,Passenger Car,40,2008.0,Chev,TK,17,Friday,7
MCP20160077,230034731,Montgomery County Police,Property Damage Crash,2023-07-21 12:02:00,County,RANDOLPH RD,GAYNOR RD,SAME DIR REAR END,CLEAR,DRY,DAYLIGHT,NO CONTROLS,Unknown,No,No Apparent Injury,NOT DISTRACTED,MD,Passenger Car,35,2020.0,Ford,CG,12,Friday,7
MCP10210009,16053140,Montgomery County Police,Property Damage Crash,2016-10-16 01:40:00,County,KINGSHILL RD,SCHAEFFER RD,SAME DIRECTION SIDESWIPE,CLEAR,DRY,DARK LIGHTS ON,Unknown,ALCOHOL PRESENT,Yes,No Apparent Injury,NOT DISTRACTED,MD,Other,25,2013.0,Toyota,VAN,1,Sunday,10
MCP2900002J,170529626,Montgomery County Police,Property Damage Crash,2017-09-05 15:05:00,Maryland (State),QUINCE ORCHARD RD,BANK ST,SAME DIR REAR END,CLEAR,DRY,DAYLIGHT,TRAFFIC SIGNAL,Unknown,No,No Apparent Injury,NOT DISTRACTED,MD,Passenger Car,35,2007.0,Toyota,CAMRY,15,Tuesday,9
MCP2588005G,190006429,Montgomery County Police,Property Damage Crash,2019-02-09 13:39:00,Maryland (State),VEIRS MILL RD,ASPEN HILL RD,SAME DIR REAR END,CLEAR,DRY,DAYLIGHT,NO CONTROLS,NONE DETECTED,No,No Apparent Injury,NOT DISTRACTED,MD,"Medium/Heavy Trucks 3 Axles (Over 10,000Lbs (4,536Kg))",40,2008.0,Pete,DUMP TRUCK,13,Saturday,2
EJ7869000N,170538849,Gaithersburg Police Depar,Property Damage Crash,2017-10-25 17:00:00,Maryland (State),GREAT SENECA HWY,MUDDY BRANCH RD,SAME DIRECTION SIDESWIPE,CLEAR,DRY,DAYLIGHT,TRAFFIC SIGNAL,NONE DETECTED,Yes,No Apparent Injury,OTHER DISTRACTION,MD,Passenger Car,50,2012.0,Mercedes,4D,17,Wednesday,10
MCP29290013,15060590,MONTGOMERY,Property Damage Crash,2015-11-27 11:33:00,Maryland (State),GEORGIA AVE,INTERCOUNTY CONNECTOR,SAME DIR REAR END,CLEAR,DRY,DAYLIGHT,TRAFFIC SIGNAL,NONE DETECTED,Yes,No Apparent Injury,OTHER DISTRACTION,MD,Passenger Car,50,2005.0,Scio,4S,11,Friday,11
MCP1563008S,230058215,Montgomery County Police,Property Damage Crash,2023-10-03 06:49:00,Maryland (State),CONNECTICUT AVE,ROSEMARY ST #2,SAME DIR REAR END,CLEAR,DRY,DAWN,NO CONTROLS,NONE DETECTED,No,No Apparent Injury,NOT DISTRACTED,MD,Pickup Truck,30,2019.0,Toyt,TK,6,Tuesday,10
MCP29050057,220003074,Montgomery County Police,Property Damage Crash,2022-01-24 12:22:00,Unknown,Unknown,Unknown,OTHER,Unknown,Unknown,DAYLIGHT,Unknown,ALCOHOL CONTRIBUTED,Yes,No Apparent Injury,LOOKED BUT DID NOT SEE,NJ,Passenger Car,0,2016.0,Bmw,640I,12,Monday,1
MCP3149002C,210023131,Montgomery County Police,Property Damage Crash,2021-06-17 08:13:00,US (State),COLESVILLE RD,RAMP 4 FR US 29 NB TO IS 495 EB,SAME DIRECTION LEFT TURN,CLEAR,DRY,DAYLIGHT,Unknown,UNKNOWN,Yes,No Apparent Injury,UNKNOWN,Unknown,Passenger Car,35,2016.0,Hyundai,UNKNOWN,8,Thursday,6
MCP2905004Z,200049513,Montgomery County Police,Property Damage Crash,2020-12-16 12:45:00,County,FERNWOOD RD,TUSCULUM RD,OTHER,SNOW,SNOW,DAYLIGHT,Unknown,Unknown,No,No Apparent Injury,NOT DISTRACTED,MD,(Sport) Utility Vehicle,30,2016.0,Lndr,LR4,12,Wednesday,12
MCP15500040,220051602,Montgomery County Police,Injury Crash,2022-11-22 09:30:00,Maryland (State),OLD GEORGETOWN RD,EDSON LA,SAME DIR REAR END,CLEAR,DRY,DAYLIGHT,NO CONTROLS,NONE DETECTED,Yes,No Apparent Injury,NOT DISTRACTED,MD,(Sport) Utility Vehicle,45,2017.0,Jeep,TK,9,Tuesday,11
MCP2969005H,180058000,Montgomery County Police,Injury Crash,2018-11-19 12:10:00,County,RANDOLPH RD,GLENMONT CIR #1,SAME DIR REAR END,Unknown,DRY,DAYLIGHT,TRAFFIC SIGNAL,NONE DETECTED,No,No Apparent Injury,NOT DISTRACTED,MD,Passenger Car,40,2018.0,Nissan,ALTIMA,12,Monday,11
MCP2556004V,230033735,Montgomery County Police,Injury Crash,2023-07-15 15:44:00,County,WATKINS MILL RD,BEGIN BRIDGE,SAME DIR REAR END,CLEAR,DRY,DAYLIGHT,NO CONTROLS,NONE DETECTED,Yes,Possible Injury,OTHER DISTRACTION,MD,Passenger Car,35,2007.0,Merz,GL450,15,Saturday,7
MCP2783002K,180043676,Montgomery County Police,Injury Crash,2018-09-03 17:17:00,Unknown,Unknown,Unknown,Unknown,CLEAR,Unknown,DAYLIGHT,NO CONTROLS,NONE DETECTED,Yes,No Apparent Injury,LOOKED BUT DID NOT SEE,MD,Passenger Car,5,2006.0,Audi,4 DOOR,17,Monday,9
MCP209400BS,180036827,Montgomery County Police,Injury Crash,2018-07-25 12:45:00,Maryland (State),RIVER RD,LITTLE FALLS PKWY,STRAIGHT MOVEMENT ANGLE,CLOUDY,DRY,DAYLIGHT,TRAFFIC SIGNAL,NONE DETECTED,No,Suspected Serious Injury,NOT DISTRACTED,DC,Passenger Car,35,2004.0,Honda,CIVIC,12,Wednesday,7
MCP3277002M,230017343,Montgomery County Police,Property Damage Crash,2023-04-11 22:22:00,County,QUAIL VALLEY BLVD,HUMMINGBIRD TERR,SAME DIR REAR END,CLEAR,DRY,DARK LIGHTS ON,NO CONTROLS,NONE DETECTED,Yes,No Apparent Injury,INATTENTIVE OR LOST IN THOUGHT,MD,Passenger Car,25,2020.0,Toyota,CAMRY,22,Tuesday,4
MCP25880037,170536779,Montgomery County Police,Injury Crash,2017-10-15 12:04:00,County,ASPEN HILL RD,ARCTIC AVE,SAME DIR REAR END,CLOUDY,DRY,DAYLIGHT,NO CONTROLS,NONE DETECTED,No,Possible Injury,NOT DISTRACTED,MD,Other,30,2010.0,Lexus,ES 350,12,Sunday,10
MCP3256002L,230064755,Montgomery County Police,Property Damage Crash,2023-11-06 16:52:00,County,BROADBIRCH DR,PLUM ORCHARD DR,SAME DIR REAR END,CLEAR,DRY,DAYLIGHT,NO CONTROLS,NONE DETECTED,No,No Apparent Injury,NOT DISTRACTED,MD,School Bus,25,2024.0,Thms,SB,16,Monday,11
MCP3453000B,250018058,MONTGOMERY,Property Damage Crash,2025-04-25 20:25:00,Unknown,Unknown,Unknown,Single Vehicle,Clear,Unknown,Dark - Lighted,Unknown,"Not Suspect of Alcohol Use, Not Suspect of Drug Use",Yes,No Apparent Injury,"Other Action (looking away from task, etc.)",MD,Sport Utility Vehicle,0,2015.0,Toyota,RAV4,20,Friday,4
EJ78950025,220025777,Gaithersburg Police Depar,Property Damage Crash,2022-06-15 14:20:00,County,MIDCOUNTY HWY,WASHINGTON GROVE LA,STRAIGHT MOVEMENT ANGLE,CLEAR,DRY,DAYLIGHT,TRAFFIC SIGNAL,NONE DETECTED,No,No Apparent Injury,NOT DISTRACTED,MD,Passenger Car,45,2015.0,Jeep,SU,14,Wednesday,6
MCP2897000T,16018347,Montgomery County Police,Property Damage Crash,2016-04-14 20:59:00,Maryland (State),RIDGE RD,DAVIS MILL RD,STRAIGHT MOVEMENT ANGLE,CLEAR,DRY,DARK NO LIGHTS,NO CONTROLS,NONE DETECTED,No,No Apparent Injury,NOT DISTRACTED,MD,Passenger Car,40,2012.0,Hond,ACCORD,20,Thursday,4
MCP2048001C,170520277,Montgomery County Police,Injury Crash,2017-07-20 23:00:00,US (State),COLUMBIA PIKE,FAIRLAND RD,STRAIGHT MOVEMENT ANGLE,CLEAR,DRY,DARK LIGHTS ON,TRAFFIC SIGNAL,NONE DETECTED,Yes,No Apparent Injury,NOT DISTRACTED,VA,Passenger Car,50,2007.0,Strn,TK,23,Thursday,7
MCP1221004V,180014116,Montgomery County Police,Property Damage Crash,2018-03-22 06:57:00,Maryland (State),KEY WEST AVE,BROSCHART RD,HEAD ON LEFT TURN,CLEAR,WET,DAWN,TRAFFIC SIGNAL,NONE DETECTED,No,No Apparent Injury,NOT DISTRACTED,MD,Passenger Car,40,2013.0,Niss,4S,6,Thursday,3
MCP2825000P,16051055,Montgomery County Police,Property Damage Crash,2016-10-04 21:54:00,Maryland (State),ROCKVILLE PIKE,BOU AVE,HEAD ON LEFT TURN,CLEAR,DRY,DARK LIGHTS ON,TRAFFIC SIGNAL,NONE DETECTED,No,No Apparent Injury,NOT DISTRACTED,MD,Passenger Car,40,2001.0,Hyundai,ACCENT,21,Tuesday,10
MCP29390082,250042242,MONTGOMERY,Property Damage Crash,2025-09-19 16:03:00,County Route,Unknown,SNOWDEN FARM PKWY,"Sideswipe, Same Direction",Clear,Dry,Daylight,No Controls,"Not Suspect of Alcohol Use, Not Suspect of Drug Use",No,No Apparent Injury,Unknown,MD,Bus - Transit,35,2017.0,Gillig,LOW FLOOR BUS,16,Friday,9
MCP2962007P,230023471,Montgomery County Police,Property Damage Crash,2023-05-16 13:22:00,County,PINNACLE DR,CENTURY BLVD,SAME DIRECTION RIGHT TURN,CLEAR,DRY,DAYLIGHT,NO CONTROLS,NONE DETECTED,Yes,No Apparent Injury,LOOKED BUT DID NOT SEE,MD,Other,25,2017.0,Ford,TRANSIT 150,13,Tuesday,5
MCP2964001M,16032067,Montgomery County Police,Property Damage Crash,2016-06-24 17:20:00,Unknown,Unknown,Unknown,SAME DIRECTION SIDESWIPE,Unknown,Unknown,DAYLIGHT,NO CONTROLS,UNKNOWN,Yes,No Apparent Injury,LOOKED BUT DID NOT SEE,MD,Passenger Car,15,2016.0,Toyota,PRIUS,17,Friday,6
MCP2231002L,16058794,Montgomery County Police,Injury Crash,2016-11-15 08:25:00,County,TUCKERMAN LA,GLOXINIA DR,HEAD ON LEFT TURN,CLOUDY,WET,DAYLIGHT,TRAFFIC SIGNAL,NONE DETECTED,No,Possible Injury,NOT DISTRACTED,MD,Van,45,2011.0,Honda,ODYSSEY,8,Tuesday,11
MCP3184000Q,190027462,Montgomery County Police,Property Damage Crash,2019-06-08 20:10:00,Unknown,Unknown,Unknown,OTHER,CLEAR,Unknown,DAYLIGHT,Unknown,UNKNOWN,Yes,No Apparent Injury,UNKNOWN,Unknown,Passenger Car,5,2010.0,Nissan,ROGUE,20,Saturday,6
MCP3017002Q,240019219,MONTGOMERY,Property Damage Crash,2024-04-24 22:11:00,County Route,CENTERWAY RD,Unknown,"Sideswipe, Same Direction",Clear,Dry,Dark - Lighted,No Controls,"Not Suspect of Alcohol Use, Not Suspect of Drug Use",No,No Apparent Injury,Unknown,MD,All-Terrain Vehicle/All-Terrain Cycle (Atv/Atc),35,2009.0,Mazda,UNKNOWN,22,Wednesday,4
MCP2507001H,170548405,Montgomery County Police,Property Damage Crash,2017-12-13 07:40:00,Maryland (State),DARNESTOWN RD,TSCHIFFELY SQUARE RD,OTHER,CLOUDY,DRY,DARK LIGHTS ON,TRAFFIC SIGNAL,NONE DETECTED,Yes,No Apparent Injury,UNKNOWN,MD,Pickup Truck,40,2011.0,Chev,SILV,7,Wednesday,12
MCP2827001L,15052030,MONTGOMERY,Property Damage Crash,2015-10-13 20:07:00,Maryland (State),SPENCERVILLE RD,STABLER LA,SAME DIR REAR END,CLEAR,DRY,DARK LIGHTS ON,NO CONTROLS,NONE DETECTED,Yes,No Apparent Injury,NOT DISTRACTED,MD,Passenger Car,40,2010.0,Mini,COOPER,20,Tuesday,10
MCP3145003D,230026048,Montgomery County Police,Property Damage Crash,2023-05-31 09:15:00,Maryland (State),NEW HAMPSHIRE AVE,POWDER MILL RD,SAME DIR REAR END,CLEAR,DRY,DAYLIGHT,TRAFFIC SIGNAL,NONE DETECTED,Yes,No Apparent Injury,INATTENTIVE OR LOST IN THOUGHT,VA,Transit Bus,35,2020.0,Gillig,LOW FLOOR,9,Wednesday,5
MCP29380016,170535280,Montgomery County Police,Property Damage Crash,2017-10-07 05:45:00,Maryland (State),CONNECTICUT AVE,ADAMS DR,HEAD ON LEFT TURN,Unknown,DRY,DARK LIGHTS ON,TRAFFIC SIGNAL,NONE DETECTED,No,No Apparent Injury,NOT DISTRACTED,MD,Passenger Car,40,2016.0,Nissan,ROGUE,5,Saturday,10
EJ78650057,190061041,Gaithersburg Police Depar,Property Damage Crash,2019-12-18 21:03:00,Maryland (State),GREAT SENECA HWY,QUINCE ORCHARD RD,STRAIGHT MOVEMENT ANGLE,CLEAR,DRY,DARK LIGHTS ON,Unknown,NONE DETECTED,No,No Apparent Injury,NOT DISTRACTED,MD,Passenger Car,50,2016.0,Honda,FIT,21,Wednesday,12
MCP93920011,200011724,Montgomery County Police,Injury Crash,2020-03-10 00:20:00,County,PEACH TREE RD,WHITES STORE RD,SINGLE VEHICLE,CLEAR,DRY,DARK NO LIGHTS,NO CONTROLS,Unknown,Yes,Possible Injury,NOT DISTRACTED,MD,Passenger Car,40,2018.0,Honda,CRV,0,Tuesday,3
EJ7855001B,16045855,Gaithersburg Police Depar,Property Damage Crash,2016-09-07 18:51:00,Unknown,Unknown,Unknown,OPPOSITE DIRECTION SIDESWIPE,RAINING,Unknown,DAYLIGHT,NO CONTROLS,NONE DETECTED,No,No Apparent Injury,NOT DISTRACTED,MD,Pickup Truck,15,2016.0,Nissan,TITAN,18,Wednesday,9
MCP3426002Z,250053608,MONTGOMERY,Injury Crash,2025-11-30 18:26:00,County Route,DEMOCRACY BLVD (EB/L),Unknown,Front to Rear,Clear,Wet,Dark - Lighted,Traffic Control Signal,"Not Suspect of Alcohol Use, Not Suspect of Drug Use",No,Possible Injury,Not Distracted,MD,Passenger Car,35,2019.0,Acura,RDX,18,Sunday,11
MCP33790026,250039342,MONTGOMERY,Property Damage Crash,2025-09-02 17:55:00,County Route,WISTERIA DR,FATHER HURLEY BLVD (NB/L),Angle,Clear,Dry,Daylight,Traffic Control Signal,"Not Suspect of Alcohol Use, Not Suspect of Drug Use",Yes,No Apparent Injury,Not Distracted,MD,Passenger Car,30,2015.0,Honda,CR-V,17,Tuesday,9
MCP32720015,220001850,Montgomery County Police,Property Damage Crash,2022-01-15 13:30:00,Unknown,Unknown,Unknown,OTHER,CLEAR,Unknown,DAYLIGHT,NO CONTROLS,NONE DETECTED,No,No Apparent Injury,NOT DISTRACTED,MD,Passenger Car,5,2004.0,Subaru,FORESTER,13,Saturday,1
MCP24920012,190003336,Montgomery County Police,Fatal Crash,2019-01-22 07:49:00,Maryland (State),RIDGE RD,ENT TO CEMETERY,HEAD ON,CLEAR,DRY,DAYLIGHT,NO CONTROLS,NONE DETECTED,No,Suspected Serious Injury,NOT DISTRACTED,MD,Passenger Car,50,2015.0,Toyota,AVALON,7,Tuesday,1
MCP28920011,15033207,MONTGOMERY,Injury Crash,2015-07-07 13:37:00,Maryland (State),SPENCERVILLE RD,SANTINI RD,SINGLE VEHICLE,CLEAR,DRY,DAYLIGHT,NO CONTROLS,NONE DETECTED,Yes,Possible Injury,NOT DISTRACTED,MD,(Sport) Utility Vehicle,30,2003.0,Gmc,DENALI,13,Tuesday,7
MCP3295002Y,230046684,Montgomery County Police,Property Damage Crash,2023-07-28 08:39:00,Maryland (State),CONNECTICUT AVE,SHEPHERD ST,SAME DIRECTION SIDESWIPE,CLEAR,DRY,DAYLIGHT,NO CONTROLS,UNKNOWN,Yes,No Apparent Injury,UNKNOWN,MD,Passenger Car,30,2010.0,Ford,EXPIDITION,8,Friday,7
MCP2780002R,170502600,Montgomery County Police,Property Damage Crash,2017-04-17 14:30:00,County,BRINK RD,GLENDEVON CT,SINGLE VEHICLE,CLOUDY,WET,DAYLIGHT,STOP SIGN,NONE DETECTED,Yes,No Apparent Injury,NOT DISTRACTED,MD,(Sport) Utility Vehicle,40,2010.0,Lincoln,NAVIGATOR,14,Monday,4
MCP1064003S,15066936,Montgomery County Police,Injury Crash,2015-12-30 13:19:00,US (State),COLUMBIA PIKE,GREENCASTLE RD,SAME DIR REAR END,CLOUDY,DRY,DAYLIGHT,TRAFFIC SIGNAL,Unknown,Yes,Possible Injury,UNKNOWN,MD,Passenger Car,55,2012.0,Hond,CIV 2D,13,Wednesday,12
DD56150097,200039625,Rockville Police Departme,Property Damage Crash,2020-10-08 12:51:00,Maryland (State),HUNGERFORD DR,FREDERICK AVE #2,SAME DIR REAR END,CLEAR,DRY,DAYLIGHT,NO CONTROLS,NONE DETECTED,No,No Apparent Injury,NOT DISTRACTED,MD,Motorcycle,35,2017.0,Yamaha,BOLT,12,Thursday,10
MCP3017002T,240030955,MONTGOMERY,Injury Crash,2024-06-30 21:30:00,County Route,HONEYLOCUST CIR,FLOWER HILL WAY HALLMARK PL,Front to Front,Clear,Dry,Dark - Unknown Lighting,No Controls,"Not Suspect of Alcohol Use, Not Suspect of Drug Use",Yes,No Apparent Injury,Not Distracted,MD,Passenger Car,20,2000.0,Mercedes-Benz,500,21,Sunday,6
MCP30360009,17009229,Montgomery County Police,Injury Crash,2017-02-20 17:42:00,County,MONTGOMERY VILLAGE AVE,CLUB HOUSE RD,STRAIGHT MOVEMENT ANGLE,CLEAR,DRY,DAYLIGHT,TRAFFIC SIGNAL,Unknown,Yes,Suspected Minor Injury,UNKNOWN,MD,Passenger Car,35,1999.0,Toyota,COROLLA,17,Monday,2
MCP2082001B,180043929,Montgomery County Police,Property Damage Crash,2018-09-03 13:15:00,Unknown,Unknown,Unknown,OTHER,CLEAR,Unknown,DAYLIGHT,NO CONTROLS,NONE DETECTED,Yes,No Apparent Injury,UNKNOWN,MD,Passenger Car,0,2007.0,Toyota,YARIS,13,Monday,9
MCP30580056,230072279,Montgomery County Police,Property Damage Crash,2023-12-17 22:48:00,Maryland (State),MUNCASTER MILL RD,BOWIE MILL RD,SINGLE VEHICLE,RAINING,WET,DARK NO LIGHTS,NO CONTROLS,NONE DETECTED,Yes,No Apparent Injury,INATTENTIVE OR LOST IN THOUGHT,MD,Passenger Car,40,2023.0,Honda,CIVIC,22,Sunday,12
MCP3035000K,17014258,Montgomery County Police,Property Damage Crash,2017-03-20 14:20:00,County,SHADY GROVE RD,CRABBS BRANCH WAY,SAME DIR REAR END,CLEAR,DRY,DAYLIGHT,TRAFFIC SIGNAL,NONE DETECTED,No,No Apparent Injury,NOT DISTRACTED,MD,Passenger Car,40,2015.0,Hond,CRV,14,Monday,3
MCP2936006C,240003556,MONTGOMERY,Injury Crash,2024-01-23 14:40:00,County Route,FERNWOOD RD (SB/L),DEMOCRACY BLVD,Front to Rear,Clear,Dry,Daylight,Traffic Control Signal,"Not Suspect of Alcohol Use, Not Suspect of Drug Use",No,Possible Injury,Not Distracted,MD,Sport Utility Vehicle,35,2024.0,Porsche,MACAN,14,Tuesday,1
MCP3164005W,220033022,Montgomery County Police,Property Damage Crash,2022-08-01 13:50:00,County,RANDOLPH RD,GEORGIA AVE,SAME DIR REAR END,CLEAR,DRY,DAYLIGHT,NO CONTROLS,NONE DETECTED,No,No Apparent Injury,NOT DISTRACTED,DC,(Sport) Utility Vehicle,35,2005.0,Mazda,TRIBUTE,13,Monday,8
MCP3068002B,190019941,Montgomery County Police,Injury Crash,2019-04-28 18:05:00,County,BALTIMORE AVE,RIVER RD,OTHER,CLEAR,DRY,DAYLIGHT,Unknown,Unknown,No,No Apparent Injury,NOT DISTRACTED,MD,Passenger Car,25,2009.0,Nissan,SENTRA,18,Sunday,4
MCP3256002N,230071180,Montgomery County Police,Property Damage Crash,2023-12-11 20:52:00,US (State),COLUMBIA PIKE,FAIRLAND RD,SAME DIR REAR END,CLEAR,DRY,DARK LIGHTS ON,TRAFFIC SIGNAL,NONE DETECTED,No,No Apparent Injury,NOT DISTRACTED,MD,Passenger Car,55,2012.0,Chevy,CRUISE,20,Monday,12
MCP2899004W,210023410,Montgomery County Police,Injury Crash,2021-06-18 20:01:00,Maryland (State),DARNESTOWN RD,COPEN MEADOW DR,SINGLE VEHICLE,CLEAR,DRY,DAYLIGHT,NO CONTROLS,NONE DETECTED,Yes,Suspected Minor Injury,NOT DISTRACTED,MD,Passenger Car,30,2012.0,Lexus,LS460,20,Friday,6
MCP33480050,250051036,MONTGOMERY,Injury Crash,2025-11-13 18:17:00,County Route,RANDOLPH RD (WB/L),Unknown,Front to Rear,Clear,Dry,Dark - Lighted,No Controls,"Not Suspect of Alcohol Use, Not Suspect of Drug Use",Yes,No Apparent Injury,Unknown,MD,Bus - Transit,30,2013.0,New Flyer,XCELSIOR,18,Thursday,11
MCP15750089,190006065,Montgomery County Police,Property Damage Crash,2019-02-07 11:55:00,County,CRABBS BRANCH WAY,SHADY GROVE RD,SAME DIR REAR END,CLOUDY,DRY,DAYLIGHT,NO CONTROLS,NONE DETECTED,No,No Apparent Injury,NOT DISTRACTED,MD,Police Vehicle/Non Emergency,35,2017.0,Ford,INTERCEPTOR,11,Thursday,2
MCP2048000Z,16065303,Montgomery County Police,Property Damage Crash,2016-12-20 18:12:00,US (State),COLUMBIA PIKE,BLACKBURN RD,SAME DIR REAR END,CLEAR,DRY,DARK LIGHTS ON,Unknown,NONE DETECTED,Yes,No Apparent Injury,UNKNOWN,MD,Passenger Car,50,2005.0,Honda,ACCORD,18,Tuesday,12
MCP06170041,220019844,Montgomery County Police,Property Damage Crash,2022-05-10 11:43:00,County,POND RD,HIGHFIELD RD,SAME DIR REAR END,CLEAR,DRY,DAYLIGHT,NO CONTROLS,NONE DETECTED,No,No Apparent Injury,NOT DISTRACTED,MD,"Medium/Heavy Trucks 3 Axles (Over 10,000Lbs (4,536Kg))",30,2004.0,Mack,LE600,11,Tuesday,5
MCP2637001J,170503834,Montgomery County Police,Property Damage Crash,2017-04-24 06:18:00,Maryland (State),W MONTGOMERY AVE,W GUDE DR,HEAD ON LEFT TURN,RAINING,WET,DAYLIGHT,TRAFFIC SIGNAL,NONE DETECTED,No,No Apparent Injury,NOT DISTRACTED,MD,Passenger Car,35,2014.0,Volk,4S,6,Monday,4
MCP2852001W,190032790,Montgomery County Police,Property Damage Crash,2019-07-10 16:41:00,County,BRINK RD,SENECA CROSSING DR,SAME DIR REAR END,CLEAR,DRY,DAYLIGHT,NO CONTROLS,NONE DETECTED,Yes,No Apparent Injury,NOT DISTRACTED,MD,Passenger Car,40,2009.0,Toyota,COROLLA,16,Wednesday,7
MCP2450002J,190021896,Montgomery County Police,Property Damage Crash,2019-05-09 15:52:00,Unknown,Unknown,Unknown,ANGLE MEETS LEFT HEAD ON,Unknown,Unknown,DAYLIGHT,STOP SIGN,NONE DETECTED,Yes,No Apparent Injury,UNKNOWN,MD,School Bus,10,2016.0,Thomas Bus,PUSH MSD D12,15,Thursday,5
MCP308600BL,250001270,MONTGOMERY,Property Damage Crash,2025-01-10 13:20:00,Unknown,Unknown,Unknown,"Sideswipe, Same Direction",Cloudy,Unknown,Daylight,Unknown,"Not Suspect of Alcohol Use, Not Suspect of Drug Use",No,No Apparent Injury,Not Distracted,MD,Other,0,2002.0,Ford,EXPLORER,13,Friday,1
MCP2914001V,15051497,MONTGOMERY,Injury Crash,2015-10-10 20:22:00,Maryland (State),NEW HAMPSHIRE AVE,RAMP 6 FR IS 495 EB TO MD 650 SB,SAME DIR REAR END,CLEAR,Unknown,DARK -- UNKNOWN LIGHTING,YIELD SIGN,Unknown,Yes,No Apparent Injury,NOT DISTRACTED,MD,Passenger Car,40,2005.0,Hyundai,ELANTRA,20,Saturday,10
MCP3305004D,250018986,MONTGOMERY,Property Damage Crash,2025-05-01 01:30:00,Other Public Roadway,CARROLL AVE,CARROLL AVE PINEY BRANCH RD,Angle,Clear,Dry,Dark - Lighted,Flashing Traffic Control Signal,"Not Suspect of Alcohol Use, Not Suspect of Drug Use",No,No Apparent Injury,Not Distracted,MD,Passenger Car,35,2019.0,Toyota,CAMRY,1,Thursday,5
MCP3040003T,190032847,Montgomery County Police,Injury Crash,2019-07-10 23:00:00,Maryland (State),LAYHILL RD,QUEENSGUARD RD,SAME DIRECTION SIDESWIPE,Unknown,DRY,DARK LIGHTS ON,Unknown,Unknown,No,No Apparent Injury,NOT DISTRACTED,MD,Transit Bus,40,2009.0,Thomas,BUS,23,Wednesday,7