Report Number,Local Case Number,Agency Name,ACRS Report Type,Crash Date/Time,Route Type,Road Name,Cross-Street Name,Collision Type,Weather,Surface Condition,Light,Traffic Control,Driver Substance Abuse,Driver At Fault,Injury Severity,Driver Distracted By,Drivers License State,Vehicle Body Type,Speed Limit,Vehicle Year,Vehicle Make,Vehicle Model,Crash Hour,Crash Day,Crash Month
MCP2601001S,250004400,MONTGOMERY,Property Damage Crash,2025-01-30 17:20:00,County Route,THAYER AVE,Unknown,Angle,Clear,Dry,Daylight,No Controls,"Not Suspect of Alcohol Use, Not Suspect of Drug Use",Yes,No Apparent Injury,Not Distracted,MD,Sport Utility Vehicle,30,2023.0,Toyota,HIGHLANDER,17,Thursday,1
EJ7878001W,200041778,Gaithersburg Police Depar,Property Damage Crash,2020-10-22 20:46:00,Unknown,MCCAUSLAND PLACE,JUBAL PLACE,OPPOSITE DIRECTION SIDESWIPE,CLEAR,UNKNOWN,DARK -- UNKNOWN LIGHTING,NO CONTROLS,UNKNOWN,Yes,No Apparent Injury,UNKNOWN,MD,Passenger Car,10,2014.0,Toyota,4S,20,Thursday,10
MCP2683000K,15007439,Montgomery County Police,Property Damage Crash,2015-02-14 06:49:00,County,SHADY GROVE RD,OAKMONT AVE,SINGLE VEHICLE,Unknown,DRY,DAWN,NO CONTROLS,NONE DETECTED,Yes,No Apparent Injury,NOT DISTRACTED,MD,Passenger Car,40,1999.0,Dodge,CARAVAN,6,Saturday,2
MCP2767003Q,170543738,Montgomery County Police,Property Damage Crash,2017-11-19 15:49:00,Maryland (State),GEORGIA AVE,REEDIE DR,SAME DIRECTION RIGHT TURN,CLOUDY,DRY,DAYLIGHT,TRAFFIC SIGNAL,NONE DETECTED,No,No Apparent Injury,NOT DISTRACTED,MD,Passenger Car,35,2005.0,Honda,ACCORD,15,Sunday,11
MCP13960005,210040639,Montgomery County Police,Property Damage Crash,2021-10-11 13:38:00,Maryland (State),FREDERICK RD,NEELSVILLE CHURCH RD,SINGLE VEHICLE,Unknown,DRY,DAYLIGHT,Unknown,NONE DETECTED,Yes,No Apparent Injury,NOT DISTRACTED,XX,Autocycle,45,2009.0,Buick,LUCERNE,13,Monday,10
MCP2639005L,190000170,Montgomery County Police,Injury Crash,2019-01-02 06:30:00,Maryland (State),GEORGIA AVE,CROSSOVER,HEAD ON LEFT TURN,CLEAR,DRY,DARK NO LIGHTS,NO CONTROLS,NONE DETECTED,No,No Apparent Injury,LOOKED BUT DID NOT SEE,MD,Passenger Car,45,2014.0,Toyota,RAV4,6,Wednesday,1
MCP3208002T,220009126,Montgomery County Police,Property Damage Crash,2022-03-02 21:30:00,County,ADELPHI RD,NEW HAMPSHIRE AVE,SAME DIRECTION SIDESWIPE,CLEAR,DRY,DARK LIGHTS ON,TRAFFIC SIGNAL,Unknown,Yes,No Apparent Injury,UNKNOWN,PA,Truck Tractor,35,2015.0,Frht,CASCADIA,21,Wednesday,3
MCP2895000Y,15011208,Montgomery County Police,Injury Crash,2015-03-11 09:16:00,County,LITTLE SENECA PKWY,FREDERICK RD,ANGLE MEETS RIGHT TURN,CLOUDY,WET,DAYLIGHT,STOP SIGN,NONE DETECTED,No,Possible Injury,NOT DISTRACTED,MD,Passenger Car,30,2004.0,Merz,4S,9,Wednesday,3
DD56660016,240021816,ROCKVILLE,Injury Crash,2024-05-09 06:10:00,Municipality Route,ROLLINS AVE,ROCKVILLE PIKE (SB/L),Other,Cloudy,Dry,Daylight,Traffic Control Signal,"Not Suspect of Alcohol Use, Not Suspect of Drug Use",No,Suspected Minor Injury,Not Distracted,VA,Passenger Car,25,2016.0,Nissan,FRONTIER,6,Thursday,5
MCP2536004P,230012536,Montgomery County Police,Property Damage Crash,2023-03-14 23:00:00,County,VEIRS MILL RD,GRIDLEY RD,STRAIGHT MOVEMENT ANGLE,CLEAR,DRY,DARK LIGHTS ON,TRAFFIC SIGNAL,NONE DETECTED,No,No Apparent Injury,NOT DISTRACTED,DC,Passenger Car,35,2011.0,Volks,JETTA,23,Tuesday,3
MCP3130003T,210031438,Montgomery County Police,Property Damage Crash,2021-08-13 05:30:00,Maryland (State),LAYHILL RD,NORBECK RD,STRAIGHT MOVEMENT ANGLE,CLEAR,DRY,DARK LIGHTS ON,FLASHING TRAFFIC SIGNAL,NONE DETECTED,No,No Apparent Injury,LOOKED BUT DID NOT SEE,MD,Passenger Car,40,2019.0,Hond,ACCORD,5,Friday,8
MCP3021004Y,190062914,Montgomery County Police,Property Damage Crash,2019-12-31 13:00:00,County,TECH RD,BROADBIRCH DR,ANGLE MEETS LEFT TURN,CLEAR,DRY,DAYLIGHT,NO CONTROLS,NONE DETECTED,Yes,No Apparent Injury,NOT DISTRACTED,MD,Passenger Car,30,2020.0,Toyota,TACOMA,13,Tuesday,12
MCP1334007Z,190026877,Montgomery County Police,Property Damage Crash,2019-06-05 14:30:00,Unknown,Unknown,Unknown,OPPOSITE DIRECTION SIDESWIPE,Unknown,Unknown,DAYLIGHT,NO CONTROLS,NONE DETECTED,Yes,No Apparent Injury,NOT DISTRACTED,MD,Passenger Car,10,2003.0,Hyundai,ACCENT,14,Wednesday,6
MCP1512003B,210018816,Montgomery County Police,Injury Crash,2021-05-18 19:42:00,Maryland (State),QUINCE ORCHARD RD,LITTLE QUARRY RD,SAME DIR REAR END,CLEAR,DRY,DAYLIGHT,NO CONTROLS,NONE DETECTED,No,Suspected Minor Injury,NOT DISTRACTED,MD,Passenger Car,35,2020.0,Tesla,SD,19,Tuesday,5
MCP3220004L,240018530,MONTGOMERY,Property Damage Crash,2024-04-20 21:00:00,County Route,WATERSHED CT,Unknown,"Sideswipe, Same Direction",Clear,Dry,Dark - Not Lighted,No Controls,"Not Suspect of Alcohol Use, Not Suspect of Drug Use",No,No Apparent Injury,Unknown,Unknown,Van - Cargo,15,2023.0,Chevrolet,EXPRESS,21,Saturday,4
MCP9419005K,250008690,MONTGOMERY,Injury Crash,2025-02-27 13:41:00,County Route,E GUDE DR,CECIL ST,Angle,Cloudy,Dry,Daylight,Traffic Control Signal,"Not Suspect of Alcohol Use, Not Suspect of Drug Use",No,Suspected Minor Injury,Not Distracted,MD,Passenger Car,40,2013.0,Honda,ACCORD,13,Thursday,2
MCP12120021,200003097,Montgomery County Police,Injury Crash,2020-01-19 08:08:00,Interstate (State),EISENHOWER MEMORIAL HWY,RAMP 8 FR IS 270 SB TO MD 124 WB,SAME DIRECTION SIDESWIPE,CLEAR,WET,DAYLIGHT,Unknown,NONE DETECTED,No,No Apparent Injury,NOT DISTRACTED,MD,Pickup Truck,55,2011.0,Chev,TK,8,Sunday,1
MCP1573000M,15020455,Montgomery County Police,Injury Crash,2015-04-30 18:19:00,County,CONNECTICUT AVE,GRAND PRE RD,HEAD ON LEFT TURN,CLEAR,DRY,DAYLIGHT,Unknown,NONE DETECTED,No,No Apparent Injury,NOT DISTRACTED,MD,Passenger Car,40,2003.0,Chevrolet,VAN,18,Thursday,4
MCP3378000N,230054661,Montgomery County Police,Injury Crash,2023-09-13 16:40:00,Maryland (State),NEW HAMPSHIRE AVE,NORWOOD RD,SAME DIR REAR END,CLEAR,DRY,DAYLIGHT,NO CONTROLS,NONE DETECTED,No,Possible Injury,NOT DISTRACTED,MD,Passenger Car,45,2018.0,Range Rover,SPORT,16,Wednesday,9
MCP3400001C,240024109,MONTGOMERY,Property Damage Crash,2024-05-21 20:55:00,Maryland (State) Route,NEW HAMPSHIRE AVE (SB/L),Unknown,Front to Rear,Clear,Dry,Dark - Lighted,Traffic Control Signal,"Not Suspect of Alcohol Use, Not Suspect of Drug Use",No,No Apparent Injury,Not Distracted,DC,Passenger Car,45,1995.0,Mercedes-Benz,UNKNOWN,20,Tuesday,5
MCP28980062,250016446,MONTGOMERY,Injury Crash,2025-04-15 18:31:00,Crossover,Unknown,MIDDLEBROOK RD,Front to Rear,Clear,Dry,Daylight,Stop Sign,"Not Suspect of Alcohol Use, Not Suspect of Drug Use",No,Possible Injury,Not Distracted,MD,Passenger Car,40,2018.0,Mercedes-Benz,C-CLASS,18,Tuesday,4
MCP25650054,180004114,Montgomery County Police,Property Damage Crash,2018-01-24 18:15:00,Maryland (State),BRADLEY BLVD,GOLDSBORO RD,SAME DIR REAR END,Unknown,DRY,DARK LIGHTS ON,NO CONTROLS,NONE DETECTED,No,No Apparent Injury,NOT DISTRACTED,MD,Passenger Car,35,2015.0,Mercedes,C300,18,Wednesday,1
MCP2791003P,180028658,Montgomery County Police,Property Damage Crash,2018-06-10 13:31:00,Maryland (State),NORBECK RD,CARROLTON RD,OTHER,CLOUDY,DRY,DAYLIGHT,NO CONTROLS,NONE DETECTED,No,No Apparent Injury,NOT DISTRACTED,MD,Passenger Car,45,2012.0,Ford,E350,13,Sunday,6
MCP30400053,210035352,Montgomery County Police,Property Damage Crash,2021-09-08 20:00:00,Maryland (State),ASHTON RD,ASHLAND DR,SAME DIR REAR END,CLEAR,DRY,DARK NO LIGHTS,NO CONTROLS,NONE DETECTED,No,No Apparent Injury,NOT DISTRACTED,MD,Passenger Car,30,2009.0,Honda,4S,20,Wednesday,9
MCP2777001R,15016956,Montgomery County Police,Injury Crash,2015-04-12 16:22:00,County,TUCKERMAN LA,MARCLIFF RD,HEAD ON LEFT TURN,CLEAR,DRY,DAYLIGHT,NO CONTROLS,NONE DETECTED,Yes,Suspected Minor Injury,LOOKED BUT DID NOT SEE,MD,Passenger Car,35,2005.0,Toyota,CAMRY,16,Sunday,4
MCP2764000Y,16011046,MONTGOMERY,Property Damage Crash,2016-03-05 17:28:00,County,GRANDVIEW AVE,HENDERSON AVE,STRAIGHT MOVEMENT ANGLE,CLEAR,DRY,DAYLIGHT,STOP SIGN,NONE DETECTED,Yes,No Apparent Injury,LOOKED BUT DID NOT SEE,MD,Passenger Car,25,2015.0,Mazda,3,17,Saturday,3
MCP2046003B,15004437,Montgomery County Police,Injury Crash,2015-01-28 08:05:00,Maryland (State),PINEY BRANCH RD,NO NAME,STRAIGHT MOVEMENT ANGLE,CLEAR,DRY,DAYLIGHT,NO CONTROLS,NONE DETECTED,Yes,No Apparent Injury,NOT DISTRACTED,MD,Passenger Car,35,2004.0,Chevy,EXPRESS,8,Wednesday,1
MCP1580008M,180018868,Montgomery County Police,Injury Crash,2018-04-18 07:45:00,County,SNOUFFERS SCHOOL RD,MALLORY PL,SAME DIR REAR END,Unknown,DRY,DAYLIGHT,NO CONTROLS,NONE DETECTED,Yes,Suspected Minor Injury,UNKNOWN,MD,Passenger Car,40,2014.0,Niss,VERSA,7,Wednesday,4
DM8490001P,210047426,Takoma Park Police Depart,Property Damage Crash,2021-11-22 11:54:00,Municipality,HOLTON LA,NEW HAMPSHIRE AVE,SAME DIR REAR END,FOGGY,DRY,Unknown,Unknown,Unknown,No,No Apparent Injury,NOT DISTRACTED,MD,Passenger Car,15,2014.0,Honda,SD,11,Monday,11
MCP2395002C,230009640,Montgomery County Police,Injury Crash,2023-02-26 16:15:00,Municipality,WOOTTON PKWY,SEVEN LOCKS RD,HEAD ON LEFT TURN,Unknown,DRY,DAYLIGHT,TRAFFIC SIGNAL,NONE DETECTED,Yes,Possible Injury,UNKNOWN,MD,Passenger Car,35,2017.0,Toy,COROLLA,16,Sunday,2
MCP33170045,250052916,MONTGOMERY,Property Damage Crash,2025-11-25 16:34:00,County Route,HAMMONTON PL,RANDOLPH RD,Front to Rear,Rain,Wet,Dusk,Stop Sign,"Not Suspect of Alcohol Use, Not Suspect of Drug Use",No,No Apparent Injury,Not Distracted,MD,Sport Utility Vehicle,45,2019.0,Jeep,COMPASS,16,Tuesday,11
MCP3262005R,250015006,MONTGOMERY,Property Damage Crash,2025-04-06 19:00:00,County Route,CALVERTON BLVD,Unknown,Other,Rain,Wet,Dusk,No Controls,"Not Suspect of Alcohol Use, Not Suspect of Drug Use",No,No Apparent Injury,Not Distracted,MD,Passenger Car,30,2022.0,Toyota,4-RUNNER,19,Sunday,4
MCP106400BN,210014952,Montgomery County Police,Property Damage Crash,2021-04-22 08:27:00,US (State),COLESVILLE RD,GEORGIA AVE,OTHER,CLOUDY,DRY,DAYLIGHT,TRAFFIC SIGNAL,Unknown,No,No Apparent Injury,NOT DISTRACTED,MD,Transit Bus,30,2020.0,Novb,BUS,8,Thursday,4
MCP29320065,230011902,Montgomery County Police,Injury Crash,2023-03-11 00:13:00,County,CHERRY HILL RD,CALVERTON BLVD,OTHER,CLEAR,DRY,DARK LIGHTS ON,TRAFFIC SIGNAL,UNKNOWN,Yes,No Apparent Injury,UNKNOWN,Unknown,Passenger Car,30,2015.0,Honda,CIVIC,0,Saturday,3
MCP2411002C,180042232,Montgomery County Police,Property Damage Crash,2018-08-24 17:25:00,Maryland (State),ROCKVILLE PIKE,TEMPLETON PL,SAME DIRECTION RIGHT TURN,CLEAR,DRY,DAYLIGHT,NO CONTROLS,NONE DETECTED,No,No Apparent Injury,NOT DISTRACTED,MD,Other,40,2018.0,Us Postal,TRUCK,17,Friday,8
MCP1550004S,230060051,Montgomery County Police,Injury Crash,2023-10-12 11:37:00,County,DEMOCRACY BLVD,ROCKLEDGE DR,SAME DIR REAR END,CLEAR,DRY,DAYLIGHT,NO CONTROLS,NONE DETECTED,Yes,No Apparent Injury,NOT DISTRACTED,LA,Passenger Car,35,2021.0,Toyt,SD,11,Thursday,10
MCP2753001Q,16058970,Montgomery County Police,Property Damage Crash,2016-11-16 07:45:00,Maryland (State),GEORGIA AVE,CONNECTICUT AVE,OTHER,CLEAR,DRY,DAYLIGHT,TRAFFIC SIGNAL,NONE DETECTED,No,No Apparent Injury,NOT DISTRACTED,MD,Truck Tractor,50,2015.0,Kenw,TK4X,7,Wednesday,11
MCP2102004L,240006304,MONTGOMERY,Property Damage Crash,2024-02-08 11:29:00,County Route,CELEBRATION WAY,MIDDLEBROOK RD,Angle,Clear,Dry,Daylight,Stop Sign,"Unknown, Unknown",No,Unknown,Unknown,Unknown,Passenger Car,35,2021.0,Toyota,VENZA,11,Thursday,2
MCP3002001H,17007618,Montgomery County Police,Injury Crash,2017-02-12 03:13:00,Maryland (State),BRADLEY BLVD,BEGIN BRIDGE,SINGLE VEHICLE,Unknown,DRY,DARK LIGHTS ON,NO CONTROLS,NONE DETECTED,Yes,Possible Injury,NOT DISTRACTED,MD,Passenger Car,35,2012.0,Hyundai,ELANTRA,3,Sunday,2
MCP2603004B,220040276,Montgomery County Police,Injury Crash,2022-09-16 12:28:00,Maryland (State),MIDCOUNTY HWY,GOSHEN RD,SAME DIRECTION SIDESWIPE,CLEAR,DRY,DAYLIGHT,Unknown,Unknown,No,No Apparent Injury,NOT DISTRACTED,MD,Passenger Car,45,2014.0,Toyota,SEDAN,12,Friday,9
MCP2895002H,220040190,Montgomery County Police,Injury Crash,2022-09-15 17:51:00,Maryland (State),GERMANTOWN RD,AIRCRAFT DR,STRAIGHT MOVEMENT ANGLE,CLEAR,DRY,DAYLIGHT,TRAFFIC SIGNAL,NONE DETECTED,No,Possible Injury,NOT DISTRACTED,MD,Police Vehicle/Emergency,35,2019.0,Dodge,CHARGER,17,Thursday,9
MCP28700015,15054037,MONTGOMERY,Property Damage Crash,2015-10-24 17:00:00,US (State),COLUMBIA PIKE,PRELUDE DR,SAME DIRECTION SIDESWIPE,CLEAR,DRY,DAYLIGHT,TRAFFIC SIGNAL,NONE DETECTED,Yes,No Apparent Injury,LOOKED BUT DID NOT SEE,MD,Passenger Car,40,2002.0,Ford,TAURUS,17,Saturday,10
MCP3199003T,220021293,Montgomery County Police,Property Damage Crash,2022-05-19 09:20:00,Maryland (State),NORBECK RD,BAILEYS LA,SAME DIR REAR END,CLEAR,DRY,DAYLIGHT,NO CONTROLS,NONE DETECTED,No,No Apparent Injury,NOT DISTRACTED,MD,(Sport) Utility Vehicle,40,2017.0,Subaru,OUTBACK,9,Thursday,5
DD5643005H,250023937,ROCKVILLE,Property Damage Crash,2025-05-29 19:12:00,Municipality Route,Unknown,ROCKVILLE PIKE (SB/L),Front to Front,Clear,Dry,Daylight,Traffic Control Signal,"Not Suspect of Alcohol Use, Not Suspect of Drug Use",No,No Apparent Injury,Not Distracted,MD,Passenger Car,35,2020.0,Toyota,PRIUS PRIME,19,Thursday,5
MCP2751000L,15026293,Montgomery County Police,Fatal Crash,2015-05-31 15:05:00,Unknown,2901 S LEISURE WORLD BLVD,EARDLEY COURT,SINGLE VEHICLE,CLEAR,DRY,DAYLIGHT,NO CONTROLS,NONE DETECTED,Yes,Fatal Injury,UNKNOWN,MD,Passenger Car,30,1999.0,Toyota,CAMRY,15,Sunday,5
MCP2348001P,16030911,Montgomery County Police,Injury Crash,2016-06-18 18:53:00,Maryland (State),GEORGIA AVE,PREDELA DR,OTHER,CLEAR,DRY,DAYLIGHT,NO CONTROLS,NONE DETECTED,No,Possible Injury,NOT DISTRACTED,DC,Passenger Car,35,2011.0,Hond,CIVIC,18,Saturday,6
MCP2848004L,170511739,Montgomery County Police,Property Damage Crash,2017-06-04 13:45:00,Maryland (State),BRADLEY BLVD,RAYBURN RD,STRAIGHT MOVEMENT ANGLE,CLEAR,DRY,DAYLIGHT,STOP SIGN,NONE DETECTED,Yes,No Apparent Injury,LOOKED BUT DID NOT SEE,MD,Passenger Car,30,2006.0,Landrover,RANGE ROVER,13,Sunday,6
MCP33170013,230035273,Montgomery County Police,Property Damage Crash,2023-07-24 17:29:00,Maryland (State),UNIVERSITY BLVD E,MERRIMAC DR,HEAD ON LEFT TURN,CLEAR,DRY,DAYLIGHT,NO CONTROLS,NONE DETECTED,No,No Apparent Injury,NOT DISTRACTED,MD,Pickup Truck,35,2019.0,Ram,TK,17,Monday,7
MCP2917009M,220023874,Montgomery County Police,Fatal Crash,2022-06-03 22:00:00,County,GRIDLEY RD,SELFRIDGE RD,OTHER,CLEAR,DRY,DARK NO LIGHTS,STOP SIGN,NONE DETECTED,Yes,No Apparent Injury,UNKNOWN,MD,Pickup Truck,35,2011.0,Chevrolet,SILVERADO,22,Friday,6
MCP3038001J,180005812,Montgomery County Police,Injury Crash,2018-02-03 00:00:00,Maryland (State),OLD GEORGETOWN RD,EXECUTIVE BLVD,HEAD ON LEFT TURN,CLEAR,DRY,DARK LIGHTS ON,TRAFFIC SIGNAL,Unknown,Yes,No Apparent Injury,LOOKED BUT DID NOT SEE,MD,Passenger Car,40,2009.0,Honda,FIT,0,Saturday,2
MCP2498000Z,170503999,Montgomery County Police,Property Damage Crash,2017-04-24 20:44:00,Maryland (State),GREAT SENECA HWY,WISTERIA DR,HEAD ON LEFT TURN,RAINING,WET,DARK LIGHTS ON,TRAFFIC SIGNAL,UNKNOWN,Yes,No Apparent Injury,NOT DISTRACTED,Unknown,Passenger Car,50,2003.0,Mercedes Benz,E320,20,Monday,4
DD5641000G,200011053,Rockville Police Departme,Property Damage Crash,2020-03-06 07:28:00,Municipality,ROLLINS AVE,ROCKVILLE PIKE,SAME DIRECTION RIGHT TURN,CLEAR,DRY,DAYLIGHT,NO CONTROLS,NONE DETECTED,No,No Apparent Injury,NOT DISTRACTED,MD,Passenger Car,30,2015.0,Ford,ESCAPE,7,Friday,3
MCP2516005M,240052872,MONTGOMERY,Injury Crash,2024-11-04 07:30:00,Maryland (State) Route,FREDERICK RD,SCENERY DR,Front to Front,Clear,Dry,Daylight,Stop Sign,"Not Suspect of Alcohol Use, Not Suspect of Drug Use",Yes,Suspected Minor Injury,Not Distracted,MD,Sport Utility Vehicle,35,2019.0,Toyota,RAV4,7,Monday,11
MCP1575007V,180055613,Montgomery County Police,Property Damage Crash,2018-11-06 08:36:00,Unknown,Unknown,Unknown,SAME DIRECTION LEFT TURN,RAINING,Unknown,DAYLIGHT,NO CONTROLS,NONE DETECTED,Yes,No Apparent Injury,LOOKED BUT DID NOT SEE,MD,(Sport) Utility Vehicle,35,2017.0,Honda,CRV,8,Tuesday,11
MCP137800XW,210022752,Montgomery County Police,Property Damage Crash,2021-06-14 17:35:00,County,MIDCOUNTY HWY,SHADY GROVE RD,SAME DIR REAR END,Unknown,DRY,DAYLIGHT,TRAFFIC SIGNAL,NONE DETECTED,No,No Apparent Injury,NOT DISTRACTED,MD,Van,45,2017.0,Chevrolet,EXPRESS,17,Monday,6
MCP2456000S,16004919,Montgomery County Police,Injury Crash,2016-01-30 12:00:00,Maryland (State),UNIVERSITY BLVD E,LANGLEY DR,SAME DIR REAR END,CLEAR,DRY,DAYLIGHT,NO CONTROLS,NONE DETECTED,No,No Apparent Injury,NOT DISTRACTED,MD,Passenger Car,45,1997.0,Toyt,4S,12,Saturday,1
MCP1148003J,210010938,Montgomery County Police,Property Damage Crash,2021-03-23 13:30:00,Maryland (State),OLD GEORGETOWN RD,COMMERCE LA,OTHER,CLEAR,DRY,DAYLIGHT,NO CONTROLS,UNKNOWN,Yes,No Apparent Injury,UNKNOWN,Unknown,Passenger Car,25,2011.0,Kia,SOL,13,Tuesday,3
MCP2466004V,240010970,MONTGOMERY,Property Damage Crash,2024-03-06 18:45:00,County Route,Unknown,DARNESTOWN RD,Front to Front,Rain,Wet,Dark - Lighted,Traffic Control Signal,"Not Suspect of Alcohol Use, Not Suspect of Drug Use",No,No Apparent Injury,Not Distracted,MD,Passenger Car,35,2022.0,Honda,ACCORD,18,Wednesday,3
MCP2680001B,15023674,Montgomery County Police,Injury Crash,2015-05-17 19:27:00,County,SILVER SPRING AVE,FENTON ST,ANGLE MEETS RIGHT TURN,CLEAR,DRY,DAYLIGHT,STOP SIGN,NONE DETECTED,Yes,No Apparent Injury,LOOKED BUT DID NOT SEE,MD,Passenger Car,25,2007.0,Chrylser,SEBRING,19,Sunday,5
MCP3002000M,16021718,Montgomery County Police,Property Damage Crash,2016-05-02 22:03:00,Maryland (State),WISCONSIN AVE,WAVERLY ST,ANGLE MEETS RIGHT TURN,RAINING,WET,DARK LIGHTS ON,TRAFFIC SIGNAL,NONE DETECTED,Yes,No Apparent Injury,NOT DISTRACTED,MD,Passenger Car,25,2000.0,Ford,EXPLORER,22,Monday,5
MCP33410018,230009706,Montgomery County Police,Property Damage Crash,2023-02-27 07:45:00,County,BEL PRE RD,PARKER FARM WAY,HEAD ON,CLEAR,DRY,DAYLIGHT,TRAFFIC SIGNAL,Unknown,No,No Apparent Injury,NOT DISTRACTED,MD,Passenger Car,35,2018.0,Toyota,TK,7,Monday,2
MCP3254000B,200034287,Montgomery County Police,Property Damage Crash,2020-09-02 08:30:00,County,RIDGE RD,OBSERVATION DR,SAME DIR REAR END,RAINING,WET,DAYLIGHT,TRAFFIC SIGNAL,NONE DETECTED,Yes,No Apparent Injury,NOT DISTRACTED,DC,Passenger Car,35,1992.0,Honda,CIVIC,8,Wednesday,9
DD5502000V,15013526,Rockville Police Departme,Injury Crash,2015-03-24 10:07:00,Municipality,E GUDE DR,SPUR TO MD 28,SAME DIR REAR END,CLOUDY,DRY,DAYLIGHT,NO CONTROLS,NONE DETECTED,No,Possible Injury,NOT DISTRACTED,MD,Passenger Car,35,2000.0,Volv,4S,10,Tuesday,3
MCP12100024,170528299,Montgomery County Police,Property Damage Crash,2017-09-02 08:48:00,County,SHADY GROVE RD,RAMP 4 FR RAMP 1 TO SHADY GROVE RD,STRAIGHT MOVEMENT ANGLE,RAINING,WET,DAYLIGHT,TRAFFIC SIGNAL,NONE DETECTED,No,No Apparent Injury,UNKNOWN,MD,Passenger Car,40,2007.0,Lexus,ES350,8,Saturday,9
MCP2813005G,180046484,Montgomery County Police,Property Damage Crash,2018-09-17 16:40:00,Maryland (State),VEIRS MILL RD,CLARIDGE RD,SAME DIR REAR END,RAINING,WET,DAYLIGHT,TRAFFIC SIGNAL,Unknown,Yes,No Apparent Injury,LOOKED BUT DID NOT SEE,MD,Passenger Car,35,1999.0,Toyt,COROLLA,16,Monday,9
MCP2780008H,250012089,MONTGOMERY,Injury Crash,2025-03-19 16:20:00,County Route,SHAKESPEARE BLVD (WB/L),SENECA MEADOWS PKWY (SB/L),Angle,Clear,Dry,Daylight,Traffic Control Signal,"Not Suspect of Alcohol Use, Not Suspect of Drug Use",No,Suspected Minor Injury,Not Distracted,MD,Sport Utility Vehicle,35,2016.0,Hyundai,TUCSON,16,Wednesday,3
MCP2160003R,250046558,MONTGOMERY,Property Damage Crash,2025-10-16 15:10:00,Maryland (State) Route,FREDERICK RD,GUNNERS BRANCH RD,"Sideswipe, Same Direction",Clear,Dry,Daylight,Traffic Control Signal,"Not Suspect of Alcohol Use, Not Suspect of Drug Use",No,No Apparent Injury,Not Distracted,MD,Sport Utility Vehicle,20,2022.0,Acura,RDX,15,Thursday,10
DD56050083,230066468,Rockville Police Departme,Injury Crash,2023-11-15 12:00:00,Maryland (State),ROCKVILLE PIKE,WOOTTON PKWY,OTHER,CLEAR,DRY,DAYLIGHT,TRAFFIC SIGNAL,UNKNOWN,Yes,No Apparent Injury,UNKNOWN,Unknown,(Sport) Utility Vehicle,40,2020.0,Toyt,TK,12,Wednesday,11
MCP2780007W,240019676,MONTGOMERY,Property Damage Crash,2024-04-27 15:09:00,Unknown,Unknown,Unknown,Angle,Rain,Unknown,Daylight,Unknown,"Not Suspect of Alcohol Use, Not Suspect of Drug Use",Yes,No Apparent Injury,Not Distracted,MD,Passenger Car,0,2015.0,Bmw,528XI,15,Saturday,4
MCP27370016,15041611,MONTGOMERY,Injury Crash,2015-08-20 02:16:00,County,MINK HOLLOW RD,ASHTON RD,SINGLE VEHICLE,CLEAR,DRY,DARK -- UNKNOWN LIGHTING,NO CONTROLS,ALCOHOL CONTRIBUTED,Yes,Possible Injury,UNKNOWN,MD,Passenger Car,35,2012.0,Nissan,VERSA,2,Thursday,8
MCP913000H2,230064372,Montgomery County Police,Injury Crash,2023-11-04 12:20:00,County,AVENEL RD,STATESIDE DR,OPPOSITE DIRECTION SIDESWIPE,CLOUDY,DRY,DAYLIGHT,NO CONTROLS,NONE DETECTED,No,No Apparent Injury,NOT DISTRACTED,MD,Passenger Car,30,2012.0,Honda,ACCORD,12,Saturday,11
MCP3271004Y,240035214,MONTGOMERY,Property Damage Crash,2024-07-25 19:37:00,Ramp,RAMP 6 FR RAMP 10 (FR IS270) TO MD 187,Unknown,Front to Rear,Clear,Dry,Daylight,Traffic Control Signal,"Not Suspect of Alcohol Use, Not Suspect of Drug Use",Yes,No Apparent Injury,Unknown,MD,Bus - Transit,35,2019.0,Gillig,LOW FLOOR BUS,19,Thursday,7
DD5508001X,16035223,Rockville Police Departme,Property Damage Crash,2016-07-12 09:20:00,Maryland (State),W MONTGOMERY AVE,HURLEY AVE,SAME DIRECTION SIDESWIPE,CLEAR,DRY,DAYLIGHT,TRAFFIC SIGNAL,NONE DETECTED,No,No Apparent Injury,NOT DISTRACTED,MD,Passenger Car,45,2008.0,Buick,ENCLAVE,9,Tuesday,7
MCP32760017,210033250,Montgomery County Police,Injury Crash,2021-08-25 23:52:00,Maryland (State),GEORGIA AVE,WHITE OAK DR,STRAIGHT MOVEMENT ANGLE,CLEAR,DRY,DARK LIGHTS ON,NO CONTROLS,NONE DETECTED,No,Suspected Minor Injury,NOT DISTRACTED,MD,Passenger Car,35,2017.0,Ford,EDGE,23,Wednesday,8
MCP3064002P,190061652,Montgomery County Police,Property Damage Crash,2019-12-22 14:40:00,Maryland (State),UNIVERSITY BLVD W,EAST AVE,STRAIGHT MOVEMENT ANGLE,CLEAR,DRY,DAYLIGHT,TRAFFIC SIGNAL,NONE DETECTED,Yes,No Apparent Injury,UNKNOWN,MD,Passenger Car,35,2006.0,Infi,4S,14,Sunday,12