Report Number,Local Case Number,Agency Name,ACRS Report Type,Crash Date/Time,Route Type,Road Name,Cross-Street Name,Collision Type,Weather,Surface Condition,Light,Traffic Control,Driver Substance Abuse,Driver At Fault,Injury Severity,Driver Distracted By,Drivers License State,Vehicle Body Type,Speed Limit,Vehicle Year,Vehicle Make,Vehicle Model,Crash Hour,Crash Day,Crash Month
DD5674001K,250029139,ROCKVILLE,Injury Crash,2025-06-30 17:17:00,Municipality Route,Unknown,Unknown,Single Vehicle,Cloudy,Dry,Daylight,No Controls,"Not Suspect of Alcohol Use, Not Suspect of Drug Use",No,No Apparent Injury,Unknown,MD,Passenger Car,10,2015.0,Toyota,RAV4,17,Monday,6
MCP2969009R,210010720,Montgomery County Police,Property Damage Crash,2021-03-22 11:16:00,Maryland (State),OLNEY LAYTONSVILLE RD,BRIARS RD,STRAIGHT MOVEMENT ANGLE,CLEAR,DRY,DAYLIGHT,STOP SIGN,NONE DETECTED,No,No Apparent Injury,NOT DISTRACTED,MD,"Medium/Heavy Trucks 3 Axles (Over 10,000Lbs (4,536Kg))",40,2014.0,Ford,550,11,Monday,3
MCP2162001K,16020103,Montgomery County Police,Property Damage Crash,2016-04-24 00:40:00,Maryland (State),LAYHILL RD,NORBECK RD,OTHER,CLEAR,DRY,DARK LIGHTS ON,NO CONTROLS,Unknown,No,No Apparent Injury,NOT DISTRACTED,MD,Police Vehicle/Emergency,40,2010.0,Ford,CROWN VIC,0,Sunday,4
MCP31900055,230031580,Montgomery County Police,Injury Crash,2023-07-02 14:41:00,Maryland (State),OLNEY LAYTONSVILLE RD,VOLUNTEER DR,SAME DIR REAR END,RAINING,WET,DAYLIGHT,TRAFFIC SIGNAL,NONE DETECTED,No,No Apparent Injury,NOT DISTRACTED,MD,Passenger Car,40,2013.0,Bmw,X5,14,Sunday,7
MCP3445000Q,250035590,MONTGOMERY,Property Damage Crash,2025-08-10 10:30:00,Maryland (State) Route,ROCKVILLE PIKE (SB/L),NICHOLSON LA,"Sideswipe, Same Direction",Clear,Dry,Daylight,Traffic Control Signal,"Not Suspect of Alcohol Use, Not Suspect of Drug Use",No,No Apparent Injury,Not Distracted,MD,Passenger Car,30,2005.0,Lexus,TX,10,Sunday,8
MCP2534003M,210026617,Montgomery County Police,Injury Crash,2021-07-11 02:45:00,Maryland (State),VEIRS MILL RD,ENNALLS AVE,SAME DIRECTION SIDESWIPE,CLEAR,DRY,DARK LIGHTS ON,NO CONTROLS,ALCOHOL PRESENT,Yes,No Apparent Injury,NOT DISTRACTED,XX,Passenger Car,30,2014.0,Toyota,CAMRY,2,Sunday,7
MCP09360012,15008315,Montgomery County Police,Property Damage Crash,2015-02-20 10:24:00,Interstate (State),CAPITAL BELTWAY,BEGIN BRIDGE IN VIRGINIA,SAME DIR REAR END,CLEAR,DRY,DAYLIGHT,NO CONTROLS,NONE DETECTED,No,No Apparent Injury,NOT DISTRACTED,WV,Truck Tractor,55,2007.0,International,9200I,10,Friday,2
MCP3090007H,240025270,MONTGOMERY,Property Damage Crash,2024-05-28 17:25:00,County Route,SHADY GROVE RD,Unknown,"Sideswipe, Same Direction",Clear,Dry,Daylight,No Controls,"Not Suspect of Alcohol Use, Not Suspect of Drug Use",No,No Apparent Injury,Not Distracted,MD,Sport Utility Vehicle,40,2022.0,Honda,CR-V,17,Tuesday,5
DM84630001,170523312,Takoma Park Police Depart,Property Damage Crash,2017-08-06 10:09:00,Maryland (State),NEW HAMPSHIRE AVE,UNIVERSITY BLVD,OTHER,CLEAR,DRY,DAYLIGHT,TRAFFIC SIGNAL,Unknown,Yes,No Apparent Injury,NOT DISTRACTED,MD,Van,35,2014.0,Niss,VN,10,Sunday,8
EJ78560055,180035212,Gaithersburg Police Depar,Property Damage Crash,2018-07-16 18:30:00,Unknown,Unknown,Unknown,OTHER,CLEAR,Unknown,DAYLIGHT,Unknown,Unknown,Unknown,No Apparent Injury,UNKNOWN,MD,Passenger Car,15,2016.0,Honda,ODYSSEY,18,Monday,7
EJ7889000T,210017460,Gaithersburg Police Depar,Property Damage Crash,2021-05-09 18:30:00,Maryland (State),W DIAMOND AVE,RAMP 6 FR MD 117 EB TO IS 270 SB,SAME DIR REAR END,CLEAR,DRY,DUSK,TRAFFIC SIGNAL,NONE DETECTED,No,No Apparent Injury,NOT DISTRACTED,MD,Passenger Car,30,2012.0,Kawk,SP,18,Sunday,5
MCP21950011,170508682,Montgomery County Police,Injury Crash,2017-05-19 13:29:00,Maryland (State),FREDERICK RD,REDLAND RD,SAME DIR REAR END,CLEAR,DRY,DAYLIGHT,TRAFFIC SIGNAL,NONE DETECTED,No,Possible Injury,NOT DISTRACTED,MD,Passenger Car,40,2006.0,Lexus,0,13,Friday,5
MCP2877003K,170502917,Montgomery County Police,Property Damage Crash,2017-04-19 09:04:00,County,SEMINARY RD,GEORGIA AVE,SAME DIR REAR END,CLOUDY,DRY,DAYLIGHT,TRAFFIC SIGNAL,NONE DETECTED,Yes,No Apparent Injury,NOT DISTRACTED,FL,Pickup Truck,25,2008.0,Ford,F250,9,Wednesday,4
MCP24870013,190005033,Montgomery County Police,Property Damage Crash,2019-02-01 08:31:00,Municipality,WOOTTON PKWY,SCOTT DR,SAME DIR REAR END,SNOW,SNOW,DAYLIGHT,TRAFFIC SIGNAL,NONE DETECTED,No,No Apparent Injury,NOT DISTRACTED,MD,"Cargo Van/Light Truck 2 Axles (Over 10,000Lbs (4,536 Kg))",30,2016.0,Ford,TK,8,Friday,2
MCP2959000M,15030876,MONTGOMERY,Property Damage Crash,2015-06-24 19:43:00,Unknown,Unknown,Unknown,SINGLE VEHICLE,CLEAR,Unknown,DAYLIGHT,NO CONTROLS,NONE DETECTED,Yes,No Apparent Injury,UNKNOWN,MD,Other,5,2008.0,Nissan,ALTIMA,19,Wednesday,6
EJ7882000H,200023149,Gaithersburg Police Depar,Injury Crash,2020-06-12 17:53:00,County,MUDDY BRANCH RD,WEST SIDE DR,OTHER,CLEAR,DRY,DAYLIGHT,TRAFFIC SIGNAL,NONE DETECTED,Unknown,Suspected Serious Injury,NOT DISTRACTED,MD,Motorcycle,40,1979.0,Suzuki,MC,17,Friday,6
MCP3312002F,220055867,Montgomery County Police,Property Damage Crash,2022-12-17 05:35:00,Maryland (State),NEW HAMPSHIRE AVE,SHAW AVE E,SAME DIR REND LEFT TURN,CLEAR,DRY,DARK NO LIGHTS,NO CONTROLS,ALCOHOL PRESENT,Yes,No Apparent Injury,UNKNOWN,VA,Passenger Car,45,2021.0,Tesla,UT,5,Saturday,12
MCP3161006P,240017371,MONTGOMERY,Property Damage Crash,2024-03-26 16:04:00,Municipality Route,DETRICK AVE,KNOWLES AVE,Angle,Clear,Dry,Daylight,Stop Sign,"Not Suspect of Alcohol Use, Not Suspect of Drug Use",No,No Apparent Injury,Not Distracted,MD,Passenger Car,25,2016.0,Honda,ACCORD,16,Tuesday,3
MCP26070033,180005588,Montgomery County Police,Property Damage Crash,2018-02-02 18:15:00,Unknown,TOWNE ROAD,MONTROSE ROAD,SAME DIR REAR END,CLEAR,DRY,DARK LIGHTS ON,TRAFFIC SIGNAL,UNKNOWN,Yes,No Apparent Injury,UNKNOWN,WV,Passenger Car,20,2016.0,Audi,A3,18,Friday,2
MCP3304001J,240029067,MONTGOMERY,Property Damage Crash,2024-06-19 04:42:00,Maryland (State) Route,RIVER RD,GOLDSBORO RD (SB/L),Angle,Clear,Dry,Dark - Lighted,Flashing Traffic Control Signal,"Not Suspect of Alcohol Use, Not Suspect of Drug Use",Yes,No Apparent Injury,Unknown,MD,Passenger Car,35,2018.0,Nissan,VERSA,4,Wednesday,6
MCP9366000X,170518193,Montgomery County Police,Property Damage Crash,2017-07-09 22:52:00,County,THORNHURST DR,BOWIE MILL RD,SAME DIR REAR END,CLEAR,DRY,DARK LIGHTS ON,Unknown,Unknown,Yes,No Apparent Injury,ADJUSTING AUDIO AND OR CLIMATE CONTROLS,MD,Passenger Car,25,2012.0,Honda,CRV,22,Sunday,7
MCP289200JV,250056062,MONTGOMERY,Property Damage Crash,2025-12-15 15:46:00,Unknown,Unknown,Unknown,Angle,Clear,Unknown,Daylight,Unknown,"Unknown, Unknown",No,Unknown,Unknown,Unknown,Passenger Car,0,2014.0,Honda,CR-V,15,Monday,12
MCP31090048,200012154,Montgomery County Police,Injury Crash,2020-03-12 09:30:00,Maryland (State),GEORGIA AVE,NOYES DR,STRAIGHT MOVEMENT ANGLE,CLEAR,DRY,DAYLIGHT,NO CONTROLS,NONE DETECTED,Yes,No Apparent Injury,LOOKED BUT DID NOT SEE,DC,Passenger Car,35,2013.0,Gmc,TERRA,9,Thursday,3
MCP3221002R,240004839,MONTGOMERY,Injury Crash,2024-01-30 16:05:00,Maryland (State) Route,MUNCASTER MILL RD,Unknown,Front to Rear,Clear,Dry,Daylight,No Controls,"Not Suspect of Alcohol Use, Not Suspect of Drug Use",No,No Apparent Injury,Not Distracted,MD,Van - Passenger (&Lt;9 Seats),40,2019.0,Ford,TRANSIT CONNECT,16,Tuesday,1
MCP3362006K,250047439,MONTGOMERY,Property Damage Crash,2025-10-22 09:11:00,Maryland (State) Route,UNIVERSITY BLVD E (WB/L),Unknown,Angle,Clear,Dry,Daylight,Traffic Control Signal,"Not Suspect of Alcohol Use, Not Suspect of Drug Use",Yes,No Apparent Injury,Not Distracted,MD,Passenger Car,35,2025.0,Toyota,RAV4,9,Wednesday,10
MCP3173002K,220014881,Montgomery County Police,Property Damage Crash,2022-04-08 23:00:00,Maryland (State),GEORGIA AVE,RAMP 4 FR MD 97 NB TO IS 495 EB,SINGLE VEHICLE,Unknown,DRY,DARK LIGHTS ON,Unknown,ALCOHOL PRESENT,Yes,No Apparent Injury,UNKNOWN,MD,Passenger Car,55,2007.0,Honda,CIVIC,23,Friday,4
MCP1048001D,16011658,MONTGOMERY,Property Damage Crash,2016-03-09 07:00:00,Maryland (State),FALLS RD,DEMOCRACY BLVD,SAME DIR REAR END,CLEAR,DRY,DAYLIGHT,TRAFFIC SIGNAL,Unknown,No,No Apparent Injury,NOT DISTRACTED,MD,Passenger Car,35,2008.0,Lexu,SUV,7,Wednesday,3
MCP3209003W,230001976,Montgomery County Police,Property Damage Crash,2023-01-12 19:34:00,Maryland (State),16TH ST,WASH DC LINE,STRAIGHT MOVEMENT ANGLE,CLEAR,DRY,DARK LIGHTS ON,TRAFFIC SIGNAL,NONE DETECTED,Yes,No Apparent Injury,LOOKED BUT DID NOT SEE,MD,Passenger Car,25,2014.0,Toyt,WG,19,Thursday,1
MCP204600CB,200044639,Montgomery County Police,Property Damage Crash,2020-11-12 09:22:00,County,THAYER AVE,HOUSTON ST,SAME DIRECTION SIDESWIPE,RAINING,WET,DAYLIGHT,Unknown,NONE DETECTED,Yes,No Apparent Injury,NOT DISTRACTED,MD,Transit Bus,25,2009.0,Gill,BUS,9,Thursday,11
MCP29870065,210016581,Montgomery County Police,Property Damage Crash,2021-05-03 15:50:00,Unknown,Unknown,Unknown,OTHER,CLOUDY,Unknown,DAYLIGHT,NO CONTROLS,NONE DETECTED,No,No Apparent Injury,NOT DISTRACTED,MD,Passenger Car,5,2007.0,Honda,CIVIC,15,Monday,5
MCP3111009Q,250031309,MONTGOMERY,Injury Crash,2025-07-14 09:14:00,Maryland (State) Route,BRADLEY BLVD (SB/L),LELAND ST,Angle,Clear,Dry,Daylight,Traffic Control Signal,"Not Suspect of Alcohol Use, Not Suspect of Drug Use",No,Possible Injury,Not Distracted,MD,Passenger Car,25,2023.0,Chevrolet,BOLT EUV,9,Monday,7
MCP31800020,210009874,Montgomery County Police,Property Damage Crash,2021-03-16 15:54:00,County,BRIARS RD,WILLOW GROVE RD,SAME DIRECTION SIDESWIPE,Unknown,DRY,DAYLIGHT,STOP SIGN,NONE DETECTED,Yes,No Apparent Injury,LOOKED BUT DID NOT SEE,MD,School Bus,25,2018.0,Hsb,THOMAS BUS,15,Tuesday,3
MCP2107005L,240033354,MONTGOMERY,Injury Crash,2024-07-15 12:17:00,Ramp,RAMP 6 FR MIDDLEBROOK RD EB TO IS 270 SB,Unknown,Front to Rear,Clear,Dry,Daylight,Other,"Not Suspect of Alcohol Use, Not Suspect of Drug Use",No,Suspected Minor Injury,Not Distracted,MD,Passenger Car,45,2022.0,Kia,FORTE,12,Monday,7
MCP29050037,170540687,Montgomery County Police,Property Damage Crash,2017-11-03 13:48:00,County,WESTLAKE DR,DEMOCRACY BLVD,STRAIGHT MOVEMENT ANGLE,CLOUDY,DRY,DAYLIGHT,NO CONTROLS,Unknown,Yes,No Apparent Injury,NOT DISTRACTED,MD,Passenger Car,30,1997.0,Ford,CROWN VICTORIA,13,Friday,11
MCP3254004K,250033121,MONTGOMERY,Property Damage Crash,2025-07-18 20:22:00,County Route,MATENY RD,Unknown,"Sideswipe, Same Direction",Clear,Dry,Dusk,No Controls,"Unknown, Unknown",No,Unknown,Unknown,Unknown,Passenger Car,35,2014.0,Volkswagen,PASSAT,20,Friday,7
DD5625002L,190037053,Rockville Police Departme,Injury Crash,2019-08-03 18:40:00,Unknown,Unknown,Unknown,OTHER,CLEAR,Unknown,DAYLIGHT,NO CONTROLS,NONE DETECTED,Yes,No Apparent Injury,LOOKED BUT DID NOT SEE,MD,Passenger Car,10,2017.0,Acur,4S,18,Saturday,8
MCP2969000L,15029987,Montgomery County Police,Property Damage Crash,2015-06-19 17:15:00,County,GRANDVIEW AVE,REEDIE DR,SAME DIRECTION LEFT TURN,CLEAR,DRY,DAYLIGHT,STOP SIGN,NONE DETECTED,Yes,No Apparent Injury,UNKNOWN,MD,Van,25,2000.0,Nissan,VAN,17,Friday,6
DD56050013,15015048,Rockville Police Departme,Property Damage Crash,2015-04-01 18:49:00,County,SHADY GROVE RD,CHOKE CHERRY RD,HEAD ON LEFT TURN,CLEAR,DRY,DAYLIGHT,TRAFFIC SIGNAL,NONE DETECTED,Yes,No Apparent Injury,LOOKED BUT DID NOT SEE,MD,Passenger Car,40,2003.0,Toyota,CAMRY,18,Wednesday,4
MCP24250084,16060011,Montgomery County Police,Injury Crash,2016-11-22 07:54:00,Maryland (State),NEW HAMPSHIRE AVE,BLICK DR,SAME DIRECTION SIDESWIPE,CLEAR,DRY,DAYLIGHT,TRAFFIC SIGNAL,NONE DETECTED,No,No Apparent Injury,NOT DISTRACTED,MD,Passenger Car,40,2013.0,Lexus,GS350,7,Tuesday,11
MCP3245006S,240052821,MONTGOMERY,Injury Crash,2024-11-03 16:27:00,Municipality Route,LAKE FOREST BLVD,RUSSELL AVE (SB/L),Other,Clear,Dry,Daylight,Traffic Control Signal,"Not Suspect of Alcohol Use, Not Suspect of Drug Use",No,Possible Injury,Not Distracted,MD,Passenger Car,25,2015.0,Honda,CIVIC,16,Sunday,11
MCP3199002Q,210012534,Montgomery County Police,Injury Crash,2021-04-04 10:10:00,County,HENDERSON AVE,LIVINGSTON ST,STRAIGHT MOVEMENT ANGLE,CLEAR,DRY,DAYLIGHT,STOP SIGN,NONE DETECTED,Yes,No Apparent Injury,LOOKED BUT DID NOT SEE,MD,Van,25,2007.0,Toyota,SIENA,10,Sunday,4
MCP31430033,220001446,Montgomery County Police,Property Damage Crash,2022-01-12 18:00:00,County,DEMOCRACY BLVD,WESTLAKE DR,SAME DIRECTION SIDESWIPE,CLEAR,DRY,DARK LIGHTS ON,TRAFFIC SIGNAL,NONE DETECTED,No,No Apparent Injury,NOT DISTRACTED,MD,Passenger Car,35,2021.0,Honda,INSIGHT,18,Wednesday,1
MCP31260053,230073724,Montgomery County Police,Injury Crash,2023-12-26 18:30:00,Maryland (State),FREDERICK RD,SHAKESPEARE BLVD,SAME DIRECTION SIDESWIPE,FOGGY,WET,DARK LIGHTS ON,TRAFFIC SIGNAL,NONE DETECTED,Yes,No Apparent Injury,LOOKED BUT DID NOT SEE,MD,Passenger Car,40,2016.0,Hyundai,TUCSON,18,Tuesday,12
EJ7895005C,240013518,GAITHERSBURG,Property Damage Crash,2024-03-21 13:50:00,County Route,OMEGA DR,FIELDS RD,Front to Rear,Clear,Dry,Daylight,Traffic Control Signal,"Not Suspect of Alcohol Use, Not Suspect of Drug Use",No,No Apparent Injury,Not Distracted,MD,Passenger Car,35,2007.0,Toyota,COROLLA,13,Thursday,3
MCP2866006D,200022572,Montgomery County Police,Property Damage Crash,2020-06-08 16:55:00,Maryland (State),WILSON LA,EXETER RD,SAME DIR REAR END,CLEAR,DRY,DAYLIGHT,NO CONTROLS,NONE DETECTED,Yes,No Apparent Injury,OTHER DISTRACTION,MD,Passenger Car,25,2005.0,Scion,XB,16,Monday,6
MCP2930005F,250022544,MONTGOMERY,Property Damage Crash,2025-05-21 16:21:00,Local Route,GLENMONT SHOPPING CTR CUT THRU CUT,Unknown,Front to Front,Rain,Wet,Daylight,No Controls,"Not Suspect of Alcohol Use, Not Suspect of Drug Use",No,No Apparent Injury,Not Distracted,MD,Passenger Car,35,2012.0,Honda,CR-V,16,Wednesday,5
MCP2504005T,200024064,Montgomery County Police,Property Damage Crash,2020-06-19 20:36:00,County,MONTROSE RD,STRUC #M0211,SINGLE VEHICLE,CLOUDY,WET,DUSK,NO CONTROLS,ALCOHOL PRESENT,Yes,No Apparent Injury,NOT DISTRACTED,MD,Passenger Car,45,2019.0,Bmw,2 SERIES,20,Friday,6
MCP2891009H,200021430,Montgomery County Police,Property Damage Crash,2020-10-19 13:32:00,US (State),COLESVILLE RD,FENTON ST,SAME DIRECTION SIDESWIPE,CLEAR,DRY,DAYLIGHT,TRAFFIC SIGNAL,NONE DETECTED,Yes,No Apparent Injury,NOT DISTRACTED,MD,Passenger Car,35,2017.0,Dodge,GRAND CARAVAN,13,Monday,10
MCP2868001F,15040623,MONTGOMERY,Injury Crash,2015-08-14 18:03:00,Unknown,Unknown,Unknown,STRAIGHT MOVEMENT ANGLE,CLEAR,Unknown,DAYLIGHT,NO CONTROLS,NONE DETECTED,No,No Apparent Injury,NOT DISTRACTED,MD,(Sport) Utility Vehicle,5,2008.0,Toyt,4S,18,Friday,8
MCP3231000Q,210032393,Montgomery County Police,Injury Crash,2021-08-20 03:14:00,Maryland (State),DARNESTOWN RD,MASONWOOD DR,SAME DIR REAR END,RAINING,WET,DARK NO LIGHTS,Unknown,COMBINATION CONTRIBUTED,Yes,Possible Injury,LOOKED BUT DID NOT SEE,MD,Passenger Car,30,2021.0,Nissan,ROGUE SPORT,3,Friday,8
MCP3037005X,240015772,MONTGOMERY,Property Damage Crash,2024-04-04 17:59:00,Spur,Unknown,WEST OLD BALTIMORE RD (EB/L),Front to Rear,Clear,Wet,Daylight,Yield Sign,"Not Suspect of Alcohol Use, Not Suspect of Drug Use",Yes,No Apparent Injury,Unknown,MD,Passenger Car,30,2022.0,Toyota,CAMRY,17,Thursday,4
MCP30580055,230071742,Montgomery County Police,Injury Crash,2023-12-14 15:55:00,Maryland (State),DARNESTOWN RD,NORMAN DR,SAME DIR REAR END,CLEAR,DRY,DAYLIGHT,NO CONTROLS,NONE DETECTED,Yes,No Apparent Injury,NOT DISTRACTED,MD,Passenger Car,35,2017.0,Lexs,LS,15,Thursday,12
EJ7858004G,190058577,Gaithersburg Police Depar,Injury Crash,2019-12-05 09:45:00,Municipality,FIRSTFIELD RD,QUINCE ORCHARD RD,STRAIGHT MOVEMENT ANGLE,CLEAR,DRY,DAYLIGHT,STOP SIGN,NONE DETECTED,Yes,No Apparent Injury,LOOKED BUT DID NOT SEE,MD,Passenger Car,25,2016.0,Mazd,TK,9,Thursday,12
MCP2891000W,15023615,Montgomery County Police,Property Damage Crash,2015-05-17 12:08:00,Maryland (State),GEORGIA AVE,FOREST GLEN RD,SAME DIRECTION SIDESWIPE,CLEAR,DRY,DAYLIGHT,Unknown,NONE DETECTED,Yes,No Apparent Injury,NOT DISTRACTED,MD,"Cargo Van/Light Truck 2 Axles (Over 10,000Lbs (4,536 Kg))",35,2014.0,Chevrolet,TK,12,Sunday,5
MCP2351002T,190003330,Montgomery County Police,Property Damage Crash,2019-01-22 09:05:00,County,SHADY GROVE RD,CRABBS BRANCH WAY,SAME DIRECTION LEFT TURN,CLEAR,DRY,DAYLIGHT,TRAFFIC SIGNAL,NONE DETECTED,Yes,No Apparent Injury,NOT DISTRACTED,MD,School Bus,35,2007.0,Thom,BU,9,Tuesday,1
DD5522004F,200005268,Rockville Police Departme,Property Damage Crash,2020-02-01 03:43:00,Municipality,FALLSGROVE DR,ENT TO APARTMENTS,SAME DIRECTION SIDESWIPE,CLEAR,DRY,DARK LIGHTS ON,NO CONTROLS,ALCOHOL CONTRIBUTED,Yes,No Apparent Injury,UNKNOWN,MD,(Sport) Utility Vehicle,25,2015.0,Bmw,X4,3,Saturday,2
MCP3160003D,220011176,Montgomery County Police,Injury Crash,2022-03-15 15:23:00,Maryland (State),EAST WEST HWY,BEACH DR,STRAIGHT MOVEMENT ANGLE,CLEAR,DRY,DAYLIGHT,FLASHING TRAFFIC SIGNAL,NONE DETECTED,Yes,No Apparent Injury,LOOKED BUT DID NOT SEE,DC,(Sport) Utility Vehicle,30,2021.0,Volkswagon,UT,15,Tuesday,3
MCP9118001X,190051597,Montgomery County Police,Property Damage Crash,2019-10-26 21:05:00,Unknown,Unknown,Unknown,OTHER,CLEAR,Unknown,DARK LIGHTS ON,NO CONTROLS,NONE DETECTED,Yes,No Apparent Injury,UNKNOWN,MD,Other,15,2020.0,Freight,MOVING VAN,21,Saturday,10
DD55870007,15008067,Rockville Police Departme,Injury Crash,2015-02-18 18:41:00,Maryland (State),W MONTGOMERY AVE,SPUR TO W GUDE DR,SAME DIR REAR END,WINTRY MIX,WET,DARK LIGHTS ON,Unknown,NONE DETECTED,No,Possible Injury,NOT DISTRACTED,MD,(Sport) Utility Vehicle,40,2012.0,Toyota,RAV4,18,Wednesday,2
MCP3077001N,220024026,Montgomery County Police,Injury Crash,2022-06-05 02:30:00,County,RIDGE RD,OBSERVATION DR,STRAIGHT MOVEMENT ANGLE,CLEAR,DRY,DARK LIGHTS ON,FLASHING TRAFFIC SIGNAL,NONE DETECTED,Yes,Suspected Minor Injury,NOT DISTRACTED,MD,Passenger Car,45,2015.0,Jeep,TRK,2,Sunday,6
MCP20080041,170519608,Montgomery County Police,Injury Crash,2017-07-17 17:41:00,Maryland (State),OLD GEORGETOWN RD,RAMP 5 FR MD 187 SB TO RAMP 4 (TO IS270),SAME DIR REAR END,CLEAR,DRY,DAYLIGHT,TRAFFIC SIGNAL,NONE DETECTED,Yes,No Apparent Injury,NOT DISTRACTED,MD,Passenger Car,40,2016.0,Mercz,TK,17,Monday,7
MCP1575003B,15059861,MONTGOMERY,Property Damage Crash,2015-11-23 12:45:00,County,E GUDE DR,CRABBS BRANCH WAY,SAME DIRECTION SIDESWIPE,CLEAR,DRY,DAYLIGHT,TRAFFIC SIGNAL,NONE DETECTED,Yes,No Apparent Injury,NOT DISTRACTED,MD,Passenger Car,40,2011.0,Toyota,COROLLA,12,Monday,11
MCP3026001M,170527331,Montgomery County Police,Property Damage Crash,2017-10-18 10:31:00,County,DEMOCRACY BLVD,ROCKLEDGE DR,ANGLE MEETS LEFT TURN,CLEAR,DRY,DAYLIGHT,TRAFFIC SIGNAL,NONE DETECTED,Yes,No Apparent Injury,LOOKED BUT DID NOT SEE,MD,Passenger Car,35,2009.0,Honda,CIVIC,10,Wednesday,10
MCP3095003C,220012901,Montgomery County Police,Property Damage Crash,2022-03-25 17:00:00,County,LOCKWOOD DR,ENT TO BUSINESS,SAME DIR REND RIGHT TURN,CLEAR,DRY,DAYLIGHT,NO CONTROLS,Unknown,Yes,No Apparent Injury,UNKNOWN,Unknown,Pickup Truck,25,2011.0,Ford,F-250,17,Friday,3
MCP31990065,240021465,MONTGOMERY,Property Damage Crash,2024-05-07 12:16:00,County Route,BEL PRE RD,Unknown,Angle,Cloudy,Dry,Daylight,No Controls,"Not Suspect of Alcohol Use, Not Suspect of Drug Use",No,No Apparent Injury,Not Distracted,MD,Passenger Car,35,2019.0,Honda,CIVIC,12,Tuesday,5
MCP2617001G,15065330,MONTGOMERY,Injury Crash,2015-12-21 17:36:00,Maryland (State),MASSACHUSETTS AVE,CROMWELL DR,SAME DIR REAR END,"BLOWING SAND, SOIL, DIRT",DRY,DARK NO LIGHTS,TRAFFIC SIGNAL,NONE DETECTED,Yes,No Apparent Injury,UNKNOWN,MD,Passenger Car,35,2013.0,Volkswagon,PASSAT,17,Monday,12
DD56770008,240028429,ROCKVILLE,Property Damage Crash,2024-06-14 23:35:00,Maryland (State) Route,HUNGERFORD DR,Unknown,Angle,Rain,Wet,Dark - Lighted,Traffic Control Signal,"Not Suspect of Alcohol Use, Not Suspect of Drug Use",Yes,No Apparent Injury,Not Distracted,MD,Pickup,35,2020.0,Ford,F-150,23,Friday,6
MCP9404001V,180049606,Montgomery County Police,Property Damage Crash,2018-10-04 12:00:00,Municipality,WASHINGTONIAN BLVD,BOARDWALK PL,STRAIGHT MOVEMENT ANGLE,CLEAR,DRY,DAYLIGHT,Unknown,NONE DETECTED,Yes,No Apparent Injury,NOT DISTRACTED,MD,Passenger Car,25,2013.0,Nissan,VERSA,12,Thursday,10
MCP3010000F,16004938,Montgomery County Police,Property Damage Crash,2016-01-30 13:53:00,Maryland (State),ROCKVILLE PIKE,POOKS HILL RD,SAME DIR REAR END,CLEAR,Unknown,DAYLIGHT,TRAFFIC SIGNAL,NONE DETECTED,No,No Apparent Injury,NOT DISTRACTED,MD,Passenger Car,45,2010.0,Acura,MDX,13,Saturday,1
MCP2723005V,210033945,Montgomery County Police,Property Damage Crash,2021-10-02 21:00:00,Unknown,Unknown,Unknown,OPPOSITE DIRECTION SIDESWIPE,CLEAR,Unknown,DARK LIGHTS ON,NO CONTROLS,UNKNOWN,Yes,No Apparent Injury,UNKNOWN,XX,Passenger Car,5,2012.0,Chevy,CAMARO,21,Saturday,10
MCP2976001B,15055161,MONTGOMERY,Injury Crash,2015-10-30 10:55:00,County,NORTHAMPTON DR,BEACON RD,HEAD ON,CLEAR,DRY,DAYLIGHT,STOP SIGN,NONE DETECTED,No,No Apparent Injury,LOOKED BUT DID NOT SEE,MD,Passenger Car,35,2010.0,Hyundai,GENESIS,10,Friday,10
MCP2991005W,210036627,Montgomery County Police,Property Damage Crash,2021-09-17 08:00:00,County,RANDOLPH RD,LOCKSLEY LA,Unknown,Unknown,WET,DAYLIGHT,TRAFFIC SIGNAL,NONE DETECTED,No,No Apparent Injury,NOT DISTRACTED,MD,Passenger Car,35,2021.0,Lexus,ES350,8,Friday,9
EJ7875003T,230053014,Gaithersburg Police Depar,Property Damage Crash,2023-09-03 21:04:00,Unknown,Unknown,Unknown,OTHER,CLEAR,Unknown,DARK LIGHTS ON,Unknown,Unknown,Yes,No Apparent Injury,LOOKED BUT DID NOT SEE,MD,Passenger Car,5,2014.0,Suba,UT,21,Sunday,9
MCP3044006H,230007027,Montgomery County Police,Property Damage Crash,2023-02-11 18:10:00,Maryland (State),NEW HAMPSHIRE AVE,SCHINDLER DR,SAME DIRECTION SIDESWIPE,CLEAR,DRY,DARK LIGHTS ON,TRAFFIC SIGNAL,NONE DETECTED,No,No Apparent Injury,NOT DISTRACTED,MD,(Sport) Utility Vehicle,40,2016.0,Lexus,NX200T,18,Saturday,2
MCP3169003H,210003532,Montgomery County Police,Injury Crash,2021-01-28 12:23:00,US (State),COLESVILLE RD,CRESTMOOR DR,SAME DIR REAR END,CLEAR,DRY,DAYLIGHT,NO CONTROLS,Unknown,No,Suspected Minor Injury,NOT DISTRACTED,MD,Passenger Car,35,2015.0,Toyota,PRIUS,12,Thursday,1
MCP320000D7,240045731,MONTGOMERY,Property Damage Crash,2024-09-25 12:11:00,County Route,DEMOCRACY BLVD,Unknown,Single Vehicle,Rain,Wet,Daylight,No Controls,"Not Suspect of Alcohol Use, Not Suspect of Drug Use",Yes,No Apparent Injury,Not Distracted,MD,Sport Utility Vehicle,30,2022.0,Tesla,MODEL Y,12,Wednesday,9