Report Number,Local Case Number,Agency Name,ACRS Report Type,Crash Date/Time,Route Type,Road Name,Cross-Street Name,Collision Type,Weather,Surface Condition,Light,Traffic Control,Driver Substance Abuse,Driver At Fault,Injury Severity,Driver Distracted By,Drivers License State,Vehicle Body Type,Speed Limit,Vehicle Year,Vehicle Make,Vehicle Model,Crash Hour,Crash Day,Crash Month
MCP209400DF,190007355,Montgomery County Police,Property Damage Crash,2019-02-15 09:30:00,Maryland (State),RIVER RD,BUTLER RD,HEAD ON LEFT TURN,CLEAR,DRY,DAYLIGHT,NO CONTROLS,NONE DETECTED,No,No Apparent Injury,NOT DISTRACTED,MD,Passenger Car,35,2012.0,Merceds Benz,C63,9,Friday,2
MCP30840019,180016881,Montgomery County Police,Injury Crash,2018-04-07 10:39:00,Maryland (State),ROCKVILLE PIKE,EDSON LA,SAME DIR REAR END,CLEAR,DRY,DAYLIGHT,TRAFFIC SIGNAL,NONE DETECTED,Yes,Possible Injury,LOOKED BUT DID NOT SEE,MD,Passenger Car,40,2016.0,Chevy,MALIBU,10,Saturday,4
MCP26980028,170512446,Montgomery County Police,Property Damage Crash,2017-06-08 09:51:00,Unknown,Unknown,Unknown,OTHER,CLEAR,Unknown,DAYLIGHT,NO CONTROLS,Unknown,No,No Apparent Injury,NOT DISTRACTED,MD,Passenger Car,0,2009.0,Infi,4S,9,Thursday,6
EJ7895004Q,230062862,Gaithersburg Police Depar,Property Damage Crash,2023-10-27 11:55:00,Maryland (State),DARNESTOWN RD,ENT TO POTOMAC VALLEY SHOPPING CTR,HEAD ON LEFT TURN,CLEAR,DRY,DAYLIGHT,TRAFFIC SIGNAL,NONE DETECTED,Yes,No Apparent Injury,LOOKED BUT DID NOT SEE,MD,Passenger Car,30,2014.0,Bmw,X3,11,Friday,10
MCP3452000C,240059696,MONTGOMERY,Property Damage Crash,2024-12-13 19:20:00,Crossover,Unknown,Unknown,Other,Clear,Dry,Dark - Lighted,Yield Sign,"Not Suspect of Alcohol Use, Not Suspect of Drug Use",Yes,No Apparent Injury,Unknown,MD,Passenger Car,35,2007.0,Lexus,ES,19,Friday,12
EJ7858004J,190060057,Gaithersburg Police Depar,Injury Crash,2019-12-13 09:35:00,Maryland (State),QUINCE ORCHARD RD,RAMP 2 FR MD 124 WB TO IS 270 NB,SAME DIR REAR END,RAINING,WET,DAYLIGHT,TRAFFIC SIGNAL,NONE DETECTED,Yes,No Apparent Injury,NOT DISTRACTED,MD,Passenger Car,35,2015.0,Ford,VN,9,Friday,12
DM84510016,17015810,Takoma Park Police Depart,Property Damage Crash,2017-03-28 16:08:00,Unknown,Unknown,Unknown,SINGLE VEHICLE,CLEAR,Unknown,DAYLIGHT,Unknown,NONE DETECTED,Yes,No Apparent Injury,INATTENTIVE OR LOST IN THOUGHT,MD,Passenger Car,10,2012.0,Toyota,PRIUS,16,Tuesday,3
MCP3145004G,230072630,Montgomery County Police,Property Damage Crash,2023-12-19 18:00:00,US (State),COLESVILLE RD,RAMP 4 FR US 29 NB TO IS 495 EB,SAME DIR REAR END,CLEAR,DRY,DARK NO LIGHTS,NO CONTROLS,NONE DETECTED,No,No Apparent Injury,NOT DISTRACTED,MD,Passenger Car,35,2018.0,Honda,SUV,18,Tuesday,12
MCP30930031,200046313,Montgomery County Police,Injury Crash,2020-11-23 17:11:00,Maryland (State),CONNECTICUT AVE,WOODBINE ST,OTHER,Unknown,DRY,DARK LIGHTS ON,NO CONTROLS,Unknown,No,Possible Injury,NOT DISTRACTED,MD,Passenger Car,30,2016.0,Dodge,CHARGER,17,Monday,11
MCP31680063,230069182,Montgomery County Police,Injury Crash,2023-11-30 18:13:00,County,SHADY GROVE RD,BRIARDALE RD,SAME DIRECTION SIDESWIPE,CLEAR,DRY,DARK LIGHTS ON,TRAFFIC SIGNAL,NONE DETECTED,No,No Apparent Injury,NOT DISTRACTED,MD,Pickup Truck,35,2002.0,Toyt,TACOMA,18,Thursday,11
MCP27560020,170544911,Montgomery County Police,Property Damage Crash,2017-11-26 00:10:00,Maryland (State),UNIVERSITY BLVD W,KING GEORGE DR,SAME DIR REAR END,Unknown,DRY,DARK LIGHTS ON,NO CONTROLS,ALCOHOL PRESENT,Yes,No Apparent Injury,OTHER DISTRACTION,XX,Passenger Car,35,2002.0,Toyota,CAMRY,0,Sunday,11
MCP2712002H,180021673,Montgomery County Police,Injury Crash,2018-05-03 08:08:00,US (State),COLUMBIA PIKE,RAMP 8 FR US 29 SB TO PARK & RIDE,SAME DIR REAR END,CLEAR,DRY,DAYLIGHT,Unknown,NONE DETECTED,Yes,No Apparent Injury,UNKNOWN,MD,Passenger Car,50,2000.0,Honda,ACCORD,8,Thursday,5
MCP2710004D,240013408,MONTGOMERY,Injury Crash,2024-03-20 20:07:00,County Route,Unknown,Unknown,Angle,Clear,Dry,Dark - Lighted,Traffic Control Signal,"Not Suspect of Alcohol Use, Not Suspect of Drug Use",No,Suspected Minor Injury,Not Distracted,MD,Passenger Car,35,2016.0,Ford,FIESTA,20,Wednesday,3
MCP3115002N,190020370,Montgomery County Police,Property Damage Crash,2019-05-01 06:30:00,Unknown,Unknown,Unknown,SAME DIR REAR END,CLEAR,Unknown,DAYLIGHT,Unknown,Unknown,Yes,No Apparent Injury,LOOKED BUT DID NOT SEE,MD,School Bus,15,2015.0,Thomas,CONV-MSDE-C-8,6,Wednesday,5
MCP29040074,190038659,Montgomery County Police,Property Damage Crash,2019-08-13 16:00:00,Maryland (State),NEW HAMPSHIRE AVE,RAMP 4 FR MD 650 NB TO IS 495 EB,SAME DIR REAR END,Unknown,DRY,DAYLIGHT,Unknown,NONE DETECTED,Yes,No Apparent Injury,UNKNOWN,MD,Police Vehicle/Emergency,40,2009.0,Chevrolet,IMPALA,16,Tuesday,8
MCP3021008D,250044473,MONTGOMERY,Property Damage Crash,2025-10-03 13:10:00,County Route,CORDELL AVE,Unknown,Front to Rear,Clear,Dry,Daylight,Traffic Control Signal,"Not Suspect of Alcohol Use, Not Suspect of Drug Use",Yes,No Apparent Injury,Unknown,MD,Passenger Car,25,2017.0,Ford,TAURUS,13,Friday,10
MCP272300B2,250051546,MONTGOMERY,Injury Crash,2025-11-17 16:00:00,County Route,ASPEN HILL RD,ARCTIC AVE,Front to Rear,Clear,Dry,Daylight,Traffic Control Signal,"Not Suspect of Alcohol Use, Not Suspect of Drug Use",No,Suspected Minor Injury,Not Distracted,MD,Passenger Car,30,2012.0,Toyota,SIENNA,16,Monday,11
MCP15340004,210015540,Montgomery County Police,Property Damage Crash,2021-04-26 13:22:00,Maryland (State),BRADLEY BLVD,WILSON LA,ANGLE MEETS RIGHT TURN,CLEAR,DRY,DAYLIGHT,TRAFFIC SIGNAL,Unknown,Yes,No Apparent Injury,NOT DISTRACTED,MD,Passenger Car,35,1999.0,Lexus,LS400,13,Monday,4
MCP2908001Q,16033525,Montgomery County Police,Injury Crash,2016-07-02 14:14:00,Maryland (State),UNIVERSITY BLVD E,RAMP 6 FR IS 495 EB TO MD 193 SB,SAME DIR REAR END,CLEAR,DRY,DAYLIGHT,NO CONTROLS,NONE DETECTED,No,No Apparent Injury,NOT DISTRACTED,XX,Passenger Car,40,2016.0,Nissan,ALTIMA,14,Saturday,7
MCP2767001K,15060126,MONTGOMERY,Property Damage Crash,2015-11-24 16:58:00,Maryland (State),VEIRS MILL RD,NEWPORT MILL RD,STRAIGHT MOVEMENT ANGLE,CLEAR,DRY,DUSK,TRAFFIC SIGNAL,NONE DETECTED,Yes,No Apparent Injury,NOT DISTRACTED,MD,Passenger Car,40,2013.0,Toyota,COROLLA,16,Tuesday,11
MCP3193006N,250028732,MONTGOMERY,Property Damage Crash,2025-06-27 17:50:00,Maryland (State) Route,VEIRS MILL RD,Unknown,"Sideswipe, Same Direction","Fog, Smog, Smoke",Wet,Daylight,Other Signal,"Not Suspect of Alcohol Use, Not Suspect of Drug Use",No,No Apparent Injury,Not Distracted,MD,Sport Utility Vehicle,25,2005.0,Toyota,HIGHLANDER,17,Friday,6
MCP32250010,200043110,Montgomery County Police,Injury Crash,2020-11-01 17:00:00,Maryland (State),GEORGIA AVE,SHOREFIELD RD,HEAD ON LEFT TURN,CLEAR,DRY,DAYLIGHT,TRAFFIC SIGNAL,NONE DETECTED,No,No Apparent Injury,NOT DISTRACTED,MD,"Cargo Van/Light Truck 2 Axles (Over 10,000Lbs (4,536 Kg))",35,2019.0,Ford,ESCAPE,17,Sunday,11
MCP3356001C,240007333,MONTGOMERY,Property Damage Crash,2024-02-14 14:37:00,Bicycle Route,Unknown,Unknown,"Sideswipe, Same Direction",Clear,Dry,Daylight,No Controls,"Not Suspect of Alcohol Use, Not Suspect of Drug Use",No,No Apparent Injury,"Other Action (looking away from task, etc.)",VA,Passenger Car,40,2018.0,Jeep,RENEGADE,14,Wednesday,2
MCP22980189,250041182,MONTGOMERY,Property Damage Crash,2025-09-13 17:29:00,County Route,BUSHEY DR,VEIRS MILL RD,Front to Rear,Clear,Dry,Daylight,Stop Sign,"Not Suspect of Alcohol Use, Not Suspect of Drug Use",No,No Apparent Injury,Not Distracted,MD,Sport Utility Vehicle,35,2016.0,Honda,PILOT,17,Saturday,9
MCP32300070,250021095,MONTGOMERY,Property Damage Crash,2025-05-13 14:00:00,Maryland (State) Route,NORBECK RD,Unknown,Front to Rear,Rain,Wet,Daylight,No Controls,"Not Suspect of Alcohol Use, Not Suspect of Drug Use",No,No Apparent Injury,Not Distracted,MD,Sport Utility Vehicle,35,2021.0,Jeep,COMPASS,14,Tuesday,5
MCP30370008,16060110,Montgomery County Police,Property Damage Crash,2016-11-22 16:26:00,Maryland (State),WOODFIELD RD,MT VERNON AVE,SAME DIRECTION SIDESWIPE,CLEAR,DRY,DAYLIGHT,OTHER,NONE DETECTED,No,No Apparent Injury,NOT DISTRACTED,MD,Passenger Car,35,2008.0,Chevy,IMPALA,16,Tuesday,11
MCP3199006B,240027399,MONTGOMERY,Property Damage Crash,2024-06-09 11:00:00,Maryland (State) Route,VEIRS MILL RD (WB/L),Unknown,Front to Rear,Clear,Dry,Daylight,No Controls,"Not Suspect of Alcohol Use, Not Suspect of Drug Use",Yes,No Apparent Injury,Not Distracted,MD,Sport Utility Vehicle,35,2001.0,Ford,ESCAPE,11,Sunday,6
MCP30090050,220039909,Montgomery County Police,Property Damage Crash,2022-09-14 09:00:00,Maryland (State),FREDERICK RD,CIDER PRESS PL,SAME DIRECTION RIGHT TURN,CLEAR,DRY,DAYLIGHT,NO CONTROLS,Unknown,No,No Apparent Injury,NOT DISTRACTED,MD,Passenger Car,45,2004.0,Honda,ACCORD,9,Wednesday,9
MCP30260029,180000373,Montgomery County Police,Property Damage Crash,2018-01-03 08:44:00,Maryland (State),ROCKVILLE PIKE,POOKS HILL RD,OTHER,CLEAR,DRY,DAYLIGHT,TRAFFIC SIGNAL,NONE DETECTED,No,No Apparent Injury,NOT DISTRACTED,MD,Police Vehicle/Emergency,35,2001.0,Lexus,RX300,8,Wednesday,1
MCP2215000H,180015540,Montgomery County Police,Property Damage Crash,2018-03-30 18:05:00,Maryland (State),RIDGE RD,MARLBORO DR,SAME DIR REAR END,CLOUDY,DRY,DAYLIGHT,NO CONTROLS,NONE DETECTED,Yes,No Apparent Injury,LOOKED BUT DID NOT SEE,MD,Passenger Car,40,2016.0,Ford,FLEX,18,Friday,3
MCP28710098,230061856,Montgomery County Police,Injury Crash,2023-10-21 17:51:00,Other Public Roadway,MONTROSE RD,MONTROSE PKWY,STRAIGHT MOVEMENT ANGLE,CLEAR,DRY,DAYLIGHT,TRAFFIC SIGNAL,NONE DETECTED,Yes,Possible Injury,NOT DISTRACTED,MD,Passenger Car,40,2009.0,Hond,ACCORD,17,Saturday,10
MCP2446004F,190014219,Montgomery County Police,Property Damage Crash,2019-03-27 17:00:00,Maryland (State),WOODFIELD RD,FIELDCREST RD,SAME DIR REAR END,CLEAR,DRY,DAYLIGHT,Unknown,UNKNOWN,Yes,No Apparent Injury,UNKNOWN,Unknown,(Sport) Utility Vehicle,40,2000.0,Jeep,CHEROKEE,17,Wednesday,3
MCP2686001R,17007921,Montgomery County Police,Property Damage Crash,2017-02-13 18:31:00,County,FATHER HURLEY BLVD,MIDDLEBROOK RD,SINGLE VEHICLE,CLEAR,DRY,DARK LIGHTS ON,Unknown,ALCOHOL PRESENT,Yes,No Apparent Injury,UNKNOWN,PA,Passenger Car,35,2012.0,Honda,CIVIC,18,Monday,2
MCP2513002Z,230013482,Montgomery County Police,Injury Crash,2023-03-20 13:17:00,US (State),COLESVILLE RD,UNIVERSITY BLVD E,STRAIGHT MOVEMENT ANGLE,CLEAR,DRY,DAYLIGHT,TRAFFIC SIGNAL,NONE DETECTED,Unknown,No Apparent Injury,OTHER DISTRACTION,MD,Passenger Car,45,2008.0,Acur,TSX,13,Monday,3
MCP9419004S,230052916,Montgomery County Police,Injury Crash,2023-09-03 09:35:00,County,REDLAND RD,CRABBS BRANCH WAY,STRAIGHT MOVEMENT ANGLE,CLEAR,DRY,DAYLIGHT,TRAFFIC SIGNAL,NONE DETECTED,Yes,Possible Injury,NOT DISTRACTED,MD,Passenger Car,40,2013.0,Honda,4D,9,Sunday,9
MCP30170028,230024285,Montgomery County Police,Injury Crash,2023-05-20 22:29:00,Maryland (State),WOODFIELD RD,MIDCOUNTY HWY,HEAD ON LEFT TURN,RAINING,WET,DARK LIGHTS ON,TRAFFIC SIGNAL,NONE DETECTED,Yes,No Apparent Injury,LOOKED BUT DID NOT SEE,MD,Passenger Car,40,2000.0,Toyt,PK,22,Saturday,5
DD5601000Z,15031921,Rockville Police Departme,Property Damage Crash,2015-06-30 10:20:00,Maryland (State),E JEFFERSON ST,MONROE ST,SAME DIRECTION SIDESWIPE,CLEAR,DRY,DAYLIGHT,TRAFFIC SIGNAL,Unknown,No,No Apparent Injury,NOT DISTRACTED,MD,Passenger Car,30,2012.0,Hond,4S,10,Tuesday,6
MCP283200B1,240052425,MONTGOMERY,Injury Crash,2024-11-01 09:48:00,Maryland (State) Route,BRADLEY BLVD,Unknown,Front to Rear,Cloudy,Dry,Daylight,Pedestrian Crossing Sign,"Not Suspect of Alcohol Use, Not Suspect of Drug Use",No,Possible Injury,Not Distracted,MD,Passenger Car,30,2024.0,Bmw,M3,9,Friday,11
MCP2339005B,200007387,Montgomery County Police,Injury Crash,2020-02-07 17:41:00,County,CRABBS BRANCH WAY,SHADY GROVE RD,SAME DIRECTION LEFT TURN,CLEAR,DRY,DUSK,TRAFFIC SIGNAL,NONE DETECTED,Yes,No Apparent Injury,UNKNOWN,MD,Passenger Car,35,1997.0,Murcery,VILLAGER,17,Friday,2
MCP3341003N,240023935,MONTGOMERY,Property Damage Crash,2024-05-21 10:00:00,County Route,GRAND PRE RD,CONNECTICUT AVE (SB/L),Front to Rear,Clear,Dry,Daylight,Pedestrian Crossing,"Not Suspect of Alcohol Use, Not Suspect of Drug Use",No,No Apparent Injury,Not Distracted,MD,Passenger Car,35,2008.0,Toyota,RAV4,10,Tuesday,5
MCP102200B5,180060538,Montgomery County Police,Injury Crash,2018-12-04 06:24:00,Maryland (State),RIDGE RD,BLOOM DR,SAME DIR REAR END,CLEAR,DRY,DARK NO LIGHTS,NO CONTROLS,NONE DETECTED,Yes,No Apparent Injury,NOT DISTRACTED,MD,Pickup Truck,40,2007.0,Ford,FI50,6,Tuesday,12
MCP2783004F,220045600,Montgomery County Police,Property Damage Crash,2022-10-17 18:37:00,Maryland (State),NEW HAMPSHIRE AVE,NORWOOD RD,ANGLE MEETS RIGHT TURN,CLEAR,DRY,Unknown,TRAFFIC SIGNAL,NONE DETECTED,Yes,No Apparent Injury,UNKNOWN,MD,Passenger Car,35,2016.0,Toyota,COROLLA,18,Monday,10
MCP2919006D,190050520,Montgomery County Police,Property Damage Crash,2019-10-21 16:52:00,County,FLOWER AVE,PINEY BRANCH RD,SAME DIRECTION SIDESWIPE,CLEAR,DRY,DAYLIGHT,Unknown,NONE DETECTED,No,No Apparent Injury,NOT DISTRACTED,MD,Transit Bus,30,2016.0,Gill,BUS,16,Monday,10
MCP28710060,190018221,Montgomery County Police,Property Damage Crash,2019-04-18 16:40:00,Unknown,Unknown,Unknown,OTHER,CLEAR,Unknown,DAYLIGHT,NO CONTROLS,NONE DETECTED,Yes,No Apparent Injury,NOT DISTRACTED,MD,Passenger Car,15,2007.0,Toyota,CAMERY,16,Thursday,4
MCP2852002H,200016382,Montgomery County Police,Injury Crash,2020-04-18 15:58:00,Maryland (State),OLNEY LAYTONSVILLE RD,GOLF ESTATES DR,SAME DIRECTION SIDESWIPE,CLEAR,DRY,DAYLIGHT,STOP SIGN,NONE DETECTED,Yes,Possible Injury,LOOKED BUT DID NOT SEE,MD,Passenger Car,30,2008.0,Merz,4S,15,Saturday,4
MCP2244000J,15043508,MONTGOMERY,Property Damage Crash,2015-08-29 23:18:00,Maryland (State),UNIVERSITY BLVD W,LORAIN AVE,SAME DIRECTION SIDESWIPE,CLEAR,DRY,DARK LIGHTS ON,NO CONTROLS,NONE DETECTED,No,No Apparent Injury,NOT DISTRACTED,MD,Passenger Car,40,2008.0,Honda,4S CIVIC,23,Saturday,8
MCP34240012,250008105,MONTGOMERY,Injury Crash,2025-02-24 11:06:00,County Route,MONTGOMERY VILLAGE AVE (SB/L),CENTERWAY RD (WB/L),Angle,Clear,Dry,Daylight,Traffic Control Signal,"Not Suspect of Alcohol Use, Not Suspect of Drug Use",Yes,Possible Injury,Not Distracted,MD,Passenger Car,35,2009.0,Honda,ACCORD,11,Monday,2
MCP2594006C,200024911,Montgomery County Police,Injury Crash,2020-06-26 13:00:00,County,RANDOLPH RD,LOCKSLEY LA,STRAIGHT MOVEMENT ANGLE,CLEAR,DRY,DAYLIGHT,TRAFFIC SIGNAL,NONE DETECTED,No,Suspected Minor Injury,NOT DISTRACTED,MD,Passenger Car,40,2011.0,Toyota,YARIS,13,Friday,6
MCP9134000S,170532943,Montgomery County Police,Property Damage Crash,2017-09-25 00:50:00,County,FENTON ST,EASLEY ST,OTHER,CLEAR,DRY,DARK LIGHTS ON,Unknown,ALCOHOL PRESENT,Yes,No Apparent Injury,NOT DISTRACTED,DC,Passenger Car,30,2010.0,Nissan,ALTIMA,0,Monday,9
MCP3012006L,200016776,Montgomery County Police,Injury Crash,2020-04-22 12:21:00,Maryland (State),GEORGIA AVE,INTERNATIONAL DR,SAME DIR REAR END,CLEAR,DRY,DAYLIGHT,NO CONTROLS,NONE DETECTED,Yes,No Apparent Injury,INATTENTIVE OR LOST IN THOUGHT,TX,(Sport) Utility Vehicle,35,2017.0,Gmc,ACADIA,12,Wednesday,4
MCP27260032,180065303,Montgomery County Police,Property Damage Crash,2018-12-31 09:27:00,Maryland (State),ROCKVILLE PIKE,ENT TO FEDERAL PLAZA S.C.,STRAIGHT MOVEMENT ANGLE,CLEAR,DRY,DAYLIGHT,TRAFFIC SIGNAL,Unknown,Yes,No Apparent Injury,LOOKED BUT DID NOT SEE,MD,Passenger Car,40,2006.0,Hond,4S,9,Monday,12
DD5605002X,16061182,Rockville Police Departme,Injury Crash,2016-11-29 09:24:00,Municipality,W GUDE DR,RESEARCH BLVD,OTHER,RAINING,WET,DAYLIGHT,TRAFFIC SIGNAL,NONE DETECTED,Yes,No Apparent Injury,INATTENTIVE OR LOST IN THOUGHT,VA,Passenger Car,40,2006.0,Honda,ACCORD,9,Tuesday,11
MCP2936003X,200030698,Montgomery County Police,Injury Crash,2020-08-07 16:22:00,Unknown,Unknown,Unknown,OTHER,Unknown,Unknown,DAYLIGHT,NO CONTROLS,NONE DETECTED,Yes,No Apparent Injury,INATTENTIVE OR LOST IN THOUGHT,MD,Passenger Car,10,2012.0,Ford,4DS,16,Friday,8
MCP1251000Q,16001393,Montgomery County Police,Property Damage Crash,2016-01-08 14:56:00,Maryland (State),OLD GEORGETOWN RD,RAMP 5 FR MD 187 SB TO RAMP 4 (TO IS495),HEAD ON LEFT TURN,CLOUDY,WET,DAYLIGHT,TRAFFIC SIGNAL,NONE DETECTED,No,No Apparent Injury,NOT DISTRACTED,MD,Passenger Car,40,2013.0,Hond,CIVIC,14,Friday,1
MCP3133001Z,200018162,Montgomery County Police,Injury Crash,2020-05-04 11:31:00,Maryland (State),VEIRS MILL RD,UNIVERSITY BLVD W,SAME DIR BOTH LEFT TURN,CLEAR,DRY,DAYLIGHT,TRAFFIC SIGNAL,NONE DETECTED,No,No Apparent Injury,NOT DISTRACTED,MD,Passenger Car,35,2013.0,Honda,ODYSSEY,11,Monday,5
MCP3195001V,210002829,Montgomery County Police,Property Damage Crash,2021-01-22 20:39:00,County,OLD COLUMBIA PIKE,BRIGGS CHANEY RD,OTHER,CLEAR,DRY,DARK LIGHTS ON,TRAFFIC SIGNAL,NONE DETECTED,No,No Apparent Injury,NOT DISTRACTED,VA,Passenger Car,35,2018.0,Kia,SORENTO,20,Friday,1
MCP22980127,220053911,Montgomery County Police,Property Damage Crash,2022-12-06 16:45:00,Government,BEACH DR,KNOWLES AVE,HEAD ON,RAINING,WET,DARK LIGHTS ON,NO CONTROLS,NONE DETECTED,Yes,No Apparent Injury,LOOKED BUT DID NOT SEE,MD,Passenger Car,25,1997.0,Toyt,COROLLA,16,Tuesday,12
MCP3067000X,180024832,Montgomery County Police,Property Damage Crash,2018-05-21 01:50:00,Municipality,WATKINS MILL RD,TRAVIS AVE,OTHER,CLEAR,DRY,DARK LIGHTS ON,Unknown,NONE DETECTED,Yes,No Apparent Injury,NOT DISTRACTED,MD,Passenger Car,25,2009.0,Dodge,JOURNEY,1,Monday,5
MCP2305002K,230002015,Montgomery County Police,Property Damage Crash,2023-01-12 23:58:00,Maryland (State),DAMASCUS RD,LAYTONSVILLE RD,SINGLE VEHICLE,RAINING,WET,DARK LIGHTS ON,STOP SIGN,UNKNOWN,Yes,No Apparent Injury,NOT DISTRACTED,MD,Passenger Car,35,2000.0,Chevy,BLAZER,23,Thursday,1
MCP271700D4,170529416,Montgomery County Police,Injury Crash,2017-09-08 15:20:00,County,LYTTONSVILLE RD,LYTTONSVILLE PL,ANGLE MEETS LEFT TURN,CLEAR,DRY,DAYLIGHT,NO CONTROLS,NONE DETECTED,Yes,No Apparent Injury,UNKNOWN,MD,Van,30,2013.0,Nissan,VAN,15,Friday,9
DD5666000H,240004167,ROCKVILLE,Property Damage Crash,2024-01-26 13:30:00,Unknown,Unknown,Unknown,Single Vehicle,Clear,Unknown,Daylight,No Controls,"Unknown, Unknown",Yes,No Apparent Injury,Unknown,MD,Passenger Car,10,2002.0,Toyota,CAMRY,13,Friday,1
MCP21620052,210024853,Montgomery County Police,Property Damage Crash,2021-06-28 20:51:00,Maryland (State),MUNCASTER MILL RD,SWEETBIRCH DR,SINGLE VEHICLE,CLEAR,DRY,DARK LIGHTS ON,NO CONTROLS,Unknown,Yes,No Apparent Injury,UNKNOWN,MD,Passenger Car,35,1986.0,Bmw,325,20,Monday,6
MCP2252001N,16062781,Montgomery County Police,Property Damage Crash,2016-12-07 10:42:00,Maryland (State),DARNESTOWN RD,BEALLSVILLE RD,SAME DIRECTION LEFT TURN,CLEAR,DRY,DAYLIGHT,Unknown,NONE DETECTED,Yes,No Apparent Injury,LOOKED BUT DID NOT SEE,MD,(Sport) Utility Vehicle,30,2003.0,Ford,EXPLORER,10,Wednesday,12
MCP91180052,250001623,MONTGOMERY,Property Damage Crash,2025-01-13 03:55:00,County Route,ARCOLA AVE,Unknown,Single Vehicle,Clear,Wet,Dark - Not Lighted,No Controls,"Unknown, Unknown",No,Unknown,Unknown,Unknown,Sport Utility Vehicle,30,2004.0,Toyota,SEQUOIA,3,Monday,1
MCP3077002D,250056587,MONTGOMERY,Property Damage Crash,2025-12-18 16:23:00,County Route,BARNESVILLE RD,PEACH TREE RD,"Sideswipe, Opposite Direction",Clear,Dry,Daylight,Lane Use Control Signal,"Not Suspect of Alcohol Use, Not Suspect of Drug Use",No,No Apparent Injury,Not Distracted,Unknown,Passenger Car,40,2001.0,Dodge,CARAVAN/GRAND CARAVAN,16,Thursday,12
MCP2829004S,180029528,Montgomery County Police,Property Damage Crash,2018-06-15 10:06:00,Maryland (State),GEORGIA AVE,CAMERON ST,SAME DIRECTION SIDESWIPE,CLEAR,DRY,DAYLIGHT,NO CONTROLS,NONE DETECTED,No,No Apparent Injury,NOT DISTRACTED,MD,Van,35,2000.0,Dodge,RAM 1500,10,Friday,6
MCP2871002L,15063169,Montgomery County Police,Property Damage Crash,2016-01-01 17:34:00,Unknown,Unknown,Unknown,OTHER,CLEAR,Unknown,UNKNOWN,NO CONTROLS,NONE DETECTED,No,No Apparent Injury,NOT DISTRACTED,CA,Passenger Car,15,2014.0,Bmw,4D,17,Friday,1
MCP3372002D,240014795,MONTGOMERY,Property Damage Crash,2024-03-30 14:48:00,County Route,CONNECTICUT AVE (SB/L),Unknown,"Sideswipe, Same Direction",Clear,Dry,Daylight,No Controls,"Not Suspect of Alcohol Use, Not Suspect of Drug Use",No,No Apparent Injury,Unknown,MD,Passenger Car,35,2022.0,Chevrolet,SILVERADO,14,Saturday,3
MCP32010022,210036150,Montgomery County Police,Injury Crash,2021-09-14 09:17:00,Unknown,Unknown,Unknown,SAME DIR REAR END,CLEAR,Unknown,DAYLIGHT,NO CONTROLS,Unknown,Yes,No Apparent Injury,LOOKED BUT DID NOT SEE,MD,Passenger Car,0,2017.0,Chevy,TRK,9,Tuesday,9
MCP3141000N,180058321,Montgomery County Police,Property Damage Crash,2018-11-20 21:34:00,Unknown,Unknown,Unknown,STRAIGHT MOVEMENT ANGLE,Unknown,Unknown,DARK LIGHTS ON,OTHER,NONE DETECTED,No,No Apparent Injury,NOT DISTRACTED,MD,Passenger Car,10,2009.0,Kia,RIO,21,Tuesday,11
MCP2952001B,15057504,MONTGOMERY,Injury Crash,2015-11-11 09:11:00,Maryland (State),NEW HAMPSHIRE AVE,OVERLOOK DR,SAME DIR REAR END,CLEAR,DRY,DAYLIGHT,NO CONTROLS,NONE DETECTED,No,Suspected Minor Injury,NOT DISTRACTED,MD,Passenger Car,40,2012.0,Volk,CC,9,Wednesday,11
MCP2927003B,190050509,Montgomery County Police,Property Damage Crash,2019-10-21 15:02:00,County,LILLIAN DR,HARMON RD,SAME DIRECTION SIDESWIPE,CLEAR,DRY,DAYLIGHT,NO CONTROLS,NONE DETECTED,Yes,No Apparent Injury,NOT DISTRACTED,MD,School Bus,25,2019.0,Thomas,CONV-MSDE-C-8,15,Monday,10
MCP3064003P,210019191,Montgomery County Police,Property Damage Crash,2021-05-21 12:20:00,County,CLAYBROOK DR,HILLSBORO DR (AHEAD),OTHER,CLEAR,DRY,DAYLIGHT,Unknown,NONE DETECTED,Yes,No Apparent Injury,NOT DISTRACTED,MD,Passenger Car,20,2005.0,Toyota,RAV4,12,Friday,5
MCP2425009V,170520929,Montgomery County Police,Injury Crash,2017-07-24 17:59:00,County,FOREST GLEN RD,SLIGO CREEK PKWY,SAME DIR REAR END,RAINING,WET,DAYLIGHT,TRAFFIC SIGNAL,NONE DETECTED,Yes,No Apparent Injury,OTHER DISTRACTION,MD,Pickup Truck,30,2007.0,Dodge,PICK UP TRUCK,17,Monday,7
MCP3337000J,220041850,Montgomery County Police,Property Damage Crash,2022-09-26 07:55:00,Maryland (State),NORBECK RD,MT EVEREST LA,SAME DIR REAR END,CLEAR,DRY,DAYLIGHT,Unknown,NONE DETECTED,No,No Apparent Injury,NOT DISTRACTED,MD,Passenger Car,40,2021.0,Tesla,Y,7,Monday,9