Report Number,Local Case Number,Agency Name,ACRS Report Type,Crash Date/Time,Route Type,Road Name,Cross-Street Name,Collision Type,Weather,Surface Condition,Light,Traffic Control,Driver Substance Abuse,Driver At Fault,Injury Severity,Driver Distracted By,Drivers License State,Vehicle Body Type,Speed Limit,Vehicle Year,Vehicle Make,Vehicle Model,Crash Hour,Crash Day,Crash Month
MCP2893002K,16061553,Montgomery County Police,Property Damage Crash,2016-11-30 20:01:00,County,SENECA MEADOWS PKWY,GERMANTOWN RD,SAME DIRECTION SIDESWIPE,RAINING,WET,DARK LIGHTS ON,NO CONTROLS,NONE DETECTED,No,No Apparent Injury,NOT DISTRACTED,NM,Passenger Car,35,2009.0,Dodge,4S,20,Wednesday,11
MCP2552003P,200007201,Montgomery County Police,Injury Crash,2020-02-12 19:43:00,County,E GUDE DR,CRABBS BRANCH WAY,STRAIGHT MOVEMENT ANGLE,RAINING,WET,DARK LIGHTS ON,TRAFFIC SIGNAL,NONE DETECTED,No,Suspected Minor Injury,NOT DISTRACTED,MD,Passenger Car,35,2009.0,Bmw,328I,19,Wednesday,2
DD56250020,190009361,Rockville Police Departme,Property Damage Crash,2019-02-27 15:20:00,Municipality,REDLAND BLVD,ELMCROFT BLVD,STRAIGHT MOVEMENT ANGLE,CLOUDY,DRY,DAYLIGHT,STOP SIGN,NONE DETECTED,Yes,No Apparent Injury,LOOKED BUT DID NOT SEE,MD,Passenger Car,25,2009.0,Ford,TK,15,Wednesday,2
DD5626000M,180042998,Rockville Police Departme,Property Damage Crash,2018-08-29 07:07:00,Maryland (State),ROCKVILLE PIKE,EDMONSTON DR,SAME DIRECTION RIGHT TURN,CLEAR,DRY,DAYLIGHT,NO CONTROLS,NONE DETECTED,No,No Apparent Injury,NOT DISTRACTED,MD,Passenger Car,40,2011.0,Honda,FIT,7,Wednesday,8
MCP3452000W,250016383,MONTGOMERY,Injury Crash,2025-04-15 13:05:00,Maryland (State) Route,GEORGIA AVE (SB/L),WEISMAN RD,Rear To Side,Clear,Dry,Daylight,Stop Sign,"Not Suspect of Alcohol Use, Not Suspect of Drug Use",Yes,No Apparent Injury,Unknown,MD,Passenger Car,25,2025.0,Nissan,KICKS,13,Tuesday,4
EJ7818000D,17003161,Gaithersburg Police Depar,Property Damage Crash,2017-01-18 18:24:00,Municipality,RUSSELL AVE,ODENDHAL AVE,SAME DIR REAR END,CLEAR,DRY,DARK LIGHTS ON,TRAFFIC SIGNAL,NONE DETECTED,No,No Apparent Injury,NOT DISTRACTED,MD,Police Vehicle/Emergency,30,2012.0,Toyota,COROLLA,18,Wednesday,1
MCP2965006W,230011326,Montgomery County Police,Property Damage Crash,2023-03-08 08:40:00,Maryland (State),NEW HAMPSHIRE AVE,STONEGATE DR,STRAIGHT MOVEMENT ANGLE,CLEAR,DRY,DAYLIGHT,STOP SIGN,NONE DETECTED,No,No Apparent Injury,NOT DISTRACTED,MD,Passenger Car,45,2017.0,Hyun,SD,8,Wednesday,3
MCP33740048,25005725,MONTGOMERY,Injury Crash,2025-12-23 08:53:00,Other Public Roadway,LOGAN DR,LOGAN DR PERSIMMON TREE RD,Angle,Rain,Wet,Daylight,Stop Sign,"Not Suspect of Alcohol Use, Not Suspect of Drug Use",Yes,Suspected Minor Injury,Not Distracted,MD,Pickup,30,2022.0,Chevrolet,SILVERADO LTD,8,Tuesday,12
MCP93860037,16022189,Montgomery County Police,Injury Crash,2016-05-05 07:34:00,Maryland (State),CONNECTICUT AVE,DUNNEL LA,SAME DIRECTION SIDESWIPE,RAINING,WET,DAYLIGHT,NO CONTROLS,NONE DETECTED,No,No Apparent Injury,NOT DISTRACTED,MD,Passenger Car,35,2014.0,Toyota,CAMRY,7,Thursday,5
DD56050039,17011156,Rockville Police Departme,Property Damage Crash,2017-03-02 18:01:00,Municipality,TOWER OAKS BLVD,RAMP 9 FR TOWER OAKS BLVD TO RAMP 2,STRAIGHT MOVEMENT ANGLE,CLEAR,DRY,DAWN,TRAFFIC SIGNAL,NONE DETECTED,Yes,No Apparent Injury,LOOKED BUT DID NOT SEE,VA,Passenger Car,35,2013.0,Volvo,S60,18,Thursday,3
MCP29950015,16060969,Montgomery County Police,Injury Crash,2016-11-27 20:59:00,County,RANDOLPH RD,LIVINGSTON ST,SAME DIR REND RIGHT TURN,CLEAR,DRY,DARK LIGHTS ON,NO CONTROLS,NONE DETECTED,Yes,No Apparent Injury,NOT DISTRACTED,MD,Passenger Car,35,2010.0,Chevrolet,EXPRESS,20,Sunday,11
DD5611000W,16000618,Rockville Police Departme,Injury Crash,2016-01-04 17:36:00,Municipality,N WASHINGTON ST,MARTINS LA,SINGLE VEHICLE,CLEAR,DRY,DARK LIGHTS ON,TRAFFIC SIGNAL,NONE DETECTED,No,No Apparent Injury,NOT DISTRACTED,MD,"Other Light Trucks (10,000Lbs (4,536Kg) Or Less)",30,2012.0,Buic,4S,17,Monday,1
MCP271700NF,190020599,Montgomery County Police,Property Damage Crash,2019-05-02 12:20:00,Unknown,Unknown,Unknown,OTHER,CLEAR,Unknown,DAYLIGHT,NO CONTROLS,NONE DETECTED,Yes,No Apparent Injury,NOT DISTRACTED,MD,School Bus,0,2017.0,Thomas Built,SCHOOL BUS,12,Thursday,5
MCP3405000Q,250026133,MONTGOMERY,Injury Crash,2025-06-11 23:07:00,County Route,WISTERIA DR,Unknown,Single Vehicle,Clear,Dry,Dark - Lighted,No Controls,"Not Suspect of Alcohol Use, Not Suspect of Drug Use",No,Suspected Minor Injury,"Other Action (looking away from task, etc.)",MD,Passenger Car,30,2015.0,Mini,HARDTOP,23,Wednesday,6
MCP3084005W,220026411,Montgomery County Police,Injury Crash,2022-06-19 10:30:00,Maryland (State),CONNECTICUT AVE,VIRGILIA ST,SAME DIR REAR END,CLEAR,DRY,DAYLIGHT,NO CONTROLS,NONE DETECTED,Yes,No Apparent Injury,LOOKED BUT DID NOT SEE,MD,Passenger Car,25,2009.0,Honda,ACCORD,10,Sunday,6
MCP2286003R,210043373,Montgomery County Police,Injury Crash,2021-10-27 16:15:00,County,CRABBS BRANCH WAY,INDIANOLA DR,HEAD ON LEFT TURN,CLEAR,DRY,DAYLIGHT,TRAFFIC SIGNAL,NONE DETECTED,No,No Apparent Injury,NOT DISTRACTED,MD,Passenger Car,35,2005.0,Ford,MUSTANG,16,Wednesday,10
MCP2959002Z,170528783,Montgomery County Police,Injury Crash,2017-09-05 12:41:00,Maryland (State),GEORGIA AVE,ARCOLA AVE,HEAD ON LEFT TURN,CLEAR,DRY,DAYLIGHT,TRAFFIC SIGNAL,NONE DETECTED,Yes,Possible Injury,NOT DISTRACTED,MD,(Sport) Utility Vehicle,35,2003.0,Toyota,RAV-4,12,Tuesday,9
DM8503000R,220051652,Takoma Park Police Depart,Property Damage Crash,2022-11-19 16:54:00,Maryland (State),ETHAN ALLEN AVE,CARROLL AVE (BACK),SAME DIR REAR END,CLEAR,DRY,DUSK,TRAFFIC SIGNAL,Unknown,Yes,No Apparent Injury,UNKNOWN,Unknown,Passenger Car,10,2013.0,Acura,4S,16,Saturday,11
MCP2107000G,15020730,Montgomery County Police,Property Damage Crash,2015-05-02 11:36:00,US (State),COLUMBIA PIKE,STEWART LA,HEAD ON LEFT TURN,CLEAR,DRY,DAYLIGHT,TRAFFIC SIGNAL,NONE DETECTED,No,No Apparent Injury,NOT DISTRACTED,MD,Passenger Car,45,2009.0,Toyota,CAMRY,11,Saturday,5
MCP25630006,15038775,Montgomery County Police,Fatal Crash,2015-08-04 19:05:00,Maryland (State),DARNESTOWN RD,WHITES FERRY RD,HEAD ON,CLOUDY,WET,DAYLIGHT,NO CONTROLS,NONE DETECTED,Unknown,Suspected Minor Injury,UNKNOWN,MD,Passenger Car,50,2008.0,Honda,ACCORD,19,Tuesday,8
EJ7829003T,170547988,Gaithersburg Police Depar,Property Damage Crash,2017-12-11 19:01:00,County,GAME PRESERVE RD,CLOPPER RD,HEAD ON LEFT TURN,CLEAR,DRY,DARK NO LIGHTS,NO CONTROLS,NONE DETECTED,No,No Apparent Injury,NOT DISTRACTED,MD,Passenger Car,30,2016.0,Sub,SUV,19,Monday,12
MCP31130076,250037100,MONTGOMERY,Property Damage Crash,2025-08-19 17:45:00,County Route,Unknown,Unknown,"Sideswipe, Same Direction",Clear,Dry,Daylight,No Controls,"Not Suspect of Alcohol Use, Not Suspect of Drug Use",No,No Apparent Injury,Not Distracted,MD,Passenger Car,30,2017.0,Lexus,ES,17,Tuesday,8
DD56250014,180050617,Rockville Police Departme,Injury Crash,2018-10-10 06:40:00,Unknown,Unknown,Unknown,OTHER,CLEAR,Unknown,DAWN,Unknown,Unknown,Unknown,No Apparent Injury,NOT DISTRACTED,MD,Passenger Car,5,2012.0,Toyt,4S,6,Wednesday,10
MCP2686004Z,210026463,Montgomery County Police,Property Damage Crash,2021-07-09 21:11:00,Other Public Roadway,CRYSTAL ROCK DR,BLACK SADDLE LA,SAME DIR REAR END,CLEAR,DRY,DARK LIGHTS ON,Unknown,NONE DETECTED,Yes,No Apparent Injury,NOT DISTRACTED,MD,Pickup Truck,30,2021.0,Toyota,TACOMA,21,Friday,7
MCP2812001F,15050487,MONTGOMERY,Injury Crash,2015-10-05 18:40:00,Maryland (State),GEORGIA AVE,CEDAR VIEW CT,SAME DIR REAR END,CLEAR,DRY,DAYLIGHT,NO CONTROLS,Unknown,No,No Apparent Injury,NOT DISTRACTED,MD,Passenger Car,35,1997.0,Toyt,4S,18,Monday,10
MCP34380011,250039744,MONTGOMERY,Injury Crash,2025-09-05 05:21:00,County Route,ROCKLEDGE DR,ROCK SPRING DR,Rear To Side,Clear,Dry,Dark - Lighted,Flashing Traffic Control Signal,"Not Suspect of Alcohol Use, Not Suspect of Drug Use",Yes,Suspected Minor Injury,Not Distracted,MD,Passenger Car,30,2024.0,Toyota,RAV4,5,Friday,9
MCP2072001N,170514232,Montgomery County Police,Property Damage Crash,2017-06-17 13:30:00,Maryland (State),FREDERICK RD,GERMANTOWN RD,SAME DIR REAR END,CLOUDY,DRY,DAYLIGHT,Unknown,Unknown,No,No Apparent Injury,NOT DISTRACTED,MD,Passenger Car,30,2003.0,Hond,TK,13,Saturday,6
MCP93860052,170538915,Montgomery County Police,Property Damage Crash,2017-10-26 08:30:00,Unknown,Unknown,Unknown,SAME DIR REAR END,CLOUDY,Unknown,DAYLIGHT,NO CONTROLS,NONE DETECTED,Yes,No Apparent Injury,UNKNOWN,MD,Passenger Car,25,2016.0,Lexus,RX350,8,Thursday,10
EJ7887004C,240025969,GAITHERSBURG,Property Damage Crash,2024-05-30 19:00:00,Unknown,Unknown,Unknown,Other,Clear,Unknown,Daylight,Unknown,"Unknown, Unknown",No,Unknown,Unknown,Unknown,Passenger Car,0,2010.0,Toyota,COROLLA,19,Thursday,5
MCP3246000F,200040091,Montgomery County Police,Injury Crash,2020-10-11 23:55:00,Maryland (State),CONNECTICUT AVE,VEIRS MILL RD,STRAIGHT MOVEMENT ANGLE,RAINING,WET,DARK LIGHTS ON,TRAFFIC SIGNAL,NONE DETECTED,Yes,No Apparent Injury,NOT DISTRACTED,MD,Passenger Car,45,2003.0,Toyota,TK,23,Sunday,10
DD5606001W,15014713,Rockville Police Departme,Property Damage Crash,2015-03-31 08:04:00,Municipality,CHURCH ST,ROCKVILLE PIKE,SAME DIRECTION SIDESWIPE,CLEAR,Unknown,DAYLIGHT,TRAFFIC SIGNAL,NONE DETECTED,Unknown,No Apparent Injury,NOT DISTRACTED,MD,Passenger Car,25,2014.0,Bmw,CN,8,Tuesday,3
MCP28520016,170515500,Montgomery County Police,Property Damage Crash,2017-06-24 04:56:00,County,RIDGE RD,OBSERVATION DR,SAME DIR REAR END,RAINING,WET,DARK LIGHTS ON,TRAFFIC SIGNAL,NONE DETECTED,No,No Apparent Injury,NOT DISTRACTED,MD,Passenger Car,45,2012.0,Kia,4S,4,Saturday,6
MCP3154002H,210039104,Montgomery County Police,Injury Crash,2021-10-02 08:35:00,County,KINGS CROSSING BLVD,CORNFLOWER RD,SAME DIR REAR END,CLEAR,DRY,DAYLIGHT,NO CONTROLS,NONE DETECTED,Yes,Suspected Minor Injury,USING OTHER DEVICE CONTROLS INTEGRAL TO VEHICLE,MD,Passenger Car,25,2008.0,Lexus,RX350,8,Saturday,10
MCP10200024,16062977,Montgomery County Police,Injury Crash,2016-12-08 08:02:00,Maryland (State),WOODFIELD RD,SUNNYACRES RD,SINGLE VEHICLE,CLEAR,DRY,DAYLIGHT,NO CONTROLS,NONE DETECTED,Yes,Possible Injury,NOT DISTRACTED,MD,(Sport) Utility Vehicle,35,2007.0,Toyota,RAV 4,8,Thursday,12
MCP3099002J,200048672,Montgomery County Police,Property Damage Crash,2020-12-10 14:50:00,Unknown,Unknown,Unknown,OTHER,CLEAR,Unknown,DAYLIGHT,NO CONTROLS,Unknown,No,No Apparent Injury,NOT DISTRACTED,TX,Passenger Car,0,2017.0,Honda,TK,14,Thursday,12
MCP243600GT,230030382,Montgomery County Police,Property Damage Crash,2023-06-25 12:30:00,County,CARROLL AVE,OSAGE ST,ANGLE MEETS LEFT TURN,CLEAR,DRY,DAYLIGHT,STOP SIGN,NONE DETECTED,No,No Apparent Injury,NOT DISTRACTED,MD,Passenger Car,30,2001.0,Toyota,CAMRY,12,Sunday,6
MCP2708008L,230072099,Montgomery County Police,Property Damage Crash,2023-12-16 18:54:00,County,RUATAN ST,11TH AVE,STRAIGHT MOVEMENT ANGLE,CLEAR,DRY,DARK LIGHTS ON,STOP SIGN,NONE DETECTED,Yes,No Apparent Injury,LOOKED BUT DID NOT SEE,MD,(Sport) Utility Vehicle,25,2017.0,Toyota,RAV4,18,Saturday,12
MCP2737001R,16030148,Montgomery County Police,Injury Crash,2016-06-15 00:16:00,Unknown,Unknown,Unknown,OTHER,CLEAR,Unknown,DARK LIGHTS ON,Unknown,NONE DETECTED,No,No Apparent Injury,NOT DISTRACTED,MD,Passenger Car,10,2014.0,Kia,OPTIMA,0,Wednesday,6
MCP2772000W,15052603,MONTGOMERY,Injury Crash,2015-10-16 19:42:00,County,SEVEN LOCKS RD,GREENTREE RD,SAME DIR REAR END,CLEAR,DRY,DARK LIGHTS ON,NO CONTROLS,Unknown,No,No Apparent Injury,NOT DISTRACTED,MD,Passenger Car,35,2014.0,Jeep,WRANGLER,19,Friday,10
MCP32900035,240029690,MONTGOMERY,Property Damage Crash,2024-06-23 06:33:00,US (State),COLESVILLE RD,Unknown,Front to Rear,Clear,Dry,Daylight,Traffic Control Signal,"Not Suspect of Alcohol Use, Not Suspect of Drug Use",Yes,No Apparent Injury,Unknown,MD,Sport Utility Vehicle,35,2004.0,Acura,MDX,6,Sunday,6
MCP10990041,210046186,Montgomery County Police,Property Damage Crash,2021-11-14 14:43:00,Unknown,Unknown,Unknown,SINGLE VEHICLE,CLEAR,Unknown,DAYLIGHT,Unknown,Unknown,Yes,No Apparent Injury,LOOKED BUT DID NOT SEE,MD,Fire Vehicle/Emergency,25,2016.0,Ford,F150,14,Sunday,11
MCP30800052,240045787,MONTGOMERY,Injury Crash,2024-09-25 15:58:00,Maryland (State) Route,Unknown,Unknown,Other,Rain,Wet,Daylight,Traffic Control Signal,"Not Suspect of Alcohol Use, Not Suspect of Drug Use",No,Suspected Minor Injury,Not Distracted,MD,Passenger Car,40,2007.0,Toyota,86,15,Wednesday,9
MCP2812005Q,200046879,Montgomery County Police,Property Damage Crash,2020-11-27 20:24:00,County,WAYNE AVE,FENTON ST,SAME DIRECTION SIDESWIPE,CLEAR,DRY,DARK LIGHTS ON,NO CONTROLS,NONE DETECTED,No,No Apparent Injury,NOT DISTRACTED,DC,Passenger Car,35,2016.0,Toyota,CAMRY,20,Friday,11
MCP15640056,210013085,Montgomery County Police,Injury Crash,2021-04-08 08:25:00,Maryland (State),GEORGIA AVE,QUEEN MARY DR,HEAD ON LEFT TURN,CLEAR,DRY,DAYLIGHT,NO CONTROLS,NONE DETECTED,No,Suspected Minor Injury,NOT DISTRACTED,MD,Passenger Car,30,2006.0,Honda,CIVIC,8,Thursday,4
MCP1048001M,16021081,Montgomery County Police,Injury Crash,2016-04-29 10:15:00,Maryland (State),W MONTGOMERY AVE,HURLEY AVE,STRAIGHT MOVEMENT ANGLE,CLOUDY,WET,DAYLIGHT,TRAFFIC SIGNAL,Unknown,No,Possible Injury,NOT DISTRACTED,MD,Passenger Car,35,2010.0,Hyun,4S,10,Friday,4
MCP2962003C,180064421,Montgomery County Police,Injury Crash,2018-12-25 08:23:00,Maryland (State),GERMANTOWN RD,RAMP 8 FR IS 270 SB TO MD 118 WB,SAME DIRECTION SIDESWIPE,CLOUDY,DRY,DAYLIGHT,NO CONTROLS,NONE DETECTED,No,Possible Injury,NOT DISTRACTED,MD,Passenger Car,40,2009.0,Honda,CIVIC,8,Tuesday,12
MCP26350023,15023073,Montgomery County Police,Property Damage Crash,2015-05-14 15:39:00,Maryland (State),OLNEY LAYTONSVILLE RD,ZION RD,STRAIGHT MOVEMENT ANGLE,CLEAR,DRY,DAYLIGHT,STOP SIGN,Unknown,Yes,No Apparent Injury,LOOKED BUT DID NOT SEE,MD,Passenger Car,45,2005.0,Mercury,SABLE,15,Thursday,5
MCP2469000C,15003386,Montgomery County Police,Property Damage Crash,2015-01-21 13:06:00,US (State),COLUMBIA PIKE,BRIGGS CHANEY RD,STRAIGHT MOVEMENT ANGLE,BLOWING SNOW,SNOW,DAYLIGHT,TRAFFIC SIGNAL,UNKNOWN,Yes,No Apparent Injury,UNKNOWN,Unknown,Passenger Car,35,2004.0,Cadillac,ESCALADE,13,Wednesday,1
MCP2509000V,15050257,MONTGOMERY,Injury Crash,2015-10-04 13:22:00,Maryland (State),UNIVERSITY BLVD W,BRUNETT AVE,STRAIGHT MOVEMENT ANGLE,CLEAR,DRY,DAYLIGHT,NO CONTROLS,NONE DETECTED,Yes,No Apparent Injury,LOOKED BUT DID NOT SEE,MD,Passenger Car,40,2012.0,Toyt,CAMRY,13,Sunday,10
MCP3362001Y,230057232,Montgomery County Police,Property Damage Crash,2023-09-28 08:20:00,Unknown,Unknown,Unknown,SINGLE VEHICLE,CLEAR,Unknown,DAWN,NO CONTROLS,NONE DETECTED,Yes,No Apparent Injury,NOT DISTRACTED,MD,School Bus,25,2012.0,Thomas,BUS,8,Thursday,9
MCP3037004S,230015036,Montgomery County Police,Property Damage Crash,2023-03-28 17:50:00,County,RIDGE RD,OBSERVATION DR,SAME DIRECTION SIDESWIPE,CLEAR,DRY,DAYLIGHT,TRAFFIC SIGNAL,NONE DETECTED,Yes,No Apparent Injury,LOOKED BUT DID NOT SEE,MD,Passenger Car,40,2000.0,Toyota,CAMRY,17,Tuesday,3
DD5583008X,240025242,ROCKVILLE,Injury Crash,2024-05-28 15:12:00,Municipality Route,REDLAND BLVD,Unknown,Other,Clear,Dry,Daylight,Traffic Control Signal,"Not Suspect of Alcohol Use, Not Suspect of Drug Use",No,Suspected Serious Injury,Not Distracted,MD,Passenger Car,40,2001.0,Lexus,ES,15,Tuesday,5
MCP2680002Q,180044563,Montgomery County Police,Property Damage Crash,2018-09-06 17:28:00,Maryland (State),EAST WEST HWY,BLAIR MILL RD,SAME DIRECTION SIDESWIPE,CLEAR,DRY,DAYLIGHT,TRAFFIC SIGNAL,ALCOHOL PRESENT,Yes,No Apparent Injury,NOT DISTRACTED,MD,Passenger Car,35,2012.0,Toyota,PRIUS,17,Thursday,9
MCP3113003D,210043051,Montgomery County Police,Property Damage Crash,2021-10-26 08:25:00,US (State),COLUMBIA PIKE,STEWART LA,SAME DIR REAR END,Unknown,DRY,DAYLIGHT,TRAFFIC SIGNAL,Unknown,Yes,No Apparent Injury,DISTRACTED BY OUTSIDE PERSON OBJECT OR EVENT,MD,Passenger Car,40,2017.0,Honda,CIVIC,8,Tuesday,10
MCP2826000T,15057388,MONTGOMERY,Property Damage Crash,2015-11-10 17:25:00,County,EASTWOOD AVE,SOUTHWOOD AVE,SAME DIR REAR END,RAINING,WET,DARK LIGHTS ON,YIELD SIGN,UNKNOWN,Yes,No Apparent Injury,NOT DISTRACTED,MD,Passenger Car,15,2010.0,Acura,4S,17,Tuesday,11
MCP2610001N,180063656,Montgomery County Police,Property Damage Crash,2018-12-20 19:00:00,County,MEDICAL CENTER WAY,MEDICAL CENTER DR,STRAIGHT MOVEMENT ANGLE,RAINING,WET,DARK LIGHTS ON,STOP SIGN,NONE DETECTED,No,No Apparent Injury,NOT DISTRACTED,MD,(Sport) Utility Vehicle,30,2018.0,Chev,EQUINOX,19,Thursday,12
MCP26150021,170520754,Montgomery County Police,Property Damage Crash,2017-07-23 19:18:00,US (State),COLUMBIA PIKE,GREENCASTLE RD,SAME DIR REAR END,CLOUDY,WET,DAYLIGHT,TRAFFIC SIGNAL,Unknown,Yes,No Apparent Injury,NOT DISTRACTED,MD,Passenger Car,50,2007.0,Nissan,VERSA,19,Sunday,7
MCP2844003M,190018881,Montgomery County Police,Injury Crash,2019-04-22 18:50:00,Maryland (State),CONNECTICUT AVE,CAREY ST,SAME DIR REAR END,CLEAR,DRY,DAYLIGHT,NO CONTROLS,NONE DETECTED,Yes,No Apparent Injury,LOOKED BUT DID NOT SEE,MD,Passenger Car,40,2017.0,Honda,HR-V,18,Monday,4
MCP2904002M,16050179,Montgomery County Police,Property Damage Crash,2016-09-29 23:10:00,Maryland (State),PINEY BRANCH RD,UNIVERSITY BLVD E,SAME DIR REAR END,RAINING,WET,DARK LIGHTS ON,TRAFFIC SIGNAL,ALCOHOL PRESENT,Yes,No Apparent Injury,UNKNOWN,MD,Passenger Car,35,2009.0,Honda,CRV,23,Thursday,9
MCP1502000S,16022815,Montgomery County Police,Property Damage Crash,2016-05-08 10:04:00,Maryland (State),WOODFIELD RD,FLOWER HILL WAY,STRAIGHT MOVEMENT ANGLE,CLEAR,DRY,DAYLIGHT,OTHER,NONE DETECTED,Yes,No Apparent Injury,NOT DISTRACTED,MD,Passenger Car,35,1997.0,Honda,ACCORD,10,Sunday,5
MCP1194001C,15051331,MONTGOMERY,Property Damage Crash,2015-10-09 20:59:00,Maryland (State),RIVER RD,BRADLEY BLVD,SAME DIR REAR END,RAINING,WET,DARK LIGHTS ON,TRAFFIC SIGNAL,NONE DETECTED,Yes,No Apparent Injury,NOT DISTRACTED,MD,Passenger Car,40,2005.0,Acura,4DOOR,20,Friday,10
MCP2847001Y,170508220,Montgomery County Police,Injury Crash,2017-05-17 03:00:00,County,PARKLAND DR,JUPITER ST,OTHER,CLEAR,DRY,DARK LIGHTS ON,NO CONTROLS,ALCOHOL CONTRIBUTED,Yes,Possible Injury,UNKNOWN,MD,Van,25,2015.0,Ford,TRANSIT VAN,3,Wednesday,5
MCP2565003L,16064411,Montgomery County Police,Property Damage Crash,2016-12-15 17:32:00,Maryland (State),BRADLEY BLVD,PEMBROKE RD,SAME DIR REAR END,CLEAR,DRY,DARK LIGHTS ON,NO CONTROLS,NONE DETECTED,Yes,No Apparent Injury,NOT DISTRACTED,MD,Passenger Car,35,2014.0,Subaru,IMPREZA,17,Thursday,12
MCP2761001D,16053211,Montgomery County Police,Property Damage Crash,2016-10-16 15:20:00,Maryland (State),CLOPPER RD,METZ DR,SAME DIR REAR END,CLEAR,DRY,DAYLIGHT,NO CONTROLS,NONE DETECTED,No,No Apparent Injury,NOT DISTRACTED,MD,Pickup Truck,35,2002.0,Chev,TK,15,Sunday,10
MCP26390036,180007910,Montgomery County Police,Injury Crash,2018-02-15 11:23:00,Maryland (State),CONNECTICUT AVE,KNOWLES AVE,HEAD ON LEFT TURN,CLOUDY,WET,DAYLIGHT,TRAFFIC SIGNAL,NONE DETECTED,Yes,Possible Injury,NOT DISTRACTED,DC,Passenger Car,35,2010.0,Hyundai,ELANTRA,11,Thursday,2
MCP312900DB,250037279,MONTGOMERY,Injury Crash,2025-08-20 20:00:00,Maryland (State) Route,UNIVERSITY BLVD W,Unknown,Front to Rear,Clear,Dry,Dark - Lighted,No Controls,"Not Suspect of Alcohol Use, Not Suspect of Drug Use",Yes,No Apparent Injury,Not Distracted,MD,Passenger Car,35,2008.0,Honda,CIVIC,20,Wednesday,8
MCP2923002X,170507228,Montgomery County Police,Property Damage Crash,2017-05-11 13:44:00,County,RANDOLPH RD,MIDDLEVALE LA,OTHER,RAINING,WET,DAYLIGHT,TRAFFIC SIGNAL,NONE DETECTED,Yes,No Apparent Injury,NOT DISTRACTED,MD,Passenger Car,35,2007.0,Toyota,CAMRY,13,Thursday,5
MCP2298006K,15052546,MONTGOMERY,Property Damage Crash,2015-10-16 13:55:00,Interstate (State),EISENHOWER MEMORIAL HWY,EXIT #16,SAME DIRECTION SIDESWIPE,CLEAR,DRY,DAYLIGHT,NO CONTROLS,NONE DETECTED,No,No Apparent Injury,NOT DISTRACTED,MD,(Sport) Utility Vehicle,55,2015.0,Acur,MCDX,13,Friday,10
MCP26860071,240020347,MONTGOMERY,Injury Crash,2024-05-01 15:40:00,Unknown,Unknown,Unknown,Front to Rear,Clear,Unknown,Daylight,Unknown,"Not Suspect of Alcohol Use, Not Suspect of Drug Use",No,Possible Injury,Not Distracted,MD,Passenger Car,0,2000.0,Toyota,CAMRY,15,Wednesday,5
MCP102200D0,190044494,Montgomery County Police,Property Damage Crash,2019-09-17 10:43:00,Maryland (State),GREAT SENECA HWY,LEAMAN FARM RD,SAME DIRECTION RIGHT TURN,CLOUDY,DRY,DAYLIGHT,NO CONTROLS,NONE DETECTED,Yes,No Apparent Injury,NOT DISTRACTED,MD,(Sport) Utility Vehicle,45,2018.0,Toyota,HIGHLANDER,10,Tuesday,9
MCP2966000C,15021048,Montgomery County Police,Property Damage Crash,2015-05-04 10:27:00,County,HENDERSON AVE,GALT AVE,SAME DIR REAR END,CLEAR,DRY,DAYLIGHT,NO CONTROLS,Unknown,No,No Apparent Injury,NOT DISTRACTED,MD,Pickup Truck,30,2012.0,Gmc,SERRIA,10,Monday,5
MCP3010000Z,16024894,Montgomery County Police,Injury Crash,2016-05-19 15:24:00,Maryland (State),CONNECTICUT AVE,RAMP 3 FR IS 495 EB TO MD 185 NB,SAME DIR REAR END,CLEAR,Unknown,DAYLIGHT,NO CONTROLS,Unknown,No,Possible Injury,NOT DISTRACTED,MD,Pickup Truck,40,2002.0,Chev,TK,15,Thursday,5
MCP2853001C,15058333,MONTGOMERY,Property Damage Crash,2015-11-07 16:00:00,Maryland (State),NEW HAMPSHIRE AVE,ADELPHI RD,SAME DIR REAR END,UNKNOWN,UNKNOWN,DUSK,TRAFFIC SIGNAL,Unknown,No,No Apparent Injury,NOT DISTRACTED,DC,Passenger Car,40,2011.0,Toyota,COROLLA,16,Saturday,11
MCP32060014,190054488,Montgomery County Police,Injury Crash,2019-11-12 09:15:00,Maryland (State),SANDY SPRING RD,DINO DR,STRAIGHT MOVEMENT ANGLE,CLOUDY,WET,DAYLIGHT,TRAFFIC SIGNAL,NONE DETECTED,Yes,Possible Injury,UNKNOWN,MD,Van,45,2003.0,Ford,VAN,9,Tuesday,11
MCP2889001Z,16060479,Montgomery County Police,Injury Crash,2016-11-24 19:39:00,Maryland (State),UNIVERSITY BLVD W,KERWIN RD,STRAIGHT MOVEMENT ANGLE,CLEAR,DRY,DARK LIGHTS ON,Unknown,NONE DETECTED,No,No Apparent Injury,NOT DISTRACTED,MD,Passenger Car,35,2003.0,Ford,TRUCK,19,Thursday,11
MCP2686003L,190035998,Montgomery County Police,Property Damage Crash,2019-07-28 17:47:00,County,MATENY RD,POINT SENECA PL,SAME DIR REAR END,CLEAR,DRY,DAYLIGHT,Unknown,ALCOHOL PRESENT,Yes,No Apparent Injury,TALKING OR LISTENING TO CELLULAR PHONE,MD,(Sport) Utility Vehicle,30,2013.0,Ford,ESCAPE,17,Sunday,7