Report Number,Local Case Number,Agency Name,ACRS Report Type,Crash Date/Time,Route Type,Road Name,Cross-Street Name,Collision Type,Weather,Surface Condition,Light,Traffic Control,Driver Substance Abuse,Driver At Fault,Injury Severity,Driver Distracted By,Drivers License State,Vehicle Body Type,Speed Limit,Vehicle Year,Vehicle Make,Vehicle Model,Crash Hour,Crash Day,Crash Month
DD5601004B,180053824,Rockville Police Departme,Injury Crash,2018-10-27 13:15:00,Municipality,WOOTTON PKWY,FLEET ST,SAME DIRECTION SIDESWIPE,RAINING,WET,DAYLIGHT,NO CONTROLS,Unknown,No,No Apparent Injury,NOT DISTRACTED,VA,Passenger Car,30,2005.0,Niss,4S,13,Saturday,10
DD5653003Z,240054758,ROCKVILLE,Property Damage Crash,2024-11-14 21:45:00,Municipality Route,TALBOTT ST,ROCKVILLE PIKE,Front to Rear,Rain,Wet,Dark - Lighted,No Controls,"Not Suspect of Alcohol Use, Not Suspect of Drug Use",No,No Apparent Injury,Unknown,MD,Passenger Car,35,2022.0,Nissan,SENTRA,21,Thursday,11
MCP32280013,200028809,Montgomery County Police,Property Damage Crash,2020-07-24 21:45:00,County,GILBERT ST,HOOD ST,STRAIGHT MOVEMENT ANGLE,CLEAR,DRY,DARK LIGHTS ON,STOP SIGN,ALCOHOL PRESENT,Yes,No Apparent Injury,UNKNOWN,MD,Passenger Car,25,2009.0,Toyota,CAMRY,21,Friday,7
MCP26890043,170549709,Montgomery County Police,Injury Crash,2017-12-20 12:10:00,County,E JEFFERSON ST,CALIFORNIA CIR,STRAIGHT MOVEMENT ANGLE,CLOUDY,DRY,DAYLIGHT,NO CONTROLS,NONE DETECTED,Yes,No Apparent Injury,UNKNOWN,MD,Passenger Car,35,2014.0,Lincoln,MKT,12,Wednesday,12
EJ7908000L,240049713,GAITHERSBURG,Property Damage Crash,2024-10-17 16:16:00,Municipality Route,OLDE TOWNE AVE,Unknown,Front to Front,Clear,Dry,Daylight,No Controls,"Not Suspect of Alcohol Use, Not Suspect of Drug Use",Yes,No Apparent Injury,Not Distracted,MD,Passenger Car,25,2017.0,Audi,Q7,16,Thursday,10
MCP2639006T,190021263,Montgomery County Police,Property Damage Crash,2019-05-06 10:36:00,County,GLENALLAN AVE,RANDOLPH RD,SAME DIRECTION SIDESWIPE,CLEAR,DRY,DAYLIGHT,NO CONTROLS,NONE DETECTED,Yes,No Apparent Injury,ADJUSTING AUDIO AND OR CLIMATE CONTROLS,MD,Passenger Car,30,2011.0,Hyundai,SONATA,10,Monday,5
MCP3197001K,200035078,Montgomery County Police,Injury Crash,2020-09-07 19:19:00,Unknown,Unknown,Unknown,SAME DIRECTION SIDESWIPE,CLEAR,Unknown,DUSK,NO CONTROLS,NONE DETECTED,Yes,No Apparent Injury,LOOKED BUT DID NOT SEE,MD,Passenger Car,15,2020.0,Toyota,COAROLLA,19,Monday,9
MCP2358000V,15022829,Montgomery County Police,Property Damage Crash,2015-05-13 11:15:00,Maryland (State),RIVER RD,BRADLEY BLVD,OTHER,CLEAR,DRY,DAYLIGHT,TRAFFIC SIGNAL,NONE DETECTED,Yes,No Apparent Injury,NOT DISTRACTED,MD,Transit Bus,40,2013.0,Gill,BUS,11,Wednesday,5
MCP2565002W,16021892,Montgomery County Police,Injury Crash,2016-05-03 18:46:00,County,NICHOLSON LA,SPUR TO NEBEL ST,HEAD ON LEFT TURN,RAINING,WET,Unknown,NO CONTROLS,NONE DETECTED,No,No Apparent Injury,NOT DISTRACTED,MD,(Sport) Utility Vehicle,35,2012.0,Chevy,SUBURBAN,18,Tuesday,5
MCP3112005P,210049341,Montgomery County Police,Injury Crash,2021-12-05 09:10:00,Maryland (State),BRADLEY BLVD,FAIRFAX RD,OTHER,CLEAR,DRY,DAYLIGHT,TRAFFIC SIGNAL,NONE DETECTED,Yes,No Apparent Injury,LOOKED BUT DID NOT SEE,NJ,Passenger Car,25,2017.0,Nissan,SENTRA,9,Sunday,12
MCP25860037,170528067,Montgomery County Police,Injury Crash,2017-08-31 20:49:00,US (State),COLUMBIA PIKE,GREENCASTLE RD,HEAD ON LEFT TURN,CLEAR,DRY,DARK LIGHTS ON,TRAFFIC SIGNAL,NONE DETECTED,Unknown,Suspected Minor Injury,UNKNOWN,MD,Passenger Car,50,2006.0,Bmw,325I,20,Thursday,8
MCP3192002K,220005739,Montgomery County Police,Property Damage Crash,2022-02-09 19:35:00,Maryland (State),UNIVERSITY BLVD W,GEORGIA AVE,STRAIGHT MOVEMENT ANGLE,CLEAR,DRY,DARK LIGHTS ON,TRAFFIC SIGNAL,NONE DETECTED,No,No Apparent Injury,NOT DISTRACTED,MD,Passenger Car,35,2017.0,Toyota,CAMRY,19,Wednesday,2
MCP1210001W,170516036,Montgomery County Police,Injury Crash,2017-06-27 15:47:00,Interstate (State),EISENHOWER MEMORIAL HWY,R/R #CSX 140 510 N,SAME DIR REAR END,CLEAR,DRY,DAYLIGHT,Unknown,NONE DETECTED,No,Suspected Minor Injury,NOT DISTRACTED,PA,Passenger Car,55,2014.0,Dodge,CHARGER,15,Tuesday,6
MCP29070024,190045379,Montgomery County Police,Property Damage Crash,2019-09-22 05:20:00,County,CHEVY CHASE LAKE DR,CONNECTICUT AVE,SINGLE VEHICLE,CLEAR,DRY,DARK LIGHTS ON,TRAFFIC SIGNAL,NONE DETECTED,Yes,No Apparent Injury,NOT DISTRACTED,DC,Passenger Car,35,2017.0,Nissan,SENTRA,5,Sunday,9
MCP27600048,230058529,Montgomery County Police,Injury Crash,2023-10-04 16:39:00,Maryland (State),MONTGOMERY VILLAGE AVE,FREDERICK RD,SAME DIR REAR END,CLEAR,DRY,DAYLIGHT,YIELD SIGN,Unknown,No,No Apparent Injury,NOT DISTRACTED,MD,Passenger Car,35,2008.0,Hond,CP,16,Wednesday,10
MCP2356000T,180036708,Montgomery County Police,Property Damage Crash,2018-07-24 18:00:00,Municipality,FALLSGROVE DR,OAK KNOLL DR,SAME DIRECTION LEFT TURN,RAINING,WET,DAYLIGHT,Unknown,NONE DETECTED,Yes,No Apparent Injury,NOT DISTRACTED,MD,Transit Bus,25,2009.0,Gillig,BUS,18,Tuesday,7
MCP2622004J,240057005,MONTGOMERY,Property Damage Crash,2024-11-27 18:02:00,Unknown,Unknown,Unknown,Angle,Clear,Unknown,Dark - Lighted,Unknown,"Not Suspect of Alcohol Use, Not Suspect of Drug Use",No,No Apparent Injury,Not Distracted,MD,Passenger Car,0,2019.0,Ford,TRANSIT,18,Wednesday,11
MCP9386004Y,170521406,Montgomery County Police,Property Damage Crash,2017-07-27 08:20:00,Maryland (State),WILSON LA,WHITTIER BLVD,STRAIGHT MOVEMENT ANGLE,CLOUDY,DRY,DAYLIGHT,STOP SIGN,NONE DETECTED,Yes,No Apparent Injury,LOOKED BUT DID NOT SEE,MD,"Medium/Heavy Trucks 3 Axles (Over 10,000Lbs (4,536Kg))",35,2008.0,International,TRUCK,8,Thursday,7
MCP3097002V,220048757,Montgomery County Police,Property Damage Crash,2022-11-05 03:09:00,County,CARROLL AVE,UNIVERSITY BLVD E,SINGLE VEHICLE,Unknown,DRY,DARK LIGHTS ON,TRAFFIC SIGNAL,NONE DETECTED,Yes,No Apparent Injury,LOOKED BUT DID NOT SEE,MD,Passenger Car,30,2017.0,Nissan,ROGUE,3,Saturday,11
MCP9301001S,170538314,Montgomery County Police,Property Damage Crash,2017-10-23 13:30:00,County,SHADY GROVE RD,CORPORATE BLVD,SAME DIR REAR END,Unknown,DRY,DAYLIGHT,TRAFFIC SIGNAL,Unknown,No,No Apparent Injury,NOT DISTRACTED,MD,"Other Light Trucks (10,000Lbs (4,536Kg) Or Less)",35,2014.0,Frht,TK,13,Monday,10
MCP292300C6,240021614,MONTGOMERY,Property Damage Crash,2024-05-08 08:07:00,County Route,FERRARA AVE,Unknown,"Sideswipe, Same Direction",Clear,Dry,Daylight,Traffic Control Signal,"Not Suspect of Alcohol Use, Not Suspect of Drug Use",No,No Apparent Injury,Not Distracted,MD,Bus - Transit,35,2013.0,New Flyer,XCELSIOR,8,Wednesday,5
MCP0539004C,180020564,Montgomery County Police,Property Damage Crash,2018-04-27 08:38:00,County,BEL PRE RD,HOMECREST RD,SAME DIRECTION SIDESWIPE,CLOUDY,WET,DAYLIGHT,TRAFFIC SIGNAL,NONE DETECTED,Yes,No Apparent Injury,NOT DISTRACTED,MD,Ambulance/Emergency,35,2016.0,Grht,AMBULANCE,8,Friday,4
MCP137800S0,190042400,Montgomery County Police,Injury Crash,2019-09-04 16:58:00,Maryland (State),MUNCASTER MILL RD,IVY OAK DR,SAME DIR REAR END,CLOUDY,DRY,DAYLIGHT,WARNING SIGN,NONE DETECTED,No,Suspected Minor Injury,NOT DISTRACTED,MD,Pickup Truck,35,2017.0,Ford,F150,16,Wednesday,9
MCP29460028,17012480,Montgomery County Police,Property Damage Crash,2017-03-09 16:45:00,County,SNOUFFERS SCHOOL RD,GOSHEN RD,SAME DIR REAR END,CLEAR,DRY,DAYLIGHT,TRAFFIC SIGNAL,NONE DETECTED,No,No Apparent Injury,NOT DISTRACTED,MD,Van,35,2012.0,Honda,ODYSSEY,16,Thursday,3
MCP1099001J,170523459,Montgomery County Police,Property Damage Crash,2017-08-07 10:44:00,County,AIRPARK RD,MUNCASTER MILL RD,SINGLE VEHICLE,RAINING,WET,DAYLIGHT,NO CONTROLS,Unknown,No,No Apparent Injury,NOT DISTRACTED,MD,Passenger Car,45,1996.0,Lexu,4S,10,Monday,8
EJ7873001W,190052397,Gaithersburg Police Depar,Property Damage Crash,2019-10-31 11:15:00,County,DIAMONDBACK DR,MUDDY BRANCH RD,SAME DIR REAR END,RAINING,WET,DAYLIGHT,TRAFFIC SIGNAL,NONE DETECTED,Yes,No Apparent Injury,LOOKED BUT DID NOT SEE,MD,Passenger Car,25,2017.0,Mitsu,MIRAGE,11,Thursday,10
MCP3059008W,250042194,MONTGOMERY,Property Damage Crash,2025-09-18 20:30:00,County Route,BUSHEY DR,Unknown,Other,Unknown,Unknown,Unknown,Stop Sign,"Unknown, Unknown",No,No Apparent Injury,Unknown,Unknown,Passenger Car,25,2018.0,Toyota,CAMRY,20,Thursday,9
DD561500CL,220023561,Rockville Police Departme,Injury Crash,2022-06-02 09:00:00,Unknown,Unknown,Unknown,SINGLE VEHICLE,CLEAR,Unknown,DAYLIGHT,NO CONTROLS,NONE DETECTED,Yes,No Apparent Injury,LOOKED BUT DID NOT SEE,MD,Passenger Car,20,2004.0,Hond,ACCORD,9,Thursday,6
MCP2376001K,250047588,MONTGOMERY,Injury Crash,2025-10-23 05:30:00,Maryland (State) Route,Unknown,Unknown,Front to Rear,Clear,Dry,Dark - Lighted,Traffic Control Signal,"Not Suspect of Alcohol Use, Not Suspect of Drug Use",Yes,No Apparent Injury,Unknown,MD,Van - Passenger (&Lt;9 Seats),30,2001.0,Toyota,SIENNA,5,Thursday,10
MCP93010036,200005151,Montgomery County Police,Injury Crash,2020-01-31 14:00:00,Municipality,KENTLANDS BLVD,MARKET ST,SAME DIR REAR END,CLOUDY,DRY,DAYLIGHT,STOP SIGN,Unknown,No,Possible Injury,NOT DISTRACTED,MD,Passenger Car,30,2016.0,Toyt,PRIUS,14,Friday,1
MCP3113001F,190019249,Montgomery County Police,Property Damage Crash,2019-04-24 17:20:00,Unknown,Unknown,Unknown,ANGLE MEETS LEFT TURN,CLEAR,Unknown,DAYLIGHT,Unknown,Unknown,Yes,No Apparent Injury,UNKNOWN,Unknown,Passenger Car,5,2007.0,Honda,CIVIC,17,Wednesday,4
MCP3080002N,200020772,Montgomery County Police,Injury Crash,2020-05-25 15:12:00,Other Public Roadway,MATENY RD,MATENY RD (AHEAD),SAME DIR REAR END,CLEAR,DRY,DAYLIGHT,STOP SIGN,Unknown,No,Possible Injury,NOT DISTRACTED,MD,Passenger Car,30,2016.0,Niss,4S,15,Monday,5
MCP31580055,250029541,MONTGOMERY,Property Damage Crash,2025-07-02 23:54:00,County Route,GAME PRESERVE RD,Unknown,Front to Front,Clear,Dry,Dark - Lighted,No Controls,"Not Suspect of Alcohol Use, Not Suspect of Drug Use",Yes,No Apparent Injury,Not Distracted,MD,Passenger Car,15,2015.0,Nissan,SENTRA,23,Wednesday,7
MCP26930014,15061568,MONTGOMERY,Injury Crash,2015-12-02 17:00:00,Maryland (State),CONNECTICUT AVE,CROSSOVER,SAME DIR REAR END,RAINING,WET,DARK LIGHTS ON,NO CONTROLS,NONE DETECTED,No,Possible Injury,NOT DISTRACTED,MD,Passenger Car,45,2008.0,Toyota,RAV4,17,Wednesday,12
MCP28660073,210023770,Montgomery County Police,Property Damage Crash,2021-06-21 16:30:00,Maryland (State),CONNECTICUT AVE,MANOR RD,SAME DIR REAR END,CLEAR,DRY,DAYLIGHT,NO CONTROLS,NONE DETECTED,No,No Apparent Injury,NOT DISTRACTED,MD,Passenger Car,35,2019.0,Honda,ACCORD,16,Monday,6
MCP3233001Y,210037547,Montgomery County Police,Injury Crash,2021-09-22 21:13:00,County,BAYFIELD ST,HOOD ST,STRAIGHT MOVEMENT ANGLE,CLEAR,DRY,DARK LIGHTS ON,STOP SIGN,NONE DETECTED,No,No Apparent Injury,NOT DISTRACTED,MD,Passenger Car,25,2015.0,Toyota,RAV4,21,Wednesday,9
MCP2929000X,15044285,MONTGOMERY,Property Damage Crash,2015-09-03 07:56:00,Maryland (State),OLNEY SANDY SPRING RD,MARDEN LA,SAME DIR REAR END,CLEAR,DRY,DAYLIGHT,NO CONTROLS,NONE DETECTED,No,No Apparent Injury,NOT DISTRACTED,MD,Pickup Truck,30,2008.0,Ford,TK,7,Thursday,9
EJ7889000F,210006712,Gaithersburg Police Depar,Property Damage Crash,2021-02-21 19:45:00,County,SAM EIG HWY,RAMP 1 FR WASH. BLVD TO SAM EIG HWY WB,SAME DIR REAR END,CLEAR,DRY,DARK LIGHTS ON,NO CONTROLS,NONE DETECTED,No,No Apparent Injury,NOT DISTRACTED,MD,Passenger Car,45,2019.0,Ford,EXPLORER,19,Sunday,2
MCP29360017,16054597,Montgomery County Police,Property Damage Crash,2016-10-23 17:16:00,Unknown,Unknown,Unknown,SINGLE VEHICLE,CLEAR,Unknown,DAYLIGHT,Unknown,NONE DETECTED,Yes,No Apparent Injury,INATTENTIVE OR LOST IN THOUGHT,MD,School Bus,0,2009.0,Gill,BUS,17,Sunday,10
MCP32070025,210033506,Montgomery County Police,Injury Crash,2021-08-27 18:29:00,County,LOCKWOOD DR,HEATHER HOLLOW CIR,HEAD ON LEFT TURN,CLEAR,WET,DAYLIGHT,NO CONTROLS,NONE DETECTED,No,No Apparent Injury,NOT DISTRACTED,SC,Passenger Car,30,2013.0,Ford,TAURUS,18,Friday,8
MCP29710016,16021880,Montgomery County Police,Injury Crash,2016-05-03 17:44:00,County,CHERRY HILL RD,GRACEFIELD RD,SAME DIR REAR END,RAINING,WET,DAYLIGHT,NO CONTROLS,NONE DETECTED,Yes,No Apparent Injury,NOT DISTRACTED,MD,Passenger Car,40,2002.0,Ford,FOCUS,17,Tuesday,5
MCP2559002Q,180051278,Montgomery County Police,Injury Crash,2018-10-13 12:54:00,County,LOST KNIFE RD,CONTOUR RD,OTHER,CLOUDY,DRY,DAYLIGHT,STOP SIGN,Unknown,Yes,No Apparent Injury,DISTRACTED BY OUTSIDE PERSON OBJECT OR EVENT,NY,Passenger Car,25,2014.0,Subaru,LEGACY,12,Saturday,10
MCP3387002K,250015955,MONTGOMERY,Property Damage Crash,2025-04-12 12:14:00,Unknown,Unknown,Unknown,Single Vehicle,Cloudy,Unknown,Daylight,Unknown,"Not Suspect of Alcohol Use, Not Suspect of Drug Use",Yes,No Apparent Injury,Not Distracted,MD,Passenger Car,0,2009.0,Toyota,HIGHLANDER,12,Saturday,4
MCP3161006B,240008517,MONTGOMERY,Property Damage Crash,2024-02-21 14:41:00,County Route,DRUMM AVE,UNIVERSITY BLVD W,Angle,Clear,Dry,Daylight,No Controls,"Not Suspect of Alcohol Use, Not Suspect of Drug Use",No,No Apparent Injury,Not Distracted,MD,Van - Passenger (&Lt;9 Seats),35,2019.0,Honda,ODYSSEY,14,Wednesday,2
MCP3065000W,170533358,Montgomery County Police,Injury Crash,2017-09-27 07:57:00,Maryland (State),UNIVERSITY BLVD W,DENNIS AVE,OTHER,CLEAR,DRY,DAYLIGHT,TRAFFIC SIGNAL,NONE DETECTED,No,No Apparent Injury,NOT DISTRACTED,MD,Passenger Car,25,2003.0,Honda,PILOT,7,Wednesday,9
MCP2269000K,180022882,Montgomery County Police,Injury Crash,2018-05-09 18:50:00,County,SNOUFFERS SCHOOL RD,CHERRY LAUREL LA,SAME DIRECTION RIGHT TURN,CLEAR,DRY,DAYLIGHT,NO CONTROLS,NONE DETECTED,No,No Apparent Injury,NOT DISTRACTED,MD,Passenger Car,35,2013.0,Infinity,G37,18,Wednesday,5
EJ7781004C,230051272,Gaithersburg Police Depar,Injury Crash,2023-08-25 12:50:00,Municipality,ORCHARD RIDGE DR,GREAT SENECA HWY,HEAD ON LEFT TURN,CLEAR,DRY,DAYLIGHT,TRAFFIC SIGNAL,NONE DETECTED,No,Suspected Minor Injury,NOT DISTRACTED,FL,Motorcycle,25,2003.0,Yama,MC,12,Friday,8
MCP291400CZ,220048126,Montgomery County Police,Property Damage Crash,2022-11-01 23:47:00,Maryland (State),COLESVILLE RD,SECOND AVE,OTHER,CLEAR,Unknown,Unknown,TRAFFIC SIGNAL,Unknown,Yes,No Apparent Injury,UNKNOWN,Unknown,Passenger Car,35,2016.0,Nwfl,XDE,23,Tuesday,11
MCP2116005D,16063042,Montgomery County Police,Property Damage Crash,2016-12-08 14:55:00,County,CRABBS BRANCH WAY,HIAWATHA LA,OTHER,CLEAR,DRY,DAYLIGHT,NO CONTROLS,NONE DETECTED,No,No Apparent Injury,NOT DISTRACTED,MD,Passenger Car,35,2010.0,Chevy,4S,14,Thursday,12
MCP3138001L,190047307,Montgomery County Police,Property Damage Crash,2019-10-02 17:47:00,Maryland (State),GEORGIA AVE,SILO INN DR,SAME DIR REAR END,CLEAR,DRY,DAYLIGHT,FLASHING TRAFFIC SIGNAL,Unknown,No,No Apparent Injury,NOT DISTRACTED,MD,Passenger Car,40,2017.0,Hyundai,TUCSON,17,Wednesday,10
MCP2678000R,15022075,Montgomery County Police,Property Damage Crash,2015-05-09 03:09:00,Maryland (State),INTERCOUNTY CONNECTOR,RAMP 8 FR MD 182 SB TO MD 200 WB,SAME DIR REAR END,CLEAR,DRY,DARK LIGHTS ON,TRAFFIC SIGNAL,NONE DETECTED,Yes,No Apparent Injury,LOOKED BUT DID NOT SEE,MD,Station Wagon,25,2006.0,Toyt,TK,3,Saturday,5
MCP3200001T,200026369,Montgomery County Police,Property Damage Crash,2020-07-07 14:54:00,Maryland (State),CONNECTICUT AVE,DENFELD AVE,SAME DIR REAR END,CLOUDY,DRY,DAYLIGHT,TRAFFIC SIGNAL,NONE DETECTED,Yes,No Apparent Injury,UNKNOWN,MD,Passenger Car,35,2012.0,Honda,CIVIC,14,Tuesday,7
MCP1268000L,180013130,Montgomery County Police,Injury Crash,2018-03-16 01:04:00,Maryland (State),MUNCASTER MILL RD,BOWIE MILL RD,SINGLE VEHICLE,CLEAR,DRY,DARK NO LIGHTS,Unknown,NONE DETECTED,No,Suspected Minor Injury,NOT DISTRACTED,MD,Passenger Car,40,2012.0,Bmw,535,1,Friday,3
MCP29600040,190047576,Montgomery County Police,Injury Crash,2019-10-04 08:30:00,Maryland (State),GEORGIA AVE,INTERNATIONAL DR,STRAIGHT MOVEMENT ANGLE,Unknown,DRY,DAYLIGHT,TRAFFIC SIGNAL,Unknown,No,Suspected Minor Injury,NOT DISTRACTED,MD,Passenger Car,45,2008.0,Niss,SENTRA,8,Friday,10
EJ7851001M,16050031,Gaithersburg Police Depar,Injury Crash,2016-09-29 06:43:00,Maryland (State),MONTGOMERY VILLAGE AVE,RUSSELL AVE,SAME DIR REAR END,RAINING,WET,DARK LIGHTS ON,TRAFFIC SIGNAL,NONE DETECTED,Yes,No Apparent Injury,LOOKED BUT DID NOT SEE,TN,Passenger Car,30,2006.0,Jeep,WUS,6,Thursday,9
MCP209400GY,210004052,Montgomery County Police,Injury Crash,2021-02-01 11:39:00,Interstate (State),CAPITAL BELTWAY,CONNECTICUT AVE,SAME DIR REAR END,WINTRY MIX,SLUSH,DAYLIGHT,NO CONTROLS,NONE DETECTED,Yes,Suspected Serious Injury,UNKNOWN,VA,Passenger Car,55,2016.0,Honda,CIVIC,11,Monday,2
MCP32680007,200031305,Montgomery County Police,Injury Crash,2020-08-11 20:43:00,US (State),COLESVILLE RD,GEORGIA AVE,SAME DIR REAR END,CLEAR,DRY,DARK LIGHTS ON,TRAFFIC SIGNAL,NONE DETECTED,No,Suspected Minor Injury,NOT DISTRACTED,DC,Passenger Car,35,2014.0,Porsche,CAYENNE,20,Tuesday,8
MCP2977000V,15044051,MONTGOMERY,Property Damage Crash,2015-09-02 06:55:00,Maryland (State),NEW HAMPSHIRE AVE,POWDER MILL RD,SAME DIRECTION SIDESWIPE,CLEAR,DRY,DAYLIGHT,TRAFFIC SIGNAL,NONE DETECTED,No,No Apparent Injury,UNKNOWN,DC,Passenger Car,40,2011.0,Toyt,PRIUS,6,Wednesday,9
MCP3270000Y,210001147,Montgomery County Police,Property Damage Crash,2021-01-09 19:46:00,Maryland (State),SANDY SPRING RD,COLUMBIA PIKE,STRAIGHT MOVEMENT ANGLE,CLEAR,DRY,DARK LIGHTS ON,TRAFFIC SIGNAL,NONE DETECTED,Yes,No Apparent Injury,INATTENTIVE OR LOST IN THOUGHT,MD,Passenger Car,40,2008.0,Toyota,RAV 4,19,Saturday,1
EJ78330078,220024334,Gaithersburg Police Depar,Property Damage Crash,2022-06-07 02:58:00,County,SHADY GROVE RD,RAMP 5 FR IS 270 SB TO SHADY GROVE RD,SINGLE VEHICLE,CLOUDY,DRY,DARK LIGHTS ON,TRAFFIC SIGNAL,ALCOHOL PRESENT,Yes,No Apparent Injury,UNKNOWN,MD,Passenger Car,25,2015.0,Mits,LANCER,2,Tuesday,6
MCP32720013,210045676,Montgomery County Police,Property Damage Crash,2021-11-11 07:15:00,County,DILSTON RD,AVENEL RD,STRAIGHT MOVEMENT ANGLE,CLEAR,DRY,DAYLIGHT,STOP SIGN,NONE DETECTED,No,No Apparent Injury,NOT DISTRACTED,MD,Passenger Car,15,2020.0,Hyundai,ELANTRA,7,Thursday,11
MCP2612004S,220001122,Montgomery County Police,Property Damage Crash,2023-01-07 19:50:00,County,BEL PRE RD,CONNECTICUT AVE,SAME DIRECTION LEFT TURN,CLEAR,DRY,DARK LIGHTS ON,NO CONTROLS,NONE DETECTED,No,No Apparent Injury,NOT DISTRACTED,MD,Passenger Car,35,2018.0,Mazda,3,19,Saturday,1
MCP2756002N,190010123,Montgomery County Police,Property Damage Crash,2019-03-04 15:00:00,Unknown,Unknown,Unknown,SAME DIRECTION SIDESWIPE,CLEAR,Unknown,DAYLIGHT,NO CONTROLS,NONE DETECTED,Yes,No Apparent Injury,LOOKED BUT DID NOT SEE,MD,Passenger Car,15,2011.0,Suzuki,SPORT BACK,15,Monday,3
MCP3291001T,240017093,MONTGOMERY,Property Damage Crash,2024-04-12 20:39:00,Maryland (State) Route,GERMANTOWN RD,Unknown,Front to Rear,Clear,Dry,Dark - Lighted,Flashing Traffic Control Signal,"Unknown, Not Suspect of Drug Use",No,No Apparent Injury,Unknown,MD,Passenger Car,40,2015.0,Audi,Q5,20,Friday,4
MCP2411002Y,190013254,Montgomery County Police,Property Damage Crash,2019-03-22 15:15:00,County,OLD GEORGETOWN RD,ROCKVILLE PIKE,SAME DIR BOTH LEFT TURN,CLEAR,DRY,DAYLIGHT,TRAFFIC SIGNAL,UNKNOWN,Yes,No Apparent Injury,UNKNOWN,Unknown,"Medium/Heavy Trucks 3 Axles (Over 10,000Lbs (4,536Kg))",35,2016.0,Mack,CEMENT MIXER,15,Friday,3
MCP31690027,190051848,Montgomery County Police,Injury Crash,2019-10-28 13:27:00,US (State),GEORGIA AVE,SLIGO AVE,SAME DIRECTION SIDESWIPE,CLEAR,DRY,DAYLIGHT,Unknown,Unknown,Yes,No Apparent Injury,LOOKED BUT DID NOT SEE,MD,Pickup Truck,10,2009.0,Toyota,TACOMA,13,Monday,10
EJ79060013,240045114,GAITHERSBURG,Injury Crash,2024-09-21 19:10:00,Maryland (State) Route,CLOPPER RD,FIRSTFIELD RD (EB/L),Single Vehicle,Cloudy,Dry,Daylight,Traffic Control Signal,"Not Suspect of Alcohol Use, Not Suspect of Drug Use",Yes,No Apparent Injury,Not Distracted,MD,Passenger Car,35,2020.0,Honda,ACCORD,19,Saturday,9
MCP93810021,18057796,Montgomery County Police,Injury Crash,2018-11-17 23:55:00,County,FALLS RD,RIVER RD,SAME DIR REAR END,CLEAR,DRY,DARK LIGHTS ON,TRAFFIC SIGNAL,NONE DETECTED,No,Possible Injury,NOT DISTRACTED,MD,(Sport) Utility Vehicle,30,2011.0,Chevy,TK,23,Saturday,11
MCP3426000B,240043340,MONTGOMERY,Property Damage Crash,2024-09-12 08:54:00,Bicycle Route,Unknown,MONTROSE RD TILDENWOOD DR,Front to Front,Clear,Dry,Daylight,Traffic Control Signal,"Not Suspect of Alcohol Use, Not Suspect of Drug Use",Yes,No Apparent Injury,Not Distracted,MD,Passenger Car,40,2018.0,Mazda,CX-5,8,Thursday,9
MCP3023003S,200026159,Montgomery County Police,Property Damage Crash,2020-07-06 09:25:00,County,BEL PRE RD,GEORGIA AVE,SAME DIRECTION LEFT TURN,CLEAR,DRY,DAYLIGHT,NO CONTROLS,NONE DETECTED,Yes,No Apparent Injury,LOOKED BUT DID NOT SEE,MD,Transit Bus,35,2019.0,Gilg,BU 34P,9,Monday,7
MCP3322000N,220017812,Montgomery County Police,Injury Crash,2022-04-27 06:41:00,Maryland (State),GEORGIA AVE,HEWITT AVE,STRAIGHT MOVEMENT ANGLE,CLEAR,DRY,DAYLIGHT,STOP SIGN,Unknown,Yes,Possible Injury,LOOKED BUT DID NOT SEE,MD,Van,25,2005.0,Chevrolet,ASTRO,6,Wednesday,4
MCP15630077,210047568,Montgomery County Police,Property Damage Crash,2021-11-23 09:03:00,Maryland (State),BRADLEY BLVD,CHEVY CHASE DR,SAME DIRECTION SIDESWIPE,CLEAR,DRY,DAYLIGHT,Unknown,UNKNOWN,Yes,No Apparent Injury,UNKNOWN,XX,Unknown,25,2021.0,Toyota,4DR,9,Tuesday,11
MCP26980020,170508310,Montgomery County Police,Injury Crash,2017-05-17 14:56:00,Maryland (State),GEORGIA AVE,EMORY LA,SAME DIR REAR END,CLEAR,DRY,DAYLIGHT,NO CONTROLS,NONE DETECTED,No,No Apparent Injury,NOT DISTRACTED,MD,Passenger Car,50,2009.0,Chevy,IMPALA,14,Wednesday,5
MCP3453001P,250055559,MONTGOMERY,Property Damage Crash,2025-12-12 06:58:00,County Route,LOCKWOOD DR,Unknown,Front to Rear,Clear,Dry,Dawn,Traffic Control Signal,"Not Suspect of Alcohol Use, Not Suspect of Drug Use",No,No Apparent Injury,Not Distracted,MD,Van - Passenger (&Lt;9 Seats),25,2018.0,Honda,ODYSSEY,6,Friday,12
MCP301000BH,240057944,MONTGOMERY,Injury Crash,2024-12-04 09:45:00,County Route,NIMITZ RD,Unknown,"Sideswipe, Same Direction",Clear,Dry,Daylight,No Controls,"Not Suspect of Alcohol Use, Not Suspect of Drug Use",No,Suspected Serious Injury,Not Distracted,MD,Station Wagon,25,2004.0,Honda,ODYSSEY,9,Wednesday,12
EJ78440012,210053114,Gaithersburg Police Depar,Property Damage Crash,2021-12-29 19:34:00,Unknown,Unknown,Unknown,SAME DIRECTION SIDESWIPE,CLEAR,Unknown,DUSK,Unknown,UNKNOWN,Yes,No Apparent Injury,UNKNOWN,Unknown,"Cargo Van/Light Truck 2 Axles (Over 10,000Lbs (4,536 Kg))",25,2021.0,Unk,UNK,19,Wednesday,12