Report Number,Local Case Number,Agency Name,ACRS Report Type,Crash Date/Time,Route Type,Road Name,Cross-Street Name,Collision Type,Weather,Surface Condition,Light,Traffic Control,Driver Substance Abuse,Driver At Fault,Injury Severity,Driver Distracted By,Drivers License State,Vehicle Body Type,Speed Limit,Vehicle Year,Vehicle Make,Vehicle Model,Crash Hour,Crash Day,Crash Month
MCP2823001H,15044386,MONTGOMERY,Injury Crash,2015-09-03 17:41:00,County,RANDOLPH RD,CHARLES RD,STRAIGHT MOVEMENT ANGLE,CLEAR,DRY,DAYLIGHT,NO CONTROLS,NONE DETECTED,Yes,No Apparent Injury,LOOKED BUT DID NOT SEE,MD,Passenger Car,35,2003.0,Jeep,TK,17,Thursday,9
MCP3012007P,200048517,Montgomery County Police,Injury Crash,2020-12-09 13:19:00,County,BEL PRE RD,CONNECTICUT AVE,SAME DIR REAR END,CLEAR,DRY,DAYLIGHT,TRAFFIC SIGNAL,UNKNOWN,Yes,No Apparent Injury,LOOKED BUT DID NOT SEE,MD,Passenger Car,35,2010.0,Honda,ACCORD,13,Wednesday,12
MCP3381000D,240002411,MONTGOMERY,Property Damage Crash,2024-01-15 16:09:00,Bicycle Route,Unknown,MONTROSE RD MONTROSE RD (WB/L) SEVEN LOCKS RD SEVEN LOCKS RD (SB/L),Angle,Snow,Snow,Daylight,Traffic Control Signal,"Not Suspect of Alcohol Use, Not Suspect of Drug Use",No,No Apparent Injury,Not Distracted,MD,Other Trucks,35,2008.0,Intech Trailers,ST,16,Monday,1
MCP2046003Z,15030796,Montgomery County Police,Injury Crash,2015-06-24 13:10:00,US (State),GEORGIA AVE,WAYNE AVE,SAME DIR REAR END,CLEAR,DRY,DAYLIGHT,TRAFFIC SIGNAL,NONE DETECTED,Yes,Suspected Minor Injury,NOT DISTRACTED,MD,Passenger Car,30,2003.0,Lexus,ES300,13,Wednesday,6
MCP26350037,16050327,Montgomery County Police,Injury Crash,2016-09-30 17:35:00,County,WELLER RD,CONNECTICUT AVE,SAME DIR REAR END,RAINING,WET,DAYLIGHT,TRAFFIC SIGNAL,Unknown,No,Possible Injury,NOT DISTRACTED,MD,Passenger Car,30,2010.0,Kia,FORTE,17,Friday,9
MCP1151002F,15008127,Montgomery County Police,Property Damage Crash,2015-02-19 07:57:00,Maryland (State),CLOPPER RD,SCHAEFFER RD,STRAIGHT MOVEMENT ANGLE,CLEAR,DRY,DAYLIGHT,STOP SIGN,NONE DETECTED,No,No Apparent Injury,NOT DISTRACTED,MD,Van,30,2007.0,Hond,ODY,7,Thursday,2
MCP2739000L,15052823,MONTGOMERY,Property Damage Crash,2015-10-18 01:04:00,County,TENBROOK DR,FOREST GLEN RD,SAME DIR REAR END,CLEAR,DRY,DARK LIGHTS ON,Unknown,ALCOHOL CONTRIBUTED,Yes,No Apparent Injury,UNKNOWN,MD,Passenger Car,25,2011.0,Honda,ACCORD,1,Sunday,10
MCP27980065,240019991,MONTGOMERY,Property Damage Crash,2024-04-29 15:53:00,County Route,FATHER HURLEY BLVD,Unknown,"Sideswipe, Same Direction",Clear,Dry,Daylight,No Controls,"Not Suspect of Alcohol Use, Not Suspect of Drug Use",No,No Apparent Injury,Unknown,MD,Sport Utility Vehicle,35,2008.0,Lexus,RX,15,Monday,4
HA2468000P,21002469,Maryland-National Capital,Property Damage Crash,2021-12-29 23:28:00,County,MUDDY BRANCH RD,W DEER PARK RD,SINGLE VEHICLE,RAINING,WET,DARK LIGHTS ON,TRAFFIC SIGNAL,NONE DETECTED,Yes,No Apparent Injury,NOT DISTRACTED,XX,Passenger Car,25,2011.0,Buick,REGAL,23,Wednesday,12
MCP28270027,16021871,Montgomery County Police,Injury Crash,2016-05-03 17:25:00,County,RANDOLPH RD,BREGMAN RD,STRAIGHT MOVEMENT ANGLE,RAINING,WET,DAYLIGHT,STOP SIGN,NONE DETECTED,Yes,Suspected Minor Injury,NOT DISTRACTED,MD,Passenger Car,30,2008.0,Honda,CRV,17,Tuesday,5
MCP3058005W,250044536,MONTGOMERY,Property Damage Crash,2025-10-03 07:15:00,County Route,RANDOLPH RD,Unknown,"Sideswipe, Same Direction",Clear,Dry,Daylight,No Controls,"Unknown, Unknown",Yes,No Apparent Injury,Unknown,MD,Van - Passenger (&Lt;9 Seats),35,2008.0,Toyota,SIENNA,7,Friday,10
MCP3381002L,250023103,MONTGOMERY,Property Damage Crash,2025-05-24 22:24:00,County Route,MIDDLEBROOK RD,GERMANTOWN RD,Front to Rear,Clear,Dry,Dark - Lighted,Traffic Control Signal,"Not Suspect of Alcohol Use, Not Suspect of Drug Use",No,No Apparent Injury,Not Distracted,MD,Sport Utility Vehicle,40,2021.0,Ford,EXPLORER,22,Saturday,5
MCP2978002P,180056590,Montgomery County Police,Injury Crash,2018-11-11 11:41:00,County,E GUDE DR,CRABBS BRANCH WAY,HEAD ON LEFT TURN,CLEAR,DRY,DAYLIGHT,PERSON,NONE DETECTED,Yes,Suspected Minor Injury,LOOKED BUT DID NOT SEE,MD,Passenger Car,40,2012.0,Ford,ESCAPE,11,Sunday,11
MCP30180012,170513585,Montgomery County Police,Property Damage Crash,2017-06-14 08:03:00,County,RUSSETT RD,DRAKE DR,ANGLE MEETS RIGHT TURN,CLEAR,DRY,DAYLIGHT,STOP SIGN,NONE DETECTED,Yes,No Apparent Injury,UNKNOWN,MD,Passenger Car,30,2016.0,Dodge,JOURNEY,8,Wednesday,6
MCP30060067,210021337,Montgomery County Police,Injury Crash,2021-06-05 11:15:00,Maryland (State),VEIRS MILL RD,NEWPORT MILL RD,STRAIGHT MOVEMENT ANGLE,CLEAR,DRY,DAYLIGHT,TRAFFIC SIGNAL,NONE DETECTED,No,No Apparent Injury,NOT DISTRACTED,MD,Passenger Car,25,2014.0,Toyota,CAMRY,11,Saturday,6
MCP30740068,240025068,MONTGOMERY,Property Damage Crash,2024-05-27 15:51:00,Unknown,Unknown,Unknown,Front to Rear,Clear,Unknown,Daylight,Unknown,"Not Suspect of Alcohol Use, Not Suspect of Drug Use",Yes,No Apparent Injury,Unknown,MD,Passenger Car,0,2017.0,Nissan,ROGUE,15,Monday,5
MCP229800JK,180026723,Montgomery County Police,Injury Crash,2018-05-31 10:42:00,County,WISTERIA DR,GREAT SENECA HWY,SAME DIR REAR END,CLOUDY,DRY,DAYLIGHT,TRAFFIC SIGNAL,NONE DETECTED,No,Possible Injury,NOT DISTRACTED,MD,Pickup Truck,30,1989.0,Jeep,COMANCHE,10,Thursday,5
MCP2899006R,230046837,Montgomery County Police,Injury Crash,2023-07-29 17:55:00,County,MUDDY BRANCH RD,MIDSUMMER DR,STRAIGHT MOVEMENT ANGLE,CLEAR,DRY,DAYLIGHT,STOP SIGN,NONE DETECTED,Yes,No Apparent Injury,LOOKED BUT DID NOT SEE,MD,Passenger Car,25,2020.0,Hyundai,ELANTRA,17,Saturday,7
MCP2799003D,170543585,Montgomery County Police,Injury Crash,2017-11-18 15:12:00,Maryland (State),OLNEY SANDY SPRING RD,VILLAGE CENTER DR,STRAIGHT MOVEMENT ANGLE,RAINING,WET,DAYLIGHT,TRAFFIC SIGNAL,NONE DETECTED,No,No Apparent Injury,NOT DISTRACTED,MD,Passenger Car,30,2016.0,Honda,VN,15,Saturday,11
MCP2875003S,190033692,Montgomery County Police,Injury Crash,2019-07-16 00:49:00,Maryland (State),GERMANTOWN RD,RICHTER FARM RD,STRAIGHT MOVEMENT ANGLE,CLEAR,DRY,DARK LIGHTS ON,FLASHING TRAFFIC SIGNAL,NONE DETECTED,Yes,No Apparent Injury,LOOKED BUT DID NOT SEE,MD,Passenger Car,35,2013.0,Nissan,ALTIMA,0,Tuesday,7
MCP1490000L,17054653,Montgomery County Police,Property Damage Crash,2017-12-05 07:06:00,Maryland (State),W DIAMOND AVE,RAMP 7 FR MD 117 WB TO RAMP 6 (TO IS270),HEAD ON LEFT TURN,Unknown,DRY,Unknown,NO CONTROLS,NONE DETECTED,No,No Apparent Injury,NOT DISTRACTED,MD,Other,35,2015.0,Volk,2S,7,Tuesday,12
MCP2466001W,170517524,Montgomery County Police,Property Damage Crash,2017-07-05 21:57:00,County,RANDOLPH RD,HAMMONTON RD,SINGLE VEHICLE,RAINING,WET,DARK LIGHTS ON,STOP SIGN,NONE DETECTED,No,No Apparent Injury,NOT DISTRACTED,MD,Passenger Car,45,2010.0,Suba,FORRESTER,21,Wednesday,7
DD56310069,250033852,ROCKVILLE,Property Damage Crash,2025-07-29 19:45:00,Municipality Route,FIRST ST SPUR,FIRST ST (WB/L),Front to Rear,Clear,Dry,Daylight,No Controls,"Not Suspect of Alcohol Use, Not Suspect of Drug Use",No,No Apparent Injury,Not Distracted,MD,Passenger Car,45,2004.0,Toyota,COROLLA,19,Tuesday,7
MCP2682001Q,190021127,Montgomery County Police,Injury Crash,2019-05-05 08:17:00,County,BRINK RD,HUNTMASTER RD,HEAD ON,RAINING,WET,DAYLIGHT,NO CONTROLS,NONE DETECTED,No,Suspected Minor Injury,NOT DISTRACTED,MD,Passenger Car,35,2015.0,Honda,ACCORD,8,Sunday,5
MCP3394001P,250022458,MONTGOMERY,Injury Crash,2025-05-21 08:28:00,Maryland (State) Route,EAST WEST HWY,GLENDALE RD,Rear To Side,Rain,Wet,Daylight,Stop Sign,"Not Suspect of Alcohol Use, Not Suspect of Drug Use",Yes,No Apparent Injury,Not Distracted,US,Passenger Car,25,2019.0,Toyota,RAV4,8,Wednesday,5
MCP3002000P,16024239,Montgomery County Police,Property Damage Crash,2016-05-16 07:59:00,Maryland (State),EAST WEST HWY,DONNYBROOK DR,SAME DIR REAR END,CLEAR,DRY,DAYLIGHT,NO CONTROLS,NONE DETECTED,Yes,No Apparent Injury,UNKNOWN,MD,Passenger Car,35,2002.0,Dodg,GRAND CARAVAN,7,Monday,5
MCP31700039,230031932,Montgomery County Police,Injury Crash,2023-07-04 19:19:00,Maryland (State),GERMANTOWN RD,MIDDLEBROOK RD,SAME DIR REAR END,CLEAR,DRY,DAYLIGHT,TRAFFIC SIGNAL,NONE DETECTED,No,Possible Injury,NOT DISTRACTED,MD,Passenger Car,40,2016.0,Hond,UT,19,Tuesday,7
MCP3133003G,220018170,Montgomery County Police,Injury Crash,2022-04-29 10:22:00,Maryland (State),CONNECTICUT AVE,ASPEN HILL RD,SAME DIR REAR END,CLEAR,DRY,DAYLIGHT,TRAFFIC SIGNAL,NONE DETECTED,No,No Apparent Injury,NOT DISTRACTED,MD,Passenger Car,35,1999.0,Hond,CRV,10,Friday,4
EJ7837005C,2100123618,Gaithersburg Police Depar,Injury Crash,2021-05-22 16:40:00,Maryland (State),FREDERICK RD,CHESTNUT ST,HEAD ON LEFT TURN,CLEAR,DRY,DAYLIGHT,NO CONTROLS,Unknown,Yes,Possible Injury,LOOKED BUT DID NOT SEE,MD,Passenger Car,30,2017.0,Toyota,SIENNA,16,Saturday,5
EJ7747002F,16055034,Gaithersburg Police Depar,Injury Crash,2016-10-26 07:22:00,Maryland (State),S FREDERICK RD,CENTRAL AVE,STRAIGHT MOVEMENT ANGLE,CLEAR,DRY,DUSK,STOP SIGN,NONE DETECTED,Yes,No Apparent Injury,NOT DISTRACTED,MD,Passenger Car,25,2009.0,Suba,4S,7,Wednesday,10
EJ7777001M,170546456,Gaithersburg Police Depar,Property Damage Crash,2017-12-04 06:42:00,Maryland (State),W DIAMOND AVE,RAMP 7 FR MD 117 WB TO RAMP 6 (TO IS270),HEAD ON LEFT TURN,CLEAR,DRY,DARK LIGHTS ON,NO CONTROLS,NONE DETECTED,Yes,No Apparent Injury,LOOKED BUT DID NOT SEE,MD,Passenger Car,35,2004.0,Hond,2S,6,Monday,12
MCP1366008L,190002863,Montgomery County Police,Property Damage Crash,2019-01-18 13:21:00,Maryland (State),MONTROSE PKWY,RAMP 4 FR MD 355 NB TO MONTROSE PKWY,STRAIGHT MOVEMENT ANGLE,CLEAR,WET,DAYLIGHT,TRAFFIC SIGNAL,NONE DETECTED,Yes,No Apparent Injury,INATTENTIVE OR LOST IN THOUGHT,MD,Passenger Car,35,2011.0,Dodge,AVENGER,13,Friday,1
MCP32620034,230030711,Montgomery County Police,Property Damage Crash,2023-06-27 16:40:00,Maryland (State),SANDY SPRING RD,CEDAR TREE DR,ANGLE MEETS RIGHT TURN,RAINING,WET,DAYLIGHT,NO CONTROLS,NONE DETECTED,Yes,No Apparent Injury,LOOKED BUT DID NOT SEE,MD,Passenger Car,35,2005.0,Toyt,4S,16,Tuesday,6
MCP28440016,15061408,MONTGOMERY,Property Damage Crash,2015-12-01 19:26:00,Maryland (State),UNIVERSITY BLVD W,ENT TO BUSINESS,STRAIGHT MOVEMENT ANGLE,CLOUDY,WET,DARK LIGHTS ON,STOP SIGN,NONE DETECTED,No,No Apparent Injury,NOT DISTRACTED,MD,Passenger Car,15,2015.0,Honda,CIVIC,19,Tuesday,12
DM84510008,15020206,Takoma Park Police Depart,Injury Crash,2015-04-29 16:39:00,Maryland (State),NEW HAMPSHIRE AVE,KENTLAND AVE,SAME DIR REAR END,CLEAR,DRY,DAYLIGHT,TRAFFIC SIGNAL,Unknown,Yes,No Apparent Injury,INATTENTIVE OR LOST IN THOUGHT,MD,Pickup Truck,35,2005.0,Ford,F350,16,Wednesday,4
MCP9437001N,210029642,Montgomery County Police,Property Damage Crash,2021-07-30 22:21:00,Maryland (State),WOODFIELD RD,PLEASANT VIEW LA,OTHER,CLEAR,DRY,DARK LIGHTS ON,NO CONTROLS,Unknown,No,No Apparent Injury,NOT DISTRACTED,MD,Passenger Car,30,2013.0,Hyundai,ELANTRA,22,Friday,7
MCP30220063,240050048,MONTGOMERY,Property Damage Crash,2024-10-19 17:04:00,County Route,RIDGE RD,Unknown,Front to Rear,Clear,Dry,Daylight,Other,"Not Suspect of Alcohol Use, Not Suspect of Drug Use",Yes,No Apparent Injury,Unknown,MD,Passenger Car,40,2012.0,Volkswagen,GTI,17,Saturday,10
MCP2347001R,180027270,Montgomery County Police,Injury Crash,2018-06-03 09:55:00,Unknown,OLD COLUMBIA PIKE,MUSGROVE ROAD,HEAD ON,RAINING,WET,DAYLIGHT,NO CONTROLS,NONE DETECTED,No,Possible Injury,NOT DISTRACTED,MD,Passenger Car,35,2008.0,Chevrolet,IMPALA,9,Sunday,6
MCP3386002M,250009868,MONTGOMERY,Property Damage Crash,2025-03-06 15:00:00,Maryland (State) Route,WISCONSIN AVE (SB/L),Unknown,Front to Rear,Cloudy,Dry,Daylight,Traffic Control Signal,"Unknown, Unknown",No,Unknown,Unknown,Unknown,Passenger Car,25,2019.0,Toyota,HIGHLANDER,15,Thursday,3
MCP2610000N,17005998,Montgomery County Police,Property Damage Crash,2017-02-03 17:21:00,Unknown,Unknown,Unknown,OTHER,CLEAR,Unknown,DAYLIGHT,Unknown,NONE DETECTED,Yes,No Apparent Injury,LOOKED BUT DID NOT SEE,MD,"Cargo Van/Light Truck 2 Axles (Over 10,000Lbs (4,536 Kg))",15,2006.0,Ford,TK,17,Friday,2
DD5604005N,250041946,ROCKVILLE,Property Damage Crash,2025-09-18 08:05:00,Municipality Route,BALTIMORE RD,Unknown,Angle,Clear,Dry,Daylight,No Controls,"Not Suspect of Alcohol Use, Not Suspect of Drug Use",No,No Apparent Injury,Not Distracted,MD,Pickup,25,2023.0,Ford,F-550,8,Thursday,9
MCP29040026,16030071,Montgomery County Police,Property Damage Crash,2016-06-14 17:14:00,County,RUATAN ST,QUEBEC ST,SAME DIRECTION RIGHT TURN,CLEAR,DRY,DAYLIGHT,NO CONTROLS,NONE DETECTED,Yes,No Apparent Injury,NOT DISTRACTED,MD,Transit Bus,30,2013.0,Gill,BUS,17,Tuesday,6
MCP3331001X,230026236,Montgomery County Police,Property Damage Crash,2023-06-01 08:03:00,Maryland (State),GEORGIA AVE,ARCOLA AVE,SAME DIR REAR END,CLEAR,DRY,DAYLIGHT,TRAFFIC SIGNAL,NONE DETECTED,Yes,No Apparent Injury,NOT DISTRACTED,MD,Police Vehicle/Non Emergency,35,2017.0,Ford,EXPLORER,8,Thursday,6
MCP3044003F,190011154,Montgomery County Police,Property Damage Crash,2019-03-10 21:01:00,County,GREENCASTLE RD,COLUMBIA PIKE,SAME DIR REAR END,CLEAR,DRY,DARK LIGHTS ON,TRAFFIC SIGNAL,UNKNOWN,Yes,No Apparent Injury,UNKNOWN,Unknown,Passenger Car,55,2016.0,Toyota,4D,21,Sunday,3
MCP28940044,170538448,Montgomery County Police,Injury Crash,2017-10-24 06:20:00,Other Public Roadway,MONTROSE PKWY,E JEFFERSON ST,SINGLE VEHICLE,RAINING,WET,DARK LIGHTS ON,NO CONTROLS,NONE DETECTED,Yes,Possible Injury,NOT DISTRACTED,PA,Passenger Car,40,2001.0,Toyota,CAMRY,6,Tuesday,10
MCP3280002S,220051204,Montgomery County Police,Injury Crash,2022-11-19 13:56:00,US (State),COLUMBIA PIKE,FAIRLAND RD,STRAIGHT MOVEMENT ANGLE,CLEAR,DRY,DAYLIGHT,TRAFFIC SIGNAL,NONE DETECTED,No,Suspected Serious Injury,NOT DISTRACTED,MD,Passenger Car,40,2019.0,Volkswagen,PASSAT,13,Saturday,11
MCP2810002V,240025655,MONTGOMERY,Injury Crash,2024-05-30 15:58:00,County Route,AMITY DR,PEPPERWOOD LA,Angle,Cloudy,Dry,Daylight,No Controls,"Not Suspect of Alcohol Use, Not Suspect of Drug Use",No,No Apparent Injury,Not Distracted,MD,Passenger Car,35,2023.0,Kia,FORTE,15,Thursday,5
DM84500007,15043249,TAKOMA,Property Damage Crash,2015-08-28 17:51:00,Maryland (State),NEW HAMPSHIRE AVE,KIRKLYNN AVE,HEAD ON LEFT TURN,CLEAR,DRY,DAYLIGHT,TRAFFIC SIGNAL,NONE DETECTED,No,No Apparent Injury,UNKNOWN,MD,Passenger Car,35,2008.0,Chev,AVEVO,17,Friday,8
MCP30400079,250001888,MONTGOMERY,Injury Crash,2025-01-14 18:20:00,Maryland (State) Route,Unknown,Unknown,Angle,Clear,Dry,Dark - Lighted,No Controls,"Not Suspect of Alcohol Use, Not Suspect of Drug Use",No,No Apparent Injury,Not Distracted,MD,Passenger Car,30,2007.0,Dodge,CHARGER,18,Tuesday,1
EJ78260031,180008981,Gaithersburg Police Depar,Property Damage Crash,2018-02-21 10:00:00,Unknown,Unknown,Unknown,SINGLE VEHICLE,CLOUDY,Unknown,DAYLIGHT,Unknown,Unknown,Yes,No Apparent Injury,NOT DISTRACTED,MD,Passenger Car,15,2015.0,Toyt,4S,10,Wednesday,2
MCP3353002J,240026036,MONTGOMERY,Property Damage Crash,2024-06-01 16:15:00,County Route,Unknown,CONNECTICUT AVE (SB/L),Front to Rear,Clear,Dry,Daylight,Traffic Control Signal,"Not Suspect of Alcohol Use, Not Suspect of Drug Use",No,No Apparent Injury,Not Distracted,MD,Bus - Transit,35,2009.0,Gillig,UNKNOWN,16,Saturday,6
MCP20590027,15064930,MONTGOMERY,Injury Crash,2015-12-19 14:02:00,Maryland (State),CONNECTICUT AVE,BEACH DR,SAME DIRECTION SIDESWIPE,CLEAR,DRY,DAYLIGHT,NO CONTROLS,NONE DETECTED,Yes,No Apparent Injury,UNKNOWN,MD,Passenger Car,35,1998.0,Honda,CIV IC,14,Saturday,12
MCP271700MQ,190008248,Montgomery County Police,Property Damage Crash,2019-02-21 06:30:00,County,SINGLETON DR,SINGLETON CT,OTHER,CLEAR,SLUSH,DARK LIGHTS ON,NO CONTROLS,NONE DETECTED,Yes,No Apparent Injury,LOOKED BUT DID NOT SEE,MD,"Other Light Trucks (10,000Lbs (4,536Kg) Or Less)",25,2008.0,Sterling,DUMP TRUCK,6,Thursday,2
MCP21950003,15004130,Montgomery County Police,Property Damage Crash,2015-01-26 06:20:00,Unknown,WEST MONTGOMERY AVE,RT 270 S/B,OTHER,SLEET,WET,DAWN,Unknown,NONE DETECTED,No,No Apparent Injury,NOT DISTRACTED,MD,Station Wagon,40,2005.0,Orio,BUS,6,Monday,1
EJ78690016,180003353,Gaithersburg Police Depar,Property Damage Crash,2018-01-20 18:44:00,Municipality,CENTER POINT WAY,W MARKET ST,SAME DIR REAR END,CLEAR,DRY,DARK LIGHTS ON,NO CONTROLS,NONE DETECTED,Yes,No Apparent Injury,UNKNOWN,MD,Passenger Car,10,2010.0,Toyota,SIENNA,18,Saturday,1
MCP2908000T,15015537,Montgomery County Police,Property Damage Crash,2015-04-04 13:34:00,Maryland (State),NEW HAMPSHIRE AVE,POWDER MILL RD,SAME DIR REAR END,CLEAR,DRY,DAYLIGHT,TRAFFIC SIGNAL,NONE DETECTED,No,No Apparent Injury,NOT DISTRACTED,MD,Passenger Car,40,2001.0,Chev,TRUCK,13,Saturday,4
MCP29540033,17016304,Montgomery County Police,Property Damage Crash,2017-03-31 07:38:00,Maryland (State),UNIVERSITY BLVD E,BUCKINGHAM DR,STRAIGHT MOVEMENT ANGLE,RAINING,WET,DAYLIGHT,TRAFFIC SIGNAL,NONE DETECTED,Yes,No Apparent Injury,LOOKED BUT DID NOT SEE,MD,Passenger Car,40,2001.0,Saa,SW,7,Friday,3
DD56530039,240014508,ROCKVILLE,Injury Crash,2024-03-27 18:02:00,Maryland (State) Route,NORBECK RD,Unknown,Single Vehicle,Rain,Wet,Daylight,No Controls,"Not Suspect of Alcohol Use, Not Suspect of Drug Use",No,Suspected Minor Injury,Unknown,MD,Passenger Car,35,2000.0,Toyota,COROLLA,18,Wednesday,3
MCP3053002P,180043464,Montgomery County Police,Property Damage Crash,2018-08-31 14:15:00,County,WELLER RD,GOODHILL RD,STRAIGHT MOVEMENT ANGLE,RAINING,WET,Unknown,STOP SIGN,Unknown,No,No Apparent Injury,NOT DISTRACTED,MD,Passenger Car,30,2005.0,Toytoa,SIENNA,14,Friday,8
MCP2893001C,15033899,MONTGOMERY,Property Damage Crash,2015-07-10 19:24:00,County,WATKINS RD,LOG HOUSE RD,SINGLE VEHICLE,CLEAR,DRY,DAYLIGHT,STOP SIGN,ALCOHOL PRESENT,Yes,No Apparent Injury,NOT DISTRACTED,MD,Passenger Car,35,2003.0,Lincoln,4S,19,Friday,7
DM8505000C,230024607,Takoma Park Police Depart,Property Damage Crash,2023-05-22 19:20:00,Municipality,HOLTON LA,NEW HAMPSHIRE AVE,SAME DIRECTION LEFT TURN,CLEAR,Unknown,DAYLIGHT,NO CONTROLS,Unknown,Yes,No Apparent Injury,INATTENTIVE OR LOST IN THOUGHT,MD,Passenger Car,25,2020.0,Hond,SD,19,Monday,5
MCP08990035,180035001,Montgomery County Police,Property Damage Crash,2018-07-15 13:15:00,County,DENTON RD,HAMPDEN LA,OTHER,CLEAR,DRY,DAYLIGHT,NO CONTROLS,NONE DETECTED,Yes,No Apparent Injury,LOOKED BUT DID NOT SEE,MD,Passenger Car,25,2001.0,Volvo,STATION WAGON,13,Sunday,7
MCP30120012,16038690,Montgomery County Police,Property Damage Crash,2016-07-31 08:55:00,County,E RANDOLPH RD,CLIFTON RD,STRAIGHT MOVEMENT ANGLE,CLEAR,DRY,DAYLIGHT,NO CONTROLS,NONE DETECTED,No,No Apparent Injury,NOT DISTRACTED,MD,Passenger Car,45,2006.0,Honda,ACCORD,8,Sunday,7
MCP30950008,180009708,Montgomery County Police,Property Damage Crash,2018-02-25 08:18:00,County,LOCKWOOD DR,OAK LEAF DR,SAME DIRECTION RIGHT TURN,RAINING,WET,DAWN,NO CONTROLS,Unknown,Yes,No Apparent Injury,INATTENTIVE OR LOST IN THOUGHT,MD,Passenger Car,30,2008.0,Infiniti,M35,8,Sunday,2
MCP2832001J,15041894,MONTGOMERY,Property Damage Crash,2015-08-21 14:30:00,Maryland (State),ROCKVILLE PIKE,ELMHIRST DR,SAME DIR REAR END,CLEAR,DRY,DAYLIGHT,Unknown,NONE DETECTED,Yes,No Apparent Injury,UNKNOWN,MD,Passenger Car,35,1996.0,Merz,C280,14,Friday,8
DD5648000Z,220033861,Rockville Police Departme,Property Damage Crash,2022-08-07 02:45:00,Municipality,MONROE ST,WADDINGTON LA,SINGLE VEHICLE,CLEAR,DRY,DARK LIGHTS ON,Unknown,NONE DETECTED,Yes,No Apparent Injury,NOT DISTRACTED,MD,(Sport) Utility Vehicle,30,2006.0,Toyota,HIGHLANDER,2,Sunday,8
MCP31600055,240036285,MONTGOMERY,Property Damage Crash,2024-08-01 16:00:00,Maryland (State) Route,STRATHMORE AVE,KENILWORTH AVE,Front to Rear,Clear,Dry,Daylight,Traffic Control Signal,"Suspect of Alcohol Use, Not Suspect of Drug Use",No,No Apparent Injury,Not Distracted,MD,Unknown,25,2012.0,Nissan,ALTIMA,16,Thursday,8
MCP9412000C,180011703,Montgomery County Police,Injury Crash,2018-03-08 08:45:00,County,TUCKERMAN LA,KINGS RIDING WAY,SAME DIR REAR END,CLEAR,Unknown,DAYLIGHT,FLASHING TRAFFIC SIGNAL,NONE DETECTED,Yes,No Apparent Injury,NOT DISTRACTED,MD,Recreational Vehicle,45,2004.0,Toyt,TK,8,Thursday,3
MCP3145005G,240058038,MONTGOMERY,Property Damage Crash,2024-12-04 16:00:00,Bicycle Route,Unknown,Unknown,Front to Rear,Clear,Dry,Daylight,No Controls,"Not Suspect of Alcohol Use, Not Suspect of Drug Use",Yes,No Apparent Injury,Unknown,MD,Passenger Car,35,2012.0,Honda,CR-V,16,Wednesday,12
MCP3299003M,240028644,MONTGOMERY,Property Damage Crash,2024-06-16 12:40:00,County Route,RANDOLPH RD,Unknown,"Sideswipe, Same Direction",Clear,Dry,Daylight,Traffic Control Signal,"Not Suspect of Alcohol Use, Not Suspect of Drug Use",Yes,No Apparent Injury,Not Distracted,MD,Passenger Car,40,2018.0,Subaru,WRX,12,Sunday,6
MCP11510097,190009279,Montgomery County Police,Property Damage Crash,2019-02-27 08:00:00,Maryland (State),FREDERICK RD,WEST OLD BALTIMORE RD,SINGLE VEHICLE,CLEAR,DRY,DAYLIGHT,TRAFFIC SIGNAL,NONE DETECTED,Yes,No Apparent Injury,OTHER DISTRACTION,MD,Transit Bus,40,2014.0,Gill,BUS,8,Wednesday,2
EJ7891001L,240011468,GAITHERSBURG,Property Damage Crash,2024-03-09 18:47:00,Maryland (State) Route,MONTGOMERY VILLAGE AVE,RUSSELL AVE (SB/L),Other,Rain,Wet,Dark - Lighted,Traffic Control Signal,"Not Suspect of Alcohol Use, Not Suspect of Drug Use",No,No Apparent Injury,Unknown,Unknown,Passenger Car,35,2002.0,Audi,A4,18,Saturday,3
MCP3093005W,250006692,MONTGOMERY,Property Damage Crash,2025-02-14 15:50:00,County Route,LYTTONSVILLE PL,LYTTONSVILLE RD,Other,Clear,Dry,Daylight,Stop Sign,"Not Suspect of Alcohol Use, Not Suspect of Drug Use",No,No Apparent Injury,Not Distracted,MD,Other,25,2020.0,Ram,PROMASTER 3500,15,Friday,2
MCP30110030,220056959,Montgomery County Police,Property Damage Crash,2022-12-22 22:30:00,Unknown,Unknown,Unknown,SINGLE VEHICLE,RAINING,Unknown,DARK LIGHTS ON,Unknown,NONE DETECTED,Yes,No Apparent Injury,LOOKED BUT DID NOT SEE,MD,Police Vehicle/Non Emergency,10,2014.0,Dodge,CHARGER,22,Thursday,12
MCP2875008L,240015777,MONTGOMERY,Property Damage Crash,2024-04-04 18:18:00,Maryland (State) Route,FREDERICK RD (SB/L),OXBRIDGE DR,Rear To Side,Cloudy,Wet,Daylight,Stop Sign,"Not Suspect of Alcohol Use, Not Suspect of Drug Use",Yes,No Apparent Injury,Not Distracted,MD,Passenger Car,25,2017.0,Hyundai,SONATA,18,Thursday,4