Report Number,Local Case Number,Agency Name,ACRS Report Type,Crash Date/Time,Route Type,Road Name,Cross-Street Name,Collision Type,Weather,Surface Condition,Light,Traffic Control,Driver Substance Abuse,Driver At Fault,Injury Severity,Driver Distracted By,Drivers License State,Vehicle Body Type,Speed Limit,Vehicle Year,Vehicle Make,Vehicle Model,Crash Hour,Crash Day,Crash Month
MCP3045002V,200001223,Montgomery County Police,Injury Crash,2020-01-08 07:38:00,Maryland (State),RIVER RD,GREENWAY DR,SAME DIR REAR END,CLEAR,WET,DAYLIGHT,TRAFFIC SIGNAL,NONE DETECTED,No,Possible Injury,NOT DISTRACTED,MD,Passenger Car,35,2013.0,Volkswagen,PASSAT,7,Wednesday,1
DD5606003V,16057759,Rockville Police Departme,Injury Crash,2016-11-09 10:08:00,Maryland (State),VEIRS MILL RD,WOODBURN RD,SAME DIR REAR END,CLEAR,WET,DAYLIGHT,NO CONTROLS,NONE DETECTED,Yes,No Apparent Injury,NOT DISTRACTED,MD,Pickup Truck,35,1993.0,Chev,TK,10,Wednesday,11
MCP2187002V,250032862,MONTGOMERY,Property Damage Crash,2025-07-23 13:25:00,County Route,PICEA VIEW CT,Unknown,Other,Clear,Dry,Daylight,No Controls,"Not Suspect of Alcohol Use, Not Suspect of Drug Use",Yes,No Apparent Injury,Not Distracted,MD,Bus - School,10,2021.0,Thomas Built,HDX,13,Wednesday,7
MCP13230023,220042836,Montgomery County Police,Property Damage Crash,2022-10-01 13:49:00,County,WINDHAM LA,GEORGIA AVE,SAME DIR REAR END,RAINING,WET,DAYLIGHT,TRAFFIC SIGNAL,UNKNOWN,Yes,No Apparent Injury,LOOKED BUT DID NOT SEE,MD,Passenger Car,20,2018.0,Nissan,ALTIMA,13,Saturday,10
MCP3191000M,190021826,Montgomery County Police,Injury Crash,2019-05-09 08:00:00,Municipality,WOOTTON PKWY,GLEN MILL RD,STRAIGHT MOVEMENT ANGLE,CLEAR,DRY,DAYLIGHT,STOP SIGN,Unknown,No,Possible Injury,NOT DISTRACTED,MD,Passenger Car,35,2015.0,Honda,VN,8,Thursday,5
MCP3004001D,170506917,Montgomery County Police,Property Damage Crash,2017-05-09 20:55:00,Maryland (State),OLD GEORGETOWN RD,RAMP 6 FR RAMP 10 (FR IS270) TO MD 187,HEAD ON LEFT TURN,CLEAR,DRY,DARK LIGHTS ON,TRAFFIC SIGNAL,NONE DETECTED,Yes,No Apparent Injury,INATTENTIVE OR LOST IN THOUGHT,MD,Van,40,2010.0,Chry,VN,20,Tuesday,5
MCP25130042,240032447,MONTGOMERY,Injury Crash,2024-07-10 08:02:00,US (State),COLUMBIA PIKE (SB/L),Unknown,Rear To Rear,Clear,Dry,Daylight,No Controls,"Not Suspect of Alcohol Use, Not Suspect of Drug Use",No,No Apparent Injury,Not Distracted,MD,Passenger Car,55,2021.0,Tesla,UNKNOWN,8,Wednesday,7
MCP137801B6,240056954,MONTGOMERY,Injury Crash,2024-11-27 13:31:00,Maryland (State) Route,S FREDERICK RD,Unknown,Angle,Cloudy,Dry,Daylight,No Controls,"Not Suspect of Alcohol Use, Not Suspect of Drug Use",Yes,No Apparent Injury,Not Distracted,MD,Sport Utility Vehicle,35,2021.0,Subaru,CROSSTREK,13,Wednesday,11
MCP3125003C,210039876,Montgomery County Police,Injury Crash,2021-10-06 17:00:00,Maryland (State),VEIRS MILL RD,ATLANTIC AVE,SAME DIR REAR END,CLEAR,DRY,DAYLIGHT,TRAFFIC SIGNAL,ALCOHOL PRESENT,Yes,Possible Injury,UNKNOWN,MD,Passenger Car,40,2001.0,Honda,CIVIC,17,Wednesday,10
MCP2936004Q,210046892,Montgomery County Police,Injury Crash,2021-11-18 18:18:00,Maryland (State),ROCKVILLE PIKE,ENT TO MID-PIKE PLAZA,OTHER,RAINING,WET,DARK LIGHTS ON,OTHER,NONE DETECTED,Yes,No Apparent Injury,LOOKED BUT DID NOT SEE,MD,Passenger Car,30,2016.0,Ford,FIESTA,18,Thursday,11
EJ7888000K,210017426,Gaithersburg Police Depar,Property Damage Crash,2021-05-09 13:00:00,Maryland (State),MONTGOMERY VILLAGE AVE,RUSSELL AVE,SAME DIR REAR END,CLEAR,DRY,DAYLIGHT,NO CONTROLS,NONE DETECTED,No,No Apparent Injury,NOT DISTRACTED,MD,Passenger Car,35,2019.0,Toyota,HIGHLANDER,13,Sunday,5
MCP31120055,210020093,Montgomery County Police,Property Damage Crash,2021-05-26 17:53:00,Unknown,Unknown,Unknown,OTHER,CLEAR,Unknown,DAYLIGHT,Unknown,UNKNOWN,Yes,No Apparent Injury,UNKNOWN,MD,Pickup Truck,0,2016.0,Ram,2500,17,Wednesday,5
MCP33050042,250001758,MONTGOMERY,Property Damage Crash,2025-01-13 23:12:00,Unknown,Unknown,Unknown,Rear To Rear,Clear,Unknown,Dark - Lighted,Unknown,"Unknown, Unknown",No,Unknown,Unknown,Unknown,Passenger Car,0,2010.0,Honda,CIVIC,23,Monday,1
DD5610001B,15051752,ROCKVILLE,Injury Crash,2015-10-12 14:55:00,Maryland (State),VEIRS MILL RD,BROADWOOD DR,SINGLE VEHICLE,CLEAR,DRY,DAYLIGHT,NO CONTROLS,Unknown,Yes,Suspected Minor Injury,UNKNOWN,MD,Passenger Car,40,1998.0,Acura,INTEGRA,14,Monday,10
MCP30960044,230019290,Montgomery County Police,Property Damage Crash,2023-04-22 18:23:00,County,NEEDWOOD RD,EQUESTRIAN LA,SINGLE VEHICLE,CLEAR,WET,DAYLIGHT,NO CONTROLS,NONE DETECTED,Yes,No Apparent Injury,NOT DISTRACTED,MD,Passenger Car,30,2014.0,Toyota,RAV 4,18,Saturday,4
MCP1227001Y,230032731,Montgomery County Police,Fatal Crash,2023-07-09 20:43:00,Maryland (State),BEALLSVILLE RD,SELLMAN RD,SINGLE VEHICLE,CLEAR,DRY,DARK NO LIGHTS,Unknown,NONE DETECTED,No,Fatal Injury,NOT DISTRACTED,FL,Motorcycle,40,2007.0,Suzuki,GSX-R 600,20,Sunday,7
MCP3400002P,250040904,MONTGOMERY,Injury Crash,2025-09-11 18:47:00,County Route,TAMARACK RD,E RANDOLPH RD E RANDOLPH RD (WB/L),Front to Front,Clear,Dry,Daylight,Traffic Control Signal,"Not Suspect of Alcohol Use, Not Suspect of Drug Use",No,No Apparent Injury,Not Distracted,MD,Passenger Car,40,2022.0,Bmw,X5,18,Thursday,9
MCP3148001B,190025831,Montgomery County Police,Property Damage Crash,2019-05-30 17:14:00,Maryland (State),CONNECTICUT AVE,RAMP 4 FR MD 185 NB TO IS 495 EB,SAME DIRECTION SIDESWIPE,CLEAR,WET,DAYLIGHT,Unknown,NONE DETECTED,No,No Apparent Injury,NOT DISTRACTED,MD,Pickup Truck,35,2003.0,Ford,F250,17,Thursday,5
MCP23110017,15060893,MONTGOMERY,Injury Crash,2015-11-28 23:33:00,County,MUDDY BRANCH RD,WEST SIDE DR,SAME DIR REAR END,RAINING,WET,DARK LIGHTS ON,TRAFFIC SIGNAL,Unknown,No,No Apparent Injury,NOT DISTRACTED,MD,Passenger Car,35,2004.0,Chry,SU,23,Saturday,11
MCP3426001W,250025015,MONTGOMERY,Property Damage Crash,2025-06-05 08:19:00,Maryland (State) Route,WISCONSIN AVE,Unknown,Angle,Clear,Dry,Daylight,Traffic Control Signal,"Not Suspect of Alcohol Use, Not Suspect of Drug Use",No,No Apparent Injury,Not Distracted,WA,Passenger Car,35,2007.0,Toyota,RAV4,8,Thursday,6
MCP22310086,240042998,MONTGOMERY,Property Damage Crash,2024-09-10 13:45:00,Maryland (State) Route,QUINCE ORCHARD RD (SB/L),Unknown,Angle,Clear,Dry,Daylight,No Controls,"Not Suspect of Alcohol Use, Not Suspect of Drug Use",Yes,No Apparent Injury,Unknown,MD,Passenger Car,35,2012.0,Nissan,SENTRA,13,Tuesday,9
MCP3074000T,170547167,Montgomery County Police,Property Damage Crash,2017-12-07 14:21:00,Maryland (State),UNIVERSITY BLVD E,WILLIAMSBURG DR,SAME DIRECTION SIDESWIPE,CLEAR,DRY,DAYLIGHT,TRAFFIC SIGNAL,NONE DETECTED,No,No Apparent Injury,NOT DISTRACTED,MD,Passenger Car,35,2003.0,Toyota,RAV4,14,Thursday,12
EJ7836000T,170536535,Gaithersburg Police Depar,Property Damage Crash,2017-10-13 20:38:00,Maryland (State),GREAT SENECA HWY,SPUR TO SAM EIG HWY,SAME DIR REAR END,CLEAR,DRY,DARK LIGHTS ON,NO CONTROLS,NONE DETECTED,Yes,No Apparent Injury,NOT DISTRACTED,MD,Passenger Car,50,2009.0,Lexs,4S,20,Friday,10
MCP2877006L,180060089,Montgomery County Police,Property Damage Crash,2018-12-01 14:00:00,US (State),COLESVILLE RD,DALE DR,SAME DIR REAR END,RAINING,WET,DAYLIGHT,NO CONTROLS,NONE DETECTED,No,No Apparent Injury,NOT DISTRACTED,MD,Passenger Car,35,2017.0,Nissan,SENTRA,14,Saturday,12
MCP30380089,250057523,MONTGOMERY,Property Damage Crash,2025-12-24 18:23:00,County Route,SILVER SPRING AVE,Unknown,Front to Rear,Clear,Dry,Dark - Lighted,Traffic Control Signal,"Not Suspect of Alcohol Use, Not Suspect of Drug Use",No,No Apparent Injury,Not Distracted,MD,Passenger Car,20,2017.0,Honda,CIVIC,18,Wednesday,12
MCP1194001N,16002604,Montgomery County Police,Injury Crash,2016-01-14 16:26:00,County,WESTLAKE DR,WESTLAKE TERR,SAME DIR REND RIGHT TURN,CLEAR,DRY,DAYLIGHT,NO CONTROLS,NONE DETECTED,Yes,No Apparent Injury,LOOKED BUT DID NOT SEE,MD,Other,35,2006.0,Volk,4S,16,Thursday,1
MCP1453003T,17009706,Montgomery County Police,Injury Crash,2017-02-23 07:37:00,County,GERMANTOWN RD,SHAKESPEARE BLVD,SAME DIR REAR END,CLEAR,DRY,DAYLIGHT,NO CONTROLS,NONE DETECTED,Yes,No Apparent Injury,NOT DISTRACTED,MD,(Sport) Utility Vehicle,40,2007.0,Chevy,TAHOE,7,Thursday,2
MCP2737004P,200030891,Montgomery County Police,Property Damage Crash,2020-08-09 00:45:00,County,OLD BALTIMORE RD,DUMFRIES CIR,SAME DIR REAR END,CLEAR,DRY,DARK LIGHTS ON,NO CONTROLS,ALCOHOL PRESENT,Yes,No Apparent Injury,INATTENTIVE OR LOST IN THOUGHT,MD,Pickup Truck,35,2018.0,Toyota,TACOMA,0,Sunday,8
MCP29620095,240030517,MONTGOMERY,Property Damage Crash,2024-06-28 07:37:00,Maryland (State) Route,GERMANTOWN RD (SB/L),AIRCRAFT DR,Front to Front,Cloudy,Dry,Daylight,Traffic Control Signal,"Not Suspect of Alcohol Use, Not Suspect of Drug Use",No,No Apparent Injury,Not Distracted,MD,Passenger Car,35,2016.0,Subaru,CROSSTREK,7,Friday,6
MCP2850001S,210019303,Montgomery County Police,Property Damage Crash,2021-05-21 23:07:00,Maryland (State),MONTGOMERY VILLAGE AVE,RUSSELL AVE,SAME DIR REAR END,CLEAR,DRY,DARK LIGHTS ON,TRAFFIC SIGNAL,UNKNOWN,Yes,No Apparent Injury,LOOKED BUT DID NOT SEE,MD,Passenger Car,35,2011.0,Hyundai,GENESIS,23,Friday,5
DM8386000B,15057696,TAKOMA,Property Damage Crash,2015-11-12 09:35:00,Unknown,Unknown,Unknown,SINGLE VEHICLE,RAINING,Unknown,DAYLIGHT,NO CONTROLS,NONE DETECTED,Yes,No Apparent Injury,UNKNOWN,MD,Passenger Car,0,2013.0,Hyun,4S,9,Thursday,11
MCP9429000H,230065438,Montgomery County Police,Property Damage Crash,2023-11-09 17:17:00,US (State),COLESVILLE RD,NOYES DR,SAME DIRECTION LEFT TURN,CLOUDY,DRY,DUSK,OTHER,UNKNOWN,Yes,No Apparent Injury,NOT DISTRACTED,MD,Passenger Car,35,2000.0,Ford,EXPLORER,17,Thursday,11
DD5612000S,170507744,Rockville Police Departme,Property Damage Crash,2017-05-14 16:56:00,Maryland (State),HUNGERFORD DR,ENT TO BUSINESSES,STRAIGHT MOVEMENT ANGLE,CLEAR,DRY,DAYLIGHT,TRAFFIC SIGNAL,NONE DETECTED,Yes,No Apparent Injury,LOOKED BUT DID NOT SEE,MD,Passenger Car,0,2007.0,Ford,ESCAPE,16,Sunday,5
MCP137800LH,180027856,Montgomery County Police,Injury Crash,2018-06-06 12:52:00,Municipality,FIRSTFIELD RD,CLOPPER RD,SAME DIR REAR END,CLOUDY,DRY,DAYLIGHT,TRAFFIC SIGNAL,NONE DETECTED,Yes,Possible Injury,NOT DISTRACTED,MD,Passenger Car,35,2018.0,Toyota,CAMRY,12,Wednesday,6
DD5642000G,190054719,Rockville Police Departme,Property Damage Crash,2019-11-13 12:29:00,County,TWINBROOK PKWY,VEIRS MILL RD,STRAIGHT MOVEMENT ANGLE,CLEAR,DRY,DAYLIGHT,TRAFFIC SIGNAL,NONE DETECTED,Yes,No Apparent Injury,LOOKED BUT DID NOT SEE,MD,Other,40,2010.0,Usps,USPS,12,Wednesday,11
MCP2162005B,210052223,Montgomery County Police,Property Damage Crash,2021-12-22 15:33:00,Maryland (State),OLNEY SANDY SPRING RD,NORWOOD RD,STRAIGHT MOVEMENT ANGLE,CLEAR,DRY,DAYLIGHT,STOP SIGN,Unknown,No,No Apparent Injury,NOT DISTRACTED,MD,Pickup Truck,30,2011.0,Ford,F450,15,Wednesday,12
HA22390005,18001256,Maryland-National Capital,Property Damage Crash,2018-09-17 14:20:00,Maryland (State),NORBECK RD,DRURY RD,SAME DIR REAR END,RAINING,WET,DAYLIGHT,Unknown,Unknown,Yes,No Apparent Injury,NOT DISTRACTED,MD,Passenger Car,40,1988.0,Merz,4S,14,Monday,9
MCP1438002M,16027068,Montgomery County Police,Injury Crash,2016-05-31 10:19:00,Maryland (State),FREDERICK RD,S WESTLAND DR,ANGLE MEETS RIGHT TURN,CLEAR,DRY,DAYLIGHT,TRAFFIC SIGNAL,NONE DETECTED,No,Possible Injury,NOT DISTRACTED,MD,Passenger Car,40,2000.0,Hond,4D,10,Tuesday,5
MCP3222002M,230069140,Montgomery County Police,Injury Crash,2023-11-30 15:41:00,Maryland (State),BRADLEY BLVD,ENT TO SCHOOL,SAME DIR REAR END,CLEAR,DRY,DAYLIGHT,NO CONTROLS,NONE DETECTED,No,No Apparent Injury,NOT DISTRACTED,MD,Passenger Car,35,2018.0,Honda,ACCORD,15,Thursday,11
MCP11520007,15043853,MONTGOMERY,Property Damage Crash,2015-09-01 01:39:00,County,AIRPARK RD,MUNCASTER MILL RD,SINGLE VEHICLE,CLEAR,DRY,DARK LIGHTS ON,TRAFFIC SIGNAL,NONE DETECTED,Yes,No Apparent Injury,NOT DISTRACTED,MD,Police Vehicle/Non Emergency,50,2007.0,Dodge,CHARGER,1,Tuesday,9
MCP308600BQ,250014444,MONTGOMERY,Property Damage Crash,2025-04-03 06:00:00,Maryland (State) Route,Unknown,Unknown,Front to Rear,Rain,Wet,Dark - Lighted,No Controls,"Not Suspect of Alcohol Use, Not Suspect of Drug Use",No,No Apparent Injury,Not Distracted,MD,Pickup,35,2015.0,Chevrolet,SILVERADO,6,Thursday,4
MCP2973003K,170525849,Montgomery County Police,Injury Crash,2017-08-21 12:39:00,Maryland (State),UNIVERSITY BLVD W,GRANDVIEW AVE,SAME DIR REAR END,CLEAR,DRY,DAYLIGHT,NO CONTROLS,Unknown,No,Suspected Minor Injury,NOT DISTRACTED,MD,Passenger Car,35,2013.0,Toyota,TK,12,Monday,8
MCP31650056,240008002,MONTGOMERY,Property Damage Crash,2024-02-18 13:30:00,Maryland (State) Route,Unknown,Unknown,Front to Rear,Clear,Dry,Daylight,No Controls,"Not Suspect of Alcohol Use, Not Suspect of Drug Use",No,No Apparent Injury,Not Distracted,MD,Passenger Car,40,2021.0,Audi,A4,13,Sunday,2
MCP3245006C,240040975,MONTGOMERY,Property Damage Crash,2024-08-29 17:55:00,County Route,GOSHEN RD,BRINK RD BRINK RD (WB/L),Front to Front,Rain,Wet,Daylight,Stop Sign,"Not Suspect of Alcohol Use, Not Suspect of Drug Use",No,No Apparent Injury,Not Distracted,MD,Sport Utility Vehicle,25,2016.0,Toyota,RAV4,17,Thursday,8
MCP1221001L,15054761,MONTGOMERY,Injury Crash,2015-10-28 12:58:00,Maryland (State),W DIAMOND AVE,BUREAU DR,HEAD ON LEFT TURN,RAINING,WET,DAYLIGHT,TRAFFIC SIGNAL,NONE DETECTED,No,Suspected Minor Injury,NOT DISTRACTED,MD,(Sport) Utility Vehicle,40,2007.0,Jeep,VN,12,Wednesday,10
MCP261700B5,220022170,Montgomery County Police,Property Damage Crash,2022-05-24 15:00:00,Maryland (State),NORBECK RD,ENT TO APTS,OTHER,CLOUDY,DRY,DAYLIGHT,NO CONTROLS,NONE DETECTED,No,No Apparent Injury,NOT DISTRACTED,MD,Passenger Car,35,2018.0,Honda,FIT,15,Tuesday,5
MCP229800DV,170516075,Montgomery County Police,Injury Crash,2017-06-27 19:21:00,Maryland (State),WOODFIELD RD,VALLEY PARK DR,SINGLE VEHICLE,CLEAR,DRY,DAYLIGHT,NO CONTROLS,Unknown,Yes,Possible Injury,USING OTHER DEVICE CONTROLS INTEGRAL TO VEHICLE,MD,(Sport) Utility Vehicle,40,2007.0,Jeep,CHEROKEE,19,Tuesday,6
MCP9422000R,170528819,Montgomery County Police,Property Damage Crash,2017-09-05 15:34:00,US (State),COLESVILLE RD,TIMBERWOOD AVE,SAME DIR REAR END,CLEAR,DRY,DAYLIGHT,NO CONTROLS,NONE DETECTED,Yes,No Apparent Injury,NOT DISTRACTED,MD,Police Vehicle/Non Emergency,35,2017.0,Ford,4S,15,Tuesday,9
MCP3113002B,200005943,Montgomery County Police,Property Damage Crash,2020-02-05 09:05:00,County,FOREST GLEN RD,GEORGIA AVE,SAME DIRECTION LEFT TURN,CLOUDY,WET,DAYLIGHT,TRAFFIC SIGNAL,Unknown,No,No Apparent Injury,NOT DISTRACTED,MD,Passenger Car,30,2017.0,Honda,CIVIC,9,Wednesday,2
MCP11130042,220008766,Montgomery County Police,Property Damage Crash,2022-03-01 07:38:00,Maryland (State),WOODFIELD RD,GREENEL RD,ANGLE MEETS LEFT TURN,CLEAR,DRY,DAYLIGHT,STOP SIGN,NONE DETECTED,No,No Apparent Injury,NOT DISTRACTED,MD,Police Vehicle/Non Emergency,40,2014.0,Dodge,CHARGER,7,Tuesday,3
MCP2450005G,240054894,MONTGOMERY,Injury Crash,2024-11-15 18:00:00,Interstate (State),EISENHOWER MEMORIAL HWY,Unknown,Front to Rear,Clear,Dry,Dark - Lighted,No Controls,"Not Suspect of Alcohol Use, Not Suspect of Drug Use",No,No Apparent Injury,Not Distracted,MD,Sport Utility Vehicle,55,2021.0,Toyota,HIGHLANDER,18,Friday,11
MCP1477000B,16013343,MONTGOMERY,Property Damage Crash,2016-03-18 10:17:00,Unknown,Unknown,Unknown,STRAIGHT MOVEMENT ANGLE,CLEAR,Unknown,DAYLIGHT,NO CONTROLS,NONE DETECTED,Yes,No Apparent Injury,NOT DISTRACTED,MD,Passenger Car,5,2014.0,Toyota,COROLLA,10,Friday,3
DD5651006D,250024027,ROCKVILLE,Property Damage Crash,2025-05-30 12:08:00,Maryland (State) Route,W MONTGOMERY AVE (WB/L),Unknown,Front to Rear,Clear,Dry,Daylight,Traffic Control Signal,"Not Suspect of Alcohol Use, Not Suspect of Drug Use",No,No Apparent Injury,Not Distracted,MD,Passenger Car,45,2017.0,Subaru,FORESTER,12,Friday,5
MCP2941001K,16065537,Montgomery County Police,Property Damage Crash,2016-12-21 19:31:00,County,FIDLER LA,GEORGIA AVE,STRAIGHT MOVEMENT ANGLE,Unknown,DRY,DARK LIGHTS ON,NO CONTROLS,NONE DETECTED,Yes,No Apparent Injury,LOOKED BUT DID NOT SEE,MD,Passenger Car,30,2012.0,Hyundai,4D,19,Wednesday,12
MCP2730001V,200026634,Montgomery County Police,Property Damage Crash,2020-07-09 12:00:00,County,FATHER HURLEY BLVD,WISTERIA DR,SAME DIR REAR END,CLEAR,DRY,DAYLIGHT,TRAFFIC SIGNAL,Unknown,No,No Apparent Injury,NOT DISTRACTED,MD,Passenger Car,35,2013.0,Dodge,AVENGER,12,Thursday,7
MCP10640035,15038650,MONTGOMERY,Injury Crash,2015-08-04 12:20:00,County,WAYNE AVE,GEORGIA AVE,SAME DIRECTION SIDESWIPE,CLEAR,DRY,DAYLIGHT,TRAFFIC SIGNAL,Unknown,No,No Apparent Injury,NOT DISTRACTED,MD,Transit Bus,25,2011.0,Gill,BUS,12,Tuesday,8
MCP3153001X,190062963,Montgomery County Police,Injury Crash,2019-12-31 17:51:00,Unknown,Unknown,Unknown,SAME DIRECTION SIDESWIPE,CLEAR,Unknown,DARK LIGHTS ON,NO CONTROLS,NONE DETECTED,Yes,No Apparent Injury,DISTRACTED BY OUTSIDE PERSON OBJECT OR EVENT,MD,Passenger Car,15,2018.0,Ford,TK,17,Tuesday,12
MCP2016007K,230071633,Montgomery County Police,Property Damage Crash,2023-12-14 07:52:00,Maryland (State),FREDERICK RD,E GUDE DR,SAME DIR REAR END,CLEAR,DRY,DAYLIGHT,TRAFFIC SIGNAL,Unknown,No,No Apparent Injury,NOT DISTRACTED,MD,Passenger Car,40,2016.0,Pors,UT,7,Thursday,12
MCP2977009S,220045473,Montgomery County Police,Property Damage Crash,2022-10-17 08:51:00,County,LOCKWOOD DR,NEW HAMPSHIRE AVE,SAME DIRECTION SIDESWIPE,CLOUDY,UNKNOWN,DAYLIGHT,TRAFFIC SIGNAL,UNKNOWN,Yes,No Apparent Injury,UNKNOWN,Unknown,Passenger Car,30,2013.0,Hond,CIVIC,8,Monday,10
MCP27230039,180004037,Montgomery County Police,Property Damage Crash,2018-01-24 11:45:00,Maryland (State),GEORGIA AVE,HINES RD,SINGLE VEHICLE,CLEAR,DRY,DAYLIGHT,WARNING SIGN,UNKNOWN,Yes,No Apparent Injury,UNKNOWN,XX,Pickup Truck,40,2010.0,Ford,TRUCK,11,Wednesday,1
DD56680009,230030506,Rockville Police Departme,Property Damage Crash,2023-06-26 08:30:00,Municipality,OKINAWA AVE,CRAWFORD DR,SAME DIR REAR END,CLEAR,DRY,DAYLIGHT,NO CONTROLS,NONE DETECTED,Yes,No Apparent Injury,LOOKED BUT DID NOT SEE,MD,Passenger Car,25,2011.0,Subaru,4D,8,Monday,6
MCP2823001D,15038160,MONTGOMERY,Property Damage Crash,2015-08-01 21:05:00,Maryland (State),CONNECTICUT AVE,ATHERTON DR,SAME DIR REND LEFT TURN,CLEAR,DRY,DARK LIGHTS ON,NO CONTROLS,NONE DETECTED,No,No Apparent Injury,NOT DISTRACTED,MD,Passenger Car,45,2010.0,Hond,2S,21,Saturday,8
MCP3229001M,220037283,Montgomery County Police,Property Damage Crash,2022-08-28 23:15:00,County,DARNESTOWN RD,HI WOOD DR,SINGLE VEHICLE,CLEAR,DRY,DARK NO LIGHTS,Unknown,NONE DETECTED,Yes,No Apparent Injury,OTHER DISTRACTION,MD,Police Vehicle/Non Emergency,40,2014.0,Ford,INTERCEPTOR,23,Sunday,8
MCP2891003Q,170507220,Montgomery County Police,Property Damage Crash,2017-05-11 12:26:00,Interstate (State),CAPITAL BELTWAY,EXIT #33,SINGLE VEHICLE,RAINING,WET,DAYLIGHT,Unknown,NONE DETECTED,Yes,No Apparent Injury,NOT DISTRACTED,MD,Passenger Car,55,2003.0,Gmc,ENVOY,12,Thursday,5
MCP3053009C,250043838,MONTGOMERY,Property Damage Crash,2025-09-29 17:33:00,Local Route,JONES LA,Unknown,Front to Rear,Clear,Dry,Daylight,No Controls,"Unknown, Unknown",No,Unknown,Unknown,Unknown,Passenger Car,15,2018.0,Hyundai,ELANTRA,17,Monday,9
MCP2177001F,17003306,Montgomery County Police,Property Damage Crash,2017-01-19 14:35:00,Unknown,Unknown,Unknown,HEAD ON,CLOUDY,Unknown,DAYLIGHT,Unknown,NONE DETECTED,Yes,No Apparent Injury,NOT DISTRACTED,VA,Passenger Car,5,2009.0,Dodge,CARAVAN,14,Thursday,1
MCP28240021,16024723,Montgomery County Police,Property Damage Crash,2016-05-18 15:34:00,Maryland (State),FISHER AVE,WOOTTON AVE,SAME DIR REAR END,CLOUDY,DRY,DAYLIGHT,NO CONTROLS,Unknown,No,No Apparent Injury,NOT DISTRACTED,VA,Passenger Car,25,2014.0,Subaru,CROSSTREK,15,Wednesday,5
MCP2877000Y,15006010,Montgomery County Police,Property Damage Crash,2015-02-06 08:00:00,US (State),GEORGIA AVE,STODDARD PL,SAME DIR REAR END,CLEAR,DRY,DAYLIGHT,NO CONTROLS,NONE DETECTED,No,No Apparent Injury,NOT DISTRACTED,GA,Passenger Car,35,2009.0,Kia,SPORTAGE,8,Friday,2
MCP2991001T,170510199,Montgomery County Police,Property Damage Crash,2017-05-27 11:08:00,Maryland (State),NEW HAMPSHIRE AVE,ASHTON RD,HEAD ON LEFT TURN,RAINING,WET,DAYLIGHT,TRAFFIC SIGNAL,NONE DETECTED,Yes,No Apparent Injury,LOOKED BUT DID NOT SEE,MD,Passenger Car,40,2004.0,Acura,TX,11,Saturday,5
MCP3065002Y,190037204,Montgomery County Police,Injury Crash,2019-08-05 04:58:00,US (State),COLUMBIA PIKE,MUSGROVE RD,SAME DIR REAR END,CLEAR,DRY,DARK LIGHTS ON,TRAFFIC SIGNAL,NONE DETECTED,No,Suspected Minor Injury,NOT DISTRACTED,MD,Passenger Car,50,2012.0,Toyt,4S,4,Monday,8
MCP93860081,210000693,Montgomery County Police,Property Damage Crash,2021-01-06 14:05:00,Maryland (State),ROCKVILLE PIKE,POOKS HILL RD,SAME DIR REAR END,CLOUDY,DRY,DAYLIGHT,TRAFFIC SIGNAL,NONE DETECTED,Yes,No Apparent Injury,UNKNOWN,MD,Passenger Car,35,2005.0,Subaru,OUTBACK,14,Wednesday,1
MCP1604001B,180044305,Montgomery County Police,Property Damage Crash,2018-09-05 12:50:00,County,SNOUFFERS SCHOOL RD,MOONEY DR,HEAD ON LEFT TURN,CLEAR,DRY,DAYLIGHT,TRAFFIC SIGNAL,NONE DETECTED,No,No Apparent Injury,NOT DISTRACTED,VA,Pickup Truck,35,2012.0,Ford,PU,12,Wednesday,9
MCP2351003G,190050325,Montgomery County Police,Property Damage Crash,2019-10-20 12:07:00,County,MONTROSE RD,TOWER OAKS BLVD,SAME DIR REAR END,RAINING,WET,DAYLIGHT,TRAFFIC SIGNAL,NONE DETECTED,No,No Apparent Injury,NOT DISTRACTED,MD,Passenger Car,45,2016.0,Hyundai,4S,12,Sunday,10
MCP289200CS,220037387,Montgomery County Police,Property Damage Crash,2022-08-29 15:46:00,County,DENNIS AVE,BRUNSWICK AVE,SAME DIRECTION SIDESWIPE,CLEAR,DRY,DAYLIGHT,NO CONTROLS,NONE DETECTED,Yes,No Apparent Injury,NOT DISTRACTED,MD,School Bus,25,2015.0,Frht,BU,15,Monday,8
MCP05800003,15016281,Montgomery County Police,Property Damage Crash,2015-04-08 15:05:00,County,E GUDE DR,CALHOUN DR,SAME DIR REAR END,RAINING,WET,DAYLIGHT,FLASHING TRAFFIC SIGNAL,Unknown,No,No Apparent Injury,UNKNOWN,MD,Passenger Car,40,2002.0,Chrysler,VAN,15,Wednesday,4
MCP30190056,220040583,Montgomery County Police,Injury Crash,2022-09-18 14:45:00,Maryland (State),ROCKVILLE PIKE,STRATHMORE AVE,ANGLE MEETS LEFT TURN,Unknown,DRY,DAYLIGHT,TRAFFIC SIGNAL,Unknown,Yes,Possible Injury,UNKNOWN,MD,Passenger Car,40,2014.0,Subaru,IMPREZA,14,Sunday,9