Report Number,Local Case Number,Agency Name,ACRS Report Type,Crash Date/Time,Route Type,Road Name,Cross-Street Name,Collision Type,Weather,Surface Condition,Light,Traffic Control,Driver Substance Abuse,Driver At Fault,Injury Severity,Driver Distracted By,Drivers License State,Vehicle Body Type,Speed Limit,Vehicle Year,Vehicle Make,Vehicle Model,Crash Hour,Crash Day,Crash Month
MCP22390013,190003324,Montgomery County Police,Property Damage Crash,2019-01-22 08:11:00,County,DARNESTOWN RD,YEARLING DR,SAME DIR REAR END,CLEAR,DRY,DAYLIGHT,Unknown,Unknown,No,No Apparent Injury,NOT DISTRACTED,MD,Passenger Car,35,2000.0,Toyota,RAV 4,8,Tuesday,1
MCP2378000H,15059430,MONTGOMERY,Property Damage Crash,2015-11-20 23:00:00,Maryland (State),ROCKVILLE PIKE,NICHOLSON LA,OTHER,CLEAR,DRY,DARK LIGHTS ON,Unknown,UNKNOWN,Yes,No Apparent Injury,UNKNOWN,Unknown,(Sport) Utility Vehicle,35,9999.0,Hond,CRV,23,Friday,11
MCP3228000F,200011529,Montgomery County Police,Property Damage Crash,2020-03-09 03:41:00,Unknown,EAST FALKLAND LN,EAST-WEST HWY,SAME DIRECTION SIDESWIPE,Unknown,DRY,DARK -- UNKNOWN LIGHTING,Unknown,UNKNOWN,Yes,No Apparent Injury,NOT DISTRACTED,DC,(Sport) Utility Vehicle,25,2012.0,Honda,CRV,3,Monday,3
DD5674001D,250017396,ROCKVILLE,Property Damage Crash,2025-04-22 08:54:00,Maryland (State) Route,NORBECK RD (WB/L),Unknown,"Sideswipe, Same Direction",Clear,Dry,Daylight,No Controls,"Not Suspect of Alcohol Use, Not Suspect of Drug Use",Yes,No Apparent Injury,Unknown,MD,Passenger Car,35,2021.0,Lexus,ES,8,Tuesday,4
EJ7777000W,17006137,Gaithersburg Police Depar,Injury Crash,2017-02-04 11:30:00,Maryland (State),FREDERICK RD,S WESTLAND DR,SAME DIR REAR END,CLEAR,DRY,DAYLIGHT,TRAFFIC SIGNAL,NONE DETECTED,No,No Apparent Injury,NOT DISTRACTED,MD,Passenger Car,35,2016.0,Toyt,PRIUS,11,Saturday,2
EJ7850000R,15016690,Gaithersburg Police Depar,Property Damage Crash,2015-04-10 21:56:00,Maryland (State),S FREDERICK RD,S SUMMIT AVE,SAME DIR BOTH LEFT TURN,CLEAR,DRY,DARK LIGHTS ON,TRAFFIC SIGNAL,NONE DETECTED,Yes,No Apparent Injury,INATTENTIVE OR LOST IN THOUGHT,MD,Passenger Car,30,2003.0,Toyota,CORROLA,21,Friday,4
MCP2516000D,15002565,Montgomery County Police,Property Damage Crash,2015-01-16 13:07:00,Unknown,Unknown,Unknown,OTHER,CLEAR,Unknown,DAYLIGHT,NO CONTROLS,Unknown,No,No Apparent Injury,NOT DISTRACTED,MD,Passenger Car,10,2012.0,Toyota,PRIUS,13,Friday,1
MCP209400MT,230060787,Montgomery County Police,Property Damage Crash,2023-10-16 08:17:00,Maryland (State),RIVER RD,OGDEN RD,STRAIGHT MOVEMENT ANGLE,CLEAR,DRY,DAYLIGHT,STOP SIGN,NONE DETECTED,Yes,No Apparent Injury,UNKNOWN,MD,(Sport) Utility Vehicle,35,2013.0,Nissan,PATHFINDER,8,Monday,10
MCP2917009J,220022999,Montgomery County Police,Injury Crash,2022-05-30 15:35:00,Maryland (State),NORBECK RD,HANNANS WAY,STRAIGHT MOVEMENT ANGLE,CLEAR,DRY,DAYLIGHT,STOP SIGN,NONE DETECTED,No,Possible Injury,NOT DISTRACTED,MD,Passenger Car,35,2019.0,Nissan,MAXIMA,15,Monday,5
MCP24460032,170523336,Montgomery County Police,Property Damage Crash,2017-08-06 14:34:00,Maryland (State),CLARKSBURG RD,END BRIDGE,HEAD ON LEFT TURN,CLEAR,DRY,DAYLIGHT,TRAFFIC SIGNAL,NONE DETECTED,Yes,No Apparent Injury,UNKNOWN,MD,Passenger Car,35,2012.0,Nissan,ALTIMA,14,Sunday,8
MCP295400C4,220030739,Montgomery County Police,Property Damage Crash,2022-07-17 19:42:00,Maryland (State),PINEY BRANCH RD,BARRON ST,OTHER,CLOUDY,DRY,DAYLIGHT,TRAFFIC SIGNAL,ALCOHOL PRESENT,Yes,No Apparent Injury,OTHER DISTRACTION,MD,Passenger Car,30,2013.0,Nissan,ALTIMA,19,Sunday,7
MCP3322003D,250012657,MONTGOMERY,Property Damage Crash,2025-03-22 02:03:00,Private Route,Unknown,Unknown,Front to Rear,Clear,Dry,Dark - Lighted,No Controls,"Not Suspect of Alcohol Use, Not Suspect of Drug Use",No,No Apparent Injury,Not Distracted,MD,Passenger Car,15,2015.0,Honda,CIVIC,2,Saturday,3
MCP2850001L,200008920,Montgomery County Police,Injury Crash,2020-02-22 21:28:00,County,GOSHEN RD,CENTERWAY RD,HEAD ON,CLEAR,DRY,DARK LIGHTS ON,NO CONTROLS,Unknown,No,Suspected Serious Injury,NOT DISTRACTED,MD,Passenger Car,35,2005.0,Toyota,SCION,21,Saturday,2
MCP2372006P,240039138,MONTGOMERY,Property Damage Crash,2024-08-19 10:33:00,Maryland (State) Route,ROCKVILLE PIKE,Unknown,Front to Rear,Clear,Dry,Daylight,Traffic Control Signal,"Not Suspect of Alcohol Use, Not Suspect of Drug Use",Yes,No Apparent Injury,Unknown,MD,Passenger Car,35,2013.0,Volkswagen,JETTA,10,Monday,8
MCP9412000M,180054992,Montgomery County Police,Injury Crash,2018-11-02 12:46:00,Maryland (State),ROCKVILLE PIKE,OLD GEORGETOWN RD,SAME DIR REAR END,CLEAR,DRY,DAYLIGHT,TRAFFIC SIGNAL,NONE DETECTED,Yes,No Apparent Injury,NOT DISTRACTED,MD,Passenger Car,35,2018.0,Ford,4DOOR,12,Friday,11
MCP1181000S,190002155,Montgomery County Police,Property Damage Crash,2019-01-14 15:59:00,Maryland (State),RIDGE RD,FREDERICK RD,SAME DIR REAR END,CLEAR,WET,DAYLIGHT,NO CONTROLS,COMBINED SUBSTANCE PRESENT,No,No Apparent Injury,NOT DISTRACTED,MD,Passenger Car,40,2007.0,Toyt,4S,15,Monday,1
MCP2508000N,180039004,Montgomery County Police,Property Damage Crash,2018-08-06 14:52:00,County,MIDDLEBROOK RD,OBSERVATION DR,STRAIGHT MOVEMENT ANGLE,CLEAR,DRY,DAYLIGHT,TRAFFIC SIGNAL,NONE DETECTED,No,No Apparent Injury,NOT DISTRACTED,MD,Passenger Car,40,2015.0,Subaru,FORESTER,14,Monday,8
MCP28320023,16023006,Montgomery County Police,Injury Crash,2016-05-09 14:10:00,Unknown,Unknown,Unknown,SINGLE VEHICLE,RAINING,Unknown,DAYLIGHT,NO CONTROLS,NONE DETECTED,Yes,No Apparent Injury,NOT DISTRACTED,DC,(Sport) Utility Vehicle,10,2008.0,Lexs,RX350,14,Monday,5
MCP2191003H,210022116,Montgomery County Police,Property Damage Crash,2021-06-10 12:12:00,County,NEBEL ST,RANDOLPH RD,SAME DIRECTION SIDESWIPE,CLEAR,DRY,DAYLIGHT,NO CONTROLS,NONE DETECTED,No,No Apparent Injury,NOT DISTRACTED,MA,(Sport) Utility Vehicle,25,2018.0,Audi,Q5 SUV,12,Thursday,6
MCP13780137,230001323,Montgomery County Police,Property Damage Crash,2023-01-09 12:41:00,Maryland (State),CLARKSBURG RD,FREDERICK RD,SAME DIRECTION SIDESWIPE,CLEAR,DRY,DAYLIGHT,NO CONTROLS,NONE DETECTED,Yes,No Apparent Injury,NOT DISTRACTED,MD,Passenger Car,30,2020.0,Chevrolet,SPARK,12,Monday,1
MCP1378011T,22003338,Montgomery County Police,Injury Crash,2022-08-03 14:43:00,Maryland (State),PINEY BRANCH RD,SLIGO AVE,SAME DIR REAR END,CLEAR,DRY,DAYLIGHT,NO CONTROLS,NONE DETECTED,No,Possible Injury,NOT DISTRACTED,MD,Pickup Truck,30,2016.0,Dodge,RAM,14,Wednesday,8
DD5631003K,200027839,Rockville Police Departme,Property Damage Crash,2020-07-17 23:00:00,Municipality,MIDWAY AVE,VEIRS MILL RD,STRAIGHT MOVEMENT ANGLE,CLEAR,DRY,DARK LIGHTS ON,NO CONTROLS,NONE DETECTED,Yes,No Apparent Injury,LOOKED BUT DID NOT SEE,MD,Passenger Car,40,2001.0,Toyota,4 DOOR,23,Friday,7
MCP3003002S,180054178,Montgomery County Police,Injury Crash,2018-10-29 15:07:00,Maryland (State),FALLS RD,DEMOCRACY BLVD,SAME DIR REAR END,CLEAR,DRY,DAYLIGHT,TRAFFIC SIGNAL,NONE DETECTED,No,Suspected Minor Injury,NOT DISTRACTED,MD,Passenger Car,35,2013.0,Merz,ML350,15,Monday,10
MCP2776000R,15003483,Montgomery County Police,Property Damage Crash,2015-01-22 01:39:00,Unknown,Unknown,Unknown,SINGLE VEHICLE,CLEAR,Unknown,DARK LIGHTS ON,NO CONTROLS,ILLEGAL DRUG PRESENT,Yes,No Apparent Injury,UNKNOWN,MD,Passenger Car,10,2000.0,Honda,CRV,1,Thursday,1
MCP22910061,220021749,Montgomery County Police,Property Damage Crash,2022-05-21 20:33:00,Maryland (State),EAST WEST HWY,GRUBB RD,OPPOSITE DIRECTION SIDESWIPE,CLEAR,DRY,DARK LIGHTS ON,TRAFFIC SIGNAL,NONE DETECTED,Yes,No Apparent Injury,UNKNOWN,MD,(Sport) Utility Vehicle,35,2022.0,Kia,TELLURIDE,20,Saturday,5
MCP301000B2,240041874,MONTGOMERY,Property Damage Crash,2024-09-04 10:18:00,Unknown,Unknown,Unknown,Front to Rear,Clear,Unknown,Daylight,Unknown,"Unknown, Unknown",No,No Apparent Injury,Unknown,Unknown,Passenger Car,0,2004.0,Toyota,CAMRY,10,Wednesday,9
MCP3224000W,200048599,Montgomery County Police,Property Damage Crash,2020-12-10 05:04:00,Maryland (State),GEORGIA AVE,RAMP 6 FR IS 495 EB TO MD 97 SB,STRAIGHT MOVEMENT ANGLE,CLEAR,Unknown,DARK LIGHTS ON,TRAFFIC SIGNAL,NONE DETECTED,No,No Apparent Injury,NOT DISTRACTED,MD,Passenger Car,35,2011.0,Chevrolet,SILVERADO,5,Thursday,12
EJ786600C7,230026114,Gaithersburg Police Depar,Property Damage Crash,2023-05-31 14:15:00,Unknown,Unknown,Unknown,Unknown,CLEAR,Unknown,DAYLIGHT,Unknown,NONE DETECTED,No,No Apparent Injury,NOT DISTRACTED,NJ,Passenger Car,0,2015.0,Merz,E350,14,Wednesday,5
MCP29680008,15018904,Montgomery County Police,Property Damage Crash,2015-04-22 13:46:00,Maryland (State),FREDERICK RD,ENT TO SHADY GROVE METRO STATION,OTHER,CLOUDY,DRY,DAYLIGHT,NO CONTROLS,NONE DETECTED,No,No Apparent Injury,NOT DISTRACTED,MD,Transit Bus,30,2008.0,Gill,BU,13,Wednesday,4
MCP1205008X,230007102,Montgomery County Police,Property Damage Crash,2023-02-12 09:00:00,Maryland (State),EAST WEST HWY,GRUBB RD,HEAD ON LEFT TURN,RAINING,WET,DAYLIGHT,TRAFFIC SIGNAL,NONE DETECTED,No,No Apparent Injury,NOT DISTRACTED,MD,Passenger Car,35,2013.0,Toyota,SCION,9,Sunday,2
MCP2395001J,200001134,Montgomery County Police,Property Damage Crash,2020-01-07 16:00:00,Maryland (State),DARNESTOWN RD,BEALLSVILLE RD,SAME DIR REAR END,SNOW,SNOW,DAYLIGHT,Unknown,NONE DETECTED,No,No Apparent Injury,NOT DISTRACTED,MD,Passenger Car,30,2017.0,Volks,JETTA,16,Tuesday,1
MCP2727001B,17014845,Montgomery County Police,Injury Crash,2017-03-23 13:48:00,Maryland (State),FREDERICK RD,RUNNING BROOK DR,SAME DIR REAR END,Unknown,DRY,DAYLIGHT,NO CONTROLS,NONE DETECTED,Yes,No Apparent Injury,LOOKED BUT DID NOT SEE,MD,Passenger Car,40,2013.0,Hond,ACCORD,13,Thursday,3
MCP2850002B,230001626,Montgomery County Police,Injury Crash,2023-01-11 00:19:00,County,QUAIL VALLEY BLVD,QUAIL VALLEY DR,OTHER,CLEAR,DRY,DARK LIGHTS ON,NO CONTROLS,Unknown,Yes,Possible Injury,INATTENTIVE OR LOST IN THOUGHT,MD,Passenger Car,30,2015.0,Nissan,VAN,0,Wednesday,1
MCP29750017,16030554,Montgomery County Police,Injury Crash,2016-06-16 22:06:00,County,BEL PRE RD,CONNECTICUT AVE,SAME DIR REAR END,RAINING,WET,DARK LIGHTS ON,TRAFFIC SIGNAL,NONE DETECTED,No,No Apparent Injury,NOT DISTRACTED,MD,Passenger Car,40,2007.0,Mazda,3,22,Thursday,6
MCP27260026,170522242,Montgomery County Police,Property Damage Crash,2017-08-01 08:53:00,Municipality,E GUDE DR,TAFT ST,OTHER,CLEAR,DRY,DAYLIGHT,TRAFFIC SIGNAL,Unknown,No,No Apparent Injury,NOT DISTRACTED,MD,Passenger Car,40,2005.0,Honda,4S,8,Tuesday,8
MCP2798006D,240040213,MONTGOMERY,Injury Crash,2024-08-25 15:30:00,County Route,WISTERIA DR,Unknown,Front to Rear,Clear,Dry,Daylight,No Controls,"Not Suspect of Alcohol Use, Unknown",Yes,Possible Injury,Unknown,MD,Sport Utility Vehicle,35,2018.0,Ford,EDGE,15,Sunday,8
MCP30030026,180036980,Montgomery County Police,Property Damage Crash,2018-07-26 10:15:00,County,GREENTREE RD,BRADMOOR DR,STRAIGHT MOVEMENT ANGLE,CLEAR,DRY,DAYLIGHT,STOP SIGN,NONE DETECTED,Yes,No Apparent Injury,UNKNOWN,MD,Passenger Car,30,2002.0,Volkswagen,JETTA,10,Thursday,7
MCP3005000V,16022804,Montgomery County Police,Injury Crash,2016-05-08 08:32:00,Maryland (State),VEIRS MILL RD,NEWPORT MILL RD,SAME DIRECTION SIDESWIPE,Unknown,Unknown,DAYLIGHT,NO CONTROLS,NONE DETECTED,Yes,No Apparent Injury,LOOKED BUT DID NOT SEE,MD,"Cargo Van/Light Truck 2 Axles (Over 10,000Lbs (4,536 Kg))",40,2012.0,Niss,TK,8,Sunday,5
MCP3394000J,240018323,MONTGOMERY,Property Damage Crash,2024-04-19 15:19:00,Maryland (State) Route,STRATHMORE AVE,ROCKVILLE PIKE (SB/L),Front to Rear,Cloudy,Wet,Daylight,Traffic Control Signal,"Not Suspect of Alcohol Use, Not Suspect of Drug Use",No,No Apparent Injury,Not Distracted,MD,Passenger Car,40,2016.0,Toyota,RAV4,15,Friday,4
EJ78570015,170503513,Gaithersburg Police Depar,Injury Crash,2017-04-22 04:57:00,County,MONTGOMERY VILLAGE AVE,MIDCOUNTY HWY,HEAD ON,Unknown,WET,DARK LIGHTS ON,FLASHING TRAFFIC SIGNAL,NONE DETECTED,No,No Apparent Injury,NOT DISTRACTED,VA,Passenger Car,35,2003.0,Toyota,COROLA,4,Saturday,4
MCP31880016,190043383,Montgomery County Police,Injury Crash,2019-09-10 16:26:00,Maryland (State),EAST WEST HWY (W/B COUPLET),PEARL ST,SAME DIRECTION SIDESWIPE,CLEAR,DRY,DAYLIGHT,Unknown,Unknown,Yes,No Apparent Injury,NOT DISTRACTED,MD,Passenger Car,25,2014.0,Jeep,TK,16,Tuesday,9
MCP320000BN,240013458,MONTGOMERY,Injury Crash,2024-03-21 09:13:00,County Route,ROCKLEDGE DR (SB/L),Unknown,Front to Rear,Clear,Dry,Daylight,Pedestrian Crossing Sign,"Not Suspect of Alcohol Use, Not Suspect of Drug Use",No,Suspected Minor Injury,Not Distracted,MD,Sport Utility Vehicle,30,2012.0,Infiniti,FX35,9,Thursday,3
MCP1099000Q,16016731,Montgomery County Police,Property Damage Crash,2016-04-06 07:00:00,County,CATHEDRAL WAY,IMPULSE LA,HEAD ON,CLEAR,DRY,DARK LIGHTS ON,NO CONTROLS,Unknown,No,No Apparent Injury,NO DRIVER PRESENT,CA,"Other Light Trucks (10,000Lbs (4,536Kg) Or Less)",25,2006.0,Nissan,4DOOR,7,Wednesday,4
MCP2875006Q,220056647,Montgomery County Police,Injury Crash,2022-12-21 15:20:00,Maryland (State),FREDERICK RD,PLUMMER DR,HEAD ON LEFT TURN,CLEAR,DRY,DAYLIGHT,TRAFFIC SIGNAL,NONE DETECTED,No,Possible Injury,NOT DISTRACTED,MD,Passenger Car,40,2004.0,Volkswagen,JETTA,15,Wednesday,12
MCP9130007M,190030806,Montgomery County Police,Property Damage Crash,2019-06-28 10:21:00,Maryland (State),PINEY BRANCH RD,PARKSIDE RD,OPPOSITE DIRECTION SIDESWIPE,CLEAR,DRY,DAYLIGHT,NO CONTROLS,NONE DETECTED,No,No Apparent Injury,NOT DISTRACTED,MD,Passenger Car,30,2012.0,Toyota,PRIUS,10,Friday,6
MCP3115006N,230034904,Montgomery County Police,Property Damage Crash,2023-07-22 13:00:00,County,BRIGGS CHANEY RD,CASTLE BLVD,ANGLE MEETS LEFT TURN,CLEAR,DRY,DAYLIGHT,TRAFFIC SIGNAL,Unknown,Yes,No Apparent Injury,NOT DISTRACTED,MD,Passenger Car,35,2010.0,Al,SD,13,Saturday,7
MCP22120041,190029857,Montgomery County Police,Injury Crash,2019-06-22 14:18:00,County,E RANDOLPH RD,APPLEBY DR,SAME DIRECTION RIGHT TURN,CLEAR,DRY,DAYLIGHT,NO CONTROLS,NONE DETECTED,No,No Apparent Injury,NOT DISTRACTED,MD,Passenger Car,35,2004.0,Toyota,MATRIX,14,Saturday,6
MCP2353006P,190010271,Montgomery County Police,Injury Crash,2019-03-05 14:19:00,Maryland (State),WISCONSIN AVE,S PARK AVE,SAME DIR REAR END,CLOUDY,DRY,DAYLIGHT,NO CONTROLS,NONE DETECTED,No,No Apparent Injury,NOT DISTRACTED,VA,Passenger Car,25,2015.0,Toyota,PRIUS,14,Tuesday,3
MCP31090099,250032591,MONTGOMERY,Fatal Crash,2025-07-21 22:34:00,County Route,MATENY RD (NB/L),GREAT SENECA HWY (SB/L),Angle,Clear,Dry,Dark - Lighted,Traffic Control Signal,"Suspect of Alcohol Use, Suspect of Drug Use",Yes,Suspected Serious Injury,Unknown,MD,Passenger Car,55,2021.0,Mazda,MAZDA3,22,Monday,7
MCP2851001T,16026997,Montgomery County Police,Property Damage Crash,2016-05-30 21:21:00,County,WISTERIA DR,GREAT SENECA HWY,SAME DIR REAR END,CLEAR,DRY,DARK LIGHTS ON,TRAFFIC SIGNAL,NONE DETECTED,Yes,No Apparent Injury,LOOKED BUT DID NOT SEE,MD,Passenger Car,40,2012.0,Nissan,TK,21,Monday,5
MCP3233003Z,230012877,Montgomery County Police,Injury Crash,2023-03-16 19:53:00,County,OVERLOOK DR,NEW HAMPSHIRE AVE,ANGLE MEETS LEFT TURN,CLEAR,DRY,DARK LIGHTS ON,NO CONTROLS,NONE DETECTED,No,No Apparent Injury,NOT DISTRACTED,MD,Passenger Car,35,2008.0,Nissan,TITAN,19,Thursday,3
MCP2110000K,15064281,MONTGOMERY,Property Damage Crash,2015-12-16 16:04:00,Other Public Roadway,CRABBS BRANCH WAY,ROAD END,HEAD ON LEFT TURN,CLEAR,DRY,DAYLIGHT,Unknown,Unknown,No,No Apparent Injury,NOT DISTRACTED,MD,Pickup Truck,10,2014.0,Ford,F150,16,Wednesday,12
MCP27850029,17003293,Montgomery County Police,Property Damage Crash,2017-01-19 13:57:00,Unknown,Unknown,Unknown,OTHER,CLEAR,Unknown,DAYLIGHT,Unknown,Unknown,Yes,No Apparent Injury,UNKNOWN,MD,Passenger Car,0,2012.0,Toyota,COROLLA,13,Thursday,1
MCP26150031,190022278,Montgomery County Police,Property Damage Crash,2019-05-11 15:00:00,Unknown,Unknown,Unknown,OTHER,CLOUDY,Unknown,DAYLIGHT,NO CONTROLS,UNKNOWN,Yes,No Apparent Injury,UNKNOWN,Unknown,Passenger Car,15,2002.0,Buick,SUV,15,Saturday,5
MCP115100DC,230058650,Montgomery County Police,Property Damage Crash,2023-10-05 07:20:00,Maryland (State),OLD GEORGETOWN RD,CROSSOVER,SAME DIRECTION SIDESWIPE,Unknown,DRY,DAYLIGHT,NO CONTROLS,UNKNOWN,Yes,No Apparent Injury,UNKNOWN,VA,Other Bus,30,2014.0,Frht,BUS,7,Thursday,10
MCP28810055,220053380,Montgomery County Police,Property Damage Crash,2022-12-03 12:15:00,Maryland (State),CLARKSBURG RD,STRINGTOWN RD (AHEAD),SINGLE VEHICLE,CLEAR,WET,DAYLIGHT,NO CONTROLS,NONE DETECTED,Yes,No Apparent Injury,NOT DISTRACTED,MD,Passenger Car,35,2005.0,Acur,4S,12,Saturday,12
DD56590015,250055889,ROCKVILLE,Injury Crash,2025-12-14 11:28:00,Municipality Route,CHAPMAN AVE,THOMPSON AVE,Front to Rear,Clear,Wet,Daylight,Stop Sign,"Not Suspect of Alcohol Use, Not Suspect of Drug Use",No,No Apparent Injury,Not Distracted,TX,Passenger Car,25,2017.0,Volkswagen,GOLF,11,Sunday,12
MCP2736004P,170509894,Montgomery County Police,Property Damage Crash,2017-05-25 20:02:00,Maryland (State),ROCKVILLE PIKE,SECURITY LA,SAME DIR REAR END,RAINING,WET,DARK LIGHTS ON,TRAFFIC SIGNAL,NONE DETECTED,Yes,No Apparent Injury,NOT DISTRACTED,MI,Passenger Car,40,2005.0,Hyun,4S,20,Thursday,5
MCP27710044,240056966,MONTGOMERY,Injury Crash,2024-11-27 11:57:00,Local Route,SHOP CTR CUT THRU CUT,GRIDLEY RD VEIRS MILL RD (WB/L),Front to Rear,Cloudy,Dry,Daylight,Traffic Control Signal,"Not Suspect of Alcohol Use, Not Suspect of Drug Use",No,No Apparent Injury,Not Distracted,MD,Passenger Car,40,2021.0,Honda,HR-V,11,Wednesday,11
MCP3445000L,250028074,MONTGOMERY,Property Damage Crash,2025-06-24 07:35:00,Unknown,Unknown,Unknown,Front to Rear,Clear,Unknown,Daylight,Unknown,"Not Suspect of Alcohol Use, Not Suspect of Drug Use",No,No Apparent Injury,Not Distracted,Unknown,Pickup,0,2012.0,Nissan,FRONTIER,7,Tuesday,6
MCP26250015,210007847,Montgomery County Police,Property Damage Crash,2021-03-01 17:11:00,County,WILLARD AVE,THE HILLS PLAZA,OTHER,RAINING,WET,DAYLIGHT,NO CONTROLS,Unknown,Yes,No Apparent Injury,UNKNOWN,DC,(Sport) Utility Vehicle,25,2001.0,Chevy,EQUINOX,17,Monday,3
DD5567007H,250009613,ROCKVILLE,Property Damage Crash,2025-03-05 07:37:00,Maryland (State) Route,VEIRS MILL RD (WB/L),MIDWAY AVE,Angle,Clear,Wet,Daylight,No Controls,"Not Suspect of Alcohol Use, Not Suspect of Drug Use",No,No Apparent Injury,Not Distracted,MD,Sport Utility Vehicle,35,2021.0,Jeep,GRAND CHEROKEE L,7,Wednesday,3
MCP1580003D,15026587,Montgomery County Police,Property Damage Crash,2015-06-02 09:12:00,County,OMEGA DR,RESEARCH BLVD,SAME DIRECTION LEFT TURN,CLOUDY,WET,DAYLIGHT,NO CONTROLS,NONE DETECTED,No,No Apparent Injury,NOT DISTRACTED,MD,Transit Bus,35,2004.0,Orio,RIDE ON BUS,9,Tuesday,6
MCP14170037,15024406,Montgomery County Police,Injury Crash,2015-05-21 12:28:00,Maryland (State),S FREDERICK RD,PEONY DR,SAME DIR REAR END,RAINING,WET,DAYLIGHT,NO CONTROLS,NONE DETECTED,Yes,No Apparent Injury,NOT DISTRACTED,MD,Passenger Car,35,2000.0,Hond,ACCORD,12,Thursday,5
MCP30310042,210041102,Montgomery County Police,Property Damage Crash,2021-10-14 02:20:00,Maryland (State),LAYHILL RD,BEL PRE RD,STRAIGHT MOVEMENT ANGLE,CLEAR,DRY,DARK LIGHTS ON,TRAFFIC SIGNAL,NONE DETECTED,Yes,No Apparent Injury,NOT DISTRACTED,MD,Passenger Car,35,2004.0,Hond,TK,2,Thursday,10
MCP2902003D,190031470,Montgomery County Police,Injury Crash,2019-07-02 09:22:00,County,ROBIN SONG DR,GRANITE ROCK RD,STRAIGHT MOVEMENT ANGLE,OTHER,DRY,DAYLIGHT,STOP SIGN,Unknown,No,No Apparent Injury,NOT DISTRACTED,MD,Passenger Car,25,2011.0,Hond,4S,9,Tuesday,7
MCP2919005T,190009169,Montgomery County Police,Property Damage Crash,2019-02-26 16:01:00,County,FLOWER AVE,PINEY BRANCH RD,HEAD ON LEFT TURN,CLEAR,DRY,DAYLIGHT,Unknown,NONE DETECTED,Yes,No Apparent Injury,LOOKED BUT DID NOT SEE,MD,Passenger Car,30,2011.0,Toyota,CAMRY,16,Tuesday,2
MCP2785001G,16020183,Montgomery County Police,Property Damage Crash,2016-04-24 14:47:00,Maryland (State),OLD COLUMBIA PIKE,SPUR TO RAMP 6 FR MD 198 EB TO US 29 SB,HEAD ON LEFT TURN,CLEAR,DRY,DAYLIGHT,NO CONTROLS,Unknown,Yes,No Apparent Injury,LOOKED BUT DID NOT SEE,MD,Passenger Car,30,2003.0,Bmw,325I,14,Sunday,4
MCP2877008L,200044034,Montgomery County Police,Property Damage Crash,2020-11-08 08:20:00,Unknown,Unknown,Unknown,SINGLE VEHICLE,CLEAR,Unknown,DAYLIGHT,NO CONTROLS,NONE DETECTED,Yes,No Apparent Injury,NOT DISTRACTED,MD,Transit Bus,15,2012.0,New Flyer,BUS,8,Sunday,11
DD56430040,240031305,ROCKVILLE,Property Damage Crash,2024-07-02 19:56:00,Interstate (State),IS 270 LOCAL LANES (NB),Unknown,Front to Rear,Clear,Dry,Daylight,No Controls,"Not Suspect of Alcohol Use, Not Suspect of Drug Use",No,No Apparent Injury,Not Distracted,MD,Passenger Car,55,2021.0,Volkswagen,TIGUAN,19,Tuesday,7
MCP2917003Y,190014190,Montgomery County Police,Property Damage Crash,2019-03-27 15:30:00,Maryland (State),NORBECK RD,BAUER DR,SAME DIR REAR END,CLEAR,DRY,DAYLIGHT,TRAFFIC SIGNAL,NONE DETECTED,Yes,No Apparent Injury,LOOKED BUT DID NOT SEE,DC,Passenger Car,45,2016.0,Bmw,228I,15,Wednesday,3
MCP137800NF,180056286,Montgomery County Police,Injury Crash,2018-11-09 12:27:00,Maryland (State),CLOPPER RD,METROPOLITAN GROVE RD,SINGLE VEHICLE,RAINING,WET,DAYLIGHT,TRAFFIC SIGNAL,NONE DETECTED,Yes,No Apparent Injury,NOT DISTRACTED,MD,(Sport) Utility Vehicle,35,2013.0,Honda,CRV,12,Friday,11
MCP9386008T,210037488,Montgomery County Police,Property Damage Crash,2021-09-22 16:15:00,County,TUCKERMAN LA,KINGS RIDING WAY,SAME DIR REAR END,RAINING,WET,DAYLIGHT,FLASHING TRAFFIC SIGNAL,NONE DETECTED,Yes,No Apparent Injury,NOT DISTRACTED,MD,School Bus,40,2013.0,Thomas,BUS,16,Wednesday,9
EJ7902001L,240049762,GAITHERSBURG,Property Damage Crash,2024-10-17 20:00:00,Unknown,Unknown,Unknown,Angle,Clear,Unknown,Other,Unknown,"Unknown, Unknown",No,Unknown,Unknown,Unknown,Passenger Car,0,2009.0,Nissan,ALTIMA,20,Thursday,10
MCP33520038,250051948,MONTGOMERY,Property Damage Crash,2025-11-19 16:40:00,Maryland (State) Route,WOODFIELD RD,Unknown,Angle,Clear,Dry,Dusk,No Controls,"Not Suspect of Alcohol Use, Not Suspect of Drug Use",No,No Apparent Injury,Not Distracted,MD,Passenger Car,35,2007.0,Lexus,RX,16,Wednesday,11
MCP14170044,15057258,MONTGOMERY,Property Damage Crash,2015-11-10 08:41:00,County,WATKINS MILL RD,WATKINS MILL DR,SAME DIR REAR END,RAINING,WET,DAYLIGHT,PERSON,NONE DETECTED,No,No Apparent Injury,NOT DISTRACTED,MD,Passenger Car,30,2002.0,Toyota,TACOMA,8,Tuesday,11