Report Number,Local Case Number,Agency Name,ACRS Report Type,Crash Date/Time,Route Type,Road Name,Cross-Street Name,Collision Type,Weather,Surface Condition,Light,Traffic Control,Driver Substance Abuse,Driver At Fault,Injury Severity,Driver Distracted By,Drivers License State,Vehicle Body Type,Speed Limit,Vehicle Year,Vehicle Make,Vehicle Model,Crash Hour,Crash Day,Crash Month
MCP1604001B,180044305,Montgomery County Police,Property Damage Crash,2018-09-05 12:50:00,County,SNOUFFERS SCHOOL RD,MOONEY DR,HEAD ON LEFT TURN,CLEAR,DRY,DAYLIGHT,TRAFFIC SIGNAL,NONE DETECTED,No,No Apparent Injury,NOT DISTRACTED,MD,Passenger Car,35,1994.0,Lexus,SEDAN,12,Wednesday,9
MCP2667003F,16067150,Montgomery County Police,Injury Crash,2016-12-30 14:32:00,County,SHADY GROVE RD,MILL RUN DR,STRAIGHT MOVEMENT ANGLE,CLEAR,DRY,DAYLIGHT,TRAFFIC SIGNAL,NONE DETECTED,No,No Apparent Injury,NOT DISTRACTED,MD,Passenger Car,35,2009.0,Toyt,4S,14,Friday,12
MCP2946001R,16046595,Montgomery County Police,Property Damage Crash,2016-09-11 16:45:00,Maryland (State),FREDERICK RD,GERMANTOWN RD,SAME DIRECTION SIDESWIPE,CLEAR,DRY,DAYLIGHT,TRAFFIC SIGNAL,NONE DETECTED,No,No Apparent Injury,NOT DISTRACTED,MD,(Sport) Utility Vehicle,45,2012.0,Mazda,CX9,16,Sunday,9
MCP3404000Z,240023084,MONTGOMERY,Injury Crash,2024-05-16 09:21:00,US (State),COLESVILLE RD,UNIVERSITY BLVD E (WB/L),Rear To Side,Clear,Dry,Daylight,Traffic Control Signal,"Not Suspect of Alcohol Use, Not Suspect of Drug Use",Yes,Suspected Minor Injury,Not Distracted,MD,Sport Utility Vehicle,35,2018.0,Nissan,PATHFINDER,9,Thursday,5
MCP2937001X,170501152,Montgomery County Police,Property Damage Crash,2017-04-08 22:35:00,Maryland (State),NEW HAMPSHIRE AVE,LOCKWOOD DR,SAME DIRECTION SIDESWIPE,CLEAR,DRY,DARK LIGHTS ON,NO CONTROLS,NONE DETECTED,Yes,No Apparent Injury,NOT DISTRACTED,XX,Passenger Car,35,2003.0,Honda,CIVIC,22,Saturday,4
MCP2270002J,230067351,Montgomery County Police,Property Damage Crash,2023-11-20 09:00:00,Maryland (State),ROCKVILLE PIKE,CEDAR LA,SAME DIRECTION SIDESWIPE,CLEAR,DRY,DAYLIGHT,TRAFFIC SIGNAL,NONE DETECTED,Yes,No Apparent Injury,LOOKED BUT DID NOT SEE,MD,Passenger Car,35,2022.0,Toyota,PRIUS,9,Monday,11
MCP31400031,250048661,MONTGOMERY,Property Damage Crash,2025-10-30 00:27:00,Municipality Route,LELAND ST,LELAND ST,Other,Rain,Wet,Dark - Lighted,No Controls,"Not Suspect of Alcohol Use, Not Suspect of Drug Use",Yes,No Apparent Injury,Unknown,MD,Passenger Car,30,2023.0,Volvo,XC40,0,Thursday,10
MCP2874002W,170541913,Montgomery County Police,Injury Crash,2017-11-09 17:50:00,Maryland (State),GEORGIA AVE,WINDHAM LA,SAME DIR REAR END,CLEAR,DRY,DARK LIGHTS ON,NO CONTROLS,NONE DETECTED,No,Suspected Minor Injury,NOT DISTRACTED,MD,Passenger Car,35,2013.0,Toyota,VENZA,17,Thursday,11
MCP0617006V,250018692,MONTGOMERY,Injury Crash,2025-04-29 13:00:00,Unknown,Unknown,Unknown,Front to Rear,Clear,Unknown,Daylight,Unknown,"Not Suspect of Alcohol Use, Not Suspect of Drug Use",Yes,Possible Injury,Not Distracted,MD,Passenger Car,0,2023.0,Bmw,X1,13,Tuesday,4
MCP2436009L,200007097,Montgomery County Police,Injury Crash,2020-02-12 12:40:00,Maryland (State),NEW HAMPSHIRE AVE,RAMP 4 FR MD 650 NB TO IS 495 EB,SAME DIR REAR END,CLEAR,DRY,DAYLIGHT,Unknown,NONE DETECTED,No,No Apparent Injury,NOT DISTRACTED,DC,Passenger Car,40,2003.0,Pontiac,VIBE,12,Wednesday,2
MCP32580044,240043017,MONTGOMERY,Property Damage Crash,2024-09-10 15:10:00,Maryland (State) Route,GEORGIA AVE,Unknown,"Sideswipe, Same Direction",Clear,Dry,Daylight,Traffic Control Signal,"Not Suspect of Alcohol Use, Not Suspect of Drug Use",No,No Apparent Injury,Not Distracted,MD,Bus - School,35,2024.0,Freightliner,B2 BUS CHASSIS,15,Tuesday,9
MCP3220001F,210041044,Montgomery County Police,Property Damage Crash,2021-10-13 17:25:00,Maryland (State),MUNCASTER MILL RD,MAGRUDER HIGH SCHOOL,SAME DIR REAR END,CLEAR,DRY,DAYLIGHT,TRAFFIC SIGNAL,NONE DETECTED,Yes,No Apparent Injury,UNKNOWN,MD,Passenger Car,35,2011.0,Mazd,4S,17,Wednesday,10
MCP25090015,16017135,Montgomery County Police,Injury Crash,2016-04-08 11:24:00,US (State),COLUMBIA PIKE,BURNT MILLS AVE,SAME DIRECTION RIGHT TURN,CLEAR,DRY,DAYLIGHT,NO CONTROLS,NONE DETECTED,No,No Apparent Injury,NOT DISTRACTED,MD,Passenger Car,40,2013.0,Hino,TK,11,Friday,4
EJ7895004Y,230072028,Gaithersburg Police Depar,Property Damage Crash,2023-12-16 09:00:00,Maryland (State),MONTGOMERY VILLAGE AVE,RUSSELL AVE,STRAIGHT MOVEMENT ANGLE,CLEAR,DRY,DAYLIGHT,NO CONTROLS,NONE DETECTED,Yes,No Apparent Injury,LOOKED BUT DID NOT SEE,MD,Passenger Car,35,2016.0,Honda,CIVIC,9,Saturday,12
MCP2724000F,15017033,Montgomery County Police,Property Damage Crash,2015-04-13 07:42:00,Unknown,Unknown,Unknown,OTHER,CLEAR,Unknown,DAYLIGHT,Unknown,Unknown,Yes,No Apparent Injury,BY OTHER OCCUPANTS,MD,Passenger Car,0,2005.0,Nissan,ALTIMA,7,Monday,4
MCP28710052,180000245,Montgomery County Police,Property Damage Crash,2018-01-02 15:13:00,County,SEVEN LOCKS RD,DEMOCRACY BLVD,SAME DIRECTION LEFT TURN,CLEAR,DRY,DAYLIGHT,NO CONTROLS,NONE DETECTED,Yes,No Apparent Injury,NOT DISTRACTED,VA,(Sport) Utility Vehicle,35,2017.0,Acura,RDX,15,Tuesday,1
MCP2908001R,16036181,Montgomery County Police,Injury Crash,2016-07-17 10:43:00,Maryland (State),NEW HAMPSHIRE AVE,RAMP 4 FR MD 650 NB TO IS 495 EB,SAME DIR REAR END,CLEAR,DRY,DAYLIGHT,NO CONTROLS,NONE DETECTED,Yes,Possible Injury,LOOKED BUT DID NOT SEE,MD,Passenger Car,40,2015.0,Hyun,SONATA,10,Sunday,7
MCP157500BW,200039739,Montgomery County Police,Property Damage Crash,2020-10-09 07:45:00,County,MONTROSE RD,RAMP 6 FR MONTROSE RD EB TO IS 270 SB,SAME DIR REAR END,CLEAR,DRY,DAYLIGHT,NO CONTROLS,NONE DETECTED,No,No Apparent Injury,NOT DISTRACTED,MD,Passenger Car,40,2019.0,Subaru,WRX,7,Friday,10
MCP22700057,250042478,MONTGOMERY,Property Damage Crash,2025-09-21 09:30:00,County Route,PARKWOOD DR,Unknown,Front to Rear,Clear,Dry,Daylight,No Controls,"Not Suspect of Alcohol Use, Not Suspect of Drug Use",Yes,No Apparent Injury,Unknown,MD,Passenger Car,25,2017.0,Volkswagen,GOLF,9,Sunday,9
MCP3279000B,210006509,Montgomery County Police,Property Damage Crash,2021-02-18 21:40:00,County,JENNINGS RD,MAYBROOK PL,SAME DIRECTION SIDESWIPE,WINTRY MIX,ICE,DARK NO LIGHTS,Unknown,UNKNOWN,Yes,No Apparent Injury,UNKNOWN,MD,Passenger Car,30,2006.0,Honda,CIVIC,21,Thursday,2
MCP243600DN,210042622,Montgomery County Police,Property Damage Crash,2021-10-23 09:30:00,Maryland (State),PINEY BRANCH RD,UNIVERSITY BLVD E,SAME DIRECTION SIDESWIPE,CLEAR,DRY,DAYLIGHT,Unknown,NONE DETECTED,No,No Apparent Injury,NOT DISTRACTED,MD,Passenger Car,40,2013.0,Honda,CIVIC,9,Saturday,10
MCP3039001H,170534567,Montgomery County Police,Property Damage Crash,2017-10-03 18:00:00,Maryland (State),OLD GEORGETOWN RD,LINCOLN ST,SAME DIR REAR END,CLEAR,DRY,DAYLIGHT,TRAFFIC SIGNAL,NONE DETECTED,No,No Apparent Injury,NOT DISTRACTED,VA,Other Bus,35,2014.0,Ford,U144,18,Tuesday,10
MCP271700SR,200041270,Montgomery County Police,Property Damage Crash,2020-10-19 16:20:00,County,TUCKERMAN LA,LUX LA,SAME DIR REAR END,CLEAR,DRY,DAYLIGHT,NO CONTROLS,UNKNOWN,Yes,No Apparent Injury,UNKNOWN,MD,Passenger Car,25,2005.0,Honda,CIVIC,16,Monday,10
MCP9128000B,15064921,Montgomery County Police,Injury Crash,2015-12-19 12:58:00,Maryland (State),GEORGIA AVE,ARCOLA AVE,SAME DIR REAR END,CLEAR,DRY,DAYLIGHT,TRAFFIC SIGNAL,NONE DETECTED,No,Suspected Minor Injury,NOT DISTRACTED,MD,Passenger Car,40,2005.0,Toyt,COROLLA,12,Saturday,12
MCP27640028,220021335,Montgomery County Police,Property Damage Crash,2022-05-19 12:55:00,Maryland (State),GEORGIA AVE,DENNIS AVE,STRAIGHT MOVEMENT ANGLE,CLEAR,DRY,DAYLIGHT,TRAFFIC SIGNAL,NONE DETECTED,Yes,No Apparent Injury,LOOKED BUT DID NOT SEE,MD,Passenger Car,35,2004.0,Ford,VN,12,Thursday,5
MCP26170086,190053136,Montgomery County Police,Property Damage Crash,2019-11-04 17:10:00,Unknown,Unknown,Unknown,SAME DIR REAR END,CLEAR,Unknown,DUSK,NO CONTROLS,NONE DETECTED,Yes,No Apparent Injury,UNKNOWN,MD,Passenger Car,0,2019.0,Toyota,CAMRY,17,Monday,11
MCP3257007S,240055810,MONTGOMERY,Injury Crash,2024-11-21 01:00:00,County Route,ARLINGTON RD,BRADLEY BLVD (SB/L),"Sideswipe, Opposite Direction",Rain,Wet,Dark - Lighted,Flashing Traffic Control Signal,"Not Suspect of Alcohol Use, Not Suspect of Drug Use",Yes,Suspected Minor Injury,Not Distracted,MD,Sport Utility Vehicle,25,2016.0,Mazda,CX-5,1,Thursday,11
MCP29460070,240038967,MONTGOMERY,Injury Crash,2024-08-18 09:04:00,County Route,LOG HOUSE RD,Unknown,Single Vehicle,Cloudy,Wet,Daylight,No Controls,"Not Suspect of Alcohol Use, Not Suspect of Drug Use",No,Suspected Serious Injury,Not Distracted,MD,Sport Utility Vehicle,30,2013.0,Jeep,WRANGLER,9,Sunday,8
MCP1378006X,15034406,MONTGOMERY,Property Damage Crash,2015-07-13 14:16:00,County,STEDWICK RD,MONTGOMERY VILLAGE AVE,SAME DIRECTION RIGHT TURN,CLOUDY,DRY,DAYLIGHT,NO CONTROLS,NONE DETECTED,No,No Apparent Injury,NOT DISTRACTED,MD,Van,35,2010.0,Ford,TRANSIT CONNECT,14,Monday,7
MCP2977006H,190052478,Montgomery County Police,Property Damage Crash,2019-10-31 16:50:00,Maryland (State),GEORGIA AVE,LUZERNE AVE,SAME DIR REAR END,CLOUDY,WET,DAYLIGHT,Unknown,Unknown,Yes,No Apparent Injury,UNKNOWN,MD,Station Wagon,35,2013.0,Toyt,SIENN,16,Thursday,10
MCP2107004X,240005891,MONTGOMERY,Property Damage Crash,2024-02-06 09:14:00,Other Public Roadway,EMERALD GREEN DR,Unknown,Rear To Side,Clear,Dry,Daylight,No Controls,"Not Suspect of Alcohol Use, Not Suspect of Drug Use",Yes,No Apparent Injury,"Other Action (looking away from task, etc.)",MD,Passenger Car,25,2023.0,Subaru,CROSSTREK,9,Tuesday,2
MCP3355000X,230049053,Montgomery County Police,Injury Crash,2023-08-12 07:48:00,US (State),COLESVILLE RD,LEIGHTON AVE,STRAIGHT MOVEMENT ANGLE,CLEAR,DRY,DAYLIGHT,NO CONTROLS,ALCOHOL PRESENT,Yes,Suspected Minor Injury,INATTENTIVE OR LOST IN THOUGHT,MD,Passenger Car,40,2008.0,Toyota,SOLARA,7,Saturday,8
MCP2853001X,16029660,Montgomery County Police,Injury Crash,2016-06-12 20:45:00,Maryland (State),PINEY BRANCH RD,CARROLL AVE,SAME DIR REAR END,CLEAR,DRY,Unknown,OTHER,Unknown,No,No Apparent Injury,NOT DISTRACTED,MD,Passenger Car,40,2014.0,Ford,F150,20,Sunday,6
MCP1220004K,16063011,Montgomery County Police,Injury Crash,2016-12-08 12:09:00,Maryland (State),BURLINGTON AVE,GEORGIA AVE,SAME DIR REAR END,CLOUDY,DRY,DAYLIGHT,TRAFFIC SIGNAL,NONE DETECTED,No,Suspected Minor Injury,NOT DISTRACTED,MD,Passenger Car,30,2008.0,Lexu,GS350,12,Thursday,12
MCP23110044,180040542,Montgomery County Police,Injury Crash,2018-08-15 06:52:00,Maryland (State),QUINCE ORCHARD RD,SPUR TO MD 355,SAME DIR REAR END,CLEAR,DRY,DAYLIGHT,TRAFFIC SIGNAL,Unknown,No,Possible Injury,NOT DISTRACTED,MD,Passenger Car,35,2006.0,Hond,PILOT,6,Wednesday,8
MCP2329001Z,230023646,Montgomery County Police,Property Damage Crash,2023-05-17 12:10:00,Unknown,Unknown,Unknown,STRAIGHT MOVEMENT ANGLE,CLEAR,Unknown,DAYLIGHT,NO CONTROLS,Unknown,Yes,No Apparent Injury,NOT DISTRACTED,MD,Pickup Truck,10,2014.0,Hond,TK,12,Wednesday,5
MCP320000F5,250006308,MONTGOMERY,Property Damage Crash,2025-02-12 07:29:00,Interstate (State),CABIN JOHN PKWY (SB/L),Unknown,Single Vehicle,Cloudy,Slush,Daylight,No Controls,"Not Suspect of Alcohol Use, Not Suspect of Drug Use",Yes,No Apparent Injury,Not Distracted,MD,Sport Utility Vehicle,35,2023.0,Kia,SPORTAGE,7,Wednesday,2
MCP3200009L,230060517,Montgomery County Police,Property Damage Crash,2023-10-14 16:21:00,Maryland (State),OLD GEORGETOWN RD,DEL RAY AVE,STRAIGHT MOVEMENT ANGLE,CLOUDY,WET,DAYLIGHT,STOP SIGN,NONE DETECTED,Yes,No Apparent Injury,LOOKED BUT DID NOT SEE,DC,Passenger Car,30,2018.0,Bmw,330I,16,Saturday,10
MCP3129008B,230072799,Montgomery County Police,Property Damage Crash,2023-12-20 14:00:00,County,TWINBROOK PKWY,VEIRS MILL RD,SAME DIRECTION SIDESWIPE,CLEAR,DRY,DAYLIGHT,TRAFFIC SIGNAL,UNKNOWN,Unknown,No Apparent Injury,LOOKED BUT DID NOT SEE,MD,Passenger Car,35,2018.0,Honda,CRV,14,Wednesday,12
MCP30550029,190037273,Montgomery County Police,Property Damage Crash,2019-08-05 11:35:00,County,REGINA DR,NORDEN DR,OTHER,CLEAR,DRY,DAYLIGHT,NO CONTROLS,Unknown,No,No Apparent Injury,NOT DISTRACTED,MD,Passenger Car,35,2013.0,Ford,CMAXX,11,Monday,8
MCP3218004Y,240024636,MONTGOMERY,Property Damage Crash,2024-05-24 15:15:00,County Route,RANDOLPH RD,Unknown,Front to Rear,Clear,Dry,Daylight,No Controls,"Not Suspect of Alcohol Use, Not Suspect of Drug Use",No,No Apparent Injury,Not Distracted,MD,Passenger Car,30,2021.0,Ford,EXPLORER,15,Friday,5
MCP289100B1,210045172,Montgomery County Police,Property Damage Crash,2021-11-08 08:18:00,Unknown,Unknown,Unknown,OTHER,CLEAR,Unknown,DAYLIGHT,Unknown,NONE DETECTED,Yes,No Apparent Injury,LOOKED BUT DID NOT SEE,MD,"Cargo Van/Light Truck 2 Axles (Over 10,000Lbs (4,536 Kg))",10,2015.0,Chevrolet,TK - 4500,8,Monday,11
MCP2278001G,16037802,Montgomery County Police,Injury Crash,2016-07-26 12:57:00,County,BEECH AVE,EDGELEY RD,STRAIGHT MOVEMENT ANGLE,Unknown,DRY,DAYLIGHT,NO CONTROLS,NONE DETECTED,No,Possible Injury,NOT DISTRACTED,MD,Passenger Car,25,2009.0,Honda,ACCORD,12,Tuesday,7
MCP9128000L,16023965,Montgomery County Police,Property Damage Crash,2016-05-14 10:36:00,County,CONNECTICUT AVE,GRAND PRE RD,HEAD ON LEFT TURN,CLEAR,DRY,DAYLIGHT,NO CONTROLS,NONE DETECTED,Yes,No Apparent Injury,NOT DISTRACTED,MD,Van,30,1996.0,Dodge,CARAVAN,10,Saturday,5
MCP9424000Y,16042233,Montgomery County Police,Property Damage Crash,2016-08-20 01:17:00,Unknown,Unknown,Unknown,SAME DIR REAR END,CLEAR,Unknown,DARK LIGHTS ON,Unknown,ALCOHOL PRESENT,Yes,No Apparent Injury,NOT DISTRACTED,MD,Passenger Car,0,2017.0,Hyundai,SONATA,1,Saturday,8
MCP3339000W,220050099,Montgomery County Police,Property Damage Crash,2022-11-13 06:31:00,Unknown,AUDEN DRIVE,MACAULAY STREET,HEAD ON,CLEAR,DRY,DARK -- UNKNOWN LIGHTING,NO CONTROLS,UNKNOWN,Yes,No Apparent Injury,LOOKED BUT DID NOT SEE,Unknown,Passenger Car,15,1999.0,Buick,LASABRE,6,Sunday,11
MCP2048001H,170533260,Montgomery County Police,Injury Crash,2017-09-26 17:00:00,Maryland (State),NEW HAMPSHIRE AVE,VALLEY BROOK DR,UNKNOWN,CLEAR,DRY,DAYLIGHT,TRAFFIC SIGNAL,NONE DETECTED,No,No Apparent Injury,NOT DISTRACTED,MD,Passenger Car,35,2000.0,Toyt,4S,17,Tuesday,9
MCP33900029,250045998,MONTGOMERY,Property Damage Crash,2025-10-13 14:44:00,County Route,WATERS RD,BOWMAN MILL RD GERMANTOWN RD (SB/L),Angle,Clear,Dry,Daylight,Traffic Control Signal,"Not Suspect of Alcohol Use, Not Suspect of Drug Use",Yes,No Apparent Injury,Not Distracted,MD,Passenger Car,40,2019.0,Volkswagen,GOLF R,14,Monday,10
MCP3058001F,180007427,Montgomery County Police,Injury Crash,2018-02-12 20:40:00,County,SEVEN LOCKS RD,TUCKERMAN LA,HEAD ON LEFT TURN,CLEAR,DRY,DARK LIGHTS ON,TRAFFIC SIGNAL,NONE DETECTED,No,Possible Injury,NOT DISTRACTED,MD,Passenger Car,35,2012.0,Chevy,VOLT,20,Monday,2
EJ7905000L,240014904,GAITHERSBURG,Injury Crash,2024-04-05 15:52:00,Municipality Route,WASHINGTONIAN BLVD,Unknown,Front to Rear,Clear,Dry,Daylight,No Controls,"Not Suspect of Alcohol Use, Not Suspect of Drug Use",No,Suspected Minor Injury,Not Distracted,MD,Bus - Transit,20,2017.0,Gillig,CITY TRANSIT BUS,15,Friday,4
EJ78530017,15058229,GAITHERSBURG,Property Damage Crash,2015-11-14 22:18:00,Maryland (State),GREAT SENECA HWY,KENTLANDS BLVD,STRAIGHT MOVEMENT ANGLE,CLEAR,DRY,DARK LIGHTS ON,NO CONTROLS,NONE DETECTED,No,No Apparent Injury,NOT DISTRACTED,MD,Passenger Car,55,2012.0,Dodge,CHARGER,22,Saturday,11
MCP30600031,210013349,Montgomery County Police,Injury Crash,2021-04-10 00:37:00,Maryland (State),RIVER RD,WILSON LA,SAME DIR REAR END,CLEAR,DRY,DARK LIGHTS ON,TRAFFIC SIGNAL,Unknown,Yes,Suspected Minor Injury,NOT DISTRACTED,PA,Passenger Car,35,2010.0,Toyo,VENZA,0,Saturday,4
MCP30360029,230056423,Montgomery County Police,Property Damage Crash,2023-09-23 02:15:00,Maryland (State),S FREDERICK RD,FULKS CORNER AVE,SINGLE VEHICLE,RAINING,WET,DARK LIGHTS ON,Unknown,NONE DETECTED,Yes,No Apparent Injury,UNKNOWN,MD,Passenger Car,30,2006.0,Mazda,3,2,Saturday,9
MCP3054000D,170527710,Montgomery County Police,Injury Crash,2017-08-30 08:44:00,County,SHADY GROVE RD,PINEY MEETINGHOUSE RD,STRAIGHT MOVEMENT ANGLE,CLEAR,DRY,DAYLIGHT,FLASHING TRAFFIC SIGNAL,NONE DETECTED,No,No Apparent Injury,NOT DISTRACTED,MD,Passenger Car,30,2010.0,Toyt,TK,8,Wednesday,8
MCP26880030,180061041,Montgomery County Police,Injury Crash,2018-12-06 16:08:00,Maryland (State),MONTGOMERY VILLAGE AVE,FREDERICK RD,ANGLE MEETS RIGHT TURN,CLEAR,DRY,DARK LIGHTS ON,NO CONTROLS,NONE DETECTED,Yes,Possible Injury,LOOKED BUT DID NOT SEE,MD,Passenger Car,35,2004.0,Honda,ODYSSEY,16,Thursday,12
MCP2436001S,16028741,Montgomery County Police,Injury Crash,2016-06-08 09:43:00,Maryland (State),NEW HAMPSHIRE AVE,OVERLOOK DR,SAME DIR REAR END,CLEAR,DRY,DAYLIGHT,NO CONTROLS,NONE DETECTED,Yes,Possible Injury,UNKNOWN,MD,(Sport) Utility Vehicle,40,2006.0,Ford,EXPLORER,9,Wednesday,6
MCP2516001J,180006284,Montgomery County Police,Property Damage Crash,2018-02-06 08:08:00,Maryland (State),LAYTONSVILLE RD,BRINK RD,SAME DIR REAR END,CLOUDY,DRY,DAYLIGHT,NO CONTROLS,Unknown,No,No Apparent Injury,NOT DISTRACTED,MD,Van,30,2017.0,Ford,EPO,8,Tuesday,2
MCP2932006M,230057803,Montgomery County Police,Injury Crash,2023-10-01 04:28:00,Interstate (State),CAPITAL BELTWAY,UNIVERSITY BLVD E,SAME DIR REAR END,CLEAR,DRY,DARK LIGHTS ON,Unknown,NONE DETECTED,No,No Apparent Injury,NOT DISTRACTED,MD,Passenger Car,55,2016.0,Toyota,CAMRY,4,Sunday,10
MCP2722002C,17012809,Montgomery County Police,Property Damage Crash,2017-03-11 11:49:00,Maryland (State),VEIRS MILL RD,CROSSOVER,SAME DIRECTION SIDESWIPE,CLEAR,DRY,DAYLIGHT,OTHER,Unknown,Yes,No Apparent Injury,NOT DISTRACTED,MD,Passenger Car,45,2004.0,Suba,IMPERZA,11,Saturday,3
MCP2725000W,15030085,Montgomery County Police,Injury Crash,2015-06-20 04:05:00,County,BEL PRE RD,CONNECTICUT AVE,SAME DIR REAR END,CLEAR,UNKNOWN,DARK LIGHTS ON,FLASHING TRAFFIC SIGNAL,ALCOHOL PRESENT,Yes,No Apparent Injury,NOT DISTRACTED,MD,Passenger Car,45,2004.0,Acura,4S,4,Saturday,6
MCP3133004Y,230062886,Montgomery County Police,Injury Crash,2023-10-27 13:47:00,Maryland (State),GEORGIA AVE,NO NAME,SAME DIR REAR END,CLOUDY,DRY,DAYLIGHT,PERSON,NONE DETECTED,Yes,Possible Injury,NOT DISTRACTED,MD,Moped,40,2016.0,Cabo,50,13,Friday,10
MCP14770017,240040055,MONTGOMERY,Property Damage Crash,2024-08-24 12:26:00,US (State),COLUMBIA PIKE,Unknown,"Sideswipe, Same Direction",Clear,Dry,Daylight,No Controls,"Not Suspect of Alcohol Use, Not Suspect of Drug Use",No,No Apparent Injury,Not Distracted,MD,Passenger Car,55,2018.0,Hyundai,ELANTRA N,12,Saturday,8
DD5649001M,210051535,Rockville Police Departme,Injury Crash,2021-12-18 09:44:00,County,DOVER RD,DOVER RD (BACK),OTHER,OTHER,DRY,DAYLIGHT,NO CONTROLS,Unknown,No,Possible Injury,NOT DISTRACTED,MD,Passenger Car,25,2007.0,Toyt,4S,9,Saturday,12
MCP2378000N,16038397,Montgomery County Police,Injury Crash,2016-07-29 16:50:00,Maryland (State),OLD GEORGETOWN RD,RAMP 6 FR IS 495 EB TO MD 187 SB,HEAD ON LEFT TURN,CLEAR,DRY,DAYLIGHT,TRAFFIC SIGNAL,NONE DETECTED,No,Suspected Minor Injury,NOT DISTRACTED,MD,(Sport) Utility Vehicle,35,2016.0,Infinit,QX60,16,Friday,7
MCP3090008K,250023047,MONTGOMERY,Property Damage Crash,2025-05-24 15:31:00,Maryland (State) Route,Unknown,Unknown,Angle,Clear,Dry,Daylight,No Controls,"Not Suspect of Alcohol Use, Not Suspect of Drug Use",No,No Apparent Injury,Not Distracted,MD,Passenger Car,35,2017.0,Honda,ACCORD,15,Saturday,5
MCP1151007H,180017572,Montgomery County Police,Property Damage Crash,2018-04-11 09:40:00,Maryland (State),GREAT SENECA HWY,COTTAGE GARDEN DR,SAME DIRECTION SIDESWIPE,CLEAR,DRY,DAYLIGHT,TRAFFIC SIGNAL,NONE DETECTED,No,No Apparent Injury,NOT DISTRACTED,MD,Transit Bus,45,2017.0,Gilg,BU,9,Wednesday,4
DM8522000J,230031344,Takoma Park Police Depart,Injury Crash,2023-06-30 21:40:00,Unknown,UNIVERSITY BLVD,EDWARDS PL,SAME DIRECTION RIGHT TURN,CLEAR,DRY,DARK LIGHTS ON,NO CONTROLS,NONE DETECTED,Yes,No Apparent Injury,INATTENTIVE OR LOST IN THOUGHT,XX,Passenger Car,35,2009.0,Mitsubishi,ECLIPSE,21,Friday,6
MCP2728004G,170536521,Montgomery County Police,Property Damage Crash,2017-10-13 19:19:00,Maryland (State),UNIVERSITY BLVD E,INDIAN SPRING DR,SAME DIR REAR END,RAINING,WET,DARK LIGHTS ON,NO CONTROLS,NONE DETECTED,No,No Apparent Injury,NOT DISTRACTED,MD,Passenger Car,40,2013.0,Volks,EOS,19,Friday,10
MCP31250035,210035308,Montgomery County Police,Property Damage Crash,2021-09-08 15:40:00,Maryland (State),DARNESTOWN RD,MUDDY BRANCH RD,SINGLE VEHICLE,CLEAR,DRY,DAYLIGHT,TRAFFIC SIGNAL,Unknown,Yes,No Apparent Injury,UNKNOWN,MD,Passenger Car,40,2016.0,Ford,FOCUS,15,Wednesday,9
MCP271700H1,180020073,Montgomery County Police,Property Damage Crash,2018-04-24 14:30:00,Maryland (State),ROCKVILLE PIKE,ENT TO APTS,STRAIGHT MOVEMENT ANGLE,RAINING,WET,DAYLIGHT,NO CONTROLS,NONE DETECTED,No,No Apparent Injury,NOT DISTRACTED,DC,(Sport) Utility Vehicle,40,2006.0,Jeep,GRAND CHEROKEE,14,Tuesday,4
MCP2107001Y,180044993,Montgomery County Police,Property Damage Crash,2018-09-09 07:59:00,County,RANWORTH DR,STEEPLE RD,SINGLE VEHICLE,RAINING,WET,DAYLIGHT,NO CONTROLS,NONE DETECTED,Yes,No Apparent Injury,OTHER DISTRACTION,MD,Ambulance/Emergency,30,2004.0,Jeep,CHEROKEE,7,Sunday,9
MCP27380047,220028748,Montgomery County Police,Property Damage Crash,2022-07-05 02:23:00,County,SHEFFIELD MANOR DR,SHEFFIELD MANOR CT,OTHER,CLEAR,DRY,DARK NO LIGHTS,Unknown,ALCOHOL PRESENT,Yes,No Apparent Injury,LOOKED BUT DID NOT SEE,MD,Passenger Car,35,2007.0,Mercedes,S550,2,Tuesday,7
MCP2999000C,16005724,Montgomery County Police,Injury Crash,2016-02-03 21:42:00,Maryland (State),SANDY SPRING RD,MCKNEW RD,STRAIGHT MOVEMENT ANGLE,FOGGY,WET,DARK NO LIGHTS,TRAFFIC SIGNAL,NONE DETECTED,No,Possible Injury,NOT DISTRACTED,MD,Passenger Car,25,2011.0,Chrysler,CONVERTABLE,21,Wednesday,2
MCP3023003F,190050926,Montgomery County Police,Property Damage Crash,2019-10-23 13:00:00,Maryland (State),GEORGIA AVE,SPUR FR ROSSMOOR BLVD,SAME DIRECTION LEFT TURN,CLEAR,DRY,DAYLIGHT,NO CONTROLS,NONE DETECTED,No,No Apparent Injury,NOT DISTRACTED,MD,"Cargo Van/Light Truck 2 Axles (Over 10,000Lbs (4,536 Kg))",35,2019.0,Ford,BOX,13,Wednesday,10
MCP3117002L,200026102,Montgomery County Police,Injury Crash,2020-07-05 18:20:00,Maryland (State),ROCKVILLE PIKE,W EDMONSTON DR,SAME DIR REAR END,RAINING,WET,DAYLIGHT,NO CONTROLS,NONE DETECTED,No,Possible Injury,NOT DISTRACTED,MD,Passenger Car,35,2013.0,Nissan,MURANO,18,Sunday,7