Report Number,Local Case Number,Agency Name,ACRS Report Type,Crash Date/Time,Route Type,Road Name,Cross-Street Name,Collision Type,Weather,Surface Condition,Light,Traffic Control,Driver Substance Abuse,Driver At Fault,Injury Severity,Driver Distracted By,Drivers License State,Vehicle Body Type,Speed Limit,Vehicle Year,Vehicle Make,Vehicle Model,Crash Hour,Crash Day,Crash Month
HA2485001D,25000251,MCPARK,Property Damage Crash,2025-02-18 11:00:00,County Route,BELVEDERE PL,Unknown,"Sideswipe, Opposite Direction",Clear,Dry,Daylight,No Controls,"Not Suspect of Alcohol Use, Not Suspect of Drug Use",No,No Apparent Injury,Not Distracted,MD,Other Trucks,25,2018.0,Chevrolet,4500HD,11,Tuesday,2
MCP2800002Q,16055209,Montgomery County Police,Property Damage Crash,2016-10-26 22:34:00,Maryland (State),OLD GEORGETOWN RD,LINCOLN ST,HEAD ON LEFT TURN,CLEAR,DRY,DARK LIGHTS ON,TRAFFIC SIGNAL,NONE DETECTED,No,No Apparent Injury,NOT DISTRACTED,MD,Passenger Car,40,2016.0,Suba,TK,22,Wednesday,10
MCP20720076,230061421,Montgomery County Police,Property Damage Crash,2023-10-19 12:01:00,Unknown,Unknown,Unknown,STRAIGHT MOVEMENT ANGLE,CLEAR,Unknown,DAYLIGHT,STOP SIGN,NONE DETECTED,Yes,No Apparent Injury,NOT DISTRACTED,MD,Passenger Car,15,2013.0,Toyt,SW,12,Thursday,10
MCP3115003J,200003325,Montgomery County Police,Property Damage Crash,2020-01-21 07:00:00,US (State),COLUMBIA PIKE,STEWART LA,SAME DIR REAR END,CLEAR,DRY,Unknown,Unknown,Unknown,No,No Apparent Injury,NOT DISTRACTED,MD,Passenger Car,45,1999.0,Volk,2S,7,Tuesday,1
MCP2198000X,15021772,Montgomery County Police,Property Damage Crash,2015-05-07 16:29:00,County,LOST KNIFE RD,MONTGOMERY VILLAGE AVE,SAME DIR REAR END,CLEAR,DRY,DAYLIGHT,YIELD SIGN,Unknown,No,No Apparent Injury,NOT DISTRACTED,MD,Other Bus,25,2005.0,Nfly,BUS,16,Thursday,5
DD56700005,230032618,Rockville Police Departme,Property Damage Crash,2023-07-08 22:15:00,Municipality,LEWIS AVE,THORNDEN RD,SAME DIR REAR END,Unknown,DRY,DARK LIGHTS ON,NO CONTROLS,NONE DETECTED,Yes,No Apparent Injury,UNKNOWN,MD,Passenger Car,25,2019.0,Toyota,COROLLA,22,Saturday,7
MCP2942002S,170512744,Montgomery County Police,Injury Crash,2017-06-09 13:30:00,Unknown,Unknown,Unknown,STRAIGHT MOVEMENT ANGLE,Unknown,Unknown,Unknown,Unknown,NONE DETECTED,No,Suspected Minor Injury,NOT DISTRACTED,MD,Passenger Car,0,2005.0,Honda,ACCORD,13,Friday,6
MCP28670032,16061001,Montgomery County Police,Injury Crash,2016-11-28 05:51:00,US (State),COLESVILLE RD,UNIVERSITY BLVD E,SAME DIRECTION SIDESWIPE,CLEAR,DRY,DARK NO LIGHTS,Unknown,NONE DETECTED,Yes,No Apparent Injury,NOT DISTRACTED,MD,Passenger Car,40,1998.0,Toyta,CAMRY,5,Monday,11
DD5635002J,200009789,Rockville Police Departme,Property Damage Crash,2020-02-27 16:42:00,Municipality,W GUDE DR,RESEARCH BLVD,SAME DIR REAR END,Unknown,DRY,DAYLIGHT,TRAFFIC SIGNAL,NONE DETECTED,Yes,No Apparent Injury,UNKNOWN,MD,Passenger Car,45,2016.0,Honda,TK,16,Thursday,2
MCP2982002X,190039851,Montgomery County Police,Property Damage Crash,2019-08-20 18:05:00,County,WAYNE AVE,SLIGO CREEK PKWY,STRAIGHT MOVEMENT ANGLE,RAINING,WET,DAYLIGHT,TRAFFIC SIGNAL,NONE DETECTED,No,No Apparent Injury,NOT DISTRACTED,MD,Passenger Car,25,2014.0,Merz,CLA250,18,Tuesday,8
MCP2703002L,200040881,Montgomery County Police,Property Damage Crash,2020-10-17 00:31:00,Maryland (State),NEW HAMPSHIRE AVE,COLESVILLE MANOR DR,OTHER,CLEAR,DRY,DARK LIGHTS ON,NO CONTROLS,Unknown,No,No Apparent Injury,NOT DISTRACTED,MD,Police Vehicle/Non Emergency,45,2010.0,Ford,4S,0,Saturday,10
MCP14910005,16003798,Montgomery County Police,Property Damage Crash,2016-01-21 10:07:00,Maryland (State),W MONTGOMERY AVE,SHADY GROVE RD,SAME DIRECTION SIDESWIPE,CLEAR,WET,DAYLIGHT,TRAFFIC SIGNAL,NONE DETECTED,No,No Apparent Injury,NOT DISTRACTED,MD,Passenger Car,45,2005.0,Mazda,2D,10,Thursday,1
MCP2844002Y,180028683,Montgomery County Police,Injury Crash,2018-06-10 16:00:00,Maryland (State),GEORGIA AVE,ENT TO SHOPPING CENTER,OTHER,CLEAR,DRY,DAYLIGHT,NO CONTROLS,NONE DETECTED,No,No Apparent Injury,NOT DISTRACTED,MD,Passenger Car,25,2005.0,Jeep,LIBERTY,16,Sunday,6
MCP2603006P,250003001,MONTGOMERY,Property Damage Crash,2025-01-22 03:54:00,County Route,SHADY GROVE RD,MIDCOUNTY HWY,Single Vehicle,Clear,Dry,Dark - Lighted,Traffic Control Signal,"Suspect of Alcohol Use, Not Suspect of Drug Use",Yes,No Apparent Injury,Unknown,Unknown,Passenger Car,45,2006.0,Honda,ACCORD,3,Wednesday,1
MCP28920073,190053143,Montgomery County Police,Property Damage Crash,2019-11-04 17:43:00,County,DENNIS AVE,GEORGIA AVE,SAME DIRECTION LEFT TURN,CLEAR,DRY,DARK LIGHTS ON,NO CONTROLS,NONE DETECTED,No,No Apparent Injury,NOT DISTRACTED,MD,Passenger Car,25,2019.0,Hond,TK,17,Monday,11
MCP2968003F,190055981,Montgomery County Police,Property Damage Crash,2019-11-20 08:33:00,County,SHADY GROVE RD,RESEARCH BLVD,STRAIGHT MOVEMENT ANGLE,CLEAR,DRY,DAYLIGHT,TRAFFIC SIGNAL,Unknown,Yes,No Apparent Injury,LOOKED BUT DID NOT SEE,MD,Passenger Car,40,2014.0,Jeep,TK,8,Wednesday,11
MCP2617007F,190018175,Montgomery County Police,Injury Crash,2019-04-18 15:56:00,Maryland (State),NORBECK RD,COOLIDGE AVE,SAME DIR REAR END,CLEAR,DRY,DAYLIGHT,NO CONTROLS,NONE DETECTED,No,No Apparent Injury,NOT DISTRACTED,MD,Passenger Car,35,2014.0,Jeep,PATRIOT,15,Thursday,4
MCP26560047,190036344,Montgomery County Police,Injury Crash,2019-07-30 16:55:00,County,RANDOLPH RD,BREGMAN RD,SAME DIR REAR END,Unknown,DRY,DAYLIGHT,Unknown,Unknown,No,No Apparent Injury,NOT DISTRACTED,MD,Passenger Car,40,2016.0,Toyota,4S,16,Tuesday,7
MCP2329003H,250054314,MONTGOMERY,Property Damage Crash,2025-12-04 16:39:00,County Route,MIDCOUNTY HWY,Unknown,Angle,Clear,Dry,Dark - Lighted,No Controls,"Not Suspect of Alcohol Use, Not Suspect of Drug Use",Yes,No Apparent Injury,Unknown,MD,Van - Passenger (&Lt;9 Seats),45,2012.0,Toyota,SIENNA,16,Thursday,12
MCP33050025,230006516,Montgomery County Police,Property Damage Crash,2023-02-08 22:38:00,Maryland (State),NEW HAMPSHIRE AVE,RAMP 2 FR IS 495 WB TO MD 650 NB,SAME DIR REAR END,CLEAR,DRY,DARK LIGHTS ON,TRAFFIC SIGNAL,NONE DETECTED,Yes,No Apparent Injury,LOOKED BUT DID NOT SEE,MD,Passenger Car,35,2010.0,Honda,ACCORD,22,Wednesday,2
MCP27080035,180020476,Montgomery County Police,Property Damage Crash,2018-04-26 13:40:00,Maryland (State),16TH ST,COLESVILLE RD,SAME DIRECTION SIDESWIPE,CLEAR,DRY,DAYLIGHT,Unknown,NONE DETECTED,No,No Apparent Injury,NOT DISTRACTED,MD,Passenger Car,30,2001.0,Toyota,CAMRY,13,Thursday,4
HA24950001,22001575,Maryland-National Capital,Property Damage Crash,2022-09-08 08:13:00,Government,LITTLE FALLS PKWY,MASSACHUSETTS AVE,SAME DIR REND LEFT TURN,CLEAR,DRY,DAYLIGHT,Unknown,Unknown,Yes,No Apparent Injury,LOOKED BUT DID NOT SEE,MD,Police Vehicle/Non Emergency,35,2013.0,Dodg,4S,8,Thursday,9
MCP2870002L,220045199,Montgomery County Police,Property Damage Crash,2022-10-15 09:00:00,Maryland (State),MUNCASTER MILL RD,AIRPARK RD,SAME DIRECTION SIDESWIPE,CLEAR,DRY,DAYLIGHT,TRAFFIC SIGNAL,NONE DETECTED,Yes,No Apparent Injury,NOT DISTRACTED,WA,Passenger Car,35,2013.0,Honda,CIVIC,9,Saturday,10
MCP11510033,15029490,Montgomery County Police,Property Damage Crash,2015-06-17 10:42:00,County,CLOVERLEAF CENTER DR,CRYSTAL ROCK DR,SINGLE VEHICLE,CLEAR,DRY,DAYLIGHT,Unknown,NONE DETECTED,No,No Apparent Injury,NOT DISTRACTED,MD,Transit Bus,30,2014.0,Gill,BUS,10,Wednesday,6
MCP2917004V,190037907,Montgomery County Police,Property Damage Crash,2019-08-08 20:30:00,County,WELLER RD,VALLEYWOOD DR,STRAIGHT MOVEMENT ANGLE,CLEAR,DRY,DARK NO LIGHTS,STOP SIGN,NONE DETECTED,No,No Apparent Injury,LOOKED BUT DID NOT SEE,MD,Passenger Car,25,2011.0,Hyundai,GENISIS,20,Thursday,8
MCP3003000C,16026685,Montgomery County Police,Property Damage Crash,2016-05-28 22:11:00,Maryland (State),DAMASCUS RD,ANNAPOLIS ROCK RD,SINGLE VEHICLE,CLEAR,DRY,DARK LIGHTS ON,NO CONTROLS,ALCOHOL PRESENT,Yes,No Apparent Injury,UNKNOWN,MD,(Sport) Utility Vehicle,40,1997.0,Toyota,4RUNNER,22,Saturday,5
MCP3298000Z,210048834,Montgomery County Police,Property Damage Crash,2021-12-01 20:20:00,Maryland (State),S FREDERICK RD,W DEER PARK RD,STRAIGHT MOVEMENT ANGLE,RAINING,WET,DARK LIGHTS ON,TRAFFIC SIGNAL,NONE DETECTED,No,No Apparent Injury,NOT DISTRACTED,MD,Passenger Car,30,2007.0,Honda,ACCORD,20,Wednesday,12
MCP27360033,15057617,MONTGOMERY,Property Damage Crash,2015-11-11 19:43:00,Maryland (State),ROCKVILLE PIKE,BROAD BROOK DR,SAME DIR REAR END,CLEAR,DRY,DARK LIGHTS ON,TRAFFIC SIGNAL,NONE DETECTED,Yes,No Apparent Injury,INATTENTIVE OR LOST IN THOUGHT,MD,Passenger Car,40,2002.0,Mercury,4S,19,Wednesday,11
MCP2962000D,15026527,Montgomery County Police,Property Damage Crash,2015-06-01 22:55:00,Maryland (State),GERMANTOWN RD,CLOPPER RD,SINGLE VEHICLE,RAINING,WET,DARK LIGHTS ON,TRAFFIC SIGNAL,NONE DETECTED,Yes,No Apparent Injury,NOT DISTRACTED,CA,Pickup Truck,45,2008.0,Ford,F250,22,Monday,6
MCP27300054,250018395,MONTGOMERY,Injury Crash,2025-04-28 06:15:00,Maryland (State) Route,GERMANTOWN RD,CRYSTAL ROCK DR (SB/L),Front to Rear,Clear,Dry,Daylight,Traffic Control Signal,"Not Suspect of Alcohol Use, Not Suspect of Drug Use",Yes,No Apparent Injury,Not Distracted,MD,Sport Utility Vehicle,40,2016.0,Chevrolet,TAHOE,6,Monday,4
DM8388000S,16011626,Takoma Park Police Depart,Property Damage Crash,2016-03-09 00:25:00,Maryland (State),NEW HAMPSHIRE AVE,HOLTON LA,SAME DIR REAR END,Unknown,DRY,DARK LIGHTS ON,TRAFFIC SIGNAL,NONE DETECTED,No,No Apparent Injury,NOT DISTRACTED,MD,Passenger Car,35,2001.0,Mits,GALANT,0,Wednesday,3
MCP3126005T,240045450,MONTGOMERY,Injury Crash,2024-09-23 19:36:00,County Route,BRINK RD (WB/L),Unknown,Rear To Side,Rain,Wet,Dark - Not Lighted,No Controls,"Not Suspect of Alcohol Use, Not Suspect of Drug Use",Yes,Possible Injury,Unknown,MD,Passenger Car,40,2011.0,Gmc,YUKON XL,19,Monday,9
MCP3090005D,210046308,Montgomery County Police,Property Damage Crash,2021-11-15 12:46:00,County,MUDDY BRANCH RD,WEST SIDE DR,STRAIGHT MOVEMENT ANGLE,CLEAR,DRY,DAYLIGHT,TRAFFIC SIGNAL,Unknown,Yes,No Apparent Injury,UNKNOWN,MD,(Sport) Utility Vehicle,35,2018.0,Merz,TK,12,Monday,11
HA23860016,21001477,Maryland-National Capital,Property Damage Crash,2021-06-03 12:30:00,Unknown,Unknown,Unknown,Unknown,CLEAR,Unknown,DAYLIGHT,Unknown,Unknown,Yes,No Apparent Injury,NOT DISTRACTED,MD,"Cargo Van/Light Truck 2 Axles (Over 10,000Lbs (4,536 Kg))",5,2021.0,Frht,TRUCK,12,Thursday,6
MCP320000GW,250049269,MONTGOMERY,Injury Crash,2025-11-03 08:41:00,Maryland (State) Route,Unknown,Unknown,Front to Rear,Cloudy,Dry,Daylight,Traffic Control Signal,"Not Suspect of Alcohol Use, Not Suspect of Drug Use",Yes,Possible Injury,Not Distracted,MD,Passenger Car,35,2025.0,Volkswagen,JETTA GLI,8,Monday,11
EJ78290041,180012299,Gaithersburg Police Depar,Injury Crash,2018-03-11 16:20:00,County,MUDDY BRANCH RD,GREAT SENECA HWY,SAME DIR REAR END,CLEAR,DRY,DAYLIGHT,TRAFFIC SIGNAL,NONE DETECTED,Yes,No Apparent Injury,NOT DISTRACTED,MD,Passenger Car,45,2000.0,Merz,TK,16,Sunday,3
MCP15500042,230002242,Montgomery County Police,Property Damage Crash,2023-01-14 14:30:00,County,RANDOLPH RD,PARKLAWN DR,SAME DIRECTION SIDESWIPE,CLOUDY,DRY,DAYLIGHT,NO CONTROLS,UNKNOWN,Yes,No Apparent Injury,UNKNOWN,Unknown,(Sport) Utility Vehicle,30,2015.0,Jeep,WRANGLER,14,Saturday,1
MCP3111001Y,190056609,Montgomery County Police,Property Damage Crash,2019-11-23 08:32:00,Maryland (State),EAST WEST HWY,ROSEMARY HILLS RD,SAME DIR REAR END,CLEAR,DRY,DAYLIGHT,TRAFFIC SIGNAL,NONE DETECTED,Yes,No Apparent Injury,BY MOVING OBJECT IN VEHICLE,MD,Passenger Car,35,2018.0,Hyundai,ELANTRA,8,Saturday,11
MCP2875003V,190037908,Montgomery County Police,Property Damage Crash,2019-08-08 19:40:00,Unknown,Unknown,Unknown,OTHER,CLEAR,Unknown,DAYLIGHT,Unknown,UNKNOWN,Yes,No Apparent Injury,UNKNOWN,MD,(Sport) Utility Vehicle,15,2007.0,Pontiac,TORRENT,19,Thursday,8
DD5538002S,170512856,Rockville Police Departme,Injury Crash,2017-06-10 08:19:00,Municipality,MT VERNON PL,MERCER RD,STRAIGHT MOVEMENT ANGLE,CLEAR,DRY,DAYLIGHT,STOP SIGN,NONE DETECTED,Yes,No Apparent Injury,LOOKED BUT DID NOT SEE,MD,(Sport) Utility Vehicle,25,2011.0,Toyt,TK RAV4,8,Saturday,6
MCP2678003Q,220043031,Montgomery County Police,Property Damage Crash,2022-10-03 08:03:00,County,DALEWOOD DR,DALEWOOD CT,SAME DIRECTION SIDESWIPE,RAINING,WET,DAYLIGHT,NO CONTROLS,Unknown,Yes,No Apparent Injury,LOOKED BUT DID NOT SEE,MD,School Bus,25,2011.0,Thomas,CONV-MSDE-C-8,8,Monday,10
MCP29140035,16031434,Montgomery County Police,Injury Crash,2016-06-21 19:59:00,Interstate (State),CAPITAL BELTWAY,RAMP 7 FR IS 495 WB TO MD 650 SB,OTHER,RAINING,WET,DAYLIGHT,NO CONTROLS,Unknown,No,No Apparent Injury,NOT DISTRACTED,MD,Passenger Car,55,1996.0,Toyt,TERCEL,19,Tuesday,6
MCP2961004P,250033552,MONTGOMERY,Property Damage Crash,2025-07-28 10:55:00,Maryland (State) Route,GEORGIA AVE (SB/L),Unknown,Front to Rear,Clear,Dry,Daylight,No Controls,"Not Suspect of Alcohol Use, Not Suspect of Drug Use",No,No Apparent Injury,Not Distracted,MD,Truck Tractor,35,2006.0,Kenworth,T300,10,Monday,7
MCP2982000H,16003819,Montgomery County Police,Property Damage Crash,2016-01-21 11:34:00,US (State),COLESVILLE RD,FENTON ST,SAME DIRECTION LEFT TURN,Unknown,DRY,DAYLIGHT,TRAFFIC SIGNAL,NONE DETECTED,No,No Apparent Injury,NOT DISTRACTED,MD,Passenger Car,35,2001.0,Toyota,4S,11,Thursday,1
MCP3368000X,230025642,Montgomery County Police,Injury Crash,2023-05-28 18:23:00,County,CENTERWAY RD,MONTGOMERY VILLAGE AVE,OTHER,CLEAR,DRY,DAYLIGHT,NO CONTROLS,NONE DETECTED,No,Possible Injury,NOT DISTRACTED,MD,Passenger Car,25,2015.0,Nissan,ALTIMA,18,Sunday,5
MCP3267001Y,230054356,Montgomery County Police,Property Damage Crash,2023-09-12 04:50:00,Maryland (State),GEORGIA AVE,LAYHILL RD,SAME DIR REAR END,CLEAR,DRY,DARK LIGHTS ON,TRAFFIC SIGNAL,NONE DETECTED,No,No Apparent Injury,NOT DISTRACTED,MD,Passenger Car,35,2019.0,Nissan,ROGUE,4,Tuesday,9
MCP3111004M,210051358,Montgomery County Police,Property Damage Crash,2021-12-17 11:00:00,Maryland (State),RIVER RD,ROYAL DOMINION DR,SAME DIR REAR END,CLEAR,DRY,DAYLIGHT,TRAFFIC SIGNAL,NONE DETECTED,No,No Apparent Injury,NOT DISTRACTED,MD,Passenger Car,35,2009.0,Nissan,ALTIMA,11,Friday,12
EJ7905003L,250039850,GAITHERSBURG,Injury Crash,2025-09-05 15:32:00,Unknown,Unknown,Unknown,Single Vehicle,Clear,Unknown,Daylight,Unknown,"Not Suspect of Alcohol Use, Not Suspect of Drug Use",No,No Apparent Injury,Unknown,MD,Passenger Car,0,2015.0,Nissan,ALTIMA,15,Friday,9
MCP2203002V,180021043,Montgomery County Police,Property Damage Crash,2018-04-30 02:00:00,County,STONINGTON RD,AUTH LA,HEAD ON,UNKNOWN,UNKNOWN,DARK -- UNKNOWN LIGHTING,NO CONTROLS,UNKNOWN,Yes,No Apparent Injury,UNKNOWN,MD,Passenger Car,25,2010.0,Toyt,CAMRY,2,Monday,4
MCP3379002F,250045262,MONTGOMERY,Property Damage Crash,2025-10-08 16:26:00,Maryland (State) Route,GERMANTOWN RD (SB/L),RAMP 5 FR RAMP 8 (FR IS270) TO MD 118 EB,Front to Front,Clear,Dry,Daylight,Traffic Control Signal,"Not Suspect of Alcohol Use, Not Suspect of Drug Use",No,No Apparent Injury,Not Distracted,MD,Passenger Car,40,2025.0,Nissan,ALTIMA,16,Wednesday,10
EJ79060010,240042297,GAITHERSBURG,Property Damage Crash,2024-09-06 14:57:00,Municipality Route,BUREAU DR (SB/L),W DIAMOND AVE (WB/L),Other,Clear,Dry,Daylight,Traffic Control Signal,"Not Suspect of Alcohol Use, Not Suspect of Drug Use",No,No Apparent Injury,Not Distracted,MD,Passenger Car,35,2007.0,Toyota,COROLLA,14,Friday,9
MCP2385000X,16055224,Montgomery County Police,Injury Crash,2016-10-27 00:08:00,Maryland (State),LAYTONSVILLE RD,HAWKINS CREAMERY RD,SINGLE VEHICLE,CLEAR,DRY,DARK NO LIGHTS,NO CONTROLS,ILLEGAL DRUG PRESENT,Yes,Suspected Minor Injury,NOT DISTRACTED,DC,Pickup Truck,45,2007.0,Ford,F150,0,Thursday,10
MCP1233000X,16003890,Montgomery County Police,Injury Crash,2016-01-21 19:58:00,Maryland (State),CONNECTICUT AVE,MANOR RD,SAME DIR REAR END,CLOUDY,DRY,DARK NO LIGHTS,TRAFFIC SIGNAL,NONE DETECTED,Yes,No Apparent Injury,OTHER ELECTRONIC DEVICE (NAVIGATIONAL PALM PILOT),MD,(Sport) Utility Vehicle,45,2001.0,Merz,TK,19,Thursday,1
MCP3076001S,180036238,Montgomery County Police,Property Damage Crash,2018-07-22 04:03:00,County,FENTON ST,WAYNE AVE,SAME DIR REAR END,CLEAR,DRY,DARK LIGHTS ON,FLASHING TRAFFIC SIGNAL,NONE DETECTED,No,No Apparent Injury,NOT DISTRACTED,MD,Passenger Car,35,2014.0,Honda,ACCORD,4,Sunday,7
MCP28910055,180006128,Montgomery County Police,Property Damage Crash,2018-02-05 11:13:00,Maryland (State),GEORGIA AVE,16TH ST (SB OUT OF SIGHT LA),SAME DIRECTION SIDESWIPE,CLEAR,DRY,DAYLIGHT,Unknown,NONE DETECTED,Unknown,No Apparent Injury,UNKNOWN,DC,Passenger Car,35,2007.0,Volvo,XC70,11,Monday,2
MCP27230040,180061660,Montgomery County Police,Property Damage Crash,2018-12-10 11:40:00,Unknown,HERITAGE HILLS DR,QUEEN ELIZABETH DR,STRAIGHT MOVEMENT ANGLE,CLEAR,DRY,DAYLIGHT,STOP SIGN,Unknown,Yes,No Apparent Injury,UNKNOWN,MD,Passenger Car,30,2012.0,Toyota,CAMRY,11,Monday,12
MCP2437005Z,250042514,MONTGOMERY,Property Damage Crash,2025-09-21 13:23:00,Ramp,RAMP 1 FR RAMP 4 (FR IS270) TO MD 189 WB,Unknown,"Sideswipe, Same Direction",Cloudy,Dry,Daylight,Traffic Control Signal,"Unknown, Unknown",Yes,No Apparent Injury,Unknown,MD,Sport Utility Vehicle,20,2026.0,Bmw,X5,13,Sunday,9
MCP30400014,170527599,Montgomery County Police,Injury Crash,2017-08-29 17:00:00,Maryland (State),GEORGIA AVE,EMORY LA,SAME DIR REAR END,RAINING,WET,DAYLIGHT,TRAFFIC SIGNAL,NONE DETECTED,No,No Apparent Injury,NOT DISTRACTED,MD,Van,45,2015.0,Ford,VAN,17,Tuesday,8
MCP9404002N,200002682,Montgomery County Police,Property Damage Crash,2020-01-16 12:57:00,Unknown,Unknown,Unknown,OTHER,Unknown,Unknown,DAYLIGHT,Unknown,Unknown,No,No Apparent Injury,NOT DISTRACTED,MD,Passenger Car,25,2016.0,Bmw,TK,12,Thursday,1
MCP2765004N,180036003,Montgomery County Police,Property Damage Crash,2018-07-20 17:00:00,County,MEDICAL CENTER DR,MEDICAL CENTER WAY,SAME DIRECTION LEFT TURN,CLEAR,DRY,DAYLIGHT,STOP SIGN,UNKNOWN,Yes,No Apparent Injury,UNKNOWN,Unknown,Passenger Car,30,2015.0,Dodge,DART,17,Friday,7
MCP1233003K,190059404,Montgomery County Police,Property Damage Crash,2019-12-09 20:24:00,County,PLYERS MILL RD,JENNINGS RD,SAME DIR REAR END,RAINING,WET,DARK NO LIGHTS,NO CONTROLS,NONE DETECTED,Yes,No Apparent Injury,NOT DISTRACTED,MD,Passenger Car,35,1993.0,Ford,ASTRO,20,Monday,12
MCP2274000L,16002379,Montgomery County Police,Property Damage Crash,2016-01-13 14:18:00,Unknown,Unknown,Unknown,OTHER,CLEAR,Unknown,DAYLIGHT,NO CONTROLS,NONE DETECTED,Yes,No Apparent Injury,UNKNOWN,MD,Passenger Car,25,2003.0,Bmw,530I,14,Wednesday,1
HA22900005,18000199,Maryland-National Capital,Property Damage Crash,2018-02-22 08:01:00,Maryland (State),PLYERS MILL RD,CONCORD ST,SAME DIRECTION RIGHT TURN,CLOUDY,DRY,DAYLIGHT,FLASHING TRAFFIC SIGNAL,NONE DETECTED,Unknown,No Apparent Injury,NOT DISTRACTED,MD,Unknown,30,2003.0,Honda,ODYSSEY,8,Thursday,2
MCP3362001F,230046506,Montgomery County Police,Property Damage Crash,2023-07-25 09:40:00,Interstate (State),CAPITAL BELTWAY,UNIVERSITY BLVD E,SAME DIR REAR END,CLEAR,DRY,DAYLIGHT,NO CONTROLS,NONE DETECTED,Yes,No Apparent Injury,UNKNOWN,Unknown,Passenger Car,55,2014.0,Toyota,SCION,9,Tuesday,7
MCP2932007V,240045137,MONTGOMERY,Injury Crash,2024-09-21 22:12:00,Maryland (State) Route,NEW HAMPSHIRE AVE (SB/L),Unknown,Front to Rear,Clear,Dry,Dark - Lighted,No Controls,"Not Suspect of Alcohol Use, Not Suspect of Drug Use",No,Suspected Minor Injury,Not Distracted,MD,Sport Utility Vehicle,35,2015.0,Lexus,RX,22,Saturday,9
MCP30750050,250036823,MONTGOMERY,Property Damage Crash,2025-08-18 05:26:00,County Route,BRINK RD,RIDGE RD,Other,Clear,Dry,Dark - Lighted,Flashing Traffic Control Signal,"Not Suspect of Alcohol Use, Not Suspect of Drug Use",No,No Apparent Injury,Not Distracted,MD,Other,35,2007.0,Chevrolet,EXPRESS,5,Monday,8
MCP2008000W,15009911,Montgomery County Police,Property Damage Crash,2015-03-02 18:36:00,Maryland (State),RIVER RD,WESTBARD AVE,STRAIGHT MOVEMENT ANGLE,CLEAR,DRY,DARK LIGHTS ON,STOP SIGN,NONE DETECTED,No,No Apparent Injury,NOT DISTRACTED,DC,Passenger Car,35,2001.0,Subar,LEGACY,18,Monday,3
MCP31480045,220043899,Montgomery County Police,Property Damage Crash,2022-10-07 17:19:00,County,ALTA VISTA RD,BALFOUR DR,SAME DIRECTION SIDESWIPE,CLEAR,DRY,DAYLIGHT,STOP SIGN,NONE DETECTED,Yes,No Apparent Injury,LOOKED BUT DID NOT SEE,MD,(Sport) Utility Vehicle,25,2011.0,Mazda,CX-7,17,Friday,10
MCP2745002Y,240013061,MONTGOMERY,Injury Crash,2024-03-19 06:53:00,Maryland (State) Route,FREDERICK RD (SB/L),PROFESSIONAL DR,Front to Rear,Clear,Dry,Daylight,Traffic Control Signal,"Not Suspect of Alcohol Use, Not Suspect of Drug Use",Yes,Possible Injury,Not Distracted,MD,Passenger Car,40,2016.0,Honda,PILOT,6,Tuesday,3
MCP3018000J,17011263,Montgomery County Police,Property Damage Crash,2017-03-03 10:36:00,County,RANDOLPH RD,CONNECTICUT AVE,SAME DIR REAR END,Unknown,DRY,DAYLIGHT,TRAFFIC SIGNAL,NONE DETECTED,No,No Apparent Injury,NOT DISTRACTED,MD,Transit Bus,40,2009.0,Gillid,LOW FLOOR BUS,10,Friday,3
MCP29870094,240062183,MONTGOMERY,Property Damage Crash,2024-12-23 14:27:00,Maryland (State) Route,CONNECTICUT AVE,Unknown,"Sideswipe, Same Direction",Unknown,Dry,Daylight,No Controls,"Unknown, Unknown",No,No Apparent Injury,Unknown,Unknown,Passenger Car,30,2024.0,Honda,PILOT,14,Monday,12
MCP20470047,210044481,Montgomery County Police,Injury Crash,2021-11-03 11:50:00,County,CRABBS BRANCH WAY,REDLAND RD,HEAD ON LEFT TURN,CLEAR,DRY,DAYLIGHT,Unknown,NONE DETECTED,Yes,No Apparent Injury,LOOKED BUT DID NOT SEE,MD,Passenger Car,35,2018.0,Toyota,CAMRY,11,Wednesday,11
MCP2094006F,16027042,Montgomery County Police,Injury Crash,2016-05-31 07:37:00,Maryland (State),RIVER RD,GOLDSBORO RD,SAME DIR REAR END,CLEAR,DRY,DAYLIGHT,NO CONTROLS,NONE DETECTED,No,No Apparent Injury,NOT DISTRACTED,MD,(Sport) Utility Vehicle,40,2016.0,Volvo,TIGUAN,7,Tuesday,5
MCP2016006S,230001511,Montgomery County Police,Property Damage Crash,2023-01-10 13:51:00,County,MONTROSE RD,TILDENWOOD DR,SAME DIRECTION SIDESWIPE,CLEAR,DRY,DAYLIGHT,Unknown,NONE DETECTED,Unknown,No Apparent Injury,NOT DISTRACTED,MD,Passenger Car,35,2020.0,Ford,PK,13,Tuesday,1
MCP1502000C,15004990,Montgomery County Police,Property Damage Crash,2015-01-31 08:58:00,County,RAILROAD ST,E DEER PARK DR,SINGLE VEHICLE,CLEAR,DRY,DAYLIGHT,TRAFFIC SIGNAL,NONE DETECTED,Yes,No Apparent Injury,NOT DISTRACTED,MD,Van,30,2001.0,Toyota,SIENNA,8,Saturday,1