Report Number,Local Case Number,Agency Name,ACRS Report Type,Crash Date/Time,Route Type,Road Name,Cross-Street Name,Collision Type,Weather,Surface Condition,Light,Traffic Control,Driver Substance Abuse,Driver At Fault,Injury Severity,Driver Distracted By,Drivers License State,Vehicle Body Type,Speed Limit,Vehicle Year,Vehicle Make,Vehicle Model,Crash Hour,Crash Day,Crash Month
MCP1022008D,170545554,Montgomery County Police,Injury Crash,2017-11-29 11:36:00,Maryland (State),FREDERICK RD,WEST OLD BALTIMORE RD,SAME DIR REAR END,CLEAR,DRY,DAYLIGHT,TRAFFIC SIGNAL,NONE DETECTED,Yes,Possible Injury,NOT DISTRACTED,MD,Van,45,2016.0,Dodge,GRAND CARAVAN,11,Wednesday,11
MCP2466000N,15044449,MONTGOMERY,Injury Crash,2015-09-03 22:54:00,County,E RANDOLPH RD,APPLEBY DR,STRAIGHT MOVEMENT ANGLE,CLEAR,DRY,DARK LIGHTS ON,TRAFFIC SIGNAL,NONE DETECTED,Unknown,No Apparent Injury,UNKNOWN,MD,Pickup Truck,40,2004.0,Chev,SILVERADO,22,Thursday,9
MCP29620028,180001632,Montgomery County Police,Property Damage Crash,2018-01-09 19:00:00,County,QUEENSTOWN LA,RED ROCKS DR,OTHER,SNOW,SNOW,DARK LIGHTS ON,NO CONTROLS,UNKNOWN,Yes,No Apparent Injury,UNKNOWN,XX,Passenger Car,25,2007.0,Toyota,TACOMA,19,Tuesday,1
MCP29340022,16057413,Montgomery County Police,Property Damage Crash,2016-11-07 13:03:00,Unknown,Unknown,Unknown,OTHER,CLEAR,Unknown,DAYLIGHT,NO CONTROLS,NONE DETECTED,No,No Apparent Injury,NOT DISTRACTED,PA,Passenger Car,10,2015.0,Ford,TAURUS,13,Monday,11
MCP28050058,250014712,MONTGOMERY,Property Damage Crash,2025-04-04 14:35:00,County Route,DEMOCRACY BLVD,Unknown,Rear To Rear,Cloudy,Dry,Daylight,No Controls,"Not Suspect of Alcohol Use, Not Suspect of Drug Use",No,No Apparent Injury,Not Distracted,MD,Sport Utility Vehicle,45,2017.0,Honda,PILOT,14,Friday,4
MCP2977004B,180043645,Montgomery County Police,Property Damage Crash,2018-09-01 13:25:00,Unknown,Unknown,Unknown,OTHER,CLEAR,Unknown,DAYLIGHT,NO CONTROLS,UNKNOWN,Yes,No Apparent Injury,UNKNOWN,NY,Van,5,2011.0,Ford,E350,13,Saturday,9
MCP2965003Z,190046822,Montgomery County Police,Property Damage Crash,2019-09-30 12:05:00,Maryland (State),GEORGIA AVE,HILLCREST AVE,STRAIGHT MOVEMENT ANGLE,RAINING,WET,DAYLIGHT,STOP SIGN,NONE DETECTED,Yes,No Apparent Injury,LOOKED BUT DID NOT SEE,MD,Passenger Car,35,1997.0,Toyt,4S,12,Monday,9
MCP9301001Q,170532966,Montgomery County Police,Property Damage Crash,2017-09-25 08:40:00,Maryland (State),KEY WEST AVE,GREAT SENECA HWY,SAME DIR REAR END,Unknown,Unknown,DAYLIGHT,Unknown,NONE DETECTED,Yes,No Apparent Injury,INATTENTIVE OR LOST IN THOUGHT,MD,Passenger Car,45,2013.0,Chev,TK,8,Monday,9
MCP30310035,190039368,Montgomery County Police,Property Damage Crash,2019-08-17 21:50:00,Maryland (State),CONNECTICUT AVE,DEAN RD,STRAIGHT MOVEMENT ANGLE,CLEAR,DRY,DARK LIGHTS ON,STOP SIGN,NONE DETECTED,No,No Apparent Injury,NOT DISTRACTED,MD,Passenger Car,35,2012.0,Honda,ACCORD,21,Saturday,8
MCP209400BH,180022954,Montgomery County Police,Injury Crash,2018-05-10 07:56:00,Maryland (State),RIVER RD,BRAEBURN PKWY,SAME DIR REAR END,CLEAR,DRY,DAYLIGHT,NO CONTROLS,NONE DETECTED,No,No Apparent Injury,NOT DISTRACTED,MD,Snowmobile,45,2012.0,Cadilac,CTS,7,Thursday,5
MCP3141001T,200034886,Montgomery County Police,Injury Crash,2020-09-06 05:47:00,Maryland (State),SANDY SPRING RD,RIDING STABLE RD,STRAIGHT MOVEMENT ANGLE,Unknown,DRY,DARK LIGHTS ON,STOP SIGN,NONE DETECTED,No,No Apparent Injury,NOT DISTRACTED,MD,Passenger Car,55,2009.0,Toyota,PRIUS,5,Sunday,9
MCP3268001Q,220014471,Montgomery County Police,Property Damage Crash,2022-04-05 13:16:00,County,FLOWER AVE,PINEY BRANCH RD,SAME DIRECTION LEFT TURN,RAINING,WET,DAYLIGHT,TRAFFIC SIGNAL,Unknown,Yes,No Apparent Injury,NOT DISTRACTED,MD,Passenger Car,20,2006.0,Toyota,SCION,13,Tuesday,4
MCP2472001K,15064072,MONTGOMERY,Property Damage Crash,2015-12-15 14:45:00,Maryland (State),NORWOOD RD,HENNESSY TERR,SAME DIR REAR END,CLEAR,DRY,DAYLIGHT,TRAFFIC SIGNAL,UNKNOWN,No,No Apparent Injury,NOT DISTRACTED,Unknown,Passenger Car,45,2016.0,Cadillac,DEVILLE,14,Tuesday,12
MCP2420005L,240025809,MONTGOMERY,Property Damage Crash,2024-05-31 11:30:00,County Route,RANDOLPH RD (WB/L),Unknown,Single Vehicle,Clear,Dry,Daylight,No Controls,"Not Suspect of Alcohol Use, Not Suspect of Drug Use",Yes,No Apparent Injury,Unknown,MD,Passenger Car,35,2017.0,Kia,OPTIMA,11,Friday,5
MCP2885000W,15017539,Montgomery County Police,Property Damage Crash,2015-04-15 15:06:00,County,RANDOLPH RD,GEORGIA AVE,SAME DIR BOTH LEFT TURN,CLEAR,DRY,DAYLIGHT,TRAFFIC SIGNAL,UNKNOWN,Yes,No Apparent Injury,NOT DISTRACTED,Unknown,School Bus,35,2014.0,Thomas,BUS,15,Wednesday,4
MCP2569000K,16051521,Montgomery County Police,Injury Crash,2016-10-07 01:23:00,County,WOODMONT AVE,BATTERY LA,STRAIGHT MOVEMENT ANGLE,CLEAR,DRY,DARK LIGHTS ON,FLASHING TRAFFIC SIGNAL,NONE DETECTED,Yes,No Apparent Injury,NOT DISTRACTED,PA,"Other Light Trucks (10,000Lbs (4,536Kg) Or Less)",25,2009.0,Gmc,TK,1,Friday,10
MCP32080025,210040554,Montgomery County Police,Injury Crash,2021-10-10 23:28:00,Maryland (State),NEW HAMPSHIRE AVE,OAKVIEW DR,SAME DIR REAR END,RAINING,WET,DARK LIGHTS ON,TRAFFIC SIGNAL,Unknown,No,Suspected Serious Injury,NOT DISTRACTED,MD,Passenger Car,40,2005.0,Toyota,CAMRY,23,Sunday,10
MCP12600006,180029849,Montgomery County Police,Injury Crash,2018-06-16 23:59:00,Maryland (State),OLD HUNDRED RD,SLATE QUARRY RD (FRED CO),SINGLE VEHICLE,CLEAR,DRY,DARK NO LIGHTS,NO CONTROLS,ALCOHOL PRESENT,Yes,Possible Injury,NOT DISTRACTED,MD,Pickup Truck,30,1994.0,Ford,F-150,23,Saturday,6
MCP30630048,230033523,Montgomery County Police,Property Damage Crash,2023-07-14 09:53:00,Maryland (State),COLESVILLE RD,GEORGIA AVE,Unknown,CLEAR,DRY,DAYLIGHT,TRAFFIC SIGNAL,UNKNOWN,Yes,No Apparent Injury,UNKNOWN,MD,Passenger Car,35,2008.0,Toyota,CAMRY,9,Friday,7
MCP3020000S,170517566,Montgomery County Police,Injury Crash,2017-07-06 08:30:00,Maryland (State),LAYHILL RD,BRIGGS RD,STRAIGHT MOVEMENT ANGLE,RAINING,WET,DAYLIGHT,TRAFFIC SIGNAL,NONE DETECTED,Yes,Suspected Minor Injury,UNKNOWN,MD,Passenger Car,40,2007.0,Pontiac,G6,8,Thursday,7
MCP3212001S,200029608,Montgomery County Police,Property Damage Crash,2020-07-30 17:23:00,Maryland (State),GEORGIA AVE,RAMP 3 FR IS 495 EB TO MD 97 NB,SAME DIRECTION SIDESWIPE,Unknown,DRY,DAYLIGHT,YIELD SIGN,NONE DETECTED,Yes,No Apparent Injury,LOOKED BUT DID NOT SEE,MD,Passenger Car,35,2018.0,Chevy,CRUZE,17,Thursday,7
MCP3263004H,240015586,MONTGOMERY,Injury Crash,2024-04-03 18:00:00,County Route,Unknown,Unknown,Other,Rain,Wet,Daylight,No Controls,"Unknown, Unknown",No,No Apparent Injury,Unknown,Unknown,Passenger Car,25,2020.0,Toyota,PRIUS C,18,Wednesday,4
MCP3195004K,240012246,MONTGOMERY,Property Damage Crash,2024-03-14 12:23:00,Local Route,CSX TRACK 2 RAIL,Unknown,Front to Rear,Clear,Dry,Daylight,No Controls,"Not Suspect of Alcohol Use, Not Suspect of Drug Use",No,No Apparent Injury,Not Distracted,MD,Passenger Car,35,2024.0,Nissan,KICKS,12,Thursday,3
MCP2715000N,15040984,MONTGOMERY,Property Damage Crash,2015-08-16 21:03:00,County,BRIGGS CHANEY RD,ENT TO BRIGGS CHANEY OUTLETS,SAME DIRECTION RIGHT TURN,CLEAR,DRY,DARK LIGHTS ON,Unknown,NONE DETECTED,Yes,No Apparent Injury,NOT DISTRACTED,MD,Passenger Car,35,2005.0,Chev,MALABU,21,Sunday,8
MCP28460079,210046064,Montgomery County Police,Property Damage Crash,2021-11-13 13:22:00,County,HANNES ST,CAVALIER DR,OPPOSITE DIRECTION SIDESWIPE,CLEAR,DRY,DAYLIGHT,NO CONTROLS,NONE DETECTED,Yes,No Apparent Injury,LOOKED BUT DID NOT SEE,MD,"Other Light Trucks (10,000Lbs (4,536Kg) Or Less)",20,2014.0,Mack,TK,13,Saturday,11
MCP32890032,240006984,MONTGOMERY,Property Damage Crash,2024-02-12 13:22:00,US (State),GEORGIA AVE,Unknown,"Sideswipe, Same Direction",Cloudy,Dry,Daylight,No Controls,"Not Suspect of Alcohol Use, Not Suspect of Drug Use",No,No Apparent Injury,Not Distracted,DC,Passenger Car,30,2016.0,Toyota,COROLLA,13,Monday,2
MCP2900001K,16025337,Montgomery County Police,Property Damage Crash,2016-05-21 21:20:00,Maryland (State),CLOPPER RD,GAME PRESERVE RD,OPPOSITE DIRECTION SIDESWIPE,RAINING,WET,DARK NO LIGHTS,NO CONTROLS,NONE DETECTED,No,No Apparent Injury,NOT DISTRACTED,MD,(Sport) Utility Vehicle,35,2013.0,Chev,SUBURBAN,21,Saturday,5
MCP28880019,180056391,Montgomery County Police,Injury Crash,2018-11-09 22:45:00,County,QUINCE ORCHARD RD,DUFIEF MILL RD,HEAD ON LEFT TURN,OTHER,WET,DARK LIGHTS ON,Unknown,Unknown,No,Suspected Minor Injury,NOT DISTRACTED,MD,Passenger Car,30,2014.0,Ford,TRK,22,Friday,11
EJ7884006T,240039461,GAITHERSBURG,Injury Crash,2024-08-21 01:55:00,Municipality Route,Unknown,E DEER PARK DR,Angle,Clear,Dry,Dark - Lighted,Flashing Traffic Control Signal,"Not Suspect of Alcohol Use, Not Suspect of Drug Use",No,No Apparent Injury,Not Distracted,MD,Passenger Car,35,2021.0,Toyota,COROLLA,1,Wednesday,8
MCP3292002W,250035628,MONTGOMERY,Property Damage Crash,2025-08-10 14:58:00,County Route,CLIFF PINE DR,WOODFIELD RD,Angle,Clear,Dry,Daylight,Stop Sign,"Not Suspect of Alcohol Use, Not Suspect of Drug Use",Yes,No Apparent Injury,Not Distracted,MD,Passenger Car,40,2003.0,Subaru,LEGACY,14,Sunday,8
MCP2921004X,240005959,MONTGOMERY,Injury Crash,2024-02-06 14:17:00,County Route,CRYSTAL ROCK DR,GERMANTOWN RD (SB/L),Other,Clear,Dry,Daylight,Traffic Control Signal,"Not Suspect of Alcohol Use, Not Suspect of Drug Use",No,No Apparent Injury,Not Distracted,Unknown,Passenger Car,25,2008.0,Toyota,CAMRY,14,Tuesday,2
DD55950064,180034447,Rockville Police Departme,Injury Crash,2018-07-12 12:20:00,Maryland (State),VEIRS MILL RD,ROCKVILLE PIKE,SAME DIR REAR END,CLEAR,DRY,DAYLIGHT,TRAFFIC SIGNAL,NONE DETECTED,No,No Apparent Injury,NOT DISTRACTED,MD,School Bus,40,2014.0,Thom,BU,12,Thursday,7
MCP2639001J,16047853,Montgomery County Police,Property Damage Crash,2016-09-17 22:53:00,Maryland (State),UNIVERSITY BLVD W,EISNER ST,SAME DIRECTION SIDESWIPE,CLEAR,DRY,DARK LIGHTS ON,NO CONTROLS,NONE DETECTED,Yes,No Apparent Injury,NOT DISTRACTED,MD,Passenger Car,40,2009.0,Nissan,ARMADA,22,Saturday,9
MCP1170001F,16022455,Montgomery County Police,Injury Crash,2016-05-06 14:45:00,County,FAIRLAND RD,COLUMBIA PIKE,STRAIGHT MOVEMENT ANGLE,RAINING,WET,DAYLIGHT,TRAFFIC SIGNAL,NONE DETECTED,No,Suspected Serious Injury,NOT DISTRACTED,MD,Passenger Car,50,2011.0,Mazda,RX7,14,Friday,5
MCP11130025,180041235,Montgomery County Police,Injury Crash,2018-08-19 12:24:00,Maryland (State),WOODFIELD RD,GARFIELD DR,SAME DIR REAR END,CLOUDY,DRY,DAYLIGHT,NO CONTROLS,NONE DETECTED,No,Suspected Minor Injury,NOT DISTRACTED,MD,Passenger Car,40,2010.0,Chev,MALIBU,12,Sunday,8
MCP32590011,200049287,Montgomery County Police,Property Damage Crash,2020-12-14 16:51:00,Maryland (State),W DIAMOND AVE,KING JAMES WAY,HEAD ON LEFT TURN,CLOUDY,UNKNOWN,DUSK,NO CONTROLS,NONE DETECTED,No,No Apparent Injury,NOT DISTRACTED,FL,Passenger Car,40,2019.0,Chev,MALIBU,16,Monday,12
MCP2939003R,190024945,Montgomery County Police,Injury Crash,2019-05-25 16:17:00,Maryland (State),GERMANTOWN RD,BOWMAN MILL RD,SAME DIR REAR END,CLEAR,DRY,DAYLIGHT,TRAFFIC SIGNAL,NONE DETECTED,Yes,No Apparent Injury,INATTENTIVE OR LOST IN THOUGHT,MD,Passenger Car,40,2007.0,Jeep,SU,16,Saturday,5
MCP2948006F,230054062,Montgomery County Police,Property Damage Crash,2023-09-10 03:43:00,Maryland (State),NEW HAMPSHIRE AVE,BONIFANT RD,SINGLE VEHICLE,CLEAR,DRY,DARK LIGHTS ON,Unknown,ALCOHOL CONTRIBUTED,Yes,No Apparent Injury,UNKNOWN,MD,Passenger Car,45,2012.0,Chevrolet,CRUZ,3,Sunday,9
MCP1069000C,15039045,MONTGOMERY,Property Damage Crash,2015-08-06 10:45:00,Maryland (State),WOODFIELD RD,MAIN ST,SAME DIR REAR END,CLEAR,DRY,DAYLIGHT,TRAFFIC SIGNAL,NONE DETECTED,No,No Apparent Injury,NOT DISTRACTED,MD,Passenger Car,30,2003.0,Chevrolet,CAVALIER,10,Thursday,8
MCP24110025,180032471,Montgomery County Police,Property Damage Crash,2018-07-01 16:20:00,Interstate (State),NO NAME,DEMOCRACY BLVD,SAME DIRECTION LEFT TURN,CLEAR,DRY,DAYLIGHT,NO CONTROLS,UNKNOWN,Yes,No Apparent Injury,UNKNOWN,Unknown,Passenger Car,55,2012.0,Honda,CIVIC,16,Sunday,7
MCP3312002W,230010987,Montgomery County Police,Injury Crash,2023-03-06 10:48:00,Unknown,Unknown,Unknown,OTHER,CLEAR,Unknown,DAYLIGHT,NO CONTROLS,UNKNOWN,Yes,No Apparent Injury,UNKNOWN,Unknown,Passenger Car,20,2019.0,Toyota,SIENNA,10,Monday,3
MCP2749000T,15020481,Montgomery County Police,Property Damage Crash,2015-06-22 18:24:00,Maryland (State),VEIRS MILL RD,GALT AVE,SAME DIR REAR END,CLEAR,DRY,DAYLIGHT,NO CONTROLS,NONE DETECTED,Yes,No Apparent Injury,INATTENTIVE OR LOST IN THOUGHT,MD,Passenger Car,35,1999.0,Toyota,4DR,18,Monday,6
DD5636002L,200025492,Rockville Police Departme,Property Damage Crash,2020-06-30 18:00:00,Municipality,MANNAKEE ST,W MONTGOMERY AVE,STRAIGHT MOVEMENT ANGLE,CLEAR,DRY,DAYLIGHT,NO CONTROLS,NONE DETECTED,Yes,No Apparent Injury,LOOKED BUT DID NOT SEE,VA,Passenger Car,30,2019.0,Nissan,SENTRA,18,Tuesday,6
MCP137800H3,170513228,Montgomery County Police,Injury Crash,2017-06-12 14:49:00,Maryland (State),MUNCASTER MILL RD,MILLCREST DR,SAME DIR REAR END,CLEAR,DRY,DAYLIGHT,OTHER,NONE DETECTED,No,Possible Injury,NOT DISTRACTED,MD,Passenger Car,35,2015.0,Toyota,CAMRY,14,Monday,6
MCP2055003C,220041293,Montgomery County Police,Property Damage Crash,2022-09-22 12:00:00,Interstate (State),EISENHOWER MEMORIAL HWY,RAMP 8 FR IS 270 SB TO MD 124 WB,SAME DIR REAR END,CLEAR,WET,DAYLIGHT,Unknown,NONE DETECTED,No,No Apparent Injury,NOT DISTRACTED,MD,Van,55,2016.0,Ford,VAN,12,Thursday,9
MCP2509000R,15043669,MONTGOMERY,Injury Crash,2015-08-31 07:42:00,Maryland (State),UNIVERSITY BLVD E,MOSS AVE SPUR,SAME DIR REAR END,CLEAR,DRY,DAYLIGHT,NO CONTROLS,NONE DETECTED,Yes,No Apparent Injury,UNKNOWN,PA,Passenger Car,40,2013.0,Honda,CROSSTOUR,7,Monday,8
MCP20880005,170519230,Montgomery County Police,Injury Crash,2017-07-15 06:23:00,County,SNOWDEN FARM PKWY,GRAND ELM ST,SINGLE VEHICLE,Unknown,DRY,DAYLIGHT,Unknown,NONE DETECTED,Yes,Suspected Minor Injury,UNKNOWN,MD,Passenger Car,30,2017.0,Nissan,SENTRA,6,Saturday,7
MCP3233002V,220023018,Montgomery County Police,Property Damage Crash,2022-05-29 17:57:00,US (State),COLUMBIA PIKE,PRELUDE DR,SAME DIR REAR END,CLEAR,DRY,DAYLIGHT,TRAFFIC SIGNAL,UNKNOWN,Yes,No Apparent Injury,UNKNOWN,Unknown,Passenger Car,40,2017.0,Nissan,4D,17,Sunday,5
MCP32940023,240016858,MONTGOMERY,Property Damage Crash,2024-04-11 15:15:00,Local Route,BOYSENBERRY DR,Unknown,Angle,Clear,Dry,Daylight,No Controls,"Not Suspect of Alcohol Use, Not Suspect of Drug Use",No,No Apparent Injury,Not Distracted,MD,Passenger Car,15,2012.0,Ford,FOCUS,15,Thursday,4
MCP3367000T,230032695,Montgomery County Police,Property Damage Crash,2023-07-09 15:59:00,Maryland (State),GEORGIA AVE,GRACE CHURCH RD,SAME DIR REAR END,RAINING,WET,DAYLIGHT,TRAFFIC SIGNAL,Unknown,No,No Apparent Injury,NOT DISTRACTED,MD,Passenger Car,0,2009.0,Toyota,COROLLA,15,Sunday,7
MCP3235001H,210028737,Montgomery County Police,Property Damage Crash,2021-07-31 23:30:00,County,CARROLL AVE,UNIVERSITY BLVD E,SAME DIR REAR END,CLEAR,DRY,Unknown,NO CONTROLS,UNKNOWN,Yes,No Apparent Injury,UNKNOWN,Unknown,"Other Light Trucks (10,000Lbs (4,536Kg) Or Less)",35,2016.0,Freight,M2,23,Saturday,7
MCP32150018,200033587,Montgomery County Police,Property Damage Crash,2020-08-27 22:29:00,Maryland (State),ROCKVILLE PIKE,TUCKERMAN LA,SAME DIR REAR END,CLEAR,DRY,DARK LIGHTS ON,TRAFFIC SIGNAL,Unknown,No,No Apparent Injury,NOT DISTRACTED,MD,Passenger Car,45,2018.0,Merz,4H,22,Thursday,8
MCP3317001P,240023806,MONTGOMERY,Injury Crash,2024-05-20 15:28:00,US (State),COLUMBIA PIKE,Unknown,Front to Rear,Clear,Dry,Daylight,No Controls,"Not Suspect of Alcohol Use, Not Suspect of Drug Use",No,No Apparent Injury,Not Distracted,MD,Passenger Car,55,2016.0,Bmw,228I,15,Monday,5
MCP3229000C,200008906,Montgomery County Police,Property Damage Crash,2020-02-22 19:45:00,Unknown,CADBURY AVE,PARK POTOMAC AVE,OTHER,CLEAR,DRY,DARK LIGHTS ON,NO CONTROLS,UNKNOWN,Yes,No Apparent Injury,INATTENTIVE OR LOST IN THOUGHT,MD,(Sport) Utility Vehicle,25,2001.0,Nissan,XTERRA,19,Saturday,2
MCP9406000R,16022283,Montgomery County Police,Property Damage Crash,2016-05-05 17:50:00,County,DEWEY RD,DAHILL RD,HEAD ON LEFT TURN,CLOUDY,DRY,DAYLIGHT,NO CONTROLS,ALCOHOL PRESENT,Yes,No Apparent Injury,UNKNOWN,GA,Passenger Car,25,2006.0,Kia,4S,17,Thursday,5
MCP30200034,190003249,Montgomery County Police,Property Damage Crash,2019-01-21 14:25:00,County,CONNECTICUT AVE,BEL PRE RD,HEAD ON,SEVERE WINDS,"MUD, DIRT, GRAVEL",DAYLIGHT,TRAFFIC SIGNAL,NONE DETECTED,Unknown,No Apparent Injury,NOT DISTRACTED,MD,"Cargo Van/Light Truck 2 Axles (Over 10,000Lbs (4,536 Kg))",35,2014.0,Ford,F550,14,Monday,1
MCP3030006S,240034429,MONTGOMERY,Injury Crash,2024-07-21 14:36:00,Maryland (State) Route,Unknown,CARDEROCK SPRINGS DR,Angle,Clear,Dry,Daylight,No Controls,"Not Suspect of Alcohol Use, Not Suspect of Drug Use",No,Possible Injury,Not Distracted,MD,Passenger Car,40,1993.0,Rover,ROVER,14,Sunday,7
MCP28920057,180045197,Montgomery County Police,Property Damage Crash,2018-09-10 16:43:00,US (State),COLESVILLE RD,RAMP 8 FR US 29 SB TO IS 495 WB,SAME DIR REAR END,RAINING,WET,DAYLIGHT,NO CONTROLS,NONE DETECTED,No,No Apparent Injury,NOT DISTRACTED,DC,Passenger Car,35,2010.0,Toyota,SD,16,Monday,9
MCP2662002W,220032938,Montgomery County Police,Property Damage Crash,2022-08-01 00:09:00,Maryland (State),FREDERICK RD,GAME PRESERVE RD,SINGLE VEHICLE,CLEAR,WET,DARK LIGHTS ON,NO CONTROLS,UNKNOWN,Yes,No Apparent Injury,UNKNOWN,Unknown,Passenger Car,50,2008.0,Toyt,HB,0,Monday,8
EJ7884004R,220033380,Gaithersburg Police Depar,Property Damage Crash,2022-08-03 18:23:00,Unknown,Unknown,Unknown,OTHER,CLEAR,Unknown,DAYLIGHT,NO CONTROLS,Unknown,Yes,No Apparent Injury,UNKNOWN,Unknown,Passenger Car,10,2019.0,Honda,CIVIC,18,Wednesday,8
MCP2509000T,15045231,MONTGOMERY,Property Damage Crash,2015-09-08 09:03:00,Unknown,Unknown,Unknown,Unknown,Unknown,Unknown,DAYLIGHT,NO CONTROLS,NONE DETECTED,Yes,No Apparent Injury,NOT DISTRACTED,MD,School Bus,25,2011.0,Thomas,BUS,9,Tuesday,9
MCP1565003Z,200048273,Montgomery County Police,Property Damage Crash,2020-12-07 17:57:00,County,GOOD HOPE RD,NO NAME,SAME DIR REND LEFT TURN,CLEAR,DRY,DARK LIGHTS ON,NO CONTROLS,NONE DETECTED,No,No Apparent Injury,NOT DISTRACTED,MD,Recreational Vehicle,30,2020.0,Kia,SUV,17,Monday,12
MCP2556000G,15033861,MONTGOMERY,Injury Crash,2015-07-10 17:03:00,County,SHADY GROVE RD,CRABBS BRANCH WAY,SAME DIR REAR END,CLEAR,DRY,DAYLIGHT,Unknown,NONE DETECTED,Yes,No Apparent Injury,UNKNOWN,MD,Passenger Car,45,2012.0,Niss,ALTIMA,17,Friday,7
MCP158000DG,200048606,Montgomery County Police,Injury Crash,2020-12-10 07:17:00,County,AIRPARK RD,STRATOS LA,STRAIGHT MOVEMENT ANGLE,CLEAR,DRY,DAYLIGHT,TRAFFIC SIGNAL,NONE DETECTED,No,Suspected Minor Injury,NOT DISTRACTED,MD,Passenger Car,50,2017.0,Ford,FOCUS,7,Thursday,12
MCP2610000L,16055002,Montgomery County Police,Property Damage Crash,2016-10-25 21:26:00,County,MEDICAL CENTER DR,MEDICAL CENTER WAY,SAME DIRECTION SIDESWIPE,CLEAR,DRY,DARK LIGHTS ON,Unknown,NONE DETECTED,No,No Apparent Injury,NOT DISTRACTED,MD,Transit Bus,25,2004.0,Orio,BU,21,Tuesday,10
MCP209400HJ,210020725,Montgomery County Police,Property Damage Crash,2021-06-01 11:49:00,Maryland (State),MONTROSE PKWY,HOYA ST,SAME DIRECTION SIDESWIPE,CLEAR,DRY,DAYLIGHT,NO CONTROLS,NONE DETECTED,Yes,No Apparent Injury,UNKNOWN,MD,Passenger Car,40,2012.0,Honda,CIVIC,11,Tuesday,6
MCP31260027,200027082,Montgomery County Police,Injury Crash,2020-07-12 19:30:00,Maryland (State),RIDGE RD,SKYLARK RD,HEAD ON,RAINING,WET,DAYLIGHT,NO CONTROLS,NONE DETECTED,No,Possible Injury,NOT DISTRACTED,MD,Police Vehicle/Non Emergency,40,2013.0,Ford,EXPLORER,19,Sunday,7
MCP31210038,200023278,Montgomery County Police,Property Damage Crash,2020-06-13 17:25:00,Maryland (State),MIDCOUNTY HWY,MONTGOMERY VILLAGE AVE,SAME DIRECTION SIDESWIPE,CLEAR,DRY,DAYLIGHT,TRAFFIC SIGNAL,NONE DETECTED,Yes,No Apparent Injury,UNKNOWN,MD,Passenger Car,45,2016.0,Ford,FOCUS,17,Saturday,6
MCP14530043,170508431,Montgomery County Police,Injury Crash,2017-05-18 05:24:00,Maryland (State),WOODFIELD RD,BRINK RD,STRAIGHT MOVEMENT ANGLE,CLOUDY,DRY,DARK NO LIGHTS,FLASHING TRAFFIC SIGNAL,NONE DETECTED,No,No Apparent Injury,NOT DISTRACTED,MD,(Sport) Utility Vehicle,50,2013.0,Chev,SUBURBAN,5,Thursday,5
MCP33760001,220057121,Montgomery County Police,Injury Crash,2022-12-24 14:36:00,Maryland (State),NEW HAMPSHIRE AVE,WINDRIDGE ACRES CT,STRAIGHT MOVEMENT ANGLE,CLEAR,DRY,DAYLIGHT,NO CONTROLS,NONE DETECTED,No,Suspected Minor Injury,NOT DISTRACTED,MD,Passenger Car,45,2022.0,Ford,MAVERICK,14,Saturday,12
MCP2846004Q,190001142,Montgomery County Police,Injury Crash,2019-01-07 21:19:00,Maryland (State),GEORGIA AVE,REEDIE DR,HEAD ON LEFT TURN,CLEAR,DRY,DARK LIGHTS ON,TRAFFIC SIGNAL,NONE DETECTED,No,No Apparent Injury,NOT DISTRACTED,MD,Passenger Car,30,2016.0,Chry,300,21,Monday,1
MCP2848007W,190021007,Montgomery County Police,Injury Crash,2019-05-04 13:18:00,Maryland (State),WISCONSIN AVE,N CHELSEA LA,SAME DIR REAR END,CLOUDY,DRY,DAYLIGHT,NO CONTROLS,NONE DETECTED,No,Possible Injury,NOT DISTRACTED,MD,Passenger Car,25,2016.0,Lexus,RX350,13,Saturday,5
MCP2650001J,250040924,MONTGOMERY,Injury Crash,2025-09-11 21:14:00,Maryland (State) Route,RIVER RD (WB/L),Unknown,Front to Rear,Clear,Other,Dark - Not Lighted,Traffic Control Signal,"Not Suspect of Alcohol Use, Not Suspect of Drug Use",No,Suspected Minor Injury,Not Distracted,MD,Passenger Car,0,2017.0,Acura,MDX,21,Thursday,9
MCP3020003K,190017266,Montgomery County Police,Property Damage Crash,2019-04-13 13:00:00,Maryland (State),ROCKVILLE PIKE,JONES BRIDGE RD,SAME DIR REAR END,CLEAR,DRY,DAYLIGHT,TRAFFIC SIGNAL,UNKNOWN,Yes,No Apparent Injury,UNKNOWN,Unknown,Passenger Car,45,1999.0,Toyota,SOLORA,13,Saturday,4
MCP1151006T,170537816,Montgomery County Police,Injury Crash,2017-10-20 16:24:00,Unknown,Unknown,Unknown,OTHER,CLEAR,Unknown,DAYLIGHT,Unknown,NONE DETECTED,Yes,No Apparent Injury,LOOKED BUT DID NOT SEE,MD,Passenger Car,0,2009.0,Hond,CIVIC,16,Friday,10
MCP0036009V,190022068,Montgomery County Police,Property Damage Crash,2019-05-10 13:39:00,Unknown,Unknown,Unknown,OPPOSITE DIRECTION SIDESWIPE,CLEAR,Unknown,DAYLIGHT,NO CONTROLS,NONE DETECTED,Unknown,No Apparent Injury,NOT DISTRACTED,MD,Pickup Truck,0,2018.0,Chevy,PICKUP,13,Friday,5