Report Number,Local Case Number,Agency Name,ACRS Report Type,Crash Date/Time,Route Type,Road Name,Cross-Street Name,Collision Type,Weather,Surface Condition,Light,Traffic Control,Driver Substance Abuse,Driver At Fault,Injury Severity,Driver Distracted By,Drivers License State,Vehicle Body Type,Speed Limit,Vehicle Year,Vehicle Make,Vehicle Model,Crash Hour,Crash Day,Crash Month
MCP3180003J,230027363,Montgomery County Police,Property Damage Crash,2023-06-07 14:55:00,Maryland (State),OLNEY SANDY SPRING RD,PRINCE PHILIP DR,SAME DIR REAR END,CLEAR,DRY,DAYLIGHT,TRAFFIC SIGNAL,NONE DETECTED,No,No Apparent Injury,NOT DISTRACTED,FL,Passenger Car,30,2014.0,Kia,4D,14,Wednesday,6
MCP2667009M,240039291,MONTGOMERY,Property Damage Crash,2024-08-22 05:55:00,County Route,SHADY GROVE RD,Unknown,"Sideswipe, Same Direction",Clear,Dry,Dark - Unknown Lighting,No Controls,"Not Suspect of Alcohol Use, Not Suspect of Drug Use",No,No Apparent Injury,Not Distracted,MD,Truck Tractor,45,2020.0,Volvo,CAB BEHIND ENGINE,5,Thursday,8
MCP31340054,240038797,MONTGOMERY,Property Damage Crash,2024-08-16 18:50:00,County Route,WEXHALL DR,Unknown,"Sideswipe, Opposite Direction",Clear,Dry,Daylight,No Controls,"Not Suspect of Alcohol Use, Not Suspect of Drug Use",Yes,No Apparent Injury,Unknown,MD,Sport Utility Vehicle,45,2015.0,Toyota,RAV4,18,Friday,8
MCP30200012,170524105,Montgomery County Police,Property Damage Crash,2017-08-10 14:25:00,County,BEL PRE RD,HOMECREST RD,SAME DIRECTION SIDESWIPE,CLEAR,DRY,DAYLIGHT,NO CONTROLS,NONE DETECTED,No,No Apparent Injury,NOT DISTRACTED,MD,Passenger Car,35,2001.0,Honda,CIVIC,14,Thursday,8
MCP3244001V,220017118,Montgomery County Police,Property Damage Crash,2022-04-22 14:03:00,Maryland (State),16TH ST,COLESVILLE RD,STRAIGHT MOVEMENT ANGLE,CLEAR,DRY,DAYLIGHT,NO CONTROLS,NONE DETECTED,No,No Apparent Injury,NOT DISTRACTED,MD,Passenger Car,35,2010.0,Mazda,3,14,Friday,4
MCP29460011,15065829,MONTGOMERY,Property Damage Crash,2015-12-23 19:04:00,Maryland (State),GERMANTOWN RD,DAWSON FARM RD,SINGLE VEHICLE,RAINING,WET,DARK LIGHTS ON,TRAFFIC SIGNAL,NONE DETECTED,Yes,No Apparent Injury,NOT DISTRACTED,MD,Passenger Car,45,2006.0,Honda,CIVIC,19,Wednesday,12
MCP33800020,240056709,MONTGOMERY,Injury Crash,2024-11-26 06:52:00,County Route,SHOREFIELD RD,GEORGIA AVE,Angle,Rain,Wet,Dawn,Traffic Control Signal,"Not Suspect of Alcohol Use, Not Suspect of Drug Use",Yes,No Apparent Injury,Unknown,VA,Passenger Car,35,2016.0,Jeep,COMPASS,6,Tuesday,11
MCP25310009,15047895,MONTGOMERY,Property Damage Crash,2015-09-21 18:48:00,County,MUDDY BRANCH RD,HARMONY HALL RD,HEAD ON LEFT TURN,RAINING,WET,DUSK,NO CONTROLS,Unknown,No,No Apparent Injury,NOT DISTRACTED,MD,Passenger Car,35,2014.0,Infiniti,Q50S,18,Monday,9
MCP3389000K,240052835,MONTGOMERY,Injury Crash,2024-11-03 18:22:00,County Route,FLOWER AVE,ARLISS ST,Single Vehicle,Clear,Dry,Dark - Lighted,Pedestrian Crossing Sign,"Not Suspect of Alcohol Use, Not Suspect of Drug Use",Yes,No Apparent Injury,Not Distracted,MD,Passenger Car,30,2015.0,Chevrolet,SUBURBAN,18,Sunday,11
MCP3058004V,230012115,Montgomery County Police,Property Damage Crash,2023-03-12 15:45:00,County,MEDICAL CENTER WAY,MEDICAL CENTER DR,SAME DIRECTION SIDESWIPE,CLOUDY,DRY,DAYLIGHT,STOP SIGN,NONE DETECTED,No,No Apparent Injury,NOT DISTRACTED,MD,Transit Bus,20,2016.0,Gill,BUS,15,Sunday,3
EJ7852001C,16022733,Gaithersburg Police Depar,Injury Crash,2016-05-07 22:01:00,County,MUDDY BRANCH RD,ENT TO MUDDY BRANCH SQUARE,STRAIGHT MOVEMENT ANGLE,CLEAR,WET,DARK LIGHTS ON,STOP SIGN,NONE DETECTED,Unknown,No Apparent Injury,LOOKED BUT DID NOT SEE,MD,"Other Light Trucks (10,000Lbs (4,536Kg) Or Less)",10,2004.0,Lincoln,NAVIGATOR,22,Saturday,5
MCP9118002T,210031017,Montgomery County Police,Property Damage Crash,2021-08-09 22:22:00,Maryland (State),GEORGIA AVE,ARCOLA AVE,SAME DIR REAR END,CLEAR,DRY,DARK -- UNKNOWN LIGHTING,TRAFFIC SIGNAL,NONE DETECTED,No,No Apparent Injury,NOT DISTRACTED,MD,Passenger Car,25,2017.0,Toyota,CAMRY,22,Monday,8
MCP2952001S,16021124,Montgomery County Police,Property Damage Crash,2016-04-29 14:56:00,US (State),COLESVILLE RD,FENTON ST,SAME DIR REAR END,CLOUDY,DRY,DAYLIGHT,TRAFFIC SIGNAL,NONE DETECTED,No,No Apparent Injury,NOT DISTRACTED,MD,Passenger Car,35,2008.0,Ford,EXPLORER,14,Friday,4
MCP3118001D,180061798,Montgomery County Police,Property Damage Crash,2018-12-11 06:00:00,County,ARCOLA AVE,KENBROOK DR,STRAIGHT MOVEMENT ANGLE,CLEAR,DRY,DAWN,STOP SIGN,UNKNOWN,Yes,No Apparent Injury,UNKNOWN,MD,Passenger Car,30,2004.0,Mercury,GRAND MA,6,Tuesday,12
MCP1568000V,180021356,Montgomery County Police,Injury Crash,2018-05-01 19:07:00,Maryland (State),DARNESTOWN RD,WHITES FERRY RD,SINGLE VEHICLE,CLEAR,DRY,DAYLIGHT,STOP SIGN,NONE DETECTED,Yes,Suspected Minor Injury,OTHER DISTRACTION,MD,Passenger Car,50,2014.0,Ford,MINIVAN,19,Tuesday,5
DD5595008G,200001360,Rockville Police Departme,Property Damage Crash,2020-01-08 17:00:00,Municipality,NATURE LA,LONG TRAIL TERR,OTHER,CLEAR,DRY,DARK LIGHTS ON,NO CONTROLS,NONE DETECTED,No,No Apparent Injury,NOT DISTRACTED,MD,Passenger Car,25,2017.0,Chevy,SPARK,17,Wednesday,1
MCP3091002V,210037400,Montgomery County Police,Injury Crash,2021-09-22 09:02:00,Maryland (State),FREDERICK RD,RAMP 8 FR MD 355 SB TO IS 370 WB,SAME DIR REAR END,RAINING,WET,DAYLIGHT,OTHER,Unknown,No,Possible Injury,NOT DISTRACTED,MD,Passenger Car,40,2021.0,Gmc,TERRAIN,9,Wednesday,9
MCP3200008Q,230046148,Montgomery County Police,Property Damage Crash,2023-07-26 09:16:00,Maryland (State),CONNECTICUT AVE,BEACH DR,SAME DIRECTION SIDESWIPE,CLEAR,DRY,DAYLIGHT,TRAFFIC SIGNAL,NONE DETECTED,Unknown,No Apparent Injury,UNKNOWN,XX,(Sport) Utility Vehicle,35,2011.0,Honda,PILOT,9,Wednesday,7
EJ78090038,220033487,Gaithersburg Police Depar,Property Damage Crash,2022-08-04 13:15:00,Maryland (State),QUINCE ORCHARD RD,W DIAMOND AVE,SAME DIRECTION LEFT TURN,CLEAR,DRY,DAYLIGHT,NO CONTROLS,NONE DETECTED,Yes,No Apparent Injury,UNKNOWN,MD,Passenger Car,40,2017.0,Kia,4S,13,Thursday,8
MCP32840023,240016263,MONTGOMERY,Injury Crash,2024-04-07 23:07:00,US (State),COLUMBIA PIKE (SB/L),Unknown,Front to Rear,Clear,Dry,Dark - Lighted,Traffic Control Signal,"Not Suspect of Alcohol Use, Not Suspect of Drug Use",Yes,No Apparent Injury,"Other Action (looking away from task, etc.)",MD,Pickup,55,2019.0,Ford,F-150,23,Sunday,4
MCP3187000P,190033349,Montgomery County Police,Injury Crash,2019-07-13 17:40:00,County,HENDERSON AVE,LIVINGSTON ST,STRAIGHT MOVEMENT ANGLE,CLEAR,DRY,DAYLIGHT,STOP SIGN,Unknown,Yes,No Apparent Injury,LOOKED BUT DID NOT SEE,MD,Passenger Car,25,2000.0,Honda,CIVIC,17,Saturday,7
MCP2859006L,190009811,Montgomery County Police,Property Damage Crash,2019-03-02 10:40:00,County,WASHINGTON GROVE LA,RAILROAD ST,SAME DIRECTION SIDESWIPE,CLEAR,WET,DAYLIGHT,NO CONTROLS,NONE DETECTED,No,No Apparent Injury,NOT DISTRACTED,MD,Transit Bus,30,2017.0,Gilg,BUS,10,Saturday,3
MCP3442000P,250026000,MONTGOMERY,Property Damage Crash,2025-06-11 08:56:00,Maryland (State) Route,WOODFIELD RD,Unknown,Front to Rear,Clear,Dry,Daylight,Traffic Control Signal,"Not Suspect of Alcohol Use, Not Suspect of Drug Use",Yes,No Apparent Injury,"Other Action (looking away from task, etc.)",MD,Passenger Car,40,2023.0,Hyundai,KONA ELECTRIC,8,Wednesday,6
DD56530005,210044450,Rockville Police Departme,Property Damage Crash,2021-11-03 08:40:00,Maryland (State),FALLS RD,RAMP 4 FR IS 270 NB TO MD 189 EB,SAME DIRECTION LEFT TURN,Unknown,DRY,DAYLIGHT,NO CONTROLS,NONE DETECTED,No,No Apparent Injury,NOT DISTRACTED,MD,Passenger Car,30,2008.0,Lexu,4S,8,Wednesday,11
EJ78790013,200035683,Gaithersburg Police Depar,Property Damage Crash,2020-09-11 18:30:00,Unknown,Unknown,Unknown,STRAIGHT MOVEMENT ANGLE,CLEAR,Unknown,DAYLIGHT,NO CONTROLS,UNKNOWN,Yes,No Apparent Injury,NOT DISTRACTED,Unknown,Passenger Car,15,2012.0,Chrysler,TOWN AND COUNTRY,18,Friday,9
MCP31050038,200011423,Montgomery County Police,Injury Crash,2020-03-08 11:41:00,County,RIDGE RD,RAMP 4 FR IS 270 NB TO RIDGE RD EB,STRAIGHT MOVEMENT ANGLE,CLEAR,DRY,DAYLIGHT,TRAFFIC SIGNAL,NONE DETECTED,Yes,No Apparent Injury,INATTENTIVE OR LOST IN THOUGHT,MD,Passenger Car,45,2015.0,Hond,ACCORD,11,Sunday,3
MCP3161006C,240009600,MONTGOMERY,Property Damage Crash,2024-02-27 17:34:00,County Route,WICKSHIRE WAY,ROCKVILLE PIKE (SB/L),Angle,Clear,Dry,Dark - Lighted,No Controls,"Not Suspect of Alcohol Use, Not Suspect of Drug Use",No,No Apparent Injury,Not Distracted,MD,Passenger Car,35,2022.0,Subaru,IMPREZA,17,Tuesday,2
MCP2982004C,210046536,Montgomery County Police,Property Damage Crash,2021-11-16 17:03:00,US (State),GEORGIA AVE,WAYNE AVE,OTHER,CLEAR,DRY,DARK LIGHTS ON,TRAFFIC SIGNAL,NONE DETECTED,No,No Apparent Injury,NOT DISTRACTED,MD,Passenger Car,35,2010.0,Lexus,ES 350,17,Tuesday,11
MCP3111006W,230023441,Montgomery County Police,Property Damage Crash,2023-05-17 10:16:00,Municipality,THE HILLS PLAZA,SOMERSET TERRACE,SAME DIR REAR END,CLEAR,DRY,DAYLIGHT,NO CONTROLS,UNKNOWN,Yes,No Apparent Injury,LOOKED BUT DID NOT SEE,FL,Passenger Car,25,2019.0,Bmw,530I,10,Wednesday,5
MCP1575002Z,15046640,MONTGOMERY,Property Damage Crash,2015-09-15 10:32:00,Unknown,Unknown,Unknown,OTHER,CLEAR,Unknown,DAYLIGHT,Unknown,NONE DETECTED,Yes,No Apparent Injury,NOT DISTRACTED,MD,Police Vehicle/Non Emergency,0,2008.0,Ford,MUSTANG,10,Tuesday,9
DD5607002K,180040012,Rockville Police Departme,Injury Crash,2018-08-11 23:40:00,Municipality,N HORNERS LA,DOVER RD,SAME DIR REAR END,CLEAR,DRY,DARK NO LIGHTS,STOP SIGN,NONE DETECTED,No,No Apparent Injury,NOT DISTRACTED,MD,Passenger Car,30,2007.0,Cadi,TK,23,Saturday,8
MCP28050043,210004724,Montgomery County Police,Injury Crash,2021-02-06 09:40:00,County,BOWIE MILL RD,WILLOW HILL LA,SAME DIRECTION LEFT TURN,CLOUDY,DRY,DAYLIGHT,NO CONTROLS,NONE DETECTED,No,No Apparent Injury,NOT DISTRACTED,MD,(Sport) Utility Vehicle,40,2017.0,Jeep,CHEROKEE,9,Saturday,2
MCP34120022,250046787,MONTGOMERY,Injury Crash,2025-10-17 21:30:00,County Route,ATHERTON DR,Unknown,Front to Rear,Clear,Dry,Dark - Lighted,No Controls,"Not Suspect of Alcohol Use, Not Suspect of Drug Use",No,No Apparent Injury,Not Distracted,MD,Passenger Car,35,2021.0,Toyota,VENZA,21,Friday,10
MCP2969007P,190055059,Montgomery County Police,Property Damage Crash,2019-11-15 09:15:00,County,BEL PRE RD,LAYHILL RD,HEAD ON LEFT TURN,CLEAR,DRY,DAYLIGHT,TRAFFIC SIGNAL,NONE DETECTED,Yes,No Apparent Injury,NOT DISTRACTED,MD,Passenger Car,35,2006.0,Toyota,PRIUS,9,Friday,11
MCP3174002F,200034236,Montgomery County Police,Property Damage Crash,2020-09-01 17:14:00,County,SNOUFFERS SCHOOL RD,FLOWER HILL WAY,STRAIGHT MOVEMENT ANGLE,CLEAR,DRY,DAYLIGHT,STOP SIGN,NONE DETECTED,Yes,No Apparent Injury,LOOKED BUT DID NOT SEE,MD,Passenger Car,25,2005.0,Ford,ESCAPE,17,Tuesday,9
MCP289200JQ,250052482,MONTGOMERY,Injury Crash,2025-11-22 19:04:00,County Route,TILTON DR,Unknown,Single Vehicle,Clear,Dry,Dark - Lighted,No Controls,"Not Suspect of Alcohol Use, Not Suspect of Drug Use",No,No Apparent Injury,Not Distracted,MD,Passenger Car,20,2017.0,Nissan,SENTRA,19,Saturday,11
MCP2967005V,240032021,MONTGOMERY,Injury Crash,2024-07-07 18:32:00,Maryland (State) Route,MASSACHUSETTS AVE,Unknown,Front to Rear,Clear,Dry,Daylight,Traffic Control Signal,"Not Suspect of Alcohol Use, Not Suspect of Drug Use",No,No Apparent Injury,Not Distracted,MD,Sport Utility Vehicle,35,2021.0,Volkswagen,ATLAS,18,Sunday,7
DD5624003W,200007203,Rockville Police Departme,Injury Crash,2020-02-12 19:46:00,Maryland (State),VEIRS MILL RD,CLAGETT DR,OTHER,RAINING,WET,DARK LIGHTS ON,NO CONTROLS,Unknown,No,Possible Injury,NOT DISTRACTED,MD,Passenger Car,35,2003.0,Hond,TK,19,Wednesday,2
MCP2118000X,200040088,Montgomery County Police,Injury Crash,2020-10-11 23:49:00,Maryland (State),RIDGE RD,FREDERICK RD,SINGLE VEHICLE,RAINING,WET,DARK LIGHTS ON,NO CONTROLS,NONE DETECTED,Yes,Possible Injury,NOT DISTRACTED,MD,Other,45,2008.0,Bmw,UNK,23,Sunday,10
EJ7854000S,16004389,Gaithersburg Police Depar,Property Damage Crash,2016-01-27 14:08:00,Maryland (State),QUINCE ORCHARD RD,EXIT #11,SAME DIRECTION SIDESWIPE,CLEAR,WET,DAYLIGHT,NO CONTROLS,NONE DETECTED,Yes,No Apparent Injury,NOT DISTRACTED,MD,Other,35,2014.0,Ram,TK,14,Wednesday,1
MCP0036006S,170527913,Montgomery County Police,Injury Crash,2017-08-31 05:51:00,Maryland (State),MAIN ST,WOODFIELD RD,HEAD ON,CLEAR,DRY,DARK LIGHTS ON,TRAFFIC SIGNAL,NONE DETECTED,No,Possible Injury,NOT DISTRACTED,MD,Passenger Car,30,1999.0,Dodge,TK,5,Thursday,8
DM8476000K,190046396,Takoma Park Police Depart,Injury Crash,2019-09-27 16:00:00,Maryland (State),PHILADELPHIA AVE,TAKOMA AVE,HEAD ON,CLEAR,DRY,DAYLIGHT,Unknown,Unknown,No,Possible Injury,NOT DISTRACTED,MD,Passenger Car,30,2012.0,Honda,CR-V,16,Friday,9
MCP3006004T,190056629,Montgomery County Police,Property Damage Crash,2019-11-23 11:30:00,Maryland (State),GEORGIA AVE,BLUERIDGE AVE,SAME DIRECTION LEFT TURN,CLOUDY,DRY,DAYLIGHT,TRAFFIC SIGNAL,UNKNOWN,Unknown,No Apparent Injury,UNKNOWN,MD,Passenger Car,25,2002.0,Toyota,COROLLA,11,Saturday,11
MCP295400B3,220002870,Montgomery County Police,Property Damage Crash,2022-01-22 18:11:00,Maryland (State),UNIVERSITY BLVD E,MERRIMAC DR,STRAIGHT MOVEMENT ANGLE,CLEAR,Unknown,DARK LIGHTS ON,NO CONTROLS,NONE DETECTED,No,No Apparent Injury,NOT DISTRACTED,MD,Passenger Car,30,2020.0,Hond,SD,18,Saturday,1
MCP1205005K,190052422,Montgomery County Police,Property Damage Crash,2019-10-31 14:35:00,Maryland (State),OLD GEORGETOWN RD,CENTER DR,STRAIGHT MOVEMENT ANGLE,RAINING,WET,DAYLIGHT,TRAFFIC SIGNAL,NONE DETECTED,No,No Apparent Injury,NOT DISTRACTED,MD,Passenger Car,35,2004.0,Honda,ELEMENT,14,Thursday,10
MCP3347001W,240011969,MONTGOMERY,Property Damage Crash,2024-03-12 18:25:00,Bicycle Route,Unknown,Unknown,"Sideswipe, Same Direction",Clear,Dry,Daylight,Traffic Control Signal,"Not Suspect of Alcohol Use, Not Suspect of Drug Use",No,No Apparent Injury,Not Distracted,MD,Passenger Car,35,2024.0,Subaru,OUTBACK,18,Tuesday,3
MCP1595000Z,180037650,Montgomery County Police,Property Damage Crash,2018-07-29 21:20:00,Maryland (State),VEIRS MILL RD,ENNALLS AVE,STRAIGHT MOVEMENT ANGLE,CLEAR,DRY,DARK LIGHTS ON,STOP SIGN,NONE DETECTED,Yes,No Apparent Injury,UNKNOWN,MD,Passenger Car,35,1997.0,Toyota,COROLLA,21,Sunday,7
MCP3319002C,240013810,MONTGOMERY,Injury Crash,2024-03-23 08:09:00,County Route,CAMERON ST,GEORGIA AVE,Single Vehicle,Rain,Wet,Daylight,Traffic Control Signal,"Not Suspect of Alcohol Use, Not Suspect of Drug Use",Yes,No Apparent Injury,Not Distracted,MD,Passenger Car,30,2017.0,Toyota,COROLLA,8,Saturday,3
EJ79060010,240042297,GAITHERSBURG,Property Damage Crash,2024-09-06 14:57:00,Municipality Route,BUREAU DR (SB/L),W DIAMOND AVE (WB/L),Other,Clear,Dry,Daylight,Traffic Control Signal,"Not Suspect of Alcohol Use, Not Suspect of Drug Use",Yes,No Apparent Injury,Not Distracted,MD,Passenger Car,35,2005.0,Chrysler,TOWN AND COUNTRY,14,Friday,9
MCP1379005D,190010454,Montgomery County Police,Injury Crash,2019-03-06 13:02:00,County,EADES ST,ASPEN HILL RD,ANGLE MEETS LEFT HEAD ON,CLEAR,DRY,DAYLIGHT,STOP SIGN,NONE DETECTED,No,Suspected Minor Injury,NOT DISTRACTED,MD,Passenger Car,30,2017.0,Hond,CIVIC,13,Wednesday,3
MCP25520019,16055953,Montgomery County Police,Property Damage Crash,2016-10-30 19:08:00,County,RANDOLPH RD,GAYNOR RD,SAME DIR REAR END,RAINING,WET,DARK LIGHTS ON,TRAFFIC SIGNAL,Unknown,No,No Apparent Injury,NOT DISTRACTED,MD,Passenger Car,35,2003.0,Acura,RSX,19,Sunday,10
MCP3073000D,170534038,Montgomery County Police,Injury Crash,2017-09-30 16:45:00,County,GREENLY ST,ATHERTON DR,STRAIGHT MOVEMENT ANGLE,CLEAR,DRY,DAYLIGHT,STOP SIGN,UNKNOWN,No,Suspected Minor Injury,NOT DISTRACTED,MD,Passenger Car,25,2008.0,Acura,TSX,16,Saturday,9
MCP31480064,240018152,MONTGOMERY,Injury Crash,2024-04-18 16:50:00,Maryland (State) Route,EAST WEST HWY,CONNECTICUT AVE,Front to Front,Clear,Dry,Daylight,Traffic Control Signal,"Not Suspect of Alcohol Use, Not Suspect of Drug Use",No,No Apparent Injury,Not Distracted,MD,Sport Utility Vehicle,35,2019.0,Honda,HR-V,16,Thursday,4
MCP32620039,230052972,Montgomery County Police,Property Damage Crash,2023-09-03 14:53:00,US (State),COLUMBIA PIKE,GREENCASTLE RD,SAME DIR REAR END,CLEAR,DRY,DAYLIGHT,NO CONTROLS,NONE DETECTED,Yes,No Apparent Injury,UNKNOWN,MD,Passenger Car,55,2020.0,Kia,FORTE,14,Sunday,9
MCP1151008Y,190002340,Montgomery County Police,Property Damage Crash,2019-01-15 17:20:00,County,HIGH CORNER ST,LEWIS DR,OPPOSITE DIRECTION SIDESWIPE,CLEAR,DRY,DARK LIGHTS ON,Unknown,NONE DETECTED,No,No Apparent Injury,NOT DISTRACTED,MD,Passenger Car,30,2013.0,Kia,OPTIMA,17,Tuesday,1
MCP3423000G,240047570,MONTGOMERY,Property Damage Crash,2024-10-05 15:48:00,County Route,SEMINARY PL,SELWAY LA,Front to Front,Clear,Dry,Daylight,No Controls,"Not Suspect of Alcohol Use, Not Suspect of Drug Use",No,No Apparent Injury,Not Distracted,MD,Pickup,30,2023.0,Ford,F-250,15,Saturday,10
MCP2814001G,170512587,Montgomery County Police,Property Damage Crash,2017-06-08 22:41:00,Maryland (State),MUNCASTER MILL RD,ENT TO REDLAND BAPTIST CHURCH,SAME DIRECTION SIDESWIPE,CLEAR,DRY,DARK LIGHTS ON,NO CONTROLS,UNKNOWN,Yes,No Apparent Injury,NOT DISTRACTED,Unknown,Passenger Car,35,2006.0,Honda,CIVIC,22,Thursday,6
MCP2863001Y,180001551,Montgomery County Police,Property Damage Crash,2018-01-10 19:37:00,County,CENTERWAY RD,CLUB HOUSE RD,SAME DIRECTION SIDESWIPE,CLEAR,DRY,DARK LIGHTS ON,STOP SIGN,NONE DETECTED,Yes,No Apparent Injury,INATTENTIVE OR LOST IN THOUGHT,MD,Passenger Car,35,2011.0,Toyt,SU,19,Wednesday,1
MCP29810012,16061719,Montgomery County Police,Property Damage Crash,2016-12-01 16:45:00,County,FRIENDSHIP BLVD,WILLARD AVE,OPPOSITE DIRECTION SIDESWIPE,CLOUDY,Unknown,DUSK,NO CONTROLS,NONE DETECTED,Yes,No Apparent Injury,LOOKED BUT DID NOT SEE,DC,(Sport) Utility Vehicle,25,2007.0,Toyota,PUT,16,Thursday,12
MCP2991004Q,200041058,Montgomery County Police,Injury Crash,2020-10-18 08:20:00,County,RANDOLPH RD,SHERWOOD FOREST DR,SAME DIR REAR END,CLEAR,DRY,DAYLIGHT,NO CONTROLS,NONE DETECTED,No,No Apparent Injury,NOT DISTRACTED,MD,Van,40,2016.0,Ford,TRANSIT,8,Sunday,10
MCP2909001B,17012671,Montgomery County Police,Injury Crash,2017-03-10 16:31:00,Unknown,Unknown,Unknown,SINGLE VEHICLE,Unknown,Unknown,DAYLIGHT,NO CONTROLS,NONE DETECTED,Yes,No Apparent Injury,INATTENTIVE OR LOST IN THOUGHT,VA,Pickup Truck,25,2012.0,Nissan,FRONTIER,16,Friday,3
MCP32680011,210027459,Montgomery County Police,Property Damage Crash,2021-07-16 07:52:00,County,FAIRLAND RD,OLD COLUMBIA PIKE,SAME DIRECTION LEFT TURN,CLEAR,DRY,DAYLIGHT,Unknown,NONE DETECTED,No,No Apparent Injury,NOT DISTRACTED,MD,(Sport) Utility Vehicle,30,2014.0,Ford,ESCAPE,7,Friday,7
MCP3290003V,240060213,MONTGOMERY,Property Damage Crash,2024-12-17 09:56:00,Maryland (State) Route,GEORGIA AVE (SB/L),FOREST GLEN RD (WB/L),Angle,Clear,Dry,Daylight,Traffic Control Signal,"Not Suspect of Alcohol Use, Not Suspect of Drug Use",No,No Apparent Injury,Not Distracted,TX,Passenger Car,35,2012.0,Toyota,CAMRY,9,Tuesday,12
MCP2845004V,190020416,Montgomery County Police,Property Damage Crash,2019-05-01 12:00:00,Unknown,Unknown,Unknown,SINGLE VEHICLE,CLEAR,Unknown,DAYLIGHT,NO CONTROLS,NONE DETECTED,Yes,No Apparent Injury,NOT DISTRACTED,MD,School Bus,5,2018.0,Frht,BU,12,Wednesday,5
EJ78780021,200050058,Gaithersburg Police Depar,Property Damage Crash,2020-12-20 16:40:00,Maryland (State),S FREDERICK RD,E DEER PARK DR,SAME DIR REAR END,CLEAR,UNKNOWN,DAYLIGHT,TRAFFIC SIGNAL,Unknown,No,No Apparent Injury,NOT DISTRACTED,MD,Passenger Car,35,2006.0,Hond,CP,16,Sunday,12
MCP3004001F,170510926,Montgomery County Police,Property Damage Crash,2017-05-31 15:23:00,Unknown,Unknown,Unknown,SAME DIRECTION RIGHT TURN,CLEAR,Unknown,DAYLIGHT,Unknown,NONE DETECTED,No,No Apparent Injury,NOT DISTRACTED,MD,(Sport) Utility Vehicle,15,2013.0,Hond,CRV,15,Wednesday,5
EJ7846003W,190016633,Gaithersburg Police Depar,Property Damage Crash,2019-04-10 06:40:00,County,SHADY GROVE RD,CHOKE CHERRY RD,SAME DIR REND RIGHT TURN,CLEAR,DRY,DAYLIGHT,NO CONTROLS,NONE DETECTED,Yes,No Apparent Injury,NOT DISTRACTED,MD,Passenger Car,35,2015.0,Toyota,CAMRY,6,Wednesday,4
MCP2239001K,190062462,Montgomery County Police,Property Damage Crash,2019-12-28 12:18:00,Maryland (State),FALLS RD,KERSEY LA,SAME DIR REAR END,CLEAR,DRY,DAYLIGHT,TRAFFIC SIGNAL,Unknown,No,No Apparent Injury,NOT DISTRACTED,MD,Transit Bus,40,2009.0,Gill Hwy,BUS,12,Saturday,12
MCP2094005J,15050541,MONTGOMERY,Property Damage Crash,2015-10-06 06:25:00,Government,LITTLE FALLS PKWY,ARLINGTON RD,STRAIGHT MOVEMENT ANGLE,CLEAR,DRY,DARK NO LIGHTS,TRAFFIC SIGNAL,NONE DETECTED,Yes,No Apparent Injury,NOT DISTRACTED,VA,Passenger Car,35,2005.0,Toyota,CELICA,6,Tuesday,10
MCP3233004N,240013025,MONTGOMERY,Property Damage Crash,2024-03-18 20:36:00,County Route,QUEBEC ST,Unknown,"Sideswipe, Same Direction",Clear,Dry,Dark - Lighted,No Controls,"Not Suspect of Alcohol Use, Not Suspect of Drug Use",No,No Apparent Injury,Not Distracted,MD,Bus - Transit,15,2016.0,Zzknown,UNKNOWN,20,Monday,3
MCP2526000K,15053268,MONTGOMERY,Property Damage Crash,2015-10-20 17:26:00,Maryland (State),DARNESTOWN RD,ENT TO POTOMAC VALLEY SHOPPING CTR,HEAD ON LEFT TURN,CLEAR,DRY,DAYLIGHT,TRAFFIC SIGNAL,Unknown,Yes,No Apparent Injury,NOT DISTRACTED,MD,(Sport) Utility Vehicle,30,2014.0,Hyundai,SANTA FE,17,Tuesday,10
MCP28610026,16052232,Montgomery County Police,Property Damage Crash,2016-10-11 09:01:00,Unknown,Unknown,Unknown,SAME DIR REAR END,CLEAR,Unknown,DAYLIGHT,NO CONTROLS,NONE DETECTED,Yes,No Apparent Injury,NOT DISTRACTED,MD,Police Vehicle/Non Emergency,0,2014.0,Dodge,CHARGER,9,Tuesday,10
MCP28710055,180006945,Montgomery County Police,Property Damage Crash,2018-02-09 19:44:00,Maryland (State),OLD GEORGETOWN RD,TUCKERMAN LA,STRAIGHT MOVEMENT ANGLE,CLEAR,DRY,DARK LIGHTS ON,TRAFFIC SIGNAL,NONE DETECTED,No,No Apparent Injury,NOT DISTRACTED,MD,Passenger Car,40,2008.0,Bmw,535I,19,Friday,2
MCP26670010,15040747,MONTGOMERY,Property Damage Crash,2015-08-15 11:53:00,County,MONTGOMERY VILLAGE AVE,CLUB HOUSE RD,STRAIGHT MOVEMENT ANGLE,CLEAR,DRY,DAYLIGHT,TRAFFIC SIGNAL,NONE DETECTED,Yes,No Apparent Injury,INATTENTIVE OR LOST IN THOUGHT,MD,Passenger Car,35,1994.0,Toyota,PASEO,11,Saturday,8
MCP1491000G,170501751,Montgomery County Police,Property Damage Crash,2017-04-12 10:51:00,County,E GUDE DR,CALHOUN DR,SAME DIR REAR END,RAINING,WET,DAYLIGHT,FLASHING TRAFFIC SIGNAL,NONE DETECTED,Yes,No Apparent Injury,NOT DISTRACTED,MD,Passenger Car,40,1997.0,Toyt,CAMRY,10,Wednesday,4