Report Number,Local Case Number,Agency Name,ACRS Report Type,Crash Date/Time,Route Type,Road Name,Cross-Street Name,Collision Type,Weather,Surface Condition,Light,Traffic Control,Driver Substance Abuse,Driver At Fault,Injury Severity,Driver Distracted By,Drivers License State,Vehicle Body Type,Speed Limit,Vehicle Year,Vehicle Make,Vehicle Model,Crash Hour,Crash Day,Crash Month
MCP3093001Z,190026466,Montgomery County Police,Property Damage Crash,2019-06-03 16:08:00,Maryland (State),BRADLEY LA,HILLCREST PL #2,STRAIGHT MOVEMENT ANGLE,Unknown,DRY,DAYLIGHT,STOP SIGN,Unknown,Yes,No Apparent Injury,LOOKED BUT DID NOT SEE,MD,Passenger Car,25,2015.0,Suba,OUTBACK,16,Monday,6
MCP11820029,190005048,Montgomery County Police,Injury Crash,2019-02-01 09:33:00,County,OAKMONT AVE,OLD GEORGETOWN RD,STRAIGHT MOVEMENT ANGLE,SNOW,SNOW,DAYLIGHT,TRAFFIC SIGNAL,NONE DETECTED,No,Suspected Minor Injury,NOT DISTRACTED,MD,(Sport) Utility Vehicle,35,2007.0,Lexus,RX350,9,Friday,2
MCP15220015,16057242,Montgomery County Police,Injury Crash,2016-11-06 12:01:00,County,OAK DR,RIDGE RD,STRAIGHT MOVEMENT ANGLE,CLEAR,DRY,DAYLIGHT,NO CONTROLS,Unknown,Yes,No Apparent Injury,NOT DISTRACTED,MD,Passenger Car,25,2013.0,Toyota,CAMRY,12,Sunday,11
MCP3026009D,230013629,Montgomery County Police,Injury Crash,2023-03-21 07:57:00,Maryland (State),ROCKVILLE PIKE,ENT TO GEORGETOWN PREP. SCHOOL,SAME DIR REAR END,CLEAR,DRY,DAYLIGHT,TRAFFIC SIGNAL,NONE DETECTED,No,No Apparent Injury,NOT DISTRACTED,MD,(Sport) Utility Vehicle,15,2019.0,Chevy,SUBURBAN,7,Tuesday,3
MCP3093002Q,200004491,Montgomery County Police,Property Damage Crash,2020-01-27 17:00:00,Unknown,Unknown,Unknown,OTHER,Unknown,Unknown,DARK LIGHTS ON,Unknown,Unknown,Unknown,No Apparent Injury,NOT DISTRACTED,MD,Transit Bus,0,2016.0,Gill,BUS,17,Monday,1
DM83880022,180036349,Takoma Park Police Depart,Property Damage Crash,2018-07-23 00:00:00,Maryland (State),NEW HAMPSHIRE AVE,SLIGO CREEK PKWY,SAME DIR REAR END,RAINING,WET,DARK LIGHTS ON,TRAFFIC SIGNAL,NONE DETECTED,No,No Apparent Injury,NOT DISTRACTED,MD,(Sport) Utility Vehicle,35,2012.0,Mitsubishi,OUTLANDER,0,Monday,7
MCP2513000W,180010494,Montgomery County Police,Property Damage Crash,2018-02-28 19:50:00,County,LAWNDALE DR,FAIRWAY AVE,SAME DIRECTION SIDESWIPE,CLEAR,DRY,DARK LIGHTS ON,Unknown,Unknown,Yes,No Apparent Injury,UNKNOWN,MD,Passenger Car,25,2007.0,Acura,MDX,19,Wednesday,2
MCP3109004H,200023708,Montgomery County Police,Injury Crash,2020-06-17 08:45:00,Maryland (State),GEORGIA AVE,FLORA LA,SAME DIRECTION SIDESWIPE,CLOUDY,DRY,DAYLIGHT,NO CONTROLS,Unknown,Yes,Possible Injury,UNKNOWN,MD,Passenger Car,35,2009.0,Pontiac,SEDAN,8,Wednesday,6
MCP33880019,240022188,MONTGOMERY,Injury Crash,2024-05-11 00:30:00,US (State),Unknown,Unknown,Other,Rain,Wet,Dark - Lighted,Lane Use Control Signal,"Not Suspect of Alcohol Use, Not Suspect of Drug Use",No,No Apparent Injury,Not Distracted,MD,Passenger Car,35,2013.0,Ford,F-150,0,Saturday,5
MCP3011001M,170506921,Montgomery County Police,Property Damage Crash,2017-05-09 21:11:00,Maryland (State),ROCKLEDGE BLVD,EISENHOWER MEMORIAL HWY,SAME DIR REAR END,Unknown,DRY,DARK LIGHTS ON,TRAFFIC SIGNAL,NONE DETECTED,No,No Apparent Injury,NOT DISTRACTED,MD,Pickup Truck,30,2012.0,Ford,F250 SD,21,Tuesday,5
MCP2358005D,180042790,Montgomery County Police,Injury Crash,2018-08-28 08:36:00,Maryland (State),WISCONSIN AVE,S CHELSEA LA,SAME DIR REAR END,CLEAR,DRY,DAYLIGHT,NO CONTROLS,NONE DETECTED,Yes,Possible Injury,NOT DISTRACTED,MD,Passenger Car,25,2012.0,Honda,4S,8,Tuesday,8
MCP32460010,210019836,Montgomery County Police,Property Damage Crash,2021-05-25 23:11:00,County,PARKLAND DR,FALCON ST,SINGLE VEHICLE,CLEAR,DRY,DARK LIGHTS ON,Unknown,NONE DETECTED,Yes,No Apparent Injury,NOT DISTRACTED,OH,Passenger Car,25,2010.0,Toyota,MATRIX,23,Tuesday,5
MCP3060000Q,170547163,Montgomery County Police,Property Damage Crash,2017-12-07 14:16:00,Maryland (State),CONNECTICUT AVE,PARSONS RD,SAME DIRECTION SIDESWIPE,CLEAR,DRY,DAYLIGHT,UNKNOWN,Unknown,Yes,No Apparent Injury,UNKNOWN,MD,Passenger Car,35,2008.0,Lndr,TK,14,Thursday,12
EJ7886003F,240010291,GAITHERSBURG,Property Damage Crash,2024-03-02 23:13:00,Maryland (State) Route,GREAT SENECA HWY (SB/L),QUINCE ORCHARD RD (SB/L),"Sideswipe, Same Direction",Clear,Dry,Dark - Lighted,Traffic Control Signal,"Suspect of Alcohol Use, Not Suspect of Drug Use",Yes,No Apparent Injury,Unknown,MD,Passenger Car,50,2015.0,Mercedes-Benz,GLA-CLASS,23,Saturday,3
MCP102200D8,190056856,Montgomery County Police,Injury Crash,2019-11-25 08:27:00,Maryland (State),GERMANTOWN RD,SENECA MEADOWS PKWY,HEAD ON LEFT TURN,CLEAR,DRY,DAYLIGHT,TRAFFIC SIGNAL,NONE DETECTED,Yes,No Apparent Injury,NOT DISTRACTED,VA,(Sport) Utility Vehicle,45,2019.0,Infiniti,QX60,8,Monday,11
MCP2682002L,210015849,Montgomery County Police,Property Damage Crash,2021-04-28 13:49:00,County,MONTGOMERY VILLAGE AVE,WHETSTONE DR,SINGLE VEHICLE,CLEAR,DRY,DAYLIGHT,NO CONTROLS,NONE DETECTED,Yes,No Apparent Injury,OTHER DISTRACTION,MD,Passenger Car,35,2016.0,Chev,SPARK,13,Wednesday,4
MCP22540019,170521415,Montgomery County Police,Property Damage Crash,2017-07-27 08:46:00,Maryland (State),OLD HUNDRED RD,RAMP 6 FR MD 109 EB TO IS 270 SB,ANGLE MEETS LEFT TURN,Unknown,DRY,DAYLIGHT,NO CONTROLS,NONE DETECTED,No,No Apparent Injury,NOT DISTRACTED,MD,Passenger Car,45,2012.0,Ford,TAURUS,8,Thursday,7
MCP2983004S,210016293,Montgomery County Police,Injury Crash,2021-05-01 18:12:00,Maryland (State),SPENCERVILLE RD,PEACH ORCHARD RD,STRAIGHT MOVEMENT ANGLE,CLEAR,"MUD, DIRT, GRAVEL",DAYLIGHT,NO CONTROLS,NONE DETECTED,Yes,No Apparent Injury,NOT DISTRACTED,MD,Passenger Car,15,2018.0,Honda,CIVIC,18,Saturday,5
DD55670077,250004010,ROCKVILLE,Property Damage Crash,2025-01-28 12:55:00,Municipality Route,BLACKWELL RD,WOOD HILL RD,Angle,Clear,Dry,Daylight,No Controls,"Not Suspect of Alcohol Use, Not Suspect of Drug Use",No,No Apparent Injury,Not Distracted,MD,Sport Utility Vehicle,25,2025.0,Audi,Q7,12,Tuesday,1
MCP2785002J,170508400,Montgomery County Police,Property Damage Crash,2017-05-17 21:15:00,County,WEXHALL DR,LETTERKENNY CT,SAME DIRECTION SIDESWIPE,CLEAR,DRY,UNKNOWN,Unknown,UNKNOWN,Yes,No Apparent Injury,UNKNOWN,Unknown,Passenger Car,30,2007.0,Mits,ECLIPSE,21,Wednesday,5
MCP3396000F,240004470,MONTGOMERY,Injury Crash,2024-01-28 14:37:00,Spur,Unknown,BEL PRE RD (EB/L),Front to Rear,Rain,Wet,Daylight,Yield Sign,"Not Suspect of Alcohol Use, Not Suspect of Drug Use",No,No Apparent Injury,Not Distracted,MD,Passenger Car,35,2014.0,Toyota,RAV4,14,Sunday,1
MCP9369000D,16011107,MONTGOMERY,Property Damage Crash,2016-03-06 01:47:00,Maryland (State),ROCKVILLE PIKE,W EDMONSTON DR,STRAIGHT MOVEMENT ANGLE,Unknown,DRY,DARK LIGHTS ON,TRAFFIC SIGNAL,ALCOHOL PRESENT,Yes,No Apparent Injury,NOT DISTRACTED,VA,Passenger Car,30,2014.0,Nissan,TRUCK,1,Sunday,3
MCP3091000R,180021844,Montgomery County Police,Property Damage Crash,2018-05-04 06:52:00,Interstate (State),EISENHOWER MEMORIAL HWY,SHADY GROVE RD,SAME DIRECTION SIDESWIPE,CLEAR,DRY,DAYLIGHT,OTHER,Unknown,Yes,No Apparent Injury,UNKNOWN,MD,Passenger Car,55,2015.0,Chevrolet,CRUZE,6,Friday,5
MCP3214000N,200021583,Montgomery County Police,Property Damage Crash,2020-05-31 22:22:00,County,PLUMMER DR,FREDERICK RD,OTHER,Unknown,DRY,DARK LIGHTS ON,TRAFFIC SIGNAL,Unknown,No,No Apparent Injury,LOOKED BUT DID NOT SEE,Unknown,Pickup Truck,40,2015.0,Chevy,SILVERADO,22,Sunday,5
MCP3030007C,250001157,MONTGOMERY,Injury Crash,2025-01-09 16:54:00,Interstate (State),IS 270 LOCAL LANES (SB),Unknown,Front to Rear,Clear,Dry,Daylight,No Controls,"Not Suspect of Alcohol Use, Not Suspect of Drug Use",No,No Apparent Injury,Not Distracted,MD,Passenger Car,55,2020.0,Toyota,RAV4,16,Thursday,1
MCP2845002Z,170519927,Montgomery County Police,Injury Crash,2017-07-19 09:45:00,Maryland (State),NEW HAMPSHIRE AVE,ELTON RD,SAME DIR REAR END,CLEAR,DRY,DAYLIGHT,TRAFFIC SIGNAL,NONE DETECTED,Yes,No Apparent Injury,INATTENTIVE OR LOST IN THOUGHT,XX,Passenger Car,40,2015.0,Toyota,CAMRY,9,Wednesday,7
MCP2531000X,170543937,Montgomery County Police,Property Damage Crash,2017-11-20 17:22:00,Maryland (State),GREAT SENECA HWY,DECOVERLY DR,SAME DIR REAR END,CLEAR,DRY,DARK LIGHTS ON,Unknown,Unknown,No,No Apparent Injury,NOT DISTRACTED,MD,Passenger Car,45,1999.0,Honda,ODYSSEY,17,Monday,11
MCP296900B6,210035882,Montgomery County Police,Property Damage Crash,2021-09-12 13:46:00,County,BONIFANT RD,PEBBLESTONE DR,SAME DIR REAR END,CLEAR,DRY,DAYLIGHT,NO CONTROLS,NONE DETECTED,Yes,No Apparent Injury,UNKNOWN,MD,"Cargo Van/Light Truck 2 Axles (Over 10,000Lbs (4,536 Kg))",40,1995.0,Toyota,TACOMA,13,Sunday,9
MCP1233006L,250019300,MONTGOMERY,Injury Crash,2025-05-02 18:31:00,Maryland (State) Route,CONNECTICUT AVE (SB/L),DECATUR AVE,Single Vehicle,Clear,Dry,Daylight,Pedestrian Crossing,"Suspect of Alcohol Use, Unknown",Yes,No Apparent Injury,Unknown,MD,Pickup,25,1997.0,Ford,RANGER,18,Friday,5
MCP2948000X,17001053,Montgomery County Police,Property Damage Crash,2017-01-06 19:55:00,County,HIGHVIEW AVE,ADAMS DR,SAME DIRECTION SIDESWIPE,CLEAR,DRY,DARK LIGHTS ON,Unknown,Unknown,Yes,No Apparent Injury,UNKNOWN,Unknown,Passenger Car,30,1998.0,Honda,ACCORD,19,Friday,1
MCP3407000W,250005367,MONTGOMERY,Property Damage Crash,2025-02-05 17:19:00,Other Public Roadway,OBSERVATION DR,GERMANTOWN RD,Angle,Clear,Dry,Daylight,Traffic Control Signal,"Not Suspect of Alcohol Use, Not Suspect of Drug Use",Yes,No Apparent Injury,Not Distracted,MD,Passenger Car,45,2020.0,Honda,CIVIC,17,Wednesday,2
MCP9112001G,15012209,Montgomery County Police,Property Damage Crash,2015-03-17 06:55:00,County,TUCKER LA,EDNOR VIEW TERR,HEAD ON,CLEAR,DRY,DAWN,NO CONTROLS,NONE DETECTED,No,No Apparent Injury,NOT DISTRACTED,MD,Van,30,1996.0,Plymouth,VAN,6,Tuesday,3
MCP15690003,15005185,Montgomery County Police,Property Damage Crash,2015-02-01 15:00:00,County,SHADY GROVE RD,CRABBS BRANCH WAY,STRAIGHT MOVEMENT ANGLE,CLOUDY,DRY,DAYLIGHT,TRAFFIC SIGNAL,Unknown,No,No Apparent Injury,NOT DISTRACTED,MD,Pickup Truck,35,2014.0,Ford,F350,15,Sunday,2
MCP1580004T,15062516,MONTGOMERY,Injury Crash,2015-12-07 16:19:00,Maryland (State),WOODFIELD RD,BRENISH DR,SAME DIRECTION LEFT TURN,CLEAR,DRY,DAYLIGHT,NO CONTROLS,NONE DETECTED,No,Possible Injury,NOT DISTRACTED,MD,Passenger Car,35,2013.0,Honda,FIT,16,Monday,12
MCP2875002N,170501864,Montgomery County Police,Property Damage Crash,2017-04-12 20:15:00,Unknown,Unknown,Unknown,UNKNOWN,Unknown,Unknown,DARK LIGHTS ON,NO CONTROLS,UNKNOWN,Yes,No Apparent Injury,UNKNOWN,MD,(Sport) Utility Vehicle,0,2008.0,Toyota,HIGHLANDER,20,Wednesday,4
MCP2522001K,220020960,Montgomery County Police,Property Damage Crash,2022-05-17 09:48:00,County,MACARTHUR BLVD,SANGAMORE RD,HEAD ON LEFT TURN,CLEAR,DRY,DAYLIGHT,TRAFFIC SIGNAL,NONE DETECTED,Yes,No Apparent Injury,NOT DISTRACTED,MD,Passenger Car,30,2008.0,Toyt,4S,9,Tuesday,5
MCP2559000N,16011690,MONTGOMERY,Property Damage Crash,2016-03-09 11:19:00,Maryland (State),S FREDERICK RD,EDUCATION BLVD,HEAD ON LEFT TURN,CLEAR,DRY,DAYLIGHT,TRAFFIC SIGNAL,NONE DETECTED,No,No Apparent Injury,NOT DISTRACTED,MD,Passenger Car,30,2015.0,Toyota,CAMRY,11,Wednesday,3
MCP3329004N,250041465,MONTGOMERY,Injury Crash,2025-09-15 14:48:00,Maryland (State) Route,CONNECTICUT AVE,PERRY AVE,Angle,Clear,Dry,Daylight,Traffic Control Signal,"Not Suspect of Alcohol Use, Not Suspect of Drug Use",No,Suspected Minor Injury,Not Distracted,MD,Motorcycle - 2 Wheeled,35,2018.0,Kawasaki,Z650,14,Monday,9
EJ7864000P,170504014,Gaithersburg Police Depar,Property Damage Crash,2017-04-24 22:27:00,County,MIDCOUNTY HWY,SAYBROOKE OAKS BLVD,SINGLE VEHICLE,RAINING,WET,DARK LIGHTS ON,Unknown,NONE DETECTED,Yes,No Apparent Injury,UNKNOWN,MD,Passenger Car,50,2015.0,Bmw,M4,22,Monday,4
MCP2059008P,250014300,MONTGOMERY,Property Damage Crash,2025-04-02 09:33:00,Maryland (State) Route,CONNECTICUT AVE (SB/L),JONES BRIDGE RD (WB/L),"Sideswipe, Same Direction",Cloudy,Dry,Daylight,Traffic Control Signal,"Unknown, Unknown",Yes,No Apparent Injury,Unknown,Unknown,Passenger Car,35,2008.0,Honda,ACCORD,9,Wednesday,4
MCP3086007V,220054781,Montgomery County Police,Property Damage Crash,2022-12-11 14:10:00,County,BRENISH DR,KILCREGGAN WAY,ANGLE MEETS LEFT TURN,CLOUDY,WET,DAYLIGHT,NO CONTROLS,NONE DETECTED,No,No Apparent Injury,NOT DISTRACTED,MD,(Sport) Utility Vehicle,25,2022.0,Hond,CRV,14,Sunday,12
MCP21620024,17013193,Montgomery County Police,Injury Crash,2017-03-13 20:02:00,Maryland (State),DAMASCUS RD,SUNDOWN RD,SINGLE VEHICLE,SNOW,WET,DARK LIGHTS ON,STOP SIGN,Unknown,Yes,Suspected Minor Injury,TALKING OR LISTENING TO CELLULAR PHONE,MD,Passenger Car,35,2008.0,Volkswagen,PASSAT,20,Monday,3
MCP3045000W,170524995,Montgomery County Police,Injury Crash,2017-08-15 15:05:00,County,MONTROSE RD,TILDENWOOD DR,SAME DIR REAR END,CLEAR,DRY,DAYLIGHT,TRAFFIC SIGNAL,NONE DETECTED,Yes,Suspected Minor Injury,INATTENTIVE OR LOST IN THOUGHT,MD,Passenger Car,40,2009.0,Mercedes Benz,C300,15,Tuesday,8
MCP22540020,180054284,Montgomery County Police,Property Damage Crash,2018-10-30 06:45:00,Maryland (State),WOODFIELD RD,ESSEX VIEW DR,OTHER,Unknown,DRY,DAWN,Unknown,NONE DETECTED,No,No Apparent Injury,NOT DISTRACTED,MD,Passenger Car,45,2015.0,Hyundai,TK,6,Tuesday,10
MCP204600C6,200013111,Montgomery County Police,Property Damage Crash,2020-03-18 08:04:00,County,GARLAND AVE,PROSPECT ST,SAME DIR REAR END,CLEAR,DRY,DAYLIGHT,NO CONTROLS,NONE DETECTED,Yes,No Apparent Injury,NOT DISTRACTED,MD,Passenger Car,25,2003.0,Toyota,CAMRY,8,Wednesday,3
MCP2835002X,220025177,Montgomery County Police,Property Damage Crash,2022-06-11 23:46:00,Maryland (State),EAST WEST HWY,NO NAME,SAME DIRECTION SIDESWIPE,CLEAR,Unknown,DARK LIGHTS ON,TRAFFIC SIGNAL,UNKNOWN,Yes,No Apparent Injury,UNKNOWN,Unknown,Passenger Car,30,2013.0,Bmw,3 SERIES,23,Saturday,6
MCP13340031,15053217,MONTGOMERY,Injury Crash,2015-10-20 13:54:00,County,MONTGOMERY VILLAGE AVE,HOB HILL WAY,HEAD ON LEFT TURN,CLEAR,DRY,DAYLIGHT,TRAFFIC SIGNAL,NONE DETECTED,No,No Apparent Injury,NOT DISTRACTED,MD,(Sport) Utility Vehicle,35,2011.0,Mercedes,ML350,13,Tuesday,10
MCP32180043,230025797,Montgomery County Police,Property Damage Crash,2023-05-29 21:35:00,County,DENNIS AVE,UNIVERSITY BLVD W,HEAD ON,RAINING,WET,DARK LIGHTS ON,TRAFFIC SIGNAL,NONE DETECTED,No,No Apparent Injury,UNKNOWN,MD,Passenger Car,25,2020.0,Nissan,PATHFINDER,21,Monday,5
MCP3139001W,200005354,Montgomery County Police,Property Damage Crash,2020-02-01 17:30:00,Maryland (State),NEW HAMPSHIRE AVE,RAMP 2 FR IS 495 WB TO MD 650 NB,SAME DIR REAR END,RAINING,Unknown,DARK LIGHTS ON,Unknown,Unknown,No,No Apparent Injury,NOT DISTRACTED,MD,Passenger Car,40,2018.0,Nissan,4S,17,Saturday,2
MCP2921001K,17010592,Montgomery County Police,Property Damage Crash,2017-02-27 20:47:00,Maryland (State),RIDGE RD,BETHESDA CHURCH RD,SAME DIR REAR END,CLEAR,DRY,DARK LIGHTS ON,TRAFFIC SIGNAL,Unknown,No,No Apparent Injury,NOT DISTRACTED,MD,Passenger Car,30,2004.0,Chev,TK,20,Monday,2
MCP2777001F,15005942,Montgomery County Police,Injury Crash,2015-02-05 19:10:00,Interstate (State),CAPITAL BELTWAY,CONNECTICUT AVE,SAME DIR REAR END,CLEAR,DRY,DARK LIGHTS ON,NO CONTROLS,NONE DETECTED,No,Suspected Minor Injury,NOT DISTRACTED,MD,Passenger Car,55,1990.0,Nissan,300ZX,19,Thursday,2
MCP2780002H,17008488,Montgomery County Police,Injury Crash,2017-02-16 18:50:00,Maryland (State),CLOPPER RD,LIBERTY MILL RD,SAME DIR REAR END,CLEAR,DRY,DARK LIGHTS ON,TRAFFIC SIGNAL,NONE DETECTED,Yes,No Apparent Injury,LOOKED BUT DID NOT SEE,MD,Passenger Car,40,2007.0,Infi,QX56,18,Thursday,2
MCP271700Q9,190042758,Montgomery County Police,Injury Crash,2019-09-06 16:00:00,County,MONTROSE RD,WILMART ST,SAME DIR REAR END,CLEAR,DRY,DAYLIGHT,OTHER,NONE DETECTED,No,No Apparent Injury,NOT DISTRACTED,MD,Passenger Car,35,2019.0,Honda,FIT,16,Friday,9
MCP30390031,180048358,Montgomery County Police,Injury Crash,2018-09-28 18:00:00,Maryland (State),UNIVERSITY BLVD W,NEWPORT MILL RD,STRAIGHT MOVEMENT ANGLE,RAINING,WET,DARK LIGHTS ON,TRAFFIC SIGNAL,Unknown,Yes,Possible Injury,NOT DISTRACTED,MD,Passenger Car,35,2002.0,Volkswagen,CABRIO,18,Friday,9
MCP3294001H,230022690,Montgomery County Police,Injury Crash,2023-05-11 19:00:00,Unknown,Unknown,Unknown,OTHER,CLEAR,Unknown,DAYLIGHT,NO CONTROLS,NONE DETECTED,Yes,No Apparent Injury,NOT DISTRACTED,MD,Passenger Car,15,2023.0,Hyun,SD,19,Thursday,5
MCP1305001R,170551441,Montgomery County Police,Injury Crash,2017-12-31 10:49:00,Maryland (State),WOODFIELD RD,LINDBERGH DR,HEAD ON LEFT TURN,CLOUDY,DRY,DAYLIGHT,TRAFFIC SIGNAL,NONE DETECTED,No,Suspected Minor Injury,NOT DISTRACTED,MD,Passenger Car,45,2016.0,Toyota,COROLLA,10,Sunday,12
MCP28680027,17005637,Montgomery County Police,Injury Crash,2017-02-01 17:31:00,County,WAVERLY ST,MONTGOMERY AVE,SINGLE VEHICLE,CLEAR,DRY,DUSK,TRAFFIC SIGNAL,NONE DETECTED,Yes,No Apparent Injury,LOOKED BUT DID NOT SEE,MD,(Sport) Utility Vehicle,30,2003.0,Ford,SUV,17,Wednesday,2
MCP3031007M,250051530,MONTGOMERY,Injury Crash,2025-11-17 15:00:00,County Route,BOWIE MILL RD,OLNEY LAYTONSVILLE RD,Angle,Clear,Dry,Daylight,Traffic Control Signal,"Not Suspect of Alcohol Use, Not Suspect of Drug Use",Yes,No Apparent Injury,Not Distracted,MD,Passenger Car,40,2014.0,Honda,PILOT,15,Monday,11
MCP3227004C,230020390,Montgomery County Police,Property Damage Crash,2023-04-28 20:54:00,Maryland (State),NEW HAMPSHIRE AVE,RAMP 2 FR IS 495 WB TO MD 650 NB,SAME DIR REAR END,RAINING,WET,DARK LIGHTS ON,TRAFFIC SIGNAL,NONE DETECTED,No,No Apparent Injury,NOT DISTRACTED,DC,Passenger Car,0,2016.0,Jeep,CHEROKEE,20,Friday,4
MCP3132000W,190015307,Montgomery County Police,Property Damage Crash,2019-04-02 18:23:00,Maryland (State),WISCONSIN AVE,WASH DC LINE,HEAD ON LEFT TURN,RAINING,WET,DAYLIGHT,TRAFFIC SIGNAL,Unknown,No,No Apparent Injury,NOT DISTRACTED,MD,Passenger Car,35,2018.0,Jeep,TK,18,Tuesday,4
MCP2805002L,170550009,Montgomery County Police,Property Damage Crash,2017-12-21 18:10:00,County,LOST KNIFE RD,CONTOUR RD,SAME DIRECTION RIGHT TURN,CLEAR,DRY,DARK LIGHTS ON,NO CONTROLS,NONE DETECTED,No,No Apparent Injury,NOT DISTRACTED,MD,Transit Bus,30,2008.0,Gillig,BUA,18,Thursday,12
EJ7781000N,16025277,Gaithersburg Police Depar,Injury Crash,2016-05-21 13:34:00,Maryland (State),FREDERICK RD,MONTGOMERY AVE,STRAIGHT MOVEMENT ANGLE,CLOUDY,WET,DAYLIGHT,NO CONTROLS,NONE DETECTED,No,No Apparent Injury,NOT DISTRACTED,MD,Passenger Car,30,2007.0,Niss,FRONTIER,13,Saturday,5
MCP2358009Y,220035317,Montgomery County Police,Property Damage Crash,2022-08-16 12:01:00,Interstate (State),CAPITAL BELTWAY,EXIT #39,SAME DIRECTION LEFT TURN,CLEAR,DRY,DAYLIGHT,NO CONTROLS,NONE DETECTED,Unknown,No Apparent Injury,NOT DISTRACTED,MD,Passenger Car,55,2019.0,Lincoln,MKT,12,Tuesday,8
MCP2870002S,220052031,Montgomery County Police,Property Damage Crash,2022-11-25 10:43:00,County,ODENDHAL AVE,CONTOUR RD,SINGLE VEHICLE,CLEAR,WET,DAYLIGHT,Unknown,NONE DETECTED,Yes,No Apparent Injury,NOT DISTRACTED,MD,Passenger Car,30,2012.0,Hyun,SONATA,10,Friday,11
MCP2692001F,190038615,Montgomery County Police,Property Damage Crash,2019-08-13 13:00:00,County,GRANDVIEW AVE,BLUERIDGE AVE,OTHER,RAINING,WET,DAYLIGHT,STOP SIGN,NONE DETECTED,Yes,No Apparent Injury,NOT DISTRACTED,MD,"Other Light Trucks (10,000Lbs (4,536Kg) Or Less)",25,2014.0,Intl,TK,13,Tuesday,8
MCP32580020,220012119,Montgomery County Police,Injury Crash,2022-03-21 11:02:00,Maryland (State),UNIVERSITY BLVD W,VEIRS MILL RD,STRAIGHT MOVEMENT ANGLE,CLEAR,DRY,DAYLIGHT,TRAFFIC SIGNAL,NONE DETECTED,Yes,No Apparent Injury,INATTENTIVE OR LOST IN THOUGHT,MD,Passenger Car,35,2006.0,Lexs,SD,11,Monday,3
MCP15000019,16046230,Montgomery County Police,Injury Crash,2016-09-09 15:56:00,US (State),COLUMBIA PIKE,NO NAME,SAME DIR REAR END,CLEAR,DRY,DAYLIGHT,TRAFFIC SIGNAL,NONE DETECTED,No,No Apparent Injury,UNKNOWN,XX,Passenger Car,50,2016.0,Ford,FOCUS,15,Friday,9
MCP2455008G,250042811,MONTGOMERY,Property Damage Crash,2025-09-23 14:35:00,County Route,AVERY RD,Unknown,Single Vehicle,Clear,Dry,Daylight,No Controls,"Not Suspect of Alcohol Use, Not Suspect of Drug Use",No,No Apparent Injury,Unknown,MD,Pickup,25,2016.0,Chevrolet,SILVERADO,14,Tuesday,9
MCP29690026,16044362,Montgomery County Police,Injury Crash,2016-08-31 08:37:00,Maryland (State),LAYHILL RD,MIDDLEVALE LA,SAME DIR REAR END,CLEAR,DRY,DAYLIGHT,TRAFFIC SIGNAL,NONE DETECTED,No,No Apparent Injury,NOT DISTRACTED,MD,Passenger Car,40,2008.0,Gmc,ENVOY,8,Wednesday,8
MCP243600DQ,210042767,Montgomery County Police,Property Damage Crash,2021-10-24 10:45:00,Maryland (State),UNIVERSITY BLVD E,RAMP 6 FR IS 495 EB TO MD 193 SB,SAME DIR REAR END,CLEAR,DRY,DAYLIGHT,YIELD SIGN,NONE DETECTED,No,No Apparent Injury,NOT DISTRACTED,MD,(Sport) Utility Vehicle,30,2015.0,Ford,EXPEDITION,10,Sunday,10
MCP2931001K,16041992,Montgomery County Police,Injury Crash,2016-08-18 18:39:00,County,BOU AVE,ENT TO BUSINESS,HEAD ON LEFT TURN,CLEAR,DRY,DAYLIGHT,Unknown,Unknown,No,No Apparent Injury,NOT DISTRACTED,US,Passenger Car,35,2016.0,Tesla,MODEL S,18,Thursday,8
MCP26370046,210029945,Montgomery County Police,Injury Crash,2021-08-02 12:40:00,Maryland (State),ROCKVILLE PIKE,HUBBARD DR,SAME DIR REAR END,CLEAR,DRY,DAYLIGHT,TRAFFIC SIGNAL,NONE DETECTED,No,No Apparent Injury,NOT DISTRACTED,MD,Passenger Car,35,2010.0,Niss,UT,12,Monday,8
MCP3249005Y,240037650,MONTGOMERY,Property Damage Crash,2024-08-09 18:43:00,US (State),COLUMBIA PIKE (SB/L),GREENCASTLE RD (NB/L),"Sideswipe, Same Direction",Clear,Dry,Daylight,Traffic Control Signal,"Unknown, Unknown",No,Unknown,Unknown,Unknown,Passenger Car,50,2024.0,Lexus,ES,18,Friday,8
MCP3123001L,200004241,Montgomery County Police,Property Damage Crash,2020-01-26 00:44:00,Other Public Roadway,MONTROSE PKWY,E JEFFERSON ST,STRAIGHT MOVEMENT ANGLE,CLEAR,DRY,DARK LIGHTS ON,FLASHING TRAFFIC SIGNAL,NONE DETECTED,Yes,No Apparent Injury,NOT DISTRACTED,MA,Passenger Car,30,2013.0,Jeep,PATRIOT,0,Sunday,1
MCP2929002C,170529576,Montgomery County Police,Injury Crash,2017-09-09 13:51:00,Maryland (State),OLNEY LAYTONSVILLE RD,HERITAGE HILLS DR,STRAIGHT MOVEMENT ANGLE,CLEAR,DRY,DAYLIGHT,STOP SIGN,NONE DETECTED,Yes,No Apparent Injury,NOT DISTRACTED,MD,(Sport) Utility Vehicle,30,2016.0,Honda,ACCORD,13,Saturday,9