Report Number,Local Case Number,Agency Name,ACRS Report Type,Crash Date/Time,Route Type,Road Name,Cross-Street Name,Collision Type,Weather,Surface Condition,Light,Traffic Control,Driver Substance Abuse,Driver At Fault,Injury Severity,Driver Distracted By,Drivers License State,Vehicle Body Type,Speed Limit,Vehicle Year,Vehicle Make,Vehicle Model,Crash Hour,Crash Day,Crash Month
MCP3247000F,200042151,Montgomery County Police,Injury Crash,2020-10-26 02:08:00,County,OLD COLUMBIA PIKE,FAIRLAND RD,STRAIGHT MOVEMENT ANGLE,RAINING,WET,DARK LIGHTS ON,FLASHING TRAFFIC SIGNAL,NONE DETECTED,Yes,No Apparent Injury,INATTENTIVE OR LOST IN THOUGHT,XX,Pickup Truck,35,2013.0,Toyt,TACOMA,2,Monday,10
MCP285300B2,250007446,MONTGOMERY,Property Damage Crash,2025-02-19 18:17:00,US (State),COLESVILLE RD,Unknown,"Sideswipe, Same Direction",Clear,Dry,Dark - Lighted,Traffic Control Signal,"Not Suspect of Alcohol Use, Not Suspect of Drug Use",Yes,No Apparent Injury,Not Distracted,MD,Bus - Transit,35,2020.0,Novabus,LFS ARTICULATED,18,Wednesday,2
MCP29640027,170520921,Montgomery County Police,Injury Crash,2017-07-24 17:37:00,County,LEAMAN FARM RD,KINGSVIEW VILLAGE AVE,STRAIGHT MOVEMENT ANGLE,CLEAR,DRY,DAYLIGHT,STOP SIGN,NONE DETECTED,No,Possible Injury,NOT DISTRACTED,MD,Passenger Car,25,2008.0,Toyota,PRIUS,17,Monday,7
MCP2831002J,170548791,Montgomery County Police,Property Damage Crash,2017-12-15 15:49:00,County,WATERS LANDING DR,ANNDYKE WAY,SINGLE VEHICLE,SNOW,ICE,DAYLIGHT,NO CONTROLS,Unknown,Yes,No Apparent Injury,NOT DISTRACTED,MD,Passenger Car,30,1998.0,Ford,4S,15,Friday,12
MCP3030000L,170519784,Montgomery County Police,Injury Crash,2017-07-18 16:00:00,Maryland (State),WILSON LA,ENT TO THOMAS W. PYLE MIDDLE SCHOOL,SAME DIR REAR END,Unknown,DRY,DAYLIGHT,NO CONTROLS,NONE DETECTED,No,No Apparent Injury,NOT DISTRACTED,MD,Passenger Car,30,2013.0,Kia,TK,16,Tuesday,7
EJ78590008,15040501,GAITHERSBURG,Property Damage Crash,2015-08-14 03:45:00,Maryland (State),GREAT SENECA HWY,LAKELANDS DR,SINGLE VEHICLE,CLEAR,DRY,DARK LIGHTS ON,NO CONTROLS,ALCOHOL CONTRIBUTED,Yes,No Apparent Injury,UNKNOWN,MD,(Sport) Utility Vehicle,50,2006.0,Nissan,MURANO,3,Friday,8
MCP2445001B,190061336,Montgomery County Police,Property Damage Crash,2019-12-20 14:06:00,Maryland (State),FREDERICK RD,MIDDLEBROOK RD,SAME DIR REAR END,CLEAR,DRY,DAYLIGHT,TRAFFIC SIGNAL,Unknown,No,No Apparent Injury,NOT DISTRACTED,MD,Passenger Car,40,2004.0,Hond,VN,14,Friday,12
MCP3057002V,200038801,Montgomery County Police,Property Damage Crash,2020-10-02 12:20:00,County,WISTERIA DR,GERMANTOWN RD,STRAIGHT MOVEMENT ANGLE,CLEAR,DRY,DAYLIGHT,Unknown,NONE DETECTED,No,No Apparent Injury,NOT DISTRACTED,MD,Passenger Car,25,2020.0,Chevrolet,TRAX,12,Friday,10
MCP3331001P,230016734,Montgomery County Police,Property Damage Crash,2023-04-08 06:15:00,Maryland (State),VEIRS MILL RD,RANDOLPH RD,HEAD ON LEFT TURN,CLEAR,DRY,DARK LIGHTS ON,TRAFFIC SIGNAL,NONE DETECTED,No,No Apparent Injury,NOT DISTRACTED,MD,Passenger Car,35,2004.0,Ford,F250,6,Saturday,4
MCP30000035,200018827,Montgomery County Police,Property Damage Crash,2020-05-09 03:05:00,County,PEACH TREE RD,WHITES STORE RD,SINGLE VEHICLE,CLEAR,WET,DARK LIGHTS ON,NO CONTROLS,ALCOHOL PRESENT,Yes,No Apparent Injury,NOT DISTRACTED,MD,Passenger Car,35,2017.0,Toyota,CAMRY,3,Saturday,5
MCP2872001S,170500301,Montgomery County Police,Injury Crash,2017-04-04 08:15:00,Maryland (State),MIDCOUNTY HWY,MONTGOMERY VILLAGE AVE,HEAD ON LEFT TURN,CLOUDY,WET,DAWN,TRAFFIC SIGNAL,NONE DETECTED,Yes,No Apparent Injury,LOOKED BUT DID NOT SEE,MD,Passenger Car,35,2013.0,Bmw,SW,8,Tuesday,4
MCP30060078,220018609,Montgomery County Police,Injury Crash,2022-05-02 11:20:00,Maryland (State),VEIRS MILL RD,NEWPORT MILL RD,SAME DIR REAR END,CLEAR,DRY,DAYLIGHT,TRAFFIC SIGNAL,NONE DETECTED,Yes,No Apparent Injury,UNKNOWN,MD,"Cargo Van/Light Truck 2 Axles (Over 10,000Lbs (4,536 Kg))",25,2018.0,Kenworth,T270,11,Monday,5
DM8374001S,180006619,Takoma Park Police Depart,Injury Crash,2018-02-08 07:02:00,Maryland (State),UNIVERSITY BLVD E,MERRIMAC DR,STRAIGHT MOVEMENT ANGLE,CLEAR,DRY,DAWN,NO CONTROLS,Unknown,Yes,No Apparent Injury,NOT DISTRACTED,MD,Passenger Car,10,2010.0,Buck,LACROSSE,7,Thursday,2
HA23770003,15000147,Maryland-National Capital,Property Damage Crash,2015-02-27 12:32:00,County,N NOYES DR,NOYES DR,SAME DIRECTION RIGHT TURN,CLEAR,DRY,DAYLIGHT,YIELD SIGN,NONE DETECTED,Yes,No Apparent Injury,LOOKED BUT DID NOT SEE,MD,Passenger Car,25,2005.0,Toyota,CAMRY,12,Friday,2
MCP1491000R,180003429,Montgomery County Police,Property Damage Crash,2018-01-21 08:08:00,County,SHADY GROVE RD,BRIARDALE RD,SAME DIR REAR END,CLOUDY,WET,DAYLIGHT,NO CONTROLS,NONE DETECTED,No,No Apparent Injury,NOT DISTRACTED,MD,Passenger Car,45,2014.0,Nissan,SENTRA,8,Sunday,1
MCP2107004V,240005127,MONTGOMERY,Property Damage Crash,2024-02-01 07:53:00,Maryland (State) Route,Unknown,Unknown,Front to Rear,Clear,Dry,Daylight,No Controls,"Not Suspect of Alcohol Use, Not Suspect of Drug Use",No,No Apparent Injury,Not Distracted,MD,Passenger Car,35,2016.0,Ford,ESCAPE,7,Thursday,2
MCP24550020,180005354,Montgomery County Police,Property Damage Crash,2018-01-31 16:35:00,Municipality,WOOTTON PKWY,GLEN MILL RD,STRAIGHT MOVEMENT ANGLE,CLEAR,DRY,DAYLIGHT,STOP SIGN,Unknown,No,No Apparent Injury,NOT DISTRACTED,MD,Passenger Car,35,2003.0,Hond,4S,16,Wednesday,1
MCP913000DF,220050004,Montgomery County Police,Property Damage Crash,2022-11-12 13:25:00,County,HARDING DR,BRUNETT AVE,SAME DIRECTION RIGHT TURN,CLEAR,DRY,DAYLIGHT,NO CONTROLS,NONE DETECTED,Yes,No Apparent Injury,NOT DISTRACTED,MD,Passenger Car,25,2021.0,Toyota,CHR,13,Saturday,11
MCP3221002P,230071172,Montgomery County Police,Property Damage Crash,2023-12-11 04:30:00,Maryland (State),VEIRS MILL RD,FERRARA AVE,SAME DIR REAR END,Unknown,DRY,Unknown,TRAFFIC SIGNAL,UNKNOWN,Yes,No Apparent Injury,UNKNOWN,Unknown,Passenger Car,45,2015.0,Nissan,ROGUE,4,Monday,12
MCP2437004Q,220011371,Montgomery County Police,Injury Crash,2022-03-16 18:18:00,Municipality,BALTIMORE RD,WHITE GATE RD,SAME DIR REAR END,CLEAR,DRY,DAYLIGHT,NO CONTROLS,NONE DETECTED,Yes,Suspected Minor Injury,NOT DISTRACTED,MD,(Sport) Utility Vehicle,30,2011.0,Jeep,WRANGLER,18,Wednesday,3
MCP2869001D,16013742,MONTGOMERY,Property Damage Crash,2016-03-20 21:43:00,County,BEL PRE RD,ENT TO APARTMENTS,OTHER,CLEAR,DRY,DARK LIGHTS ON,NO CONTROLS,NONE DETECTED,Yes,No Apparent Injury,LOOKED BUT DID NOT SEE,VA,Passenger Car,35,1996.0,Toyt,COROLLA,21,Sunday,3
MCP24500059,240043839,MONTGOMERY,Property Damage Crash,2024-09-14 18:15:00,Local Route,ELLINGTON BLVD,FIELDS RD FIELDS RD (EB/L) RIO BLVD,Angle,Clear,Dry,Daylight,Traffic Control Signal,"Not Suspect of Alcohol Use, Not Suspect of Drug Use",No,No Apparent Injury,Not Distracted,MD,Passenger Car,35,2017.0,Subaru,WRX,18,Saturday,9
MCP1378006P,15029783,Montgomery County Police,Property Damage Crash,2015-06-18 17:16:00,County,SHADY GROVE RD,EPSILON DR,STRAIGHT MOVEMENT ANGLE,CLOUDY,WET,DAYLIGHT,TRAFFIC SIGNAL,NONE DETECTED,No,No Apparent Injury,NOT DISTRACTED,MD,(Sport) Utility Vehicle,45,2004.0,Ford,ESCAPE,17,Thursday,6
MCP2877002G,16020864,Montgomery County Police,Injury Crash,2016-04-28 09:06:00,Maryland (State),GEORGIA AVE,HIGHLAND DR,STRAIGHT MOVEMENT ANGLE,RAINING,WET,DAYLIGHT,NO CONTROLS,NONE DETECTED,No,Suspected Minor Injury,NOT DISTRACTED,MD,Passenger Car,35,2006.0,Hyundai,TUCSON,9,Thursday,4
MCP14530015,15007941,Montgomery County Police,Injury Crash,2015-02-18 07:52:00,Municipality,E DIAMOND AVE,SPUR TO RAILROAD ST,SAME DIR REAR END,CLEAR,WET,DAYLIGHT,YIELD SIGN,NONE DETECTED,No,Possible Injury,NOT DISTRACTED,MD,(Sport) Utility Vehicle,30,2014.0,Honda,CR-V,7,Wednesday,2
MCP0113000T,16025987,Montgomery County Police,Property Damage Crash,2016-05-26 11:59:00,Maryland (State),WISCONSIN AVE,MONTGOMERY AVE,SINGLE VEHICLE,CLEAR,DRY,DAYLIGHT,NO CONTROLS,NONE DETECTED,Yes,No Apparent Injury,DISTRACTED BY OUTSIDE PERSON OBJECT OR EVENT,DC,"Cargo Van/Light Truck 2 Axles (Over 10,000Lbs (4,536 Kg))",35,2015.0,Isuzu,TRUCK,11,Thursday,5
DM8421003L,250033715,TAKOMA,Injury Crash,2025-07-29 10:17:00,Municipality Route,ALLEGHENY AVE,Unknown,Front to Rear,Clear,Dry,Daylight,No Controls,"Not Suspect of Alcohol Use, Not Suspect of Drug Use",No,No Apparent Injury,Not Distracted,MD,Pickup,25,2007.0,Ford,F-350,10,Tuesday,7
MCP3130006S,230059924,Montgomery County Police,Property Damage Crash,2023-10-11 17:13:00,Maryland (State),GEORGIA AVE,EMORY LA,SAME DIR REAR END,CLEAR,DRY,Unknown,NO CONTROLS,NONE DETECTED,No,No Apparent Injury,NOT DISTRACTED,MD,Passenger Car,30,2017.0,Toyt,UT,17,Wednesday,10
MCP2203007P,230069514,Montgomery County Police,Property Damage Crash,2023-12-02 17:30:00,Maryland (State),NORBECK RD,WOODS CENTER RD,STRAIGHT MOVEMENT ANGLE,RAINING,WET,DARK NO LIGHTS,Unknown,NONE DETECTED,No,No Apparent Injury,NOT DISTRACTED,MD,Pickup Truck,35,2018.0,Gmc,SIERRA,17,Saturday,12
MCP27850015,16006896,Montgomery County Police,Injury Crash,2016-02-10 12:11:00,County,BRIGGS CHANEY RD,GATESHEAD MANOR WAY,HEAD ON LEFT TURN,CLEAR,DRY,DAYLIGHT,TRAFFIC SIGNAL,Unknown,Yes,Possible Injury,NOT DISTRACTED,DC,Passenger Car,35,2009.0,Chev,MALIBU,12,Wednesday,2
MCP102200BR,190009095,Montgomery County Police,Injury Crash,2019-02-26 07:55:00,County,MIDDLEBROOK RD,CELEBRATION WAY,STRAIGHT MOVEMENT ANGLE,CLEAR,DRY,DAYLIGHT,NO CONTROLS,NONE DETECTED,No,No Apparent Injury,NOT DISTRACTED,MD,Passenger Car,40,2011.0,Hyundai,SONATA,7,Tuesday,2
MCP2978000Z,16012007,MONTGOMERY,Injury Crash,2016-03-10 22:27:00,Maryland (State),FALLS RD,WINTERSET DR,SAME DIR REAR END,CLEAR,DRY,DARK LIGHTS ON,NO CONTROLS,ALCOHOL PRESENT,Yes,No Apparent Injury,UNKNOWN,MD,(Sport) Utility Vehicle,35,2015.0,Lexus,TK,22,Thursday,3
MCP2905006W,250001089,MONTGOMERY,Property Damage Crash,2025-01-09 12:02:00,Ramp,RAMP 2 FR IS 495 WB TO MD 187 NB,Unknown,Front to Rear,Clear,Wet,Daylight,Yield Sign,"Not Suspect of Alcohol Use, Not Suspect of Drug Use",No,No Apparent Injury,Not Distracted,MD,Sport Utility Vehicle,35,2024.0,Toyota,HIGHLANDER,12,Thursday,1
MCP27560064,240056091,MONTGOMERY,Property Damage Crash,2024-11-22 15:20:00,County Route,ARCOLA AVE,OREBAUGH AVE,Front to Rear,Rain,Wet,Daylight,Pedestrian Crossing,"Not Suspect of Alcohol Use, Not Suspect of Drug Use",No,No Apparent Injury,Not Distracted,Unknown,Passenger Car,25,2005.0,Honda,CIVIC,15,Friday,11
DD55940025,16027431,Rockville Police Departme,Injury Crash,2016-06-01 19:31:00,Maryland (State),VEIRS MILL RD,ATLANTIC AVE,HEAD ON LEFT TURN,CLEAR,DRY,DAYLIGHT,TRAFFIC SIGNAL,NONE DETECTED,Yes,Possible Injury,UNKNOWN,MD,Passenger Car,40,2009.0,Toyota,CAMARY,19,Wednesday,6
MCP285900GS,240026900,MONTGOMERY,Injury Crash,2024-06-06 09:45:00,Municipality Route,BLACKWELL RD,SHADY GROVE RD,Angle,Clear,Dry,Daylight,Traffic Control Signal,"Not Suspect of Alcohol Use, Not Suspect of Drug Use",Yes,No Apparent Injury,Unknown,MD,Sport Utility Vehicle,30,2009.0,Lexus,RX,9,Thursday,6
MCP2425006B,16006864,Montgomery County Police,Injury Crash,2016-02-10 09:07:00,US (State),COLESVILLE RD,SOUTHWOOD AVE,SAME DIR REAR END,CLEAR,DRY,DAYLIGHT,NO CONTROLS,NONE DETECTED,No,No Apparent Injury,NOT DISTRACTED,DC,Transit Bus,40,2013.0,Ford,VAN,9,Wednesday,2
MCP3423001F,250011637,MONTGOMERY,Injury Crash,2025-03-17 12:00:00,Maryland (State) Route,GEORGIA AVE,Unknown,Front to Front,Clear,Dry,Daylight,No Controls,"Not Suspect of Alcohol Use, Not Suspect of Drug Use",Yes,No Apparent Injury,Unknown,MD,Passenger Car,30,2010.0,Nissan,MAXIMA,12,Monday,3
MCP28320027,16038362,Montgomery County Police,Injury Crash,2016-07-29 13:00:00,Maryland (State),EAST WEST HWY,GRUBB RD,SAME DIR REAR END,CLEAR,DRY,DAYLIGHT,TRAFFIC SIGNAL,NONE DETECTED,Yes,No Apparent Injury,UNKNOWN,MD,(Sport) Utility Vehicle,35,2016.0,Jeep,WRANGLER,13,Friday,7
MCP28990043,200046502,Montgomery County Police,Property Damage Crash,2020-11-25 00:32:00,County,BOWIE MILL RD,FRALEY FARM RD,SINGLE VEHICLE,CLEAR,DRY,DARK NO LIGHTS,Unknown,ALCOHOL PRESENT,Yes,No Apparent Injury,UNKNOWN,MD,Passenger Car,40,2013.0,Mercedes Benz,E350,0,Wednesday,11
MCP9428003D,210024636,Montgomery County Police,Property Damage Crash,2021-06-27 11:42:00,County,STALEYBRIDGE RD,KINGSARROW CT,HEAD ON,Unknown,DRY,Unknown,NO CONTROLS,NONE DETECTED,No,No Apparent Injury,NOT DISTRACTED,MD,Pickup Truck,30,2015.0,Chevrolet,SILVERADO,11,Sunday,6
MCP26220036,220037028,Montgomery County Police,Property Damage Crash,2022-08-27 09:48:00,Interstate (State),CAPITAL BELTWAY,BEGIN BRIDGE,SAME DIRECTION LEFT TURN,CLEAR,DRY,DAYLIGHT,NO CONTROLS,NONE DETECTED,No,No Apparent Injury,NOT DISTRACTED,MD,Ambulance/Emergency,55,2020.0,Freightliner,AMBULANCE,9,Saturday,8
MCP2667003C,16065952,Montgomery County Police,Injury Crash,2016-12-23 12:14:00,County,MUNCASTER RD,WILD FLOWER CT,SINGLE VEHICLE,CLEAR,DRY,DAYLIGHT,Unknown,NONE DETECTED,Yes,Possible Injury,EATING OR DRINKING,MD,Passenger Car,30,2007.0,Toyota,CAMRY,12,Friday,12
MCP2162003V,190025232,Montgomery County Police,Property Damage Crash,2019-05-27 20:08:00,Maryland (State),OLNEY SANDY SPRING RD,GEORGIA AVE,HEAD ON LEFT TURN,CLEAR,DRY,DAWN,TRAFFIC SIGNAL,Unknown,No,No Apparent Injury,NOT DISTRACTED,MD,Passenger Car,30,2002.0,Lexus,LS430,20,Monday,5
MCP28230033,170527415,Montgomery County Police,Property Damage Crash,2017-08-28 20:00:00,Unknown,Unknown,Unknown,OTHER,CLEAR,Unknown,DARK LIGHTS ON,NO CONTROLS,NONE DETECTED,Yes,No Apparent Injury,LOOKED BUT DID NOT SEE,MD,Pickup Truck,25,2013.0,Chevy,SILVERADO,20,Monday,8
MCP3320000N,220014989,Montgomery County Police,Property Damage Crash,2022-04-08 16:11:00,US (State),COLUMBIA PIKE,INDUSTRIAL PKWY,SAME DIR REAR END,CLEAR,DRY,DAYLIGHT,NO CONTROLS,NONE DETECTED,Unknown,No Apparent Injury,NOT DISTRACTED,MD,Passenger Car,50,2005.0,Toyota,COROLLA,16,Friday,4
EJ78510019,16001618,Gaithersburg Police Depar,Injury Crash,2016-01-09 14:05:00,Maryland (State),FREDERICK RD,MONTGOMERY AVE,STRAIGHT MOVEMENT ANGLE,CLOUDY,WET,DAYLIGHT,STOP SIGN,NONE DETECTED,Yes,No Apparent Injury,LOOKED BUT DID NOT SEE,MD,Passenger Car,30,2001.0,Ford,WINDSTAR,14,Saturday,1
MCP32540046,240026311,MONTGOMERY,Property Damage Crash,2024-06-03 13:36:00,County Route,MIDDLEBROOK RD,GERMANTOWN RD (SB/L),Other,Clear,Dry,Daylight,Traffic Control Signal,"Not Suspect of Alcohol Use, Not Suspect of Drug Use",No,No Apparent Injury,Not Distracted,MD,Passenger Car,35,1999.0,Lexus,ES,13,Monday,6
DD5671000Y,250011825,ROCKVILLE,Injury Crash,2025-03-18 11:30:00,Municipality Route,Unknown,LEWIS AVE,Single Vehicle,Clear,Dry,Daylight,Stop Sign,"Not Suspect of Alcohol Use, Not Suspect of Drug Use",Yes,No Apparent Injury,Unknown,MD,Other Trucks,25,2019.0,Ford,E-450,11,Tuesday,3
MCP3064001P,190003039,Montgomery County Police,Injury Crash,2019-01-19 12:50:00,County,SHOREFIELD RD,GEORGIA AVE,STRAIGHT MOVEMENT ANGLE,CLOUDY,DRY,DAYLIGHT,Unknown,NONE DETECTED,Yes,No Apparent Injury,LOOKED BUT DID NOT SEE,MD,Passenger Car,30,2014.0,Ford,F150,12,Saturday,1
MCP2239001Y,210026771,Montgomery County Police,Injury Crash,2021-07-12 10:17:00,Maryland (State),FALLS RD,GLEN RD,SAME DIR REAR END,CLEAR,DRY,DAYLIGHT,TRAFFIC SIGNAL,Unknown,Yes,No Apparent Injury,DISTRACTED BY OUTSIDE PERSON OBJECT OR EVENT,MD,Passenger Car,35,2008.0,Toyota,4S,10,Monday,7
MCP2411000J,16032957,Montgomery County Police,Property Damage Crash,2016-06-29 17:41:00,Municipality,E MIDDLE LA,N WASHINGTON ST,SAME DIR REAR END,CLEAR,DRY,DAYLIGHT,TRAFFIC SIGNAL,NONE DETECTED,Yes,No Apparent Injury,NOT DISTRACTED,MD,Passenger Car,30,2000.0,Mercedes,C280,17,Wednesday,6
MCP243600F2,210048695,Montgomery County Police,Property Damage Crash,2021-12-01 08:50:00,County,ARLISS ST,GARLAND AVE,SAME DIRECTION SIDESWIPE,CLEAR,DRY,DAYLIGHT,NO CONTROLS,NONE DETECTED,Yes,No Apparent Injury,UNKNOWN,XX,(Sport) Utility Vehicle,30,2010.0,Nissan,MURANO,8,Wednesday,12
EJ7777000Q,16046940,Gaithersburg Police Depar,Property Damage Crash,2016-09-13 14:03:00,Maryland (State),QUINCE ORCHARD RD,FIRSTFIELD RD,SAME DIRECTION SIDESWIPE,CLEAR,DRY,DAYLIGHT,OTHER,UNKNOWN,Yes,No Apparent Injury,UNKNOWN,MD,Van,30,2016.0,Dodge,CARAVAN,14,Tuesday,9
MCP2816003T,230071207,Montgomery County Police,Injury Crash,2023-12-12 05:42:00,Maryland (State),FREDERICK RD,RIDGEMONT AVE,OTHER,SLEET,ICE,DARK LIGHTS ON,NO CONTROLS,NONE DETECTED,Yes,No Apparent Injury,INATTENTIVE OR LOST IN THOUGHT,MD,Passenger Car,40,2015.0,Toyota,SIENNA,5,Tuesday,12
MCP26070037,180017049,Montgomery County Police,Property Damage Crash,2018-04-08 15:24:00,Ramp,RAMP 6 FR IS 370 EB TO RAMP 7 (TO IS270),NO NAME,SAME DIR REAR END,CLEAR,DRY,DAYLIGHT,NO CONTROLS,NONE DETECTED,Yes,No Apparent Injury,UNKNOWN,MD,Passenger Car,45,1998.0,Toyt,4S,15,Sunday,4
MCP2182003F,250006164,MONTGOMERY,Property Damage Crash,2025-02-11 09:56:00,County Route,ADELPHI RD (WB/L),Unknown,"Sideswipe, Same Direction",Clear,Dry,Daylight,Traffic Control Signal,"Not Suspect of Alcohol Use, Not Suspect of Drug Use",Yes,No Apparent Injury,Not Distracted,MD,Single-Unit Truck,35,2008.0,International,SA625,9,Tuesday,2
MCP12650008,16042065,Montgomery County Police,Property Damage Crash,2016-08-19 08:09:00,Maryland (State),UNIVERSITY BLVD E,PATTON DR,SAME DIR REAR END,CLEAR,DRY,DAYLIGHT,NO CONTROLS,NONE DETECTED,Yes,No Apparent Injury,LOOKED BUT DID NOT SEE,MD,Passenger Car,40,2009.0,Honda,CIVIC,8,Friday,8
MCP3280004C,230071287,Montgomery County Police,Property Damage Crash,2023-11-24 17:50:00,County,CHERRY HILL RD,PLUM ORCHARD DR,OTHER,UNKNOWN,DRY,DARK LIGHTS ON,TRAFFIC SIGNAL,UNKNOWN,No,No Apparent Injury,NOT DISTRACTED,MD,Passenger Car,40,2018.0,Tesla,MODEL 3,17,Friday,11
DM84370009,15007577,Takoma Park Police Depart,Injury Crash,2015-02-15 08:24:00,Maryland (State),ETHAN ALLEN AVE,PRINCE GEORGES CO/L,SAME DIR REAR END,CLEAR,ICE,DAYLIGHT,NO CONTROLS,NONE DETECTED,Yes,No Apparent Injury,NOT DISTRACTED,MD,Passenger Car,35,1997.0,Ford,ECONOLINE,8,Sunday,2
MCP2989001M,200013782,Montgomery County Police,Property Damage Crash,2020-03-23 22:44:00,Maryland (State),NEW HAMPSHIRE AVE,OAKVIEW DR,SAME DIR REAR END,CLEAR,DRY,DARK LIGHTS ON,TRAFFIC SIGNAL,NONE DETECTED,No,No Apparent Injury,NOT DISTRACTED,DC,Passenger Car,35,2010.0,Buick,4D,22,Monday,3
MCP1128005F,210006410,Montgomery County Police,Property Damage Crash,2021-02-18 20:00:00,County,MACARTHUR BLVD,MARYLAND AVE,SAME DIR REAR END,CLEAR,WET,DARK LIGHTS ON,NO CONTROLS,NONE DETECTED,Yes,No Apparent Injury,UNKNOWN,MD,Pickup Truck,35,2014.0,Ford,PICK UP,20,Thursday,2
MCP24560044,190052053,Montgomery County Police,Property Damage Crash,2019-10-29 14:19:00,County,CARROLL AVE,PINEY BRANCH RD,SAME DIRECTION RIGHT TURN,CLEAR,DRY,DAYLIGHT,TRAFFIC SIGNAL,NONE DETECTED,Yes,No Apparent Injury,UNKNOWN,XX,Passenger Car,30,2006.0,Bmw,325I,14,Tuesday,10
MCP29050019,15040830,MONTGOMERY,Injury Crash,2015-08-15 20:08:00,Maryland (State),WISCONSIN AVE,NORWOOD DR,SAME DIR REND LEFT TURN,CLEAR,DRY,DUSK,NO CONTROLS,NONE DETECTED,Yes,No Apparent Injury,NOT DISTRACTED,MD,Passenger Car,35,2013.0,Jeep,SU,20,Saturday,8
MCP2939002R,180044359,Montgomery County Police,Property Damage Crash,2018-09-05 17:03:00,Maryland (State),GREAT SENECA HWY,MATENY RD,STRAIGHT MOVEMENT ANGLE,CLEAR,DRY,DAYLIGHT,NO CONTROLS,Unknown,Yes,No Apparent Injury,INATTENTIVE OR LOST IN THOUGHT,MD,Passenger Car,50,2004.0,Toyt,4S,17,Wednesday,9
MCP2853007L,200035826,Montgomery County Police,Property Damage Crash,2020-09-12 21:58:00,Maryland (State),UNIVERSITY BLVD E,WILLIAMSBURG DR,SAME DIR REAR END,CLEAR,DRY,DARK LIGHTS ON,Unknown,Unknown,No,No Apparent Injury,NOT DISTRACTED,MD,Passenger Car,40,2015.0,Ford,FIESTA,21,Saturday,9
MCP235800B5,220052846,Montgomery County Police,Property Damage Crash,2022-11-29 14:00:00,Maryland (State),BRADLEY BLVD,GLENBROOK RD,SAME DIR REAR END,CLEAR,DRY,DAYLIGHT,NO CONTROLS,NONE DETECTED,Unknown,No Apparent Injury,NOT DISTRACTED,MD,Passenger Car,35,2015.0,Audi,A8,14,Tuesday,11
EJ7876004P,220028019,Gaithersburg Police Depar,Property Damage Crash,2022-06-29 19:25:00,Maryland (State),FREDERICK RD,CHESTNUT ST,SAME DIRECTION RIGHT TURN,CLEAR,DRY,DAYLIGHT,NO CONTROLS,NONE DETECTED,No,No Apparent Injury,NOT DISTRACTED,MD,Passenger Car,30,2016.0,Volkswagon,JETTA,19,Wednesday,6
MCP9365002L,240018057,MONTGOMERY,Property Damage Crash,2024-04-18 08:10:00,Maryland (State) Route,SPENCERVILLE RD,Unknown,Angle,Clear,Dry,Daylight,No Controls,"Not Suspect of Alcohol Use, Not Suspect of Drug Use",No,No Apparent Injury,Not Distracted,MD,Passenger Car,40,2017.0,Toyota,COROLLA,8,Thursday,4
MCP3197001V,200050201,Montgomery County Police,Property Damage Crash,2020-12-21 16:39:00,County,BEL PRE RD,HOMECREST RD,SAME DIRECTION SIDESWIPE,CLEAR,DRY,DUSK,TRAFFIC SIGNAL,NONE DETECTED,No,No Apparent Injury,LOOKED BUT DID NOT SEE,MD,Passenger Car,35,2011.0,Toyt,CAROLLA,16,Monday,12
MCP2886001Q,16033689,Montgomery County Police,Injury Crash,2016-07-03 16:17:00,Maryland (State),VEIRS MILL RD,RANDOLPH RD,HEAD ON LEFT TURN,CLOUDY,DRY,DAYLIGHT,TRAFFIC SIGNAL,NONE DETECTED,No,Suspected Minor Injury,NOT DISTRACTED,MD,Passenger Car,35,2011.0,Toyota,SIENNA,16,Sunday,7
MCP3191000Y,190033092,Montgomery County Police,Property Damage Crash,2019-07-12 09:36:00,Unknown,Unknown,Unknown,SAME DIRECTION LEFT TURN,CLEAR,Unknown,DAYLIGHT,NO CONTROLS,NONE DETECTED,No,No Apparent Injury,NOT DISTRACTED,MD,Passenger Car,0,2014.0,Toyt,HY,9,Friday,7
DD56140014,16040874,Rockville Police Departme,Injury Crash,2016-08-12 10:04:00,County,SHADY GROVE RD,RAMP 8 FR RAMP 5 TO SHADY GROVE RD,STRAIGHT MOVEMENT ANGLE,CLEAR,DRY,Unknown,TRAFFIC SIGNAL,NONE DETECTED,Yes,Possible Injury,UNKNOWN,MD,(Sport) Utility Vehicle,40,2011.0,Hyun,TK,10,Friday,8
HA25590001,25002213,MCPARK,Property Damage Crash,2025-10-15 12:53:00,Unknown,Unknown,Unknown,Single Vehicle,Clear,Unknown,Daylight,Unknown,"Not Suspect of Alcohol Use, Not Suspect of Drug Use",No,No Apparent Injury,Unknown,MD,Pickup,0,2014.0,Ford,F-250,12,Wednesday,10
MCP3127003D,240027610,MONTGOMERY,Injury Crash,2024-06-10 14:21:00,County Route,TALBOT AVE,Unknown,Front to Rear,Clear,Dry,Daylight,Stop Sign,"Not Suspect of Alcohol Use, Not Suspect of Drug Use",No,Possible Injury,Not Distracted,DC,Sport Utility Vehicle,25,2021.0,Jeep,COMPASS,14,Monday,6
DD5605001M,15040602,ROCKVILLE,Injury Crash,2015-08-14 16:25:00,Maryland (State),W MONTGOMERY AVE,BULLARD CIRCLE,SAME DIR REAR END,CLEAR,DRY,DAYLIGHT,TRAFFIC SIGNAL,NONE DETECTED,No,No Apparent Injury,NOT DISTRACTED,MD,Passenger Car,35,2002.0,Toyt,4S,16,Friday,8