Report Number,Local Case Number,Agency Name,ACRS Report Type,Crash Date/Time,Route Type,Road Name,Cross-Street Name,Collision Type,Weather,Surface Condition,Light,Traffic Control,Driver Substance Abuse,Driver At Fault,Injury Severity,Driver Distracted By,Drivers License State,Vehicle Body Type,Speed Limit,Vehicle Year,Vehicle Make,Vehicle Model,Crash Hour,Crash Day,Crash Month
MCP31580020,190062484,Montgomery County Police,Property Damage Crash,2019-12-28 15:13:00,County,FOUNDERS MILL DR,HOBBLE BUSH CT,OTHER,CLEAR,DRY,DAYLIGHT,Unknown,Unknown,No,No Apparent Injury,NOT DISTRACTED,MD,Passenger Car,25,2017.0,Suba,4S,15,Saturday,12
MCP1064006X,170546562,Montgomery County Police,Property Damage Crash,2017-12-04 15:16:00,County,DALE DR,THAYER AVE,SAME DIR REAR END,CLOUDY,DRY,DAYLIGHT,Unknown,Unknown,No,No Apparent Injury,NOT DISTRACTED,MD,School Bus,30,2018.0,Thom,BUS,15,Monday,12
MCP93010034,200002323,Montgomery County Police,Injury Crash,2020-01-14 12:50:00,Municipality,PERRY PKWY,W DIAMOND AVE,SAME DIR REAR END,RAINING,WET,DAYLIGHT,TRAFFIC SIGNAL,Unknown,No,No Apparent Injury,NOT DISTRACTED,MD,Passenger Car,30,2012.0,Niss,ALTIMA,12,Tuesday,1
MCP1342000P,15045694,MONTGOMERY,Property Damage Crash,2015-09-10 08:15:00,Maryland (State),DARNESTOWN RD,EDEN ROCK CT,SAME DIR REAR END,CLOUDY,DRY,DAYLIGHT,NO CONTROLS,NONE DETECTED,No,No Apparent Injury,NOT DISTRACTED,WV,(Sport) Utility Vehicle,30,2013.0,Ford,SUV,8,Thursday,9
MCP3090005D,210046308,Montgomery County Police,Property Damage Crash,2021-11-15 12:46:00,County,MUDDY BRANCH RD,WEST SIDE DR,STRAIGHT MOVEMENT ANGLE,CLEAR,DRY,DAYLIGHT,TRAFFIC SIGNAL,Unknown,No,No Apparent Injury,NOT DISTRACTED,MD,(Sport) Utility Vehicle,35,2017.0,Chevy,TAHOE,12,Monday,11
MCP2874001K,16032361,Montgomery County Police,Property Damage Crash,2016-06-26 15:28:00,County,KEMP MILL RD,GLENALLAN AVE,HEAD ON LEFT TURN,CLEAR,DRY,DAYLIGHT,NO CONTROLS,NONE DETECTED,No,No Apparent Injury,NOT DISTRACTED,MD,Passenger Car,35,2014.0,Honda,CRV,15,Sunday,6
MCP2791002V,16061081,Montgomery County Police,Property Damage Crash,2016-11-28 16:19:00,Maryland (State),SANDY SPRING RD,MCKNEW RD,SAME DIR REAR END,CLEAR,DRY,DAYLIGHT,OTHER,NONE DETECTED,Yes,No Apparent Injury,NOT DISTRACTED,MD,Van,40,2004.0,Chev,EXPRESS,16,Monday,11
MCP25180015,17010858,Montgomery County Police,Property Damage Crash,2017-03-01 09:34:00,County,BRINK RD,HUNTMASTER RD,HEAD ON LEFT TURN,CLOUDY,WET,DAYLIGHT,NO CONTROLS,NONE DETECTED,No,No Apparent Injury,NOT DISTRACTED,MD,Passenger Car,40,2008.0,Bmw,4S,9,Wednesday,3
MCP11510068,170503284,Montgomery County Police,Injury Crash,2017-04-21 07:02:00,County,CRYSTAL ROCK DR,GERMANTOWN RD,SAME DIRECTION LEFT TURN,CLOUDY,DRY,DAYLIGHT,NO CONTROLS,NONE DETECTED,No,No Apparent Injury,NOT DISTRACTED,MD,Van,25,2012.0,Chev,EXPRESS,7,Friday,4
MCP2212003T,190014521,Montgomery County Police,Property Damage Crash,2019-03-29 07:21:00,Maryland (State),NEW HAMPSHIRE AVE,VALLEY BROOK DR,OTHER,CLEAR,DRY,DAYLIGHT,TRAFFIC SIGNAL,NONE DETECTED,No,No Apparent Injury,NOT DISTRACTED,MD,Passenger Car,40,2013.0,Chev,VAN,7,Friday,3
MCP3123005S,230030033,Montgomery County Police,Property Damage Crash,2023-06-23 08:22:00,County,SEVEN LOCKS RD,MONTROSE RD,HEAD ON LEFT TURN,RAINING,WET,DAYLIGHT,TRAFFIC SIGNAL,Unknown,Yes,No Apparent Injury,UNKNOWN,MD,Passenger Car,35,2017.0,Nissan,PATHFINDER,8,Friday,6
MCP2456002T,180013674,Montgomery County Police,Property Damage Crash,2018-03-19 14:15:00,County,CARROLL AVE,11TH AVE,STRAIGHT MOVEMENT ANGLE,CLEAR,DRY,DAYLIGHT,NO CONTROLS,NONE DETECTED,Yes,No Apparent Injury,NOT DISTRACTED,MD,Passenger Car,30,2015.0,Nissan,SENTRA,14,Monday,3
MCP301000B0,240041670,MONTGOMERY,Property Damage Crash,2024-09-03 10:13:00,Unknown,Unknown,Unknown,"Sideswipe, Same Direction",Clear,Unknown,Daylight,Unknown,"Unknown, Unknown",No,No Apparent Injury,Unknown,Unknown,Passenger Car,0,2019.0,Ford,TRANSIT CONNECT,10,Tuesday,9
EJ7898001T,230068177,Gaithersburg Police Depar,Injury Crash,2023-11-25 11:40:00,Unknown,Unknown,Unknown,SAME DIR REAR END,CLEAR,Unknown,DAYLIGHT,NO CONTROLS,NONE DETECTED,Yes,No Apparent Injury,LOOKED BUT DID NOT SEE,WA,Passenger Car,15,2023.0,Chevy,UT,11,Saturday,11
MCP1453005L,180011496,Montgomery County Police,Injury Crash,2018-03-07 07:36:00,County,BARNESVILLE RD,PEACH TREE RD,STRAIGHT MOVEMENT ANGLE,CLOUDY,WET,DAYLIGHT,STOP SIGN,NONE DETECTED,No,Suspected Minor Injury,NOT DISTRACTED,WV,Passenger Car,40,2016.0,Honda,CIVIC,7,Wednesday,3
DD5663001B,240043042,ROCKVILLE,Injury Crash,2024-09-10 16:44:00,Municipality Route,WOOTTON PKWY,W EDMONSTON DR,Angle,Clear,Dry,Daylight,Traffic Control Signal,"Not Suspect of Alcohol Use, Not Suspect of Drug Use",No,No Apparent Injury,Not Distracted,MD,Passenger Car,25,2015.0,Toyota,RAV4,16,Tuesday,9
MCP2965007N,230062611,Montgomery County Police,Property Damage Crash,2023-10-26 06:50:00,County,E RANDOLPH RD,NEW HAMPSHIRE AVE,SAME DIRECTION SIDESWIPE,CLOUDY,DRY,DARK NO LIGHTS,NO CONTROLS,NONE DETECTED,No,No Apparent Injury,NOT DISTRACTED,MD,Passenger Car,35,2018.0,Hond,UT,6,Thursday,10
MCP2010000Y,16006029,Montgomery County Police,Property Damage Crash,2016-02-05 13:00:00,Unknown,Unknown,Unknown,OTHER,Unknown,Unknown,DAYLIGHT,NO CONTROLS,NONE DETECTED,Yes,No Apparent Injury,NOT DISTRACTED,MD,Police Vehicle/Non Emergency,10,2005.0,Chevy,TK,13,Friday,2
MCP26990026,250052930,MONTGOMERY,Property Damage Crash,2025-11-25 17:04:00,Municipality Route,WOOTTON PKWY,Unknown,Front to Rear,Rain,Wet,Dark - Lighted,Traffic Control Signal,"Not Suspect of Alcohol Use, Not Suspect of Drug Use",No,No Apparent Injury,Not Distracted,MD,Passenger Car,35,2014.0,Dodge,CHARGER,17,Tuesday,11
MCP26080062,250054538,MONTGOMERY,Property Damage Crash,2025-12-05 21:05:00,County Route,DENNIS AVE (EB/L),GILMOURE DR,Angle,Snow,Snow,Dark - Lighted,No Controls,"Not Suspect of Alcohol Use, Not Suspect of Drug Use",No,No Apparent Injury,Not Distracted,MD,Passenger Car,30,2009.0,Toyota,CAMRY,21,Friday,12
MCP3039005D,210023075,Montgomery County Police,Property Damage Crash,2021-06-16 19:15:00,Maryland (State),COLESVILLE RD,WAYNE AVE,SAME DIR BOTH LEFT TURN,CLEAR,DRY,DAYLIGHT,TRAFFIC SIGNAL,NONE DETECTED,No,No Apparent Injury,NOT DISTRACTED,DC,Passenger Car,35,2013.0,Nissan,ALTIMA,19,Wednesday,6
MCP271700GD,180010132,Montgomery County Police,Property Damage Crash,2018-02-27 13:00:00,Unknown,Unknown,Unknown,OTHER,CLEAR,Unknown,DAYLIGHT,NO CONTROLS,NONE DETECTED,No,No Apparent Injury,NOT DISTRACTED,MD,Passenger Car,25,2015.0,Honda,CIVIC,13,Tuesday,2
MCP229800CN,17015054,Montgomery County Police,Injury Crash,2017-03-24 12:46:00,Maryland (State),CLOPPER RD,GREAT SENECA HWY,SAME DIR REAR END,CLOUDY,WET,DAYLIGHT,NO CONTROLS,NONE DETECTED,No,Possible Injury,LOOKED BUT DID NOT SEE,MD,Passenger Car,45,2006.0,Hond,CIVIC,12,Friday,3
MCP3463000S,250031947,MONTGOMERY,Property Damage Crash,2025-07-17 14:30:00,Maryland (State) Route,MONTGOMERY VILLAGE AVE (SB/L),RUSSELL AVE,Front to Rear,Clear,Dry,Daylight,Traffic Control Signal,"Not Suspect of Alcohol Use, Not Suspect of Drug Use",Yes,No Apparent Injury,"Other Action (looking away from task, etc.)",MD,Passenger Car,35,2019.0,Toyota,HIGHLANDER,14,Thursday,7
MCP3051004D,200050667,Montgomery County Police,Property Damage Crash,2020-12-24 15:45:00,County,TUCKERMAN LA,ANGUS PL,HEAD ON LEFT TURN,RAINING,WET,DAYLIGHT,TRAFFIC SIGNAL,NONE DETECTED,Unknown,No Apparent Injury,UNKNOWN,MD,Passenger Car,35,2016.0,Honda,CIVIC,15,Thursday,12
MCP2917000S,15050961,MONTGOMERY,Property Damage Crash,2015-10-08 06:32:00,County,BROOKEVILLE RD,MARKET ST,SINGLE VEHICLE,CLEAR,DRY,DAWN,NO CONTROLS,NONE DETECTED,No,No Apparent Injury,NOT DISTRACTED,MA,"Other Light Trucks (10,000Lbs (4,536Kg) Or Less)",30,2003.0,Hond,VN,6,Thursday,10
MCP9134001N,200016498,Montgomery County Police,Property Damage Crash,2020-04-19 23:39:00,County,MOSS AVE,SPUR TO MD 193,OTHER,CLOUDY,DRY,DARK LIGHTS ON,NO CONTROLS,NONE DETECTED,Yes,No Apparent Injury,LOOKED BUT DID NOT SEE,MD,Police Vehicle/Non Emergency,25,2016.0,Ford,INTERCEPTOR,23,Sunday,4
MCP3218003K,230002014,Montgomery County Police,Property Damage Crash,2023-01-12 23:38:00,County,RANDOLPH RD,GEORGIA AVE,SAME DIR REAR END,RAINING,WET,DARK LIGHTS ON,TRAFFIC SIGNAL,NONE DETECTED,No,No Apparent Injury,NOT DISTRACTED,MD,Passenger Car,25,2021.0,Volkswagon,TIGUAN,23,Thursday,1
MCP3288000C,210003837,Montgomery County Police,Property Damage Crash,2021-01-30 09:34:00,Unknown,Unknown,Unknown,OPPOSITE DIRECTION SIDESWIPE,CLEAR,Unknown,DAYLIGHT,NO CONTROLS,NONE DETECTED,Yes,No Apparent Injury,LOOKED BUT DID NOT SEE,MD,Fire Vehicle/Non Emergency,0,2008.0,Spar,TK,9,Saturday,1
MCP3039001R,170545867,Montgomery County Police,Injury Crash,2017-11-30 19:00:00,Ramp,RAMP 1 FR RAMP 4 (FR IS270) TO MD 121 WB,CLARKSBURG RD,SAME DIR REAR END,CLEAR,DRY,DARK -- UNKNOWN LIGHTING,NO CONTROLS,NONE DETECTED,Yes,No Apparent Injury,NOT DISTRACTED,OH,Van,55,2017.0,Ford,TRANSIT,19,Thursday,11
MCP3257000G,200031656,Montgomery County Police,Property Damage Crash,2020-08-14 10:05:00,Maryland (State),BRADLEY LA,EAST AVE,SAME DIRECTION LEFT TURN,CLEAR,DRY,DAYLIGHT,STOP SIGN,NONE DETECTED,No,No Apparent Injury,NOT DISTRACTED,VA,Passenger Car,25,2010.0,Infinity,EX35,10,Friday,8
MCP1550001D,15030472,Montgomery County Police,Injury Crash,2015-06-22 16:56:00,Maryland (State),EAST WEST HWY,SUNDALE DR,SAME DIRECTION SIDESWIPE,Unknown,DRY,DAYLIGHT,NO CONTROLS,NONE DETECTED,No,Possible Injury,NOT DISTRACTED,MD,Passenger Car,35,2007.0,Toyota,YARIS,16,Monday,6
DM8478002M,240034794,TAKOMA,Property Damage Crash,2024-07-23 16:20:00,Municipality Route,LARCH AVE,NEW HAMPSHIRE AVE (SB/L),Angle,Clear,Dry,Daylight,Traffic Control Signal,"Not Suspect of Alcohol Use, Not Suspect of Drug Use",No,No Apparent Injury,Not Distracted,MD,Passenger Car,20,2015.0,Subaru,FORESTER,16,Tuesday,7
MCP3086005K,210016829,Montgomery County Police,Property Damage Crash,2021-05-05 10:00:00,Maryland (State),MUNCASTER MILL RD,IVY OAK DR,SAME DIRECTION SIDESWIPE,RAINING,WET,DAYLIGHT,NO CONTROLS,NONE DETECTED,Yes,No Apparent Injury,LOOKED BUT DID NOT SEE,MD,Transit Bus,35,2008.0,Gill,BUS,10,Wednesday,5
MCP33050040,240059134,MONTGOMERY,Property Damage Crash,2024-12-11 05:07:00,County Route,ADELPHI RD,DILSTON RD,"Sideswipe, Same Direction",Rain,Wet,Dark - Lighted,Traffic Control Signal,"Not Suspect of Alcohol Use, Not Suspect of Drug Use",Yes,No Apparent Injury,Unknown,MD,Sport Utility Vehicle,35,2020.0,Honda,HR-V,5,Wednesday,12
MCP14530051,180004242,Montgomery County Police,Property Damage Crash,2018-01-25 12:02:00,County,RIDGE RD,OBSERVATION DR,SAME DIR REAR END,CLEAR,DRY,DAYLIGHT,TRAFFIC SIGNAL,NONE DETECTED,Yes,No Apparent Injury,NOT DISTRACTED,MD,Pickup Truck,45,2009.0,Ford,RANGER,12,Thursday,1
MCP2298013W,230047105,Montgomery County Police,Property Damage Crash,2023-07-31 11:53:00,Unknown,Unknown,Unknown,OTHER,CLEAR,Unknown,DAYLIGHT,NO CONTROLS,NONE DETECTED,No,No Apparent Injury,NOT DISTRACTED,MD,Police Vehicle/Non Emergency,10,2014.0,Dodg,CHARGER,11,Monday,7
MCP2776003Z,220042732,Montgomery County Police,Injury Crash,2022-09-30 19:04:00,Maryland (State),GEORGIA AVE,DAMASCUS RD,SAME DIR REAR END,Unknown,WET,DARK LIGHTS ON,TRAFFIC SIGNAL,NONE DETECTED,No,No Apparent Injury,NOT DISTRACTED,MD,(Sport) Utility Vehicle,30,2017.0,Hyun,TK,19,Friday,9
MCP2728003Y,170521325,Montgomery County Police,Property Damage Crash,2017-07-26 19:45:00,Maryland (State),NEW HAMPSHIRE AVE,CRESTHAVEN DR,STRAIGHT MOVEMENT ANGLE,CLEAR,DRY,DAYLIGHT,NO CONTROLS,NONE DETECTED,No,No Apparent Injury,NOT DISTRACTED,MD,Passenger Car,40,2012.0,Ford,TK,19,Wednesday,7
MCP27560011,15060646,MONTGOMERY,Injury Crash,2015-11-27 17:02:00,Maryland (State),GEORGIA AVE,PLYERS MILL RD,SAME DIR REAR END,CLEAR,DRY,DARK LIGHTS ON,TRAFFIC SIGNAL,NONE DETECTED,No,Possible Injury,NOT DISTRACTED,MD,Passenger Car,35,2006.0,Dodge,CHARGER,17,Friday,11
MCP3217000X,200043980,Montgomery County Police,Property Damage Crash,2020-11-07 17:07:00,Maryland (State),GREAT SENECA HWY,DAWSON FARM RD,SAME DIRECTION SIDESWIPE,CLEAR,DRY,DUSK,TRAFFIC SIGNAL,NONE DETECTED,Yes,No Apparent Injury,LOOKED BUT DID NOT SEE,MD,Passenger Car,50,2001.0,Chevy,VN,17,Saturday,11
MCP2678003C,220027471,Montgomery County Police,Injury Crash,2022-06-26 06:07:00,Maryland (State),GEORGIA AVE,ENT TO BUSINESS,SAME DIR REAR END,CLEAR,DRY,DAYLIGHT,NO CONTROLS,NONE DETECTED,Yes,No Apparent Injury,LOOKED BUT DID NOT SEE,MD,Passenger Car,30,2008.0,Mercedes,GL450,6,Sunday,6
MCP2432000M,220027011,Montgomery County Police,Injury Crash,2022-06-23 00:22:00,County,MONTGOMERY VILLAGE AVE,CENTERWAY RD,STRAIGHT MOVEMENT ANGLE,RAINING,WET,DARK LIGHTS ON,TRAFFIC SIGNAL,NONE DETECTED,Yes,Possible Injury,UNKNOWN,MD,(Sport) Utility Vehicle,35,2019.0,Chevy,EQUINOX,0,Thursday,6
MCP2612004J,220023132,Montgomery County Police,Property Damage Crash,2022-05-30 17:30:00,County,GRAND PRE RD,BEL PRE RD,OTHER,CLEAR,DRY,DAYLIGHT,NO CONTROLS,ALCOHOL CONTRIBUTED,Yes,No Apparent Injury,UNKNOWN,MD,Passenger Car,25,2008.0,Honda,ACCORD,17,Monday,5
MCP2633000X,16013025,MONTGOMERY,Property Damage Crash,2016-03-16 18:16:00,Maryland (State),FREDERICK RD,SPUR TO LAKE FOREST BLVD,ANGLE MEETS LEFT TURN,CLEAR,DRY,DAYLIGHT,Unknown,NONE DETECTED,Yes,No Apparent Injury,UNKNOWN,MD,Passenger Car,20,2014.0,Kia,4S,18,Wednesday,3
MCP2094006N,16035867,Montgomery County Police,Property Damage Crash,2016-07-15 12:57:00,Interstate (State),EISENHOWER MEMORIAL HWY,MONTROSE RD,SAME DIR REAR END,CLEAR,DRY,DAYLIGHT,NO CONTROLS,NONE DETECTED,Yes,No Apparent Injury,NOT DISTRACTED,MD,Passenger Car,55,2013.0,Bmw,535I,12,Friday,7
DM84890003,200015748,Takoma Park Police Depart,Property Damage Crash,2020-04-11 22:32:00,Maryland (State),PHILADELPHIA AVE,PINEY BRANCH RD,SINGLE VEHICLE,CLEAR,DRY,DARK LIGHTS ON,Unknown,Unknown,Yes,No Apparent Injury,INATTENTIVE OR LOST IN THOUGHT,MD,Passenger Car,30,2004.0,Honda,4S,22,Saturday,4
MCP26170013,15050882,MONTGOMERY,Property Damage Crash,2015-10-07 17:42:00,County,ARLINGTON RD,HAMPDEN LA,SAME DIR REAR END,CLEAR,DRY,DAYLIGHT,NO CONTROLS,NONE DETECTED,No,No Apparent Injury,NOT DISTRACTED,MD,Passenger Car,30,2011.0,Ford,FOCUS,17,Wednesday,10
MCP13090004,17009012,Montgomery County Police,Property Damage Crash,2017-02-19 13:49:00,Maryland (State),OLD HUNDRED RD,FREDERICK RD,SAME DIR REAR END,CLEAR,DRY,DAYLIGHT,NO CONTROLS,NONE DETECTED,Yes,No Apparent Injury,LOOKED BUT DID NOT SEE,MD,Passenger Car,40,2017.0,Honda,CIVIC,13,Sunday,2
MCP30440026,170548020,Montgomery County Police,Property Damage Crash,2017-12-11 22:59:00,County,OAKVIEW DR,NEW HAMPSHIRE AVE,SAME DIR REAR END,CLEAR,DRY,DARK LIGHTS ON,TRAFFIC SIGNAL,NONE DETECTED,Yes,No Apparent Injury,UNKNOWN,DC,Passenger Car,40,2002.0,Nissan,ALTIMA,22,Monday,12
DD56330099,250002385,ROCKVILLE,Injury Crash,2025-01-17 16:00:00,Maryland (State) Route,VEIRS MILL RD,EDMONSTON DR,Angle,Clear,Dry,Daylight,Traffic Control Signal,"Not Suspect of Alcohol Use, Not Suspect of Drug Use",Yes,No Apparent Injury,Not Distracted,MD,Passenger Car,35,2021.0,Honda,HR-V,16,Friday,1
MCP31050056,230065848,Montgomery County Police,Injury Crash,2023-11-11 22:24:00,County,WARING STATION RD,LEATHERBARK DR,SAME DIR REAR END,CLEAR,DRY,DARK LIGHTS ON,Unknown,NONE DETECTED,No,No Apparent Injury,NOT DISTRACTED,MD,Passenger Car,0,2006.0,Bmw,325,22,Saturday,11
DD56860001,240056481,ROCKVILLE,Injury Crash,2024-11-25 01:37:00,Municipality Route,BLANDFORD ST,Unknown,"Sideswipe, Opposite Direction",Clear,Dry,Dark - Lighted,No Controls,"Unknown, Unknown",No,Unknown,Unknown,Unknown,Passenger Car,25,2011.0,Mercedes-Benz,GL-CLASS,1,Monday,11
MCP10640048,16020928,Montgomery County Police,Injury Crash,2016-04-28 13:27:00,US (State),COLUMBIA PIKE,FAIRLAND RD,SAME DIR REAR END,CLOUDY,WET,DAYLIGHT,TRAFFIC SIGNAL,Unknown,Yes,No Apparent Injury,UNKNOWN,MD,Van,55,2002.0,Hond,ODYSSEY,13,Thursday,4
DD5642001M,200039152,Rockville Police Departme,Property Damage Crash,2020-10-05 12:57:00,Municipality,MONROE ST,MONROE PL,SAME DIR REAR END,CLEAR,DRY,DAYLIGHT,Unknown,NONE DETECTED,No,No Apparent Injury,NOT DISTRACTED,MD,Passenger Car,25,2017.0,Ford,4S,12,Monday,10
MCP2974004Y,230060995,Montgomery County Police,Property Damage Crash,2023-10-17 07:41:00,Maryland (State),NEW HAMPSHIRE AVE,VALLEY BROOK DR,SAME DIR REAR END,CLOUDY,DRY,DAYLIGHT,TRAFFIC SIGNAL,NONE DETECTED,No,No Apparent Injury,NOT DISTRACTED,MD,School Bus,40,2017.0,Thommas,PUSHER,7,Tuesday,10
DD56500014,210053203,Rockville Police Departme,Property Damage Crash,2021-12-30 13:24:00,Maryland (State),VEIRS MILL RD,MEADOW HALL DR,STRAIGHT MOVEMENT ANGLE,CLOUDY,WET,DAYLIGHT,NO CONTROLS,NONE DETECTED,Yes,No Apparent Injury,NOT DISTRACTED,MD,Passenger Car,40,2012.0,Bmw,SU,13,Thursday,12
MCP28810013,15023606,Montgomery County Police,Property Damage Crash,2015-05-17 10:41:00,County,STONEY BOTTOM RD,WARING STATION RD,SAME DIRECTION SIDESWIPE,CLOUDY,DRY,DAYLIGHT,NO CONTROLS,Unknown,No,No Apparent Injury,NOT DISTRACTED,OR,Passenger Car,25,2008.0,Honda,ODY,10,Sunday,5
MCP2536001P,180011118,Montgomery County Police,Property Damage Crash,2018-03-04 11:45:00,Maryland (State),GEORGIA AVE,REEDIE DR,SAME DIR REAR END,CLEAR,DRY,DARK LIGHTS ON,TRAFFIC SIGNAL,NONE DETECTED,Yes,No Apparent Injury,NOT DISTRACTED,MD,Passenger Car,35,2013.0,Toyt,TK,11,Sunday,3
MCP30370079,250022520,MONTGOMERY,Property Damage Crash,2025-05-21 14:49:00,Private Route,Unknown,WARING STATION RD,Angle,Clear,Wet,Daylight,No Controls,"Not Suspect of Alcohol Use, Not Suspect of Drug Use",No,No Apparent Injury,Not Distracted,MD,Sport Utility Vehicle,30,2022.0,Cadillac,XT5,14,Wednesday,5
MCP21620021,17001893,Montgomery County Police,Injury Crash,2017-01-11 19:15:00,Maryland (State),GEORGIA AVE,SILO INN DR,SAME DIR REAR END,RAINING,WET,DARK LIGHTS ON,FLASHING TRAFFIC SIGNAL,Unknown,No,Suspected Minor Injury,NOT DISTRACTED,MD,Passenger Car,35,2009.0,Mazda,6,19,Wednesday,1
MCP10830008,15009358,Montgomery County Police,Injury Crash,2015-02-27 05:48:00,County,CRYSTAL ROCK DR,FATHER HURLEY BLVD,STRAIGHT MOVEMENT ANGLE,CLEAR,DRY,DARK LIGHTS ON,TRAFFIC SIGNAL,NONE DETECTED,No,Suspected Minor Injury,NOT DISTRACTED,MD,Pickup Truck,45,2011.0,Chev,PICKUP,5,Friday,2
MCP2198003S,180011592,Montgomery County Police,Property Damage Crash,2018-03-07 15:53:00,County,MCDONALD CHAPEL DR,MCDONALD CHAPEL DR (AHEAD),SAME DIRECTION SIDESWIPE,CLEAR,DRY,DAYLIGHT,Unknown,Unknown,Yes,No Apparent Injury,NOT DISTRACTED,MD,School Bus,25,2016.0,Thomas Built,SCHOOLBUS,15,Wednesday,3
MCP2116006W,170525207,Montgomery County Police,Injury Crash,2017-08-16 18:16:00,County,SHADY GROVE RD,CRABBS BRANCH WAY,STRAIGHT MOVEMENT ANGLE,CLEAR,DRY,DAYLIGHT,TRAFFIC SIGNAL,NONE DETECTED,Yes,No Apparent Injury,NOT DISTRACTED,MD,Passenger Car,40,2005.0,Toyt,4S,18,Wednesday,8
MCP285900HS,250003234,MONTGOMERY,Property Damage Crash,2025-01-23 14:00:00,Maryland (State) Route,Unknown,PHEASANT RUN DR (WB/L) W WATKINS MILL RD (SB/L),Front to Front,Clear,Dry,Daylight,Traffic Control Signal,"Not Suspect of Alcohol Use, Not Suspect of Drug Use",Yes,No Apparent Injury,Unknown,MD,Passenger Car,30,2010.0,Acura,TSX,14,Thursday,1
MCP30630015,180056442,Montgomery County Police,Property Damage Crash,2018-11-10 09:56:00,County,CHERRY HILL RD,GRACEFIELD RD,SAME DIR REAR END,CLEAR,Unknown,DAYLIGHT,Unknown,Unknown,Unknown,No Apparent Injury,NOT DISTRACTED,MD,Passenger Car,40,2006.0,Acura,TK,9,Saturday,11
MCP13780067,15026439,Montgomery County Police,Property Damage Crash,2015-06-01 14:20:00,Maryland (State),S FREDERICK RD,W DEER PARK RD,SAME DIR REAR END,CLOUDY,DRY,DAYLIGHT,TRAFFIC SIGNAL,NONE DETECTED,No,No Apparent Injury,NOT DISTRACTED,MD,School Bus,35,2005.0,Thomas,BUS,14,Monday,6
MCP2872000X,15013164,Montgomery County Police,Property Damage Crash,2015-03-22 09:16:00,Maryland (State),MONTGOMERY VILLAGE AVE,SPUR TO MD 355,SAME DIR REAR END,CLEAR,DRY,DAYLIGHT,YIELD SIGN,NONE DETECTED,No,No Apparent Injury,NOT DISTRACTED,MD,Passenger Car,30,2004.0,Toyt,TK,9,Sunday,3
MCP32080068,240055980,MONTGOMERY,Property Damage Crash,2024-11-21 21:49:00,Maryland (State) Route,COLESVILLE RD (WB/L),16TH ST,Angle,Clear,Dry,Dark - Lighted,Traffic Control Signal,"Not Suspect of Alcohol Use, Not Suspect of Drug Use",No,No Apparent Injury,Not Distracted,DC,Passenger Car,30,2025.0,Lexus,UNKNOWN,21,Thursday,11
EJ7876005V,230032409,Gaithersburg Police Depar,Injury Crash,2023-07-07 17:15:00,Maryland (State),W DIAMOND AVE,BRYAN AVE,STRAIGHT MOVEMENT ANGLE,CLEAR,DRY,DAYLIGHT,NO CONTROLS,Unknown,No,No Apparent Injury,NOT DISTRACTED,MD,Passenger Car,30,2016.0,Honda,CIVIC,17,Friday,7
MCP30580049,210030597,Montgomery County Police,Property Damage Crash,2021-08-06 18:54:00,Unknown,Unknown,Unknown,UNKNOWN,CLEAR,Unknown,DAYLIGHT,NO CONTROLS,NONE DETECTED,Unknown,No Apparent Injury,UNKNOWN,MD,"Other Light Trucks (10,000Lbs (4,536Kg) Or Less)",15,2021.0,Ram,BIGHORN,18,Friday,8
MCP32920019,220025706,Montgomery County Police,Injury Crash,2022-06-15 05:16:00,Maryland (State),CLOPPER RD,STONERIDGE DR,HEAD ON,CLEAR,DRY,DAWN,NO CONTROLS,UNKNOWN,Yes,No Apparent Injury,UNKNOWN,Unknown,Passenger Car,35,2001.0,Bmw,325,5,Wednesday,6
MCP2512003Q,180053718,Montgomery County Police,Property Damage Crash,2018-10-26 17:45:00,Maryland (State),QUINCE ORCHARD RD,W DIAMOND AVE,SAME DIR REAR END,RAINING,WET,DAYLIGHT,YIELD SIGN,NONE DETECTED,No,No Apparent Injury,NOT DISTRACTED,VA,Passenger Car,35,2018.0,Subaru,FORESTER,17,Friday,10
DD5603009W,230070071,Rockville Police Departme,Injury Crash,2023-12-05 19:00:00,Maryland (State),FREDERICK RD,INDIANOLA DR,SAME DIR REAR END,RAINING,WET,DARK LIGHTS ON,TRAFFIC SIGNAL,NONE DETECTED,No,Suspected Minor Injury,NOT DISTRACTED,MD,Passenger Car,35,2015.0,Toyt,4S,19,Tuesday,12
DD5502004V,190007347,Rockville Police Departme,Injury Crash,2019-02-15 07:42:00,Maryland (State),NORBECK RD,FIRST ST SPUR,SAME DIR REAR END,CLOUDY,DRY,DAYLIGHT,NO CONTROLS,Unknown,No,Suspected Minor Injury,NOT DISTRACTED,MD,Police Vehicle/Emergency,50,2000.0,Lexu,4S,7,Friday,2
MCP3233005Q,250030060,MONTGOMERY,Injury Crash,2025-07-06 14:46:00,US (State),COLESVILLE RD,Unknown,"Sideswipe, Same Direction",Clear,Dry,Daylight,No Controls,"Not Suspect of Alcohol Use, Not Suspect of Drug Use",Yes,No Apparent Injury,Not Distracted,MD,Passenger Car,35,2016.0,Acura,MDX,14,Sunday,7