Report Number,Local Case Number,Agency Name,ACRS Report Type,Crash Date/Time,Route Type,Road Name,Cross-Street Name,Collision Type,Weather,Surface Condition,Light,Traffic Control,Driver Substance Abuse,Driver At Fault,Injury Severity,Driver Distracted By,Drivers License State,Vehicle Body Type,Speed Limit,Vehicle Year,Vehicle Make,Vehicle Model,Crash Hour,Crash Day,Crash Month
MCP21070043,230027689,Montgomery County Police,Property Damage Crash,2023-06-07 14:07:00,Maryland (State),FREDERICK RD,RIDGE RD,STRAIGHT MOVEMENT ANGLE,CLEAR,DRY,DAYLIGHT,TRAFFIC SIGNAL,NONE DETECTED,Yes,No Apparent Injury,INATTENTIVE OR LOST IN THOUGHT,MD,Ambulance/Emergency,40,2020.0,Honda,INSIGHT,14,Wednesday,6
MCP3320000Y,220029193,Montgomery County Police,Injury Crash,2022-07-07 16:00:00,Maryland (State),16TH ST,SECOND AVE,STRAIGHT MOVEMENT ANGLE,CLEAR,DRY,DAYLIGHT,TRAFFIC SIGNAL,NONE DETECTED,No,No Apparent Injury,NOT DISTRACTED,VA,Passenger Car,35,2016.0,Honda,CR-V,16,Thursday,7
MCP2732000N,15008769,Montgomery County Police,Property Damage Crash,2015-02-23 16:10:00,County,RANDOLPH RD,MIDDLEVALE LA,SAME DIRECTION SIDESWIPE,CLEAR,WET,DAYLIGHT,NO CONTROLS,NONE DETECTED,Yes,No Apparent Injury,UNKNOWN,MD,Passenger Car,35,1994.0,Toyt,4S,16,Monday,2
MCP3201003Z,230017987,Montgomery County Police,Injury Crash,2023-04-15 13:27:00,County,CENTURY BLVD,CRYSTAL ROCK DR,STRAIGHT MOVEMENT ANGLE,CLOUDY,DRY,DAYLIGHT,NO CONTROLS,NONE DETECTED,Yes,No Apparent Injury,LOOKED BUT DID NOT SEE,MD,Passenger Car,20,2006.0,Ford,EXPLORER,13,Saturday,4
MCP3391001C,240050863,MONTGOMERY,Property Damage Crash,2024-10-23 22:15:00,Maryland (State) Route,GEORGIA AVE,Unknown,Front to Rear,Clear,Dry,Dark - Lighted,No Controls,"Not Suspect of Alcohol Use, Not Suspect of Drug Use",Yes,No Apparent Injury,"Other Action (looking away from task, etc.)",MD,Passenger Car,30,2016.0,Ford,FOCUS,22,Wednesday,10
MCP25590022,170530762,Montgomery County Police,Property Damage Crash,2017-09-15 13:39:00,Unknown,CROWN PARK AVE,ELLINGTON BLV,OTHER,CLEAR,DRY,DAYLIGHT,Unknown,Unknown,Yes,No Apparent Injury,DISTRACTED BY OUTSIDE PERSON OBJECT OR EVENT,MD,Passenger Car,25,2013.0,Hyundai,SANTA FE,13,Friday,9
MCP2667006S,190062897,Montgomery County Police,Property Damage Crash,2019-12-31 12:30:00,Municipality,CHRISTOPHER AVE,FREDERICK RD,SAME DIR REAR END,CLEAR,DRY,DAYLIGHT,NO CONTROLS,NONE DETECTED,Yes,No Apparent Injury,LOOKED BUT DID NOT SEE,MD,Passenger Car,30,2002.0,Hond,4S,12,Tuesday,12
MCP2635003B,16052900,Montgomery County Police,Property Damage Crash,2016-10-14 18:30:00,County,OLD BALTIMORE RD,BLOSSOM VIEW DR,ANGLE MEETS LEFT TURN,CLEAR,DRY,DUSK,YIELD SIGN,Unknown,Yes,No Apparent Injury,UNKNOWN,NC,Passenger Car,30,2017.0,Hyundai,ELANTRA,18,Friday,10
MCP21590037,250016734,MONTGOMERY,Injury Crash,2025-04-17 14:04:00,County Route,SENECA MEADOWS PKWY (SB/L),Unknown,Angle,Clear,Dry,Daylight,No Controls,"Not Suspect of Alcohol Use, Not Suspect of Drug Use",Yes,Suspected Minor Injury,Unknown,MD,Passenger Car,30,2023.0,Acura,TLX,14,Thursday,4
MCP1253000R,220038014,Montgomery County Police,Property Damage Crash,2022-09-02 08:55:00,Maryland (State),W JEFFERSON ST,S ADAMS ST,SAME DIR REAR END,CLEAR,DRY,DAYLIGHT,Unknown,NONE DETECTED,No,No Apparent Injury,NOT DISTRACTED,MD,Pickup Truck,35,2020.0,Ram,1500,8,Friday,9
MCP2960003V,190003905,Montgomery County Police,Injury Crash,2019-01-25 08:00:00,County,BEL PRE RD,NORTH GATE DR,SINGLE VEHICLE,Unknown,DRY,DAYLIGHT,FLASHING TRAFFIC SIGNAL,Unknown,Yes,No Apparent Injury,UNKNOWN,MD,Passenger Car,25,2010.0,Volk,4S,8,Friday,1
DM85140017,240027843,TAKOMA,Property Damage Crash,2024-06-11 18:07:00,Unknown,Unknown,Unknown,Rear To Side,Clear,Unknown,Daylight,Unknown,"Not Suspect of Alcohol Use, Not Suspect of Drug Use",No,No Apparent Injury,Unknown,Unknown,Passenger Car,0,2016.0,Lexus,UNKNOWN,18,Tuesday,6
MCP304800D3,240058116,MONTGOMERY,Property Damage Crash,2024-12-05 07:45:00,Unknown,Unknown,Unknown,Single Vehicle,Rain,Unknown,Daylight,Unknown,"Not Suspect of Alcohol Use, Not Suspect of Drug Use",Yes,No Apparent Injury,Not Distracted,Unknown,Passenger Car,0,2010.0,Toyota,CAMRY,7,Thursday,12
MCP29310085,250033807,MONTGOMERY,Property Damage Crash,2025-07-29 17:04:00,Interstate (State),EISENHOWER MEMORIAL HWY (SB/L),Unknown,"Sideswipe, Same Direction",Clear,Dry,Daylight,No Controls,"Not Suspect of Alcohol Use, Not Suspect of Drug Use",No,No Apparent Injury,Not Distracted,MD,Sport Utility Vehicle,55,2024.0,Jeep,WAGONEER,17,Tuesday,7
DM8437002K,240002433,TAKOMA,Property Damage Crash,2024-01-15 20:21:00,Municipality Route,MERRIMAC DR,UNIVERSITY LA,Front to Rear,Blowing Snow,Snow,Dark - Lighted,Stop Sign,"Not Suspect of Alcohol Use, Not Suspect of Drug Use",No,No Apparent Injury,Not Distracted,MD,Sport Utility Vehicle,25,2017.0,Ford,EXPLORER,20,Monday,1
MCP26620024,200010177,Montgomery County Police,Property Damage Crash,2020-02-29 22:07:00,Maryland (State),MUNCASTER MILL RD,OLDE MILL RUN,SAME DIR REAR END,CLEAR,DRY,DARK LIGHTS ON,NO CONTROLS,NONE DETECTED,No,No Apparent Injury,NOT DISTRACTED,MD,Passenger Car,35,2008.0,Toyt,TK,22,Saturday,2
MCP3143001L,190039992,Montgomery County Police,Property Damage Crash,2019-08-21 13:25:00,Maryland (State),OLD GEORGETOWN RD,HUNTINGTON PKWY,SAME DIRECTION SIDESWIPE,CLEAR,DRY,DAYLIGHT,NO CONTROLS,NONE DETECTED,No,No Apparent Injury,NOT DISTRACTED,MD,Passenger Car,35,2015.0,Dodge,JOURNEY,13,Wednesday,8
MCP33050049,250014265,MONTGOMERY,Property Damage Crash,2025-04-01 23:17:00,County Route,DALE DR,Unknown,Single Vehicle,Clear,Dry,Dark - Lighted,No Controls,"Not Suspect of Alcohol Use, Not Suspect of Drug Use",No,No Apparent Injury,Not Distracted,MD,Passenger Car,35,2014.0,Dodge,CHARGER,23,Tuesday,4
MCP32460014,210032233,Montgomery County Police,Property Damage Crash,2021-08-19 03:13:00,County,GLENALLAN AVE,GEORGIA AVE,SINGLE VEHICLE,CLEAR,DRY,DARK LIGHTS ON,FLASHING TRAFFIC SIGNAL,ALCOHOL PRESENT,Yes,No Apparent Injury,OTHER DISTRACTION,MD,Passenger Car,35,2021.0,Chevy,TRAX,3,Thursday,8
DD5605007N,200005938,Rockville Police Departme,Injury Crash,2020-02-05 09:45:00,Unknown,Unknown,Unknown,STRAIGHT MOVEMENT ANGLE,RAINING,Unknown,DAYLIGHT,NO CONTROLS,NONE DETECTED,No,No Apparent Injury,NOT DISTRACTED,MD,(Sport) Utility Vehicle,15,2019.0,Jeep,TK,9,Wednesday,2
MCP3123001M,200004247,Montgomery County Police,Property Damage Crash,2020-01-26 02:50:00,County,TWINBROOK PKWY,BESLEY CT,SINGLE VEHICLE,CLEAR,DRY,DARK LIGHTS ON,Unknown,ALCOHOL PRESENT,Yes,No Apparent Injury,OTHER DISTRACTION,MD,Passenger Car,25,2019.0,Toyota,COROLLA,2,Sunday,1
MCP2961004C,230051001,Montgomery County Police,Property Damage Crash,2023-08-24 05:30:00,Maryland (State),LAYHILL RD,BEL PRE RD,HEAD ON LEFT TURN,CLEAR,DRY,DARK LIGHTS ON,TRAFFIC SIGNAL,NONE DETECTED,No,No Apparent Injury,NOT DISTRACTED,MD,Passenger Car,35,2005.0,Toyota,COROLLA,5,Thursday,8
MCP3238000V,200037788,Montgomery County Police,Injury Crash,2020-09-26 00:02:00,County,BRIGGS CHANEY RD,ROBEY RD,STRAIGHT MOVEMENT ANGLE,RAINING,WET,DARK NO LIGHTS,STOP SIGN,ALCOHOL PRESENT,Yes,Suspected Minor Injury,UNKNOWN,MD,Passenger Car,30,2016.0,Honda,ACCORD,0,Saturday,9
MCP3290002N,230067042,Montgomery County Police,Injury Crash,2023-11-18 05:00:00,US (State),GEORGIA AVE,KING ST,SAME DIRECTION SIDESWIPE,CLEAR,DRY,DARK LIGHTS ON,TRAFFIC SIGNAL,NONE DETECTED,No,Suspected Minor Injury,UNKNOWN,MD,Passenger Car,35,2016.0,Ford,ESCAPE,5,Saturday,11
MCP2662000H,15009704,MONTGOMERY,Injury Crash,2015-03-01 02:49:00,County,SNOUFFERS SCHOOL RD,CENTERWAY RD,SINGLE VEHICLE,CLEAR,DRY,DARK LIGHTS ON,NO CONTROLS,ALCOHOL CONTRIBUTED,Yes,Possible Injury,UNKNOWN,MD,Passenger Car,40,2004.0,Niss,4S,2,Sunday,3
MCP27030032,230054719,Montgomery County Police,Property Damage Crash,2023-09-13 21:00:00,US (State),COLESVILLE RD,FENTON ST,SAME DIRECTION LEFT TURN,CLEAR,DRY,DARK LIGHTS ON,NO CONTROLS,Unknown,No,No Apparent Injury,NOT DISTRACTED,MD,Passenger Car,30,2020.0,Toyota,RAV4,21,Wednesday,9
MCP2689002L,16064499,Montgomery County Police,Property Damage Crash,2016-12-16 09:32:00,County,TWINBROOK PKWY,HALPINE RD,SAME DIR REAR END,CLOUDY,DRY,DAYLIGHT,NO CONTROLS,NONE DETECTED,Yes,No Apparent Injury,UNKNOWN,MD,Passenger Car,35,2004.0,Bmw,325I,9,Friday,12
MCP1512001D,180004088,Montgomery County Police,Property Damage Crash,2018-01-24 16:20:00,County,GAME PRESERVE RD,CLOPPER RD,SAME DIR REAR END,CLOUDY,DRY,DAYLIGHT,STOP SIGN,NONE DETECTED,No,No Apparent Injury,NOT DISTRACTED,MD,Pickup Truck,25,2013.0,Toyo,TACOMA,16,Wednesday,1
MCP3291000W,220009616,Montgomery County Police,Injury Crash,2022-03-06 01:50:00,County,SILVER SPRING AVE,GEORGIA AVE,HEAD ON LEFT TURN,CLEAR,DRY,DARK LIGHTS ON,TRAFFIC SIGNAL,NONE DETECTED,No,No Apparent Injury,NOT DISTRACTED,MD,Passenger Car,30,2015.0,Chrysler,300,1,Sunday,3
MCP2099000C,250025510,MONTGOMERY,Injury Crash,2025-06-08 12:16:00,Private Route,Unknown,Unknown,Rear To Side,Rain,Wet,Daylight,No Controls,"Not Suspect of Alcohol Use, Not Suspect of Drug Use",Yes,No Apparent Injury,Not Distracted,VA,Passenger Car,25,2016.0,Bmw,M5,12,Sunday,6
MCP20590035,16057371,Montgomery County Police,Property Damage Crash,2016-11-07 09:02:00,County,MANOR RD,JONES BRIDGE RD,SAME DIRECTION SIDESWIPE,CLEAR,DRY,DAYLIGHT,NO CONTROLS,NONE DETECTED,Yes,No Apparent Injury,UNKNOWN,MD,(Sport) Utility Vehicle,30,2016.0,Ford,EXPLORER,9,Monday,11
MCP29330010,16024023,Montgomery County Police,Property Damage Crash,2016-05-14 17:25:00,Interstate (State),CAPITAL BELTWAY,RIVER RD,SAME DIR REAR END,CLEAR,DRY,DAYLIGHT,NO CONTROLS,NONE DETECTED,No,No Apparent Injury,NOT DISTRACTED,VA,Passenger Car,55,2007.0,Bmw,530I,17,Saturday,5
MCP2962006W,220056348,Montgomery County Police,Property Damage Crash,2022-12-20 08:09:00,Maryland (State),CLOPPER RD,GERMANTOWN RD,SAME DIR REAR END,CLEAR,DRY,DAYLIGHT,NO CONTROLS,NONE DETECTED,Yes,No Apparent Injury,INATTENTIVE OR LOST IN THOUGHT,MD,Passenger Car,35,2008.0,Toyota,PRIUS,8,Tuesday,12
MCP3139001M,190041385,Montgomery County Police,Property Damage Crash,2019-08-29 15:50:00,Maryland (State),UNIVERSITY BLVD E,DEARBORN AVE,SAME DIR REAR END,Unknown,Unknown,Unknown,NO CONTROLS,Unknown,No,No Apparent Injury,NOT DISTRACTED,MD,Pickup Truck,35,2015.0,Chev,VN,15,Thursday,8
MCP9404002Q,200012866,Montgomery County Police,Property Damage Crash,2020-03-16 12:47:00,Maryland (State),FREDERICK RD,SPUR FR SHADY GROVE RD,SAME DIR REAR END,CLEAR,DRY,DAYLIGHT,TRAFFIC SIGNAL,NONE DETECTED,No,No Apparent Injury,NOT DISTRACTED,MD,Pickup Truck,40,2015.0,Toyt,TK,12,Monday,3
MCP30550030,210029963,Montgomery County Police,Property Damage Crash,2021-08-02 14:32:00,County,CONNECTICUT AVE,GRAND PRE RD,SAME DIR REAR END,CLEAR,DRY,DAYLIGHT,NO CONTROLS,Unknown,Yes,No Apparent Injury,UNKNOWN,MD,Passenger Car,35,2020.0,Toyota,TACOMA,14,Monday,8
MCP2789002D,16016624,Montgomery County Police,Injury Crash,2016-04-05 17:05:00,Maryland (State),GEORGIA AVE,FOREST GLEN RD,SAME DIR REAR END,CLEAR,Unknown,DAYLIGHT,NO CONTROLS,Unknown,No,No Apparent Injury,NOT DISTRACTED,MD,Passenger Car,35,2010.0,Toyota,CAMRY,17,Tuesday,4
MCP23530079,19003063,Montgomery County Police,Property Damage Crash,2019-06-27 10:21:00,County,DEMOCRACY BLVD,FERNWOOD RD,SAME DIR REAR END,CLOUDY,DRY,DAYLIGHT,TRAFFIC SIGNAL,NONE DETECTED,No,No Apparent Injury,NOT DISTRACTED,MD,Transit Bus,35,2013.0,Gillig,BUS,10,Thursday,6
EJ79020021,250029836,GAITHERSBURG,Property Damage Crash,2025-07-04 21:15:00,Unknown,Unknown,Unknown,Angle,Clear,Unknown,Dark - Lighted,Unknown,"Suspect of Alcohol Use, Unknown",Yes,No Apparent Injury,Unknown,MD,Sport Utility Vehicle,0,2015.0,Chevrolet,EQUINOX,21,Friday,7
MCP27670075,190048896,Montgomery County Police,Property Damage Crash,2019-10-11 16:11:00,Maryland (State),UNIVERSITY BLVD W,INWOOD AVE,SAME DIRECTION SIDESWIPE,CLEAR,DRY,DAYLIGHT,NO CONTROLS,NONE DETECTED,No,No Apparent Injury,NOT DISTRACTED,XX,Passenger Car,35,2010.0,Honda,CIVIC,16,Friday,10
DD56100021,16053609,Rockville Police Departme,Injury Crash,2016-10-18 16:32:00,County,TWINBROOK PKWY,PIER DR,SINGLE VEHICLE,CLEAR,DRY,DAYLIGHT,OTHER,Unknown,Yes,No Apparent Injury,UNKNOWN,MD,Passenger Car,35,2001.0,Bmw,4S,16,Tuesday,10
MCP31430024,200010522,Montgomery County Police,Injury Crash,2020-03-03 08:20:00,County,GROSVENOR LA,ROCKVILLE PIKE,SAME DIR REAR END,CLEAR,DRY,DAYLIGHT,STOP SIGN,NONE DETECTED,Yes,No Apparent Injury,LOOKED BUT DID NOT SEE,VA,Passenger Car,35,2004.0,Toyota,4RUNNER,8,Tuesday,3
MCP3378000T,230072878,Montgomery County Police,Property Damage Crash,2023-12-21 07:45:00,County,VALLEYWOOD DR,GOODHILL RD,SAME DIR REAR END,CLEAR,DRY,DAYLIGHT,NO CONTROLS,NONE DETECTED,Yes,No Apparent Injury,LOOKED BUT DID NOT SEE,MD,School Bus,25,2012.0,Thomas,BUS,7,Thursday,12
MCP2728005W,180049662,Montgomery County Police,Property Damage Crash,2018-10-04 17:06:00,County,SLIGO AVE,FENTON ST,HEAD ON,CLEAR,DRY,DAYLIGHT,TRAFFIC SIGNAL,NONE DETECTED,No,No Apparent Injury,NOT DISTRACTED,MD,Transit Bus,25,2005.0,Vanh,BUS,17,Thursday,10
EJ7829005Q,190008577,Gaithersburg Police Depar,Property Damage Crash,2019-02-22 18:30:00,Maryland (State),FREDERICK RD,LAKE FOREST BLVD,OTHER,CLEAR,DRY,DARK LIGHTS ON,NO CONTROLS,ALCOHOL PRESENT,Yes,No Apparent Injury,NOT DISTRACTED,MD,Pickup Truck,35,2003.0,Nissian,FRONTIER,18,Friday,2
MCP9442000L,16053542,Montgomery County Police,Injury Crash,2016-10-18 11:35:00,Maryland (State),MONTGOMERY VILLAGE AVE,LOST KNIFE RD,SAME DIR REAR END,CLEAR,DRY,DAYLIGHT,TRAFFIC SIGNAL,NONE DETECTED,No,No Apparent Injury,NOT DISTRACTED,MD,Passenger Car,35,2004.0,Mercury,MOUNTAINEER,11,Tuesday,10
MCP23960025,170512903,Montgomery County Police,Property Damage Crash,2017-06-10 13:52:00,Maryland (State),NORBECK RD,GEORGIA AVE,SAME DIR REAR END,CLEAR,DRY,DAYLIGHT,Unknown,NONE DETECTED,No,No Apparent Injury,NOT DISTRACTED,MD,Passenger Car,35,2001.0,Cadillac,EL DORADO,13,Saturday,6
MCP2717008S,16061947,Montgomery County Police,Property Damage Crash,2016-12-02 17:50:00,County,WESTLAKE TERR,RAMP 3 FR WESTLAKE TERR TO IS 270Y NB,HEAD ON LEFT TURN,CLEAR,DRY,DARK LIGHTS ON,TRAFFIC SIGNAL,NONE DETECTED,No,No Apparent Injury,NOT DISTRACTED,MD,(Sport) Utility Vehicle,35,2008.0,Hyundai,SANTA FE,17,Friday,12
MCP2411001Z,180007823,Montgomery County Police,Injury Crash,2018-02-14 19:20:00,Municipality,E GUDE DR,REDGATE FARMS CT,SAME DIR REAR END,CLEAR,DRY,DARK NO LIGHTS,NO CONTROLS,NONE DETECTED,No,No Apparent Injury,NOT DISTRACTED,MD,Passenger Car,40,2001.0,Honda,ODYSSEY,19,Wednesday,2
MCP1233006D,250011108,MONTGOMERY,Property Damage Crash,2025-03-13 18:04:00,Interstate (State),CAPITAL BELTWAY,Unknown,Front to Rear,Clear,Dry,Daylight,"Other Pavement Marking (excluding edgelines, centerlines, or lane lines)","Not Suspect of Alcohol Use, Not Suspect of Drug Use",No,No Apparent Injury,Not Distracted,MD,Bus - School,55,2016.0,Freightliner,B2 BUS CHASSIS,18,Thursday,3
MCP31070012,180038992,Montgomery County Police,Property Damage Crash,2018-08-06 12:00:00,Unknown,Unknown,Unknown,HEAD ON,Unknown,Unknown,DAYLIGHT,Unknown,UNKNOWN,Yes,No Apparent Injury,UNKNOWN,Unknown,Passenger Car,15,2015.0,Ford,TAURUS,12,Monday,8
MCP2594006K,210002992,Montgomery County Police,Injury Crash,2021-01-24 14:04:00,Maryland (State),NEW HAMPSHIRE AVE,ENT TO BUSINESS,STRAIGHT MOVEMENT ANGLE,CLEAR,DRY,DAYLIGHT,NO CONTROLS,NONE DETECTED,Yes,Suspected Minor Injury,LOOKED BUT DID NOT SEE,MD,Passenger Car,10,2020.0,Hyundai,ELANTRA,14,Sunday,1
MCP1310000G,240022332,MONTGOMERY,Property Damage Crash,2024-05-12 00:24:00,Spur,Unknown,ROCKVILLE PIKE,Front to Rear,Rain,"Water (standing, moving)",Dark - Lighted,No Controls,"Suspect of Alcohol Use, Not Suspect of Drug Use",Yes,No Apparent Injury,Not Distracted,MD,Passenger Car,35,2002.0,Honda,CIVIC,0,Sunday,5
MCP28480062,180002311,Montgomery County Police,Injury Crash,2018-01-15 13:50:00,Maryland (State),ROCKVILLE PIKE,POOKS HILL RD,SAME DIR REAR END,CLEAR,DRY,DAYLIGHT,TRAFFIC SIGNAL,NONE DETECTED,No,No Apparent Injury,NOT DISTRACTED,MD,Passenger Car,35,2016.0,Mazda,CX5,13,Monday,1
MCP3380002G,250009282,MONTGOMERY,Property Damage Crash,2025-03-03 09:25:00,Maryland (State) Route,UNIVERSITY BLVD W (WB/L),Unknown,"Sideswipe, Same Direction",Clear,Dry,Daylight,No Controls,"Unknown, Unknown",No,Unknown,Unknown,Unknown,Passenger Car,35,2013.0,Infiniti,JX35,9,Monday,3
MCP3162003W,220022355,Montgomery County Police,Injury Crash,2022-05-25 14:50:00,Interstate (State),CAPITAL BELTWAY,EXIT #31,SAME DIR REAR END,CLEAR,DRY,DAYLIGHT,Unknown,Unknown,Yes,No Apparent Injury,NOT DISTRACTED,Unknown,Passenger Car,45,2003.0,Bmw,745LI,14,Wednesday,5
MCP1453008N,200034126,Montgomery County Police,Property Damage Crash,2020-09-01 05:50:00,County,BRINK RD,BLUNT RD,SAME DIR REAR END,CLOUDY,WET,DARK LIGHTS ON,NO CONTROLS,NONE DETECTED,No,No Apparent Injury,NOT DISTRACTED,MD,Passenger Car,40,2015.0,Nissan,ALTIMA,5,Tuesday,9
EJ7833001Q,16001180,Gaithersburg Police Depar,Property Damage Crash,2016-01-07 14:43:00,Unknown,Unknown,Unknown,STRAIGHT MOVEMENT ANGLE,CLOUDY,Unknown,DAYLIGHT,NO CONTROLS,NONE DETECTED,Yes,No Apparent Injury,NOT DISTRACTED,MD,Passenger Car,15,2012.0,Honda,CIVIC,14,Thursday,1
MCP1438003F,16055059,Montgomery County Police,Injury Crash,2016-10-26 09:16:00,County,SHADY GROVE RD,ENT TO MONT CO TRANSFER STATION,SAME DIR REAR END,CLEAR,DRY,DAYLIGHT,TRAFFIC SIGNAL,NONE DETECTED,Yes,No Apparent Injury,INATTENTIVE OR LOST IN THOUGHT,MD,Pickup Truck,45,2011.0,Chev,TK,9,Wednesday,10
MCP2620002F,220057563,Montgomery County Police,Property Damage Crash,2022-12-28 15:56:00,County,RANDOLPH RD,GOODHILL RD,SAME DIR REAR END,CLEAR,DRY,DAYLIGHT,Unknown,NONE DETECTED,No,No Apparent Injury,NOT DISTRACTED,MD,Passenger Car,35,2000.0,Nissan,MAXIMA,15,Wednesday,12
MCP2420001B,16004798,Montgomery County Police,Property Damage Crash,2016-01-29 19:05:00,Maryland (State),GEORGIA AVE,MORNINGWOOD DR,OTHER,CLOUDY,SNOW,DARK LIGHTS ON,Unknown,NONE DETECTED,No,No Apparent Injury,NOT DISTRACTED,MD,(Sport) Utility Vehicle,30,2014.0,Mazd,TK,19,Friday,1
MCP913000D9,220046016,Montgomery County Police,Property Damage Crash,2022-10-20 09:46:00,Maryland (State),UNIVERSITY BLVD E,MERRIMAC DR,STRAIGHT MOVEMENT ANGLE,CLEAR,DRY,DAYLIGHT,NO CONTROLS,NONE DETECTED,No,No Apparent Injury,NOT DISTRACTED,MD,Van,35,2015.0,Toyota,SIENNA,9,Thursday,10
DD56360042,210008047,Rockville Police Departme,Property Damage Crash,2021-03-03 15:04:00,Maryland (State),E JEFFERSON ST,MONROE ST,SAME DIRECTION SIDESWIPE,CLEAR,DRY,DAYLIGHT,NO CONTROLS,NONE DETECTED,Yes,No Apparent Injury,LOOKED BUT DID NOT SEE,MD,Transit Bus,30,2008.0,Gillig,BUS,15,Wednesday,3
MCP003600DR,200045714,Montgomery County Police,Property Damage Crash,2020-11-19 13:40:00,Maryland (State),OLD HUNDRED RD,FREDERICK RD,SAME DIR REAR END,CLEAR,DRY,DAYLIGHT,NO CONTROLS,NONE DETECTED,Yes,No Apparent Injury,NOT DISTRACTED,MD,Pickup Truck,30,2006.0,Chevy,SILVERADO,13,Thursday,11
MCP3380000C,240005220,MONTGOMERY,Injury Crash,2024-02-01 17:01:00,County Route,Unknown,GEORGIA AVE,"Sideswipe, Same Direction",Clear,Dry,Dusk,Traffic Control Signal,"Not Suspect of Alcohol Use, Not Suspect of Drug Use",No,No Apparent Injury,Not Distracted,MD,Passenger Car,25,2005.0,Hyundai,ELANTRA,17,Thursday,2
MCP2914009N,190057643,Montgomery County Police,Injury Crash,2019-11-30 04:23:00,Maryland (State),PINEY BRANCH RD,POTOMAC AVE,SAME DIR REAR END,CLEAR,Unknown,DARK NO LIGHTS,NO CONTROLS,Unknown,Yes,No Apparent Injury,DIALING CELLULAR PHONE,MD,Passenger Car,35,2013.0,Honda,ACCORD,4,Saturday,11
MCP34260030,250054776,MONTGOMERY,Property Damage Crash,2025-12-07 18:09:00,Maryland (State) Route,OLD GEORGETOWN RD,Unknown,Front to Rear,Clear,Dry,Dark - Lighted,Traffic Control Signal,"Not Suspect of Alcohol Use, Not Suspect of Drug Use",Yes,No Apparent Injury,Not Distracted,MD,Passenger Car,35,2005.0,Acura,TL,18,Sunday,12
MCP3255000R,200039298,Montgomery County Police,Property Damage Crash,2020-10-06 10:00:00,Municipality,RUSSELL AVE,LAKE FOREST BLVD,STRAIGHT MOVEMENT ANGLE,CLEAR,DRY,DAYLIGHT,TRAFFIC SIGNAL,NONE DETECTED,Yes,No Apparent Injury,LOOKED BUT DID NOT SEE,MD,(Sport) Utility Vehicle,35,2019.0,Volkswagen,JETTA,10,Tuesday,10
MCP3044003X,190044563,Montgomery County Police,Property Damage Crash,2019-09-17 15:45:00,US (State),COLUMBIA PIKE,GREENCASTLE RD,SAME DIR REAR END,CLEAR,DRY,DAYLIGHT,TRAFFIC SIGNAL,Unknown,No,No Apparent Injury,NOT DISTRACTED,MD,(Sport) Utility Vehicle,55,2017.0,Hond,TK,15,Tuesday,9
MCP3358003C,250035908,MONTGOMERY,Property Damage Crash,2025-08-12 11:40:00,Unknown,Unknown,Unknown,Front to Rear,Clear,Unknown,Daylight,Unknown,"Unknown, Unknown",No,Unknown,Unknown,Unknown,Passenger Car,0,2000.0,Honda,ACCORD,11,Tuesday,8
MCP2776003B,200025781,Montgomery County Police,Property Damage Crash,2020-07-02 23:57:00,Maryland (State),NORBECK RD,BARN RIDGE DR,SINGLE VEHICLE,CLEAR,DRY,DARK NO LIGHTS,NO CONTROLS,NONE DETECTED,Yes,No Apparent Injury,NOT DISTRACTED,MD,Passenger Car,40,2008.0,Toyota,SOLARA,23,Thursday,7
MCP295400CB,220040172,Montgomery County Police,Injury Crash,2022-09-15 16:37:00,US (State),COLESVILLE RD,UNIVERSITY BLVD E,HEAD ON,CLEAR,DRY,DAYLIGHT,NO CONTROLS,NONE DETECTED,Yes,No Apparent Injury,LOOKED BUT DID NOT SEE,MD,Passenger Car,40,2006.0,Suzki,XL7,16,Thursday,9
MCP2752005Q,230050975,Montgomery County Police,Property Damage Crash,2023-08-23 18:00:00,Municipality,RIO BLVD,WASHINGTONIAN BLVD,STRAIGHT MOVEMENT ANGLE,Unknown,DRY,DAYLIGHT,STOP SIGN,UNKNOWN,Yes,No Apparent Injury,UNKNOWN,Unknown,Pickup Truck,5,2017.0,Ford,F150,18,Wednesday,8
EJ7839000T,15054831,GAITHERSBURG,Injury Crash,2015-10-28 16:59:00,County,MUDDY BRANCH RD,DIAMONDBACK DR,STRAIGHT MOVEMENT ANGLE,RAINING,WET,DAYLIGHT,TRAFFIC SIGNAL,NONE DETECTED,Yes,No Apparent Injury,LOOKED BUT DID NOT SEE,MD,Passenger Car,40,2008.0,Nissan,SENTRA,16,Wednesday,10
MCP320000CF,240029430,MONTGOMERY,Injury Crash,2024-06-21 10:00:00,County Route,E JEFFERSON ST,MONTROSE PKWY (WB/L),Single Vehicle,Clear,Dry,Daylight,"Person (including flagger, law enforcement, crossing guard, etc.","Not Suspect of Alcohol Use, Not Suspect of Drug Use",Yes,No Apparent Injury,Unknown,MD,Sport Utility Vehicle,30,2010.0,Toyota,FJ CRUISER,10,Friday,6