Report Number,Local Case Number,Agency Name,ACRS Report Type,Crash Date/Time,Route Type,Road Name,Cross-Street Name,Collision Type,Weather,Surface Condition,Light,Traffic Control,Driver Substance Abuse,Driver At Fault,Injury Severity,Driver Distracted By,Drivers License State,Vehicle Body Type,Speed Limit,Vehicle Year,Vehicle Make,Vehicle Model,Crash Hour,Crash Day,Crash Month
MCP2845001V,16027167,Montgomery County Police,Property Damage Crash,2016-05-31 16:33:00,County,DALE DR,PERSHING DR,STRAIGHT MOVEMENT ANGLE,CLEAR,DRY,DAYLIGHT,NO CONTROLS,NONE DETECTED,No,No Apparent Injury,NOT DISTRACTED,MD,Passenger Car,30,2011.0,Niss,TK,16,Tuesday,5
MCP27490017,16028046,Montgomery County Police,Property Damage Crash,2016-06-04 19:53:00,County,GRANDVIEW AVE,HENDERSON AVE,SAME DIR REAR END,CLEAR,DRY,DAYLIGHT,NO CONTROLS,ALCOHOL PRESENT,Yes,No Apparent Injury,INATTENTIVE OR LOST IN THOUGHT,MD,Passenger Car,25,1993.0,Toyt,4S,19,Saturday,6
MCP2637001Y,170534672,Montgomery County Police,Injury Crash,2017-10-04 09:03:00,County,CAVANAUGH DR,SHADY GROVE RD,OTHER,CLEAR,DRY,DAYLIGHT,STOP SIGN,NONE DETECTED,No,No Apparent Injury,LOOKED BUT DID NOT SEE,MD,Passenger Car,35,2010.0,Hond,CIVIC,9,Wednesday,10
MCP30450016,180010616,Montgomery County Police,Property Damage Crash,2018-03-01 13:54:00,County,ROCKLEDGE DR,ROCKLEDGE BLVD,SAME DIRECTION SIDESWIPE,CLEAR,WET,DAYLIGHT,NO CONTROLS,NONE DETECTED,Yes,No Apparent Injury,LOOKED BUT DID NOT SEE,VA,Passenger Car,30,2011.0,Honda,CR-V,13,Thursday,3
MCP3099000Z,180042692,Montgomery County Police,Property Damage Crash,2018-08-27 17:04:00,County,AIRCRAFT DR,GERMANTOWN RD,SAME DIRECTION SIDESWIPE,CLEAR,DRY,DAYLIGHT,TRAFFIC SIGNAL,NONE DETECTED,No,No Apparent Injury,NOT DISTRACTED,MD,Transit Bus,40,2005.0,Orio,BU,17,Monday,8
MCP2679003Y,240038897,MONTGOMERY,Injury Crash,2024-08-17 17:00:00,County Route,BEL PRE RD (EB/L),BONIFANT RD,Rear To Side,Cloudy,Dry,Daylight,Traffic Control Signal,"Not Suspect of Alcohol Use, Not Suspect of Drug Use",No,Possible Injury,Not Distracted,MD,Sport Utility Vehicle,30,2018.0,Toyota,RAV4,17,Saturday,8
MCP3037002N,190019267,Montgomery County Police,Injury Crash,2019-04-24 20:20:00,County,NEELSVILLE CHURCH RD,FREDERICK RD,STRAIGHT MOVEMENT ANGLE,CLEAR,DRY,DARK LIGHTS ON,STOP SIGN,NONE DETECTED,No,No Apparent Injury,NOT DISTRACTED,MD,(Sport) Utility Vehicle,40,2012.0,Nissan,MURANO,20,Wednesday,4
MCP2756004L,220049737,Montgomery County Police,Property Damage Crash,2022-11-10 15:30:00,Government,BEACH DR,NO NAME,SAME DIR REAR END,CLEAR,DRY,DAYLIGHT,STOP SIGN,NONE DETECTED,No,No Apparent Injury,NOT DISTRACTED,MD,Passenger Car,25,2019.0,Kia,FORTE,15,Thursday,11
MCP9386004B,17003901,Montgomery County Police,Property Damage Crash,2017-01-23 08:07:00,Maryland (State),RIVER RD,BEECH TREE RD,SAME DIR REAR END,RAINING,WET,DAYLIGHT,TRAFFIC SIGNAL,NONE DETECTED,Yes,No Apparent Injury,UNKNOWN,VA,(Sport) Utility Vehicle,45,2012.0,Buick,ENCLAVE,8,Monday,1
EJ78730010,190025814,Gaithersburg Police Depar,Injury Crash,2019-05-30 16:12:00,Municipality,BROOKS AVE,RUSSELL AVE,SAME DIR REAR END,CLOUDY,WET,DAYLIGHT,STOP SIGN,NONE DETECTED,No,Possible Injury,NOT DISTRACTED,MD,Station Wagon,35,2015.0,Nisson,SW,16,Thursday,5
MCP2940003N,190017395,Montgomery County Police,Injury Crash,2019-04-14 04:45:00,Interstate (State),EISENHOWER MEMORIAL HWY,MONTROSE RD,SAME DIR REAR END,CLEAR,DRY,DARK LIGHTS ON,NO CONTROLS,NONE DETECTED,No,No Apparent Injury,NOT DISTRACTED,MD,(Sport) Utility Vehicle,55,2013.0,Toyota,HIGHLANDER,4,Sunday,4
MCP2789001P,15055626,MONTGOMERY,Property Damage Crash,2015-11-01 16:30:00,County,WAYNE AVE,CEDAR ST,SAME DIR REAR END,Unknown,Unknown,DARK LIGHTS ON,TRAFFIC SIGNAL,Unknown,No,No Apparent Injury,NOT DISTRACTED,MD,Passenger Car,35,2015.0,Hyundai,4D,16,Sunday,11
MCP2777002C,16004616,Montgomery County Police,Injury Crash,2016-01-28 19:24:00,Maryland (State),METROPOLITAN AVE,WHEATLEY ST,STRAIGHT MOVEMENT ANGLE,CLEAR,WET,DARK LIGHTS ON,STOP SIGN,NONE DETECTED,Yes,No Apparent Injury,NOT DISTRACTED,MD,Passenger Car,25,2012.0,Nissan,ALTIMA,19,Thursday,1
MCP3407001F,250037852,MONTGOMERY,Property Damage Crash,2025-08-24 14:58:00,County Route,MIDDLEBROOK RD,Unknown,Angle,Clear,Dry,Daylight,No Controls,"Not Suspect of Alcohol Use, Not Suspect of Drug Use",No,No Apparent Injury,Not Distracted,MD,Passenger Car,40,2009.0,Nissan,ALTIMA,14,Sunday,8
MCP2214000F,15049975,MONTGOMERY,Injury Crash,2015-10-02 14:42:00,Unknown,Unknown,Unknown,OTHER,RAINING,Unknown,DAYLIGHT,Unknown,NONE DETECTED,No,Suspected Minor Injury,NOT DISTRACTED,MD,Passenger Car,0,2012.0,Toyota,CAMRY,14,Friday,10
MCP2893003J,180005926,Montgomery County Police,Property Damage Crash,2018-02-03 15:00:00,Unknown,Unknown,Unknown,OTHER,CLEAR,Unknown,DAYLIGHT,NO CONTROLS,NONE DETECTED,Yes,No Apparent Injury,LOOKED BUT DID NOT SEE,MD,Passenger Car,15,2004.0,Nissan,SENTRA,15,Saturday,2
MCP1519000Y,16043649,Montgomery County Police,Property Damage Crash,2016-08-27 12:59:00,Interstate (State),EISENHOWER MEMORIAL HWY,CLARKSBURG RD,SAME DIR REAR END,CLEAR,DRY,DAYLIGHT,NO CONTROLS,NONE DETECTED,No,No Apparent Injury,NOT DISTRACTED,VA,Passenger Car,55,2013.0,Ford,ESCAPE,12,Saturday,8
MCP30310055,230071789,Montgomery County Police,Property Damage Crash,2023-12-14 19:10:00,Maryland (State),NEW HAMPSHIRE AVE,CLOVERLY ST,STRAIGHT MOVEMENT ANGLE,CLEAR,DRY,DARK LIGHTS ON,NO CONTROLS,NONE DETECTED,No,No Apparent Injury,NOT DISTRACTED,MD,Passenger Car,25,2002.0,Ford,PK,19,Thursday,12
MCP2809001N,15010587,Montgomery County Police,Injury Crash,2015-03-07 13:51:00,Maryland (State),GEORGIA AVE,UNIVERSITY BLVD W,SAME DIR REAR END,Unknown,DRY,DAYLIGHT,TRAFFIC SIGNAL,Unknown,No,No Apparent Injury,NOT DISTRACTED,MD,Passenger Car,35,2008.0,Honda,ACCORD,13,Saturday,3
MCP01130014,17001285,Montgomery County Police,Injury Crash,2017-01-08 12:01:00,Government,BEACH DR,CROSSOVER TO GV 48 - NO NAME,SAME DIR REAR END,CLEAR,ICE,DAYLIGHT,NO CONTROLS,NONE DETECTED,Yes,No Apparent Injury,NOT DISTRACTED,MD,Passenger Car,25,2004.0,Toyota,SIENNA,12,Sunday,1
MCP291400FS,240041835,MONTGOMERY,Injury Crash,2024-09-04 02:55:00,County Route,FENTON ST,Unknown,Front to Rear,Clear,Dry,Dark - Lighted,No Controls,"Suspect of Alcohol Use, Not Suspect of Drug Use",Yes,No Apparent Injury,Not Distracted,MD,Passenger Car,30,2021.0,Honda,CR-V,2,Wednesday,9
MCP3059004F,190061666,Montgomery County Police,Injury Crash,2019-12-22 16:53:00,County,ARCOLA AVE,NAIRN RD,SAME DIR REAR END,CLEAR,DRY,OTHER,NO CONTROLS,NONE DETECTED,No,Possible Injury,NOT DISTRACTED,MD,(Sport) Utility Vehicle,30,2016.0,Acura,MDX,16,Sunday,12
MCP32640032,220030694,Montgomery County Police,Injury Crash,2022-07-17 14:33:00,Unknown,Unknown,Unknown,SAME DIRECTION SIDESWIPE,CLOUDY,Unknown,DAYLIGHT,NO CONTROLS,NONE DETECTED,No,Possible Injury,NOT DISTRACTED,MD,Passenger Car,5,2020.0,Gilg,BU,14,Sunday,7
EJ78700059,220009655,Gaithersburg Police Depar,Property Damage Crash,2022-03-06 11:30:00,Unknown,Unknown,Unknown,OPPOSITE DIRECTION SIDESWIPE,CLOUDY,Unknown,DAYLIGHT,NO CONTROLS,NONE DETECTED,No,No Apparent Injury,NOT DISTRACTED,MD,Pickup Truck,15,2003.0,Ford,F150,11,Sunday,3
MCP27800039,170536411,Montgomery County Police,Injury Crash,2017-10-13 09:34:00,County,CENTURY BLVD,ENT TO BUSINESS,SAME DIRECTION LEFT TURN,CLEAR,DRY,DAYLIGHT,NO CONTROLS,NONE DETECTED,No,Possible Injury,NOT DISTRACTED,MD,Van,35,2007.0,Hond,VN,9,Friday,10
MCP29710019,16024527,Montgomery County Police,Property Damage Crash,2016-05-17 16:47:00,US (State),COLUMBIA PIKE,STEWART LA,SAME DIR REAR END,RAINING,WET,DAYLIGHT,NO CONTROLS,NONE DETECTED,No,No Apparent Injury,NOT DISTRACTED,MD,Passenger Car,50,2007.0,Toyota,SOLARA,16,Tuesday,5
MCP3288001R,210043790,Montgomery County Police,Property Damage Crash,2021-10-30 04:00:00,County,CENTERWAY RD,GOSHEN RD,SAME DIR REAR END,RAINING,WET,DARK LIGHTS ON,NO CONTROLS,UNKNOWN,Yes,No Apparent Injury,NOT DISTRACTED,MD,Passenger Car,35,2018.0,Honda,SD,4,Saturday,10
MCP2195003W,200000627,Montgomery County Police,Property Damage Crash,2020-01-04 15:06:00,County,DIMES RD,AVERY RD,SINGLE VEHICLE,CLEAR,WET,DAYLIGHT,NO CONTROLS,COMBINATION CONTRIBUTED,Yes,No Apparent Injury,NOT DISTRACTED,MD,(Sport) Utility Vehicle,30,2000.0,Nissan,PATHFINDER,15,Saturday,1
MCP2039000X,15009472,Montgomery County Police,Injury Crash,2015-02-27 14:24:00,Maryland (State),VEIRS MILL RD,ASPEN HILL RD,SAME DIR REAR END,CLEAR,DRY,DAYLIGHT,TRAFFIC SIGNAL,Unknown,No,No Apparent Injury,NOT DISTRACTED,WV,Van,45,2004.0,Chevrolet,EXPRESS,14,Friday,2
MCP24400012,220048359,Montgomery County Police,Injury Crash,2022-11-03 07:43:00,County,MONTGOMERY VILLAGE AVE,WALKERS CHOICE RD,HEAD ON LEFT TURN,CLEAR,DRY,DAYLIGHT,NO CONTROLS,NONE DETECTED,No,Suspected Minor Injury,NOT DISTRACTED,MD,Pickup Truck,35,2006.0,Toyota,TUNDRA,7,Thursday,11
MCP2904007D,190050753,Montgomery County Police,Property Damage Crash,2019-10-22 16:15:00,US (State),COLUMBIA PIKE,PRELUDE DR,SAME DIRECTION SIDESWIPE,RAINING,WET,DAYLIGHT,NO CONTROLS,NONE DETECTED,Yes,No Apparent Injury,LOOKED BUT DID NOT SEE,MD,Passenger Car,40,2019.0,Ford,EXPLORER,16,Tuesday,10
MCP93110046,240014246,MONTGOMERY,Property Damage Crash,2024-03-26 09:26:00,Maryland (State) Route,Unknown,Unknown,Angle,Clear,Dry,Daylight,Traffic Control Signal,"Not Suspect of Alcohol Use, Not Suspect of Drug Use",No,No Apparent Injury,Not Distracted,MD,Pickup,35,2021.0,Ford,F-350,9,Tuesday,3
MCP3191003Z,230019577,Montgomery County Police,Injury Crash,2023-04-24 15:25:00,County,SHADY GROVE RD,RESEARCH BLVD,OTHER,CLEAR,DRY,DAYLIGHT,TRAFFIC SIGNAL,NONE DETECTED,Unknown,No Apparent Injury,UNKNOWN,MD,Passenger Car,40,2014.0,Toyota,CAMRY,15,Monday,4
DD56630018,240041093,ROCKVILLE,Injury Crash,2024-08-30 13:42:00,Unknown,Unknown,Unknown,Single Vehicle,Cloudy,Unknown,Daylight,Unknown,"Not Suspect of Alcohol Use, Not Suspect of Drug Use",No,Suspected Minor Injury,Not Distracted,MD,Van - Passenger (&Lt;9 Seats),0,2009.0,Dodge,CARAVAN,13,Friday,8
MCP2859008B,200003208,Montgomery County Police,Property Damage Crash,2020-01-20 10:30:00,Maryland (State),MONTGOMERY VILLAGE AVE,FREDERICK RD,SAME DIR REAR END,CLEAR,DRY,DAYLIGHT,YIELD SIGN,NONE DETECTED,Yes,No Apparent Injury,UNKNOWN,PA,Passenger Car,35,2010.0,Suba,4D,10,Monday,1
MCP2077001T,170524759,Montgomery County Police,Injury Crash,2017-08-14 12:00:00,County,ASPEN HILL RD,CONNECTICUT AVE,STRAIGHT MOVEMENT ANGLE,CLOUDY,DRY,DAYLIGHT,Unknown,NONE DETECTED,Yes,Possible Injury,LOOKED BUT DID NOT SEE,MD,Passenger Car,35,2005.0,Honda,CRV,12,Monday,8
MCP272600DL,250032973,MONTGOMERY,Injury Crash,2025-07-24 10:24:00,County Route,E GUDE DR,CECIL ST,Rear To Side,Clear,Dry,Daylight,Traffic Control Signal,"Not Suspect of Alcohol Use, Not Suspect of Drug Use",Yes,No Apparent Injury,Not Distracted,MD,Passenger Car,40,2022.0,Ford,ESCAPE,10,Thursday,7
MCP3350003K,240035461,MONTGOMERY,Property Damage Crash,2024-07-27 15:34:00,Maryland (State) Route,Unknown,Unknown,Angle,Clear,Dry,Daylight,No Controls,"Not Suspect of Alcohol Use, Not Suspect of Drug Use",Yes,No Apparent Injury,Unknown,NJ,Passenger Car,35,2017.0,Ford,FUSION,15,Saturday,7
MCP3396001C,240042393,MONTGOMERY,Injury Crash,2024-09-07 01:13:00,Maryland (State) Route,GEORGIA AVE,Unknown,Front to Rear,Clear,Dry,Dark - Lighted,No Controls,"Suspect of Alcohol Use, Not Suspect of Drug Use",No,Possible Injury,Unknown,Unknown,Passenger Car,35,2024.0,Jeep,COMPASS,1,Saturday,9
MCP2704000Q,16053458,Montgomery County Police,Property Damage Crash,2016-10-17 23:39:00,Maryland (State),GEORGIA AVE,BEL PRE RD,OTHER,CLEAR,Unknown,DARK LIGHTS ON,TRAFFIC SIGNAL,NONE DETECTED,Yes,No Apparent Injury,NOT DISTRACTED,MD,Passenger Car,45,2005.0,Hond,4S,23,Monday,10
MCP2760002Y,220000959,Montgomery County Police,Property Damage Crash,2022-01-09 00:18:00,County,PRICE AVE,FERN ST,OTHER,CLEAR,DRY,DARK LIGHTS ON,NO CONTROLS,Unknown,No,No Apparent Injury,NOT DISTRACTED,MD,Police Vehicle/Non Emergency,30,2019.0,Dodg,CHARGER,0,Sunday,1
EJ7879004J,240048627,GAITHERSBURG,Property Damage Crash,2024-10-11 16:20:00,Unknown,Unknown,Unknown,Rear To Rear,Clear,Unknown,Daylight,Unknown,"Not Suspect of Alcohol Use, Not Suspect of Drug Use",No,No Apparent Injury,Unknown,Unknown,Passenger Car,0,2007.0,Lexus,ES,16,Friday,10
MCP93210032,19003594,Montgomery County Police,Property Damage Crash,2019-07-28 12:40:00,County,VEIRS MILL RD,MONTERREY DR,SAME DIR REAR END,CLEAR,DRY,DAYLIGHT,NO CONTROLS,NONE DETECTED,Yes,No Apparent Injury,UNKNOWN,MD,Passenger Car,35,2016.0,Hyundai,ELANTRA,12,Sunday,7
MCP2286002J,190037035,Montgomery County Police,Property Damage Crash,2019-08-03 16:20:00,Municipality,KING FARM BLVD,GRAND CHAMPION DR,STRAIGHT MOVEMENT ANGLE,CLEAR,DRY,DAYLIGHT,YIELD SIGN,NONE DETECTED,No,No Apparent Injury,NOT DISTRACTED,MD,Police Vehicle/Emergency,25,2013.0,Hond,4S,16,Saturday,8
MCP3030000H,170512397,Montgomery County Police,Property Damage Crash,2017-06-07 23:02:00,County,KENILWORTH AVE,MONTROSE AVE,SAME DIR REAR END,Unknown,DRY,DARK LIGHTS ON,NO CONTROLS,NONE DETECTED,Yes,No Apparent Injury,INATTENTIVE OR LOST IN THOUGHT,MD,Passenger Car,25,2016.0,Toyt,TK,23,Wednesday,6
MCP2594005Z,200001088,Montgomery County Police,Injury Crash,2020-01-07 13:41:00,County,MIDLAND RD,NEW HAMPSHIRE AVE,STRAIGHT MOVEMENT ANGLE,WINTRY MIX,WET,DAYLIGHT,TRAFFIC SIGNAL,NONE DETECTED,No,Possible Injury,NOT DISTRACTED,MD,Passenger Car,25,2006.0,Honda,CIVIC,13,Tuesday,1
MCP2812001Y,16044740,Montgomery County Police,Property Damage Crash,2016-09-01 20:23:00,Unknown,Unknown,Unknown,OTHER,RAINING,Unknown,DARK LIGHTS ON,NO CONTROLS,Unknown,Unknown,No Apparent Injury,NOT DISTRACTED,MD,Passenger Car,15,2016.0,Nissan,4D,20,Thursday,9
MCP3220002H,220017729,Montgomery County Police,Property Damage Crash,2022-04-26 15:07:00,Unknown,HELMOND WAY,COLLINGDALE WAY,SAME DIRECTION SIDESWIPE,RAINING,WET,DAYLIGHT,NO CONTROLS,NONE DETECTED,No,No Apparent Injury,NOT DISTRACTED,MD,Low Speed Vehicle,15,2000.0,Ford,UTILIMASTER,15,Tuesday,4
MCP1174004H,200024651,Montgomery County Police,Property Damage Crash,2020-06-24 09:25:00,Maryland (State),ROCKVILLE PIKE,ALTA VISTA RD,SAME DIR REAR END,CLEAR,DRY,DAYLIGHT,TRAFFIC SIGNAL,NONE DETECTED,No,No Apparent Injury,NOT DISTRACTED,MD,Passenger Car,35,2014.0,Kia,FORTE,9,Wednesday,6
MCP2411000P,16049585,Montgomery County Police,Property Damage Crash,2016-09-26 20:07:00,Unknown,Unknown,Unknown,SINGLE VEHICLE,CLEAR,Unknown,DARK LIGHTS ON,Unknown,Unknown,Yes,No Apparent Injury,NOT DISTRACTED,MD,Pickup Truck,5,1999.0,Ford,RANGER,20,Monday,9
DD5610004T,180058779,Rockville Police Departme,Property Damage Crash,2018-11-24 09:23:00,Municipality,TOWER OAKS BLVD,TOWER OAKS DR,SAME DIR REAR END,CLOUDY,DRY,DAYLIGHT,TRAFFIC SIGNAL,Unknown,Yes,No Apparent Injury,UNKNOWN,MD,Passenger Car,25,2015.0,Ford,VAN,9,Saturday,11
DD5634001L,190016007,Rockville Police Departme,Property Damage Crash,2019-04-06 13:36:00,Maryland (State),NORBECK RD,E GUDE DR,SAME DIR REAR END,CLEAR,DRY,DAYLIGHT,TRAFFIC SIGNAL,Unknown,Yes,No Apparent Injury,BY OTHER OCCUPANTS,MD,Passenger Car,50,2012.0,Niss,4D,13,Saturday,4
MCP2859002X,16056273,Montgomery County Police,Property Damage Crash,2016-11-01 14:04:00,Maryland (State),FREDERICK RD,SHADY GROVE RD,SAME DIRECTION RIGHT TURN,CLOUDY,DRY,DAYLIGHT,TRAFFIC SIGNAL,NONE DETECTED,Yes,No Apparent Injury,UNKNOWN,MD,Transit Bus,30,2005.0,Orion,BUS,14,Tuesday,11
MCP9113002B,17014386,Montgomery County Police,Injury Crash,2017-03-21 08:57:00,Maryland (State),VEIRS MILL RD,TURKEY BRANCH PKWY,SAME DIR REAR END,CLOUDY,DRY,DAYLIGHT,NO CONTROLS,NONE DETECTED,Yes,No Apparent Injury,NOT DISTRACTED,MD,Passenger Car,40,2013.0,Chry,300,8,Tuesday,3
MCP2771004S,250007338,MONTGOMERY,Injury Crash,2025-02-19 11:12:00,Maryland (State) Route,GEORGIA AVE (SB/L),Unknown,Front to Rear,Cloudy,Dry,Daylight,No Controls,"Not Suspect of Alcohol Use, Not Suspect of Drug Use",No,Suspected Minor Injury,Not Distracted,MD,Sport Utility Vehicle,45,2020.0,Buick,ENCORE GX,11,Wednesday,2
MCP2016008J,250006132,MONTGOMERY,Property Damage Crash,2025-02-11 07:14:00,Maryland (State) Route,FREDERICK RD,Unknown,"Sideswipe, Same Direction",Clear,Dry,Daylight,No Controls,"Not Suspect of Alcohol Use, Not Suspect of Drug Use",No,No Apparent Injury,Not Distracted,MD,Passenger Car,40,2015.0,Ford,F-250,7,Tuesday,2
MCP33010009,210030107,Montgomery County Police,Injury Crash,2021-08-03 13:19:00,County,FAIRLAND RD,OLD COLUMBIA PIKE,HEAD ON LEFT TURN,CLEAR,DRY,DAYLIGHT,NO CONTROLS,NONE DETECTED,Yes,No Apparent Injury,LOOKED BUT DID NOT SEE,MD,Passenger Car,40,2018.0,Toyt,VN,13,Tuesday,8
MCP2552001P,17009036,Montgomery County Police,Property Damage Crash,2017-02-19 16:45:00,Maryland (State),FREDERICK RD,ENT TO SHADY GROVE METRO STATION,SAME DIR REAR END,CLEAR,DRY,DAYLIGHT,TRAFFIC SIGNAL,Unknown,Yes,No Apparent Injury,UNKNOWN,DC,Passenger Car,25,2017.0,Dodge,RAM,16,Sunday,2
DD57040001,250042285,ROCKVILLE,Injury Crash,2025-09-19 19:18:00,Unknown,Unknown,Unknown,Single Vehicle,Clear,Unknown,Dark - Lighted,Unknown,"Not Suspect of Alcohol Use, Not Suspect of Drug Use",Yes,Suspected Minor Injury,"Other Action (looking away from task, etc.)",MD,Passenger Car,0,2022.0,Bmw,330I,19,Friday,9
MCP2047006F,250048745,MONTGOMERY,Property Damage Crash,2025-10-30 15:15:00,Unknown,Unknown,Unknown,Other,Clear,Unknown,Daylight,Unknown,"Not Suspect of Alcohol Use, Not Suspect of Drug Use",Yes,No Apparent Injury,Unknown,MD,Sport Utility Vehicle,0,2014.0,Nissan,ROGUE,15,Thursday,10
DD5520000B,15059524,ROCKVILLE,Injury Crash,2015-11-21 14:34:00,Maryland (State),NORBECK RD,FIRST ST SPUR,STRAIGHT MOVEMENT ANGLE,CLEAR,DRY,DAYLIGHT,NO CONTROLS,NONE DETECTED,No,No Apparent Injury,NOT DISTRACTED,MD,Passenger Car,50,2015.0,Toyota,COROLLA,14,Saturday,11
MCP23940011,15010242,Montgomery County Police,Property Damage Crash,2015-03-04 18:48:00,County,TWINBROOK PKWY,PIER DR,STRAIGHT MOVEMENT ANGLE,RAINING,WET,DARK LIGHTS ON,NO CONTROLS,NONE DETECTED,Yes,No Apparent Injury,NOT DISTRACTED,MD,Passenger Car,35,2007.0,Toyt,YARIS,18,Wednesday,3
MCP2687004L,259901979,MONTGOMERY,Property Damage Crash,2025-01-15 11:39:00,Maryland (State) Route,MONTGOMERY AVE,Unknown,"Sideswipe, Same Direction",Clear,Dry,Daylight,No Controls,"Not Suspect of Alcohol Use, Not Suspect of Drug Use",No,No Apparent Injury,Not Distracted,MD,Other Trucks,25,2023.0,Freightliner,CASCADIA,11,Wednesday,1
MCP3258002B,220031198,Montgomery County Police,Property Damage Crash,2022-07-20 09:10:00,County,MEDWAY ST,HARDY AVE,OPPOSITE DIRECTION SIDESWIPE,CLEAR,DRY,DAYLIGHT,Unknown,Unknown,Yes,No Apparent Injury,NOT DISTRACTED,MD,School Bus,25,2018.0,Frht,BU,9,Wednesday,7
DM8370001Y,230065035,Takoma Park Police Depart,Property Damage Crash,2023-11-12 04:12:00,Municipality,SHERIDAN ST,NEW HAMPSHIRE AVE,SINGLE VEHICLE,CLEAR,DRY,DARK LIGHTS ON,NO CONTROLS,NONE DETECTED,Yes,No Apparent Injury,NOT DISTRACTED,MD,Passenger Car,35,2015.0,Dodge,DART,4,Sunday,11
HA2415000K,17001672,Maryland-National Capital,Property Damage Crash,2017-12-18 08:55:00,County,CLARKSBURG RD,LEWISDALE RD,SINGLE VEHICLE,Unknown,WET,DAYLIGHT,NO CONTROLS,Unknown,Yes,No Apparent Injury,NOT DISTRACTED,MD,Passenger Car,35,2003.0,Lexus,IS300,8,Monday,12
DD5635002Z,200036491,Rockville Police Departme,Property Damage Crash,2020-09-17 17:01:00,Maryland (State),VEIRS MILL RD,EDMONSTON DR,SAME DIR REAR END,RAINING,WET,DAYLIGHT,TRAFFIC SIGNAL,NONE DETECTED,Yes,No Apparent Injury,UNKNOWN,MD,Van,35,2004.0,Dodge,SPRINTER,17,Thursday,9
MCP27700042,240049843,MONTGOMERY,Injury Crash,2024-10-18 13:20:00,County Route,STRATOS LA,AIRPARK RD,Angle,Clear,Dry,Daylight,Traffic Control Signal,"Not Suspect of Alcohol Use, Not Suspect of Drug Use",No,Suspected Minor Injury,Not Distracted,MD,Passenger Car,45,2022.0,Hyundai,KONA,13,Friday,10
DD5598002D,180044356,Rockville Police Departme,Property Damage Crash,2018-09-05 16:54:00,Maryland (State),NORBECK RD,E GUDE DR,SAME DIR REAR END,CLEAR,DRY,DAYLIGHT,Unknown,Unknown,Yes,No Apparent Injury,NOT DISTRACTED,MD,Passenger Car,50,1996.0,Toyt,COROLLA,16,Wednesday,9
HA2372000W,18001021,Maryland-National Capital,Property Damage Crash,2018-08-06 07:50:00,Government,SLIGO CREEK PKWY,OLD CARROLL AVE,HEAD ON LEFT TURN,CLEAR,DRY,DAYLIGHT,NO CONTROLS,ALCOHOL CONTRIBUTED,Yes,No Apparent Injury,NOT DISTRACTED,MD,Passenger Car,25,1996.0,Honda,CIVIC,7,Monday,8
MCP30090032,210011669,Montgomery County Police,Property Damage Crash,2021-03-29 08:30:00,Unknown,Unknown,Unknown,OTHER,CLEAR,Unknown,DAYLIGHT,NO CONTROLS,Unknown,No,No Apparent Injury,NOT DISTRACTED,MD,Passenger Car,0,2003.0,Nissan,TK,8,Monday,3
MCP29480032,190008745,Montgomery County Police,Injury Crash,2019-02-23 21:10:00,Maryland (State),VEIRS MILL RD,CONNECTICUT AVE,SAME DIR REAR END,RAINING,WET,DARK LIGHTS ON,TRAFFIC SIGNAL,Unknown,No,No Apparent Injury,NOT DISTRACTED,MD,Passenger Car,40,2017.0,Chevrolet,IMPALA,21,Saturday,2
MCP9130008G,190051640,Montgomery County Police,Property Damage Crash,2019-10-27 07:10:00,Maryland (State),UNIVERSITY BLVD E,MERRIMAC DR,STRAIGHT MOVEMENT ANGLE,RAINING,WET,DARK LIGHTS ON,STOP SIGN,NONE DETECTED,No,No Apparent Injury,NOT DISTRACTED,MD,Other,35,2013.0,Honda,ACCORD,7,Sunday,10
MCP13820052,190036297,Montgomery County Police,Property Damage Crash,2019-07-30 12:26:00,US (State),COLESVILLE RD,FENTON ST,SAME DIRECTION SIDESWIPE,CLEAR,DRY,DAYLIGHT,TRAFFIC SIGNAL,NONE DETECTED,No,No Apparent Injury,NOT DISTRACTED,MD,Van,30,2009.0,Ford,E-350 VAN,12,Tuesday,7
MCP20080075,200002193,Montgomery County Police,Injury Crash,2020-01-13 18:34:00,Maryland (State),OLD GEORGETOWN RD,ROCK SPRING DR,SAME DIR REAR END,CLEAR,DRY,DARK LIGHTS ON,NO CONTROLS,NONE DETECTED,No,No Apparent Injury,NOT DISTRACTED,MD,(Sport) Utility Vehicle,40,2019.0,Acur,TK,18,Monday,1
DD5567004X,240033902,ROCKVILLE,Property Damage Crash,2024-07-18 10:33:00,Spur,Unknown,Unknown,Front to Rear,Clear,Dry,Daylight,Yield Sign,"Not Suspect of Alcohol Use, Not Suspect of Drug Use",No,No Apparent Injury,Not Distracted,MD,Sport Utility Vehicle,30,2015.0,Lexus,RX,10,Thursday,7
EJ78510094,230000799,Gaithersburg Police Depar,Injury Crash,2023-01-05 19:30:00,Municipality,CEDAR AVE,W DEER PARK RD,HEAD ON,CLOUDY,DRY,DARK LIGHTS ON,NO CONTROLS,NONE DETECTED,No,No Apparent Injury,NOT DISTRACTED,MD,Passenger Car,30,2019.0,Chev,TRAVERSE,19,Thursday,1