Report Number,Local Case Number,Agency Name,ACRS Report Type,Crash Date/Time,Route Type,Road Name,Cross-Street Name,Collision Type,Weather,Surface Condition,Light,Traffic Control,Driver Substance Abuse,Driver At Fault,Injury Severity,Driver Distracted By,Drivers License State,Vehicle Body Type,Speed Limit,Vehicle Year,Vehicle Make,Vehicle Model,Crash Hour,Crash Day,Crash Month
MCP2931003Y,190049691,Montgomery County Police,Property Damage Crash,2019-10-16 18:53:00,Municipality,E JEFFERSON ST,ROLLINS AVE,SAME DIRECTION RIGHT TURN,CLEAR,DRY,DARK LIGHTS ON,TRAFFIC SIGNAL,NONE DETECTED,Yes,No Apparent Injury,LOOKED BUT DID NOT SEE,MD,Passenger Car,30,2011.0,Lexus,4S,18,Wednesday,10
MCP22310026,16033522,Montgomery County Police,Property Damage Crash,2016-07-02 13:24:00,County,BETHESDA AVE,WOODMONT AVE,OTHER,CLEAR,DRY,DAYLIGHT,NO CONTROLS,NONE DETECTED,No,No Apparent Injury,NOT DISTRACTED,MD,Fire Vehicle/Non Emergency,25,2008.0,Spar,TK,13,Saturday,7
MCP2690001Z,17012442,Montgomery County Police,Property Damage Crash,2017-03-09 15:07:00,County,FLOWER HILL WAY,SNOUFFERS SCHOOL RD,SAME DIRECTION RIGHT TURN,CLEAR,OTHER,DAYLIGHT,PERSON,NONE DETECTED,Yes,No Apparent Injury,NOT DISTRACTED,MD,School Bus,35,2004.0,Thomas,BUS,15,Thursday,3
DD5644003D,230063470,Rockville Police Departme,Property Damage Crash,2023-10-30 19:00:00,Maryland (State),FREDERICK RD,RIDGEMONT AVE,STRAIGHT MOVEMENT ANGLE,RAINING,WET,DARK NO LIGHTS,TRAFFIC SIGNAL,NONE DETECTED,Yes,No Apparent Injury,LOOKED BUT DID NOT SEE,MD,Passenger Car,40,2021.0,Hond,SD,19,Monday,10
MCP93860039,16028518,Montgomery County Police,Property Damage Crash,2016-06-07 09:21:00,Maryland (State),RIVER RD,SANDY LANDING RD,SAME DIR REAR END,CLEAR,DRY,DAYLIGHT,NO CONTROLS,NONE DETECTED,No,No Apparent Injury,NOT DISTRACTED,MD,(Sport) Utility Vehicle,35,2015.0,Ford,EXPLORER,9,Tuesday,6
MCP2107002D,190026596,Montgomery County Police,Property Damage Crash,2019-06-04 08:43:00,Maryland (State),GERMANTOWN RD,RIFFLE FORD RD,SAME DIRECTION LEFT TURN,CLEAR,DRY,DAYLIGHT,NO CONTROLS,NONE DETECTED,No,No Apparent Injury,NOT DISTRACTED,MD,Passenger Car,40,2012.0,Toyt,TK,8,Tuesday,6
MCP2946007V,250021383,MONTGOMERY,Property Damage Crash,2025-05-15 09:41:00,Unknown,Unknown,Unknown,Single Vehicle,Clear,Unknown,Daylight,Unknown,"Not Suspect of Alcohol Use, Not Suspect of Drug Use",Yes,No Apparent Injury,Not Distracted,MD,Sport Utility Vehicle,0,2011.0,Ford,ESCAPE,9,Thursday,5
EJ7844000Q,180039056,Gaithersburg Police Depar,Property Damage Crash,2018-08-06 16:00:00,Municipality,PERRY PKWY,W DIAMOND AVE,SINGLE VEHICLE,CLEAR,DRY,DAYLIGHT,Unknown,NONE DETECTED,Yes,No Apparent Injury,UNKNOWN,MD,Passenger Car,30,2002.0,Toyt,2S,16,Monday,8
MCP2940003T,190028175,Montgomery County Police,Injury Crash,2019-06-13 06:30:00,County,EXECUTIVE BLVD,MARINELLI RD,HEAD ON,RAINING,WET,DAWN,TRAFFIC SIGNAL,NONE DETECTED,Yes,Suspected Minor Injury,NOT DISTRACTED,MD,Passenger Car,35,1999.0,Toyota,CAMRY,6,Thursday,6
MCP2962002Q,180039759,Montgomery County Police,Injury Crash,2018-08-10 12:34:00,County,SENECA MEADOWS PKWY,CROSSOVER,HEAD ON LEFT TURN,CLEAR,DRY,DAYLIGHT,NO CONTROLS,NONE DETECTED,No,Suspected Minor Injury,NOT DISTRACTED,MD,Passenger Car,25,2013.0,Kia,FORTE,12,Friday,8
MCP20870023,170549152,Montgomery County Police,Property Damage Crash,2017-12-17 19:04:00,Maryland (State),VEIRS MILL RD,FERRARA AVE,HEAD ON LEFT TURN,CLEAR,DRY,DARK LIGHTS ON,TRAFFIC SIGNAL,NONE DETECTED,Yes,No Apparent Injury,NOT DISTRACTED,MD,Passenger Car,40,2006.0,Toyota,CAMRY,19,Sunday,12
MCP2107000J,15030146,Montgomery County Police,Property Damage Crash,2015-06-20 13:55:00,Unknown,Unknown,Unknown,SINGLE VEHICLE,CLEAR,Unknown,DAYLIGHT,Unknown,NONE DETECTED,Yes,No Apparent Injury,LOOKED BUT DID NOT SEE,MD,Police Vehicle/Emergency,10,2014.0,Dodge,CHARGER,13,Saturday,6
MCP2722004C,220042144,Montgomery County Police,Property Damage Crash,2022-09-27 15:19:00,County,BAUER DR,NORBECK RD,SAME DIRECTION SIDESWIPE,CLEAR,DRY,DAYLIGHT,NO CONTROLS,NONE DETECTED,Yes,No Apparent Injury,LOOKED BUT DID NOT SEE,MD,School Bus,30,2015.0,Frht,BU,15,Tuesday,9
MCP2693001Q,16063822,Montgomery County Police,Property Damage Crash,2016-12-12 19:42:00,Maryland (State),CONNECTICUT AVE,CROSSOVER,ANGLE MEETS LEFT TURN,CLEAR,DRY,DARK LIGHTS ON,NO CONTROLS,NONE DETECTED,No,No Apparent Injury,NOT DISTRACTED,MD,Passenger Car,45,2013.0,Lexus,LS300,19,Monday,12
MCP1575005Z,170544333,Montgomery County Police,Injury Crash,2017-11-22 13:52:00,Maryland (State),DICKERSON RD,BIG WOODS RD,OTHER,CLEAR,DRY,DAYLIGHT,NO CONTROLS,NONE DETECTED,No,No Apparent Injury,NOT DISTRACTED,MD,Pickup Truck,30,2016.0,Gmc,CANYON,13,Wednesday,11
DD5642001T,200046003,Rockville Police Departme,Property Damage Crash,2020-11-21 12:18:00,Maryland (State),ROCKVILLE PIKE,SPUR TO MONROE PL,SAME DIR REAR END,CLEAR,DRY,DAYLIGHT,TRAFFIC SIGNAL,NONE DETECTED,No,No Apparent Injury,NOT DISTRACTED,MD,Passenger Car,40,2014.0,Toyt,SW,12,Saturday,11
MCP31690051,220003243,Montgomery County Police,Property Damage Crash,2022-01-25 13:31:00,Maryland (State),UNIVERSITY BLVD E,PINEY BRANCH RD,SAME DIR REAR END,CLEAR,DRY,DAYLIGHT,Unknown,Unknown,Yes,No Apparent Injury,LOOKED BUT DID NOT SEE,MD,Passenger Car,35,2011.0,Ford,EDGE,13,Tuesday,1
MCP2608004Y,230004149,Montgomery County Police,Property Damage Crash,2023-01-25 17:40:00,US (State),COLESVILLE RD,SPUR TO SLIGO CREEK PKWY,SAME DIRECTION SIDESWIPE,RAINING,WET,DARK LIGHTS ON,NO CONTROLS,NONE DETECTED,No,No Apparent Injury,NOT DISTRACTED,MD,Passenger Car,35,2016.0,Mercedes,CLA250,17,Wednesday,1
MCP2964002H,170541150,Montgomery County Police,Property Damage Crash,2017-11-05 19:36:00,Maryland (State),GREAT SENECA HWY,CLIMBING IVY DR,STRAIGHT MOVEMENT ANGLE,CLOUDY,WET,DARK LIGHTS ON,TRAFFIC SIGNAL,NONE DETECTED,No,No Apparent Injury,NOT DISTRACTED,NJ,Passenger Car,30,2011.0,Mazda,6,19,Sunday,11
MCP3450000P,250002786,MONTGOMERY,Property Damage Crash,2025-01-20 16:26:00,County Route,Unknown,Unknown,Front to Rear,Clear,Dry,Daylight,No Controls,"Not Suspect of Alcohol Use, Not Suspect of Drug Use",No,No Apparent Injury,Not Distracted,MD,Passenger Car,30,2022.0,Toyota,COROLLA,16,Monday,1
MCP271700X6,220057453,Montgomery County Police,Property Damage Crash,2022-12-19 17:00:00,Unknown,Unknown,Unknown,OTHER,CLEAR,Unknown,DARK LIGHTS ON,NO CONTROLS,NONE DETECTED,Yes,No Apparent Injury,UNKNOWN,MD,Passenger Car,0,2005.0,Mercedes Benz,4DR,17,Monday,12
HA25560005,25001201,MCPARK,Property Damage Crash,2025-06-20 13:57:00,Local Route,MEADOWBROOK LA,Unknown,Rear To Rear,Clear,Dry,Daylight,No Controls,"Not Suspect of Alcohol Use, Not Suspect of Drug Use",No,No Apparent Injury,"Other Action (looking away from task, etc.)",MD,Pickup,10,2012.0,Ford,F-450,13,Friday,6
MCP2745002Q,220042401,Montgomery County Police,Injury Crash,2022-09-28 21:38:00,Maryland (State),MUNCASTER MILL RD,WOODFIELD RD,HEAD ON LEFT TURN,CLEAR,DRY,DARK LIGHTS ON,TRAFFIC SIGNAL,NONE DETECTED,No,Possible Injury,NOT DISTRACTED,MD,Passenger Car,30,2014.0,Jeep,SW,21,Wednesday,9
MCP9390003J,250042711,MONTGOMERY,Injury Crash,2025-09-22 20:03:00,Maryland (State) Route,GREAT SENECA HWY,GREAT SENECA HWY KEY WEST AVE,Angle,Clear,Dry,Dark - Lighted,Traffic Control Signal,"Not Suspect of Alcohol Use, Not Suspect of Drug Use",Yes,Suspected Minor Injury,Unknown,MD,Passenger Car,50,2016.0,Volkswagen,PASSAT,20,Monday,9
MCP2046008H,180028294,Montgomery County Police,Injury Crash,2018-06-08 11:55:00,US (State),COLESVILLE RD,RAMP 4 FR US 29 NB TO IS 495 EB,SAME DIRECTION SIDESWIPE,CLEAR,DRY,DAYLIGHT,NO CONTROLS,NONE DETECTED,Unknown,Possible Injury,NOT DISTRACTED,MD,Passenger Car,35,2015.0,Honda,CIVIC,11,Friday,6
MCP2464002J,220033100,Montgomery County Police,Property Damage Crash,2022-08-02 04:21:00,Maryland (State),UNIVERSITY BLVD E,BAYFIELD ST,SAME DIR REAR END,CLEAR,DRY,DARK LIGHTS ON,NO CONTROLS,NONE DETECTED,No,No Apparent Injury,NOT DISTRACTED,MD,Passenger Car,35,2012.0,Hyun,SONATA,4,Tuesday,8
MCP2931002T,180046505,Montgomery County Police,Property Damage Crash,2018-09-17 17:45:00,Maryland (State),ROCKVILLE PIKE,ENT TO BUSINESS,SAME DIR REAR END,RAINING,WET,DAYLIGHT,Unknown,Unknown,No,No Apparent Injury,NOT DISTRACTED,XX,Passenger Car,40,2007.0,Merz,4S,17,Monday,9
MCP3016000Q,16018645,Montgomery County Police,Property Damage Crash,2016-04-15 16:10:00,Unknown,Unknown,Unknown,OTHER,CLEAR,Unknown,DUSK,Unknown,Unknown,No,No Apparent Injury,NOT DISTRACTED,MD,Passenger Car,10,2003.0,Chrystler,MINI VAN,16,Friday,4
MCP30730062,220011725,Montgomery County Police,Injury Crash,2022-03-18 15:54:00,County,ASPEN HILL RD,MARGOT DR,SAME DIR REAR END,Unknown,DRY,DAYLIGHT,Unknown,NONE DETECTED,No,No Apparent Injury,NOT DISTRACTED,MD,Passenger Car,30,2018.0,Hond,ACCORD,15,Friday,3
MCP3048000D,17009816,Montgomery County Police,Property Damage Crash,2017-02-23 04:48:00,Unknown,Unknown,Unknown,STRAIGHT MOVEMENT ANGLE,CLEAR,Unknown,DAWN,Unknown,Unknown,No,No Apparent Injury,NOT DISTRACTED,MD,Passenger Car,5,2012.0,Audi,4S,4,Thursday,2
MCP3085003Y,230025662,Montgomery County Police,Property Damage Crash,2023-05-28 21:09:00,County,RANDOLPH RD,PARKLAWN DR,SAME DIRECTION SIDESWIPE,CLOUDY,DRY,DARK LIGHTS ON,NO CONTROLS,NONE DETECTED,No,No Apparent Injury,NOT DISTRACTED,PA,Transit Bus,30,2016.0,Tbu,TBU,21,Sunday,5
DM8457001W,190038742,Takoma Park Police Depart,Property Damage Crash,2019-08-14 00:00:00,Municipality,LINDEN AVE,NEW HAMPSHIRE AVE,SAME DIR REAR END,RAINING,WET,DARK -- UNKNOWN LIGHTING,NO CONTROLS,Unknown,No,No Apparent Injury,NOT DISTRACTED,MD,Passenger Car,35,2011.0,Hyundai,ELANTRA,0,Wednesday,8
MCP137800R0,190028973,Montgomery County Police,Property Damage Crash,2019-06-17 18:01:00,County,SHADY GROVE RD,MUNCASTER MILL RD,SAME DIR REAR END,CLOUDY,DRY,DAYLIGHT,TRAFFIC SIGNAL,NONE DETECTED,No,No Apparent Injury,NOT DISTRACTED,MD,Police Vehicle/Non Emergency,45,2018.0,Toyt,CAMRY,18,Monday,6
MCP28320045,180031284,Montgomery County Police,Injury Crash,2018-06-25 13:57:00,Maryland (State),WISCONSIN AVE,SOMERSET TERRACE,STRAIGHT MOVEMENT ANGLE,CLEAR,DRY,DAYLIGHT,TRAFFIC SIGNAL,NONE DETECTED,No,No Apparent Injury,NOT DISTRACTED,MD,Passenger Car,35,2009.0,Hyun,2S,13,Monday,6
MCP3422001Q,250024786,MONTGOMERY,Property Damage Crash,2025-06-03 22:30:00,Maryland (State) Route,NEW HAMPSHIRE AVE,ELTON RD,Front to Rear,Clear,Dry,Dark - Lighted,Traffic Control Signal,"Not Suspect of Alcohol Use, Not Suspect of Drug Use",No,No Apparent Injury,Not Distracted,MD,Passenger Car,35,2015.0,Honda,CR-V,22,Tuesday,6
DM84300012,170550617,Takoma Park Police Depart,Property Damage Crash,2017-12-25 06:20:00,Municipality,KENTLAND AVE,EAST WEST HWY,SAME DIRECTION SIDESWIPE,RAINING,WET,DARK LIGHTS ON,NO CONTROLS,NONE DETECTED,Yes,No Apparent Injury,UNKNOWN,MD,Passenger Car,35,2009.0,Toyt,SW,6,Monday,12
DD5650001S,220026754,Rockville Police Departme,Injury Crash,2022-06-21 16:25:00,Municipality,CHOKE CHERRY RD,CROSSOVER,SAME DIRECTION SIDESWIPE,CLEAR,DRY,DAYLIGHT,NO CONTROLS,NONE DETECTED,No,No Apparent Injury,NOT DISTRACTED,MD,Passenger Car,30,2009.0,Toyota,COROLLA,16,Tuesday,6
MCP27850018,16010219,MONTGOMERY,Property Damage Crash,2016-03-01 10:11:00,US (State),COLUMBIA PIKE,TECH RD,SAME DIR REAR END,CLEAR,DRY,DAYLIGHT,Unknown,Unknown,Yes,No Apparent Injury,INATTENTIVE OR LOST IN THOUGHT,MD,Passenger Car,50,2008.0,Ford,FUSION,10,Tuesday,3
MCP28270048,180042268,Montgomery County Police,Injury Crash,2018-08-24 20:55:00,Maryland (State),NEW HAMPSHIRE AVE,BROOKE RD,SINGLE VEHICLE,CLEAR,DRY,DARK LIGHTS ON,NO CONTROLS,NONE DETECTED,Yes,Possible Injury,NOT DISTRACTED,MD,Motorcycle,40,2006.0,Ducati,SUPER BIKE,20,Friday,8
MCP29730027,16053168,Montgomery County Police,Property Damage Crash,2016-10-16 09:29:00,Maryland (State),GEORGIA AVE,DENNIS AVE,SAME DIR REAR END,CLEAR,DRY,DAYLIGHT,TRAFFIC SIGNAL,NONE DETECTED,No,No Apparent Injury,NOT DISTRACTED,MD,Passenger Car,45,2009.0,Toyt,4S,9,Sunday,10
MCP23700039,170545635,Montgomery County Police,Property Damage Crash,2017-11-29 17:47:00,US (State),COLUMBIA PIKE,LOCKWOOD DR,SAME DIR REAR END,CLEAR,DRY,DARK LIGHTS ON,TRAFFIC SIGNAL,NONE DETECTED,No,No Apparent Injury,NOT DISTRACTED,MD,(Sport) Utility Vehicle,40,2004.0,Toyota,SEQUOIA,17,Wednesday,11
HA24930001,21001742,Maryland-National Capital,Property Damage Crash,2021-09-12 00:15:00,Maryland (State),FREDERICK RD,MONTGOMERY VILLAGE AVE,SAME DIRECTION RIGHT TURN,CLEAR,DRY,DARK LIGHTS ON,TRAFFIC SIGNAL,NONE DETECTED,No,No Apparent Injury,NOT DISTRACTED,MD,Autocycle,40,2021.0,Nissan,ROGUE,0,Sunday,9
MCP3279000H,210011289,Montgomery County Police,Injury Crash,2021-03-29 11:21:00,Maryland (State),GEORGIA AVE,LAYHILL RD,STRAIGHT MOVEMENT ANGLE,CLEAR,DRY,DARK LIGHTS ON,TRAFFIC SIGNAL,NONE DETECTED,Yes,Suspected Minor Injury,LOOKED BUT DID NOT SEE,MD,Passenger Car,40,2010.0,Hyundai,ELANTRA,11,Monday,3
MCP3090002M,190032712,Montgomery County Police,Injury Crash,2019-07-10 10:30:00,County,GAITHER RD,INDUSTRIAL DR,SAME DIR REAR END,CLEAR,DRY,DAYLIGHT,STOP SIGN,Unknown,No,No Apparent Injury,NOT DISTRACTED,MD,Passenger Car,30,2011.0,Toyota,CAMRY,10,Wednesday,7
MCP9404000J,15058106,MONTGOMERY,Property Damage Crash,2015-11-14 08:30:00,County,MEDICAL CENTER DR,KEY WEST AVE,STRAIGHT MOVEMENT ANGLE,CLEAR,DRY,DAYLIGHT,TRAFFIC SIGNAL,NONE DETECTED,Yes,No Apparent Injury,UNKNOWN,MD,Passenger Car,40,2004.0,Honda,ACCORD,8,Saturday,11
MCP1099003V,210026530,Montgomery County Police,Property Damage Crash,2021-07-10 11:58:00,Maryland (State),MUNCASTER MILL RD,IVY OAK DR,SAME DIR REAR END,CLEAR,DRY,DAYLIGHT,Unknown,NONE DETECTED,Yes,No Apparent Injury,LOOKED BUT DID NOT SEE,MD,Passenger Car,35,2013.0,Dodge,CHARGER,11,Saturday,7
HA2447000B,19002230,Maryland-National Capital,Property Damage Crash,2019-08-19 08:40:00,Unknown,Unknown,Unknown,SINGLE VEHICLE,CLEAR,Unknown,DAYLIGHT,NO CONTROLS,NONE DETECTED,Yes,No Apparent Injury,LOOKED BUT DID NOT SEE,MD,Police Vehicle/Non Emergency,5,2019.0,Chrysler,PACIFICA,8,Monday,8
MCP24750011,16029229,Montgomery County Police,Injury Crash,2016-06-10 15:50:00,US (State),COLESVILLE RD,TIMBERWOOD AVE,STRAIGHT MOVEMENT ANGLE,CLEAR,DRY,DAYLIGHT,STOP SIGN,Unknown,No,No Apparent Injury,LOOKED BUT DID NOT SEE,MD,Passenger Car,30,2002.0,Mitz,4S,15,Friday,6
DD5631004S,230017891,Rockville Police Departme,Property Damage Crash,2023-04-11 20:35:00,Municipality,MONROE ST,MONROE PL,SAME DIR REAR END,CLEAR,DRY,DARK LIGHTS ON,NO CONTROLS,NONE DETECTED,Unknown,No Apparent Injury,UNKNOWN,MD,Passenger Car,30,2015.0,Toyota,TACOMA,20,Tuesday,4
MCP2522000G,16033916,Montgomery County Police,Injury Crash,2016-07-05 05:28:00,Interstate (State),CAPITAL BELTWAY,CONNECTICUT AVE,OTHER,RAINING,WET,DARK NO LIGHTS,OTHER,NONE DETECTED,Yes,Suspected Minor Injury,NOT DISTRACTED,MA,Passenger Car,55,2005.0,Honda,CIVIC,5,Tuesday,7
MCP3231000F,200014098,Montgomery County Police,Injury Crash,2020-03-26 17:24:00,County,GLEN RD,GLEN MILL RD,OPPOSITE DIRECTION SIDESWIPE,CLEAR,DRY,DAYLIGHT,NO CONTROLS,NONE DETECTED,Yes,Possible Injury,NOT DISTRACTED,MD,Motorcycle,30,2019.0,Yama,YZFR3,17,Thursday,3
MCP30370030,200013425,Montgomery County Police,Property Damage Crash,2020-03-20 18:01:00,County,FATHER HURLEY BLVD,WATERS LANDING DR,STRAIGHT MOVEMENT ANGLE,CLEAR,DRY,DAYLIGHT,TRAFFIC SIGNAL,NONE DETECTED,Yes,No Apparent Injury,UNKNOWN,MD,Passenger Car,35,2011.0,Hyundai,ELANTRA,18,Friday,3
MCP1257000F,15039596,MONTGOMERY,Property Damage Crash,2015-08-09 11:20:00,Unknown,Unknown,Unknown,OTHER,CLEAR,Unknown,DAYLIGHT,NO CONTROLS,NONE DETECTED,Yes,No Apparent Injury,NOT DISTRACTED,MD,"Other Light Trucks (10,000Lbs (4,536Kg) Or Less)",5,2001.0,Dodge,VAN,11,Sunday,8
DD5628005J,220006604,Rockville Police Departme,Property Damage Crash,2022-02-15 15:01:00,Municipality,RESERVE CHAMPION DR,RIDGEMONT AVE,SAME DIRECTION SIDESWIPE,CLEAR,DRY,DAYLIGHT,NO CONTROLS,NONE DETECTED,No,No Apparent Injury,NOT DISTRACTED,MD,Passenger Car,25,2021.0,Mazd,WG,15,Tuesday,2
MCP2776004H,230016275,Montgomery County Police,Injury Crash,2023-04-05 14:50:00,Maryland (State),GEORGIA AVE,BATCHELLORS FOREST RD,HEAD ON LEFT TURN,CLEAR,DRY,DAYLIGHT,NO CONTROLS,Unknown,Yes,No Apparent Injury,LOOKED BUT DID NOT SEE,MD,Passenger Car,25,2020.0,Hond,SD,14,Wednesday,4
MCP2930005X,250057492,MONTGOMERY,Property Damage Crash,2025-12-24 14:50:00,Unknown,Unknown,Unknown,Rear To Rear,Clear,Unknown,Daylight,Unknown,"Not Suspect of Alcohol Use, Not Suspect of Drug Use",Yes,No Apparent Injury,"Other Action (looking away from task, etc.)",MD,Sport Utility Vehicle,0,2023.0,Ford,EXPLORER,14,Wednesday,12
DM8378000Q,17016361,Takoma Park Police Depart,Property Damage Crash,2017-03-31 13:30:00,Municipality,TAKOMA AVE,FENTON ST,STRAIGHT MOVEMENT ANGLE,RAINING,WET,DAYLIGHT,Unknown,NONE DETECTED,Yes,No Apparent Injury,INATTENTIVE OR LOST IN THOUGHT,MD,Passenger Car,25,2006.0,Cadilac,DTS,13,Friday,3
DD5601002C,16058709,Rockville Police Departme,Injury Crash,2016-11-14 18:29:00,Maryland (State),HUNGERFORD DR,COLLEGE PKWY,SAME DIR REAR END,CLEAR,DRY,DARK NO LIGHTS,NO CONTROLS,NONE DETECTED,Yes,No Apparent Injury,INATTENTIVE OR LOST IN THOUGHT,MD,Passenger Car,35,2005.0,Toyota,4S,18,Monday,11
MCP2754001R,170540980,Montgomery County Police,Injury Crash,2017-11-04 20:30:00,Maryland (State),PINEY BRANCH RD,ARLISS ST,SAME DIR REAR END,RAINING,WET,DARK LIGHTS ON,TRAFFIC SIGNAL,ALCOHOL PRESENT,Yes,No Apparent Injury,UNKNOWN,MD,Passenger Car,35,2006.0,Ford,E250,20,Saturday,11
MCP29420019,15061579,MONTGOMERY,Injury Crash,2015-12-02 17:20:00,Maryland (State),WISCONSIN AVE,BRADLEY LA,STRAIGHT MOVEMENT ANGLE,FOGGY,WET,DARK LIGHTS ON,TRAFFIC SIGNAL,NONE DETECTED,No,No Apparent Injury,NOT DISTRACTED,MD,Limousine,30,2013.0,Chevy,SUBURBAN,17,Wednesday,12
MCP2882001L,16002014,Montgomery County Police,Injury Crash,2016-01-11 19:57:00,County,OBSERVATION DR,SHAKESPEARE BLVD,HEAD ON LEFT TURN,CLEAR,DRY,DARK LIGHTS ON,TRAFFIC SIGNAL,NONE DETECTED,Yes,Suspected Minor Injury,UNKNOWN,MD,Pickup Truck,45,2006.0,Ford,F250,19,Monday,1
MCP2823001V,16023610,Montgomery County Police,Injury Crash,2016-05-12 16:04:00,Maryland (State),VEIRS MILL RD,RANDOLPH RD,SAME DIRECTION LEFT TURN,CLOUDY,DRY,DAYLIGHT,TRAFFIC SIGNAL,NONE DETECTED,No,No Apparent Injury,NOT DISTRACTED,MD,Passenger Car,40,2007.0,Ford,TK,16,Thursday,5
MCP3040006H,240041449,MONTGOMERY,Property Damage Crash,2024-09-01 18:20:00,County Route,NORBECK RD,Unknown,Angle,Clear,Dry,Daylight,Traffic Control Signal,"Not Suspect of Alcohol Use, Not Suspect of Drug Use",No,No Apparent Injury,Not Distracted,MD,Passenger Car,45,2017.0,Audi,A4,18,Sunday,9
MCP26570014,16037580,Montgomery County Police,Injury Crash,2016-07-25 01:15:00,County,CHERRY HILL RD,CALVERTON BLVD,STRAIGHT MOVEMENT ANGLE,CLOUDY,WET,DARK LIGHTS ON,FLASHING TRAFFIC SIGNAL,NONE DETECTED,Yes,Possible Injury,LOOKED BUT DID NOT SEE,MD,Passenger Car,40,2000.0,Toyota,CAMRY,1,Monday,7
MCP3308001N,230000128,Montgomery County Police,Injury Crash,2023-01-02 04:00:00,County,RANDOLPH RD,GLENALLAN AVE,STRAIGHT MOVEMENT ANGLE,CLEAR,DRY,DARK NO LIGHTS,TRAFFIC SIGNAL,NONE DETECTED,No,Possible Injury,NOT DISTRACTED,MD,Passenger Car,40,2005.0,Toyt,CAMRY,4,Monday,1
MCP1438004F,17015595,Montgomery County Police,Property Damage Crash,2017-03-27 14:12:00,Maryland (State),QUINCE ORCHARD RD,QUINCE ORCHARD BLVD,SAME DIRECTION RIGHT TURN,CLEAR,DRY,DAYLIGHT,TRAFFIC SIGNAL,NONE DETECTED,No,No Apparent Injury,NOT DISTRACTED,MD,Truck Tractor,40,2007.0,Int,TRK,14,Monday,3
MCP2864002X,170550955,Montgomery County Police,Property Damage Crash,2017-12-27 20:48:00,Municipality,LEMAY RD,VANDEGRIFT AVE,OTHER,CLEAR,DRY,DARK NO LIGHTS,OTHER,ALCOHOL CONTRIBUTED,Yes,No Apparent Injury,UNKNOWN,MD,Passenger Car,25,2009.0,Toyota,TACOMA,20,Wednesday,12
DM8497002F,240051341,TAKOMA,Property Damage Crash,2024-10-26 16:15:00,Maryland (State) Route,NEW HAMPSHIRE AVE,Unknown,"Sideswipe, Same Direction",Clear,Dry,Daylight,No Controls,"Not Suspect of Alcohol Use, Not Suspect of Drug Use",No,No Apparent Injury,Not Distracted,MD,Bus - Transit,35,2016.0,Gillig,LOW FLOOR BUS,16,Saturday,10
MCP2676002D,17001491,Montgomery County Police,Property Damage Crash,2017-01-09 17:42:00,Unknown,Unknown,Unknown,OTHER,Unknown,Unknown,DARK LIGHTS ON,Unknown,Unknown,Yes,No Apparent Injury,NOT DISTRACTED,MD,Other,5,2007.0,Jeep,GRAND CHEROKEE,17,Monday,1
MCP3290003Z,250005569,MONTGOMERY,Injury Crash,2025-02-07 08:53:00,Maryland (State) Route,GEORGIA AVE (SB/L),Unknown,Front to Rear,Clear,Dry,Daylight,No Controls,"Not Suspect of Alcohol Use, Not Suspect of Drug Use",No,No Apparent Injury,Not Distracted,MD,Passenger Car,35,2003.0,Acura,RSX,8,Friday,2
MCP29540020,16034370,Montgomery County Police,Injury Crash,2016-07-07 10:38:00,Maryland (State),NEW HAMPSHIRE AVE,OAKLAWN DR,STRAIGHT MOVEMENT ANGLE,CLEAR,DRY,DAYLIGHT,STOP SIGN,NONE DETECTED,No,No Apparent Injury,NOT DISTRACTED,MD,Van,40,2012.0,Ford,E350,10,Thursday,7
DD56380025,200044342,Rockville Police Departme,Property Damage Crash,2020-11-10 09:55:00,Maryland (State),ROCKVILLE PIKE,HALPINE RD,SAME DIRECTION SIDESWIPE,CLEAR,DRY,DAYLIGHT,Unknown,NONE DETECTED,Yes,No Apparent Injury,LOOKED BUT DID NOT SEE,MD,Passenger Car,40,2012.0,Ford,FOCUS,9,Tuesday,11
MCP2917002Y,180052478,Montgomery County Police,Injury Crash,2018-10-19 22:09:00,County,BONIFANT RD,LAYHILL RD,SAME DIR REAR END,CLEAR,DRY,DARK NO LIGHTS,TRAFFIC SIGNAL,NONE DETECTED,No,Possible Injury,NOT DISTRACTED,MD,Passenger Car,35,2008.0,Honda,ACCORD,22,Friday,10
MCP2867001P,15057555,MONTGOMERY,Property Damage Crash,2015-11-11 15:10:00,Unknown,Unknown,Unknown,OTHER,CLEAR,Unknown,DAYLIGHT,Unknown,NONE DETECTED,Yes,No Apparent Injury,NOT DISTRACTED,MD,Passenger Car,0,2008.0,Toyota,4S,15,Wednesday,11
MCP2177001Z,170517052,Montgomery County Police,Injury Crash,2017-07-03 08:15:00,County,SEVEN LOCKS RD,TUCKERMAN LA,STRAIGHT MOVEMENT ANGLE,CLEAR,DRY,DAYLIGHT,TRAFFIC SIGNAL,NONE DETECTED,Yes,No Apparent Injury,UNKNOWN,MD,Passenger Car,40,2003.0,Toyota,4S,8,Monday,7
MCP2594003M,180012773,Montgomery County Police,Property Damage Crash,2018-03-14 08:00:00,County,OLD BALTIMORE RD,GEORGIA AVE,SAME DIR REAR END,CLEAR,DRY,DAYLIGHT,TRAFFIC SIGNAL,NONE DETECTED,No,No Apparent Injury,NOT DISTRACTED,MD,Passenger Car,30,2010.0,Honda,CROSSTRACK,8,Wednesday,3