Report Number,Local Case Number,Agency Name,ACRS Report Type,Crash Date/Time,Route Type,Road Name,Cross-Street Name,Collision Type,Weather,Surface Condition,Light,Traffic Control,Driver Substance Abuse,Driver At Fault,Injury Severity,Driver Distracted By,Drivers License State,Vehicle Body Type,Speed Limit,Vehicle Year,Vehicle Make,Vehicle Model,Crash Hour,Crash Day,Crash Month
MCP2209000Y,15014575,Montgomery County Police,Property Damage Crash,2015-03-30 12:30:00,Maryland (State),WISCONSIN AVE,EAST WEST HWY (W/B COUPLET),SAME DIRECTION SIDESWIPE,Unknown,DRY,DAYLIGHT,NO CONTROLS,NONE DETECTED,No,No Apparent Injury,NOT DISTRACTED,MD,"Other Light Trucks (10,000Lbs (4,536Kg) Or Less)",25,2005.0,Ford,E350,12,Monday,3
MCP23530060,180052341,Montgomery County Police,Property Damage Crash,2018-10-19 09:47:00,Maryland (State),WISCONSIN AVE,WESTERN AVE (DC MAINT),SAME DIRECTION SIDESWIPE,CLEAR,DRY,DAYLIGHT,NO CONTROLS,NONE DETECTED,No,No Apparent Injury,NOT DISTRACTED,DC,Transit Bus,25,2016.0,Gillig,BUS,9,Friday,10
MCP2455003P,200008569,Montgomery County Police,Property Damage Crash,2020-02-20 18:53:00,County,PARKLAWN DR,PARKLAWN TERR,SAME DIRECTION SIDESWIPE,CLEAR,DRY,DARK LIGHTS ON,Unknown,Unknown,No,No Apparent Injury,NOT DISTRACTED,MD,Passenger Car,30,2012.0,Toyt,RAV4,18,Thursday,2
MCP11700013,15049689,MONTGOMERY,Property Damage Crash,2015-10-01 07:31:00,US (State),COLUMBIA PIKE,BLACKBURN RD,OTHER,RAINING,WET,DAYLIGHT,TRAFFIC SIGNAL,Unknown,Yes,No Apparent Injury,NOT DISTRACTED,MD,Passenger Car,55,2016.0,Hyundai,ELANTRA,7,Thursday,10
MCP235800DK,250009441,MONTGOMERY,Property Damage Crash,2025-03-04 08:30:00,Maryland (State) Route,WISCONSIN AVE (SB/L),Unknown,"Sideswipe, Same Direction",Clear,Dry,Daylight,No Controls,"Not Suspect of Alcohol Use, Not Suspect of Drug Use",Yes,No Apparent Injury,Not Distracted,MD,Passenger Car,35,2021.0,Volkswagen,TIGUAN,8,Tuesday,3
MCP271700S9,200034351,Montgomery County Police,Property Damage Crash,2020-09-02 16:00:00,Maryland (State),CONNECTICUT AVE,OXFORD ST,SAME DIRECTION SIDESWIPE,CLEAR,DRY,DAYLIGHT,NO CONTROLS,NONE DETECTED,Unknown,No Apparent Injury,NOT DISTRACTED,MD,Pickup Truck,35,2008.0,Chevrolet,SILVERADO,16,Wednesday,9
MCP2016006N,220052801,Montgomery County Police,Property Damage Crash,2022-11-30 09:30:00,County,MONTROSE RD,TOWER OAKS BLVD,SAME DIRECTION SIDESWIPE,RAINING,WET,DAYLIGHT,Unknown,UNKNOWN,Yes,No Apparent Injury,NOT DISTRACTED,Unknown,Passenger Car,40,2017.0,Jeep,TK,9,Wednesday,11
MCP2046008Y,180047869,Montgomery County Police,Injury Crash,2018-09-25 11:05:00,Maryland (State),NEW HAMPSHIRE AVE,CROSSOVER,STRAIGHT MOVEMENT ANGLE,RAINING,WET,DAYLIGHT,NO CONTROLS,NONE DETECTED,Yes,No Apparent Injury,NOT DISTRACTED,MD,Passenger Car,40,2005.0,Toyota,COROLLA,11,Tuesday,9
MCP2848002Y,16024658,Montgomery County Police,Property Damage Crash,2016-05-18 08:59:00,Maryland (State),EAST WEST HWY,CONNECTICUT AVE,SAME DIRECTION SIDESWIPE,CLOUDY,DRY,DAYLIGHT,TRAFFIC SIGNAL,NONE DETECTED,No,No Apparent Injury,NOT DISTRACTED,MD,Passenger Car,30,2012.0,Lexus,GX460,8,Wednesday,5
MCP31540021,200033331,Montgomery County Police,Property Damage Crash,2020-08-26 10:35:00,Unknown,Unknown,Unknown,OTHER,CLEAR,Unknown,DAYLIGHT,NO CONTROLS,UNKNOWN,Yes,No Apparent Injury,UNKNOWN,XX,Passenger Car,15,2006.0,Bmw,2S,10,Wednesday,8
MCP20160013,16033266,Montgomery County Police,Property Damage Crash,2016-07-01 08:15:00,County,RANDOLPH RD,PARKLAWN DR,STRAIGHT MOVEMENT ANGLE,CLEAR,Unknown,DAYLIGHT,NO CONTROLS,NONE DETECTED,No,No Apparent Injury,NOT DISTRACTED,MD,Passenger Car,35,2004.0,Toyota,SOLARA,8,Friday,7
MCP3309000J,220010774,Montgomery County Police,Property Damage Crash,2022-03-12 23:54:00,Maryland (State),FALLS RD,GLEN RD,SINGLE VEHICLE,SNOW,WET,DARK NO LIGHTS,NO CONTROLS,NONE DETECTED,Yes,No Apparent Injury,NOT DISTRACTED,MD,Passenger Car,35,2018.0,Niss,PC,23,Saturday,3
MCP2059007Z,230063760,Montgomery County Police,Injury Crash,2023-11-01 10:05:00,Maryland (State),CONNECTICUT AVE,MANOR RD,SAME DIR REAR END,CLEAR,DRY,DAYLIGHT,TRAFFIC SIGNAL,NONE DETECTED,No,No Apparent Injury,NOT DISTRACTED,MD,(Sport) Utility Vehicle,35,2007.0,Honda,CR-V,10,Wednesday,11
MCP2946002D,170504967,Montgomery County Police,Property Damage Crash,2017-04-29 16:45:00,Unknown,Unknown,Unknown,SAME DIRECTION SIDESWIPE,CLEAR,Unknown,DAYLIGHT,Unknown,NONE DETECTED,No,No Apparent Injury,NOT DISTRACTED,MD,Passenger Car,15,2012.0,Honda,CROSSTOUR,16,Saturday,4
MCP2730002X,220026297,Montgomery County Police,Injury Crash,2022-06-18 14:45:00,County,CELEBRATION WAY,TOWN COMMONS BLVD,SAME DIR REAR END,CLEAR,DRY,DAYLIGHT,STOP SIGN,Unknown,Yes,Possible Injury,UNKNOWN,MD,(Sport) Utility Vehicle,15,2016.0,Honda,CRV,14,Saturday,6
MCP2358005Q,180060956,Montgomery County Police,Property Damage Crash,2018-12-06 08:15:00,Maryland (State),RIVER RD,NORTON RD,STRAIGHT MOVEMENT ANGLE,CLEAR,DRY,DAYLIGHT,STOP SIGN,UNKNOWN,Yes,No Apparent Injury,NOT DISTRACTED,MD,Passenger Car,35,2013.0,Chevrolet,SILVERADO,8,Thursday,12
MCP3095004P,230061467,Montgomery County Police,Property Damage Crash,2023-10-19 15:07:00,US (State),COLUMBIA PIKE,CHERRY HILL RD,STRAIGHT MOVEMENT ANGLE,CLEAR,DRY,DAYLIGHT,TRAFFIC SIGNAL,Unknown,No,No Apparent Injury,NOT DISTRACTED,VA,Fire Vehicle/Emergency,40,2004.0,Spartan,MARION,15,Thursday,10
MCP2933000M,15057397,MONTGOMERY,Property Damage Crash,2015-11-10 18:06:00,Maryland (State),OLD GEORGETOWN RD,SPRUCE TREE AVE,SAME DIR REAR END,RAINING,WET,DARK LIGHTS ON,NO CONTROLS,NONE DETECTED,Yes,No Apparent Injury,INATTENTIVE OR LOST IN THOUGHT,PA,Van,35,2000.0,Ford,VN,18,Tuesday,11
MCP2837003W,210028009,Montgomery County Police,Injury Crash,2021-07-20 08:25:00,Maryland (State),RIVER RD,VIOLETTES LOCK RD,SINGLE VEHICLE,CLEAR,Unknown,DAYLIGHT,NO CONTROLS,NONE DETECTED,Yes,Possible Injury,UNKNOWN,MD,Passenger Car,50,2007.0,Hond,2S,8,Tuesday,7
EJ78870053,240059594,GAITHERSBURG,Injury Crash,2024-12-13 11:35:00,Maryland (State) Route,S FREDERICK RD (SB/L),Unknown,Single Vehicle,Clear,Dry,Daylight,Traffic Control Signal,"Not Suspect of Alcohol Use, Not Suspect of Drug Use",No,Possible Injury,Not Distracted,MD,Passenger Car,30,2020.0,Honda,CIVIC,11,Friday,12
EJ78580091,240023891,GAITHERSBURG,Injury Crash,2024-05-21 07:00:00,Unknown,Unknown,Unknown,Single Vehicle,Clear,Unknown,Daylight,Unknown,"Not Suspect of Alcohol Use, Not Suspect of Drug Use",No,Possible Injury,Unknown,MD,Passenger Car,0,2013.0,Toyota,AVALON,7,Tuesday,5
MCP25980016,17005124,Montgomery County Police,Property Damage Crash,2017-01-29 20:38:00,Maryland (State),GEORGIA AVE,FOREST GLEN RD,HEAD ON LEFT TURN,CLEAR,Unknown,DARK LIGHTS ON,TRAFFIC SIGNAL,NONE DETECTED,No,No Apparent Injury,NOT DISTRACTED,MD,Passenger Car,35,2012.0,Toyota,CAMRY,20,Sunday,1
MCP2738001C,16014737,MONTGOMERY,Property Damage Crash,2016-03-25 16:49:00,County,TECH RD,INDUSTRIAL PKWY,SAME DIR REAR END,CLEAR,DRY,DAYLIGHT,NO CONTROLS,NONE DETECTED,Yes,No Apparent Injury,OTHER DISTRACTION,MD,Passenger Car,35,2013.0,Ford,ESCAPE,16,Friday,3
MCP241100BQ,230029733,Montgomery County Police,Injury Crash,2023-06-21 09:21:00,County,RANDOLPH RD,PARKLAWN DR,SAME DIRECTION RIGHT TURN,RAINING,WET,DAYLIGHT,TRAFFIC SIGNAL,NONE DETECTED,Yes,Possible Injury,LOOKED BUT DID NOT SEE,MD,Passenger Car,35,1996.0,Toyota,CAMRY,9,Wednesday,6
MCP3076001Q,180032990,Montgomery County Police,Property Damage Crash,2018-07-04 14:35:00,US (State),COLESVILLE RD,FENTON ST,SAME DIRECTION SIDESWIPE,CLEAR,DRY,DAYLIGHT,NO CONTROLS,NONE DETECTED,No,No Apparent Injury,NOT DISTRACTED,MD,Passenger Car,25,2013.0,Lexus,TRUCK,14,Wednesday,7
MCP2932004J,210012609,Montgomery County Police,Property Damage Crash,2021-04-04 23:56:00,Maryland (State),PINEY BRANCH RD,SLIGO CREEK PKWY,SAME DIR REAR END,CLEAR,DRY,DARK LIGHTS ON,TRAFFIC SIGNAL,UNKNOWN,Yes,No Apparent Injury,UNKNOWN,Unknown,Passenger Car,35,2006.0,Dodge,CHARGER,23,Sunday,4
MCP27220026,17000086,Montgomery County Police,Injury Crash,2017-01-01 10:09:00,Maryland (State),VEIRS MILL RD,ROBINDALE DR,STRAIGHT MOVEMENT ANGLE,CLEAR,DRY,DAYLIGHT,TRAFFIC SIGNAL,Unknown,No,Possible Injury,NOT DISTRACTED,MD,Passenger Car,25,2015.0,Acura,TK,10,Sunday,1
MCP9321001X,180004776,Montgomery County Police,Injury Crash,2018-01-28 12:58:00,Maryland (State),GEORGIA AVE,ENT TO SHOPPING CENTER,HEAD ON,RAINING,WET,DAYLIGHT,NO CONTROLS,ALCOHOL CONTRIBUTED,Yes,No Apparent Injury,UNKNOWN,NC,Passenger Car,45,2008.0,Ford,MUSTANG,12,Sunday,1
MCP26670087,220045024,Montgomery County Police,Property Damage Crash,2022-10-14 11:20:00,County,GOSHEN RD,STEWARTOWN RD,STRAIGHT MOVEMENT ANGLE,CLEAR,DRY,DAYLIGHT,STOP SIGN,NONE DETECTED,Yes,No Apparent Injury,LOOKED BUT DID NOT SEE,MD,Passenger Car,35,2015.0,Toyota,PRIUS,11,Friday,10
MCP3109005R,210029791,Montgomery County Police,Injury Crash,2021-08-01 07:45:00,County,SEMINARY RD,GEORGIA AVE,SAME DIRECTION LEFT TURN,CLEAR,DRY,DAYLIGHT,TRAFFIC SIGNAL,NONE DETECTED,No,Suspected Minor Injury,NOT DISTRACTED,MD,Transit Bus,35,2009.0,Gillig,BUS,7,Sunday,8
MCP20090029,22028867,Montgomery County Police,Injury Crash,2022-07-05 19:00:00,Maryland (State),OLD GEORGETOWN RD,ROCK SPRING DR,STRAIGHT MOVEMENT ANGLE,CLEAR,DRY,DAYLIGHT,TRAFFIC SIGNAL,NONE DETECTED,No,Suspected Minor Injury,NOT DISTRACTED,MD,Passenger Car,35,2007.0,Honda,CR-V,19,Tuesday,7
MCP29820044,210029269,Montgomery County Police,Injury Crash,2021-07-28 15:12:00,Maryland (State),GEORGIA AVE,CAMERON ST,OTHER,Unknown,DRY,DAYLIGHT,TRAFFIC SIGNAL,NONE DETECTED,Yes,No Apparent Injury,INATTENTIVE OR LOST IN THOUGHT,VA,Passenger Car,35,2016.0,Ford,F150,15,Wednesday,7
DD56010019,15047599,ROCKVILLE,Property Damage Crash,2015-09-19 21:28:00,Maryland (State),ROCKVILLE PIKE,CONGRESSIONAL LA,HEAD ON,CLEAR,DRY,DARK LIGHTS ON,TRAFFIC SIGNAL,Unknown,Yes,No Apparent Injury,UNKNOWN,MD,Passenger Car,40,2006.0,Chrysler,PT CRUISER,21,Saturday,9
EJ7839001B,16025129,Gaithersburg Police Depar,Injury Crash,2016-05-20 16:50:00,Municipality,WATKINS MILL RD,FREDERICK RD,SAME DIR REAR END,CLEAR,DRY,DAYLIGHT,NO CONTROLS,NONE DETECTED,No,No Apparent Injury,NOT DISTRACTED,MD,Passenger Car,25,2010.0,Volvo,XC60,16,Friday,5
MCP2745001X,170524561,Montgomery County Police,Injury Crash,2017-08-13 23:20:00,County,SNOUFFERS SCHOOL RD,ALLISTON HOLLOW WAY,HEAD ON,CLEAR,WET,DARK LIGHTS ON,NO CONTROLS,Unknown,No,Possible Injury,NOT DISTRACTED,MD,Passenger Car,35,2000.0,Honda,CRV,23,Sunday,8
EJ7876006R,240001758,GAITHERSBURG,Injury Crash,2024-01-11 15:00:00,Maryland (State) Route,CLOPPER RD (WB/L),Unknown,"Sideswipe, Same Direction",Clear,Dry,Daylight,Traffic Control Signal,"Not Suspect of Alcohol Use, Not Suspect of Drug Use",No,Possible Injury,Not Distracted,MD,Passenger Car,35,2022.0,Honda,PILOT,15,Thursday,1
DD5610002V,170516612,Rockville Police Departme,Property Damage Crash,2017-06-30 13:13:00,Unknown,Unknown,Unknown,STRAIGHT MOVEMENT ANGLE,CLEAR,Unknown,DAYLIGHT,NO CONTROLS,NONE DETECTED,Yes,No Apparent Injury,UNKNOWN,MD,Passenger Car,15,2014.0,Chev,TK,13,Friday,6
MCP3026005W,200046426,Montgomery County Police,Injury Crash,2020-11-24 13:53:00,Maryland (State),ROCKVILLE PIKE,SPUR FR MD 187,SAME DIR REAR END,Unknown,DRY,DAYLIGHT,TRAFFIC SIGNAL,NONE DETECTED,No,Suspected Minor Injury,NOT DISTRACTED,MD,Passenger Car,35,2018.0,Toyota,COROLLA,13,Tuesday,11
MCP219800BJ,220011748,Montgomery County Police,Property Damage Crash,2022-03-18 17:49:00,Maryland (State),CLOPPER RD,LONGDRAFT RD,ANGLE MEETS RIGHT TURN,CLEAR,DRY,DAYLIGHT,TRAFFIC SIGNAL,Unknown,Yes,No Apparent Injury,UNKNOWN,MD,Passenger Car,35,2022.0,Kia,SUV,17,Friday,3
MCP2950001R,180056420,Montgomery County Police,Property Damage Crash,2018-11-10 03:46:00,County,GERMANTOWN RD,BLUNT RD,SAME DIR REAR END,CLEAR,DRY,DARK LIGHTS ON,NO CONTROLS,Unknown,No,No Apparent Injury,NOT DISTRACTED,MD,Passenger Car,40,2007.0,Honda,CIVIC,3,Saturday,11
MCP3138007D,240056964,MONTGOMERY,Property Damage Crash,2024-11-27 13:57:00,County Route,BORDLY DR,Unknown,Single Vehicle,Clear,Dry,Daylight,No Controls,"Not Suspect of Alcohol Use, Suspect of Drug Use",Yes,No Apparent Injury,"Other Action (looking away from task, etc.)",MD,Passenger Car,30,2005.0,Ford,FIVE HUNDRED,13,Wednesday,11
MCP1121002Y,170528014,Montgomery County Police,Property Damage Crash,2017-08-31 16:30:00,County,AIRPARK RD,WOODFIELD RD,SAME DIR REAR END,CLEAR,DRY,DAYLIGHT,TRAFFIC SIGNAL,NONE DETECTED,No,No Apparent Injury,NOT DISTRACTED,MD,Passenger Car,45,2004.0,Toyota,CAMRY,16,Thursday,8
MCP28130062,180062532,Montgomery County Police,Property Damage Crash,2018-12-14 18:30:00,County,RANDOLPH RD,HEURICH RD,ANGLE MEETS LEFT TURN,RAINING,WET,DARK LIGHTS ON,Unknown,Unknown,No,No Apparent Injury,NOT DISTRACTED,MD,Passenger Car,35,2009.0,Toyt,SEDAN,18,Friday,12
MCP1227000S,180049147,Montgomery County Police,Fatal Crash,2018-10-01 23:42:00,Maryland (State),VEIRS MILL RD,PARKLAWN SOCCER FIELDS,SAME DIR REAR END,CLEAR,DRY,DARK -- UNKNOWN LIGHTING,NO CONTROLS,NONE DETECTED,Unknown,No Apparent Injury,NOT DISTRACTED,MD,Passenger Car,40,2018.0,Toyota,COROLLA IM,23,Monday,10
MCP24660063,250028175,MONTGOMERY,Property Damage Crash,2025-06-24 16:14:00,Maryland (State) Route,GERMANTOWN RD,Unknown,"Sideswipe, Opposite Direction",Clear,Dry,Daylight,No Controls,"Not Suspect of Alcohol Use, Not Suspect of Drug Use",Yes,No Apparent Injury,Unknown,MD,Passenger Car,40,2013.0,Chrysler,300,16,Tuesday,6
MCP2816004Q,250038086,MONTGOMERY,Injury Crash,2025-08-26 06:29:00,Maryland (State) Route,DARNESTOWN RD,Unknown,Angle,Clear,Dry,Daylight,No Controls,"Not Suspect of Alcohol Use, Not Suspect of Drug Use",Yes,No Apparent Injury,Not Distracted,MD,Passenger Car,30,2024.0,Toyota,TACOMA,6,Tuesday,8
MCP2682001F,180051033,Montgomery County Police,Injury Crash,2018-10-12 08:45:00,County,EAST VILLAGE AVE,SILVERFIELD DR,SAME DIR REND LEFT TURN,Unknown,DRY,DAYLIGHT,Unknown,NONE DETECTED,Yes,No Apparent Injury,UNKNOWN,MD,Passenger Car,30,2005.0,Honda,PILOT,8,Friday,10
EJ78730096,240023663,GAITHERSBURG,Property Damage Crash,2024-05-19 18:14:00,Unknown,Unknown,Unknown,Front to Rear,Clear,Unknown,Daylight,Unknown,"Not Suspect of Alcohol Use, Not Suspect of Drug Use",No,No Apparent Injury,Not Distracted,MD,Sport Utility Vehicle,0,2018.0,Chevrolet,TRAVERSE,18,Sunday,5
MCP2291003Q,190029140,Montgomery County Police,Property Damage Crash,2019-06-18 15:25:00,County,ROSS RD,SPENCER RD,SAME DIRECTION SIDESWIPE,CLEAR,DRY,DAYLIGHT,NO CONTROLS,NONE DETECTED,Yes,No Apparent Injury,NOT DISTRACTED,MD,Passenger Car,25,2019.0,Acura,TLX,15,Tuesday,6
DD56330066,210042643,Rockville Police Departme,Injury Crash,2021-10-23 12:30:00,Maryland (State),VEIRS MILL RD,EDMONSTON DR,SAME DIR REAR END,CLEAR,DRY,DAYLIGHT,NO CONTROLS,NONE DETECTED,No,Possible Injury,NOT DISTRACTED,MD,Passenger Car,35,2018.0,Chevrolet,CRUZE,12,Saturday,10
MCP32420022,240041652,MONTGOMERY,Injury Crash,2024-09-03 08:08:00,Unknown,Unknown,Unknown,Single Vehicle,Clear,Unknown,Daylight,Unknown,"Not Suspect of Alcohol Use, Not Suspect of Drug Use",No,Possible Injury,Not Distracted,MD,Sport Utility Vehicle,0,2015.0,Chevrolet,SUBURBAN,8,Tuesday,9
MCP3168002P,210008365,Montgomery County Police,Injury Crash,2021-03-05 15:50:00,Maryland (State),VEIRS MILL RD,TWINBROOK PKWY,SAME DIR REAR END,CLEAR,DRY,DAYLIGHT,TRAFFIC SIGNAL,Unknown,Yes,No Apparent Injury,LOOKED BUT DID NOT SEE,MD,Passenger Car,40,2019.0,Nissan,KICKS,15,Friday,3
MCP2750001W,16006787,Montgomery County Police,Injury Crash,2016-02-09 19:05:00,County,RANDOLPH RD,JUDSON RD,SAME DIR REAR END,CLEAR,DRY,DARK NO LIGHTS,NO CONTROLS,NONE DETECTED,No,No Apparent Injury,NOT DISTRACTED,MD,Passenger Car,35,2003.0,Ford,EXPEDITION,19,Tuesday,2
MCP28920049,180007076,Montgomery County Police,Property Damage Crash,2018-02-10 16:38:00,Unknown,Unknown,Unknown,STRAIGHT MOVEMENT ANGLE,RAINING,Unknown,DARK LIGHTS ON,TRAFFIC SIGNAL,NONE DETECTED,Yes,No Apparent Injury,NOT DISTRACTED,XX,Passenger Car,35,2001.0,Ford,TK,16,Saturday,2
MCP209400FL,190059630,Montgomery County Police,Injury Crash,2019-12-11 08:36:00,Maryland (State),RIVER RD,WINSTON DR,SAME DIR REAR END,CLEAR,WET,DAYLIGHT,NO CONTROLS,NONE DETECTED,No,No Apparent Injury,NOT DISTRACTED,MD,(Sport) Utility Vehicle,35,2016.0,Toyta,HIGHLANDER,8,Wednesday,12
MCP28740018,16016806,Montgomery County Police,Property Damage Crash,2016-04-06 16:12:00,Maryland (State),VEIRS MILL RD,ENT TO WHEATON PLAZA,SAME DIR REAR END,CLEAR,DRY,DAYLIGHT,TRAFFIC SIGNAL,NONE DETECTED,No,No Apparent Injury,NOT DISTRACTED,DC,Transit Bus,35,2013.0,Nwfl,BU,16,Wednesday,4
EJ79080018,250002364,GAITHERSBURG,Property Damage Crash,2025-01-17 12:00:00,Unknown,Unknown,Unknown,Angle,Clear,Unknown,Daylight,Unknown,"Not Suspect of Alcohol Use, Not Suspect of Drug Use",No,No Apparent Injury,Not Distracted,MD,Pickup,0,2021.0,Chevrolet,EXPRESS,12,Friday,1
MCP29340024,16060742,Montgomery County Police,Injury Crash,2016-11-26 14:06:00,Government,LITTLE FALLS PKWY,RIVER RD,SAME DIR REAR END,CLEAR,DRY,DAYLIGHT,TRAFFIC SIGNAL,NONE DETECTED,Yes,No Apparent Injury,LOOKED BUT DID NOT SEE,DC,Passenger Car,25,2000.0,Honda,2S,14,Saturday,11
MCP2738001Y,16060155,Montgomery County Police,Property Damage Crash,2016-11-22 20:48:00,County,N MICA CT,S MICA CT (BACK),OTHER,CLEAR,DRY,DARK LIGHTS ON,NO CONTROLS,Unknown,Yes,No Apparent Injury,LOOKED BUT DID NOT SEE,MD,Fire Vehicle/Emergency,25,2016.0,Pierce,FIRE TRUCK,20,Tuesday,11
MCP31440038,250021545,MONTGOMERY,Property Damage Crash,2025-05-15 23:01:00,Maryland (State) Route,KNOWLES AVE,Unknown,Single Vehicle,Clear,Dry,Dark - Lighted,No Controls,"Not Suspect of Alcohol Use, Not Suspect of Drug Use",No,No Apparent Injury,Not Distracted,MD,Passenger Car,25,2012.0,Toyota,PRIUS V,23,Thursday,5
DD5598000V,16036486,Rockville Police Departme,Injury Crash,2016-07-19 09:37:00,Maryland (State),VEIRS MILL RD,ENT TO SHOPPING CENTER,SAME DIR REAR END,CLEAR,DRY,DAYLIGHT,NO CONTROLS,Unknown,No,Possible Injury,NOT DISTRACTED,MD,Other,35,2004.0,Chev,EXPRESS,9,Tuesday,7
MCP25160058,240037551,MONTGOMERY,Property Damage Crash,2024-08-09 09:18:00,County Route,BRANDERMILL DR,Unknown,"Sideswipe, Same Direction",Rain,Wet,Daylight,No Controls,"Not Suspect of Alcohol Use, Not Suspect of Drug Use",No,No Apparent Injury,Not Distracted,MD,Passenger Car,25,2012.0,Honda,CIVIC,9,Friday,8
MCP30630011,180046339,Montgomery County Police,Property Damage Crash,2018-09-16 21:08:00,US (State),COLUMBIA PIKE,FAIRLAND RD,SAME DIR REAR END,CLEAR,Unknown,DARK LIGHTS ON,TRAFFIC SIGNAL,Unknown,No,No Apparent Injury,NOT DISTRACTED,MD,Passenger Car,50,2016.0,Toyota,CAMRY,21,Sunday,9
MCP29040037,170502397,Montgomery County Police,Property Damage Crash,2017-04-16 00:30:00,US (State),COLUMBIA PIKE,STEWART LA,SINGLE VEHICLE,Unknown,WET,Unknown,NO CONTROLS,NONE DETECTED,No,No Apparent Injury,NOT DISTRACTED,MD,Passenger Car,45,1999.0,Honda,CRV,0,Sunday,4
MCP2635003W,170508913,Montgomery County Police,Injury Crash,2017-05-20 17:42:00,Maryland (State),NORBECK RD,BRADFORD RD,SAME DIR REAR END,CLEAR,DRY,DAYLIGHT,NO CONTROLS,Unknown,No,No Apparent Injury,NOT DISTRACTED,MD,Passenger Car,40,2006.0,Bmw,E90,17,Saturday,5
MCP27280043,170525938,Montgomery County Police,Property Damage Crash,2017-08-20 23:08:00,Maryland (State),UNIVERSITY BLVD E,LEXINGTON DR,SAME DIRECTION SIDESWIPE,CLEAR,DRY,DARK LIGHTS ON,NO CONTROLS,ALCOHOL PRESENT,Yes,No Apparent Injury,INATTENTIVE OR LOST IN THOUGHT,MD,Passenger Car,35,2011.0,Acura,TSX,23,Sunday,8
MCP20470018,170502549,Montgomery County Police,Injury Crash,2017-04-19 11:50:00,County,SOUTHLAWN LA,AVERY RD,STRAIGHT MOVEMENT ANGLE,CLOUDY,DRY,DAYLIGHT,NO CONTROLS,NONE DETECTED,No,No Apparent Injury,NOT DISTRACTED,MD,Pickup Truck,25,1999.0,Ford,F150,11,Wednesday,4
MCP2861005Z,230034963,Montgomery County Police,Injury Crash,2023-07-22 18:58:00,Unknown,Unknown,Unknown,SINGLE VEHICLE,CLEAR,Unknown,DAYLIGHT,NO CONTROLS,NONE DETECTED,Yes,No Apparent Injury,NOT DISTRACTED,MD,Passenger Car,25,2022.0,Volvo,C60,18,Saturday,7
MCP3050005V,240024478,MONTGOMERY,Injury Crash,2024-05-23 16:40:00,Maryland (State) Route,GEORGIA AVE,Unknown,Front to Rear,Clear,Dry,Daylight,Traffic Control Signal,"Not Suspect of Alcohol Use, Not Suspect of Drug Use",No,No Apparent Injury,Not Distracted,MD,Pickup,45,2016.0,Ford,F-150,16,Thursday,5
MCP20920005,190043951,Montgomery County Police,Property Damage Crash,2019-09-13 20:30:00,County,SNOWDEN FARM PKWY,GRAND ELM ST,HEAD ON LEFT TURN,CLEAR,DRY,DARK LIGHTS ON,TRAFFIC SIGNAL,NONE DETECTED,No,No Apparent Injury,NOT DISTRACTED,MD,Passenger Car,40,2016.0,Nissan,SENTRA,20,Friday,9
MCP25880026,17010631,Montgomery County Police,Property Damage Crash,2017-02-28 07:15:00,Maryland (State),GEORGIA AVE,NORBECK RD,SAME DIR REAR END,CLEAR,DRY,DAYLIGHT,NO CONTROLS,NONE DETECTED,Yes,No Apparent Injury,NOT DISTRACTED,MD,Passenger Car,50,2016.0,Bmw,328I,7,Tuesday,2
MCP2203008R,240057197,MONTGOMERY,Property Damage Crash,2024-11-29 13:06:00,County Route,FRANWALL AVE,Unknown,"Sideswipe, Same Direction",Clear,Dry,Daylight,No Controls,"Not Suspect of Alcohol Use, Not Suspect of Drug Use",Yes,No Apparent Injury,Not Distracted,MD,Van - Cargo,25,2022.0,Ford,TRANSIT,13,Friday,11
MCP1221002S,16058774,Montgomery County Police,Injury Crash,2016-11-15 06:42:00,County,AIRPARK RD,MUNCASTER MILL RD,HEAD ON LEFT TURN,CLOUDY,WET,DAWN,NO CONTROLS,NONE DETECTED,Yes,No Apparent Injury,UNKNOWN,MD,Passenger Car,45,2003.0,Ford,TK,6,Tuesday,11
MCP2846009X,240053852,MONTGOMERY,Injury Crash,2024-11-09 16:13:00,Maryland (State) Route,VEIRS MILL RD (WB/L),Unknown,Front to Rear,Clear,Dry,Daylight,No Controls,"Suspect of Alcohol Use, Not Suspect of Drug Use",Yes,No Apparent Injury,Unknown,MD,Passenger Car,35,2020.0,Chevrolet,IMPALA,16,Saturday,11
MCP25650034,16052131,Montgomery County Police,Property Damage Crash,2016-10-10 17:23:00,Municipality,PLYERS MILL RD,LEXINGTON ST,SAME DIR REAR END,CLEAR,DRY,DAYLIGHT,NO CONTROLS,NONE DETECTED,Yes,No Apparent Injury,LOOKED BUT DID NOT SEE,MD,(Sport) Utility Vehicle,25,1999.0,Toyota,4RUNNER,17,Monday,10
MCP2046005D,16020852,Montgomery County Police,Injury Crash,2016-04-28 07:02:00,Maryland (State),SANDY SPRING RD,RIDING STABLE RD,ANGLE MEETS LEFT TURN,CLOUDY,DRY,DAYLIGHT,STOP SIGN,ALCOHOL PRESENT,Yes,No Apparent Injury,NOT DISTRACTED,MD,Passenger Car,45,1999.0,Toyota,SOLARA,7,Thursday,4