Report Number,Local Case Number,Agency Name,ACRS Report Type,Crash Date/Time,Route Type,Road Name,Cross-Street Name,Collision Type,Weather,Surface Condition,Light,Traffic Control,Driver Substance Abuse,Driver At Fault,Injury Severity,Driver Distracted By,Drivers License State,Vehicle Body Type,Speed Limit,Vehicle Year,Vehicle Make,Vehicle Model,Crash Hour,Crash Day,Crash Month
MCP2535000V,17015389,Montgomery County Police,Property Damage Crash,2017-03-26 05:07:00,County,ARCOLA AVE,IVYDALE ST,SAME DIRECTION SIDESWIPE,CLEAR,DRY,DARK LIGHTS ON,NO CONTROLS,ALCOHOL CONTRIBUTED,Yes,No Apparent Injury,NOT DISTRACTED,MD,Passenger Car,25,2012.0,Acura,TL,5,Sunday,3
MCP120500B8,230071634,Montgomery County Police,Property Damage Crash,2023-12-14 08:13:00,Maryland (State),EAST WEST HWY,MEADOWBROOK LA,SAME DIR REAR END,CLEAR,ICE,DAYLIGHT,TRAFFIC SIGNAL,NONE DETECTED,No,No Apparent Injury,NOT DISTRACTED,MD,Passenger Car,30,2021.0,Toyota,HIGHLANDER,8,Thursday,12
MCP30510037,190034711,Montgomery County Police,Property Damage Crash,2019-07-21 19:00:00,County,WESTLAKE TERR,RAMP 5 FR IS 270Y SB TO WESTLAKE TERR,OTHER,RAINING,WET,DARK LIGHTS ON,TRAFFIC SIGNAL,NONE DETECTED,No,No Apparent Injury,NOT DISTRACTED,MD,Transit Bus,30,2013.0,New Flyer,XDE40,19,Sunday,7
MCP06850036,170520316,Montgomery County Police,Property Damage Crash,2017-07-21 08:48:00,County,E GUDE DR,FREDERICK RD,SAME DIR REAR END,CLEAR,DRY,DAYLIGHT,TRAFFIC SIGNAL,NONE DETECTED,Yes,No Apparent Injury,NOT DISTRACTED,MD,Passenger Car,35,1998.0,Toyt,4DR,8,Friday,7
MCP31650010,190007948,Montgomery County Police,Injury Crash,2019-02-19 08:15:00,US (State),COLUMBIA PIKE,GREENCASTLE RD,SAME DIR REAR END,CLEAR,DRY,DAYLIGHT,Unknown,Unknown,No,Possible Injury,NOT DISTRACTED,MD,Passenger Car,50,2018.0,Toyota,CAMRY,8,Tuesday,2
MCP242500BP,170551002,Montgomery County Police,Property Damage Crash,2017-12-28 08:27:00,Maryland (State),NEW HAMPSHIRE AVE,POWDER MILL RD,SINGLE VEHICLE,CLEAR,DRY,DAYLIGHT,TRAFFIC SIGNAL,NONE DETECTED,Yes,No Apparent Injury,LOOKED BUT DID NOT SEE,MD,Passenger Car,40,2017.0,Toyota,COROLLA,8,Thursday,12
MCP2305003C,240016261,MONTGOMERY,Property Damage Crash,2024-04-07 22:08:00,Private Route,Unknown,Unknown,Single Vehicle,Clear,Dry,Dark - Lighted,No Controls,"Not Suspect of Alcohol Use, Not Suspect of Drug Use",Yes,No Apparent Injury,Unknown,MD,Pickup,25,2015.0,Chevrolet,COLORADO,22,Sunday,4
MCP3031005Q,240037463,MONTGOMERY,Property Damage Crash,2024-08-08 16:00:00,Unknown,Unknown,Unknown,Single Vehicle,Rain,Unknown,Daylight,Unknown,"Not Suspect of Alcohol Use, Not Suspect of Drug Use",Yes,No Apparent Injury,Not Distracted,MD,Passenger Car,0,2000.0,Unknown,UNKNOWN,16,Thursday,8
MCP3328000J,220012677,Montgomery County Police,Injury Crash,2022-03-24 13:10:00,Maryland (State),VEIRS MILL RD,VALLEYWOOD DR,SAME DIR REAR END,CLEAR,DRY,DAYLIGHT,NO CONTROLS,NONE DETECTED,No,Suspected Minor Injury,NOT DISTRACTED,MD,Passenger Car,40,2021.0,Toyt,UT,13,Thursday,3
MCP13820022,15014525,Montgomery County Police,Property Damage Crash,2015-03-30 08:30:00,US (State),COLUMBIA PIKE,LOCKWOOD DR,SAME DIR REAR END,CLEAR,DRY,DAYLIGHT,TRAFFIC SIGNAL,NONE DETECTED,No,No Apparent Injury,NOT DISTRACTED,MD,Van,40,2007.0,Honda,ODYSSEY,8,Monday,3
MCP3229001J,220020710,Montgomery County Police,Property Damage Crash,2022-05-15 16:50:00,County,PADDOCK LA,MISSIONWOOD WAY,SINGLE VEHICLE,CLEAR,DRY,DAYLIGHT,NO CONTROLS,NONE DETECTED,Yes,No Apparent Injury,NOT DISTRACTED,MD,Passenger Car,25,2016.0,Subaru,LEGACY,16,Sunday,5
MCP0617006R,250010594,MONTGOMERY,Injury Crash,2025-03-10 16:00:00,Unknown,Unknown,Unknown,Single Vehicle,Clear,Unknown,Daylight,Unknown,"Unknown, Unknown",No,Unknown,Unknown,Unknown,Sport Utility Vehicle,0,9999.0,Unknown,UNKNOWN,16,Monday,3
MCP3192006F,250044825,MONTGOMERY,Injury Crash,2025-10-05 19:34:00,County Route,RANDOLPH RD (WB/L),Unknown,Front to Rear,Clear,Dry,Dark - Lighted,Traffic Control Signal,"Not Suspect of Alcohol Use, Not Suspect of Drug Use",Yes,No Apparent Injury,Unknown,MD,Passenger Car,35,2012.0,Jeep,GRAND CHEROKEE,19,Sunday,10
MCP27770034,16063071,Montgomery County Police,Injury Crash,2016-12-08 18:02:00,Maryland (State),BRADLEY BLVD,DURBIN RD,SAME DIR REAR END,CLEAR,DRY,DARK NO LIGHTS,NO CONTROLS,NONE DETECTED,No,Possible Injury,NOT DISTRACTED,MD,Police Vehicle/Non Emergency,30,2008.0,Dodge,CHARGER,18,Thursday,12
DD5502005F,190046515,Rockville Police Departme,Injury Crash,2019-09-28 11:56:00,County,TWINBROOK PKWY,VEIRS MILL RD,SAME DIR REAR END,CLOUDY,DRY,DAYLIGHT,NO CONTROLS,NONE DETECTED,No,Suspected Minor Injury,NOT DISTRACTED,MD,Passenger Car,25,2016.0,Hyun,4D,11,Saturday,9
MCP3230004M,230055274,Montgomery County Police,Property Damage Crash,2023-09-16 18:40:00,Maryland (State),VEIRS MILL RD,TURKEY BRANCH PKWY,SAME DIR REAR END,CLEAR,DRY,DAYLIGHT,TRAFFIC SIGNAL,NONE DETECTED,No,No Apparent Injury,NOT DISTRACTED,MD,Passenger Car,35,2015.0,Toyota,COROLLA,18,Saturday,9
MCP15660012,180054266,Montgomery County Police,Injury Crash,2018-10-29 22:55:00,County,E GUDE DR,DOVER RD,SINGLE VEHICLE,Unknown,Unknown,DARK LIGHTS ON,NO CONTROLS,NONE DETECTED,No,Possible Injury,NOT DISTRACTED,MD,Passenger Car,40,2017.0,Audi,A4,22,Monday,10
MCP209400BH,180022954,Montgomery County Police,Injury Crash,2018-05-10 07:56:00,Maryland (State),RIVER RD,BRAEBURN PKWY,SAME DIR REAR END,CLEAR,DRY,DAYLIGHT,NO CONTROLS,NONE DETECTED,Yes,Possible Injury,NOT DISTRACTED,MD,Station Wagon,45,2016.0,Subaru,FORESTER,7,Thursday,5
MCP137800J4,170529957,Montgomery County Police,Injury Crash,2017-09-11 18:12:00,Interstate (State),NO NAME,CROSSOVER,SAME DIR REAR END,CLOUDY,DRY,DAYLIGHT,NO CONTROLS,NONE DETECTED,Yes,Possible Injury,NOT DISTRACTED,MD,Passenger Car,55,2014.0,Mercedes,CLS 550,18,Monday,9
MCP2710002K,190004788,Montgomery County Police,Injury Crash,2019-01-30 18:00:00,Maryland (State),S FREDERICK RD,CENTRAL AVE,SAME DIR REAR END,Unknown,DRY,DARK LIGHTS ON,Unknown,NONE DETECTED,No,Possible Injury,NOT DISTRACTED,MD,Passenger Car,40,2016.0,Niss,4S,18,Wednesday,1
MCP27760010,15026957,Montgomery County Police,Injury Crash,2015-06-03 23:27:00,County,BEL PRE RD,BIG BEAR CT,SAME DIR REAR END,CLEAR,DRY,DARK LIGHTS ON,NO CONTROLS,NONE DETECTED,No,Suspected Minor Injury,NOT DISTRACTED,MD,Passenger Car,35,2007.0,Toyota,4S,23,Wednesday,6
MCP9379001D,170524283,Montgomery County Police,Property Damage Crash,2017-08-11 10:37:00,County,E GUDE DR,CECIL ST,SAME DIR REAR END,CLOUDY,DRY,DAYLIGHT,TRAFFIC SIGNAL,NONE DETECTED,No,No Apparent Injury,NOT DISTRACTED,MD,Passenger Car,40,2015.0,Merz,ML350,10,Friday,8
MCP3168004W,220047900,Montgomery County Police,Injury Crash,2022-10-31 20:46:00,County,REDLAND RD,GRANDE VISTA DR,HEAD ON LEFT TURN,RAINING,WET,DARK LIGHTS ON,STOP SIGN,NONE DETECTED,No,No Apparent Injury,NOT DISTRACTED,MD,Passenger Car,35,2004.0,Hyundai,XG350,20,Monday,10
MCP1575005B,170517792,Montgomery County Police,Property Damage Crash,2017-07-07 11:17:00,County,PARKLAWN DR,TWINBROOK PKWY,SAME DIRECTION RIGHT TURN,CLEAR,DRY,DAYLIGHT,TRAFFIC SIGNAL,NONE DETECTED,No,No Apparent Injury,NOT DISTRACTED,DC,Passenger Car,30,2012.0,Bmw,650,11,Friday,7
MCP2305002P,230007619,Montgomery County Police,Property Damage Crash,2023-02-14 23:33:00,Maryland (State),LAYTONSVILLE RD,ROCKY RD,SINGLE VEHICLE,CLEAR,DRY,DARK NO LIGHTS,NO CONTROLS,NONE DETECTED,Yes,No Apparent Injury,NOT DISTRACTED,MD,Passenger Car,50,2022.0,Tesla,MODEL 3,23,Tuesday,2
MCP3214001G,220010609,Montgomery County Police,Injury Crash,2022-03-11 20:23:00,County,CRYSTAL ROCK DR,CLOVERLEAF CENTER DR,ANGLE MEETS LEFT TURN,CLEAR,DRY,DARK LIGHTS ON,STOP SIGN,NONE DETECTED,Yes,Suspected Minor Injury,LOOKED BUT DID NOT SEE,MD,(Sport) Utility Vehicle,35,2019.0,Nissan,ROGUE,20,Friday,3
MCP33550016,240026468,MONTGOMERY,Injury Crash,2024-06-04 08:48:00,County Route,RIPLEY ST,GEORGIA AVE,Single Vehicle,Clear,Dry,Daylight,No Controls,"Not Suspect of Alcohol Use, Not Suspect of Drug Use",No,No Apparent Injury,Not Distracted,MD,Passenger Car,30,2017.0,Chevrolet,CAMARO,8,Tuesday,6
MCP3375000F,230026677,Montgomery County Police,Injury Crash,2023-06-03 15:00:00,Maryland (State),GEORGIA AVE,BEL PRE RD,HEAD ON LEFT TURN,CLEAR,DRY,DAYLIGHT,TRAFFIC SIGNAL,NONE DETECTED,No,No Apparent Injury,NOT DISTRACTED,MD,Passenger Car,45,2013.0,Honda,4S,15,Saturday,6
MCP30640043,220003893,Montgomery County Police,Property Damage Crash,2022-01-29 10:45:00,County,COLIE DR,RANDOLPH RD,STRAIGHT MOVEMENT ANGLE,SNOW,SNOW,DAYLIGHT,TRAFFIC SIGNAL,NONE DETECTED,Yes,No Apparent Injury,UNKNOWN,MD,Passenger Car,25,2007.0,Suzuki,GVT,10,Saturday,1
DD56360012,190055790,Rockville Police Departme,Property Damage Crash,2019-11-19 08:45:00,Unknown,Unknown,Unknown,HEAD ON,CLEAR,Unknown,DAYLIGHT,NO CONTROLS,NONE DETECTED,Yes,No Apparent Injury,LOOKED BUT DID NOT SEE,MD,Passenger Car,5,2011.0,Dodge,DURANGO,8,Tuesday,11
EJ78260032,180010048,Gaithersburg Police Depar,Property Damage Crash,2018-02-27 07:15:00,Maryland (State),QUINCE ORCHARD RD,PURCHASE ST,SAME DIR REAR END,Unknown,DRY,DAYLIGHT,Unknown,Unknown,Yes,No Apparent Injury,LOOKED BUT DID NOT SEE,IL,Passenger Car,40,2017.0,Hyun,SONATA,7,Tuesday,2
MCP2617006L,18006174,Montgomery County Police,Property Damage Crash,2018-12-10 18:10:00,Maryland (State),CONNECTICUT AVE,ATHERTON DR,SAME DIR REAR END,CLEAR,DRY,DARK LIGHTS ON,NO CONTROLS,NONE DETECTED,No,No Apparent Injury,NOT DISTRACTED,MD,Passenger Car,40,2006.0,Honda,ACCORD,18,Monday,12
MCP3411002B,250026228,MONTGOMERY,Property Damage Crash,2025-06-12 15:21:00,Ramp,RAMP 4 FR IS 270 NB TO MONTROSE RD EB,Unknown,Front to Rear,Clear,Dry,Daylight,No Controls,"Not Suspect of Alcohol Use, Not Suspect of Drug Use",No,No Apparent Injury,Not Distracted,MD,Passenger Car,35,2021.0,Toyota,COROLLA,15,Thursday,6
MCP3312000M,220012514,Montgomery County Police,Property Damage Crash,2022-03-23 12:30:00,US (State),COLUMBIA PIKE,NORTHWEST DR,STRAIGHT MOVEMENT ANGLE,RAINING,WET,DAYLIGHT,NO CONTROLS,Unknown,Yes,No Apparent Injury,NOT DISTRACTED,MD,Passenger Car,40,2009.0,Toyota,CAMRY,12,Wednesday,3
MCP3085005W,250008727,MONTGOMERY,Property Damage Crash,2025-02-27 15:20:00,County Route,JONES BRIDGE RD,PLATT RIDGE DR,Front to Rear,Clear,Dry,Daylight,Traffic Control Signal,"Unknown, Unknown",No,Unknown,Unknown,Unknown,Passenger Car,30,2020.0,Honda,CIVIC,15,Thursday,2
MCP21980031,170530996,Montgomery County Police,Property Damage Crash,2017-09-16 17:00:00,Unknown,Unknown,Unknown,SAME DIRECTION SIDESWIPE,CLEAR,Unknown,DAYLIGHT,Unknown,UNKNOWN,Yes,No Apparent Injury,UNKNOWN,Unknown,Passenger Car,25,2010.0,Ford,F-150,17,Saturday,9
DD56800015,250022550,ROCKVILLE,Property Damage Crash,2025-05-21 16:43:00,Maryland (State) Route,HUNGERFORD DR (SB/L),Unknown,Front to Rear,Rain,Wet,Daylight,Traffic Control Signal,"Not Suspect of Alcohol Use, Not Suspect of Drug Use",No,No Apparent Injury,Not Distracted,MD,Passenger Car,35,2023.0,Tesla,MODEL X,16,Wednesday,5
MCP93210025,180038672,Montgomery County Police,Injury Crash,2018-08-04 12:30:00,Maryland (State),GEORGIA AVE,BLUERIDGE AVE,STRAIGHT MOVEMENT ANGLE,CLEAR,DRY,DAYLIGHT,TRAFFIC SIGNAL,NONE DETECTED,No,No Apparent Injury,NOT DISTRACTED,MD,Passenger Car,35,2012.0,Infiniti,M37,12,Saturday,8
MCP13050066,250028887,MONTGOMERY,Property Damage Crash,2025-06-28 22:32:00,Maryland (State) Route,WOODFIELD RD,Unknown,Front to Rear,Clear,Dry,Dark - Lighted,Flashing Traffic Control Signal,"Not Suspect of Alcohol Use, Not Suspect of Drug Use",Yes,No Apparent Injury,Not Distracted,MD,Passenger Car,45,2019.0,Honda,CIVIC,22,Saturday,6
MCP2683000W,15019806,Montgomery County Police,Property Damage Crash,2015-04-27 12:39:00,County,AIRPARK RD,MUNCASTER MILL RD,SAME DIR REAR END,CLOUDY,DRY,DAYLIGHT,OTHER,NONE DETECTED,No,No Apparent Injury,NOT DISTRACTED,MD,Passenger Car,45,2001.0,Toyt,SIENNA,12,Monday,4
MCP2552002S,190004975,Montgomery County Police,Injury Crash,2019-01-31 18:29:00,County,RANDOLPH RD,R/R #CSX 140 494 G,SAME DIR REAR END,CLEAR,DRY,DARK LIGHTS ON,NO CONTROLS,Unknown,Yes,Suspected Minor Injury,NOT DISTRACTED,VA,Passenger Car,35,2013.0,Nissan,NV200,18,Thursday,1
MCP29900010,22002579,Montgomery County Police,Property Damage Crash,2022-06-12 21:02:00,Interstate (State),NO NAME,RAMP 8 FR MD 355 SB TO IS 370 WB,SINGLE VEHICLE,CLEAR,Unknown,DARK LIGHTS ON,NO CONTROLS,Unknown,No,No Apparent Injury,NOT DISTRACTED,MD,Pickup Truck,55,2019.0,Chev,TK,21,Sunday,6
MCP2765003J,17000435,Montgomery County Police,Property Damage Crash,2017-01-03 17:35:00,County,SHADY GROVE RD,RESEARCH BLVD,SAME DIRECTION RIGHT TURN,RAINING,WET,DARK LIGHTS ON,TRAFFIC SIGNAL,OTHER,No,No Apparent Injury,NOT DISTRACTED,MD,Passenger Car,35,2008.0,Chry,SEBRING,17,Tuesday,1
MCP209400NS,240042953,MONTGOMERY,Injury Crash,2024-09-10 10:03:00,County Route,HAMILTON SPRING RD,Unknown,Single Vehicle,Clear,Dry,Daylight,No Controls,"Not Suspect of Alcohol Use, Not Suspect of Drug Use",Yes,No Apparent Injury,Not Distracted,MD,Sport Utility Vehicle,25,2020.0,Jeep,WRANGLER,10,Tuesday,9
DD5527000Z,17000357,Rockville Police Departme,Property Damage Crash,2017-01-03 09:35:00,Municipality,WOOTTON PKWY,TOWER OAKS BLVD,HEAD ON LEFT TURN,RAINING,WET,DAYLIGHT,TRAFFIC SIGNAL,NONE DETECTED,Yes,No Apparent Injury,LOOKED BUT DID NOT SEE,MD,Passenger Car,30,2011.0,Ford,RANGER,9,Tuesday,1
MCP1334007X,190024058,Montgomery County Police,Injury Crash,2019-05-21 12:05:00,Maryland (State),FREDERICK RD,MONTGOMERY VILLAGE AVE,SINGLE VEHICLE,CLEAR,DRY,DAYLIGHT,TRAFFIC SIGNAL,NONE DETECTED,Yes,Suspected Minor Injury,LOOKED BUT DID NOT SEE,MD,Passenger Car,40,2009.0,Volkswagon,4D,12,Tuesday,5
MCP2039001N,16025412,Montgomery County Police,Property Damage Crash,2016-05-22 08:53:00,County,VEIRS MILL RD,GRIDLEY RD,STRAIGHT MOVEMENT ANGLE,RAINING,WET,DAYLIGHT,TRAFFIC SIGNAL,NONE DETECTED,Yes,No Apparent Injury,LOOKED BUT DID NOT SEE,MD,Passenger Car,35,2011.0,Toyota,RAV4,8,Sunday,5
MCP2586001N,16005138,Montgomery County Police,Property Damage Crash,2016-01-31 20:19:00,County,BLACKBURN RD,GRAY BILL DR,SINGLE VEHICLE,CLEAR,WET,DARK NO LIGHTS,NO CONTROLS,ALCOHOL PRESENT,Yes,No Apparent Injury,UNKNOWN,MD,Passenger Car,25,2008.0,Honda,ACCORD,20,Sunday,1
EJ78650009,16041882,Gaithersburg Police Depar,Property Damage Crash,2016-08-18 08:38:00,Maryland (State),QUINCE ORCHARD RD,W DIAMOND AVE,SAME DIRECTION SIDESWIPE,CLEAR,DRY,DAYLIGHT,TRAFFIC SIGNAL,UNKNOWN,Yes,No Apparent Injury,UNKNOWN,MD,Passenger Car,45,2016.0,Unknown,UNKNOWN,8,Thursday,8
MCP3063000D,170528236,Montgomery County Police,Property Damage Crash,2017-09-01 21:31:00,US (State),COLESVILLE RD,LANARK WAY,SAME DIR REAR END,RAINING,WET,DARK LIGHTS ON,Unknown,NONE DETECTED,Yes,No Apparent Injury,UNKNOWN,MD,Police Vehicle/Non Emergency,40,2009.0,Cheverolet,IMPALA,21,Friday,9
MCP2401000S,170550279,Montgomery County Police,Property Damage Crash,2017-12-22 22:03:00,Municipality,FREDERICK AVE,N STONESTREET AVE,OTHER,RAINING,WET,DARK -- UNKNOWN LIGHTING,NO CONTROLS,UNKNOWN,Yes,No Apparent Injury,UNKNOWN,Unknown,Passenger Car,25,2015.0,Honda,CRV,22,Friday,12
MCP3106001X,190039836,Montgomery County Police,Injury Crash,2019-08-20 16:45:00,County,CEDAR LA,ROCKVILLE PIKE,SAME DIRECTION SIDESWIPE,Unknown,DRY,DAYLIGHT,TRAFFIC SIGNAL,Unknown,Yes,No Apparent Injury,NOT DISTRACTED,MD,Pickup Truck,25,2016.0,Chevrolet,SILVERADO,16,Tuesday,8
MCP3341001H,230019380,Montgomery County Police,Property Damage Crash,2023-04-23 10:15:00,Maryland (State),LAYHILL RD,HATHAWAY DR,SAME DIR REAR END,CLEAR,DRY,DAYLIGHT,NO CONTROLS,Unknown,Yes,No Apparent Injury,UNKNOWN,MD,Passenger Car,40,2016.0,Toyota,4S,10,Sunday,4
MCP24960018,200016154,Montgomery County Police,Property Damage Crash,2020-04-16 07:40:00,US (State),COLESVILLE RD,SPRING ST,STRAIGHT MOVEMENT ANGLE,CLEAR,DRY,DAWN,TRAFFIC SIGNAL,NONE DETECTED,Unknown,No Apparent Injury,NOT DISTRACTED,MD,Passenger Car,35,2017.0,Lexus,4S,7,Thursday,4
MCP28940015,15043915,MONTGOMERY,Property Damage Crash,2015-09-01 11:34:00,County,BOILING BROOK PKWY,ROCKING HORSE RD,STRAIGHT MOVEMENT ANGLE,CLEAR,DRY,DAYLIGHT,STOP SIGN,NONE DETECTED,No,No Apparent Injury,NOT DISTRACTED,MD,Passenger Car,20,2007.0,Volk,4S,11,Tuesday,9
MCP3005004Y,190056636,Montgomery County Police,Injury Crash,2019-11-23 13:00:00,Maryland (State),GEORGIA AVE,BLUERIDGE AVE,SAME DIR REAR END,CLOUDY,DRY,DAYLIGHT,TRAFFIC SIGNAL,NONE DETECTED,No,No Apparent Injury,NOT DISTRACTED,MD,Passenger Car,25,2016.0,Nissan,ALTIMA,13,Saturday,11
MCP3353002Y,240039780,MONTGOMERY,Injury Crash,2024-08-22 18:26:00,County Route,Unknown,DEAN RD,Front to Front,Clear,Dry,Daylight,Stop Sign,"Not Suspect of Alcohol Use, Not Suspect of Drug Use",No,No Apparent Injury,Not Distracted,MD,Sport Utility Vehicle,30,2012.0,Hyundai,SANTA FE,18,Thursday,8
MCP1213001W,16055548,Montgomery County Police,Property Damage Crash,2016-10-28 13:44:00,County,TAMARACK RD,COLLINGWOOD LA,SAME DIRECTION LEFT TURN,CLEAR,DRY,DAYLIGHT,NO CONTROLS,NONE DETECTED,No,No Apparent Injury,NOT DISTRACTED,MD,Passenger Car,25,2015.0,Kia,OPTIMA,13,Friday,10
MCP3422001J,250008672,MONTGOMERY,Property Damage Crash,2025-02-27 05:45:00,Maryland (State) Route,UNIVERSITY BLVD E,Unknown,"Sideswipe, Same Direction",Clear,Dry,Dark - Lighted,No Controls,"Not Suspect of Alcohol Use, Not Suspect of Drug Use",No,No Apparent Injury,Not Distracted,MD,Passenger Car,25,2005.0,Toyota,CAMRY,5,Thursday,2
MCP30670038,250032556,MONTGOMERY,Property Damage Crash,2025-07-22 12:20:00,Unknown,Unknown,Unknown,"Sideswipe, Opposite Direction",Clear,Unknown,Daylight,Unknown,"Not Suspect of Alcohol Use, Not Suspect of Drug Use",Yes,No Apparent Injury,Not Distracted,MD,Passenger Car,0,2001.0,Audi,TT,12,Tuesday,7
DM83880013,16046362,Takoma Park Police Depart,Property Damage Crash,2016-09-10 03:51:00,Maryland (State),PHILADELPHIA AVE,HOLLY AVE,SINGLE VEHICLE,CLEAR,DRY,DARK LIGHTS ON,STOP SIGN,NONE DETECTED,Yes,No Apparent Injury,NOT DISTRACTED,MD,Passenger Car,25,2009.0,Toyt,CAMRY,3,Saturday,9
MCP2286002K,190040844,Montgomery County Police,Property Damage Crash,2019-08-26 15:20:00,Maryland (State),FREDERICK RD,RIDGEMONT AVE,SAME DIRECTION SIDESWIPE,CLEAR,DRY,DAYLIGHT,TRAFFIC SIGNAL,NONE DETECTED,No,No Apparent Injury,LOOKED BUT DID NOT SEE,MD,Transit Bus,40,2008.0,Gill,BUS,15,Monday,8
MCP13820021,15012035,Montgomery County Police,Property Damage Crash,2015-03-16 09:40:00,Unknown,Unknown,Unknown,SAME DIRECTION LEFT TURN,CLEAR,Unknown,DAYLIGHT,Unknown,NONE DETECTED,Yes,No Apparent Injury,LOOKED BUT DID NOT SEE,VA,Van,0,2015.0,Gmc,SAVANA,9,Monday,3
MCP1334004S,17009576,Montgomery County Police,Property Damage Crash,2017-02-22 15:41:00,County,WATKINS MILL RD,SMOOTHSTONE WAY,OTHER,CLEAR,DRY,DAYLIGHT,Unknown,NONE DETECTED,Yes,No Apparent Injury,NOT DISTRACTED,MD,School Bus,35,2008.0,Thomas,BUS,15,Wednesday,2
MCP2829005G,180060345,Montgomery County Police,Property Damage Crash,2018-12-03 08:00:00,US (State),COLESVILLE RD,LANARK WAY,SAME DIR REAR END,CLOUDY,WET,DAYLIGHT,NO CONTROLS,NONE DETECTED,No,No Apparent Injury,NOT DISTRACTED,MD,(Sport) Utility Vehicle,35,2015.0,Hyundai,SANTA FE,8,Monday,12
MCP2919002L,170501738,Montgomery County Police,Property Damage Crash,2017-04-12 09:52:00,County,SEMINARY RD,FOREST GLEN RD,SAME DIR REAR END,CLOUDY,DRY,DAYLIGHT,NO CONTROLS,NONE DETECTED,No,No Apparent Injury,NOT DISTRACTED,DC,Transit Bus,30,2016.0,Gill,BU,9,Wednesday,4
MCP2583001Z,210049130,Montgomery County Police,Injury Crash,2021-12-03 16:17:00,Maryland (State),RIVER RD,ADMIRALS WAY,SAME DIR REAR END,CLEAR,DRY,DUSK,Unknown,Unknown,Yes,No Apparent Injury,UNKNOWN,VA,Passenger Car,40,2002.0,Ford,DESL,16,Friday,12
MCP27600040,230051147,Montgomery County Police,Injury Crash,2023-08-24 17:54:00,County,SNOUFFERS SCHOOL RD,GOSHEN RD,HEAD ON LEFT TURN,Unknown,DRY,DAYLIGHT,TRAFFIC SIGNAL,Unknown,Yes,Possible Injury,UNKNOWN,MD,Passenger Car,35,2016.0,Chev,MALIBU,17,Thursday,8
MCP2608004N,220052116,Montgomery County Police,Property Damage Crash,2022-11-25 20:40:00,County,ADELPHI RD,NEW HAMPSHIRE AVE,SAME DIR BOTH LEFT TURN,CLEAR,DRY,DARK LIGHTS ON,TRAFFIC SIGNAL,NONE DETECTED,Unknown,No Apparent Injury,NOT DISTRACTED,MD,Transit Bus,30,2014.0,Nabi,BUS,20,Friday,11
MCP23940011,15010242,Montgomery County Police,Property Damage Crash,2015-03-04 18:48:00,County,TWINBROOK PKWY,PIER DR,STRAIGHT MOVEMENT ANGLE,RAINING,WET,DARK LIGHTS ON,NO CONTROLS,NONE DETECTED,No,No Apparent Injury,NOT DISTRACTED,MD,Passenger Car,35,2001.0,Toyt,CAMRY,18,Wednesday,3
MCP3093005M,240037641,MONTGOMERY,Injury Crash,2024-08-09 17:41:00,Maryland (State) Route,Unknown,RAYBURN RD,Other,Clear,Wet,Daylight,No Controls,"Not Suspect of Alcohol Use, Not Suspect of Drug Use",No,Possible Injury,Not Distracted,CA,Sport Utility Vehicle,30,2024.0,Toyota,RAV4,17,Friday,8
MCP31800036,220051903,Montgomery County Police,Property Damage Crash,2022-11-23 22:12:00,County,BEL PRE RD,HOMECREST RD,HEAD ON LEFT TURN,CLEAR,DRY,DARK LIGHTS ON,NO CONTROLS,ALCOHOL PRESENT,Yes,No Apparent Injury,NOT DISTRACTED,DC,Passenger Car,35,2004.0,Toyota,COROLLA,22,Wednesday,11
MCP1119001B,15042545,MONTGOMERY,Property Damage Crash,2015-08-25 06:13:00,County,FAIRLAND RD,BONNETT ST,OTHER,Unknown,DRY,DAWN,Unknown,NONE DETECTED,No,No Apparent Injury,NOT DISTRACTED,MD,(Sport) Utility Vehicle,40,2002.0,Acura,MDX,6,Tuesday,8
MCP25520049,220005718,Montgomery County Police,Property Damage Crash,2022-02-09 17:25:00,Maryland (State),FREDERICK RD,SHADY GROVE RD,SAME DIR REAR END,Unknown,DRY,DAYLIGHT,Unknown,Unknown,Yes,No Apparent Injury,NOT DISTRACTED,MD,Passenger Car,35,2008.0,Toyota,SIENNA,17,Wednesday,2
DD5651002L,220054222,Rockville Police Departme,Injury Crash,2022-12-08 09:50:00,Municipality,MARYLAND AVE,MONUMENT ST,SAME DIR REAR END,CLEAR,DRY,DAYLIGHT,Unknown,NONE DETECTED,No,No Apparent Injury,NOT DISTRACTED,VA,Passenger Car,30,2016.0,Subaru,FORESTER,9,Thursday,12
MCP2187000L,210001433,Montgomery County Police,Property Damage Crash,2021-01-12 08:30:00,County,SHADY GROVE RD,CORPORATE BLVD,STRAIGHT MOVEMENT ANGLE,CLEAR,Unknown,DAYLIGHT,TRAFFIC SIGNAL,NONE DETECTED,Yes,No Apparent Injury,USING OTHER DEVICE CONTROLS INTEGRAL TO VEHICLE,MD,Passenger Car,35,2007.0,Honda,PILOT,8,Tuesday,1