Report Number,Local Case Number,Agency Name,ACRS Report Type,Crash Date/Time,Route Type,Road Name,Cross-Street Name,Collision Type,Weather,Surface Condition,Light,Traffic Control,Driver Substance Abuse,Driver At Fault,Injury Severity,Driver Distracted By,Drivers License State,Vehicle Body Type,Speed Limit,Vehicle Year,Vehicle Make,Vehicle Model,Crash Hour,Crash Day,Crash Month
MCP2330000P,16052155,Montgomery County Police,Property Damage Crash,2016-10-10 19:26:00,Maryland (State),VEIRS MILL RD,NEWPORT MILL RD,SAME DIR REAR END,CLEAR,DRY,DARK LIGHTS ON,NO CONTROLS,NONE DETECTED,No,No Apparent Injury,NOT DISTRACTED,MD,Passenger Car,40,2005.0,Honda,CIVIC,19,Monday,10
MCP9419003V,220044215,Montgomery County Police,Injury Crash,2022-10-10 08:37:00,County,SHADY GROVE RD,RAMP 9 FR IS 370 EB TO SHADY GROVE RD,SAME DIRECTION SIDESWIPE,CLEAR,DRY,DAYLIGHT,TRAFFIC SIGNAL,NONE DETECTED,No,No Apparent Injury,NOT DISTRACTED,WA,Passenger Car,40,2012.0,Toyota,CAMRY,8,Monday,10
MCP23570026,170505838,Montgomery County Police,Injury Crash,2017-05-04 10:18:00,Maryland (State),GEORGIA AVE,FENWICK LA,SAME DIR REAR END,CLOUDY,DRY,DAYLIGHT,Unknown,NONE DETECTED,No,Suspected Minor Injury,NOT DISTRACTED,MD,Passenger Car,35,2004.0,Gmc,TK,10,Thursday,5
MCP3320002L,240037276,MONTGOMERY,Property Damage Crash,2024-08-07 16:50:00,County Route,FOREST GLEN RD,Unknown,"Sideswipe, Same Direction",Clear,Dry,Daylight,Traffic Control Signal,"Not Suspect of Alcohol Use, Not Suspect of Drug Use",Yes,No Apparent Injury,Not Distracted,MD,Passenger Car,30,2010.0,Audi,S4,16,Wednesday,8
MCP1553001X,170512646,Montgomery County Police,Property Damage Crash,2017-06-09 09:57:00,Unknown,Unknown,Unknown,OTHER,CLEAR,Unknown,DAYLIGHT,Unknown,NONE DETECTED,No,No Apparent Injury,NOT DISTRACTED,MD,Van,0,2010.0,Honda,ODYSSEY,9,Friday,6
MCP32320028,210047217,Montgomery County Police,Property Damage Crash,2021-11-20 20:00:00,Maryland (State),GEORGIA AVE,RAMP 2 FR RP 7 (FR MD200 WB) TO MD 97 NB,SAME DIR REAR END,CLEAR,DRY,DARK LIGHTS ON,TRAFFIC SIGNAL,NONE DETECTED,Yes,No Apparent Injury,LOOKED BUT DID NOT SEE,MD,Passenger Car,35,2016.0,Honda,CIVIC,20,Saturday,11
MCP3387002Q,250023402,MONTGOMERY,Property Damage Crash,2025-05-27 08:05:00,County Route,CHERRY HILL RD,Unknown,Front to Rear,Cloudy,Dry,Daylight,No Controls,"Not Suspect of Alcohol Use, Not Suspect of Drug Use",Yes,No Apparent Injury,Not Distracted,MD,Passenger Car,35,2011.0,Acura,RDX,8,Tuesday,5
MCP3165002D,200038729,Montgomery County Police,Property Damage Crash,2020-10-02 06:30:00,US (State),COLUMBIA PIKE,BRIGGS CHANEY RD,SAME DIR REAR END,RAINING,WET,DARK LIGHTS ON,NO CONTROLS,NONE DETECTED,Yes,No Apparent Injury,NOT DISTRACTED,MD,Passenger Car,50,2017.0,Toyt,COROLLA,6,Friday,10
MCP12210015,15019780,Montgomery County Police,Property Damage Crash,2015-04-27 08:51:00,Unknown,Unknown,Unknown,STRAIGHT MOVEMENT ANGLE,CLEAR,Unknown,DAYLIGHT,NO CONTROLS,NONE DETECTED,No,No Apparent Injury,NOT DISTRACTED,MD,Passenger Car,20,2007.0,Toyota,SCION TC,8,Monday,4
MCP06170011,16051590,Montgomery County Police,Property Damage Crash,2016-10-07 14:16:00,Maryland (State),GEORGIA AVE,SPUR TO/FR THISTLEBRIDGE DR,SINGLE VEHICLE,CLOUDY,DRY,DAYLIGHT,NO CONTROLS,NONE DETECTED,Yes,No Apparent Injury,OTHER ELECTRONIC DEVICE (NAVIGATIONAL PALM PILOT),MD,Passenger Car,25,2011.0,Bmw,X3,14,Friday,10
DM8451001P,180028372,Takoma Park Police Depart,Property Damage Crash,2018-06-03 23:30:00,Unknown,Unknown,Unknown,OTHER,CLEAR,Unknown,DARK LIGHTS ON,Unknown,Unknown,Yes,No Apparent Injury,UNKNOWN,Unknown,Passenger Car,10,2003.0,Gmc,TK,23,Sunday,6
MCP1213005G,210006426,Montgomery County Police,Property Damage Crash,2021-02-19 07:15:00,Maryland (State),VEIRS MILL RD,CLARIDGE RD,SAME DIR REAR END,CLEAR,ICE,DAYLIGHT,TRAFFIC SIGNAL,NONE DETECTED,No,No Apparent Injury,NOT DISTRACTED,DC,Transit Bus,30,2013.0,New Flyer,TBU,7,Friday,2
MCP3068003X,220010561,Montgomery County Police,Property Damage Crash,2022-03-11 16:30:00,County,WHITTIER BLVD,MAIDEN LA,HEAD ON LEFT TURN,CLEAR,DRY,DAYLIGHT,NO CONTROLS,Unknown,Yes,No Apparent Injury,LOOKED BUT DID NOT SEE,MD,(Sport) Utility Vehicle,25,2015.0,Suba,FORESTER,16,Friday,3
MCP3306000C,210030830,Montgomery County Police,Injury Crash,2021-08-08 16:39:00,Unknown,Unknown,Unknown,OTHER,CLEAR,Unknown,DAYLIGHT,NO CONTROLS,NONE DETECTED,Yes,No Apparent Injury,OTHER DISTRACTION,MD,Passenger Car,0,2019.0,Lexus,NX 300H,16,Sunday,8
EJ7851003D,180024127,Gaithersburg Police Depar,Property Damage Crash,2018-05-16 20:30:00,Maryland (State),FREDERICK RD,ODENDHAL AVE,SAME DIRECTION SIDESWIPE,RAINING,WET,DARK LIGHTS ON,YIELD SIGN,NONE DETECTED,No,No Apparent Injury,NOT DISTRACTED,MD,Passenger Car,30,2014.0,Audi,Q7,20,Wednesday,5
MCP29400031,180035925,Montgomery County Police,Property Damage Crash,2018-07-20 11:25:00,Maryland (State),OLD GEORGETOWN RD,RAMP 4 FR MD 187 NB TO IS 495 EB,SAME DIR REAR END,CLEAR,DRY,DAYLIGHT,NO CONTROLS,NONE DETECTED,No,No Apparent Injury,NOT DISTRACTED,MD,Passenger Car,35,2003.0,Toyota,4S,11,Friday,7
MCP2777004L,180025351,Montgomery County Police,Injury Crash,2018-05-23 17:22:00,Maryland (State),WILSON LA,EXETER RD,SAME DIR REAR END,CLEAR,DRY,DAYLIGHT,NO CONTROLS,NONE DETECTED,No,No Apparent Injury,NOT DISTRACTED,MD,Passenger Car,25,2000.0,Jeep,WRANGLER,17,Wednesday,5
MCP3331001N,230013157,Montgomery County Police,Property Damage Crash,2023-03-18 22:48:00,Maryland (State),UNIVERSITY BLVD E,LEXINGTON DR,SAME DIRECTION SIDESWIPE,CLEAR,DRY,DARK LIGHTS ON,NO CONTROLS,NONE DETECTED,No,No Apparent Injury,NOT DISTRACTED,MD,Passenger Car,35,2012.0,Nissan,ALTIMA,22,Saturday,3
MCP9417000N,15022108,Montgomery County Police,Injury Crash,2015-05-09 11:27:00,Maryland (State),OLD GEORGETOWN RD,DEMOCRACY BLVD,SAME DIRECTION RIGHT TURN,CLOUDY,DRY,DAYLIGHT,Unknown,NONE DETECTED,Yes,No Apparent Injury,UNKNOWN,MD,(Sport) Utility Vehicle,35,2002.0,Acur,SU,11,Saturday,5
MCP28000025,15030687,Montgomery County Police,Injury Crash,2015-06-23 18:14:00,Maryland (State),ROCKVILLE PIKE,EDSON LA,SAME DIR REAR END,CLEAR,DRY,DAYLIGHT,TRAFFIC SIGNAL,NONE DETECTED,No,No Apparent Injury,NOT DISTRACTED,MD,Passenger Car,40,2011.0,Niss,SU,18,Tuesday,6
MCP3268002V,230006938,Montgomery County Police,Injury Crash,2023-02-11 07:23:00,County,CHERRY HILL RD,PLUM ORCHARD DR,HEAD ON LEFT TURN,CLEAR,DRY,DAYLIGHT,TRAFFIC SIGNAL,NONE DETECTED,No,No Apparent Injury,NOT DISTRACTED,MD,Passenger Car,30,2017.0,Nissan,MAXIMA SV,7,Saturday,2
MCP0487000R,16015095,MONTGOMERY,Property Damage Crash,2016-03-28 07:18:00,Maryland (State),OLNEY LAYTONSVILLE RD,MUNCASTER RD,SINGLE VEHICLE,RAINING,WET,DAWN,TRAFFIC SIGNAL,NONE DETECTED,Yes,No Apparent Injury,LOOKED BUT DID NOT SEE,MD,Passenger Car,45,2015.0,Toyota,CAMRY,7,Monday,3
MCP2899005W,220040233,Montgomery County Police,Property Damage Crash,2022-09-16 02:22:00,Unknown,PROSE ST,TOWNE AVE,HEAD ON,CLEAR,DRY,DARK LIGHTS ON,NO CONTROLS,NONE DETECTED,No,No Apparent Injury,NOT DISTRACTED,MD,Police Vehicle/Non Emergency,25,2014.0,Dodge,CHARGER,2,Friday,9
MCP29480079,240041331,MONTGOMERY,Property Damage Crash,2024-08-31 20:19:00,County Route,CENTERHILL ST,Unknown,"Sideswipe, Same Direction",Rain,Wet,Dark - Not Lighted,No Controls,"Suspect of Alcohol Use, Unknown",Yes,No Apparent Injury,Unknown,Unknown,Passenger Car,25,2019.0,Subaru,WRX,20,Saturday,8
MCP23880009,15003912,Montgomery County Police,Property Damage Crash,2015-01-24 16:58:00,County,DOVER RD,E GUDE DR,SAME DIR REAR END,CLEAR,DRY,DAYLIGHT,TRAFFIC SIGNAL,NONE DETECTED,Yes,No Apparent Injury,UNKNOWN,WV,Van,30,1992.0,Plymouth,GRAND VOYAGER,16,Saturday,1
MCP1119006L,190004835,Montgomery County Police,Property Damage Crash,2019-01-31 07:21:00,Maryland (State),LAYHILL RD,SPUR TO NORWOOD RD,OTHER,CLEAR,ICE,DAYLIGHT,Unknown,NONE DETECTED,No,No Apparent Injury,NOT DISTRACTED,MD,(Sport) Utility Vehicle,40,2017.0,Toyota,RAV4,7,Thursday,1
MCP32530011,210017479,Montgomery County Police,Property Damage Crash,2021-05-09 20:27:00,County,WATKINS MILL RD,CLUB LAKE RD,SINGLE VEHICLE,CLEAR,Unknown,DUSK,NO CONTROLS,ALCOHOL PRESENT,Yes,No Apparent Injury,LOOKED BUT DID NOT SEE,MD,Passenger Car,35,2010.0,Toyota,HIGHLANDER,20,Sunday,5
MCP2866004Q,180030851,Montgomery County Police,Injury Crash,2018-06-22 16:30:00,County,RANDOLPH RD,CHAPMAN AVE,HEAD ON,RAINING,WET,DAYLIGHT,NO CONTROLS,NONE DETECTED,No,Possible Injury,NOT DISTRACTED,MD,Passenger Car,35,2007.0,Honda,FIT,16,Friday,6
MCP2954001H,16001589,Montgomery County Police,Property Damage Crash,2016-01-09 11:25:00,US (State),COLESVILLE RD,LORAIN AVE,STRAIGHT MOVEMENT ANGLE,RAINING,WET,DAYLIGHT,STOP SIGN,NONE DETECTED,No,No Apparent Injury,NOT DISTRACTED,MD,Passenger Car,40,2012.0,Honda,CIVIC,11,Saturday,1
MCP27800062,220044167,Montgomery County Police,Property Damage Crash,2022-10-09 19:45:00,Maryland (State),FREDERICK RD,MILESTONE MANOR LA,SAME DIR REAR END,CLOUDY,DRY,DARK NO LIGHTS,NO CONTROLS,NONE DETECTED,No,No Apparent Injury,NOT DISTRACTED,MD,Van,35,2018.0,Chry,PACIFICA,19,Sunday,10
MCP11280044,15059292,Montgomery County Police,Property Damage Crash,2015-11-20 11:20:00,County,SEMINARY RD,GEORGIA AVE,OTHER,Unknown,DRY,DAYLIGHT,TRAFFIC SIGNAL,NONE DETECTED,Unknown,No Apparent Injury,NOT DISTRACTED,MD,Passenger Car,35,2014.0,Toyota,AVALON,11,Friday,11
MCP3209003Y,230002335,Montgomery County Police,Property Damage Crash,2023-01-15 02:54:00,County,BROADBIRCH DR,CHERRY HILL RD,STRAIGHT MOVEMENT ANGLE,CLEAR,DRY,DARK LIGHTS ON,TRAFFIC SIGNAL,NONE DETECTED,No,No Apparent Injury,NOT DISTRACTED,MD,Pickup Truck,35,2015.0,Dodge,RAM,2,Sunday,1
MCP2861002H,17009214,Montgomery County Police,Property Damage Crash,2017-02-20 16:07:00,Maryland (State),RIVER RD,DURHAM DR,SAME DIR REAR END,CLEAR,DRY,DAYLIGHT,NO CONTROLS,NONE DETECTED,Yes,No Apparent Injury,INATTENTIVE OR LOST IN THOUGHT,MD,Passenger Car,40,2007.0,Ford,FOCUS,16,Monday,2
MCP2615003R,200034623,Montgomery County Police,Injury Crash,2020-09-04 11:05:00,Unknown,Unknown,Unknown,OTHER,CLEAR,Unknown,DAYLIGHT,NO CONTROLS,NONE DETECTED,Yes,No Apparent Injury,LOOKED BUT DID NOT SEE,MD,Pickup Truck,15,2011.0,Chevrolet,SILVERADO,11,Friday,9
MCP32620015,210036259,Montgomery County Police,Injury Crash,2021-09-14 17:04:00,US (State),COLUMBIA PIKE,TECH RD,HEAD ON LEFT TURN,CLEAR,DRY,DAYLIGHT,TRAFFIC SIGNAL,NONE DETECTED,No,Possible Injury,NOT DISTRACTED,MD,Passenger Car,50,2003.0,Audi,A6,17,Tuesday,9
MCP22470018,16029234,Montgomery County Police,Property Damage Crash,2016-06-10 13:00:00,Unknown,Unknown,Unknown,OTHER,CLEAR,Unknown,DAYLIGHT,NO CONTROLS,UNKNOWN,Yes,No Apparent Injury,UNKNOWN,Unknown,(Sport) Utility Vehicle,0,2013.0,Bmw,TK,13,Friday,6
MCP2252001C,16017621,Montgomery County Police,Property Damage Crash,2016-04-11 06:36:00,Maryland (State),DARNESTOWN RD,W HUNTER RD,SINGLE VEHICLE,RAINING,WET,DAWN,NO CONTROLS,NONE DETECTED,Yes,No Apparent Injury,OTHER DISTRACTION,MD,Passenger Car,50,1993.0,Hond,4S,6,Monday,4
MCP2466004H,230052325,Montgomery County Police,Injury Crash,2023-08-30 20:35:00,Municipality,FALLSGROVE BLVD,PRETTYMAN DR,STRAIGHT MOVEMENT ANGLE,CLEAR,DRY,DARK LIGHTS ON,STOP SIGN,NONE DETECTED,Yes,No Apparent Injury,UNKNOWN,MD,(Sport) Utility Vehicle,25,2013.0,Suba,CROSSTREK UT,20,Wednesday,8
MCP2362003N,180058367,Montgomery County Police,Injury Crash,2018-11-21 07:00:00,US (State),COLESVILLE RD,LANARK WAY,SAME DIR REAR END,CLEAR,DRY,DAYLIGHT,NO CONTROLS,Unknown,Yes,No Apparent Injury,UNKNOWN,MD,"Cargo Van/Light Truck 2 Axles (Over 10,000Lbs (4,536 Kg))",40,2007.0,Mack,TK,7,Wednesday,11
MCP3010006F,210052792,Montgomery County Police,Property Damage Crash,2021-12-27 13:55:00,Maryland (State),OLD GEORGETOWN RD,TUCKERMAN LA,STRAIGHT MOVEMENT ANGLE,CLOUDY,DRY,DAYLIGHT,TRAFFIC SIGNAL,Unknown,No,No Apparent Injury,NOT DISTRACTED,MD,(Sport) Utility Vehicle,35,2018.0,Toyt,TK,13,Monday,12
DD56580005,230004741,Rockville Police Departme,Property Damage Crash,2023-01-29 04:15:00,Unknown,NORTHBOUND 270,EXIT 8 RAMP,SINGLE VEHICLE,Unknown,WET,Unknown,NO CONTROLS,Unknown,Unknown,No Apparent Injury,UNKNOWN,MD,Passenger Car,35,2005.0,Honda,ACCORD,4,Sunday,1
MCP283200CB,250052069,MONTGOMERY,Property Damage Crash,2025-11-20 12:08:00,County Route,CHESTNUT ST,Unknown,"Sideswipe, Same Direction",Cloudy,Dry,Daylight,No Controls,"Not Suspect of Alcohol Use, Not Suspect of Drug Use",No,No Apparent Injury,Not Distracted,MD,Single-Unit Truck,25,2025.0,Ford,F-450,12,Thursday,11
MCP3050001D,170525412,Montgomery County Police,Injury Crash,2017-08-17 20:30:00,County,HEWITT AVE,BLUE SPRUCE LA,SAME DIRECTION SIDESWIPE,CLEAR,DRY,DARK LIGHTS ON,NO CONTROLS,NONE DETECTED,Yes,Suspected Minor Injury,UNKNOWN,MD,Passenger Car,30,2005.0,Hond,4S,20,Thursday,8
MCP2825000W,170543678,Montgomery County Police,Property Damage Crash,2017-11-19 03:45:00,County,WARING STATION RD,CLOPPER RD,SINGLE VEHICLE,RAINING,WET,DARK NO LIGHTS,NO CONTROLS,NONE DETECTED,Yes,No Apparent Injury,NOT DISTRACTED,MD,Passenger Car,30,2009.0,Ford,FOCUS,3,Sunday,11
MCP11940015,15045968,MONTGOMERY,Injury Crash,2015-09-11 15:34:00,Maryland (State),RIVER RD,TARA RD,SAME DIR REAR END,CLEAR,DRY,Unknown,TRAFFIC SIGNAL,NONE DETECTED,No,Possible Injury,NOT DISTRACTED,MD,(Sport) Utility Vehicle,45,2015.0,Porsche,CAYENNE,15,Friday,9
MCP2313001B,210001149,Montgomery County Police,Property Damage Crash,2021-01-09 19:32:00,Maryland (State),CARROLL AVE,MERRIMAC DR,SINGLE VEHICLE,CLEAR,DRY,DARK LIGHTS ON,NO CONTROLS,ALCOHOL PRESENT,Yes,No Apparent Injury,UNKNOWN,MD,Pickup Truck,30,2010.0,Chevy,SILVERADO,19,Saturday,1
MCP31060018,190004448,Montgomery County Police,Injury Crash,2019-01-28 16:32:00,Maryland (State),CONNECTICUT AVE,RAMP 3 FR IS 495 EB TO MD 185 NB,SAME DIR REAR END,CLEAR,DRY,DUSK,NO CONTROLS,Unknown,No,No Apparent Injury,NOT DISTRACTED,MD,(Sport) Utility Vehicle,35,2011.0,Nissan,MURANO,16,Monday,1
MCP2347000M,16047364,Montgomery County Police,Injury Crash,2016-09-15 14:03:00,County,BROADBIRCH DR,CHERRY HILL RD,HEAD ON LEFT TURN,CLEAR,DRY,DAYLIGHT,NO CONTROLS,NONE DETECTED,No,Possible Injury,NOT DISTRACTED,MD,Passenger Car,30,2014.0,Honda,ACCORD,14,Thursday,9
MCP3145004T,240028674,MONTGOMERY,Property Damage Crash,2024-06-16 16:15:00,County Route,SOUTHWOOD AVE,COLESVILLE RD (SB/L),Front to Front,Clear,Dry,Daylight,Traffic Control Signal,"Not Suspect of Alcohol Use, Not Suspect of Drug Use",No,No Apparent Injury,Not Distracted,MD,Passenger Car,40,2018.0,Toyota,CAMRY,16,Sunday,6
MCP2347001W,180042016,Montgomery County Police,Property Damage Crash,2018-08-23 14:30:00,Maryland (State),SANDY SPRING RD,MCKNEW RD,STRAIGHT MOVEMENT ANGLE,CLEAR,DRY,DAYLIGHT,TRAFFIC SIGNAL,NONE DETECTED,Yes,No Apparent Injury,LOOKED BUT DID NOT SEE,MD,Passenger Car,40,2003.0,Subaru,FORESTER,14,Thursday,8
MCP27080029,170528817,Montgomery County Police,Injury Crash,2017-09-05 15:15:00,Maryland (State),NEW HAMPSHIRE AVE,ADELPHI RD,SAME DIR REAR END,CLEAR,DRY,DAYLIGHT,NO CONTROLS,NONE DETECTED,No,Possible Injury,NOT DISTRACTED,MD,Passenger Car,40,2013.0,Honda,CIVIC,15,Tuesday,9
MCP3068001C,180034300,Montgomery County Police,Property Damage Crash,2018-07-11 16:52:00,Maryland (State),MASSACHUSETTS AVE,CAPE COD CT,SAME DIR REAR END,CLEAR,DRY,DAYLIGHT,NO CONTROLS,Unknown,Yes,No Apparent Injury,INATTENTIVE OR LOST IN THOUGHT,DC,Passenger Car,35,2017.0,Acura,ILX,16,Wednesday,7
MCP0899002C,170527408,Montgomery County Police,Injury Crash,2017-08-28 08:04:00,Maryland (State),OLD GEORGETOWN RD,CORDELL AVE,STRAIGHT MOVEMENT ANGLE,CLOUDY,DRY,DARK LIGHTS ON,STOP SIGN,NONE DETECTED,Yes,No Apparent Injury,LOOKED BUT DID NOT SEE,VA,Passenger Car,25,2015.0,Mercedes,C300,8,Monday,8
MCP3422000G,240044521,MONTGOMERY,Injury Crash,2024-09-16 15:28:00,Other Public Roadway,CROYDON CT,Unknown,Single Vehicle,Unknown,Dry,Unknown,No Controls,"Not Suspect of Alcohol Use, Not Suspect of Drug Use",No,Suspected Minor Injury,Unknown,MD,Motorcycle - 2 Wheeled,10,2024.0,Unknown,UNKNOWN,15,Monday,9
MCP26930018,16001398,Montgomery County Police,Property Damage Crash,2016-01-08 15:32:00,County,CONNECTICUT AVE,GRAND PRE RD,STRAIGHT MOVEMENT ANGLE,CLOUDY,WET,DAYLIGHT,NO CONTROLS,NONE DETECTED,No,No Apparent Injury,NOT DISTRACTED,MD,Passenger Car,40,2008.0,Scion,TC,15,Friday,1
MCP3118003N,210038349,Montgomery County Police,Injury Crash,2021-09-28 06:11:00,Maryland (State),LAYHILL RD,ENT TO LAYHILL SHOPPING CENTER,STRAIGHT MOVEMENT ANGLE,CLEAR,DRY,DARK LIGHTS ON,Unknown,NONE DETECTED,Yes,No Apparent Injury,LOOKED BUT DID NOT SEE,MD,Passenger Car,40,2016.0,Infinity,QX60,6,Tuesday,9
MCP28180055,250008647,MONTGOMERY,Property Damage Crash,2025-01-09 12:30:00,Municipality Route,HUGHES RD,Unknown,Single Vehicle,Clear,Dry,Daylight,No Controls,"Not Suspect of Alcohol Use, Not Suspect of Drug Use",No,No Apparent Injury,Not Distracted,MD,Passenger Car,25,2019.0,Dodge,CHARGER,12,Thursday,1
MCP2116004C,16027325,Montgomery County Police,Injury Crash,2016-06-01 10:26:00,Maryland (State),FREDERICK RD,E GUDE DR,SAME DIR REAR END,CLEAR,DRY,DAYLIGHT,TRAFFIC SIGNAL,NONE DETECTED,Yes,No Apparent Injury,UNKNOWN,MD,Passenger Car,40,2013.0,Hond,4S,10,Wednesday,6
DD5642002B,210047070,Rockville Police Departme,Injury Crash,2021-11-19 18:01:00,Municipality,E GUDE DR,NORBECK RD,STRAIGHT MOVEMENT ANGLE,CLEAR,DRY,DARK LIGHTS ON,Unknown,NONE DETECTED,Yes,Suspected Minor Injury,UNKNOWN,MD,Passenger Car,40,2012.0,Honda,CIVIC,18,Friday,11
DM84570018,180040350,Takoma Park Police Depart,Property Damage Crash,2018-08-14 09:20:00,Municipality,PARK AVE,CARROLL AVE,SAME DIRECTION SIDESWIPE,CLEAR,DRY,DAYLIGHT,STOP SIGN,Unknown,Yes,No Apparent Injury,NOT DISTRACTED,MD,"Medium/Heavy Trucks 3 Axles (Over 10,000Lbs (4,536Kg))",15,2013.0,Freight,TRUCK,9,Tuesday,8
MCP29950073,200044579,Montgomery County Police,Property Damage Crash,2020-11-11 18:24:00,Unknown,Unknown,Unknown,OTHER,RAINING,Unknown,DARK LIGHTS ON,Unknown,ALCOHOL PRESENT,Yes,No Apparent Injury,OTHER DISTRACTION,MD,Passenger Car,10,2010.0,Mazda,CX7,18,Wednesday,11
MCP30400025,180023061,Montgomery County Police,Injury Crash,2018-05-10 18:00:00,Maryland (State),NEW HAMPSHIRE AVE,RIDGECROFT DR,STRAIGHT MOVEMENT ANGLE,CLEAR,WET,DAYLIGHT,Unknown,Unknown,Yes,Possible Injury,LOOKED BUT DID NOT SEE,MD,Passenger Car,40,2001.0,Chevrolet,TAHOE,18,Thursday,5
MCP13050047,20023780,Montgomery County Police,Injury Crash,2020-06-17 17:14:00,County,AIRPARK RD,STRATOS LA,HEAD ON,RAINING,WET,DAYLIGHT,NO CONTROLS,NONE DETECTED,No,Suspected Minor Injury,NOT DISTRACTED,MD,Passenger Car,50,2009.0,Ford,4S,17,Wednesday,6
MCP2770002C,190024497,Montgomery County Police,Property Damage Crash,2019-05-23 12:15:00,County,WIGHTMAN RD,GOSHEN RD,SAME DIR REAR END,CLEAR,DRY,DAYLIGHT,TRAFFIC SIGNAL,NONE DETECTED,Yes,No Apparent Injury,NOT DISTRACTED,MD,Police Vehicle/Non Emergency,35,2016.0,Ford,INTERCEPTOR,12,Thursday,5
MCP2348002V,17052335,Montgomery County Police,Property Damage Crash,2017-07-26 19:07:00,County,JASPER ST,JEWETT ST,OPPOSITE DIRECTION SIDESWIPE,CLEAR,DRY,DAYLIGHT,NO CONTROLS,ALCOHOL PRESENT,Yes,No Apparent Injury,NOT DISTRACTED,MD,Passenger Car,25,2013.0,Toyt,PRIUS,19,Wednesday,7
MCP23580020,16014507,MONTGOMERY,Injury Crash,2016-03-24 15:00:00,Unknown,Unknown,Unknown,STRAIGHT MOVEMENT ANGLE,CLEAR,Unknown,DAYLIGHT,NO CONTROLS,NONE DETECTED,Yes,No Apparent Injury,NOT DISTRACTED,MD,Passenger Car,25,2008.0,Toyota,4S,15,Thursday,3
MCP2984000C,16002920,Montgomery County Police,Injury Crash,2016-01-15 21:15:00,Unknown,Unknown,Unknown,OTHER,RAINING,Unknown,DARK LIGHTS ON,Unknown,UNKNOWN,Yes,No Apparent Injury,UNKNOWN,MD,Passenger Car,5,2002.0,Hond,CIVIC,21,Friday,1
MCP2031000M,17051264,Montgomery County Police,Property Damage Crash,2017-06-09 09:25:00,County,WATKINS RD,WILD HUNT DR,SAME DIRECTION RIGHT TURN,CLEAR,DRY,DAYLIGHT,NO CONTROLS,NONE DETECTED,Yes,No Apparent Injury,NOT DISTRACTED,MD,Passenger Car,30,2012.0,Acur,4S,9,Friday,6
MCP2720006C,210040437,Montgomery County Police,Injury Crash,2021-10-10 02:23:00,Maryland (State),GEORGIA AVE,NORBECK RD,SINGLE VEHICLE,CLEAR,DRY,DARK LIGHTS ON,TRAFFIC SIGNAL,ALCOHOL PRESENT,Yes,Possible Injury,NOT DISTRACTED,XX,Station Wagon,45,2015.0,Subaru,CROSSTREK,2,Sunday,10
EJ7876003L,210029321,Gaithersburg Police Depar,Property Damage Crash,2021-07-28 14:43:00,Unknown,Unknown,Unknown,SINGLE VEHICLE,CLEAR,Unknown,DAYLIGHT,NO CONTROLS,UNKNOWN,Yes,No Apparent Injury,LOOKED BUT DID NOT SEE,Unknown,Passenger Car,5,2017.0,Volk,JETTA,14,Wednesday,7
DM8447002H,220037983,Takoma Park Police Depart,Injury Crash,2022-09-02 00:05:00,Maryland (State),NEW HAMPSHIRE AVE,HOLTON LA,HEAD ON LEFT TURN,CLEAR,DRY,DARK LIGHTS ON,TRAFFIC SIGNAL,NONE DETECTED,Yes,Suspected Serious Injury,UNKNOWN,DC,Passenger Car,35,2016.0,Acura,TLX,0,Friday,9
DD5606004S,180033968,Rockville Police Departme,Property Damage Crash,2018-07-10 00:35:00,Maryland (State),VEIRS MILL RD,ATLANTIC AVE,SAME DIR REAR END,CLEAR,DRY,DARK LIGHTS ON,NO CONTROLS,NONE DETECTED,Yes,No Apparent Injury,NOT DISTRACTED,MD,Passenger Car,35,2016.0,Hyun,4S,0,Tuesday,7
MCP2612001M,16062142,Montgomery County Police,Property Damage Crash,2016-12-03 15:45:00,Maryland (State),GEORGIA AVE,WINDHAM LA,SAME DIRECTION LEFT TURN,CLEAR,DRY,DAYLIGHT,TRAFFIC SIGNAL,UNKNOWN,Yes,No Apparent Injury,UNKNOWN,VA,Passenger Car,35,2015.0,Nissan,ALTIMA,15,Saturday,12
MCP2799002V,170506095,Montgomery County Police,Injury Crash,2017-05-05 16:03:00,Maryland (State),ASHTON RD,TUCKER LA,STRAIGHT MOVEMENT ANGLE,CLEAR,WET,DAYLIGHT,Unknown,NONE DETECTED,Yes,Suspected Minor Injury,LOOKED BUT DID NOT SEE,MD,Passenger Car,40,2007.0,Toyt,CAMRY,16,Friday,5
MCP2921004V,230060322,Montgomery County Police,Property Damage Crash,2023-10-13 15:07:00,County,MIDDLEBROOK RD,CELEBRATION WAY,OTHER,CLEAR,DRY,DAYLIGHT,STOP SIGN,Unknown,No,No Apparent Injury,NOT DISTRACTED,MD,Passenger Car,35,2022.0,Toyota,SIENNA,15,Friday,10
MCP3279000J,210011923,Montgomery County Police,Property Damage Crash,2021-03-30 08:27:00,Maryland (State),UNIVERSITY BLVD W,ARCOLA AVE,SAME DIR REAR END,CLEAR,DRY,DARK LIGHTS ON,TRAFFIC SIGNAL,NONE DETECTED,No,No Apparent Injury,NOT DISTRACTED,MD,Passenger Car,35,1997.0,Honda,CIVIC,8,Tuesday,3
MCP2351005L,240013663,MONTGOMERY,Injury Crash,2024-03-22 11:36:00,County Route,BOU AVE,Unknown,Other,Cloudy,Dry,Daylight,Traffic Control Signal,"Not Suspect of Alcohol Use, Not Suspect of Drug Use",No,No Apparent Injury,Not Distracted,MD,Sport Utility Vehicle,35,2005.0,Toyota,HIGHLANDER,11,Friday,3