Report Number,Local Case Number,Agency Name,ACRS Report Type,Crash Date/Time,Route Type,Road Name,Cross-Street Name,Collision Type,Weather,Surface Condition,Light,Traffic Control,Driver Substance Abuse,Driver At Fault,Injury Severity,Driver Distracted By,Drivers License State,Vehicle Body Type,Speed Limit,Vehicle Year,Vehicle Make,Vehicle Model,Crash Hour,Crash Day,Crash Month
MCP31040017,190005291,Montgomery County Police,Injury Crash,2019-02-02 22:40:00,US (State),COLUMBIA PIKE,GREENCASTLE RD,OTHER,CLEAR,DRY,DARK LIGHTS ON,TRAFFIC SIGNAL,Unknown,No,Possible Injury,NOT DISTRACTED,MD,Passenger Car,55,2010.0,Toyota,HIGHLANDER,22,Saturday,2
MCP9404000M,16021802,Montgomery County Police,Injury Crash,2016-05-03 11:34:00,County,MUDDY BRANCH RD,WEST SIDE DR,STRAIGHT MOVEMENT ANGLE,CLOUDY,Unknown,DAYLIGHT,TRAFFIC SIGNAL,NONE DETECTED,Yes,No Apparent Injury,UNKNOWN,MD,Passenger Car,45,2008.0,Honda,FIT,11,Tuesday,5
EJ7856007F,190039962,Gaithersburg Police Depar,Property Damage Crash,2019-08-21 11:43:00,Maryland (State),MONTGOMERY VILLAGE AVE,RUSSELL AVE,OTHER,CLEAR,DRY,DAYLIGHT,Unknown,Unknown,Yes,No Apparent Injury,LOOKED BUT DID NOT SEE,MD,Passenger Car,35,2009.0,Toyota,VENZA,11,Wednesday,8
MCP2776004J,230017472,Montgomery County Police,Property Damage Crash,2023-04-12 13:38:00,Unknown,Unknown,Unknown,OTHER,CLEAR,Unknown,DAYLIGHT,NO CONTROLS,Unknown,Yes,No Apparent Injury,NOT DISTRACTED,MD,School Bus,5,2013.0,Thomas,BU,13,Wednesday,4
MCP3403000J,240001763,MONTGOMERY,Property Damage Crash,2024-01-11 09:33:00,Maryland (State) Route,Unknown,Unknown,"Sideswipe, Same Direction",Clear,Dry,Daylight,No Controls,"Unknown, Unknown",No,No Apparent Injury,Unknown,Unknown,Pickup,25,2021.0,Toyota,TACOMA,9,Thursday,1
MCP9301002N,180052210,Montgomery County Police,Property Damage Crash,2018-10-18 15:45:00,Maryland (State),WOODFIELD RD,ESSEX VIEW DR,SAME DIR REAR END,Unknown,DRY,DAYLIGHT,Unknown,Unknown,Yes,No Apparent Injury,NOT DISTRACTED,MD,Passenger Car,30,2017.0,Vw,JETTA,15,Thursday,10
MCP29080014,15042815,MONTGOMERY,Property Damage Crash,2015-08-26 14:13:00,Maryland (State),UNIVERSITY BLVD E,WILLIAMSBURG DR,SAME DIR REAR END,CLEAR,DRY,DAYLIGHT,TRAFFIC SIGNAL,NONE DETECTED,No,No Apparent Injury,NOT DISTRACTED,MD,Passenger Car,40,2006.0,Toyota,MATRIX,14,Wednesday,8
MCP3026003V,190016942,Montgomery County Police,Property Damage Crash,2019-04-11 09:10:00,County,ROCKLEDGE BLVD,ROCKLEDGE DR,SAME DIRECTION SIDESWIPE,CLEAR,DRY,DAYLIGHT,NO CONTROLS,NONE DETECTED,Yes,No Apparent Injury,UNKNOWN,MD,Passenger Car,35,2009.0,Honda,ODYSSEY,9,Thursday,4
EJ7846001S,16059457,Gaithersburg Police Depar,Property Damage Crash,2016-11-18 16:40:00,Municipality,BARKLEY PL,W DEER PARK RD,STRAIGHT MOVEMENT ANGLE,CLEAR,DRY,DAYLIGHT,NO CONTROLS,UNKNOWN,Yes,No Apparent Injury,UNKNOWN,Unknown,Passenger Car,15,2008.0,Bmw,4D,16,Friday,11
DD56050018,15022905,Rockville Police Departme,Property Damage Crash,2015-05-13 17:29:00,Maryland (State),ROCKVILLE PIKE,TALBOTT ST,STRAIGHT MOVEMENT ANGLE,CLEAR,DRY,DAYLIGHT,STOP SIGN,NONE DETECTED,No,No Apparent Injury,NOT DISTRACTED,MD,Passenger Car,40,1977.0,Mg,CN,17,Wednesday,5
MCP2536004R,230054160,Montgomery County Police,Injury Crash,2023-09-11 03:30:00,County,WELLER RD,CONNECTICUT AVE,STRAIGHT MOVEMENT ANGLE,RAINING,WET,DARK LIGHTS ON,FLASHING TRAFFIC SIGNAL,Unknown,Yes,Suspected Serious Injury,LOOKED BUT DID NOT SEE,MD,Passenger Car,30,2021.0,Hyundia,ELANTRA,3,Monday,9
MCP2121001N,180064868,Montgomery County Police,Property Damage Crash,2018-12-28 11:35:00,County,MONTEVIDEO RD,STRUC #M0030 DRY SENECA CREEK,SINGLE VEHICLE,RAINING,WET,DAYLIGHT,Unknown,NONE DETECTED,No,No Apparent Injury,NOT DISTRACTED,MD,(Sport) Utility Vehicle,30,2018.0,Buick,ENCORE,11,Friday,12
MCP0942003L,220029758,Montgomery County Police,Property Damage Crash,2022-07-11 12:44:00,County,WOODMONT AVE,EDGEMOOR LA,SAME DIR REAR END,CLEAR,DRY,DAYLIGHT,NO CONTROLS,NONE DETECTED,No,No Apparent Injury,NOT DISTRACTED,MD,School Bus,25,2020.0,Thomas Built,BUS,12,Monday,7
MCP33050023,220000005,Montgomery County Police,Property Damage Crash,2023-01-01 00:49:00,US (State),COLESVILLE RD,UNIVERSITY BLVD E,STRAIGHT MOVEMENT ANGLE,FOGGY,WET,DARK LIGHTS ON,TRAFFIC SIGNAL,NONE DETECTED,No,No Apparent Injury,NOT DISTRACTED,MD,Passenger Car,35,2022.0,Tesla,4D,0,Sunday,1
MCP2969006S,190035758,Montgomery County Police,Injury Crash,2019-07-27 10:55:00,County,RANDOLPH RD,MIDDLEVALE LA,STRAIGHT MOVEMENT ANGLE,CLEAR,DRY,DAYLIGHT,TRAFFIC SIGNAL,NONE DETECTED,Yes,Possible Injury,UNKNOWN,MD,Passenger Car,40,2008.0,Honda,CIVIC,10,Saturday,7
MCP3207001X,210021382,Montgomery County Police,Property Damage Crash,2021-06-05 16:38:00,County,STEWART LA,APRIL LA,SAME DIRECTION SIDESWIPE,CLEAR,DRY,DAYLIGHT,NO CONTROLS,NONE DETECTED,No,No Apparent Injury,NOT DISTRACTED,MD,Passenger Car,30,2021.0,Acura,ILX,16,Saturday,6
MCP3184001T,210022046,Montgomery County Police,Property Damage Crash,2021-06-09 22:49:00,County,FAIRLAND RD,OLD COLUMBIA PIKE,STRAIGHT MOVEMENT ANGLE,CLEAR,DRY,DARK LIGHTS ON,TRAFFIC SIGNAL,NONE DETECTED,Yes,No Apparent Injury,NOT DISTRACTED,MD,Passenger Car,35,2013.0,Vw,4D,22,Wednesday,6
MCP2652000D,17002305,Montgomery County Police,Property Damage Crash,2017-01-13 17:36:00,Maryland (State),COLESVILLE RD,EAST WEST HWY,HEAD ON LEFT TURN,CLEAR,DRY,DARK LIGHTS ON,TRAFFIC SIGNAL,Unknown,No,No Apparent Injury,NOT DISTRACTED,DC,Passenger Car,30,2013.0,Hyundai,ELANTRA,17,Friday,1
MCP3209003W,230001976,Montgomery County Police,Property Damage Crash,2023-01-12 19:34:00,Maryland (State),16TH ST,WASH DC LINE,STRAIGHT MOVEMENT ANGLE,CLEAR,DRY,DARK LIGHTS ON,TRAFFIC SIGNAL,NONE DETECTED,No,No Apparent Injury,NOT DISTRACTED,DC,Passenger Car,25,2010.0,Infiniti,G37X,19,Thursday,1
MCP26370042,210017874,Montgomery County Police,Property Damage Crash,2021-05-12 14:33:00,Maryland (State),DARNESTOWN RD,QUINCE ORCHARD RD,SAME DIRECTION LEFT TURN,CLEAR,DRY,DAYLIGHT,TRAFFIC SIGNAL,NONE DETECTED,Yes,No Apparent Injury,NOT DISTRACTED,MA,Passenger Car,40,2007.0,Toyota,COROLLA,14,Wednesday,5
MCP14330067,250009726,MONTGOMERY,Injury Crash,2025-03-05 18:40:00,County Route,Unknown,Unknown,Front to Rear,Cloudy,Wet,Dark - Not Lighted,Pedestrian Crossing Sign,"Not Suspect of Alcohol Use, Not Suspect of Drug Use",No,Suspected Minor Injury,Unknown,MD,Passenger Car,35,2015.0,Nissan,ALTIMA,18,Wednesday,3
MCP30050021,170506825,Montgomery County Police,Injury Crash,2017-05-09 13:57:00,Maryland (State),UNIVERSITY BLVD W,EAST AVE,ANGLE MEETS LEFT TURN,CLEAR,DRY,DAYLIGHT,TRAFFIC SIGNAL,NONE DETECTED,No,No Apparent Injury,NOT DISTRACTED,MD,Passenger Car,40,1997.0,Niss,4S,13,Tuesday,5
MCP9404002W,200044180,Montgomery County Police,Property Damage Crash,2020-11-09 10:50:00,Maryland (State),W DIAMOND AVE,RAMP 6 FR MD 117 EB TO IS 270 SB,SAME DIR REAR END,CLEAR,DRY,DAYLIGHT,Unknown,NONE DETECTED,No,No Apparent Injury,NOT DISTRACTED,MD,Passenger Car,35,2007.0,Nissan,SENTRA,10,Monday,11
MCP33870028,240062204,MONTGOMERY,Property Damage Crash,2024-12-30 17:05:00,Maryland (State) Route,COLESVILLE RD (WB/L),EAST WEST HWY,"Sideswipe, Same Direction",Clear,Dry,Dusk,Traffic Control Signal,"Not Suspect of Alcohol Use, Not Suspect of Drug Use",No,No Apparent Injury,Not Distracted,MD,Bus - Transit,35,2009.0,Gillig,LOW FLOOR BUS,17,Monday,12
MCP28490027,16056537,Montgomery County Police,Property Damage Crash,2016-11-02 16:00:00,Unknown,Unknown,Unknown,SAME DIRECTION RIGHT TURN,CLEAR,Unknown,DAYLIGHT,NO CONTROLS,NONE DETECTED,Yes,No Apparent Injury,LOOKED BUT DID NOT SEE,MD,School Bus,10,2009.0,Freightliner,SCHOOL BUS,16,Wednesday,11
HA2476000G,23000334,Maryland-National Capital,Property Damage Crash,2023-02-23 16:19:00,Unknown,Unknown,Unknown,OTHER,CLEAR,Unknown,DAYLIGHT,Unknown,NONE DETECTED,Yes,No Apparent Injury,LOOKED BUT DID NOT SEE,MD,Van,5,2008.0,Ford,ECONOLINE 350,16,Thursday,2
MCP3192005H,240059824,MONTGOMERY,Property Damage Crash,2024-12-14 16:24:00,County Route,RANDOLPH RD (WB/L),Unknown,"Sideswipe, Same Direction",Clear,Dry,Dark - Lighted,Traffic Control Signal,"Not Suspect of Alcohol Use, Not Suspect of Drug Use",No,No Apparent Injury,Not Distracted,MD,Passenger Car,40,2003.0,Toyota,4-RUNNER,16,Saturday,12
MCP27180030,180001722,Montgomery County Police,Property Damage Crash,2018-01-11 18:00:00,County,TWINBROOK PKWY,PARKLAWN DR,SAME DIR BOTH LEFT TURN,CLEAR,DRY,DARK LIGHTS ON,TRAFFIC SIGNAL,Unknown,No,No Apparent Injury,UNKNOWN,MD,Passenger Car,35,2003.0,Toyota,COROLLA,18,Thursday,1
MCP9428000V,15040929,MONTGOMERY,Injury Crash,2015-08-16 15:01:00,County,WISTERIA DR,WALTER JOHNSON RD,STRAIGHT MOVEMENT ANGLE,CLEAR,DRY,DAYLIGHT,STOP SIGN,NONE DETECTED,Yes,No Apparent Injury,LOOKED BUT DID NOT SEE,MD,(Sport) Utility Vehicle,25,2006.0,Acur,MDX,15,Sunday,8
MCP287100CC,250015007,MONTGOMERY,Property Damage Crash,2025-04-06 18:53:00,Maryland (State) Route,OLD GEORGETOWN RD,Unknown,"Sideswipe, Same Direction",Cloudy,Dry,Daylight,No Controls,"Not Suspect of Alcohol Use, Not Suspect of Drug Use",No,No Apparent Injury,Not Distracted,VA,Passenger Car,35,2016.0,Toyota,COROLLA,18,Sunday,4
MCP2665000P,15006609,Montgomery County Police,Property Damage Crash,2015-02-09 18:28:00,Maryland (State),OLD GEORGETOWN RD,LUCAS LA,SAME DIR REAR END,CLOUDY,DRY,DARK LIGHTS ON,NO CONTROLS,Unknown,Yes,No Apparent Injury,LOOKED BUT DID NOT SEE,MD,"Other Light Trucks (10,000Lbs (4,536Kg) Or Less)",30,1995.0,Merz,4S,18,Monday,2
MCP2783004W,230025634,Montgomery County Police,Injury Crash,2023-05-30 16:14:00,Maryland (State),LAYHILL RD,POST LA,SINGLE VEHICLE,CLEAR,DRY,DAYLIGHT,NO CONTROLS,Unknown,Yes,Suspected Serious Injury,UNKNOWN,MD,Passenger Car,35,2009.0,Infinity,M35X,16,Tuesday,5
EJ7886004P,250047225,GAITHERSBURG,Injury Crash,2025-10-21 04:40:00,Municipality Route,CHRISTOPHER AVE,RUSSELL AVE (SB/L),Rear To Side,Clear,Dry,Dark - Lighted,Flashing Traffic Control Signal,"Not Suspect of Alcohol Use, Not Suspect of Drug Use",No,Suspected Minor Injury,Not Distracted,MD,Passenger Car,25,2020.0,Ram,PROMASTER 2500,4,Tuesday,10
DD56300022,190043363,Rockville Police Departme,Injury Crash,2019-09-10 15:39:00,Municipality,TWINBROOK PKWY,CHAPMAN AVE,STRAIGHT MOVEMENT ANGLE,CLEAR,DRY,DAYLIGHT,NO CONTROLS,NONE DETECTED,Yes,No Apparent Injury,NOT DISTRACTED,MD,Passenger Car,35,2006.0,Ford,FOCUS,15,Tuesday,9
MCP137801FG,260001358,MONTGOMERY,Injury Crash,2026-01-09 15:09:00,County Route,ENNALLS AVE,Unknown,Angle,Rain,Wet,Daylight,No Controls,"Not Suspect of Alcohol Use, Not Suspect of Drug Use",Yes,No Apparent Injury,Not Distracted,MD,Pickup,35,2018.0,Ford,F-150,15,Friday,1
MCP3362006V,250051699,MONTGOMERY,Property Damage Crash,2025-11-18 13:43:00,Unknown,Unknown,Unknown,Angle,Clear,Unknown,Daylight,Unknown,"Not Suspect of Alcohol Use, Not Suspect of Drug Use",No,No Apparent Injury,Not Distracted,MD,Passenger Car,0,2013.0,Hyundai,GENESIS COUPE,13,Tuesday,11
MCP15630089,230005243,Montgomery County Police,Injury Crash,2023-02-01 12:17:00,Maryland (State),WISCONSIN AVE,BRADLEY LA,HEAD ON LEFT TURN,CLEAR,DRY,DAYLIGHT,TRAFFIC SIGNAL,NONE DETECTED,Yes,Suspected Serious Injury,LOOKED BUT DID NOT SEE,MD,Passenger Car,25,2019.0,Buick,ENVISION,12,Wednesday,2
MCP9301005P,250002585,MONTGOMERY,Property Damage Crash,2025-01-18 20:45:00,Maryland (State) Route,FREDERICK RD (SB/L),Unknown,Other,Clear,Wet,Dark - Lighted,Other,"Not Suspect of Alcohol Use, Not Suspect of Drug Use",Yes,No Apparent Injury,Unknown,MD,Passenger Car,40,2015.0,Toyota,CAMRY,20,Saturday,1
DD5631000P,180035364,Rockville Police Departme,Property Damage Crash,2018-07-17 15:19:00,Municipality,CLAGETT DR,VEIRS MILL RD,ANGLE MEETS RIGHT TURN,RAINING,WET,DAYLIGHT,STOP SIGN,Unknown,No,No Apparent Injury,NOT DISTRACTED,MD,Passenger Car,30,2000.0,Chevy,TRUCK,15,Tuesday,7
MCP24120013,190048967,Montgomery County Police,Property Damage Crash,2019-10-11 22:22:00,Maryland (State),UNIVERSITY BLVD E,PINEY BRANCH RD,SAME DIRECTION SIDESWIPE,CLEAR,DRY,DARK LIGHTS ON,NO CONTROLS,NONE DETECTED,No,No Apparent Injury,NOT DISTRACTED,MD,Transit Bus,35,2013.0,New Flyer,TBU,22,Friday,10
MCP2445005D,230071622,Montgomery County Police,Injury Crash,2023-12-14 07:22:00,County,MIDDLEBROOK RD,ENT TO MIDDLEBROOK SQ SHOPPING CENTER,STRAIGHT MOVEMENT ANGLE,CLEAR,DRY,DAYLIGHT,STOP SIGN,NONE DETECTED,Yes,Possible Injury,UNKNOWN,MD,Passenger Car,40,2010.0,Dodge,CARAVAN,7,Thursday,12
MCP2231006N,220029290,Montgomery County Police,Property Damage Crash,2022-07-08 10:58:00,Municipality,W WATKINS MILL RD,CLOPPER RD,HEAD ON LEFT TURN,CLOUDY,DRY,DAYLIGHT,TRAFFIC SIGNAL,NONE DETECTED,Yes,No Apparent Injury,UNKNOWN,MD,Passenger Car,35,2016.0,Ford,F150,10,Friday,7
MCP1064009Z,200010560,Montgomery County Police,Injury Crash,2020-03-03 12:21:00,US (State),COLESVILLE RD,SOUTHWOOD AVE,SAME DIR REAR END,RAINING,WET,DAYLIGHT,TRAFFIC SIGNAL,Unknown,No,No Apparent Injury,NOT DISTRACTED,MD,Police Vehicle/Non Emergency,40,2012.0,Dodg,4S CHARGER,12,Tuesday,3
MCP28980017,15065156,MONTGOMERY,Property Damage Crash,2015-12-20 19:17:00,Maryland (State),GERMANTOWN RD,RAMP 4 FR IS 270 NB TO MD 118 EB,SAME DIR REAR END,CLEAR,DRY,DARK LIGHTS ON,NO CONTROLS,Unknown,Yes,No Apparent Injury,LOOKED BUT DID NOT SEE,MD,Passenger Car,40,1996.0,Ford,CP,19,Sunday,12
DM8339000Y,170527968,Takoma Park Police Depart,Property Damage Crash,2017-08-31 13:25:00,Unknown,Unknown,Unknown,OTHER,CLEAR,Unknown,DAYLIGHT,Unknown,NONE DETECTED,Yes,No Apparent Injury,LOOKED BUT DID NOT SEE,MD,Passenger Car,15,2015.0,Toyt,SIENNA,13,Thursday,8
MCP2394004Y,230016536,Montgomery County Police,Property Damage Crash,2023-04-06 19:12:00,Unknown,Unknown,Unknown,OTHER,Unknown,Unknown,DUSK,NO CONTROLS,NONE DETECTED,Yes,No Apparent Injury,NOT DISTRACTED,MD,Passenger Car,15,2011.0,Hyundai,SONATA,19,Thursday,4
MCP28550014,16024537,Montgomery County Police,Property Damage Crash,2016-05-17 16:43:00,County,RANDOLPH RD,ROCKING HORSE RD,SAME DIR REAR END,RAINING,WET,DAYLIGHT,TRAFFIC SIGNAL,NONE DETECTED,No,No Apparent Injury,NOT DISTRACTED,MD,Passenger Car,35,2011.0,Chev,4S,16,Tuesday,5
MCP3308000G,220009572,Montgomery County Police,Property Damage Crash,2022-03-05 18:30:00,Maryland (State),MONTGOMERY VILLAGE AVE,SPUR TO LAKE FOREST SHOP CTR,SAME DIR REAR END,CLEAR,DRY,DUSK,TRAFFIC SIGNAL,NONE DETECTED,No,No Apparent Injury,NOT DISTRACTED,MD,(Sport) Utility Vehicle,35,2017.0,Hond,VN,18,Saturday,3
MCP3351001R,230065441,Montgomery County Police,Injury Crash,2023-11-09 18:43:00,County,BROADBIRCH DR,PLUM ORCHARD DR,STRAIGHT MOVEMENT ANGLE,CLEAR,DRY,DARK LIGHTS ON,TRAFFIC SIGNAL,NONE DETECTED,No,Possible Injury,NOT DISTRACTED,MD,Passenger Car,30,2022.0,Hond,SD,18,Thursday,11
MCP137801CN,250018700,MONTGOMERY,Property Damage Crash,2025-04-29 13:14:00,Municipality Route,CARLSBAD RD,Unknown,Angle,Clear,Dry,Daylight,No Controls,"Not Suspect of Alcohol Use, Not Suspect of Drug Use",No,No Apparent Injury,Not Distracted,MD,Sport Utility Vehicle,25,2021.0,Ford,EXPLORER,13,Tuesday,4
MCP93810023,190028153,Montgomery County Police,Property Damage Crash,2019-06-13 00:05:00,County,MASTERS DR,HORSESHOE LA,SINGLE VEHICLE,RAINING,WET,DARK LIGHTS ON,Unknown,UNKNOWN,Yes,No Apparent Injury,UNKNOWN,MD,Passenger Car,15,2018.0,Mazda,4S,0,Thursday,6
MCP3118001X,190022034,Montgomery County Police,Property Damage Crash,2019-05-10 10:19:00,Unknown,Unknown,Unknown,OTHER,CLEAR,Unknown,DAYLIGHT,Unknown,NONE DETECTED,No,No Apparent Injury,NOT DISTRACTED,MD,Passenger Car,10,2017.0,Honda,PILOT,10,Friday,5
EJ7837005L,210052364,Gaithersburg Police Depar,Injury Crash,2021-12-23 15:20:00,Maryland (State),QUINCE ORCHARD RD,SPUR TO MD 117,STRAIGHT MOVEMENT ANGLE,CLEAR,DRY,DAYLIGHT,NO CONTROLS,Unknown,No,No Apparent Injury,NOT DISTRACTED,MD,Passenger Car,35,2019.0,Chry,VN,15,Thursday,12
MCP1119006S,190008069,Montgomery County Police,Injury Crash,2019-02-19 17:43:00,County,NORWOOD RD,JOHNSON RD,SINGLE VEHICLE,CLEAR,DRY,DUSK,Unknown,NONE DETECTED,No,Possible Injury,NOT DISTRACTED,MD,Passenger Car,40,2016.0,Ford,FIESTA,17,Tuesday,2
MCP3232006N,250024897,MONTGOMERY,Property Damage Crash,2025-06-04 15:34:00,County Route,BONIFANT RD,BONIFIANT PARK DR,Front to Rear,Clear,Dry,Daylight,No Controls,"Not Suspect of Alcohol Use, Not Suspect of Drug Use",No,No Apparent Injury,Not Distracted,MD,Sport Utility Vehicle,35,2016.0,Acura,MDX,15,Wednesday,6
MCP0251000K,15016674,Montgomery County Police,Injury Crash,2015-04-10 19:34:00,Unknown,Unknown,Unknown,STRAIGHT MOVEMENT ANGLE,CLEAR,Unknown,DUSK,NO CONTROLS,NONE DETECTED,No,Suspected Serious Injury,NOT DISTRACTED,MD,(Sport) Utility Vehicle,15,2007.0,Merz,GL450,19,Friday,4
MCP2565002R,16017675,Montgomery County Police,Injury Crash,2016-04-11 12:41:00,Interstate (State),EISENHOWER MEMORIAL HWY,RAMP 2 FR IS 270 TO RAMP 9 (TO MD 187B),SAME DIR REAR END,CLEAR,DRY,DAYLIGHT,NO CONTROLS,NONE DETECTED,Yes,Suspected Minor Injury,NOT DISTRACTED,MD,Passenger Car,35,2009.0,Lexus,ES 350,12,Monday,4
MCP3228003Y,220027145,Montgomery County Police,Injury Crash,2022-06-23 19:35:00,Maryland (State),GEORGIA AVE,SEMINARY PL,SAME DIRECTION SIDESWIPE,CLEAR,DRY,DAYLIGHT,TRAFFIC SIGNAL,NONE DETECTED,No,Possible Injury,NOT DISTRACTED,PA,(Sport) Utility Vehicle,30,2017.0,Toyota,RAV4,19,Thursday,6
MCP31970043,240017805,MONTGOMERY,Property Damage Crash,2024-04-16 18:02:00,Maryland (State) Route,LAYHILL RD,Unknown,Rear To Side,Clear,Dry,Daylight,No Controls,"Not Suspect of Alcohol Use, Not Suspect of Drug Use",Yes,No Apparent Injury,Unknown,MD,Passenger Car,35,2020.0,Volkswagen,TIGUAN,18,Tuesday,4
MCP3065001W,180025547,Montgomery County Police,Property Damage Crash,2018-05-24 18:15:00,US (State),COLUMBIA PIKE,INDUSTRIAL PKWY,SAME DIR REAR END,CLEAR,DRY,DAYLIGHT,Unknown,NONE DETECTED,No,No Apparent Injury,NOT DISTRACTED,MD,Passenger Car,45,2012.0,Toyt,COROLLA,18,Thursday,5
MCP2612001L,16061965,Montgomery County Police,Property Damage Crash,2016-12-02 19:23:00,Maryland (State),LAYHILL RD,QUEENSGUARD RD,SAME DIR REAR END,CLEAR,DRY,DARK LIGHTS ON,NO CONTROLS,NONE DETECTED,No,No Apparent Injury,NOT DISTRACTED,MD,Passenger Car,40,2004.0,Landrover,RANGEROVER,19,Friday,12
MCP2874003J,180035401,Montgomery County Police,Injury Crash,2018-07-17 18:25:00,Maryland (State),VEIRS MILL RD,ST. CATHERINE LABOUR CHURCH & SCHOOL,SAME DIR REAR END,CLEAR,DRY,DAYLIGHT,Unknown,NONE DETECTED,No,No Apparent Injury,NOT DISTRACTED,MD,Passenger Car,35,2013.0,Toyota,RAV4,18,Tuesday,7
MCP30200027,180027631,Montgomery County Police,Property Damage Crash,2018-06-05 10:30:00,Maryland (State),GEORGIA AVE,NORBECK RD,SAME DIRECTION RIGHT TURN,CLEAR,DRY,DAYLIGHT,TRAFFIC SIGNAL,UNKNOWN,Yes,No Apparent Injury,UNKNOWN,Unknown,Passenger Car,50,2017.0,Toyota,CAMRY,10,Tuesday,6
MCP34080027,250046353,MONTGOMERY,Property Damage Crash,2025-10-15 13:30:00,US (State),GEORGIA AVE (SB/L),GEORGIA AVE,Angle,Clear,Dry,Daylight,Traffic Control Signal,"Not Suspect of Alcohol Use, Not Suspect of Drug Use",No,No Apparent Injury,Not Distracted,MD,Bus - Transit,25,2011.0,Gillig,LOW FLOOR BUS,13,Wednesday,10
MCP2964003N,190019617,Montgomery County Police,Injury Crash,2019-04-26 17:16:00,Maryland (State),CLOPPER RD,KINGSVIEW RD,STRAIGHT MOVEMENT ANGLE,Unknown,DRY,DAYLIGHT,TRAFFIC SIGNAL,NONE DETECTED,Yes,No Apparent Injury,LOOKED BUT DID NOT SEE,MD,Passenger Car,40,2001.0,Buick,CENTURY,17,Friday,4
MCP27890020,15066029,Montgomery County Police,Property Damage Crash,2015-12-24 19:20:00,Maryland (State),GEORGIA AVE,FIDLER LA,HEAD ON LEFT TURN,CLEAR,DRY,DARK LIGHTS ON,NO CONTROLS,Unknown,No,No Apparent Injury,NOT DISTRACTED,MD,Police Vehicle/Emergency,35,2007.0,Dodge,CHARGER,19,Thursday,12
MCP29320043,200042304,Montgomery County Police,Injury Crash,2020-10-26 23:20:00,Maryland (State),GEORGIA AVE,DENNIS AVE,SAME DIR REAR END,CLEAR,DRY,DARK LIGHTS ON,TRAFFIC SIGNAL,NONE DETECTED,No,Suspected Minor Injury,NOT DISTRACTED,MD,Passenger Car,35,2017.0,1G1Be5Sm6H7210069,CRUZ,23,Monday,10
MCP2231002X,17002917,Montgomery County Police,Property Damage Crash,2017-01-17 13:30:00,Municipality,HOWARD AVE,ARMORY AVE,STRAIGHT MOVEMENT ANGLE,RAINING,WET,DAYLIGHT,STOP SIGN,NONE DETECTED,No,No Apparent Injury,NOT DISTRACTED,DC,"Other Light Trucks (10,000Lbs (4,536Kg) Or Less)",25,1991.0,Grumman Allied,POSTAL TRUCK,13,Tuesday,1
MCP3053007S,240045605,MONTGOMERY,Property Damage Crash,2024-09-24 16:46:00,County Route,EISNER ST,Unknown,Other,Rain,Wet,Daylight,No Controls,"Not Suspect of Alcohol Use, Not Suspect of Drug Use",No,No Apparent Injury,Not Distracted,MD,Passenger Car,30,2009.0,Gillig,LOW FLOOR BUS,16,Tuesday,9
MCP137800DW,16058862,Montgomery County Police,Injury Crash,2016-11-15 14:51:00,Maryland (State),CLOPPER RD,STONERIDGE DR,SAME DIR REAR END,CLOUDY,DRY,DAYLIGHT,NO CONTROLS,NONE DETECTED,Yes,No Apparent Injury,NOT DISTRACTED,MD,Van,35,2010.0,Chevrolet,EXPRESS,14,Tuesday,11
MCP3272000R,210012979,Montgomery County Police,Injury Crash,2021-04-07 13:15:00,Maryland (State),NEW HAMPSHIRE AVE,OAKVIEW DR,HEAD ON LEFT TURN,CLEAR,DRY,DAYLIGHT,TRAFFIC SIGNAL,NONE DETECTED,Yes,No Apparent Injury,LOOKED BUT DID NOT SEE,MD,Pickup Truck,35,2020.0,Ram,1500,13,Wednesday,4
MCP1563002G,16024008,Montgomery County Police,Property Damage Crash,2016-05-14 16:01:00,Maryland (State),CONNECTICUT AVE,ROSEMARY ST #2,SAME DIR REAR END,RAINING,WET,DAYLIGHT,TRAFFIC SIGNAL,NONE DETECTED,No,No Apparent Injury,NOT DISTRACTED,MD,Passenger Car,30,2009.0,Toyota,CAMRY,16,Saturday,5
MCP30910029,200018970,Montgomery County Police,Property Damage Crash,2020-05-10 13:21:00,Maryland (State),FREDERICK RD,SHADY GROVE RD,SINGLE VEHICLE,CLEAR,DRY,DAYLIGHT,TRAFFIC SIGNAL,Unknown,Unknown,No Apparent Injury,UNKNOWN,MD,Passenger Car,40,2004.0,Toyota,SEQUOIA,13,Sunday,5
MCP3200008N,230033531,Montgomery County Police,Injury Crash,2023-07-14 11:06:00,Maryland (State),KNOWLES AVE,RALEIGH AVE,SAME DIR REAR END,CLEAR,DRY,DAYLIGHT,NO CONTROLS,NONE DETECTED,No,No Apparent Injury,NOT DISTRACTED,MD,Passenger Car,30,2011.0,Subaru,OUTBACK,11,Friday,7
MCP2378000M,16036573,Montgomery County Police,Injury Crash,2016-07-19 17:03:00,Maryland (State),WISCONSIN AVE,ELM ST,SAME DIRECTION SIDESWIPE,CLEAR,DRY,DAYLIGHT,NO CONTROLS,NONE DETECTED,No,Possible Injury,NOT DISTRACTED,DC,Passenger Car,25,2011.0,Toyota,CAMRY,17,Tuesday,7