Report Number,Local Case Number,Agency Name,ACRS Report Type,Crash Date/Time,Route Type,Road Name,Cross-Street Name,Collision Type,Weather,Surface Condition,Light,Traffic Control,Driver Substance Abuse,Driver At Fault,Injury Severity,Driver Distracted By,Drivers License State,Vehicle Body Type,Speed Limit,Vehicle Year,Vehicle Make,Vehicle Model,Crash Hour,Crash Day,Crash Month
MCP2964003B,190006471,Montgomery County Police,Property Damage Crash,2019-02-09 18:29:00,Maryland (State),CLOPPER RD,MATENY RD,HEAD ON LEFT TURN,CLEAR,DRY,DUSK,TRAFFIC SIGNAL,NONE DETECTED,No,No Apparent Injury,NOT DISTRACTED,MD,(Sport) Utility Vehicle,40,2011.0,Toyota,4RUNNER,18,Saturday,2
MCP2564001K,180023747,Montgomery County Police,Property Damage Crash,2018-05-14 19:30:00,County,WATKINS MILL RD,STEDWICK RD,HEAD ON LEFT TURN,RAINING,WET,DUSK,TRAFFIC SIGNAL,Unknown,No,No Apparent Injury,NOT DISTRACTED,MD,Passenger Car,35,2002.0,Toyota,CAMRY,19,Monday,5
MCP2420002N,170536534,Montgomery County Police,Property Damage Crash,2017-10-13 20:47:00,County,EMORY LA,GOOSENECK TERR,SAME DIR REAR END,RAINING,WET,DARK LIGHTS ON,NO CONTROLS,NONE DETECTED,Yes,No Apparent Injury,NOT DISTRACTED,MD,Passenger Car,30,2007.0,Jeep,TK,20,Friday,10
MCP3285000N,210010637,Montgomery County Police,Property Damage Crash,2021-03-21 14:32:00,County,SCARLET LEAF CIR,SCOTTSBURY DR,OTHER,CLEAR,DRY,DAYLIGHT,NO CONTROLS,Unknown,Yes,No Apparent Injury,INATTENTIVE OR LOST IN THOUGHT,MD,Passenger Car,25,2007.0,Honda,ACCORD,14,Sunday,3
MCP2921000R,15045991,MONTGOMERY,Injury Crash,2015-09-11 17:14:00,Maryland (State),FREDERICK RD,OXBRIDGE DR,SAME DIR REAR END,CLEAR,Unknown,DAYLIGHT,Unknown,NONE DETECTED,No,No Apparent Injury,NOT DISTRACTED,MD,Passenger Car,40,2011.0,Chev,4W,17,Friday,9
MCP2239000C,15064236,MONTGOMERY,Injury Crash,2015-12-16 13:04:00,County,SEVEN LOCKS RD,TUCKERMAN LA,STRAIGHT MOVEMENT ANGLE,Unknown,DRY,DAYLIGHT,TRAFFIC SIGNAL,Unknown,No,Possible Injury,NOT DISTRACTED,MD,Passenger Car,40,2012.0,Nissan,SENTRA,13,Wednesday,12
MCP2504005B,190061187,Montgomery County Police,Property Damage Crash,2019-12-19 17:31:00,County,DARNESTOWN RD,GLEN MILL RD,SAME DIRECTION SIDESWIPE,CLEAR,DRY,DARK LIGHTS ON,TRAFFIC SIGNAL,NONE DETECTED,No,No Apparent Injury,NOT DISTRACTED,MD,Pickup Truck,40,2006.0,Chevrolet,TK,17,Thursday,12
MCP3228003H,220016199,Montgomery County Police,Property Damage Crash,2022-04-16 19:20:00,Unknown,Unknown,Unknown,STRAIGHT MOVEMENT ANGLE,CLEAR,Unknown,DAYLIGHT,NO CONTROLS,UNKNOWN,Yes,No Apparent Injury,UNKNOWN,Unknown,Unknown,25,2015.0,Unknown,UNKNOWN,19,Saturday,4
MCP2765004X,180049676,Montgomery County Police,Property Damage Crash,2018-10-04 17:45:00,County,DARNESTOWN RD,TRAVILLE  GATEWAY DR,SAME DIR REAR END,CLEAR,DRY,DAYLIGHT,NO CONTROLS,NONE DETECTED,No,No Apparent Injury,NOT DISTRACTED,MD,Passenger Car,40,2017.0,Hond,CRV,17,Thursday,10
MCP12200026,15015142,Montgomery County Police,Property Damage Crash,2015-04-02 09:32:00,Maryland (State),CAPITOL VIEW AVE,LEAFY AVE,SAME DIR REAR END,CLEAR,DRY,DAYLIGHT,Unknown,NONE DETECTED,Yes,No Apparent Injury,UNKNOWN,MD,(Sport) Utility Vehicle,25,2001.0,Honda,CRV,9,Thursday,4
MCP2639000T,15021005,Montgomery County Police,Injury Crash,2015-05-03 23:41:00,Maryland (State),GEORGIA AVE,REEDIE DR,STRAIGHT MOVEMENT ANGLE,CLEAR,DRY,DARK LIGHTS ON,NO CONTROLS,NONE DETECTED,No,No Apparent Injury,NOT DISTRACTED,MD,Passenger Car,35,1999.0,Toyota,CAMRY,23,Sunday,5
MCP3218005N,250000487,MONTGOMERY,Property Damage Crash,2025-01-04 13:50:00,County Route,AMHERST AVE,UNIVERSITY BLVD W (WB/L),"Sideswipe, Same Direction",Clear,Dry,Daylight,Traffic Control Signal,"Not Suspect of Alcohol Use, Not Suspect of Drug Use",Yes,No Apparent Injury,Not Distracted,DC,Bus - Transit,30,2019.0,New Flyer,XCELSIOR,13,Saturday,1
MCP15190031,190052431,Montgomery County Police,Injury Crash,2019-11-28 12:19:00,Maryland (State),GREAT SENECA HWY,LEAMAN FARM RD,SAME DIRECTION RIGHT TURN,CLOUDY,DRY,DAYLIGHT,NO CONTROLS,NONE DETECTED,No,Suspected Minor Injury,NOT DISTRACTED,MD,Passenger Car,50,2010.0,Merz,4S,12,Thursday,11
MCP2772000X,15056293,MONTGOMERY,Property Damage Crash,2015-11-04 23:08:00,Interstate (State),CAPITAL BELTWAY,CONNECTICUT AVE,SINGLE VEHICLE,RAINING,WET,DARK LIGHTS ON,NO CONTROLS,Unknown,Unknown,No Apparent Injury,NOT DISTRACTED,MD,Passenger Car,55,2000.0,Jeep,TK,23,Wednesday,11
MCP3021006M,230028609,Montgomery County Police,Property Damage Crash,2023-06-14 11:00:00,Other Public Roadway,INDUSTRIAL PKWY,TECH RD,STRAIGHT MOVEMENT ANGLE,RAINING,WET,DAYLIGHT,NO CONTROLS,NONE DETECTED,Yes,No Apparent Injury,LOOKED BUT DID NOT SEE,MD,Passenger Car,25,2020.0,Jeep,LAREDO,11,Wednesday,6
MCP3163000L,180045887,Montgomery County Police,Property Damage Crash,2018-09-14 08:20:00,Maryland (State),ROCKVILLE PIKE,CEDAR LA,SAME DIR REAR END,Unknown,DRY,DAYLIGHT,TRAFFIC SIGNAL,NONE DETECTED,No,No Apparent Injury,NOT DISTRACTED,VA,Passenger Car,35,2014.0,Honda,CRV,8,Friday,9
MCP2446003P,180023265,Montgomery County Police,Injury Crash,2018-05-11 19:52:00,County,HAWKINS CREAMERY RD,JOHNSON FARM RD,OTHER,CLEAR,DRY,DUSK,NO CONTROLS,NONE DETECTED,No,Suspected Minor Injury,NOT DISTRACTED,MD,Passenger Car,35,1996.0,Chev,4S,19,Friday,5
DD55980027,180012005,Rockville Police Departme,Property Damage Crash,2018-03-09 18:39:00,Maryland (State),VEIRS MILL RD,EDMONSTON DR,SAME DIR REAR END,Unknown,DRY,DARK LIGHTS ON,Unknown,Unknown,Yes,No Apparent Injury,NOT DISTRACTED,MD,Passenger Car,35,2001.0,Toyo,CAMRY,18,Friday,3
MCP2940006F,230014469,Montgomery County Police,Property Damage Crash,2023-03-25 14:20:00,Maryland (State),OLD GEORGETOWN RD,CAPITAL BELTWAY,OTHER,Unknown,DRY,DAYLIGHT,TRAFFIC SIGNAL,NONE DETECTED,No,No Apparent Injury,NOT DISTRACTED,MD,(Sport) Utility Vehicle,35,2013.0,Ford,EDGE,14,Saturday,3
MCP29390047,190050557,Montgomery County Police,Property Damage Crash,2019-10-21 19:32:00,Maryland (State),RIDGE RD,SNOWDEN FARM PKWY (PROP),SAME DIR REAR END,CLEAR,DRY,DARK LIGHTS ON,NO CONTROLS,Unknown,Yes,No Apparent Injury,INATTENTIVE OR LOST IN THOUGHT,MD,Passenger Car,40,2013.0,Ford,4S,19,Monday,10
MCP32150028,210042655,Montgomery County Police,Injury Crash,2021-10-23 13:25:00,County,NICHOLSON LA,HUFF CT,STRAIGHT MOVEMENT ANGLE,CLOUDY,DRY,DAYLIGHT,Unknown,NONE DETECTED,Yes,No Apparent Injury,NOT DISTRACTED,MD,(Sport) Utility Vehicle,30,2019.0,Chevrolet,SUBURBAN,13,Saturday,10
MCP2159001J,230069664,Montgomery County Police,Injury Crash,2023-12-03 18:11:00,Maryland (State),GERMANTOWN RD,CROSSOVER,SAME DIR REAR END,RAINING,WET,DARK NO LIGHTS,TRAFFIC SIGNAL,NONE DETECTED,No,Possible Injury,NOT DISTRACTED,MD,(Sport) Utility Vehicle,40,2018.0,Suba,UT,18,Sunday,12
MCP3073002C,180050581,Montgomery County Police,Injury Crash,2018-10-09 21:30:00,Maryland (State),NORBECK RD,GEORGIA AVE,SAME DIR REAR END,CLEAR,Unknown,DARK LIGHTS ON,TRAFFIC SIGNAL,Unknown,No,Suspected Minor Injury,UNKNOWN,MD,Passenger Car,45,2015.0,Toyota,SUV,21,Tuesday,10
MCP1253000M,190049515,Montgomery County Police,Property Damage Crash,2019-10-15 07:00:00,Unknown,Unknown,Unknown,OTHER,CLEAR,Unknown,DARK LIGHTS ON,NO CONTROLS,NONE DETECTED,No,No Apparent Injury,NOT DISTRACTED,MD,Passenger Car,15,2014.0,Honda,TK,7,Tuesday,10
MCP2806000X,16007631,Montgomery County Police,Property Damage Crash,2016-02-15 02:55:00,Unknown,Unknown,Unknown,OTHER,SNOW,Unknown,DARK LIGHTS ON,NO CONTROLS,ALCOHOL PRESENT,Yes,No Apparent Injury,UNKNOWN,MD,Passenger Car,15,2005.0,Ford,EXPLORER,2,Monday,2
MCP2824002Q,17013136,Montgomery County Police,Property Damage Crash,2017-03-13 16:11:00,County,RIFFLE FORD RD,DARNESTOWN RD,SAME DIRECTION LEFT TURN,CLEAR,DRY,DAYLIGHT,NO CONTROLS,Unknown,Yes,No Apparent Injury,NOT DISTRACTED,MD,Passenger Car,35,2008.0,Hond,2S,16,Monday,3
MCP3004003B,190046927,Montgomery County Police,Property Damage Crash,2019-09-30 19:38:00,County,GRUBB RD,EAST WEST HWY,HEAD ON LEFT TURN,CLEAR,DRY,DARK LIGHTS ON,TRAFFIC SIGNAL,NONE DETECTED,Yes,No Apparent Injury,LOOKED BUT DID NOT SEE,MD,Passenger Car,35,2008.0,Toyota,PRIUS,19,Monday,9
MCP2192003B,190017033,Montgomery County Police,Property Damage Crash,2019-04-12 09:19:00,County,BONIFANT RD,BONIFIANT PARK DR,SAME DIR REAR END,CLOUDY,DRY,DAYLIGHT,NO CONTROLS,NONE DETECTED,No,No Apparent Injury,NOT DISTRACTED,MD,Pickup Truck,35,2016.0,Ford,F-150,9,Friday,4
MCP287500B8,250033806,MONTGOMERY,Property Damage Crash,2025-07-29 17:04:00,Maryland (State) Route,RIDGE RD,GUE RD,Other,Cloudy,Dry,Daylight,Stop Sign,"Not Suspect of Alcohol Use, Not Suspect of Drug Use",Yes,No Apparent Injury,Unknown,MD,Passenger Car,30,2016.0,Honda,ACCORD,17,Tuesday,7
MCP3124000G,180019936,Montgomery County Police,Property Damage Crash,2018-04-23 20:00:00,Maryland (State),UNIVERSITY BLVD W,EISNER ST,SINGLE VEHICLE,CLEAR,DRY,DARK LIGHTS ON,Unknown,NONE DETECTED,Yes,No Apparent Injury,NOT DISTRACTED,MD,Passenger Car,35,2004.0,Toyota,COROLLA S,20,Monday,4
MCP2683002W,170540955,Montgomery County Police,Property Damage Crash,2017-11-04 18:04:00,Municipality,ODENDHAL AVE,FREDERICK RD,SAME DIR REAR END,RAINING,WET,DARK LIGHTS ON,TRAFFIC SIGNAL,NONE DETECTED,Yes,No Apparent Injury,NOT DISTRACTED,MD,Passenger Car,35,2000.0,Toyota,CELICA,18,Saturday,11
MCP2339000S,15011105,Montgomery County Police,Property Damage Crash,2015-03-10 17:07:00,County,EMORY LA,GEORGIA AVE,SINGLE VEHICLE,RAINING,WET,DAYLIGHT,TRAFFIC SIGNAL,NONE DETECTED,Yes,No Apparent Injury,NOT DISTRACTED,MD,Passenger Car,15,2002.0,Ford,TAURUS,17,Tuesday,3
MCP2702000R,15018193,Montgomery County Police,Property Damage Crash,2015-04-18 15:54:00,County,FENTON ST,WAYNE AVE,SAME DIRECTION SIDESWIPE,CLEAR,DRY,DAYLIGHT,TRAFFIC SIGNAL,NONE DETECTED,Yes,No Apparent Injury,NOT DISTRACTED,MD,Passenger Car,35,2010.0,Dodge,AVENGER,15,Saturday,4
MCP27230032,170549520,Montgomery County Police,Property Damage Crash,2017-12-19 14:35:00,Maryland (State),OLNEY SANDY SPRING RD,BENTLEY RD,SAME DIR REAR END,CLEAR,DRY,DAYLIGHT,NO CONTROLS,Unknown,Yes,No Apparent Injury,INATTENTIVE OR LOST IN THOUGHT,MD,Passenger Car,30,2010.0,Ford,4S,14,Tuesday,12
MCP2674003Q,230013586,Montgomery County Police,Property Damage Crash,2023-03-20 20:36:00,Maryland (State),RIDGE RD,SUNSET DR,HEAD ON LEFT TURN,CLEAR,DRY,DARK LIGHTS ON,NO CONTROLS,NONE DETECTED,Yes,No Apparent Injury,UNKNOWN,MD,Passenger Car,30,2003.0,Audi,SEDAN,20,Monday,3
MCP2159000D,180059486,Montgomery County Police,Injury Crash,2018-11-28 14:00:00,Maryland (State),NEW HAMPSHIRE AVE,MIDLAND RD,SAME DIR REAR END,CLEAR,DRY,DAYLIGHT,TRAFFIC SIGNAL,NONE DETECTED,Yes,No Apparent Injury,NOT DISTRACTED,MD,Van,45,2000.0,Ford,TK,14,Wednesday,11
MCP30100027,170545546,Montgomery County Police,Property Damage Crash,2017-11-29 09:38:00,Unknown,Unknown,Unknown,OTHER,CLEAR,Unknown,DAYLIGHT,NO CONTROLS,Unknown,Yes,No Apparent Injury,UNKNOWN,Unknown,Passenger Car,25,2009.0,Jeep,TK,9,Wednesday,11
MCP2886000K,15031195,Montgomery County Police,Injury Crash,2015-06-26 09:03:00,Maryland (State),GEORGIA AVE,ARCOLA AVE,HEAD ON LEFT TURN,CLEAR,DRY,DAYLIGHT,TRAFFIC SIGNAL,NONE DETECTED,No,No Apparent Injury,NOT DISTRACTED,MD,Passenger Car,35,2005.0,Chevy,CAVALIER,9,Friday,6
MCP32320033,220044036,Montgomery County Police,Property Damage Crash,2022-10-08 18:00:00,County,NOTLEY RD,BONIFANT RD,SINGLE VEHICLE,CLEAR,DRY,DAYLIGHT,NO CONTROLS,NONE DETECTED,Yes,No Apparent Injury,OTHER DISTRACTION,MD,Passenger Car,25,1999.0,Honda,ACCORD,18,Saturday,10
MCP2905005J,230029895,Montgomery County Police,Property Damage Crash,2023-06-22 08:59:00,Maryland (State),CONNECTICUT AVE,MANOR RD,HEAD ON LEFT TURN,RAINING,WET,DAYLIGHT,TRAFFIC SIGNAL,Unknown,No,No Apparent Injury,NOT DISTRACTED,DC,Passenger Car,35,2012.0,Ford,F250,8,Thursday,6
MCP22280016,220025403,Montgomery County Police,Injury Crash,2022-06-13 14:50:00,County,SHADY GROVE RD,MUNCASTER MILL RD,SAME DIR REAR END,CLEAR,DRY,DAYLIGHT,TRAFFIC SIGNAL,NONE DETECTED,No,Suspected Minor Injury,NOT DISTRACTED,MD,Passenger Car,40,2017.0,Lexus,GX460,14,Monday,6
MCP1220002H,15042444,MONTGOMERY,Injury Crash,2015-08-24 14:59:00,US (State),COLUMBIA PIKE,STEWART LA,SAME DIR REAR END,CLOUDY,DRY,DAYLIGHT,NO CONTROLS,NONE DETECTED,No,No Apparent Injury,NOT DISTRACTED,MD,(Sport) Utility Vehicle,45,2001.0,Toyota,4RUNNER,14,Monday,8
MCP29890027,230012421,Montgomery County Police,Property Damage Crash,2023-01-23 13:00:00,County,TECH RD,COLUMBIA PIKE,SAME DIRECTION SIDESWIPE,Unknown,DRY,DAYLIGHT,TRAFFIC SIGNAL,Unknown,No,No Apparent Injury,NOT DISTRACTED,MD,Passenger Car,35,2021.0,Acura,TLX,13,Monday,1
MCP1564003G,190000542,Montgomery County Police,Injury Crash,2019-01-04 03:30:00,County,BROOKE RD,CELEBRITY LA,SINGLE VEHICLE,CLEAR,DRY,DARK LIGHTS ON,NO CONTROLS,NONE DETECTED,Yes,Suspected Minor Injury,UNKNOWN,MD,(Sport) Utility Vehicle,30,2000.0,Dodge,DURANGO,3,Friday,1
MCP30400078,250001572,MONTGOMERY,Injury Crash,2025-01-12 17:00:00,Private Route,Unknown,Unknown,Single Vehicle,Clear,Wet,Daylight,No Controls,"Not Suspect of Alcohol Use, Not Suspect of Drug Use",Yes,Possible Injury,Not Distracted,MD,Passenger Car,35,2021.0,Mazda,CX-5,17,Sunday,1
MCP31580031,210007916,Montgomery County Police,Property Damage Crash,2021-03-02 16:33:00,Maryland (State),WOODFIELD RD,LINDBERGH DR,SAME DIR REAR END,CLEAR,DRY,DAYLIGHT,TRAFFIC SIGNAL,NONE DETECTED,No,No Apparent Injury,NOT DISTRACTED,MD,Passenger Car,35,1999.0,Toyt,VN,16,Tuesday,3
MCP30390073,240032188,MONTGOMERY,Injury Crash,2024-07-08 17:25:00,County Route,DALE DR,Unknown,Angle,Clear,Dry,Daylight,Traffic Control Signal,"Not Suspect of Alcohol Use, Not Suspect of Drug Use",No,No Apparent Injury,Not Distracted,MD,Passenger Car,35,2010.0,Hyundai,ELANTRA GT,17,Monday,7
MCP26220025,190039420,Montgomery County Police,Injury Crash,2019-08-18 09:41:00,US (State),COLUMBIA PIKE,BLACKBURN RD,SAME DIR REAR END,CLEAR,DRY,DAYLIGHT,TRAFFIC SIGNAL,NONE DETECTED,Yes,No Apparent Injury,LOOKED BUT DID NOT SEE,AK,Pickup Truck,55,2016.0,Toyota,TACOMA,9,Sunday,8
MCP29820045,210030599,Montgomery County Police,Property Damage Crash,2021-08-06 19:17:00,Unknown,Unknown,Unknown,OTHER,CLEAR,Unknown,DAYLIGHT,NO CONTROLS,NONE DETECTED,No,No Apparent Injury,NOT DISTRACTED,MD,Police Vehicle/Non Emergency,0,2015.0,Kia,OPTIMA,19,Friday,8
MCP27390040,210024863,Montgomery County Police,Property Damage Crash,2021-06-28 23:54:00,Maryland (State),NEW HAMPSHIRE AVE,OAKVIEW DR,STRAIGHT MOVEMENT ANGLE,CLEAR,DRY,DARK LIGHTS ON,TRAFFIC SIGNAL,NONE DETECTED,No,No Apparent Injury,NOT DISTRACTED,DC,Passenger Car,40,2012.0,Mercedes,LL,23,Monday,6
MCP2269001R,220001541,Montgomery County Police,Property Damage Crash,2022-01-13 11:50:00,Unknown,Unknown,Unknown,OTHER,CLOUDY,Unknown,DAYLIGHT,Unknown,NONE DETECTED,No,No Apparent Injury,NOT DISTRACTED,DC,Other,0,2014.0,Mack,DT,11,Thursday,1
MCP29770034,170549114,Montgomery County Police,Property Damage Crash,2017-12-17 13:45:00,Maryland (State),UNIVERSITY BLVD E,PINEY BRANCH RD,SAME DIR REAR END,CLOUDY,DRY,DAYLIGHT,TRAFFIC SIGNAL,Unknown,No,No Apparent Injury,NOT DISTRACTED,MD,Passenger Car,35,2006.0,Niss,ALTIM,13,Sunday,12
MCP9429001C,250020338,MONTGOMERY,Property Damage Crash,2025-05-08 17:38:00,Unknown,Unknown,Unknown,Single Vehicle,Cloudy,Unknown,Daylight,Unknown,"Not Suspect of Alcohol Use, Not Suspect of Drug Use",Yes,No Apparent Injury,Not Distracted,MD,Bus - School,0,2022.0,Freightliner,B2 BUS CHASSIS,17,Thursday,5
MCP2358007F,200024037,Montgomery County Police,Injury Crash,2020-06-19 16:26:00,Maryland (State),GOLDSBORO RD,REDWING RD,STRAIGHT MOVEMENT ANGLE,RAINING,WET,DAYLIGHT,NO CONTROLS,NONE DETECTED,No,Possible Injury,NOT DISTRACTED,MD,Passenger Car,35,2003.0,Ford,MUSTANG,16,Friday,6
MCP2046007M,170545109,Montgomery County Police,Property Damage Crash,2017-11-27 09:03:00,Maryland (State),NEW HAMPSHIRE AVE,MILESTONE DR,STRAIGHT MOVEMENT ANGLE,CLEAR,DRY,DAYLIGHT,NO CONTROLS,NONE DETECTED,No,No Apparent Injury,NOT DISTRACTED,MD,Passenger Car,40,2015.0,Toyota,CAMRY,9,Monday,11
MCP31180039,210027464,Montgomery County Police,Injury Crash,2021-07-16 09:07:00,Maryland (State),LAYHILL RD,GLENALLAN AVE,OPPOSITE DIRECTION SIDESWIPE,CLEAR,DRY,DAYLIGHT,TRAFFIC SIGNAL,NONE DETECTED,Yes,No Apparent Injury,UNKNOWN,MD,Passenger Car,40,2015.0,Honda,CRV,9,Friday,7
MCP2932003Y,200023968,Montgomery County Police,Property Damage Crash,2020-06-19 02:40:00,Maryland (State),GEORGIA AVE,GRACE CHURCH RD,OTHER,CLEAR,OTHER,DARK LIGHTS ON,Unknown,ALCOHOL PRESENT,Yes,No Apparent Injury,UNKNOWN,MD,Passenger Car,35,2018.0,Nissan,ALTIMA,2,Friday,6
MCP2008002Z,16059283,Montgomery County Police,Property Damage Crash,2016-11-17 18:03:00,Maryland (State),RIVER RD,BEECH TREE RD,SAME DIR REAR END,CLEAR,DRY,DARK LIGHTS ON,Unknown,NONE DETECTED,Yes,No Apparent Injury,NOT DISTRACTED,MD,Passenger Car,45,2015.0,Hond,4S,18,Thursday,11
MCP2837006R,250004011,MONTGOMERY,Property Damage Crash,2025-01-28 11:30:00,Maryland (State) Route,CONNECTICUT AVE,Unknown,"Sideswipe, Same Direction",Clear,Dry,Daylight,No Controls,"Unknown, Unknown",No,No Apparent Injury,Unknown,MD,Sport Utility Vehicle,40,2017.0,Lexus,GX,11,Tuesday,1
MCP3040005B,220019938,Montgomery County Police,Injury Crash,2022-05-10 21:00:00,Maryland (State),GEORGIA AVE,BORDLY DR,HEAD ON,CLEAR,DRY,DARK NO LIGHTS,NO CONTROLS,Unknown,No,Possible Injury,NOT DISTRACTED,MD,Passenger Car,40,2016.0,Hyundai,4S,21,Tuesday,5
EJ79020015,240025111,GAITHERSBURG,Property Damage Crash,2024-05-27 20:40:00,Municipality Route,CEDAR AVE,Unknown,"Sideswipe, Same Direction",Clear,Wet,Dark - Lighted,No Controls,"Not Suspect of Alcohol Use, Not Suspect of Drug Use",No,No Apparent Injury,Not Distracted,MD,Passenger Car,25,2022.0,Toyota,CAMRY,20,Monday,5
MCP2954000Y,15037637,MONTGOMERY,Injury Crash,2015-07-30 08:02:00,Maryland (State),UNIVERSITY BLVD E,E FRANKLIN AVE,HEAD ON LEFT TURN,CLEAR,DRY,DAYLIGHT,TRAFFIC SIGNAL,NONE DETECTED,Yes,No Apparent Injury,LOOKED BUT DID NOT SEE,MD,Passenger Car,40,2009.0,Chev,SU,8,Thursday,7
MCP3392000V,240018467,MONTGOMERY,Injury Crash,2024-04-20 13:07:00,Maryland (State) Route,NORBECK RD,Unknown,Front to Rear,Clear,Dry,Daylight,Traffic Control Signal,"Not Suspect of Alcohol Use, Not Suspect of Drug Use",No,Suspected Minor Injury,Not Distracted,MD,Passenger Car,40,2009.0,Kia,RIO,13,Saturday,4
MCP3389001B,250040792,MONTGOMERY,Property Damage Crash,2025-09-11 08:48:00,Unknown,Unknown,Unknown,"Sideswipe, Same Direction",Clear,Unknown,Daylight,Unknown,"Not Suspect of Alcohol Use, Not Suspect of Drug Use",Yes,No Apparent Injury,Not Distracted,MD,Bus - Transit,0,2020.0,Motor Coach Industri,J4500,8,Thursday,9
MCP91060039,230029191,Montgomery County Police,Property Damage Crash,2023-06-17 18:40:00,Maryland (State),CLOPPER RD,GERMANTOWN RD,STRAIGHT MOVEMENT ANGLE,Unknown,DRY,DAYLIGHT,TRAFFIC SIGNAL,NONE DETECTED,No,No Apparent Injury,NOT DISTRACTED,MD,(Sport) Utility Vehicle,40,2022.0,Bmw,X3,18,Saturday,6
MCP3407001L,250042273,MONTGOMERY,Injury Crash,2025-09-19 18:18:00,Maryland (State) Route,FREDERICK RD (SB/L),GUNNERS BRANCH RD,Angle,Clear,Dry,Daylight,Traffic Control Signal,"Not Suspect of Alcohol Use, Not Suspect of Drug Use",No,No Apparent Injury,Not Distracted,MD,Passenger Car,35,2012.0,Mazda,MAZDA2,18,Friday,9
MCP3086008X,230024704,Montgomery County Police,Property Damage Crash,2023-05-23 11:40:00,Unknown,Unknown,Unknown,SAME DIRECTION SIDESWIPE,CLOUDY,Unknown,DAYLIGHT,NO CONTROLS,UNKNOWN,Yes,No Apparent Injury,UNKNOWN,Unknown,Unknown,15,1900.0,Unknown,UNKNOWN,11,Tuesday,5
MCP3311000C,220005905,Montgomery County Police,Property Damage Crash,2022-02-10 18:45:00,Maryland (State),RIVER RD,BEECH TREE RD,SAME DIR REAR END,CLEAR,DRY,DARK NO LIGHTS,TRAFFIC SIGNAL,NONE DETECTED,No,No Apparent Injury,NOT DISTRACTED,MD,Passenger Car,35,2014.0,Toyota,CAMRY,18,Thursday,2
MCP2102004X,250040967,MONTGOMERY,Property Damage Crash,2025-09-12 10:15:00,County Route,SENECA MEADOWS PKWY (SB/L),Unknown,Angle,Clear,Dry,Daylight,Stop Sign,"Not Suspect of Alcohol Use, Not Suspect of Drug Use",Yes,No Apparent Injury,Not Distracted,MD,Passenger Car,30,2025.0,Kia,K4,10,Friday,9
MCP1433004F,220044149,Montgomery County Police,Injury Crash,2022-10-09 16:25:00,Maryland (State),ROCKVILLE PIKE,W EDMONSTON DR,STRAIGHT MOVEMENT ANGLE,CLEAR,DRY,DAYLIGHT,NO CONTROLS,NONE DETECTED,Yes,No Apparent Injury,LOOKED BUT DID NOT SEE,MD,Passenger Car,35,2019.0,Kia,OPTIMA,16,Sunday,10
DD5606005L,200009659,Rockville Police Departme,Property Damage Crash,2020-02-26 10:00:00,Unknown,Unknown,Unknown,UNKNOWN,RAINING,Unknown,DARK NO LIGHTS,NO CONTROLS,UNKNOWN,Yes,No Apparent Injury,UNKNOWN,MD,Passenger Car,15,2009.0,Satn,4S,10,Wednesday,2
MCP2864003D,200010147,Montgomery County Police,Property Damage Crash,2020-02-29 17:50:00,County,TRAVILAH RD,PINEY MEETINGHOUSE RD,SAME DIR REAR END,CLEAR,DRY,DAYLIGHT,NO CONTROLS,NONE DETECTED,Yes,No Apparent Injury,INATTENTIVE OR LOST IN THOUGHT,WV,Passenger Car,30,2006.0,Honda,CIVIC,17,Saturday,2
MCP22740009,15013183,Montgomery County Police,Property Damage Crash,2015-03-22 10:40:00,Unknown,Unknown,Unknown,OTHER,Unknown,Unknown,DAYLIGHT,NO CONTROLS,UNKNOWN,Yes,No Apparent Injury,UNKNOWN,MD,Passenger Car,15,2000.0,Ford,F150,10,Sunday,3
MCP3362004J,240049025,MONTGOMERY,Property Damage Crash,2024-10-13 21:15:00,Maryland (State) Route,NEW HAMPSHIRE AVE,Unknown,"Sideswipe, Same Direction",Clear,Dry,Dark - Not Lighted,No Controls,"Not Suspect of Alcohol Use, Not Suspect of Drug Use",No,No Apparent Injury,Not Distracted,MD,Passenger Car,35,2013.0,Chevrolet,CAMARO,21,Sunday,10
MCP3296001B,220035696,Montgomery County Police,Property Damage Crash,2022-08-18 18:17:00,County,VENICE DR,NEW HAMPSHIRE AVE,SAME DIR REAR END,CLEAR,DRY,DAYLIGHT,TRAFFIC SIGNAL,NONE DETECTED,No,No Apparent Injury,NOT DISTRACTED,MD,Passenger Car,30,2020.0,Mercedes,GLB 250,18,Thursday,8
MCP26100020,190057569,Montgomery County Police,Injury Crash,2019-11-29 15:51:00,Maryland (State),KEY WEST AVE,BROSCHART RD,STRAIGHT MOVEMENT ANGLE,CLEAR,DRY,DAYLIGHT,TRAFFIC SIGNAL,NONE DETECTED,No,No Apparent Injury,NOT DISTRACTED,MD,Passenger Car,30,2018.0,Niss,4S,15,Friday,11
MCP3030005W,240006582,MONTGOMERY,Property Damage Crash,2024-02-09 17:09:00,Spur,Unknown,SANGAMORE RD,"Sideswipe, Same Direction",Clear,Dry,Dark - Not Lighted,No Controls,"Not Suspect of Alcohol Use, Not Suspect of Drug Use",Yes,No Apparent Injury,Unknown,CT,Sport Utility Vehicle,35,2021.0,Volkswagen,ATLAS,17,Friday,2